"Year","Month","State","Primary Mode","Etiology","Serotype or Genotype","Etiology Status","Setting","Illnesses","Hospitalizations","Info On Hospitalizations","Deaths","Info On Deaths","Food Vehicle","Food Contaminated Ingredient","IFSAC Category","Water Exposure","Water Type","Animal Type"
"1972","6","Washington","Water","Salmonella enterica","Typhi","Confirmed","Private home/residence","5",,,"0",,,,,"Drinking water","Individual/Private",
"1972","9","Washington","Water","Salmonella enterica","Newport","Confirmed","Outdoor Area","3",,,"0",,,,,"Other/Environmental water",,
"1973","2","Florida","Water","Salmonella enterica","Typhi","Confirmed","Camp/cabin","210",,,"0",,,,,"Drinking water","Other",
"1973","4","Maryland","Water","Salmonella enterica","Typhi","Confirmed","Farm/dairy/agricultural setting","2",,,"0",,,,,"Drinking water","Individual/Private",
"1974","6","Washington","Water","Salmonella enterica","Typhi","Confirmed","Private home/residence","5",,,"0",,,,,"Drinking water","Individual/Private",
"1976","7","Arkansas","Water","Salmonella enterica","Javiana","Confirmed","Mobile home/trailer park","7",,,"0",,,,,"Drinking water","Other",
"1978","7","Hawaii","Water","Salmonella enterica","Weltevreden","Confirmed","Camp/cabin","11",,,"0",,,,,"Drinking water","Other",
"1983","1","Oklahoma","Water","Salmonella enterica","Typhimurium","Confirmed","Community/municipality","400",,,"0",,,,,"Drinking water","Community",
"1983","7","Washington","Water","Salmonella enterica","Enteritidis","Confirmed","Restaurant","750","18",,"0",,,,,"Drinking water","Community",
"1985","6","Virgin Islands","Water","Salmonella enterica","Typhi","Confirmed","Community/municipality","60","48",,"0",,,,,"Drinking water","Community",
"1993","11","Missouri","Water","Salmonella enterica","Typhimurium","Confirmed","Community/municipality","650","15",,"7",,,,,"Drinking water","Community",
"1995","3","Idaho","Water","Salmonella enterica","Javiana","Confirmed","Outdoor Area","3","1",,"0",,,,,"Recreational water -- treated","Pool - Other Swimming Pool",
"1998","1","California","Food","Salmonella enterica","Enteritidis","Confirmed","Private home/residence","26","3","40","0","40","lasagna, unspecified;eggs, other",,"Multiple",,,
"1998","1","Washington","Food","Salmonella enterica","Enteritidis","Confirmed","Private home/residence","4","0",,"0",,"eggnog, homemade",,"Multiple",,,
"1998","1","Oregon","Food","Salmonella enterica","Typhimurium","Confirmed",,"8","0","8","0","8","homemade cheese, unspecified",,"Dairy",,,
"1998","1","New York","Food","Salmonella enterica","Group D1","Confirmed","Restaurant: Other","3","1","2","0","2",,,,,,
"1998","1","New York","Food","Salmonella enterica","Group B","Confirmed","Other","2",,,,,"sausage, dried",,"N/A",,,
"1998","1","Maryland","Food","Salmonella enterica","Enteritidis","Confirmed","Restaurant: Other","4","0","2","0","2","burrito, chicken",,"Multiple",,,
"1998","1","Maryland","Food","Salmonella enterica","Enteritidis","Confirmed","Restaurant: Other","8","0","14","0","14","eggs, other;cake, tiramisu",,"Multiple",,,
"1998","1","Maryland","Food","Salmonella enterica","Typhimurium","Confirmed","Private home/residence","5","1","5","0","5","chicken salad",,"Multiple",,,
"1998","1","Pennsylvania","Food","Salmonella enterica","Enteritidis","Confirmed","Restaurant: Other;Caterer","4","2","5","0","5","meatballs;pasta, unspecified",,"Multiple",,,
"1998","1","California","Food","Salmonella enterica","Enteritidis","Confirmed","Restaurant: Other","4","3","6","0","6","stuffing, unspecified;sandwich, turkey",,"Multiple",,,
"1998","2","Connecticut","Food","Salmonella enterica","Enteritidis","Confirmed","Restaurant: Other","10",,,,,"shell eggs, scrambled hard;french toast, unspecified","egg","Eggs",,,
"1998","2","California","Food","Salmonella enterica","Enteritidis","Confirmed","Restaurant: Other","10","1","35","0","35","enchilada, chicken",,"Multiple",,,
"1998","2","Pennsylvania","Food","Salmonella enterica","Litchfield","Confirmed","Restaurant: Other","6","2","5","0","5",,,,,,
"1998","3","California","Food","Salmonella enterica","Enteritidis","Confirmed","Restaurant: Other","26",,,,,,,,,,
"1998","3","Ohio","Food","Salmonella enterica","Typhimurium","Confirmed","Other","7",,,,,,,,,,
"1998","3","Illinois","Food","Salmonella enterica","Enteritidis","Confirmed","Restaurant: Other","2","0","2","0","2","hollandaise sauce",,"Multiple",,,
"1998","3","Massachusetts","Food","Salmonella enterica","Typhimurium","Confirmed","Restaurant: Other","6",,"10",,"10",,,,,,
"1998","3","Virginia","Food","Salmonella enterica","Enteritidis","Confirmed","Restaurant: Other","23","5","23","0","23","pie, unspecified;eggs, other",,"Multiple",,,
"1998","3","California","Food","Salmonella enterica","Enteritidis","Confirmed","Restaurant: Other","4","0","6","0","6","rice, unspecified;chile relleno, unspecified;beans, unspecified",,"Multiple",,,
"1998","3","California","Food","Salmonella enterica","Enteritidis","Confirmed","Private home/residence","6","1","10","0","10","ice cream, unspecified;eggs, other",,"Multiple",,,
"1998","3","Florida","Food","Salmonella enterica",,"Suspected","Restaurant: Other","2","0","2","0","2","steak, other",,"Beef",,,
"1998","3","Florida","Food","Salmonella enterica","Enteritidis","Confirmed","School/college/university","2","1","2","0","2","hot dog, unspecified",,"N/A",,,
"1998","3","Florida","Food","Salmonella enterica",,"Suspected","Restaurant: Other","3","0","3","0","3","enchilada, chicken",,"Multiple",,,
"1998","3","Florida","Food","Salmonella enterica","Enteritidis","Suspected","Restaurant: Other","4","0","4","0","4","chicken, unspecified",,"Chicken",,,
"1998","3","Utah","Food","Salmonella enterica","Enteritidis","Suspected","Private home/residence","7","1","7","0","7",,,,,,
"1998","3","North Carolina","Food","Salmonella enterica",,"Confirmed","Other","9",,,,,,,,,,
"1998","3","Florida","Food","Salmonella enterica",,"Suspected","Restaurant: Other","2","0","2","0","2","chicken, BBQ",,"Multiple",,,
"1998","3","Pennsylvania","Food","Salmonella enterica","Heidelberg","Confirmed","Caterer","25","1","52","0","52","turkey and stuffing",,"Multiple",,,
"1998","3","Ohio","Food","Salmonella enterica","Montevideo","Confirmed","Restaurant: Other","4","1","8","0","8","hollandaise sauce",,"Multiple",,,
"1998","4","Multistate","Food","Salmonella enterica","Agona","Confirmed","Other","209","47","209",,,"cereal, oat","dry cereal","Multiple",,,
"1998","4","Florida","Food","Salmonella enterica",,"Suspected","Other","2",,,,,"chicken, BBQ",,"Multiple",,,
"1998","4","Florida","Food","Salmonella enterica","Enteritidis","Confirmed",,"2","0","2","0","2","multiple foods",,,,,
"1998","4","Florida","Food","Salmonella enterica","Enteritidis","Suspected","Restaurant: Other","4","0","4","0","4","chicken, buffalo wings",,"Multiple",,,
"1998","4","Florida","Food","Salmonella enterica",,"Suspected","Restaurant: Other","3","1","3","0","3","chicken, other",,"Chicken",,,
"1998","4","Illinois","Food","Salmonella enterica","Heidelberg","Confirmed","School/college/university","46","1","101","0","101",,,,,,
"1998","4","Virginia","Food","Salmonella enterica","Heidelberg","Confirmed","Caterer","9",,"50","0","50","pie, unspecified",,"Multiple",,,
"1998","4","California","Food","Salmonella enterica","Coeln","Confirmed","Private home/residence","7",,"5","0","5",,,,,,
"1998","4","Utah","Food","Salmonella enterica","Enteritidis","Confirmed","Restaurant: Other","22","2","21","0","21","soup, egg drop;fried rice, unspecified;egg rolls",,"Multiple",,,
"1998","5","Pennsylvania","Food","Salmonella enterica","Typhimurium","Confirmed",,"3","0","3","0","3",,,,,,
"1998","5","Utah","Food","Salmonella enterica","Enteritidis","Confirmed","Restaurant: Other","4","0",,"0",,"eggs, other;caesar salad",,"Multiple",,,
"1998","5","Washington","Food","Salmonella enterica","Oranienburg","Confirmed","Private home/residence","9","3","9","0","9","mango, unspecified",,"Fruits",,,
"1998","5","Illinois","Food","Salmonella enterica","Infantis","Confirmed","Other","25","5","26","0","26",,,,,,
"1998","5","Indiana","Food","Salmonella enterica","Braenderup","Confirmed","Restaurant: Other","10","7","12","0","12",,,,,,
"1998","5","Utah","Food","Salmonella enterica","Typhimurium","Suspected","Other;Restaurant: Other","4","0","4","0","4",,,,,,
"1998","5","California","Food","Salmonella enterica","Brandenburg","Confirmed",,"6","3","6","0","6",,,,,,
"1998","5","Florida","Food","Salmonella enterica",,"Suspected","Restaurant: Other","3","0","3","0","3","salad, unspecified",,"Multiple",,,
"1998","5","Maryland","Food","Salmonella enterica","Thompson","Confirmed","Restaurant: Other","16",,,,,,,,,,
"1998","5","Tennessee","Food","Salmonella enterica","Baildon","Confirmed","Restaurant: Other","264","12","112","0","264","salad, unspecified",,"Multiple",,,
"1998","6","Massachusetts","Food","Salmonella enterica","Enteritidis","Confirmed",,"5",,"5",,"5",,,,,,
"1998","6","Ohio","Food","Salmonella enterica","Javiana","Confirmed","Restaurant: Other","15","0","23","0","23",,,,,,
"1998","6","California","Food","Salmonella enterica","Newport","Confirmed","Restaurant: Other","16","1","16","0","16",,,,,,
"1998","6","Minnesota","Food","Salmonella enterica","Heidelberg","Confirmed","Restaurant: Other","9","0","67","0","67",,,,,,
"1998","6","Massachusetts","Food","Salmonella enterica","Hartford","Confirmed","Restaurant: Other","15",,"15",,"15",,,,,,
"1998","6","Ohio","Food","Salmonella enterica","Oranienburg","Confirmed","Other","22","3",,"1",,,,,,,
"1998","6","Ohio","Food","Salmonella enterica","Enteritidis","Confirmed","Restaurant: Other","49","2","174","0","174","sandwich, chicken",,"Multiple",,,
"1998","6","Pennsylvania","Food","Salmonella enterica","Enteritidis","Confirmed","Private home/residence","6","1","3","0","3","ice cream, unspecified;eggs, other",,"Multiple",,,
"1998","6","New Jersey","Food","Salmonella enterica","Enteritidis","Confirmed","Long-term care/nursing home/assisted living facility","19",,,"2","19",,,,,,
"1998","6","Florida","Food","Salmonella enterica",,"Suspected","Grocery store/bakery/deli/convenience store","2","1","2","0","2","potato, mashed",,"Multiple",,,
"1998","6","New York","Food","Salmonella enterica","Typhimurium","Confirmed","Private home/residence","4","3","4","0","4","chicken, unspecified","chicken","Chicken",,,
"1998","6","Florida","Food","Salmonella enterica","Group B","Suspected","Restaurant: Other","3","1","3","0","3","taco, beef",,"Multiple",,,
"1998","6","Maryland","Food","Salmonella enterica","Cubana","Confirmed","Private home/residence","14",,,,,"sausage, unspecified;crab, unspecified;cookies, unspecified",,"Multiple",,,
"1998","6","New York","Food","Salmonella enterica","Typhimurium","Confirmed","Restaurant: Other","134","10","134","0","134","multiple foods",,,,,
"1998","6","New York","Food","Salmonella enterica","Typhimurium","Confirmed","Other","5",,,,,"guinea pig",,"Game",,,
"1998","6","Texas","Food","Salmonella enterica","Typhimurium","Confirmed",,"20",,,,,,,,,,
"1998","7","New York","Food","Salmonella enterica","Group B","Confirmed","Restaurant: Other","86","31","86","0","86",,,,,,
"1998","7","Mississippi","Food","Salmonella enterica","Heidelberg","Confirmed","Other","7",,,,,"ice cream, unspecified",,"Multiple",,,
"1998","7","Colorado","Food","Salmonella enterica","Enteritidis","Confirmed","Restaurant: Other","5","0",,"0",,,,,,,
"1998","7","California","Food","Salmonella enterica","Enteritidis","Confirmed","Private home/residence","4","2",,"0",,"chicken",,"Chicken",,,
"1998","7","Ohio","Food","Salmonella enterica","Enteritidis","Confirmed","Private home/residence","4","0","2","0","2","eggs, unspecified",,"Eggs",,,
"1998","7","California","Food","Salmonella enterica","Enteritidis","Confirmed","Restaurant: Other","6","2","8","0","8","ground beef, hamburger",,"Beef",,,
"1998","7","California","Food","Salmonella enterica","Enteritidis","Confirmed","Other","32","3","45","0","45","carnitas, unspecified",,"Multiple",,,
"1998","7","Illinois","Food","Salmonella enterica","Enteritidis","Confirmed","Restaurant: Other","8","4","19","0","19","potato, baked;cheese sauce",,"Multiple",,,
"1998","7","Washington","Food","Salmonella enterica","Montevideo","Confirmed",,"30",,"347",,"347",,,,,,
"1998","7","Arizona","Food","Salmonella enterica","Enteritidis","Confirmed","Restaurant: Other;Other","58","11","58","0","58","Chile Rellenos","egg","Eggs",,,
"1998","7","California","Food","Salmonella enterica","Enteritidis","Confirmed","Private home/residence","4",,,,,"mixed vegetables, unspecified;chicken, unspecified",,"Multiple",,,
"1998","7","Colorado","Food","Salmonella enterica","Montevideo","Confirmed","Restaurant: Other","12",,"9","0","9","other food",,,,,
"1998","7","Colorado","Food","Salmonella enterica","Javiana","Confirmed","Private home/residence;Restaurant: Other","17",,,,,"tomatilla;salsa, unspecified",,"Multiple",,,
"1998","7","Florida","Food","Salmonella enterica","Group E1","Confirmed","Restaurant: Other","2","1","2","0","2","chicken, unspecified",,"Chicken",,,
"1998","7","Florida","Food","Salmonella enterica","Group B","Confirmed","Other","8","0","8","0","8","lasagna, unspecified",,"Multiple",,,
"1998","7","Maryland","Food","Salmonella enterica","Enteritidis","Confirmed","Correctional/detention facility","6",,,,,,,,,,
"1998","7","Multistate","Food","Salmonella enterica","Poona","Confirmed","Other","3",,,,,,,,,,
"1998","8","Massachusetts","Food","Salmonella enterica","Newport","Confirmed","Restaurant: Other","6",,"6","0","6","burrito, chicken",,"Multiple",,,
"1998","8","Washington","Food","Salmonella enterica","Heidelberg","Confirmed","Restaurant: Other","3",,"3",,"3",,,,,,
"1998","8","Maryland","Food","Salmonella enterica","Enteritidis","Confirmed","Religious facility","10",,,,,"shell egg, other","egg","Eggs",,,
"1998","8","Illinois","Food","Salmonella enterica","Braenderup","Confirmed","Other","11","0","12","0","12",,,,,,
"1998","8","California","Food","Salmonella enterica","Enteritidis","Confirmed","Restaurant: Other","4","0","2","0","2",,,,,,
"1998","8","Minnesota","Food","Salmonella enterica","Typhimurium","Confirmed","Other","33","3","33","0","33","chicken, kiev",,"Multiple",,,
"1998","8","California","Food","Salmonella enterica","Typhimurium var Cope","Confirmed","Restaurant: Other","16","0","16","0","16",,,,,,
"1998","8","Virginia","Food","Salmonella enterica","Enteritidis","Confirmed","Correctional/detention facility","41","0","41","0","41","chicken, unspecified",,"Chicken",,,
"1998","8","Ohio","Food","Salmonella enterica","Schwarzengrund","Confirmed","Private home/residence","3",,"0","0","0",,,,,,
"1998","8","Maryland","Food","Salmonella enterica","Enteritidis","Confirmed","Caterer","16","2","16",,,"cream puff;canoli, unspecified",,"Multiple",,,
"1998","8","New Jersey","Food","Salmonella enterica","Enteritidis","Confirmed","Private home/residence","8","1","1","0","0",,,,,,
"1998","8","Connecticut","Food","Salmonella enterica","Enteritidis","Confirmed","Restaurant: Other","5","0","5","0","5","stuffed shells, unspecified",,"Multiple",,,
"1998","8","Florida","Food","Salmonella enterica",,"Suspected","Restaurant: Other","2","1","2","0","2","other cheese, unspecified",,"Dairy",,,
"1998","8","Florida","Food","Salmonella enterica",,"Confirmed","Restaurant: Other","2",,,,,,,,,,
"1998","8","Georgia","Food","Salmonella enterica","Typhimurium","Confirmed","Restaurant: Other","33",,,,,"pork, BBQ",,"Multiple",,,
"1998","8","Louisiana","Food","Salmonella enterica","Infantis","Confirmed","Private home/residence","63","9","63","0","63","rice dishes, unspecified",,"Multiple",,,
"1998","8","Maryland","Food","Salmonella enterica","Typhimurium","Confirmed","Restaurant: Other","4","0","2","0","2",,,,,,
"1998","8","Hawaii","Food","Salmonella enterica","Enteritidis","Confirmed",,"38","3","38","0","38","eggs, other","egg","Eggs",,,
"1998","8","California","Food","Salmonella enterica","Heidelberg","Confirmed","Other","200","4","170","0","170","cake, unspecified",,"Multiple",,,
"1998","8","Texas","Food","Salmonella enterica","Enteritidis","Confirmed","Private home/residence","11","11","16","0","16","ice cream, homemade",,"Multiple",,,
"1998","8","Massachusetts","Food","Salmonella enterica","Enteritidis","Confirmed","Restaurant: Other","5",,"5",,"5",,,,,,
"1998","9","Illinois","Food","Salmonella enterica","Newport","Confirmed","Restaurant: Other","8","0","8","0","8",,,,,,
"1998","9","Florida","Food","Salmonella enterica",,"Confirmed","Long-term care/nursing home/assisted living facility","13",,,,,,,,,,
"1998","9","Maryland","Food","Salmonella enterica","Enteritidis","Confirmed","Private home/residence;Caterer","50",,"57","0","57","cake, unspecified",,"Multiple",,,
"1998","9","California","Food","Salmonella enterica","Enteritidis","Confirmed","Restaurant: Other","23","1","23","0","23","Crab, cooked",,"Crustaceans",,,
"1998","9","Ohio","Food","Salmonella enterica","Heidelberg","Confirmed","Private home/residence","6","6",,"0",,,,,,,
"1998","9","Wyoming","Food","Salmonella enterica","Enteritidis","Confirmed","Unknown","6","0",,"0",,,,,,,
"1998","9","Florida","Food","Salmonella enterica",,"Suspected","Private home/residence","4","0","4","0","4","hot dog, unspecified",,"N/A",,,
"1998","9","California","Food","Salmonella enterica","Enteritidis","Confirmed","Restaurant: Other","5","1","2","0","2",,,,,,
"1998","9","California","Food","Salmonella enterica","Enteritidis","Confirmed","Long-term care/nursing home/assisted living facility","17","4","17","0","17",,,,,,
"1998","9","Georgia","Food","Salmonella enterica","Schwarzengrund","Confirmed",,"30",,"30","0","30",,,,,,
"1998","9","Georgia","Food","Salmonella enterica","Heidelberg","Confirmed","School/college/university","20","2","7",,,,,,,,
"1998","9","New York","Food","Salmonella enterica",,"Suspected","Other","26",,,,,,,,,,
"1998","9","New York","Food","Salmonella enterica","Group D2","Confirmed","Private home/residence","5","1","5",,,"ground beef, meatballs",,"Beef",,,
"1998","9","Vermont","Food","Salmonella enterica","Enteritidis","Confirmed","Caterer","4","0","4","0","4",,,,,,
"1998","9","Nevada","Food","Salmonella enterica","Enteritidis","Confirmed","Caterer","71","4","53",,"53","pasta, unspecified",,"Multiple",,,
"1998","9","Wisconsin","Food","Salmonella enterica","Enteritidis","Confirmed","Restaurant: Other","3","0","3","0","3","eggs, unspecified",,"Eggs",,,
"1998","9","Ohio","Food","Salmonella enterica","Typhimurium","Confirmed",,"6","6","6","0","0",,,,,,
"1998","9","Pennsylvania","Food","Salmonella enterica","Enteritidis","Confirmed","Restaurant: Other","2","1","2","0","2","tuna salad;lettuce, unspecified;chicken salad;carrots, unspecified",,"Multiple",,,
"1998","10","Illinois","Food","Salmonella enterica",,"Confirmed","Caterer","43","2","98","0","98","chicken, tandori",,"Multiple",,,
"1998","10","Minnesota","Food","Salmonella enterica","Typhimurium","Confirmed","Caterer","17","2","44","0","44","pork, roasted",,"Pork",,,
"1998","10","Ohio","Food","Salmonella enterica","Enteritidis","Confirmed","Restaurant: Other","3",,"3","0","3",,,,,,
"1998","10","California","Food","Salmonella enterica","Enteritidis","Confirmed","Restaurant: Other","15","1","42","0","42","turkey salad",,"Multiple",,,
"1998","10","Massachusetts","Food","Salmonella enterica","Typhimurium","Confirmed","Other","47","2","172","0","172","Raw Milk",,"Dairy",,,
"1998","10","California","Food","Salmonella enterica","Group C1","Suspected","Restaurant: Other","9","0","115","0","115",,,,,,
"1998","10","California","Food","Salmonella enterica","Enteritidis","Confirmed","Long-term care/nursing home/assisted living facility","4","4","86","1","86","eggs, unspecified",,"Eggs",,,
"1998","10","Washington","Food","Salmonella enterica","Group B","Confirmed","Restaurant: Other","15",,"11",,"11",,,,,,
"1998","10","California","Food","Salmonella enterica","Enteritidis","Confirmed","Private home/residence","19","2","80","0","80","chile relleno, unspecified",,"Multiple",,,
"1998","10","Florida","Food","Salmonella enterica",,"Suspected","Restaurant: Other","2","2","2","0","2","eggs, unspecified",,"Eggs",,,
"1998","10","Oregon","Food","Salmonella enterica","Stanley","Confirmed","School/college/university","6",,,,,,,,,,
"1998","11","California","Food","Salmonella enterica","Enteritidis","Confirmed","Private home/residence","10","0",,"0",,"stuffing, unspecified",,"Multiple",,,
"1998","11","California","Food","Salmonella enterica","Enteritidis","Confirmed","Private home/residence","10",,,,,,,,,,
"1998","11","West Virginia","Food","Salmonella enterica","Enteritidis","Confirmed","Private home/residence","11","0","17","0","17",,,,,,
"1998","11","Pennsylvania","Food","Salmonella enterica","Enteritidis","Confirmed","Restaurant: Other","12","3","14","0","14","stuffing, unspecified",,"Multiple",,,
"1998","11","Wisconsin","Food","Salmonella enterica","Enteritidis","Confirmed","Private home/residence","18","3","19","0","19","turkey, unspecified",,"Turkey",,,
"1998","11","Ohio","Food","Salmonella enterica","Typhimurium","Confirmed","Private home/residence","12",,,"0",,,,,,,
"1998","11","New Jersey","Food","Salmonella enterica","Enteritidis","Confirmed",,"24","10","28","0","28","noodle casserole",,"Multiple",,,
"1998","11","Washington","Food","Salmonella enterica","Typhimurium","Confirmed","Other","50","1","29","0","29","smoked fish",,"Fish",,,
"1998","11","Massachusetts","Food","Salmonella enterica","Enteritidis","Confirmed","Restaurant: Other","6","0","7","0","7","pork fried rice",,"Multiple",,,
"1998","11","California","Food","Salmonella enterica","Thompson","Confirmed","Restaurant: Other","17","0","36","0","36","potato salad",,"Multiple",,,
"1998","12","Pennsylvania","Food","Salmonella enterica","Enteritidis","Confirmed","Private home/residence","21","7","33","0","33","potato stuffings;eggs, unspecified",,"Multiple",,,
"1998","12","Multistate","Food","Salmonella enterica","Baildon","Confirmed","Other;Long-term care/nursing home/assisted living facility","86","16","78","3","78","tomato, unspecified",,"Seeded Vegetables",,,
"1998","12","Maine","Food","Salmonella enterica","Muenchen","Confirmed","Restaurant: Other","2","0","2","0","2","chicken pot pie",,"Multiple",,,
"1998","12","Pennsylvania","Food","Salmonella enterica","Enteritidis","Confirmed","Private home/residence","7","0","16","0","16","oysters, unspecified;eggs, other",,"Multiple",,,
"1998","12","Minnesota","Food","Salmonella enterica","Braenderup","Confirmed","Restaurant: Other","9","0","9","0","9",,,,,,
"1999","1","Florida","Food","Salmonella enterica",,"Suspected","Grocery store/bakery/deli/convenience store","3","0","3","0","3","chicken, unspecified",,"Chicken",,,
"1999","1","Multistate","Food","Salmonella enterica","Mbandaka","Confirmed","Other","83","9","43","0","43","alfalfa sprouts",,"Sprouts",,,
"1999","1","Colorado","Food","Salmonella enterica","Braenderup","Confirmed","Restaurant: Other","3",,,,,"eggs, over-easy",,"Eggs",,,
"1999","1","Colorado","Food","Salmonella enterica","Typhimurium","Confirmed","Other","112","3","20","0","20","clover sprouts",,"Sprouts",,,
"1999","1","California","Food","Salmonella enterica","Enteritidis","Confirmed","Restaurant: Other","3","0","3","0","3","eggs benedict","egg","Eggs",,,
"1999","1","California","Food","Salmonella enterica","Enteritidis","Confirmed","Restaurant: Other","31","6","31","0","31","rice, yellow;chile relleno, unspecified","egg","Eggs",,,
"1999","1","California","Food","Salmonella enterica","Enteritidis","Confirmed","Restaurant: Other","2","1","2","0","2","eggs, other;chile relleno, unspecified",,"Multiple",,,
"1999","2","Michigan","Food","Salmonella enterica",,"Suspected","Other","26","0","26","0","26",,,,,,
"1999","2","Pennsylvania","Food","Salmonella enterica","Hadar","Confirmed","Caterer","104","5","72","0","72","chicken, baked","chicken","Chicken",,,
"1999","2","Ohio","Food","Salmonella enterica","Adelaide","Confirmed","Restaurant: Other;Private home/residence;Other","11",,,,,"frosting/icing, unspecified",,"Multiple",,,
"1999","2","Maryland","Food","Salmonella enterica",,"Suspected","Restaurant: Other","3","0","0","0","3","chef salad",,"Multiple",,,
"1999","2","Florida","Food","Salmonella enterica","Anatum","Confirmed","Other","10","0","7","0","7","orange juice, unpasteurized",,"Fruits",,,
"1999","2","Florida","Food","Salmonella enterica","Typhi","Confirmed","Private home/residence;Other;Restaurant: Other","16","14","16","0","16","mamey shake",,"Multiple",,,
"1999","2","Florida","Food","Salmonella enterica",,"Suspected","Restaurant: Other","3",,,,,"chicken salad",,"Multiple",,,
"1999","3","Maryland","Food","Salmonella enterica","Hadar","Confirmed","Other","55",,,,,"chicken salad",,"Multiple",,,
"1999","3","California","Food","Salmonella enterica","Typhimurium var Cope","Confirmed","Restaurant: Other","4","0","4","0","4",,,,,,
"1999","3","California","Food","Salmonella enterica","Thompson","Confirmed",,"35","3","35","0","35","cilantro, unspecified",,"Herbs",,,
"1999","4","Wisconsin","Food","Salmonella enterica","Give","Confirmed","Other","19","0","73","0","73","chicken, unspecified",,"Chicken",,,
"1999","4","Hawaii","Food","Salmonella enterica","Enteritidis","Confirmed",,"21",,"21","0","21","beef/steak dishes","egg","Eggs",,,
"1999","4","Maryland","Food","Salmonella enterica","Enteritidis","Confirmed","Caterer;Restaurant: Other","65","3","65","0","65","ham, unspecified;chicken salad","pork;chicken","Multiple",,,
"1999","4","California","Food","Salmonella enterica","Newbrunswick","Confirmed","Restaurant: Other","5",,,,,"chicken, buffalo wings",,"Multiple",,,
"1999","4","Pennsylvania","Food","Salmonella enterica","Enteritidis","Confirmed","Restaurant: Other","18","1",,"0",,"eggs, scrambled",,"Eggs",,,
"1999","5","Colorado","Food","Salmonella enterica",,"Suspected","Restaurant: Other","2","0","2","0","2","enchilada, chicken","chicken","Chicken",,,
"1999","5","California","Food","Salmonella enterica","Braenderup","Confirmed","Private home/residence","7",,"7",,"7","chicken, unspecified",,"Chicken",,,
"1999","5","Alabama","Food","Salmonella enterica","Hartford","Confirmed","Restaurant: Other","4","0","4","0","4",,,,,,
"1999","5","Virginia","Food","Salmonella enterica","Enteritidis","Confirmed","Restaurant: Other","13","0","22","0","22","unspecified fruit",,"Fruits",,,
"1999","5","California","Food","Salmonella enterica","Saintpaul","Confirmed","Other","36","2","36","0","36","clover sprouts",,"Sprouts",,,
"1999","5","Minnesota","Food","Salmonella enterica","Heidelberg","Confirmed","Restaurant: Other","3","2","5","0","8",,,,,,
"1999","5","South Dakota","Food","Salmonella enterica","Enteritidis","Confirmed","Private home/residence","2","0",,"0",,,,,,,
"1999","5","Virginia","Food","Salmonella enterica","Muenchen","Confirmed","Restaurant: Other","22",,"22","0","22","chicken, other",,"Chicken",,,
"1999","5","Virginia","Food","Salmonella enterica","Enteritidis","Confirmed","Restaurant: Other","177","8","88","0","88","pork, bacon;ham, unspecified;french toast, unspecified","egg","Eggs",,,
"1999","5","Pennsylvania","Food","Salmonella enterica","Heidelberg","Confirmed","Private home/residence","25",,,,,"caesar salad",,"Multiple",,,
"1999","5","Missouri","Food","Salmonella enterica","Enteritidis","Confirmed","Religious facility","39","2","39","0","39","pie, merengue","Cream filling","Multiple",,,
"1999","5","Maryland","Food","Salmonella enterica","Typhimurium","Confirmed","Hospital","151","1","151","0","151",,,,,,
"1999","5","Massachusetts","Food","Salmonella enterica","Enteritidis","Confirmed","Restaurant: Other","70",,"26","0","26","manicotti, unspecified","egg","Eggs",,,
"1999","5","Georgia","Food","Salmonella enterica","Schwarzengrund","Confirmed",,"3",,"3","0","3",,,,,,
"1999","6","New York","Food","Salmonella enterica","Typhimurium","Confirmed","Private home/residence","12",,,,,,,,,,
"1999","6","Missouri","Water","Salmonella enterica","Typhimurium","Confirmed","Community/municipality","124","17",,"0",,,,,"Drinking water","Community",
"1999","6","New Jersey","Food","Salmonella enterica","Enteritidis","Confirmed",,"2","0",,"0",,,,,,,
"1999","6","California","Food","Salmonella enterica",,"Suspected","Restaurant: Other","2","0","2","0","2","hollandaise sauce",,"Multiple",,,
"1999","6","New Jersey","Food","Salmonella enterica","unknown","Confirmed","Restaurant: Other","2","0","2","0","2",,,,,,
"1999","6","New Jersey","Food","Salmonella enterica","unknown","Confirmed","Restaurant: Other","4","1","5","0","5",,,,,,
"1999","6","California","Food","Salmonella enterica","Thompson","Confirmed","Private home/residence","47","0","56","0","56","tripe;beef, unspecified",,"Beef",,,
"1999","6","Connecticut","Food","Salmonella enterica","Miami","Confirmed","Restaurant: Other","19","4","18","0","18",,,,,,
"1999","6","Maryland","Food","Salmonella enterica","Montevideo","Confirmed","Restaurant: Other","19",,"7","0","7","sandwich, beef",,"Multiple",,,
"1999","6","Multistate","Food","Salmonella enterica","Muenchen","Confirmed","Other","398",,,,,"orange juice, unpasteurized",,"Fruits",,,
"1999","6","Minnesota","Food","Salmonella enterica","Heidelberg","Confirmed","Restaurant: Other","50","9","34","0","35",,,,,,
"1999","6","Minnesota","Food","Salmonella enterica","Montevideo","Confirmed","Restaurant: Other","11","0","11","0","11",,,,,,
"1999","6","New Mexico","Food","Salmonella enterica","Oranienburg","Confirmed","Restaurant: Other","73","16","73","0","73","nachos and cheese;burrito, beef",,"Multiple",,,
"1999","6","New York","Food","Salmonella enterica","Heidelberg","Confirmed","Other","41",,,,,"chicken, BBQ","chicken","Chicken",,,
"1999","6","New York","Food","Salmonella enterica","Enteritidis","Confirmed","Restaurant: Other","23",,,,,"cake, tiramisu","egg","Eggs",,,
"1999","6","New York","Food","Salmonella enterica","Enteritidis","Confirmed","Restaurant: Other","5",,,,,"pudding, rice;cake, tiramisu;caesar salad","egg","Eggs",,,
"1999","6","Pennsylvania","Food","Salmonella enterica","Typhimurium","Confirmed","Private home/residence","4","2","4","0","4",,,,,,
"1999","6","Utah","Food","Salmonella enterica","Enteritidis","Confirmed","Caterer","256","0","63","0","63","ice cream, unspecified","egg","Eggs",,,
"1999","6","Washington","Food","Salmonella enterica",,"Confirmed","Restaurant: Other","2","0","2",,,"chicken, unspecified",,"Chicken",,,
"1999","6","Washington","Food","Salmonella enterica","Javiana","Confirmed","Office/indoor workplace;Grocery store/bakery/deli/convenience store","11","4","11","0","11","mixed fruit",,"Fruits",,,
"1999","7","Washington","Food","Salmonella enterica",,"Suspected","Restaurant: Other","2",,,,,"eggs, unspecified",,"Eggs",,,
"1999","7","Washington","Food","Salmonella enterica","Hadar","Confirmed",,"3",,,,,"eggs, unspecified",,"Eggs",,,
"1999","7","California","Food","Salmonella enterica","Enteritidis","Confirmed","Long-term care/nursing home/assisted living facility","3","0",,"0",,"eggs, other",,"Eggs",,,
"1999","7","South Carolina","Food","Salmonella enterica","Enteritidis","Confirmed","Restaurant: Other","9","3",,"0",,"crab cakes",,"Multiple",,,
"1999","7","New Jersey","Food","Salmonella enterica","Enteritidis","Confirmed","Restaurant: Other","16","0",,"0",,"eggs, other;cake, tiramisu",,"Multiple",,,
"1999","7","California","Food","Salmonella enterica","Enteritidis","Confirmed",,"33","0","103","0","103","eggs, unspecified",,"Eggs",,,
"1999","7","Wisconsin","Food","Salmonella enterica","Enteritidis","Confirmed","Long-term care/nursing home/assisted living facility","5","3","5","0","0","eggs, unspecified","egg","Eggs",,,
"1999","7","California","Food","Salmonella enterica","Enteritidis","Confirmed","School/college/university","82","3","346","0","346","watermelon;honeydew melon",,"Fruits",,,
"1999","7","Illinois","Food","Salmonella enterica","Typhimurium","Confirmed",,"10","0","21","0","21",,,,,,
"1999","7","Tennessee","Food","Salmonella enterica","Heidelberg","Confirmed","Private home/residence","12","1","12","0","12","ice cream, unspecified",,"Multiple",,,
"1999","7","Wisconsin","Food","Salmonella enterica","Enteritidis","Confirmed","Long-term care/nursing home/assisted living facility","4","0","4","0","4","eggs, unspecified","egg","Eggs",,,
"1999","7","California","Food","Salmonella enterica","Enteritidis","Confirmed","Restaurant: Other;Other","6","2","5","0","5","mayonnaise, homemade;bun",,"Multiple",,,
"1999","7","New Jersey","Food","Salmonella enterica","unknown","Confirmed","Restaurant: Other","16","0","23","0","23","cake, tiramisu",,"Multiple",,,
"1999","7","California","Food","Salmonella enterica","Enteritidis","Confirmed","School/college/university","29",,,,,"eggs, unspecified","egg","Eggs",,,
"1999","7","Connecticut","Food","Salmonella enterica","Typhimurium","Confirmed","Camp","12","1","7","0","12",,,,,,
"1999","7","Georgia","Food","Salmonella enterica","Typhimurium var Cope","Confirmed","Restaurant: Other","16","3","16","0","16","pork, BBQ",,"Multiple",,,
"1999","7","Indiana","Food","Salmonella enterica","Heidelberg","Confirmed","Restaurant: Other","13","6","13","0","13","pudding, tapioca",,"Multiple",,,
"1999","7","Massachusetts","Food","Salmonella enterica","Typhimurium","Confirmed","Private home/residence;Other","20",,,,,"goat, unspecified",,"Other Meat",,,
"1999","7","Maryland","Food","Salmonella enterica","Enteritidis","Confirmed","Restaurant: Other","3",,,,,"sandwich, chicken parmesan",,"Multiple",,,
"1999","7","Maryland","Food","Salmonella enterica","Newport","Confirmed","Other","23","1","23","0","23",,,,,,
"1999","7","New York","Food","Salmonella enterica","Typhimurium","Confirmed","Camp","13",,,,,,,,,,
"1999","7","Texas","Food","Salmonella enterica","Javiana","Confirmed","Restaurant: Other","7","7","7","0","0","chicken, unspecified","chicken","Chicken",,,
"1999","8","New York","Food","Salmonella enterica","Group C1","Confirmed",,"2",,,,,,,,,,
"1999","8","Pennsylvania","Food","Salmonella enterica","Enteritidis","Confirmed","Restaurant: Other","8","1","8","0","8",,,,,,
"1999","8","Utah","Food","Salmonella enterica","Enteritidis","Confirmed","Correctional/detention facility","5","0",,"0",,"french toast, unspecified",,"Multiple",,,
"1999","8","North Carolina","Food","Salmonella enterica","Enteritidis","Confirmed","Restaurant: Other","14","4",,"0",,"lasagna;eggs, other",,"Multiple",,,
"1999","8","Ohio","Food","Salmonella enterica","Enteritidis","Confirmed","Other","23",,"121","0","121","beans, baked",,"Multiple",,,
"1999","8","California","Food","Salmonella enterica","Hadar","Confirmed","Private home/residence","11","0","11","0","11","chicken, unspecified",,"Chicken",,,
"1999","8","Connecticut","Food","Salmonella enterica","Typhimurium","Confirmed","Restaurant: Other","12","3","9","0","12",,,,,,
"1999","8","Kansas","Food","Salmonella enterica","Newport","Confirmed",,"36",,,,,,,,,,
"1999","8","Maryland","Food","Salmonella enterica","Braenderup","Confirmed","Restaurant: Other;Caterer","14",,"7","0","7",,,,,,
"1999","8","Michigan","Food","Salmonella enterica","Enteritidis","Confirmed","Other;Restaurant: Other","13","6","13","0","13",,,,,,
"1999","8","Minnesota","Food","Salmonella enterica","Typhimurium","Confirmed","Restaurant: Other","3","0","3","0","3",,,,,,
"1999","8","North Carolina","Food","Salmonella enterica",,"Confirmed","Restaurant: Other","3",,,,,,,,,,
"1999","8","North Carolina","Food","Salmonella enterica",,"Confirmed","Restaurant: Other","8",,,,,"lasagna, unspecified",,"Multiple",,,
"1999","8","New Jersey","Food","Salmonella enterica","Group B","Confirmed","Camp","60","1","60",,,"eggs, unspecified",,"Eggs",,,
"1999","8","New York","Food","Salmonella enterica","Enteritidis","Confirmed","Restaurant: Other","15",,,,,"chicken salad","chicken","Chicken",,,
"1999","8","Multistate","Food","Salmonella enterica","Muenchen","Confirmed","Restaurant: Other","157","16","157","0","157","alfalfa sprouts","sprouts","Sprouts",,,
"1999","8","California","Food","Salmonella enterica","Enteritidis","Confirmed","Other","30","0",,"0",,,,,,,
"1999","8","New York","Food","Salmonella enterica","Enteritidis","Confirmed","Restaurant: Other","9","0",,"0",,"Blintz, Cheese;eggs, other",,"Multiple",,,
"1999","9","Maryland","Food","Salmonella enterica","Typhimurium","Confirmed","School/college/university","49","6","25","0","25","other cheese, unspecified",,"Dairy",,,
"1999","9","Massachusetts","Food","Salmonella enterica","Typhimurium","Confirmed","Restaurant: Other","13","2","13",,,,,,,,
"1999","9","Georgia","Food","Salmonella enterica","Newport","Confirmed",,"15",,"4","0","4",,,,,,
"1999","9","Montana","Food","Salmonella enterica",,"Suspected",,"5",,,,,,,,,,
"1999","9","Georgia","Food","Salmonella enterica","Typhimurium","Confirmed","Restaurant: Other","8","1","1","0","6","taco, chicken;chicken, nuggets/fingers;burrito, chicken","chicken","Chicken",,,
"1999","9","Georgia","Food","Salmonella enterica","Hadar","Confirmed","Restaurant: Other;Private home/residence","60","24","57","0","57","pork, BBQ",,"Multiple",,,
"1999","9","Connecticut","Food","Salmonella enterica","Enteritidis","Confirmed","Restaurant: Other","4","1","4","0","4","eggs, unspecified",,"Eggs",,,
"1999","9","California","Food","Salmonella enterica","Enteritidis","Confirmed","School/college/university","40","1","40","0","40",,,,,,
"1999","9","Illinois","Food","Salmonella enterica","Agona","Suspected","Other","8","2","8","0","8","apple cider, unspecified",,"Fruits",,,
"1999","9","Illinois","Food","Salmonella enterica","Enteritidis","Suspected","Restaurant: Other","10",,"19","0","19",,,,,,
"1999","9","Pennsylvania","Food","Salmonella enterica","Stanley","Confirmed",,"6","0","4","0","4",,,,,,
"1999","9","West Virginia","Food","Salmonella enterica","Enteritidis","Confirmed","Restaurant: Other","12","5","10","0","10","chile relleno, unspecified","beef","Beef",,,
"1999","9","Ohio","Food","Salmonella enterica","Typhimurium","Confirmed","Other;School/college/university","82",,,"0",,"chocolate milk, unspecified",,"Multiple",,,
"1999","10","Kentucky","Food","Salmonella enterica",,"Confirmed","Restaurant: Other","9","5","9","0","9","turkey, unspecified","turkey","Turkey",,,
"1999","10","California","Food","Salmonella enterica","Enteritidis","Confirmed","Private home/residence","6",,,,,"eggs, unspecified",,"Eggs",,,
"1999","10","California","Food","Salmonella enterica","Enteritidis","Confirmed","Restaurant: Other","2","1","2",,,"sushi, unspecified",,"Multiple",,,
"1999","10","Florida","Food","Salmonella enterica",,"Suspected","Restaurant: Other","2","0","2","0","2","pizza, meat and vegetable",,"Multiple",,,
"1999","10","Florida","Food","Salmonella enterica","Enteritidis","Suspected","Restaurant: Other","6","0","0","0","0","chicken, unspecified","chicken","Chicken",,,
"1999","10","North Carolina","Food","Salmonella enterica",,"Confirmed","Restaurant: Other;Other","3",,,,,"beef, BBQ",,"Multiple",,,
"1999","11","Florida","Food","Salmonella enterica",,"Suspected","Restaurant: Other","4","2","4",,,,,,,,
"1999","11","Massachusetts","Food","Salmonella enterica","Saintpaul","Confirmed","Restaurant: Other","5",,,"0","5","turkey and stuffing",,"Multiple",,,
"1999","11","Florida","Food","Salmonella enterica",,"Confirmed","Restaurant: Other","2","2","2","0","2","deli meat, sliced chicken","chicken","Chicken",,,
"1999","11","Florida","Food","Salmonella enterica",,"Suspected","Restaurant: Other","2","0","2","0","2","sandwich, chicken","chicken","Chicken",,,
"1999","11","California","Food","Salmonella enterica","Enteritidis","Confirmed","Restaurant: Other;Private home/residence","7","0","7","0","7","chicken, unspecified","chicken","Chicken",,,
"1999","11","Connecticut","Food","Salmonella enterica","Agona","Confirmed","Long-term care/nursing home/assisted living facility","4","2","4","0","4",,,,,,
"1999","11","Wisconsin","Food","Salmonella enterica","Enteritidis","Confirmed","Restaurant: Other","33","0","33","0","33","ravioli, unspecified;lasagna, unspecified;eggs, other",,"Multiple",,,
"1999","11","Utah","Food","Salmonella enterica","Enteritidis","Confirmed","Private home/residence","4","0","4","0","4","ice cream, homemade","egg","Eggs",,,
"1999","11","Pennsylvania","Food","Salmonella enterica","Enteritidis","Confirmed","Private home/residence","16","4","16",,,"stuffing, unspecified",,"Multiple",,,
"1999","11","New York","Food","Salmonella enterica","Stanley","Confirmed","Child daycare/preschool","34",,,,,"turkey, roasted","turkey","Turkey",,,
"1999","11","Multistate","Food","Salmonella enterica","Newport","Confirmed","Other","79",,,,,"mango, unspecified","fruit, unspecified","Fruits",,,
"1999","11","Kansas","Food","Salmonella enterica","Heidelberg","Confirmed","Restaurant: Other","6","3","6","0","6",,,,,,
"1999","12","New Mexico","Food","Salmonella enterica","Havana","Confirmed","Long-term care/nursing home/assisted living facility","4","3","4","2","4",,,,,,
"1999","12","Arizona","Food","Salmonella enterica","Norwich","Confirmed",,"10","5","10","0","10",,,,,,
"1999","12","California","Food","Salmonella enterica","Enteritidis","Confirmed","Restaurant: Other;Private home/residence","10","0","10","0","10","lasagna, beef;eggs, unspecified","egg","Eggs",,,
"1999","12","South Carolina","Food","Salmonella enterica","Enteritidis","Confirmed","Other","18","0",,"0",,"eggs, quiche",,"Multiple",,,
"1999","12","California","Food","Salmonella enterica","Enteritidis","Confirmed","Private home/residence","14","0","14","0","14","pasta salad;eggs, other;chile relleno, unspecified",,"Multiple",,,
"1999","12","California","Food","Salmonella enterica","Enteritidis","Confirmed","Restaurant: Other","108","13","108","0","108","mung bean sprouts;chicken, unspecified","chicken","Chicken",,,
"1999","12","Massachusetts","Food","Salmonella enterica","Enteritidis","Confirmed","Restaurant: Other","15","1","15","0","15","lasagna, unspecified","egg","Eggs",,,
"1999","12","Utah","Food","Salmonella enterica","Enteritidis","Confirmed","School/college/university","59",,"65",,"65",,,,,,
"1999","12","Utah","Food","Salmonella enterica","Enteritidis","Confirmed","Private home/residence","3","0","3","0","3","ice cream, unspecified","egg","Eggs",,,
"2000","1","Florida","Food","Salmonella enterica",,"Suspected","Restaurant: Other","2","1","2","0","2","chicken salad","chicken","Chicken",,,
"2000","1","California","Food","Salmonella enterica","Montevideo","Confirmed","Restaurant: Other","11","1","11",,,,,,,,
"2000","1","Maryland","Food","Salmonella enterica","Enteritidis","Confirmed","Restaurant: Other","5","0","3","0","3","crab cakes","egg","Eggs",,,
"2000","1","Massachusetts","Food","Salmonella enterica","Thompson","Confirmed","Restaurant: Other","7",,,,,"chicken, buffalo wings",,"Multiple",,,
"2000","1","Massachusetts","Food","Salmonella enterica","Cubana","Suspected","Caterer","40",,,,,"canapes, unspecified",,"Multiple",,,
"2000","2","Florida","Food","Salmonella enterica",,"Suspected","Private home/residence","6","1","6",,,,,,,,
"2000","2","Pennsylvania","Food","Salmonella enterica","Enteritidis","Confirmed",,"2","1","2","0","2",,,,,,
"2000","2","Maryland","Food","Salmonella enterica","Group D1","Suspected","Restaurant: Other","4",,,,,,,,,,
"2000","2","Illinois","Food","Salmonella enterica","Enteritidis","Confirmed","Caterer","36","10","36","1","36","seafood dish, unspecified;salmon, unspecified",,"Multiple",,,
"2000","3","Massachusetts","Food","Salmonella enterica",,"Confirmed","Restaurant: Other","4","0",,,,,,,,,
"2000","3","Vermont","Food","Salmonella enterica","Typhimurium","Confirmed","Restaurant: Other","16","1","16","0","16",,,,,,
"2000","3","Utah","Food","Salmonella enterica","Enteritidis","Confirmed","Restaurant: Other","11","1","10",,,,,,,,
"2000","3","New Hampshire","Food","Salmonella enterica","Thompson","Confirmed",,"4",,,,,,,,,,
"2000","3","Multistate","Food","Salmonella enterica","Enteritidis","Confirmed","School/college/university;Restaurant: Other;Grocery store/bakery/deli/convenience store","75","3","75",,,"mung bean sprouts","sprouts","Sprouts",,,
"2000","3","Multistate","Food","Salmonella enterica","Enteritidis","Confirmed","Other","88",,,,,"orange juice, unpasteurized","fruit, unspecified","Fruits",,,
"2000","3","Michigan","Food","Salmonella enterica","Enteritidis","Confirmed","Restaurant: Other","11","0","11","0","11","eggs, unspecified","egg","Eggs",,,
"2000","3","Maryland","Food","Salmonella enterica","Enteritidis","Confirmed","Grocery store/bakery/deli/convenience store;Restaurant: Other;Private home/residence","2","2","2",,,,,,,,
"2000","3","Indiana","Food","Salmonella enterica",,"Suspected","School/college/university","29","0","15","0","23","sausage, pork","pork","Pork",,,
"2000","4","Florida","Food","Salmonella enterica",,"Suspected","Restaurant: Other","2","0","2","0","2","ethnic style, unspecified",,,,,
"2000","4","Multistate","Water","Salmonella enterica","Bareilly","Confirmed","Private home/residence","95",,,"0",,,,,"Drinking water","Commercially-Bottled;Individual/Private",
"2000","4","California","Food","Salmonella enterica","Thompson","Confirmed","Private home/residence","6","2","6",,,"turkey loaf;shell eggs, boiled hard",,"Multiple",,,
"2000","4","California","Food","Salmonella enterica","Typhimurium","Confirmed","Grocery store/bakery/deli/convenience store","12","2","23",,,"chicken, unspecified",,"Chicken",,,
"2000","4","Florida","Food","Salmonella enterica",,"Suspected","Restaurant: Other","2",,,,,"ground beef, cheeseburger",,"Beef",,,
"2000","4","Florida","Food","Salmonella enterica","Group C1","Confirmed","Private home/residence;Religious facility","17","3","8","0","8","chicken, BBQ","chicken","Chicken",,,
"2000","4","Florida","Food","Salmonella enterica","Group B","Confirmed","Restaurant: Other","5",,,,,"chicken, unspecified","chicken","Chicken",,,
"2000","4","Maryland","Food","Salmonella enterica","Heidelberg","Confirmed","Private home/residence","7","1","7","0","7",,,,,,
"2000","4","Multistate","Food","Salmonella enterica","Group E1","Confirmed",,"30","4","17","0","18",,,,,,
"2000","4","Multistate","Food","Salmonella enterica","Poona","Confirmed","Grocery store/bakery/deli/convenience store;Long-term care/nursing home/assisted living facility;Restaurant: Other;Other;Private home/residence","47","11","27","0","28","cantaloupe",,"Fruits",,,
"2000","4","Virginia","Food","Salmonella enterica","Enteritidis","Confirmed","Other;Private home/residence","106","14","81","0","81","macaroni and cheese","egg","Eggs",,,
"2000","4","Pennsylvania","Food","Salmonella enterica","Thompson","Confirmed",,"2","0","2","0","2",,,,,,
"2000","4","Ohio","Food","Salmonella enterica","Enteritidis","Confirmed","Restaurant: Other","4",,,,,,,,,,
"2000","4","Mississippi","Food","Salmonella enterica","Heidelberg","Confirmed",,"6","3","6","0","6","stuffing, unspecified;chicken, unspecified",,"Multiple",,,
"2000","4","Minnesota","Food","Salmonella enterica","Heidelberg","Confirmed","Restaurant: Other","7","1","7","0","7","multiple foods",,,,,
"2000","5","California","Food","Salmonella enterica","Heidelberg","Confirmed","Restaurant: Other","17","6","6","0","6","pork, other;carne asada","pork;beef","Multiple",,,
"2000","5","Virginia","Food","Salmonella enterica","Paratyphi B var. L(+) tartrate +","Suspected","Restaurant: Other","32","4","38","0","38",,,,,,
"2000","5","Virginia","Food","Salmonella enterica","Typhi","Suspected",,"16",,,,,,,,,,
"2000","5","South Carolina","Food","Salmonella enterica","Typhimurium","Confirmed","Restaurant: Other","6",,,,,,,,,,
"2000","5","Pennsylvania","Food","Salmonella enterica","Enteritidis","Confirmed","Private home/residence","9","0","9","0","9","ice cream, homemade","egg","Eggs",,,
"2000","5","New York","Food","Salmonella enterica",,"Confirmed","Restaurant: Other","7","0","7","0","7","multiple foods",,,,,
"2000","5","New Mexico","Food","Salmonella enterica","Typhimurium var Cope","Confirmed","Private home/residence","32","2","2","0","27","stew/chili, other",,"Multiple",,,
"2000","5","Minnesota","Food","Salmonella enterica","Typhimurium","Confirmed","Restaurant: Other","6","1","6","0","6",,,,,,
"2000","5","Michigan","Food","Salmonella enterica","Braenderup","Suspected","Restaurant: Other","75","2",,"0",,"salad, unspecified;salad dressing, unspecified","leafy green;Sauces/ Dressings","Multiple",,,
"2000","5","Maine","Food","Salmonella enterica","Enteritidis","Confirmed","Restaurant: Other","2","1","2","0","2","eggs, unspecified","egg","Eggs",,,
"2000","5","Florida","Food","Salmonella enterica",,"Suspected","Restaurant: Other","6","0","6","0","6","salad, unspecified",,"Multiple",,,
"2000","5","Florida","Food","Salmonella enterica",,"Suspected","Restaurant: Other","3","0","3","0","3","alfalfa sprouts","sprouts","Sprouts",,,
"2000","5","California","Food","Salmonella enterica","Typhimurium","Confirmed","Private home/residence","5",,,,,"carnitas, unspecified",,"Multiple",,,
"2000","6","Maine","Food","Salmonella enterica","Enteritidis","Confirmed","Restaurant: Other","2","0","0","0","2","eggs, unspecified","egg","Eggs",,,
"2000","6","Nevada","Food","Salmonella enterica","Enteritidis","Confirmed","Unknown","7","1",,"0",,,,,,,
"2000","6","Kentucky","Food","Salmonella enterica","Enteritidis","Confirmed","Restaurant: Other","13","5",,"0",,,,,,,
"2000","6","Alabama","Food","Salmonella enterica","Typhimurium","Confirmed","Private home/residence;Restaurant: Other","40","1","20","0","20","pie, chocolate;pork, BBQ;chicken, BBQ;beans, baked",,"Multiple",,,
"2000","6","Arkansas","Food","Salmonella enterica","Newport","Confirmed","Restaurant: Other","96","6","96","0","96","pico de gallo","Root (eg. potato)","Root/Underground",,,
"2000","6","Colorado","Food","Salmonella enterica","Heidelberg","Confirmed","Restaurant: Other","4",,,,,"melon, unspecified",,"Fruits",,,
"2000","6","Colorado","Food","Salmonella enterica","Montevideo","Confirmed","Restaurant: Other","27",,,,,"stew/chili, unspecified",,"Multiple",,,
"2000","6","Florida","Food","Salmonella enterica",,"Suspected","Caterer","17",,,,,"tuna salad;ice;chicken salad","chicken","Chicken",,,
"2000","6","Georgia","Food","Salmonella enterica","Enteritidis","Confirmed","Restaurant: Other","26","0","18","0","18","shell eggs, scrambled hard","egg","Eggs",,,
"2000","6","Idaho","Food","Salmonella enterica","Enteritidis","Confirmed","Restaurant: Other","4","1","4","0","4","taco, beef",,"Multiple",,,
"2000","6","Kentucky","Food","Salmonella enterica","Group D1","Confirmed","Restaurant: Other","14","5","14","0","14",,,,,,
"2000","6","Maryland","Food","Salmonella enterica","Enteritidis","Confirmed","Restaurant: Other","18","2","18","0","18","crab cakes","egg","Eggs",,,
"2000","6","Minnesota","Food","Salmonella enterica","Typhimurium","Suspected","Private home/residence","12","1","7","0","7","turkey, smoked","turkey","Turkey",,,
"2000","6","New Jersey","Food","Salmonella enterica","Enteritidis","Confirmed","Long-term care/nursing home/assisted living facility","41","8","41","0","41","eggs, unspecified",,"Eggs",,,
"2000","6","New York","Food","Salmonella enterica","Typhimurium","Confirmed","Restaurant: Other","2",,,,,,,,,,
"2000","6","Pennsylvania","Food","Salmonella enterica","Heidelberg","Confirmed","Private home/residence","56","3","30","0","30","macaroni salad;ham, unspecified;chicken and rice",,"Multiple",,,
"2000","6","Pennsylvania","Food","Salmonella enterica","Enteritidis","Confirmed","Restaurant: Other","4","2","4","0","4","unknown food",,,,,
"2000","6","South Carolina","Food","Salmonella enterica","Enteritidis","Confirmed","Restaurant: Other","31",,,,,"unspecified fish;multiple foods;macaroni and cheese",,"Multiple",,,
"2000","6","Wisconsin","Food","Salmonella enterica","Montevideo","Confirmed","Private home/residence","4","3","4","0","4","taco, unspecified",,"Multiple",,,
"2000","7","Connecticut","Food","Salmonella enterica","Typhimurium","Confirmed","Private home/residence","11","2","11","0","11","pork, roasted",,"Pork",,,
"2000","7","Connecticut","Food","Salmonella enterica","Muenchen","Confirmed","Restaurant: Other","4","0","4","0","4",,,,,,
"2000","7","Florida","Food","Salmonella enterica","Group C2","Confirmed","Restaurant: Other","3","1","3",,,"chicken, nuggets/fingers",,"Multiple",,,
"2000","7","Maryland","Food","Salmonella enterica","Group C2","Suspected","Private home/residence","2","0","2","0","2",,,,,,
"2000","7","Maryland","Food","Salmonella enterica","Infantis","Confirmed","Private home/residence","5","0","4","0","4","fish, gifilte",,"Fish",,,
"2000","7","Maryland","Food","Salmonella enterica","Group C1","Suspected","Private home/residence","5","0","5","0","5","fish, gifilte",,"Fish",,,
"2000","7","Multistate","Food","Salmonella enterica","Thompson","Confirmed","Other","26",,,,,,,,,,
"2000","7","Minnesota","Food","Salmonella enterica","Heidelberg","Confirmed","Private home/residence","14","0","14","0","14","turkey, smoked","turkey","Turkey",,,
"2000","7","Mississippi","Food","Salmonella enterica","Infantis","Confirmed","Restaurant: Other","107","3","107","0","107","roast beef, unspecified",,"Beef",,,
"2000","7","New York","Food","Salmonella enterica","Infantis","Confirmed","Restaurant: Other","20",,,,,"fish, gifilte",,"Fish",,,
"2000","7","Oregon","Food","Salmonella enterica","Heidelberg","Confirmed",,"4","1","4","0","4",,,,,,
"2000","7","Pennsylvania","Food","Salmonella enterica","Enteritidis","Confirmed","Restaurant: Other","5","2","5","0","5",,,,,,
"2000","7","Pennsylvania","Food","Salmonella enterica","Enteritidis","Confirmed","Restaurant: Other","4","0","4","0","4","unspecified vegetables;mushrooms, unspecified;beef, unspecified",,"Multiple",,,
"2000","7","Pennsylvania","Food","Salmonella enterica","Group B","Confirmed","Festival/fair","3","1","3","0","3",,,,,,
"2000","7","Pennsylvania","Food","Salmonella enterica","Typhimurium","Confirmed","Restaurant: Other","32","1","32","0","32","macaroni salad",,"Multiple",,,
"2000","7","Tennessee","Food","Salmonella enterica","Group A","Confirmed","Caterer","150","13","67","0","67",,,,,,
"2000","7","Utah","Food","Salmonella enterica","Enteritidis","Confirmed","Restaurant: Other","28","2","28","0","28","fried rice, unspecified",,"Multiple",,,
"2000","7","Virginia","Food","Salmonella enterica","Enteritidis","Confirmed","Long-term care/nursing home/assisted living facility","27",,,,,"eggs, unspecified","egg","Eggs",,,
"2000","7","Washington","Food","Salmonella enterica","Enteritidis","Confirmed","Restaurant: Other","3","1","3","0","3","chile relleno, unspecified","egg","Eggs",,,
"2000","7","Nevada","Food","Salmonella enterica","Enteritidis","Confirmed","Unknown","4","1",,"0",,"taco or nacho salad",,"Multiple",,,
"2000","8","Alabama","Food","Salmonella enterica","Mbandaka","Confirmed","Restaurant: Other","50","5","41","0","41","pork, BBQ","pork","Pork",,,
"2000","8","California","Food","Salmonella enterica","Heidelberg","Confirmed","Private home/residence","4","1","1","0","0","liver, chicken",,"Chicken",,,
"2000","8","California","Food","Salmonella enterica","Newport","Confirmed","Restaurant: Other;Private home/residence","23","5","13","0","18","parsley, unspecified;goat, unspecified",,"Multiple",,,
"2000","8","Florida","Food","Salmonella enterica",,"Confirmed","Other","13","2","13","0","13","ribs, unspecified","beef","Beef",,,
"2000","8","Georgia","Food","Salmonella enterica","Javiana","Confirmed","Caterer","44","8","16","0","16","ham, unspecified;chicken, unspecified;bread, cornbread",,"Multiple",,,
"2000","8","Maryland","Food","Salmonella enterica",,"Suspected","Private home/residence","4",,,,,"unknown food",,,,,
"2000","8","Maryland","Food","Salmonella enterica",,"Confirmed","Private home/residence","5",,"0",,"0",,,,,,
"2000","8","New York","Food","Salmonella enterica","unknown","Confirmed","Restaurant: Other","10","1","10","0","10","multiple foods",,,,,
"2000","8","Ohio","Food","Salmonella enterica","Enteritidis","Confirmed","Restaurant: Other","41","11","34","0","34","shell egg, other","egg","Eggs",,,
"2000","8","Ohio","Food","Salmonella enterica","Enteritidis","Confirmed","Restaurant: Other","132",,,,,"ice cream, commercial","egg","Eggs",,,
"2000","8","Ohio","Food","Salmonella enterica","Newport","Confirmed","Restaurant: Other","49","11","38","0","38","sandwich, submarine",,"Multiple",,,
"2000","8","Oklahoma","Food","Salmonella enterica","Newport","Confirmed","Restaurant: Other","8","0","8","0","8","chicken, fried","chicken","Chicken",,,
"2000","8","Pennsylvania","Food","Salmonella enterica","Enteritidis","Confirmed","Private home/residence","5","2","2","0","0","ice cream, homemade","egg","Eggs",,,
"2000","8","Tennessee","Food","Salmonella enterica","Newport","Confirmed","Restaurant: Other","204","16","204","0","204",,,,,,
"2000","8","Utah","Food","Salmonella enterica","Enteritidis","Confirmed","Restaurant: Other","4","2","4",,,"fruit salad",,"Multiple",,,
"2000","8","Virginia","Food","Salmonella enterica","Typhimurium","Confirmed","Restaurant: Other","12",,,,,"hollandaise sauce","egg","Eggs",,,
"2000","8","Vermont","Food","Salmonella enterica","Enteritidis","Confirmed","Restaurant: Other","9","1","9","0","9","potato salad",,"Multiple",,,
"2000","8","Wisconsin","Food","Salmonella enterica","Typhimurium","Confirmed","Caterer","26","6","26","0","26","coleslaw",,"Multiple",,,
"2000","8","Nevada","Food","Salmonella enterica","Enteritidis","Confirmed","Other","50","5",,"0",,"egg-containing food, other",,"Multiple",,,
"2000","9","Illinois","Food","Salmonella enterica","Berta","Confirmed","Restaurant: Other","9","0","6","0","6",,,,,,
"2000","9","Arizona","Food","Salmonella enterica","Reading","Confirmed","School/college/university","72","1","72","0","72",,,,,,
"2000","9","California","Food","Salmonella enterica","Oranienburg","Confirmed","Restaurant: Other","5",,,,,"pizza, unspecified",,"Multiple",,,
"2000","9","California","Food","Salmonella enterica","Newport","Confirmed","Private home/residence","30","2","2","0",,"rice, unspecified;beef, BBQ;beans, unspecified",,"Multiple",,,
"2000","9","California","Food","Salmonella enterica","Enteritidis","Suspected","Restaurant: Other","14","0","14","0","14","pancit;chop suey",,"Multiple",,,
"2000","9","Connecticut","Food","Salmonella enterica","Enteritidis","Confirmed","Restaurant: Other","6","1","6","0","6","unknown food",,,,,
"2000","9","Florida","Food","Salmonella enterica","Javiana","Suspected","Private home/residence","4","2","4","1","4","potato, mashed","Root (eg. potato)","Root/Underground",,,
"2000","9","Florida","Food","Salmonella enterica",,"Suspected","Restaurant: Other","4","0","4","0","4","pizza, meat and vegetable",,"Multiple",,,
"2000","9","Florida","Food","Salmonella enterica",,"Suspected","Restaurant: Other","4","0","4","0","4","chicken, unspecified","chicken","Chicken",,,
"2000","9","Indiana","Food","Salmonella enterica","Berta","Confirmed","Restaurant: Other","13","2","11","0","13",,,,,,
"2000","9","Kansas","Food","Salmonella enterica","Group B","Confirmed","Festival/fair","6",,,,,"taco, unspecified",,"Multiple",,,
"2000","9","Massachusetts","Food","Salmonella enterica","Heidelberg","Confirmed","Restaurant: Other","9","0","9","0","9",,,,,,
"2000","9","Minnesota","Food","Salmonella enterica","Enteritidis","Confirmed","Restaurant: Other","16","1","14","0","14","multiple foods;egg-containing food, other",,"Multiple",,,
"2000","9","New Hampshire","Food","Salmonella enterica","Newport","Confirmed",,"5",,,,,"chicken, unspecified",,"Chicken",,,
"2000","9","New Jersey","Food","Salmonella enterica","Enteritidis","Confirmed","Long-term care/nursing home/assisted living facility","18","2","18","0","18","eggs, unspecified",,"Eggs",,,
"2000","9","New York","Food","Salmonella enterica","Enteritidis","Confirmed","Caterer;Restaurant: Other","68",,,,,"fish, gifilte",,"Fish",,,
"2000","9","Oregon","Food","Salmonella enterica","Saintpaul","Confirmed","Private home/residence","6","0","5","0","5",,,,,,
"2000","9","Pennsylvania","Food","Salmonella enterica","Enteritidis","Confirmed","Restaurant: Other","6","0","6","0","6","fish, stuffed flounder","egg","Eggs",,,
"2000","9","Pennsylvania","Food","Salmonella enterica","Muenster","Suspected","Restaurant: Other","27","5","27","0","27","other cheese, unspecified;meat, unspecified",,"Multiple",,,
"2000","9","Texas","Food","Salmonella enterica","Enteritidis","Confirmed",,"13",,,,,"turkey, unspecified",,"Turkey",,,
"2000","9","Utah","Food","Salmonella enterica","Enteritidis","Confirmed","Restaurant: Other","12","0","12",,,"taco, fish;egg-based sauce, other","egg","Eggs",,,
"2000","9","Florida","Food","Salmonella enterica",,"Confirmed","Restaurant: Other","3","1","3","0","3","pork, roasted","pork","Pork",,,
"2000","10","Pennsylvania","Food","Salmonella enterica","Enteritidis","Confirmed","Restaurant: Other","25","10","25","0","25","fish, stuffed flounder",,"Multiple",,,
"2000","10","Oregon","Food","Salmonella enterica","Derby","Confirmed","Restaurant: Other","9","1","9","0","9",,,,,,
"2000","10","Ohio","Food","Salmonella enterica","Enteritidis","Confirmed","Restaurant: Other","6","1","1",,,"soup unspecified;fried rice, unspecified",,"Multiple",,,
"2000","10","New York","Food","Salmonella enterica","Enteritidis","Confirmed","Long-term care/nursing home/assisted living facility","4","0",,,,"eggs, other",,"Eggs",,,
"2000","10","California","Food","Salmonella enterica","Enteritidis","Confirmed","Private home/residence","12",,,"0","12",,,,,,
"2000","10","California","Food","Salmonella enterica","Enteritidis","Confirmed","Restaurant: Other","7","1","7","0","7","lasagna, beef",,"Multiple",,,
"2000","10","California","Food","Salmonella enterica","Typhimurium var Cope","Confirmed",,"21","7","15","0","15",,,,,,
"2000","11","Virginia","Food","Salmonella enterica","Enteritidis","Confirmed","Private home/residence","29","3","29","0","29","green beans, unspecified;deviled eggs",,"Multiple",,,
"2000","11","Tennessee","Food","Salmonella enterica","Typhimurium","Confirmed","Restaurant: Other","26","19","26","0","26","stuffing, unspecified;gravy, chicken","chicken;egg","Multiple",,,
"2000","11","Multistate","Food","Salmonella enterica","Thompson","Confirmed","Private home/residence","43",,,,,"tomato, unspecified","Vine-stalk eg. tomato","Seeded Vegetables",,,
"2000","11","Massachusetts","Food","Salmonella enterica","Enteritidis","Confirmed","Private home/residence","11",,,,,,,,,,
"2000","11","Florida","Food","Salmonella enterica",,"Suspected","Restaurant: Other","4","0","4","0","4","sandwich, chicken","chicken","Chicken",,,
"2000","11","Florida","Food","Salmonella enterica",,"Suspected","Restaurant: Other","2",,,,,"chicken salad",,"Multiple",,,
"2000","11","Florida","Food","Salmonella enterica",,"Suspected","Restaurant: Other","4",,,,,"salad dressing, unspecified","egg","Eggs",,,
"2000","11","California","Food","Salmonella enterica","Enteritidis","Confirmed","Private home/residence","20","0","3","0","3",,,,,,
"2000","11","Michigan","Food","Salmonella enterica","Enteritidis","Confirmed","Caterer","18","6",,"1",,"macaroni salad",,"Multiple",,,
"2000","12","Washington","Food","Salmonella enterica",,"Suspected","Grocery store/bakery/deli/convenience store;Private home/residence","5","0","3","0","3","turkey, unspecified",,"Turkey",,,
"2000","12","New York","Food","Salmonella enterica","Enteritidis","Confirmed","Private home/residence","12","6","12",,,"eggnog, unspecified","egg","Eggs",,,
"2000","12","North Carolina","Food","Salmonella enterica",,"Confirmed",,"58",,,,,"turkey, unspecified",,"Turkey",,,
"2000","12","California","Food","Salmonella enterica","Enteritidis","Confirmed","Restaurant: Other","4","0","4","0","4","chile relleno, unspecified","egg","Eggs",,,
"2000","12","California","Food","Salmonella enterica","Heidelberg","Confirmed","Restaurant: Other","5","3","3",,,"chile relleno, unspecified",,"Multiple",,,
"2000","12","Vermont","Food","Salmonella enterica","Typhimurium","Confirmed","Restaurant: Other","6","0","6","0","6","ground beef, meatballs",,"Beef",,,
"2000","12","Ohio","Food","Salmonella enterica","Typhimurium","Confirmed","Private home/residence","3","0","3","0","3","turkey, smoked",,"Turkey",,,
"2001","1","Illinois","Food","Salmonella enterica","Berta","Confirmed","Restaurant: Other","22","0","22","0","22",,,,,,
"2001","1","Connecticut","Food","Salmonella enterica","Enteritidis","Confirmed","Restaurant: Other","6","1","6","0","6",,,,,,
"2001","1","California","Food","Salmonella enterica","Agona","Confirmed","Private home/residence","14",,,,,"seafood soup/stew, unspecified",,"Multiple",,,
"2001","1","Florida","Food","Salmonella enterica","unknown","Suspected","Restaurant: Other","3","3","3",,,"ground beef, cheeseburger",,"Beef",,,
"2001","1","Maryland","Food","Salmonella enterica","Enteritidis","Confirmed","Restaurant: Other","9","1","9","0","9","crab cakes",,"Multiple",,,
"2001","1","Maryland","Food","Salmonella enterica","unknown","Confirmed","Restaurant: Other","4","0","3","0","3","sandwich, other egg/poultry;sandwich, chicken",,"Multiple",,,
"2001","1","Utah","Food","Salmonella enterica","Virchow","Confirmed","Restaurant: Other","4","0","4","0","4","ground beef, hamburger;french fries",,"Multiple",,,
"2001","1","California","Food","Salmonella enterica","Senftenberg","Suspected","Grocery store/bakery/deli/convenience store","19","0","19","0","19",,,,,,
"2001","1","Maryland","Food","Salmonella enterica","Bovismorbificans","Confirmed","Other","5","2","4","0","4",,,,,,
"2001","1","Hawaii","Food","Salmonella enterica","Enteritidis","Confirmed","School/college/university","22","3","22","0","22","mung bean sprouts","sprouts","Sprouts",,,
"2001","2","California","Food","Salmonella enterica","Typhimurium var Cope","Confirmed","Restaurant: Other","6","0","6","0","6","beef, jerky",,"Beef",,,
"2001","2","Multistate","Food","Salmonella enterica","Kottbus","Confirmed","Other","32","3","32",,,"alfalfa sprouts",,"Sprouts",,,
"2001","2","Florida","Food","Salmonella enterica","Enteritidis","Suspected","Restaurant: Other","2",,,,,,,,,,
"2001","2","Washington","Food","Salmonella enterica","Saintpaul","Confirmed","Hospital","15","14","15","0","15","infant formula, unspecified",,"Other",,,
"2001","2","Colorado","Food","Salmonella enterica","Heidelberg","Confirmed","Restaurant: Other","6","1","6","0","6","eggs, unspecified",,"Eggs",,,
"2001","2","Kansas","Food","Salmonella enterica","Norwich","Confirmed","Restaurant: Other","4","1","1","0","1",,,,,,
"2001","3","Louisiana","Food","Salmonella enterica","Heidelberg","Confirmed","Restaurant: Other","93","18","18","1","1","peppers, green;macaroni and cheese;ground beef, other",,"Multiple",,,
"2001","3","Ohio","Food","Salmonella enterica","Enteritidis","Confirmed","Restaurant: Other","92","7","92","0","92","eggs, unspecified",,"Eggs",,,
"2001","3","Multistate","Food","Salmonella enterica","Saintpaul","Confirmed","Private home/residence","26","1","10","0","10","mango, unspecified","fruit, unspecified","Fruits",,,
"2001","3","Illinois","Food","Salmonella enterica","Enteritidis","Confirmed","Private home/residence","4","3","4","0","4","pork, pigs feet",,"Pork",,,
"2001","3","New York","Food","Salmonella enterica",,"Suspected","Unknown","13",,,,,"chicken, other",,"Chicken",,,
"2001","3","Washington","Food","Salmonella enterica",,"Suspected","Grocery store/bakery/deli/convenience store","6","0","6","0","6","chicken, nuggets/fingers",,"Multiple",,,
"2001","3","South Carolina","Food","Salmonella enterica","Enteritidis","Confirmed","Correctional/detention facility","552","0","552","0","552","tuna salad;salad bar",,"Multiple",,,
"2001","4","Multistate","Food","Salmonella enterica","Enteritidis","Confirmed","Other","3","1","3","0","3","nuts, almonds",,"Nuts-seeds",,,
"2001","4","Virginia","Food","Salmonella enterica","Enteritidis","Confirmed","Restaurant: Other","231","34","228","0","228","egg-based sauce, other",,"Multiple",,,
"2001","4","California","Food","Salmonella enterica","Braenderup","Suspected","Restaurant: Other","11","0","10","0","11","chicken, fried",,"Multiple",,,
"2001","4","Maine","Food","Salmonella enterica","Enteritidis","Confirmed","Restaurant: Other","42","5","42","0","42","hollandaise sauce;eggs benedict;egg-containing food, other",,"Multiple",,,
"2001","4","Multistate","Food","Salmonella enterica","Poona","Confirmed","Grocery store/bakery/deli/convenience store;Other","50","9","50","2","50","cantaloupe",,"Fruits",,,
"2001","4","Maine","Food","Salmonella enterica","Group B","Confirmed","Private home/residence","12","0","2","0","2","egg-containing food, other",,"Multiple",,,
"2001","4","Multistate","Food","Salmonella enterica","Muenchen","Confirmed","Religious facility","8","0","3","0","3",,,,,,
"2001","4","Florida","Food","Salmonella enterica","unknown","Confirmed","Other","2","1","2",,,"spaghetti, unspecified",,"Multiple",,,
"2001","4","Florida","Food","Salmonella enterica","unknown","Suspected","Restaurant: Other","2",,,,,"chicken, fried",,"Multiple",,,
"2001","4","Oregon","Food","Salmonella enterica","Heidelberg","Confirmed","Restaurant: Other","2","0","2","0","2",,,,,,
"2001","4","Multistate","Food","Salmonella enterica","Enteritidis","Confirmed","Restaurant: Other","35","2","35",,,"mung bean sprouts",,"Sprouts",,,
"2001","4","New York","Food","Salmonella enterica","Muenchen","Confirmed","Unknown","6",,,,,"ethnic style, unspecified",,,,,
"2001","4","Maryland","Food","Salmonella enterica","Enteritidis","Confirmed","Private home/residence","3","1","3","0","3","ice cream, homemade","egg","Eggs",,,
"2001","4","Maryland","Food","Salmonella enterica","Newport","Confirmed","Private home/residence","9","1","3","0","3","chicken, fried","chicken","Chicken",,,
"2001","4","Multistate","Food","Salmonella enterica","Newport","Confirmed","Restaurant: Other","27","12","27","0","27","multiple cheeses, unpasteurized","milk","Dairy",,,
"2001","4","Multistate","Food","Salmonella enterica",,"Confirmed","Long-term care/nursing home/assisted living facility;Restaurant: Other","2","0","0","0","0","cantaloupe",,"Fruits",,,
"2001","4","Hawaii","Food","Salmonella enterica","Weltevreden","Confirmed","Restaurant: Other;Other","3","2","3","0","3","pork, BBQ",,"Multiple",,,
"2001","4","Massachusetts","Food","Salmonella enterica","Heidelberg","Confirmed","Restaurant: Other;Other","29","3","26","0","26","egg-containing food, other",,"Multiple",,,
"2001","5","Texas","Food","Salmonella enterica","Enteritidis","Confirmed","Restaurant: Other;Caterer","29","0","24","0","24","cake, unspecified",,"Multiple",,,
"2001","5","Pennsylvania","Food","Salmonella enterica","Enteritidis","Confirmed","Unknown","4","1","4","0","4",,,,,,
"2001","5","California","Food","Salmonella enterica","Newport","Confirmed","Restaurant: Other;Private home/residence","8","3","8","0","8","cilantro, unspecified","Spices","Herbs",,,
"2001","5","Nevada","Food","Salmonella enterica","Group C1","Suspected","Correctional/detention facility","317","0","317","0","317","raw egg milkshake;eggs, unspecified",,"Multiple",,,
"2001","5","Maryland","Food","Salmonella enterica","Enteritidis","Confirmed","Restaurant: Other","3","0","3","0","3","pie, merengue",,"Multiple",,,
"2001","5","Minnesota","Food","Salmonella enterica","Enteritidis","Confirmed","Restaurant: Other","54","2","46","0","46","eggs benedict","egg","Eggs",,,
"2001","5","Texas","Food","Salmonella enterica","Group D1","Suspected","Caterer","23",,,,,"seafood salad;caesar salad",,"Multiple",,,
"2001","5","Iowa","Food","Salmonella enterica","Typhimurium","Confirmed","Private home/residence","21","3","10","0","10","speciality salads unspecified","chicken","Chicken",,,
"2001","5","New York","Food","Salmonella enterica","Typhimurium","Confirmed","Restaurant: Other","5","1","5","0","0","multiple foods",,,,,
"2001","5","Connecticut","Food","Salmonella enterica","Enteritidis","Confirmed","Restaurant: Other","6","1","6","0","6","ribs, beef",,"Beef",,,
"2001","5","New York","Food","Salmonella enterica","Oranienburg","Confirmed","Festival/fair;Private home/residence","10",,,,,"chicken, BBQ",,"Multiple",,,
"2001","5","Illinois","Food","Salmonella enterica","Group C1","Suspected","Restaurant: Other","14","1","14","0","14",,,,,,
"2001","6","Maryland","Food","Salmonella enterica","Enteritidis","Confirmed","Other;Private home/residence","26","3","26","0","26","spaghetti, unspecified;seafood pasta;deli tray",,"Multiple",,,
"2001","6","Virginia","Food","Salmonella enterica","Enteritidis","Confirmed","Restaurant: Other","28","5","21","0","21",,,,,,
"2001","6","Pennsylvania","Food","Salmonella enterica","Enteritidis","Confirmed","Caterer","12","3","9","0","9","pie, merengue;eggs, other",,"Multiple",,,
"2001","6","California","Food","Salmonella enterica","Poona","Confirmed","Other;Private home/residence;Restaurant: Other;Grocery store/bakery/deli/convenience store","23","4","19","0","23","watermelon;musk melon;honeydew melon",,"Fruits",,,
"2001","6","Maine","Food","Salmonella enterica","Enteritidis","Confirmed","Restaurant: Other","6",,,,,,,,,,
"2001","6","California","Food","Salmonella enterica","Enteritidis","Confirmed","Private home/residence;Restaurant: Other","17","0","17","0","17","chicken salad",,"Multiple",,,
"2001","6","District of Columbia","Food","Salmonella enterica","Braenderup","Confirmed","Restaurant: Other","21",,,,,"sandwich, other specialty",,"Multiple",,,
"2001","6","Texas","Food","Salmonella enterica","Panama","Confirmed","Camp","134","0","109","0","109","beans, BBQ",,"Multiple",,,
"2001","6","Wisconsin","Food","Salmonella enterica","Braenderup","Confirmed","Restaurant: Other","21","0","21","0","21","chicken, grilled",,"Chicken",,,
"2001","6","Maryland","Food","Salmonella enterica","Montevideo","Confirmed","Restaurant: Other;Grocery store/bakery/deli/convenience store","6","0","6","0","6",,,,,,
"2001","6","Maryland","Food","Salmonella enterica","unknown","Confirmed","Restaurant: Other","3","1","3","0","3",,,,,,
"2001","6","New York","Food","Salmonella enterica","Uganda","Confirmed","Restaurant: Other;Caterer","21","1","18","0","18","pork, roasted",,"Pork",,,
"2001","6","Idaho","Food","Salmonella enterica","Enteritidis","Confirmed","Private home/residence","12","4","4","0","0","ice cream, homemade","egg","Eggs",,,
"2001","6","Michigan","Food","Salmonella enterica","Typhimurium","Confirmed","Other;Camp","6","0","6","0","6",,,,,,
"2001","6","Florida","Food","Salmonella enterica","unknown","Confirmed","Restaurant: Other","2","1","2",,,"chicken, buffalo wings",,"Multiple",,,
"2001","6","Massachusetts","Food","Salmonella enterica","Enteritidis","Confirmed","Restaurant: Other","136","6","136","0","136","steak, other;salad dressing, unspecified;ice",,"Multiple",,,
"2001","6","Colorado","Food","Salmonella enterica","Newport","Confirmed","Private home/residence","8","1","8","0","8","potato salad",,"Multiple",,,
"2001","6","Minnesota","Food","Salmonella enterica","Enteritidis","Confirmed","Restaurant: Other","16","4","16","0","16","eggs, unspecified","egg","Eggs",,,
"2001","6","Connecticut","Food","Salmonella enterica","Saintpaul","Confirmed","Long-term care/nursing home/assisted living facility","5","2","5","0","5",,,,,,
"2001","6","New York","Food","Salmonella enterica","Enteritidis","Confirmed","Private home/residence","15","4","8",,,"chicken, baked",,"Chicken",,,
"2001","6","New York","Food","Salmonella enterica","Enteritidis","Confirmed","Restaurant: Other","7","0","7","0","7",,,,,,
"2001","6","Illinois","Food","Salmonella enterica","Enteritidis","Confirmed","Restaurant: Other","6","2","6","0","6",,,,,,
"2001","6","North Carolina","Food","Salmonella enterica","Enteritidis","Confirmed","Unknown","113","0",,"0",,"eggs, unspecified",,"Eggs",,,
"2001","7","Virginia","Food","Salmonella enterica","Enteritidis","Confirmed","Camp","74",,,,,,,,,,
"2001","7","Illinois","Food","Salmonella enterica","Enteritidis","Confirmed","Long-term care/nursing home/assisted living facility","47","4","47","0","47",,,,,,
"2001","7","Connecticut","Food","Salmonella enterica","Typhimurium","Confirmed","Restaurant: Other","7","0","3","0","3","chicken, other",,"Chicken",,,
"2001","7","Illinois","Food","Salmonella enterica","Typhimurium","Confirmed","Restaurant: Other","4","4","4","0","4",,,,,,
"2001","7","Massachusetts","Food","Salmonella enterica","Enteritidis","Confirmed","Restaurant: Other","46",,,"0","46","bearnaise sauce",,"Multiple",,,
"2001","7","Florida","Food","Salmonella enterica","unknown","Suspected","Caterer","2","1","2",,,"fish, bacalao (dried cod)",,"Fish",,,
"2001","7","Missouri","Food","Salmonella enterica",,"Confirmed","Private home/residence","26","1","26","0","26","ice cream, homemade","egg","Eggs",,,
"2001","7","Washington","Food","Salmonella enterica","Newport","Confirmed","Restaurant: Other","20","4","17","0","17","multiple foods",,,,,
"2001","7","Michigan","Food","Salmonella enterica","Enteritidis","Confirmed","Unknown","5","0",,"0",,"eggs, unspecified",,"Eggs",,,
"2001","7","Florida","Food","Salmonella enterica","Group B","Confirmed","Restaurant: Other","2",,,,,"chicken and noodles",,"Multiple",,,
"2001","7","Florida","Food","Salmonella enterica","unknown","Confirmed","Restaurant: Other","2",,,,,"chicken, other",,"Chicken",,,
"2001","7","Michigan","Food","Salmonella enterica",,"Confirmed","Restaurant: Other;Office/indoor workplace","34","2","34","0","34","tuna salad;egg salad/egg salad sandwich",,"Multiple",,,
"2001","7","Michigan","Food","Salmonella enterica","Oranienburg","Confirmed","Private home/residence","20","0","20","0","20","multiple foods;chicken, unspecified",,"Multiple",,,
"2001","7","South Dakota","Food","Salmonella enterica","Heidelberg","Confirmed","Restaurant: Other","21","2","21","0","21",,,,,,
"2001","7","Arizona","Food","Salmonella enterica","Enteritidis","Confirmed","Unknown","3","0",,"0",,,,,,,
"2001","7","New York","Food","Salmonella enterica","Enteritidis","Confirmed","Restaurant: Other","4",,,,,,,,,,
"2001","7","Maryland","Food","Salmonella enterica","Enteritidis","Confirmed","Restaurant: Other","2","1","2","0","2","seafood pasta",,"Multiple",,,
"2001","7","Pennsylvania","Food","Salmonella enterica","Enteritidis","Confirmed","Camp","13","0","12","0","12",,,,,,
"2001","7","Oklahoma","Food","Salmonella enterica","Berta","Confirmed","Other","51","5","36","0","36","pork, BBQ;ham, other;beef, BBQ","beef","Beef",,,
"2001","7","California","Food","Salmonella enterica","Poona","Suspected","Other","37","1","1","0","1",,,,,,
"2001","7","Ohio","Food","Salmonella enterica","Enteritidis","Confirmed","Restaurant: Other","14","6","13","0","13","lobster, unspecified;crab cakes",,"Multiple",,,
"2001","8","Ohio","Food","Salmonella enterica","Heidelberg","Confirmed","Private home/residence","17",,,,,,,,,,
"2001","8","Minnesota","Food","Salmonella enterica","Newport","Confirmed","Restaurant: Other","11","3","9","0","9","ethnic style, buffet",,,,,
"2001","8","Illinois","Food","Salmonella enterica","Enteritidis","Confirmed","Restaurant: Other","2","2","2","0","2",,,,,,
"2001","8","Illinois","Food","Salmonella enterica","Uganda","Confirmed","Grocery store/bakery/deli/convenience store","20","5","20","0","20","pork, other",,"Pork",,,
"2001","8","Maryland","Food","Salmonella enterica","Newport","Confirmed","Private home/residence;Restaurant: Other","5","1","5","0","5",,,,,,
"2001","8","Wyoming","Food","Salmonella enterica","Johannesburg","Confirmed","Restaurant: Other","4","1","3","0","4",,,,,,
"2001","8","Connecticut","Food","Salmonella enterica","Newport","Confirmed","Restaurant: Other","4","1","4","0","4","cheese, pasteurized",,"Dairy",,,
"2001","8","New York","Food","Salmonella enterica","Enteritidis","Confirmed","Restaurant: Other","11",,,,,"multiple foods",,,,,
"2001","8","Wisconsin","Food","Salmonella enterica","Javiana","Confirmed","Private home/residence","4",,,,,,,,,,
"2001","8","Pennsylvania","Food","Salmonella enterica","Typhimurium","Confirmed","Private home/residence","16","1","16","0","16","pork, unspecified",,"Pork",,,
"2001","9","Multistate","Food","Salmonella enterica","Senftenberg","Confirmed","Other;Grocery store/bakery/deli/convenience store","40","3","40",,,"grapes, green",,"Fruits",,,
"2001","9","Texas","Food","Salmonella enterica",,"Suspected","Restaurant: Other","4",,,,,"multiple salads",,,,,
"2001","9","Iowa","Food","Salmonella enterica","Enteritidis","Confirmed","Other","27",,,"0","27","chicken, nuggets/fingers","chicken","Chicken",,,
"2001","9","Florida","Food","Salmonella enterica","unknown","Confirmed","Restaurant: Other","2",,,,,"potato salad",,"Multiple",,,
"2001","9","New York","Food","Salmonella enterica","Typhimurium","Confirmed","Restaurant: Other","5","1","5",,,"multiple foods",,,,,
"2001","9","Arizona","Food","Salmonella enterica","Anatum","Confirmed","Private home/residence","35","1","35",,,"potato salad",,"Multiple",,,
"2001","9","Ohio","Food","Salmonella enterica","Typhimurium","Confirmed","Restaurant: Other","8",,,,,,,,,,
"2001","10","New York","Food","Salmonella enterica","Enteritidis","Confirmed","Restaurant: Other","40",,,,,"cake, unspecified",,"Multiple",,,
"2001","10","Washington","Food","Salmonella enterica","Heidelberg","Confirmed","Restaurant: Other","2","0","2","0","2","sandwich, chicken",,"Multiple",,,
"2001","10","Vermont","Food","Salmonella enterica","Typhimurium","Confirmed","School/college/university","4","2","3","0","3",,,,,,
"2001","11","Maryland","Food","Salmonella enterica","Enteritidis","Confirmed","Private home/residence","7","1","7","0","7",,,,,,
"2001","11","Florida","Food","Salmonella enterica","unknown","Confirmed","Restaurant: Other","2",,,,,"soup, wonton",,"Multiple",,,
"2001","11","New York","Food","Salmonella enterica","Enteritidis","Confirmed","Restaurant: Other","17","2","17",,,"turkey, roasted",,"Turkey",,,
"2001","11","Texas","Food","Salmonella enterica","Typhimurium","Confirmed","Correctional/detention facility","404","0","400","4","400",,,,,,
"2001","11","Florida","Food","Salmonella enterica","Enteritidis","Confirmed","Restaurant: Other","4","1","3","0","3","sandwich, turkey",,"Multiple",,,
"2001","11","Washington","Food","Salmonella enterica","Enteritidis","Confirmed","Unknown","5","0",,"0",,,,,,,
"2001","11","Washington","Food","Salmonella enterica","Enteritidis","Confirmed","Unknown","12","0",,"0",,,,,,,
"2001","12","Michigan","Food","Salmonella enterica","Enteritidis","Confirmed","Other","8","1","8","0","8",,,,,,
"2001","12","California","Food","Salmonella enterica","Newport","Confirmed","Other","38","14","38","0","38","queso fresco, unspecified","milk","Dairy",,,
"2001","12","Florida","Food","Salmonella enterica","Oritamerin","Confirmed","Restaurant: Other","26","4","26","0","26","shrimp coconut",,"Multiple",,,
"2001","12","Maryland","Food","Salmonella enterica","Enteritidis","Confirmed","Other","2","1","2",,,,,,,,
"2001","12","Colorado","Food","Salmonella enterica",,"Confirmed","Caterer","4",,,,,"chicken, other",,"Chicken",,,
"2001","12","Oklahoma","Food","Salmonella enterica","Anatum","Confirmed","Restaurant: Other","7","3","7","0","7",,,,,,
"2002","1","Colorado","Food","Salmonella enterica","Newport","Confirmed","Restaurant: Other","3","2","3",,,"chicken, fried",,"Multiple",,,
"2002","1","Illinois","Food","Salmonella enterica","Enteritidis","Confirmed","Restaurant: Other","130","36","71","0","74",,,,,,
"2002","1","Illinois","Food","Salmonella enterica","Enteritidis","Confirmed","Restaurant: Other","5",,,"0","5",,,,,,
"2002","1","Massachusetts","Food","Salmonella enterica","Typhimurium var Cope","Confirmed","Restaurant: Other","10","0","10","0","10","mushrooms, unspecified",,"Fungi",,,
"2002","1","Florida","Food","Salmonella enterica",,"Suspected","Restaurant: Other","2","1","2",,,"pork, unspecified;broccoli, unspecified;beef, other",,"Multiple",,,
"2002","1","Florida","Food","Salmonella enterica",,"Confirmed","Restaurant: Other","6","3","6","0","6",,,,,,
"2002","1","Maine","Food","Salmonella enterica","Enteritidis","Confirmed","Unknown","15","1","1",,,"pad thai, unspecified","sprouts","Sprouts",,,
"2002","1","Alaska","Food","Salmonella enterica","Typhimurium","Confirmed","Restaurant: Other","7","0","7","0","7",,,,,,
"2002","2","Connecticut","Food","Salmonella enterica","Enteritidis","Confirmed","Long-term care/nursing home/assisted living facility","3","0","3","0","3",,,,,,
"2002","2","Multistate","Food","Salmonella enterica","Newport","Confirmed","Private home/residence","8","3","7","0","7","grape tomato",,"Seeded Vegetables",,,
"2002","2","Florida","Food","Salmonella enterica","Group B","Suspected","Other","2","1","2","0","2","sandwich, other specialty",,"Multiple",,,
"2002","2","New York","Food","Salmonella enterica","Infantis","Confirmed","Private home/residence","10",,,,,"ground beef, unspecified",,"Beef",,,
"2002","2","Oregon","Food","Salmonella enterica","Newport","Confirmed","Unknown","27",,,,,,,,,,
"2002","2","Missouri","Food","Salmonella enterica","Heidelberg","Confirmed","Restaurant: Other","104","22","104",,,"macaroni and cheese","egg","Eggs",,,
"2002","2","Michigan","Food","Salmonella enterica","Enteritidis","Confirmed","Restaurant: Other","196","24","165","0","165","cannelloni;cake, cassata","egg","Eggs",,,
"2002","2","Multistate","Food","Salmonella enterica","Newport","Confirmed","Private home/residence","47","12","34","1","34","ground beef, unspecified",,"Beef",,,
"2002","3","Tennessee","Food","Salmonella enterica","Heidelberg","Suspected","Private home/residence","18","0","16","0","16","egg-containing food, other",,"Multiple",,,
"2002","3","Illinois","Food","Salmonella enterica","Heidelberg","Confirmed","Restaurant: Other","22","6","21","0","22",,,,,,
"2002","3","Texas","Food","Salmonella enterica","Enteritidis","Confirmed","Restaurant: Other","700","3","41","0","41","salsa, unspecified",,"N/A",,,
"2002","3","Virginia","Food","Salmonella enterica","Newport","Confirmed","Private home/residence","10","2","10","0","10","turkey, roasted",,"Turkey",,,
"2002","4","Minnesota","Food","Salmonella enterica","Enteritidis","Confirmed","Restaurant: Other","2","0","2","0","2","poultry, unspecified",,"N/A",,,
"2002","4","Florida","Food","Salmonella enterica",,"Suspected","Restaurant: Other","4",,,,,"chicken, fried","chicken","Chicken",,,
"2002","4","Maryland","Food","Salmonella enterica","unknown","Suspected","Restaurant: Other","2","1","2","0","2","caesar salad","leafy green","Vegetable Row Crops",,,
"2002","4","Wisconsin","Food","Salmonella enterica","Enteritidis","Confirmed","Restaurant: Other","44","1","44","0","44","sandwich, chicken parmesan",,"Multiple",,,
"2002","4","Wisconsin","Food","Salmonella enterica","Hartford","Confirmed","Restaurant: Other","43",,,"0","43","refried beans, unspecified",,"Multiple",,,
"2002","4","North Carolina","Food","Salmonella enterica","Heidelberg","Confirmed","Restaurant: Other","239","22","86","0","239","potato, mashed;gravy, beef",,"Multiple",,,
"2002","4","Oregon","Food","Salmonella enterica","Enteritidis","Confirmed","Restaurant: Other","5","0","5","0","5","chicken",,"Chicken",,,
"2002","4","California","Food","Salmonella enterica","Newport","Confirmed","Restaurant: Other","21","2","14","0","14","beef, unspecified","beef","Beef",,,
"2002","4","Pennsylvania","Food","Salmonella enterica","Enteritidis","Confirmed","Restaurant: Other","3","1","3","0","3","lasagna, mixed meat;ground beef, meatballs","beef","Beef",,,
"2002","4","Oregon","Food","Salmonella enterica","Muenchen","Confirmed","Unknown","4","0","4","0","4",,,,,,
"2002","4","Multistate","Food","Salmonella enterica","Poona","Confirmed","Long-term care/nursing home/assisted living facility;Private home/residence;Grocery store/bakery/deli/convenience store","48","10",,,,"cantaloupe",,"Fruits",,,
"2002","5","Georgia","Food","Salmonella enterica","Heidelberg","Confirmed","Other","4",,"0",,"0","refried beans, unspecified;pasta, unspecified",,"Multiple",,,
"2002","5","California","Food","Salmonella enterica","Stanley","Confirmed","Other","8","0","8","0","8","chicken, BBQ;carne asada",,"Multiple",,,
"2002","5","Delaware","Food","Salmonella enterica","Heidelberg","Confirmed","Restaurant: Other","21","4","16","0","16","chicken, buffalo wings;cheese sauce",,"Multiple",,,
"2002","5","Florida","Food","Salmonella enterica",,"Confirmed","Other;Restaurant: Other","15","0","7","0","7","soup, other fish",,"Multiple",,,
"2002","5","California","Food","Salmonella enterica",,"Suspected","Restaurant: Other","2","1","2","0","2","fried onions/onion rings, unspecified",,"Multiple",,,
"2002","5","Massachusetts","Food","Salmonella enterica","Enteritidis","Confirmed","Restaurant: Other","10","1","10","0","10",,,,,,
"2002","5","Florida","Food","Salmonella enterica",,"Suspected","Restaurant: Other","2",,,,,"turkey, roasted",,"Turkey",,,
"2002","5","District of Columbia","Food","Salmonella enterica",,"Confirmed","Caterer","14","1","13","0","13","sandwich, chicken",,"Multiple",,,
"2002","5","Maryland","Food","Salmonella enterica","unknown","Confirmed","Restaurant: Other","2","0","0","0","2","steak, unspecified",,"Beef",,,
"2002","5","Illinois","Food","Salmonella enterica","Enteritidis","Confirmed","Other","8","0","8","0","8",,,,,,
"2002","6","Florida","Food","Salmonella enterica",,"Suspected","Restaurant: Other","2","1","2",,,"chicken, roasted",,"Chicken",,,
"2002","6","District of Columbia","Food","Salmonella enterica","Muenchen","Confirmed","Restaurant: Other","57","3","40","0","40","pasta salad",,"Multiple",,,
"2002","6","Washington","Food","Salmonella enterica","Brandenburg","Confirmed","Private home/residence","19","1","18","0","18","multiple foods",,,,,
"2002","6","Florida","Food","Salmonella enterica","unknown","Suspected","Restaurant: Other","3",,,,,"shrimp salad",,"Multiple",,,
"2002","6","Florida","Food","Salmonella enterica",,"Suspected","Restaurant: Other","2","0","2","0","2","eggs, over-easy",,"Eggs",,,
"2002","6","Florida","Food","Salmonella enterica",,"Confirmed","Restaurant: Other","3","1","3","0","3","multiple foods","chicken","Chicken",,,
"2002","6","Illinois","Food","Salmonella enterica","Heidelberg","Confirmed","Restaurant: Other","19","3","19","0","19",,,,,,
"2002","6","Tennessee","Food","Salmonella enterica","Miami","Confirmed","Restaurant: Other","178","22","178","1","178",,,,,,
"2002","6","Tennessee","Food","Salmonella enterica","Anatum","Confirmed","Restaurant: Other","16","0","16","0","16","salsa, unspecified",,"N/A",,,
"2002","6","New York","Food","Salmonella enterica","Enteritidis","Confirmed","Banquet Facility (food prepared and served on-site)","146","7","146",,,"multiple foods",,,,,
"2002","6","Illinois","Food","Salmonella enterica","Newport","Confirmed","Private home/residence","26","2","21","0","24","pork, roasted",,"Pork",,,
"2002","6","California","Food","Salmonella enterica","Typhimurium","Confirmed","Other","18",,,,,,,,,,
"2002","6","Michigan","Food","Salmonella enterica","Anatum","Confirmed","Restaurant: Other","36","7","15","0","15",,,,,,
"2002","6","Pennsylvania","Food","Salmonella enterica","Enteritidis","Confirmed","Restaurant: Other","15","0","0","0","0","ham, unspecified;chicken, unspecified","pork;chicken","Multiple",,,
"2002","6","New York","Food","Salmonella enterica","Panama","Confirmed","Private home/residence","11","3","11",,,"lamb, unspecified",,"Other Meat",,,
"2002","6","North Carolina","Food","Salmonella enterica","Enteritidis","Confirmed","Unknown","23","4","16","0","16",,,,,,
"2002","6","California","Food","Salmonella enterica","Typhimurium","Confirmed","Unknown","15","1","15","0","15",,,,,,
"2002","6","California","Food","Salmonella enterica","Heidelberg","Confirmed","Private home/residence","17","0","14","0","14","taco, beef","beef","Beef",,,
"2002","6","Florida","Food","Salmonella enterica","Javiana","Confirmed","Restaurant: Other;Other","159","3","80","0","80","tomato, unspecified",,"Seeded Vegetables",,,
"2002","6","Kansas","Food","Salmonella enterica","Newport","Confirmed","Unknown","4","0","4","0","4",,,,,,
"2002","6","Massachusetts","Food","Salmonella enterica","Javiana","Confirmed","Restaurant: Other;Other","3","1","3","0","3","tomato, unspecified",,"Seeded Vegetables",,,
"2002","7","Wisconsin","Food","Salmonella enterica","Newport","Confirmed","Restaurant: Other","10","0","7","0","7","sandwich, unspecified",,"Multiple",,,
"2002","7","Minnesota","Food","Salmonella enterica","Newport","Confirmed","Restaurant: Other","20","1","15","0","15",,,,,,
"2002","7","Wisconsin","Food","Salmonella enterica","Typhimurium","Confirmed","Restaurant: Other","14","3","12","0","12",,,,,,
"2002","7","Maryland","Food","Salmonella enterica","Enteritidis","Confirmed","Restaurant: Other","11","2","11",,,,,,,,
"2002","7","Multistate","Food","Salmonella enterica","Newport","Confirmed","Hospital;Restaurant: Other;School/college/university","510","43","510","0","510","tomato, unspecified",,"Seeded Vegetables",,,
"2002","7","Pennsylvania","Food","Salmonella enterica","Enteritidis","Confirmed","Restaurant: Other;Festival/fair;Caterer","8","1","8","0","8","crab cakes","Stuffing;egg","Multiple",,,
"2002","7","New York","Food","Salmonella enterica","Newport","Suspected","Private home/residence","14",,,,,"macaroni salad;beef, BBQ",,"Multiple",,,
"2002","7","Maryland","Food","Salmonella enterica","Enteritidis","Confirmed","Restaurant: Other","3","1","3",,,"sandwich, submarine",,"Multiple",,,
"2002","7","Pennsylvania","Food","Salmonella enterica","Typhimurium","Confirmed","Other","18","0","0","0","0","pork, roasted","pork","Pork",,,
"2002","7","Florida","Food","Salmonella enterica","Johannesburg","Confirmed","Private home/residence","56","4","17","0","53","potato salad;mustard greens, unspecified",,"Multiple",,,
"2002","7","Colorado","Food","Salmonella enterica","Newport","Confirmed","Private home/residence;Restaurant: Other","13","6","13","0","13","cilantro, unspecified",,"Herbs",,,
"2002","7","Florida","Food","Salmonella enterica",,"Confirmed","Restaurant: Other","5","4","5",,,"potato, mashed",,"Multiple",,,
"2002","7","North Carolina","Food","Salmonella enterica",,"Suspected","Restaurant: Other","2",,,,,,,,,,
"2002","7","Wisconsin","Food","Salmonella enterica","Enteritidis","Confirmed","Other;Restaurant: Other","4","2","4","0","4",,,,,,
"2002","8","Maryland","Food","Salmonella enterica","Newport","Confirmed","Restaurant: Other","25","3","18",,,"multiple salads",,,,,
"2002","8","South Carolina","Food","Salmonella enterica","Heidelberg","Confirmed","Correctional/detention facility","26","1","1","0","0","watermelon;ground beef, hamburger;biscuit, unspecified",,"Multiple",,,
"2002","8","Washington","Food","Salmonella enterica","Agona","Confirmed","Private home/residence","17","2","16","0","16","goat, other",,"Other Meat",,,
"2002","8","Kansas","Food","Salmonella enterica","Typhimurium","Confirmed","Private home/residence","10","1","10","0","10","ice cream, homemade","egg","Eggs",,,
"2002","8","Florida","Food","Salmonella enterica",,"Suspected","Caterer","2",,,,,"shrimp creole",,"Multiple",,,
"2002","8","Florida","Food","Salmonella enterica",,"Suspected","Restaurant: Other","2",,,,,"chicken, nuggets/fingers",,"Multiple",,,
"2002","8","Iowa","Food","Salmonella enterica","Enteritidis","Confirmed","Restaurant: Other","47","7","45","0","47","mashed potato/gravy",,"Multiple",,,
"2002","8","North Carolina","Food","Salmonella enterica","Enteritidis","Confirmed","Restaurant: Other","4","0","4","0","4",,,,,,
"2002","8","Maryland","Food","Salmonella enterica","Typhimurium","Confirmed","Restaurant: Other","3","1","3","0","3","seafood pasta",,"Multiple",,,
"2002","8","Virginia","Food","Salmonella enterica","Enteritidis","Confirmed","Restaurant: Other","40","1","40","0","40","house salad",,"Multiple",,,
"2002","8","Maryland","Food","Salmonella enterica","Javiana","Confirmed","Private home/residence","10","2","8","0","8","soup, garri egusi;bean dishes",,"Multiple",,,
"2002","8","Kentucky","Food","Salmonella enterica","Enteritidis","Confirmed","Private home/residence","6",,,,,"ice cream, homemade","egg","Eggs",,,
"2002","8","Wyoming","Food","Salmonella enterica","Typhimurium","Confirmed","School/college/university","116","4","116","0","116","milk, 2% milk pasteurized",,"Dairy",,,
"2002","8","Missouri","Food","Salmonella enterica","Heidelberg","Confirmed","Restaurant: Other;Private home/residence","11","4","11","0","11",,,,,,
"2002","8","New York","Food","Salmonella enterica","Enteritidis","Confirmed","Banquet Facility (food prepared and served on-site)","11",,,,,"multiple foods",,,,,
"2002","8","Nebraska","Food","Salmonella enterica","Heidelberg","Confirmed","Restaurant: Other","10","2","9","0","9","pie, cream",,"Multiple",,,
"2002","8","Georgia","Food","Salmonella enterica","Newport","Confirmed","Unknown","19","0","18","0","18",,,,,,
"2002","9","Wisconsin","Food","Salmonella enterica",,"Confirmed","Restaurant: Other","12",,,,,,,,,,
"2002","9","Maryland","Food","Salmonella enterica","Newport","Confirmed","Restaurant: Other","7","1","2","0","2","house salad",,"Multiple",,,
"2002","9","Wisconsin","Food","Salmonella enterica",,"Confirmed","Private home/residence;Other","16",,,"0","15","chicken, baked",,"Chicken",,,
"2002","9","Florida","Food","Salmonella enterica","Rubislaw","Confirmed","Private home/residence","5","3","5","0","5","chicken, other",,"Chicken",,,
"2002","9","Virginia","Food","Salmonella enterica","Newport","Confirmed","School/college/university","15","1","15","0","15",,,,,,
"2002","9","California","Food","Salmonella enterica",,"Confirmed","School/college/university","8","0","6","0","6","coleslaw","Sauces/ Dressings;leafy green","Multiple",,,
"2002","9","Mississippi","Food","Salmonella enterica","Group B","Confirmed","Correctional/detention facility","63","0","63","0","63",,,,,,
"2002","9","Florida","Food","Salmonella enterica",,"Suspected","Restaurant: Other","2","2","2",,,,,,,,
"2002","9","Washington","Food","Salmonella enterica","Hadar","Suspected","Religious facility","23","0","9","0","9","chicken salad",,"Multiple",,,
"2002","9","Washington","Food","Salmonella enterica","Berta","Confirmed","Caterer","29",,,,,"watermelon;grapes, unspecified;cantaloupe",,"Fruits",,,
"2002","9","Alaska","Food","Salmonella enterica","Heidelberg","Confirmed","Unknown","31",,,,,"salmon, unspecified;pie, apple",,"Multiple",,,
"2002","9","Michigan","Food","Salmonella enterica","Bovismorbificans","Confirmed","Private home/residence","7","2","6","0","6","homemade cheese, unspecified",,"Dairy",,,
"2002","10","Texas","Food","Salmonella enterica","Choleraesuis","Confirmed","Restaurant: Other","33","11","33","0","33","potato, mashed",,"Multiple",,,
"2002","10","Arkansas","Food","Salmonella enterica","Newport","Confirmed","Camp;Other","7","4","5","0","5","beans, baked","Vine-stalk eg. tomato","Seeded Vegetables",,,
"2002","10","Maine","Food","Salmonella enterica","Group B","Confirmed","Private home/residence","6","0","4","0","4","sandwich, other egg/poultry",,"Multiple",,,
"2002","10","California","Food","Salmonella enterica",,"Confirmed","Long-term care/nursing home/assisted living facility","18","4","18","1","18",,,,,,
"2002","10","Minnesota","Food","Salmonella enterica","Enteritidis","Confirmed","Private home/residence","23","2","8","0","18","fried rice, unspecified",,"Multiple",,,
"2002","10","Tennessee","Food","Salmonella enterica","Typhimurium","Confirmed","Religious facility","17","0","17","0","17",,,,,,
"2002","10","Florida","Food","Salmonella enterica","unknown","Suspected","Restaurant: Other","9","1","9",,,"BBQ, unspecified",,"Multiple",,,
"2002","10","Wisconsin","Food","Salmonella enterica","Typhimurium","Confirmed","Festival/fair","4","1","4","0","4","beef/steak dish, other",,"Multiple",,,
"2002","10","Idaho","Food","Salmonella enterica","Brandenburg","Confirmed","Restaurant: Other","17","3","17","0","17","BBQ, unspecified",,"Multiple",,,
"2002","11","Maryland","Food","Salmonella enterica","Typhi","Confirmed","Restaurant: Other","4","1","4","0","4",,,,,,
"2002","11","Ohio","Food","Salmonella enterica","Typhimurium","Confirmed","Restaurant: Other","107","6","45","0","107","other milk, unpasteurized","milk","Dairy",,,
"2002","11","Washington","Food","Salmonella enterica","Infantis","Confirmed","Restaurant: Other","7","0","4","0","4","pork, sweet and sour",,"Multiple",,,
"2002","11","Ohio","Food","Salmonella enterica","Enteritidis","Confirmed","Restaurant: Other","34","6","34","0","34","stuffing, unspecified","egg","Eggs",,,
"2002","11","Georgia","Food","Salmonella enterica",,"Suspected","Private home/residence","20",,,,,,,,,,
"2002","11","Idaho","Food","Salmonella enterica","Enteritidis","Confirmed","Restaurant: Other","19","2","19","0","19","shell egg, other;french toast, unspecified",,"Multiple",,,
"2002","11","Minnesota","Food","Salmonella enterica","Typhimurium","Confirmed","Restaurant: Other","29","3","29","0","29",,,,,,
"2002","11","New York","Food","Salmonella enterica","Typhimurium","Confirmed","Unknown","3","1","3",,,,,,,,
"2002","12","California","Food","Salmonella enterica","Enteritidis","Confirmed","Private home/residence","90","2","90","0","90","pork, other;beef, unspecified",,"Multiple",,,
"2002","12","Florida","Food","Salmonella enterica",,"Suspected","Restaurant: Other","4",,,,,"chicken, nuggets/fingers",,"Multiple",,,
"2002","12","Washington","Food","Salmonella enterica","Enteritidis","Confirmed","Private home/residence;Restaurant: Other","40","2","40","0","40","eggs, unspecified","egg","Eggs",,,
"2002","12","Colorado","Food","Salmonella enterica","Newport","Confirmed","Restaurant: Other","51","2","49","0","49","fruit salad",,"Multiple",,,
"2002","12","Washington","Food","Salmonella enterica","Heidelberg","Suspected","Private home/residence","4","0","4","0","4","turkey, smoked",,"Turkey",,,
"2002","12","Texas","Food","Salmonella enterica","Montevideo","Confirmed","Other","55","6","55","0","55","ham, unspecified;beef, BBQ",,"Multiple",,,
"2002","12","Guam","Food","Salmonella enterica",,"Suspected","Private home/residence","5","0","0","0","5","ethnic style, unspecified",,,,,
"2003","1","Multistate","Food","Salmonella enterica","Newport","Confirmed","Hospital;Restaurant: Other;Long-term care/nursing home/assisted living facility;Caterer;Private home/residence;Grocery store/bakery/deli/convenience store","68","13","18","2","18","honeydew melon",,"Fruits",,,
"2003","1","California","Food","Salmonella enterica","Heidelberg","Confirmed","Hospital","2",,,,,,,,,,
"2003","1","California","Food","Salmonella enterica","Saintpaul","Confirmed","Restaurant: Other","14","1","10",,,,,,,,
"2003","1","Indiana","Food","Salmonella enterica","Typhimurium var Cope","Confirmed","Private home/residence","15","4","9","0","9","stuffing, unspecified",,"Multiple",,,
"2003","1","Tennessee","Food","Salmonella enterica","Typhimurium","Confirmed","Restaurant: Other","4","0","4","0","4",,,,,,
"2003","2","Multistate","Food","Salmonella enterica","Saintpaul","Confirmed","Other;Grocery store/bakery/deli/convenience store","16","0",,"0",,"alfalfa sprouts",,"Sprouts",,,
"2003","2","Washington","Food","Salmonella enterica","Enteritidis","Confirmed","Private home/residence","8","2","8",,,,,,,,
"2003","2","Florida","Food","Salmonella enterica",,"Suspected","Restaurant: Other","3",,,,,"multiple foods",,,,,
"2003","3","Multistate","Food","Salmonella enterica","Enteritidis","Confirmed","Other","42","10","30","1","30","nuts, almonds",,"Nuts-seeds",,,
"2003","3","California","Food","Salmonella enterica","Heidelberg","Confirmed","Private home/residence","12","5","12","0","12",,,,,,
"2003","3","Florida","Food","Salmonella enterica",,"Suspected","Restaurant: Other","29",,,,,"ranch dressing",,"Multiple",,,
"2003","3","Florida","Food","Salmonella enterica","Group B","Confirmed","Restaurant: Other","24","3","23",,,"sandwich, pork",,"Multiple",,,
"2003","3","California","Food","Salmonella enterica","Enteritidis","Confirmed","Restaurant: Other","7","0","7","0","7","omelette;eggs, other;eggs benedict","egg","Eggs",,,
"2003","3","California","Food","Salmonella enterica","Hadar","Confirmed","Restaurant: Other","3","2","3",,,"burrito, chicken",,"Multiple",,,
"2003","3","Florida","Food","Salmonella enterica",,"Suspected","Restaurant: Other","3",,,,,"chicken, fried",,"Multiple",,,
"2003","3","New York","Food","Salmonella enterica","Reading","Confirmed","Restaurant: Other","4",,,,,"corned beef, unspecified",,"Beef",,,
"2003","3","Florida","Food","Salmonella enterica","Group B","Confirmed","Restaurant: Other","2","2","2",,,,,,,,
"2003","3","Pennsylvania","Food","Salmonella enterica","Enteritidis","Confirmed","Private home/residence","3","1","2","0","2","shell eggs, fried soft","egg","Eggs",,,
"2003","3","Washington","Food","Salmonella enterica","Montevideo","Suspected","Restaurant: Other","3","0","3","0","3",,,,,,
"2003","3","Washington","Food","Salmonella enterica","Enteritidis","Confirmed","Restaurant: Other","47","1",,"0",,"ice cream, fried;eggs, other",,"Multiple",,,
"2003","3","Oregon","Food","Salmonella enterica","Enteritidis","Confirmed","Restaurant: Other","37","0","0","0","0","sandwich, french dip;salad, unspecified",,"Multiple",,,
"2003","3","California","Food","Salmonella enterica","Virchow","Confirmed","Other","11","2","11","0","11","tomato, unspecified",,"Seeded Vegetables",,,
"2003","3","Pennsylvania","Food","Salmonella enterica","Enteritidis","Confirmed","Unknown","2","1","2","0","2",,,,,,
"2003","3","California","Food","Salmonella enterica",,"Confirmed","Other","13","2","13",,,"strawberries",,"Fruits",,,
"2003","4","Michigan","Food","Salmonella enterica",,"Suspected","Private home/residence","27",,,,,"ground beef, unspecified;cake, unspecified",,"Multiple",,,
"2003","4","California","Food","Salmonella enterica","Oranienburg","Confirmed","Restaurant: Other","11","2","11","0","11",,,,,,
"2003","4","New York","Food","Salmonella enterica","Heidelberg","Confirmed","Restaurant: Other","6","3","6",,,,,,,,
"2003","4","Wisconsin","Food","Salmonella enterica","Agona","Confirmed","Other","47","8","47","0","47",,,,,,
"2003","4","Pennsylvania","Food","Salmonella enterica","Typhimurium","Confirmed","Private home/residence","67","2","22","0","22","soup, mushroom;soup, chicken;eggs, unspecified",,"Multiple",,,
"2003","4","Wyoming","Food","Salmonella enterica","Heidelberg","Confirmed","Restaurant: Other","65","14","65","0","65","swiss cheese, pasteurized;mushrooms, canned",,"Multiple",,,
"2003","5","California","Food","Salmonella enterica","unknown","Confirmed","Caterer;Other;Private home/residence","23",,,"0","20","bottled water",,"Other",,,
"2003","5","Minnesota","Food","Salmonella enterica","Enteritidis","Confirmed","Restaurant: Other","4","1","4","0","4","shell egg, other","egg","Eggs",,,
"2003","5","New York","Food","Salmonella enterica","Heidelberg","Confirmed","Restaurant: Other","15","7","15",,,,,,,,
"2003","5","Michigan","Food","Salmonella enterica","Enteritidis","Confirmed","Grocery store/bakery/deli/convenience store;Other;Private home/residence","17","1","17","0","0",,,,,,
"2003","5","Washington","Food","Salmonella enterica","Weltevreden","Confirmed","Private home/residence","4",,,,,,,,,,
"2003","5","New York","Food","Salmonella enterica",,"Confirmed","Private home/residence","7","1","7",,,"chicken, other","chicken","Chicken",,,
"2003","5","New Mexico","Food","Salmonella enterica","Kiambu","Confirmed","Other","23","0","18","0","18","beef, jerky",,"Beef",,,
"2003","5","Oregon","Food","Salmonella enterica","Newport","Confirmed","Other","8","0","0","1","1",,,,,,
"2003","5","Massachusetts","Food","Salmonella enterica","Heidelberg","Suspected","Unknown","20","3","12","0","20",,,,,,
"2003","5","Michigan","Food","Salmonella enterica",,"Suspected","Restaurant: Other","3","1","3",,,,,,,,
"2003","5","Missouri","Food","Salmonella enterica","Javiana","Confirmed","Hospital;Office/indoor workplace;Restaurant: Other","641",,,,,,,,,,
"2003","5","Multistate","Food","Salmonella enterica","Muenchen","Confirmed","Private home/residence;Child daycare/preschool;Grocery store/bakery/deli/convenience store","58","15","44",,,"honeydew melon;cantaloupe",,"Fruits",,,
"2003","5","Wisconsin","Food","Salmonella enterica","Enteritidis","Confirmed","Correctional/detention facility","3",,,,,"eggs, unspecified",,"Eggs",,,
"2003","6","California","Food","Salmonella enterica","Muenchen","Confirmed","Restaurant: Other","6","0","6","0","6",,,,,,
"2003","6","Ohio","Food","Salmonella enterica","Saintpaul","Confirmed","Hospital","5",,,,,,,,,,
"2003","6","Multistate","Food","Salmonella enterica","Enteritidis","Confirmed","Restaurant: Other;Grocery store/bakery/deli/convenience store","40","1","40","0","40","potato salad",,"Multiple",,,
"2003","6","Pennsylvania","Food","Salmonella enterica","Enteritidis","Confirmed","Unknown","2","1","2","0","0",,,,,,
"2003","6","Pennsylvania","Food","Salmonella enterica","Enteritidis","Confirmed","Restaurant: Other","8",,,,,,,,,,
"2003","6","Ohio","Food","Salmonella enterica","Newport","Confirmed","Other;Restaurant: Other;Grocery store/bakery/deli/convenience store","13","1","10","0","0",,,,,,
"2003","6","New Mexico","Food","Salmonella enterica","Typhimurium","Confirmed","Restaurant: Other","64",,,,,,,,,,
"2003","6","Georgia","Food","Salmonella enterica","Berta","Confirmed","Restaurant: Other","31","5","30","1","31",,,,,,
"2003","6","Florida","Food","Salmonella enterica","Typhimurium","Confirmed","Restaurant: Other","30","3","10",,,"barbecue sauce",,"N/A",,,
"2003","6","Ohio","Food","Salmonella enterica","Enteritidis","Confirmed","Restaurant: Other","17","7","17","0","17","pie, merengue","egg","Eggs",,,
"2003","6","Illinois","Food","Salmonella enterica","Javiana","Confirmed","Restaurant: Other","227","9","227","0","227","taco, chicken;fajita, chicken",,"Multiple",,,
"2003","6","Tennessee","Food","Salmonella enterica","Enteritidis","Confirmed","Restaurant: Other","5","2","4","0","4","omelette;ham, other;cheese dish, other",,"Multiple",,,
"2003","6","Maryland","Food","Salmonella enterica","Lika","Confirmed","Private home/residence","3","1","3","0","3","unspecified grains",,"Grains-beans",,,
"2003","6","California","Food","Salmonella enterica","Heidelberg","Confirmed","Restaurant: Other","9","3","9","0","9","refried beans, unspecified;eggs, unspecified",,"Multiple",,,
"2003","6","Arkansas","Food","Salmonella enterica","Enteritidis","Confirmed","Correctional/detention facility","29","1","22","0","22",,,,,,
"2003","6","California","Food","Salmonella enterica","Saintpaul","Confirmed","Private home/residence;Restaurant: Other","17","1","12","0","12","tomato, unspecified;mango, unspecified",,"Multiple",,,
"2003","7","North Carolina","Food","Salmonella enterica","Heidelberg","Confirmed","Private home/residence;Other","13","0","0","0","0","tortilla, unspecified","egg","Eggs",,,
"2003","7","Georgia","Food","Salmonella enterica","Uganda","Confirmed","Grocery store/bakery/deli/convenience store","11","1","11","0","11","carnitas, unspecified","pork","Pork",,,
"2003","7","Georgia","Food","Salmonella enterica","Enteritidis","Confirmed","Hospital","38",,,,,"eggs, scrambled","egg","Eggs",,,
"2003","7","Pennsylvania","Food","Salmonella enterica","Enteritidis","Confirmed","Restaurant: Other","9","0","9","0","9","pie, merengue","egg","Eggs",,,
"2003","7","Texas","Food","Salmonella enterica","Heidelberg","Confirmed","Correctional/detention facility","517",,,,,"green pea salad;chicken, baked","egg;chicken","Multiple",,,
"2003","7","Missouri","Food","Salmonella enterica","Enteritidis","Confirmed","Restaurant: Other","15",,,,,"sauces, unspecified;chicken, unspecified","chicken","Chicken",,,
"2003","7","Oregon","Food","Salmonella enterica","Typhimurium","Confirmed","Restaurant: Other","11","2","11","0","11","guacamole, unspecified",,"N/A",,,
"2003","7","California","Food","Salmonella enterica","Brandenburg","Confirmed","Other","8","0","8","0","8",,,,,,
"2003","7","Washington","Food","Salmonella enterica","Typhimurium","Suspected","Restaurant: Other","3","0","3","0","3","chicken, teriyaki",,"Multiple",,,
"2003","7","Virginia","Food","Salmonella enterica","Enteritidis","Confirmed","Restaurant: Other","9","2","9","0","9","crab cakes",,"Multiple",,,
"2003","7","California","Food","Salmonella enterica","Schwarzengrund","Confirmed","Private home/residence","5","5","5","0","5","chile relleno, unspecified",,"Multiple",,,
"2003","7","Wisconsin","Food","Salmonella enterica","Typhimurium","Confirmed","Other","38","3","38","0","38","chicken, unspecified",,"Chicken",,,
"2003","7","Wisconsin","Food","Salmonella enterica","London","Confirmed","Private home/residence","26","0","26","0","26","sandwich, ham",,"Multiple",,,
"2003","8","Illinois","Food","Salmonella enterica","Heidelberg","Confirmed","Restaurant: Other","4","2","4","0","4","pie, cream",,"Multiple",,,
"2003","8","California","Food","Salmonella enterica","Typhimurium","Confirmed","Grocery store/bakery/deli/convenience store;Other","50","7","50","0","50","queso fresco, unpasteurized","cheese","Dairy",,,
"2003","8","Multistate","Food","Salmonella enterica","Javiana","Confirmed","Unknown","18","2","4","0","8",,,,,,
"2003","8","Pennsylvania","Food","Salmonella enterica","Typhimurium","Suspected","Unknown","3","2","2","0","3","pita;chicken, grilled",,"Multiple",,,
"2003","8","Texas","Food","Salmonella enterica","Group C1","Confirmed","Correctional/detention facility","250","0","204","0","204","multiple foods",,,,,
"2003","8","Texas","Food","Salmonella enterica","Typhi","Confirmed","Restaurant: Other","6","4","6","0","6","oysters, raw","oysters, raw","Mollusks",,,
"2003","8","Missouri","Food","Salmonella enterica","Thompson","Confirmed","Caterer","84",,,,,"cream sauce, unspecified;chicken, other",,"Multiple",,,
"2003","8","Hawaii","Food","Salmonella enterica","Newport","Confirmed","Other","5",,"5",,"5",,,,,,
"2003","8","Vermont","Food","Salmonella enterica","Typhimurium","Confirmed","Unknown","6","3","6","0","6",,,,,,
"2003","8","California","Food","Salmonella enterica","Schwarzengrund","Confirmed","Private home/residence","29","4","29","0","29","spaghetti, unspecified;multiple foods",,"Multiple",,,
"2003","8","Wisconsin","Food","Salmonella enterica","Enteritidis","Confirmed","Religious facility","9","3","9","0","9","chicken, baked",,"Chicken",,,
"2003","8","Nevada","Food","Salmonella enterica","Reading","Confirmed","Other","6","1","6","0","6","deli meat, sliced turkey","turkey","Turkey",,,
"2003","8","Florida","Food","Salmonella enterica",,"Suspected","Restaurant: Other","3","0","3","0","3","lobster, fried",,"Multiple",,,
"2003","8","Maryland","Food","Salmonella enterica","Enteritidis","Confirmed","Religious facility","104","12","104","0","104","crab cakes","egg","Eggs",,,
"2003","9","Florida","Food","Salmonella enterica",,"Confirmed","Grocery store/bakery/deli/convenience store","3",,,,,"chicken, roasted",,"Chicken",,,
"2003","9","Maryland","Food","Salmonella enterica","Enteritidis","Confirmed","Restaurant: Other","3","1","3","0","3","pie, coconut cream","egg","Eggs",,,
"2003","9","Minnesota","Food","Salmonella enterica","Heidelberg","Confirmed","Restaurant: Other","57","7","41","0","41","pancakes, unspecified;eggs, unspecified",,"Multiple",,,
"2003","9","Minnesota","Food","Salmonella enterica","Saintpaul","Confirmed","Private home/residence","5","0","5","0","5","candy, toffee;cake, unspecified;cake, brownie","egg","Eggs",,,
"2003","9","Florida","Food","Salmonella enterica",,"Confirmed","Restaurant: Other","4",,,,,"pizza, cheese",,"Multiple",,,
"2003","9","South Carolina","Food","Salmonella enterica","Enteritidis","Confirmed","Other","4","4","4","0","4",,,,,,
"2003","9","Georgia","Food","Salmonella enterica",,"Suspected","Private home/residence;Religious facility","41","3","41","1","41","turkey, unspecified;stuffing, unspecified","turkey","Turkey",,,
"2003","9","Wisconsin","Food","Salmonella enterica","Newport","Confirmed","Other","25","0","25","0","25","pork, roasted",,"Pork",,,
"2003","9","Wisconsin","Food","Salmonella enterica","Oranienburg","Confirmed","Other","4","0","4","0","4","ground beef, unspecified",,"Beef",,,
"2003","9","California","Food","Salmonella enterica","Litchfield","Confirmed","Festival/fair","4","2","4","0","4","multiple foods",,,,,
"2003","9","California","Food","Salmonella enterica","Braenderup","Suspected","Restaurant: Other","2","0","2","0","2","chicken, unspecified",,"Chicken",,,
"2003","9","New York","Food","Salmonella enterica","Enteritidis","Confirmed","Restaurant: Other;Private home/residence","5",,,,,,,,,,
"2003","9","New Jersey","Food","Salmonella enterica","Group D1","Suspected","Restaurant: Other","13","2","13","0","13",,,,,,
"2003","9","California","Food","Salmonella enterica","London","Confirmed","Private home/residence","15","0","0","0","0","goat, unspecified",,"Other Meat",,,
"2003","9","California","Food","Salmonella enterica","Newport","Confirmed","Restaurant: Other","9","0","9","0","9","taco, beef",,"Multiple",,,
"2003","9","Multistate","Food","Salmonella enterica","Typhimurium","Confirmed","Other","22","2","2","0","0","egg salad/egg salad sandwich",,"Multiple",,,
"2003","9","Missouri","Food","Salmonella enterica","Typhimurium","Suspected","Restaurant: Other;Grocery store/bakery/deli/convenience store;Private home/residence","8",,,,,,,,,,
"2003","9","Florida","Food","Salmonella enterica","Saintpaul","Suspected","Private home/residence","14","0",,"0",,"beef, BBQ",,"Multiple",,,
"2003","10","Illinois","Food","Salmonella enterica","Infantis","Confirmed","Grocery store/bakery/deli/convenience store;Restaurant: Other;Private home/residence","80","15","80","0","80",,,,,,
"2003","10","Illinois","Food","Salmonella enterica","Enteritidis","Confirmed","Restaurant: Other","4","2","4","0","4","french toast, unspecified",,"Multiple",,,
"2003","10","Wisconsin","Food","Salmonella enterica","Enteritidis","Confirmed","Private home/residence","2","0","2","0","2","raw cake/cookie dough",,"Multiple",,,
"2003","10","Maryland","Food","Salmonella enterica","Enteritidis","Confirmed","Grocery store/bakery/deli/convenience store;Private home/residence","27","5","27","0","27","ground beef, other",,"Beef",,,
"2003","10","Georgia","Food","Salmonella enterica","Typhimurium","Confirmed","Other","3","0","3","0","3",,,,,,
"2003","10","Florida","Food","Salmonella enterica",,"Confirmed","Caterer","58",,,,,"egg salad/egg salad sandwich",,"Multiple",,,
"2003","10","Minnesota","Food","Salmonella enterica","Enteritidis","Confirmed","Restaurant: Other","30","10","27","0","27","french toast, unspecified","egg","Eggs",,,
"2003","10","Wisconsin","Food","Salmonella enterica","Newport","Confirmed","Private home/residence","12","4","11","0","11","ground beef, other",,"Beef",,,
"2003","10","Florida","Food","Salmonella enterica",,"Suspected","Restaurant: Other","2","1","2",,,"ribs, unspecified",,"N/A",,,
"2003","10","Washington","Food","Salmonella enterica",,"Suspected","Restaurant: Other","2",,,,,,,,,,
"2003","10","North Carolina","Food","Salmonella enterica","Montevideo","Confirmed","Restaurant: Other","25","2","10","0","10","BBQ, unspecified",,"Multiple",,,
"2003","10","California","Food","Salmonella enterica","Enteritidis","Confirmed","Restaurant: Other","76","9","73","0","76","deli meat, multiple",,"N/A",,,
"2003","10","Oregon","Food","Salmonella enterica","Oranienburg","Confirmed","Other","5","2","2","0","0",,,,,,
"2003","10","New Mexico","Food","Salmonella enterica","Javiana","Confirmed","Long-term care/nursing home/assisted living facility","29","23","25","0","25",,,,,,
"2003","10","Alaska","Food","Salmonella enterica","Typhimurium","Confirmed","School/college/university;Private home/residence","47","2","47","0","47","ground beef, other",,"Beef",,,
"2003","10","Washington","Food","Salmonella enterica",,"Suspected","Restaurant: Other","5","0","5","0","5","oriental chicken salad",,"Multiple",,,
"2003","10","Pennsylvania","Food","Salmonella enterica","Heidelberg","Suspected","Unknown","2","0","0","0","0",,,,,,
"2003","10","Virginia","Food","Salmonella enterica","Enteritidis","Confirmed","Private home/residence","6","1","6","0","6","potato, mashed;eggs, other",,"Multiple",,,
"2003","10","Multistate","Food","Salmonella enterica","Typhimurium","Confirmed","Private home/residence;Restaurant: Other","56","11","28","0","28","ground beef, meatballs;ground beef, hamburger",,"Beef",,,
"2003","11","Florida","Food","Salmonella enterica","Group L","Confirmed","Private home/residence","5",,,,,"pork, unspecified",,"Pork",,,
"2003","11","California","Food","Salmonella enterica","Enteritidis","Confirmed","Restaurant: Other","14","0","8","0","8","lettuce, unspecified",,"Vegetable Row Crops",,,
"2003","11","Wisconsin","Food","Salmonella enterica","Javiana","Confirmed","Other","4","0","4","0","4",,,,,,
"2003","11","Oregon","Food","Salmonella enterica","Muenster","Confirmed","Restaurant: Other","5","0","0","0","0",,,,,,
"2003","11","Massachusetts","Food","Salmonella enterica","Newport","Confirmed","Other","35",,"1","0","0","chicken and rice",,"Multiple",,,
"2003","11","Multistate","Food","Salmonella enterica","Saintpaul","Confirmed","Restaurant: Other","33","15","33",,,"tomato, unspecified;iceberg lettuce, unspecified;chicken, unspecified",,"Multiple",,,
"2003","11","Multistate","Food","Salmonella enterica","Chester","Confirmed","Private home/residence;Grocery store/bakery/deli/convenience store;Restaurant: Other","26","3","12","1","1","alfalfa sprouts",,"Sprouts",,,
"2003","12","Virginia","Food","Salmonella enterica","Typhimurium","Confirmed","Other","59","2","59","0","59","beef, other",,"Beef",,,
"2003","12","Pennsylvania","Food","Salmonella enterica","Heidelberg","Confirmed","Restaurant: Other","6","2","6","0","6",,,,,,
"2003","12","Florida","Food","Salmonella enterica",,"Suspected","Restaurant: Other","3","1","3","0","3",,,,,,
"2003","12","Florida","Food","Salmonella enterica",,"Suspected","Restaurant: Other","5","1","5","0","5","chef salad","chicken","Chicken",,,
"2004","1","Wisconsin","Food","Salmonella enterica","Enteritidis","Confirmed","Long-term care/nursing home/assisted living facility","66","8","66","2","66",,,,,,
"2004","1","California","Food","Salmonella enterica","Thompson","Confirmed","Office/indoor workplace","4","0","4","0","4",,,,,,
"2004","1","Nevada","Food","Salmonella enterica","Berta","Confirmed","Restaurant: Other","21",,,"0","21",,,,,,
"2004","1","California","Food","Salmonella enterica","Heidelberg","Confirmed","Caterer;Child daycare/preschool","9","5","9","0","9","shell eggs, boiled hard",,"Eggs",,,
"2004","1","Ohio","Food","Salmonella enterica","Thompson","Confirmed","Restaurant: Other","7","3","7","0","7","steak, prime rib",,"Beef",,,
"2004","1","Massachusetts","Food","Salmonella enterica","Typhimurium","Confirmed","Restaurant: Other","5","3","5","0","5","chicken, other",,"Chicken",,,
"2004","2","California","Food","Salmonella enterica","Heidelberg","Confirmed","Restaurant: Other","78","2","78","0","78","sandwich, turkey","turkey","Turkey",,,
"2004","2","New York","Food","Salmonella enterica","Thompson","Confirmed","Private home/residence;Restaurant: Other","11","2","11","0","11",,,,,,
"2004","2","California","Food","Salmonella enterica","unknown","Suspected","Restaurant: Other","25","0","18","0","18","chicken, BBQ","chicken","Chicken",,,
"2004","2","Vermont","Food","Salmonella enterica","Group B","Confirmed","Long-term care/nursing home/assisted living facility","3","0","3","0","3",,,,,,
"2004","2","Florida","Food","Salmonella enterica","unknown","Suspected","Religious facility","27",,,,,"multiple foods",,,,,
"2004","2","New Hampshire","Food","Salmonella enterica","Hartford","Confirmed","Restaurant: Other","7","5","7","0","7",,,,,,
"2004","2","Wisconsin","Food","Salmonella enterica","Brandenburg","Confirmed","Private home/residence","7","0","7","0","7","pork, unspecified",,"Pork",,,
"2004","2","Washington","Food","Salmonella enterica","Heidelberg","Confirmed","Correctional/detention facility","4","1","4","0","4",,,,,,
"2004","3","Washington","Food","Salmonella enterica",,"Confirmed","Restaurant: Other","9","2","9","0","9",,,,,,
"2004","3","Florida","Food","Salmonella enterica","unknown","Suspected","Private home/residence","3",,,,,"ribs, pork",,"Pork",,,
"2004","3","Wisconsin","Food","Salmonella enterica","Paratyphi B var. L(+) tartrate +","Confirmed","Restaurant: Other;Other","11","1","11","0","11",,,,,,
"2004","3","California","Food","Salmonella enterica","Infantis","Confirmed","Grocery store/bakery/deli/convenience store","12","1","12","0","12","salad, unspecified","Root (eg. potato);chicken","Multiple",,,
"2004","3","New Hampshire","Food","Salmonella enterica","Group B","Confirmed","Private home/residence","3","0","3","0","3","raw cake/cookie dough","egg","Eggs",,,
"2004","4","Illinois","Food","Salmonella enterica","Infantis","Confirmed","Private home/residence","2",,,,,,,,,,
"2004","4","California","Food","Salmonella enterica",,"Confirmed","Office/indoor workplace","30",,,,,,,,,,
"2004","4","Iowa","Food","Salmonella enterica","Typhimurium var Cope","Confirmed","Restaurant: Other","20","2","2","0","20","chicken, grilled","chicken","Chicken",,,
"2004","4","California","Food","Salmonella enterica","London","Confirmed","Restaurant: Other","6","1","6","0","6",,,,,,
"2004","4","Maryland","Food","Salmonella enterica","Enteritidis","Confirmed","Restaurant: Other","4","1","4","0","4","crab cakes",,"Multiple",,,
"2004","4","California","Food","Salmonella enterica","Heidelberg","Confirmed","Restaurant: Other","13","1","13","0","13",,,,,,
"2004","4","Georgia","Food","Salmonella enterica","Bareilly","Confirmed","Restaurant: Other","3","1","3","0","3",,,,,,
"2004","4","Multistate","Food","Salmonella enterica","Bovismorbificans","Confirmed","Other","35","5","23",,,"alfalfa sprouts","sprouts","Sprouts",,,
"2004","5","Illinois","Food","Salmonella enterica","Braenderup","Confirmed","Restaurant: Other","35","2","30","0","35",,,,,,
"2004","5","New York","Food","Salmonella enterica","Enteritidis","Confirmed","Restaurant: Other","14","1","14","0","0","fried fish",,"Multiple",,,
"2004","5","Illinois","Food","Salmonella enterica","Anatum","Confirmed","Restaurant: Other","3","1","6","0","6",,,,,,
"2004","5","Georgia","Food","Salmonella enterica","Typhimurium","Confirmed","Private home/residence","5",,,"0","5",,,,,,
"2004","5","Hawaii","Food","Salmonella enterica","Amager","Confirmed","Other","31","0","31","0","31","pork, other;ethnic style, unspecified;cake, unspecified","pork;egg","Multiple",,,
"2004","5","Wisconsin","Food","Salmonella enterica","Enteritidis","Confirmed","Private home/residence","6","1","2","0","2","egg-containing food, other",,"Multiple",,,
"2004","5","Minnesota","Food","Salmonella enterica","Agona","Confirmed","Private home/residence","24","6","24","0","24","sandwich, turkey",,"Multiple",,,
"2004","5","North Carolina","Food","Salmonella enterica","Enteritidis","Confirmed","Restaurant: Other","3","1","3","0","3","shrimp, fried",,"Multiple",,,
"2004","5","Georgia","Food","Salmonella enterica","Oranienburg","Suspected","Unknown","4","0","4","0","4",,,,,,
"2004","5","Minnesota","Food","Salmonella enterica","Enteritidis","Confirmed","Restaurant: Other","4","2","3","0","3","eggs, unspecified",,"Eggs",,,
"2004","5","Massachusetts","Food","Salmonella enterica","Anatum","Confirmed","Grocery store/bakery/deli/convenience store;Restaurant: Other","8",,,,,"duck, other",,"Other Poultry",,,
"2004","5","Missouri","Food","Salmonella enterica","Enteritidis","Confirmed","Hospital;Office/indoor workplace","3","1","3","0","3",,,,,,
"2004","5","Ohio","Food","Salmonella enterica","Enteritidis","Confirmed","Correctional/detention facility","6",,,,,"chicken, raw",,"Chicken",,,
"2004","5","California","Food","Salmonella enterica","Montevideo","Confirmed","Private home/residence","9","0","3","0","3",,,,,,
"2004","5","California","Food","Salmonella enterica","Hadar","Confirmed","Restaurant: Other","17","3","17","0","17",,,,,,
"2004","6","Illinois","Food","Salmonella enterica","Infantis","Confirmed","Grocery store/bakery/deli/convenience store","60","5","59","0","59","salsa, unspecified",,"N/A",,,
"2004","6","New Hampshire","Food","Salmonella enterica",,"Confirmed","Unknown","85","0","0","0","7",,,,,,
"2004","6","Montana","Food","Salmonella enterica","Typhimurium","Confirmed","Unknown","79",,,,,,,,,,
"2004","6","Ohio","Food","Salmonella enterica","Typhimurium","Confirmed","Private home/residence","4","0","4","0","4","ice cream, homemade",,"Multiple",,,
"2004","6","Hawaii","Food","Salmonella enterica","Weltevreden","Confirmed","Private home/residence","15","0","15","0","15",,,,,,
"2004","6","North Carolina","Food","Salmonella enterica","Javiana","Confirmed","Restaurant: Other","14","2","14","0","14",,,,,,
"2004","6","Georgia","Food","Salmonella enterica","Enteritidis","Confirmed","Restaurant: Other","2","1","2","0","2",,,,,,
"2004","6","California","Food","Salmonella enterica","Newport","Confirmed","Other","100","5","25","0","25","other milk, pasteurized",,"Dairy",,,
"2004","6","Oregon","Food","Salmonella enterica","Saintpaul","Confirmed","Unknown","3","0","0","0","0",,,,,,
"2004","6","North Carolina","Food","Salmonella enterica","Javiana","Confirmed","Caterer","60","1","60","0","60","beans, baked",,"Multiple",,,
"2004","6","Oregon","Food","Salmonella enterica","Heidelberg","Confirmed","Unknown","7","1","1","0","0","chicken, unspecified",,"Chicken",,,
"2004","6","Oregon","Food","Salmonella enterica","Heidelberg","Confirmed","Other","8","2","2","1","1","chicken, unspecified",,"Chicken",,,
"2004","6","Connecticut","Food","Salmonella enterica",,"Confirmed","Private home/residence","6","0","5","0","5",,,,,,
"2004","6","New York","Food","Salmonella enterica","Hadar","Confirmed","Caterer;Restaurant: Other","42","14","21","0","21","chicken, baked","chicken","Chicken",,,
"2004","6","Tennessee","Food","Salmonella enterica","Heidelberg","Confirmed","Restaurant: Other","4","2","3","0","3","pudding, banana;potato, mashed;custard",,"Multiple",,,
"2004","6","Wisconsin","Food","Salmonella enterica","Enteritidis","Confirmed","Restaurant: Other","19","5","17","0","17","seabass, unspecified;eggs, unspecified",,"Multiple",,,
"2004","6","Illinois","Food","Salmonella enterica","Ohio","Confirmed","Restaurant: Other","20","1","20","0","20","pork, other",,"Pork",,,
"2004","6","Georgia","Food","Salmonella enterica","Enteritidis","Confirmed","Private home/residence","7","0","7","0","7",,,,,,
"2004","6","Multistate","Food","Salmonella enterica","Berta","Confirmed","Restaurant: Other","155","16","77",,,"taco, beef;onion, unspecified;eggs, unspecified","beef","Beef",,,
"2004","6","Multistate","Food","Salmonella enterica","Braenderup","Confirmed","Restaurant: Other;Private home/residence","137","25","125","0","125","roma tomato","Vine-stalk eg. tomato","Seeded Vegetables",,,
"2004","7","California","Food","Salmonella enterica","Typhimurium","Confirmed","Restaurant: Other;Grocery store/bakery/deli/convenience store","16","4","11","0","11",,,,,,
"2004","7","Maine","Food","Salmonella enterica",,"Confirmed","Unknown","5","0","5","0","5",,,,,,
"2004","7","Maine","Food","Salmonella enterica","Hartford","Confirmed","Unknown","4","1","3","0","4",,,,,,
"2004","7","Ohio","Food","Salmonella enterica","Enteritidis","Confirmed","Restaurant: Other","22","1","18","0","18",,,,,,
"2004","7","Wisconsin","Food","Salmonella enterica","Newport","Confirmed","Long-term care/nursing home/assisted living facility","13","2","13","0","13",,,,,,
"2004","7","Ohio","Food","Salmonella enterica","Group B","Confirmed","Private home/residence","22","4","19","0","21","chicken, roasted",,"Chicken",,,
"2004","7","Oregon","Food","Salmonella enterica","Enteritidis","Confirmed","Long-term care/nursing home/assisted living facility","25","3","3","2","2",,,,,,
"2004","7","Florida","Food","Salmonella enterica","Heidelberg","Confirmed","Restaurant: Other","4","1","4","0","4","chile relleno, unspecified",,"Multiple",,,
"2004","7","California","Food","Salmonella enterica","Anatum","Confirmed","Private home/residence","26","3","26","0","26","spaghetti, unspecified",,"Multiple",,,
"2004","7","New Hampshire","Food","Salmonella enterica","Hartford","Confirmed","Unknown","26","0","5","0","5",,,,,,
"2004","7","California","Food","Salmonella enterica","Infantis","Confirmed","Other","11","0","11","0","11","pork, other",,"Pork",,,
"2004","7","New York","Food","Salmonella enterica","Typhimurium","Confirmed","Camp","17","0","15","0","15",,,,,,
"2004","7","New York","Food","Salmonella enterica","Enteritidis","Confirmed","Caterer;Restaurant: Other","13","0","13","0","13","shell eggs, scrambled hard;french toast, unspecified","egg","Eggs",,,
"2004","7","Multistate","Food","Salmonella enterica","Agbeni","Confirmed",,"48",,,,,,,,,,
"2004","7","Multistate","Food","Salmonella enterica","Newport","Confirmed","Restaurant: Other","97",,,,,"iceberg lettuce, unspecified","leafy green","Vegetable Row Crops",,,
"2004","7","Oklahoma","Food","Salmonella enterica","Typhimurium","Confirmed","Private home/residence","13","2","13","0","13","ice cream, homemade","egg","Eggs",,,
"2004","8","North Carolina","Food","Salmonella enterica","Enteritidis","Confirmed","Private home/residence","7","0","0","0","0","turkey, unspecified",,"Turkey",,,
"2004","8","Montana","Water","Salmonella enterica","Typhimurium","Confirmed","Restaurant","70",,,"0",,,,,"Drinking water","Other",
"2004","8","Pennsylvania","Food","Salmonella enterica","Enteritidis","Confirmed","Restaurant: Other","2","0","2","0","2","eggs, over-easy",,"Eggs",,,
"2004","8","Hawaii","Food","Salmonella enterica","Schwarzengrund","Confirmed","Caterer","3","0","3","0","3",,,,,,
"2004","8","Pennsylvania","Food","Salmonella enterica","Enteritidis","Confirmed","Other;Private home/residence","16","1","15","1","15","potato salad;eggs, unspecified",,"Multiple",,,
"2004","8","Colorado","Food","Salmonella enterica","Infantis","Confirmed","Private home/residence;Other;Grocery store/bakery/deli/convenience store","8","0","8","0","8",,,,,,
"2004","8","North Carolina","Food","Salmonella enterica","Enteritidis","Confirmed","Restaurant: Other","6","1","6","0","6",,,,,,
"2004","8","North Carolina","Food","Salmonella enterica","Typhimurium","Confirmed","Child daycare/preschool","4","0","4","0","4",,,,,,
"2004","8","Vermont","Food","Salmonella enterica","Group D1","Confirmed","Restaurant: Other","2","1","2","0","2","chicken, curry","chicken","Chicken",,,
"2004","8","Florida","Food","Salmonella enterica","Group D1","Suspected","Restaurant: Other","2","2","2",,,"rice dishes, unspecified",,"Multiple",,,
"2004","8","Oregon","Food","Salmonella enterica","Heidelberg","Confirmed","Long-term care/nursing home/assisted living facility","15","1","1","1","1",,,,,,
"2004","8","Minnesota","Food","Salmonella enterica","Heidelberg","Confirmed","Private home/residence","5","1","5","0","5","egg baked/casserole","egg","Eggs",,,
"2004","8","Maryland","Food","Salmonella enterica","I 4,[5],12:i:-","Confirmed","Private home/residence","12","2","12","0","12","lasagna, beef",,"Multiple",,,
"2004","8","Multistate","Food","Salmonella enterica","Typhimurium","Confirmed","Private home/residence","34",,,,,"ground beef, unspecified",,"Beef",,,
"2004","9","Maryland","Food","Salmonella enterica","I 4,[5],12:i:-","Confirmed","Restaurant: Other","4","0","4","0","4","mozarella sticks, fried",,"Multiple",,,
"2004","9","Michigan","Food","Salmonella enterica","Enteritidis","Confirmed","Restaurant: Other","16","1","10","0","10","egg-containing food, other",,"Multiple",,,
"2004","9","Ohio","Food","Salmonella enterica","Hadar","Suspected","Grocery store/bakery/deli/convenience store","20","1","20","0","20","chicken, fried",,"Multiple",,,
"2004","9","Florida","Food","Salmonella enterica",,"Suspected","Restaurant: Other","2","1","2",,,"shell eggs, fried soft",,"Eggs",,,
"2004","9","Florida","Food","Salmonella enterica","Javiana","Confirmed","Restaurant: Other","24","5","24","0","24","green salad",,"Multiple",,,
"2004","9","Kansas","Food","Salmonella enterica","Typhimurium","Confirmed","Private home/residence;Other","10","0","10","0","10",,,,,,
"2004","9","Florida","Food","Salmonella enterica","unknown","Confirmed","Restaurant: Other","9",,,,,"bread, unspecified",,"Multiple",,,
"2004","9","Kansas","Food","Salmonella enterica","Newport","Confirmed","Restaurant: Other","2","0","2","0","2",,,,,,
"2004","9","Kansas","Food","Salmonella enterica","Infantis","Confirmed","Restaurant: Other","2","1","2","0","2",,,,,,
"2004","9","Maryland","Food","Salmonella enterica","Enteritidis","Confirmed","Restaurant: Other","2","0","2","0","2","refried beans, unspecified",,"Multiple",,,
"2004","9","Pennsylvania","Food","Salmonella enterica","Enteritidis","Confirmed","Caterer","32","3","24","0","24",,,,,,
"2004","9","North Carolina","Food","Salmonella enterica","Enteritidis","Confirmed","Private home/residence","30","14","30","0","30","rutabaga","pork","Pork",,,
"2004","9","California","Food","Salmonella enterica","Heidelberg","Confirmed","Other;Private home/residence","11","1","11","0","11","chicken, other",,"Chicken",,,
"2004","9","Oregon","Food","Salmonella enterica",,"Confirmed","Private home/residence","19","0","0","0","0","chicken, unspecified",,"Chicken",,,
"2004","9","Illinois","Food","Salmonella enterica","Saintpaul","Confirmed","Restaurant: Other","4","0","4","0","4",,,,,,
"2004","9","New York","Food","Salmonella enterica","Anatum","Confirmed","Festival/fair","108","0","108","0","108","roast beef, other","beef","Beef",,,
"2004","10","Ohio","Food","Salmonella enterica","Enteritidis","Confirmed","Restaurant: Other","3","1","2","0","2",,,,,,
"2004","10","Indiana","Food","Salmonella enterica","Enteritidis","Confirmed","Unknown","10","0",,"0",,,,,,,
"2004","10","California","Food","Salmonella enterica",,"Confirmed","Private home/residence;Restaurant: Other","25","2","25","0","25","chips, tortilla",,"Multiple",,,
"2004","10","Arizona","Food","Salmonella enterica","Montevideo","Confirmed","Caterer;Private home/residence","57","3","3","0","0",,,,,,
"2004","10","Pennsylvania","Food","Salmonella enterica","Typhimurium","Confirmed","Other;Restaurant: Other","37",,,"1","37",,,,,,
"2004","10","Hawaii","Food","Salmonella enterica","Montevideo","Confirmed","Restaurant: Other","48","2","48","0","48",,,,,,
"2004","10","Michigan","Food","Salmonella enterica","Typhimurium","Confirmed","Private home/residence","9","0","9","0","9","pork, other",,"Pork",,,
"2004","10","Ohio","Food","Salmonella enterica","Enteritidis","Confirmed","Restaurant: Other","3","1","3","0","3",,,,,,
"2004","10","Mississippi","Food","Salmonella enterica","Enteritidis","Confirmed","Unknown","20","12","19","0","19","egg-containing food, other",,"Multiple",,,
"2004","10","Georgia","Food","Salmonella enterica","Montevideo","Confirmed","Festival/fair;Private home/residence","10","0","10","0","10",,,,,,
"2004","10","Washington","Food","Salmonella enterica","Heidelberg","Suspected","Restaurant: Other","3","0","3","0","3",,,,,,
"2004","11","Minnesota","Food","Salmonella enterica","Newport","Confirmed","Restaurant: Other","49","8","49","0","49","turkey and gravy","turkey","Turkey",,,
"2004","11","Florida","Food","Salmonella enterica","unknown","Suspected","Restaurant: Other","3",,,,,"sandwich, chicken",,"Multiple",,,
"2004","11","Arkansas","Food","Salmonella enterica","Heidelberg","Confirmed","Private home/residence;Restaurant: Other","15","5","15","0","15","turkey, smoked","turkey","Turkey",,,
"2004","11","California","Food","Salmonella enterica",,"Suspected","Restaurant: Other","65","0","65","0","65","chicken, other",,"Chicken",,,
"2004","11","Ohio","Food","Salmonella enterica","Enteritidis","Confirmed","Restaurant: Other","7","2","7","0","7",,,,,,
"2004","11","California","Food","Salmonella enterica","Thompson","Confirmed","Restaurant: Other","100","0","27","0","27","chicken, other","chicken","Chicken",,,
"2004","11","Washington","Food","Salmonella enterica",,"Suspected","Private home/residence","5","0","2","0","2","turkey, baked",,"Turkey",,,
"2004","11","California","Food","Salmonella enterica","Typhimurium","Confirmed","Other;Private home/residence","23","8","23","0","23","turkey, unspecified","turkey","Turkey",,,
"2004","11","California","Food","Salmonella enterica","Typhimurium","Confirmed","Grocery store/bakery/deli/convenience store;Other","12","1","12","1","12","queso fresco, unpasteurized","milk","Dairy",,,
"2004","11","Illinois","Food","Salmonella enterica","Enteritidis","Confirmed","Restaurant: Other","5","2",,"0",,"eggs, other",,"Eggs",,,
"2004","11","Florida","Food","Salmonella enterica","unknown","Suspected","Caterer","26",,,,,"potato, unspecified",,"Root/Underground",,,
"2004","11","Florida","Food","Salmonella enterica","unknown","Suspected","Caterer","16",,,,,"potato, unspecified",,"Root/Underground",,,
"2004","11","Oregon","Food","Salmonella enterica","Typhimurium","Confirmed","Private home/residence","4","0","0","0","0",,,,,,
"2004","12","Florida","Food","Salmonella enterica","unknown","Suspected","Restaurant: Other","5",,,,,"ethnic style, buffet",,,,,
"2004","12","South Dakota","Food","Salmonella enterica","Montevideo","Confirmed","Private home/residence","16","0","16","0","16","turkey, smoked",,"Turkey",,,
"2004","12","Wisconsin","Food","Salmonella enterica","Typhimurium","Confirmed","Correctional/detention facility","21","2","21","0","21","chicken, baked",,"Chicken",,,
"2004","12","North Dakota","Food","Salmonella enterica","Newport","Confirmed","Other","2","0","2","0","2","turkey, smoked",,"Turkey",,,
"2004","12","Pennsylvania","Food","Salmonella enterica","Typhimurium","Confirmed","Restaurant: Other;Private home/residence","3","1","3",,,,,,,,
"2004","12","Connecticut","Food","Salmonella enterica","Newport","Confirmed","Private home/residence","6","2","5","0","5",,,,,,
"2005","1","Minnesota","Food","Salmonella enterica","Heidelberg","Confirmed","Private home/residence","4","1","4","0","4","chicken, other",,"Chicken",,,
"2005","1","Florida","Food","Salmonella enterica","Enteritidis","Confirmed","Restaurant: Other","7","1","6","0","6","french-toast, unspecified;eggs, unspecified","egg","Eggs",,,
"2005","2","Tennessee","Food","Salmonella enterica","Enteritidis","Confirmed","Restaurant: Other","34","9","29","0","34","ground beef, cheeseburger;chicken, other",,"Multiple",,,
"2005","2","Pennsylvania","Food","Salmonella enterica","Typhimurium","Confirmed","Other","8","3","6","0","7","carrots, unspecified",,"Root/Underground",,,
"2005","2","California","Food","Salmonella enterica","Typhimurium","Confirmed","Other","57","8","35","0","35","cake, unspecified",,"Multiple",,,
"2005","3","California","Food","Salmonella enterica","Heidelberg","Confirmed","Restaurant: Other","6","1","6","0","6","pudding, chocolate","egg","Eggs",,,
"2005","3","Virginia","Food","Salmonella enterica","Enteritidis","Confirmed","Correctional/detention facility","27","1","27","0","27","eggs, other","egg","Eggs",,,
"2005","3","Arkansas","Food","Salmonella enterica","Heidelberg","Confirmed","Private home/residence","7","4","7","0","7","chicken, baked;bread, cornbread dressing","chicken;bread","Multiple",,,
"2005","3","Pennsylvania","Food","Salmonella enterica","Chincol","Confirmed","Private home/residence","3","3","3","0","3","eggs, raw",,"Eggs",,,
"2005","4","Ohio","Food","Salmonella enterica","Enteritidis","Confirmed","Private home/residence","10","2","10","0","10","ice cream, homemade",,"Multiple",,,
"2005","4","California","Food","Salmonella enterica","Enteritidis","Confirmed","Restaurant: Other","15","2","15","0","15",,,,,,
"2005","4","Oregon","Food","Salmonella enterica","Paratyphi B","Confirmed","Restaurant: Other","10","0","10","0","10","lettuce-based salads unspecified",,"Multiple",,,
"2005","4","Illinois","Food","Salmonella enterica","Enteritidis","Confirmed","Office/indoor workplace","14","0","14","0","14",,,,,,
"2005","4","Nebraska","Food","Salmonella enterica","Uganda","Confirmed","Caterer;Other","61","2","61","0","61","pork, smoked",,"Pork",,,
"2005","4","South Carolina","Food","Salmonella enterica","Enteritidis","Confirmed","Restaurant: Other","35","15","29","0","29","macaroni and cheese",,"Multiple",,,
"2005","4","Florida","Food","Salmonella enterica","Group D1","Confirmed","Grocery store/bakery/deli/convenience store","11","1","11","0","11","pudding, bread",,"Multiple",,,
"2005","4","Georgia","Food","Salmonella enterica","Enteritidis","Confirmed","Other","38","2","38","0","38","shell eggs, scrambled hard","egg","Eggs",,,
"2005","4","Arkansas","Food","Salmonella enterica","Baildon","Confirmed","Restaurant: Other","95","10","95","0","95",,,,,,
"2005","4","Michigan","Food","Salmonella enterica","Enteritidis","Confirmed","Caterer","25","4","25","0","25","eclair, unspecified",,"Multiple",,,
"2005","4","Massachusetts","Food","Salmonella enterica","Typhimurium","Confirmed","Restaurant: Other","8","2","7","0","8",,,,,,
"2005","5","South Carolina","Food","Salmonella enterica","Enteritidis","Suspected","Religious facility","16",,,"0","13",,,,,,
"2005","5","Illinois","Food","Salmonella enterica","Enteritidis","Confirmed","School/college/university","5","0","5","0","5",,,,,,
"2005","5","Illinois","Food","Salmonella enterica","Typhimurium","Confirmed","Restaurant: Other","162",,,"0","162","sauces, unspecified;guacamole;fajita, unspecified",,"Multiple",,,
"2005","5","Illinois","Food","Salmonella enterica","Thompson","Confirmed","Unknown","4","0","4","0","4",,,,,,
"2005","5","Georgia","Food","Salmonella enterica","Agama","Confirmed","Private home/residence","3","0","3","0","3","beef, stew","beef","Beef",,,
"2005","5","South Carolina","Food","Salmonella enterica","Enteritidis","Confirmed","Restaurant: Other","304","56","304","1","304","turkey, baked",,"Turkey",,,
"2005","5","California","Food","Salmonella enterica","Newport","Confirmed","Religious facility","9","3","7","0","7","beef, raw",,"Beef",,,
"2005","5","Arkansas","Food","Salmonella enterica","Enteritidis","Confirmed","Restaurant: Other","8","0","8","0","8","chicken, grilled","chicken","Chicken",,,
"2005","5","North Carolina","Food","Salmonella enterica",,"Suspected","Restaurant: Other;Religious facility","6","0","6","0","6",,,,,,
"2005","5","California","Food","Salmonella enterica","Newport","Confirmed","Other","5","0","5","0","5","taco, unspecified",,"Multiple",,,
"2005","5","Pennsylvania","Food","Salmonella enterica","Grumpensis","Confirmed","Caterer","38",,"0","0","33",,,,,,
"2005","5","Multistate","Food","Salmonella enterica","Typhimurium","Confirmed","Restaurant: Other","26","11","19","0","25","ice cream, commercial",,"Multiple",,,
"2005","5","Multistate","Food","Salmonella enterica","Mono","Confirmed","Other","7","2","7","0","7","other food",,,,,
"2005","5","Texas","Food","Salmonella enterica","Braenderup","Confirmed",,"25",,,,,"soup, chicken",,"Multiple",,,
"2005","5","Utah","Food","Salmonella enterica","Enteritidis","Confirmed","Private home/residence","126","15","111","0","111","corned beef, unspecified;chicken, BBQ;cantaloupe",,"Multiple",,,
"2005","6","Georgia","Food","Salmonella enterica","Enteritidis","Confirmed","Caterer","61","7","61","0","61","stuffing/dressing;gravy, chicken;chicken, other","chicken","Chicken",,,
"2005","6","North Carolina","Food","Salmonella enterica","Javiana","Confirmed","Private home/residence","6","0","6","0","6",,,,,,
"2005","6","Ohio","Food","Salmonella enterica","Enteritidis","Confirmed","Other","12","2","12","0","12","chicken salad",,"Multiple",,,
"2005","6","New York","Food","Salmonella enterica","Typhimurium","Confirmed","Grocery store/bakery/deli/convenience store;Private home/residence;Restaurant: Other;Banquet Facility (food prepared and served on-site)","15","2","14","0","14",,,,,,
"2005","6","Ohio","Food","Salmonella enterica","Enteritidis","Confirmed","Private home/residence;Grocery store/bakery/deli/convenience store","13","2","13","0","13","chicken, BBQ;chicken, baked",,"Multiple",,,
"2005","6","Multistate","Food","Salmonella enterica","Enteritidis","Confirmed","Restaurant: Other","85","7","77","0","77","salsa, unspecified","Vine-stalk eg. tomato","Seeded Vegetables",,,
"2005","6","Virginia","Food","Salmonella enterica","Hartford","Confirmed","Religious facility","40","1","32","0","32","sandwich, beef","ground beef","Beef",,,
"2005","6","Wyoming","Food","Salmonella enterica","Enteritidis","Confirmed","Restaurant: Other","20","4","20","0","20","tomato, unspecified;eggs, unspecified",,"Multiple",,,
"2005","6","Pennsylvania","Food","Salmonella enterica","Muenchen","Confirmed","Restaurant: Other","9","3","8","0","8","sandwich, chicken;green salad","Vine-stalk eg. tomato;leafy green","Multiple",,,
"2005","6","Minnesota","Food","Salmonella enterica","Manhattan","Confirmed","Restaurant: Other;Private home/residence","5","4","5","0","5","sandwich, pork;cilantro, unspecified",,"Multiple",,,
"2005","6","Illinois","Food","Salmonella enterica","Braenderup","Confirmed","Festival/fair;Private home/residence","2","0","2","0","2",,,,,,
"2005","6","California","Food","Salmonella enterica",,"Confirmed","Restaurant: Other","3",,,,,"eggs benedict",,"Multiple",,,
"2005","7","Colorado","Food","Salmonella enterica","Typhimurium var Cope","Confirmed","Restaurant: Other","25","0","25","0","25","sushi, unspecified",,"Multiple",,,
"2005","7","New York","Food","Salmonella enterica","Newport","Confirmed","Festival/fair;Other;School/college/university;Restaurant: Other;Grocery store/bakery/deli/convenience store;Private home/residence","27","2","27","0","27","tomato, unspecified;onion, unspecified","Vine-stalk eg. tomato;Root (eg. potato)","Multiple",,,
"2005","7","California","Food","Salmonella enterica","Group D1","Suspected","Private home/residence","6","1","6","0","0","chicken, unspecified","chicken","Chicken",,,
"2005","7","Tennessee","Food","Salmonella enterica","Heidelberg","Confirmed","Restaurant: Other","19","2","18","0","18",,,,,,
"2005","7","Vermont","Food","Salmonella enterica",,"Confirmed","Other","8","2","8","0","8","turkey, other",,"Turkey",,,
"2005","7","Florida","Food","Salmonella enterica","Group C2","Suspected","Other","5","3","5","0","5","sandwich, turkey","turkey","Turkey",,,
"2005","7","Utah","Food","Salmonella enterica","Newport","Confirmed","Restaurant: Other","38","7","33","0","36",,,,,,
"2005","7","Colorado","Food","Salmonella enterica","Newport","Confirmed","Unknown","24","7","23","1","24","ground beef, unspecified;cantaloupe",,"Multiple",,,
"2005","7","Missouri","Food","Salmonella enterica",,"Confirmed","Caterer;Private home/residence","31","2","31","0","31",,,,,,
"2005","7","Multistate","Food","Salmonella enterica","Enteritidis","Confirmed","Restaurant: Other;Private home/residence","23","5","23","0","23","mayonnaise, homemade;eggs, other;crab cakes;cake, tiramisu","egg","Eggs",,,
"2005","7","Multistate","Food","Salmonella enterica","Newport","Confirmed","Restaurant: Other","72","8","52","0","52","Tomato, beefsteak","Vine-stalk eg. tomato","Seeded Vegetables",,,
"2005","7","Virginia","Food","Salmonella enterica","Typhimurium","Confirmed","Restaurant: Other;Private home/residence;Caterer","37","2","34","0","36","Chicken Biryani",,"Multiple",,,
"2005","7","Virginia","Food","Salmonella enterica","Hartford","Confirmed","Restaurant: Other","29","3","29","0","29","house salad",,"Multiple",,,
"2005","7","California","Food","Salmonella enterica",,"Confirmed","Restaurant: Other","12","2","12","0","12","cake, tiramisu","egg","Eggs",,,
"2005","7","California","Food","Salmonella enterica","Enteritidis","Confirmed","Restaurant: Other","14","4","14","0","14","chips and salsa",,"Multiple",,,
"2005","7","New York","Food","Salmonella enterica","Typhimurium","Confirmed","Private home/residence","3","1","3","0","3","ground beef, hamburger","beef","Beef",,,
"2005","8","California","Food","Salmonella enterica","Enteritidis","Confirmed","Restaurant: Other","30","2","30","0","30","salsa, unspecified",,"N/A",,,
"2005","8","Washington","Food","Salmonella enterica","Javiana","Suspected","Restaurant: Other","6","0","6",,,,,,,,
"2005","8","Colorado","Food","Salmonella enterica","Typhimurium var Cope","Confirmed","Restaurant: Other","4","1","4","0","4","shrimp dishes unspecified",,"Multiple",,,
"2005","8","Oregon","Food","Salmonella enterica","Typhimurium","Suspected",,"9","0","1","0","1",,,,,,
"2005","8","Oregon","Food","Salmonella enterica","Montevideo","Confirmed","Restaurant: Other","4","0","4","0","4",,,,,,
"2005","8","California","Food","Salmonella enterica","Enteritidis","Suspected","Other","18",,,,,"tamale, unspecified",,"Multiple",,,
"2005","8","Florida","Food","Salmonella enterica",,"Confirmed","Private home/residence","36","0","36","0","36","pork, BBQ",,"Multiple",,,
"2005","8","Multistate","Food","Salmonella enterica","Enteritidis","Confirmed","Private home/residence","27","6","27","0","27","stuffed chicken",,"Multiple",,,
"2005","8","Utah","Food","Salmonella enterica","Enteritidis","Suspected","Private home/residence","7","0","1","0","1","ice cream, homemade","egg","Eggs",,,
"2005","8","Ohio","Food","Salmonella enterica","Javiana","Confirmed","Caterer","21","3","21","0","21",,,,,,
"2005","9","California","Food","Salmonella enterica","Enteritidis","Confirmed","Private home/residence","8","0","0","0","0","chile relleno, unspecified",,"Multiple",,,
"2005","9","California","Food","Salmonella enterica","Typhimurium","Suspected","Unknown","3","0","3","0","3","queso fresco, unpasteurized",,"Dairy",,,
"2005","9","California","Food","Salmonella enterica","Typhimurium","Suspected","Grocery store/bakery/deli/convenience store","12","2","12","0","12","queso fresco, unpasteurized",,"Dairy",,,
"2005","9","New Jersey","Food","Salmonella enterica","Enteritidis","Confirmed","Restaurant: Other","13","0","11","0","11",,,,,,
"2005","9","California","Food","Salmonella enterica","Enteritidis","Confirmed","Restaurant: Other","20",,,,,,,,,,
"2005","9","New York","Food","Salmonella enterica","Enteritidis","Confirmed","Grocery store/bakery/deli/convenience store","25","1","25","0","25","sandwich, deli",,"Multiple",,,
"2005","9","Hawaii","Food","Salmonella enterica","Weltevreden","Confirmed","Private home/residence","7","2","7","0","7","shrimp, raw",,"Crustaceans",,,
"2005","9","Wisconsin","Food","Salmonella enterica","Montevideo","Confirmed","Restaurant: Other","6","2","6","0","6","gravy, sausage",,"Multiple",,,
"2005","9","Connecticut","Food","Salmonella enterica","Typhimurium","Confirmed","Private home/residence","6","1","6","0","6",,,,,,
"2005","9","North Carolina","Food","Salmonella enterica","Javiana","Confirmed","Festival/fair","17","0","17","0","17","pork, BBQ",,"Multiple",,,
"2005","9","North Carolina","Food","Salmonella enterica","Enteritidis","Confirmed","Restaurant: Other","83","2","64","0","64","chicken, grilled",,"Chicken",,,
"2005","9","Oregon","Food","Salmonella enterica","Heidelberg","Confirmed","Religious facility","4","0","4","0","4",,,,,,
"2005","9","Minnesota","Food","Salmonella enterica","Enteritidis","Confirmed","Restaurant: Other","3","1","3","0","3",,,,,,
"2005","10","California","Food","Salmonella enterica","Enteritidis","Confirmed","Restaurant: Other","6","0","6","0","6","eggs, unspecified","egg","Eggs",,,
"2005","10","North Carolina","Food","Salmonella enterica","Newport","Confirmed","Restaurant: Other","14","1","14","0","14","cheese bread;cake, cream cheese",,"Multiple",,,
"2005","10","Florida","Food","Salmonella enterica",,"Confirmed","Private home/residence","8","3","8","0","8","macaroni salad",,"Multiple",,,
"2005","10","Pennsylvania","Food","Salmonella enterica","Enteritidis","Confirmed","Restaurant: Other","11","0","0","0","11","beef, unspecified","egg","Eggs",,,
"2005","10","Georgia","Food","Salmonella enterica","Group B","Suspected","Restaurant: Other","3","1","3","0","3",,,,,,
"2005","10","Montana","Food","Salmonella enterica","Enteritidis","Confirmed",,"47",,,,,,,,,,
"2005","10","Georgia","Food","Salmonella enterica","Heidelberg","Confirmed","Religious facility;Private home/residence","35","9","32","0","32","turkey, roasted;stuffing/gravy",,"Multiple",,,
"2005","11","Florida","Food","Salmonella enterica","Group D1","Suspected","Restaurant: Other","2",,,,,"ground beef, hamburger",,"Beef",,,
"2005","11","California","Food","Salmonella enterica","Group B","Confirmed","Private home/residence","6","0","6","0","6","turkey, unspecified","turkey","Turkey",,,
"2005","11","Florida","Food","Salmonella enterica",,"Confirmed","Private home/residence","10",,,,,"other vegetable",,"N/A",,,
"2005","11","Multistate","Food","Salmonella enterica","Braenderup","Confirmed","Restaurant: Other","84","8","19","0","38","roma tomato","Vine-stalk eg. tomato","Seeded Vegetables",,,
"2005","11","Massachusetts","Food","Salmonella enterica","Braenderup","Confirmed","Restaurant: Other;Private home/residence","2","0","2","0","2","mung bean sprouts",,"Sprouts",,,
"2005","11","Michigan","Food","Salmonella enterica","Heidelberg","Confirmed","Religious facility","75","5","75","0","75","vanilla cake;sandwich, other",,"Multiple",,,
"2005","12","Pennsylvania","Food","Salmonella enterica","Typhimurium","Confirmed","Unknown;Restaurant: Other","15","6","14","0","15",,,,,,
"2005","12","California","Food","Salmonella enterica","Enteritidis","Confirmed","Restaurant: Other","4",,,,,"seafood dish, unspecified","egg","Eggs",,,
"2005","12","Georgia","Food","Salmonella enterica","Heidelberg","Confirmed","Restaurant: Other","34","7","34","0","34","hollandaise sauce","egg;butter","Multiple",,,
"2006","1","Pennsylvania","Food","Salmonella enterica","Schwarzengrund","Confirmed","Unknown","6","0","6","0","6",,,,,,
"2006","1","Tennessee","Food","Salmonella enterica","Hadar","Confirmed","Religious facility","9","1","7","0","7",,,,,,
"2006","1","Ohio","Food","Salmonella enterica","Enteritidis","Confirmed","Restaurant: Other","113","23","112","0","113","oil, unspecified;liver, chicken","egg","Eggs",,,
"2006","1","Pennsylvania","Food","Salmonella enterica","Enteritidis","Confirmed","Restaurant: Other","4","3","4","0","4",,,,,,
"2006","1","Arkansas","Food","Salmonella enterica","I 4,[5],12:i:-","Confirmed","Restaurant: Other","14","4","14","0","14",,,,,,
"2006","1","North Carolina","Food","Salmonella enterica","Enteritidis","Confirmed","Restaurant: Other","9","0","9","0","9","ground beef, other",,"Beef",,,
"2006","1","Pennsylvania","Food","Salmonella enterica","Berta","Confirmed","Long-term care/nursing home/assisted living facility;Restaurant: Other;Hospital","16","4","16","0","16","tomatoes",,"Seeded Vegetables",,,
"2006","2","Arkansas","Food","Salmonella enterica","Typhimurium","Confirmed","Restaurant: Other","161","7","161","0","161","sushi, unspecified;chicken, teriyaki","chicken","Chicken",,,
"2006","2","Utah","Food","Salmonella enterica","Typhimurium","Confirmed","Restaurant: Other","3",,,,,,,,,,
"2006","2","North Carolina","Food","Salmonella enterica","Enteritidis","Confirmed","Restaurant: Other","9","2","9","0","9","eggs benedict",,"Multiple",,,
"2006","2","Virginia","Food","Salmonella enterica","Typhimurium","Confirmed","Correctional/detention facility","40","1","40","0","40","turkey, unspecified",,"Turkey",,,
"2006","2","Oregon","Food","Salmonella enterica","Braenderup","Confirmed","Restaurant: Other","4","0","4","0","4","bean sprouts","sprouts","Sprouts",,,
"2006","3","New Jersey","Food","Salmonella enterica","Enteritidis","Confirmed","Restaurant: Other","4","0","4","0","4","caesar dressing",,"Multiple",,,
"2006","3","North Carolina","Food","Salmonella enterica","Bareilly","Confirmed",,"5",,,,,,,,,,
"2006","3","California","Food","Salmonella enterica","Oranienburg","Confirmed","Restaurant: Other","4","0","4","0","4","Korean side dishes (various)",,,,,
"2006","3","California","Food","Salmonella enterica","Dublin","Confirmed","Other","4","4","4","0","4","Mexican Cheese (queso fresco and/or other)",,"Dairy",,,
"2006","3","California","Food","Salmonella enterica","Group B","Confirmed","Restaurant: Other","2","0","1","0","2",,,,,,
"2006","3","Mississippi","Food","Salmonella enterica","Heidelberg","Confirmed","Grocery store/bakery/deli/convenience store","25","12","22","0","22","macaroni and cheese",,"Multiple",,,
"2006","3","New Hampshire","Food","Salmonella enterica","Paratyphi B var. L(+) tartrate +","Confirmed","Other","3","0","2","0","3",,,,,,
"2006","3","Colorado","Food","Salmonella enterica","Typhimurium","Confirmed","Child daycare/preschool","20","0","20","0","20",,,,,,
"2006","3","California","Food","Salmonella enterica","Heidelberg","Confirmed","Restaurant: Other","3","1","3","0","3","burrito, unspecified","Sauces/ Dressings;fruit, unspecified","Multiple",,,
"2006","4","Ohio","Food","Salmonella enterica","Typhimurium","Confirmed","Private home/residence","6",,,,,"chicken dishes",,"Multiple",,,
"2006","4","Maryland","Food","Salmonella enterica","Enteritidis","Confirmed","Private home/residence","4","2","2","0","4",,,,,,
"2006","4","Kansas","Food","Salmonella enterica","Heidelberg","Confirmed","Restaurant: Other","13","6","13","0","13","pie, merengue",,"Multiple",,,
"2006","4","Pennsylvania","Food","Salmonella enterica","Enteritidis","Confirmed","Private home/residence","2","2","2","0","2",,,,,,
"2006","4","Minnesota","Food","Salmonella enterica","Typhimurium","Confirmed","Private home/residence","3","2","3","0","3","stuffed chicken","chicken","Chicken",,,
"2006","4","Pennsylvania","Food","Salmonella enterica","Typhimurium","Confirmed","Unknown","2","2","2","0","2",,,,,,
"2006","4","California","Food","Salmonella enterica","Heidelberg","Confirmed","Restaurant: Other","22","5","17","0","21","mayonnaise made with raw eggs",,"Other",,,
"2006","4","Oregon","Food","Salmonella enterica","I 4,[5],12:i:-","Confirmed","Caterer","7","0","7","0","7","chicken, baked","chicken","Chicken",,,
"2006","5","New York","Food","Salmonella enterica","Enteritidis","Confirmed","Restaurant: Other","9","0","3","0","3",,,,,,
"2006","5","Indiana","Food","Salmonella enterica","Typhimurium","Confirmed","Grocery store/bakery/deli/convenience store","199","39","39","0","0","deli meat, unspecified",,"N/A",,,
"2006","5","Tennessee","Food","Salmonella enterica","Tallahassee","Confirmed","Restaurant: Other","5","1","5","0","5",,,,,,
"2006","5","Colorado","Food","Salmonella enterica","Typhimurium var Cope","Confirmed","Restaurant: Other","7","0","7","0","7","watermelon;chicken",,"Multiple",,,
"2006","5","Colorado","Food","Salmonella enterica","Heidelberg","Confirmed","Restaurant: Other","22","6","21","0","21","chicken, teriyaki",,"Multiple",,,
"2006","5","California","Food","Salmonella enterica","Newport","Confirmed","Other;Private home/residence","24",,,,,"multiple foods",,,,,
"2006","5","Illinois","Food","Salmonella enterica","Enteritidis","Confirmed","Restaurant: Other","11","3","11","0","11",,,,,,
"2006","5","Oregon","Food","Salmonella enterica","Enteritidis","Confirmed","Restaurant: Other","9","0","9","0","9","carne asada",,"Multiple",,,
"2006","6","Multistate","Food","Salmonella enterica","Oranienburg","Confirmed","Long-term care/nursing home/assisted living facility;Hospital","41","7","41","0","41","fruit salad",,"Multiple",,,
"2006","6","California","Food","Salmonella enterica","Typhimurium","Confirmed","Banquet Facility (food prepared and served on-site);Other","39","0","39","0","39","CHICKEN SKEWERS",,"Multiple",,,
"2006","6","California","Food","Salmonella enterica","Enteritidis","Confirmed","Unknown","16","0","16","0","16",,,,,,
"2006","6","California","Food","Salmonella enterica","Typhimurium","Confirmed","Restaurant: Other","5","0","5","0","5",,,,,,
"2006","6","New York","Food","Salmonella enterica","Typhimurium","Confirmed","Restaurant: Other;Private home/residence","9","4","9","0","9",,,,,,
"2006","6","Michigan","Food","Salmonella enterica","Baildon","Confirmed","Restaurant: Other","21","2","21","0","21",,,,,,
"2006","6","Pennsylvania","Food","Salmonella enterica","Heidelberg","Confirmed","Camp","47","1","47","0","47",,,,,,
"2006","6","Minnesota","Food","Salmonella enterica","Typhimurium","Confirmed","Restaurant: Other","4","1","4","0","4",,,,,,
"2006","6","Minnesota","Food","Salmonella enterica","Paratyphi B","Confirmed","Restaurant: Other;Correctional/detention facility","9","2","9","0","9",,,,,,
"2006","6","New York","Food","Salmonella enterica","Saintpaul","Confirmed","Grocery store/bakery/deli/convenience store;Restaurant: Other;Private home/residence","12","5","12","0","12",,,,,,
"2006","6","New Jersey","Food","Salmonella enterica","Heidelberg","Confirmed","Restaurant: Other;Caterer","4","1","4","0","4",,,,,,
"2006","6","Maryland","Food","Salmonella enterica","Typhimurium","Confirmed","Restaurant: Other","18","4","16","0","16","tomato, unspecified;lettuce, unspecified",,"Multiple",,,
"2006","6","Minnesota","Food","Salmonella enterica","Typhimurium","Confirmed","Restaurant: Other","50","6","50","0","50","soup, other vegetable-based",,"Multiple",,,
"2006","6","Multistate","Food","Salmonella enterica","Newport","Confirmed","Restaurant: Other","115","8","32","0","32","tomato, unspecified",,"Seeded Vegetables",,,
"2006","7","California","Food","Salmonella enterica","Heidelberg","Confirmed","Other","5","1","5","0","5","milkshake","egg","Eggs",,,
"2006","7","Idaho","Food","Salmonella enterica","Enteritidis","Confirmed","Restaurant: Other","16","3","6","0","6",,,,,,
"2006","7","California","Food","Salmonella enterica",,"Confirmed","Private home/residence","6","0","6","0","6","ice cream, homemade",,"Multiple",,,
"2006","7","Vermont","Food","Salmonella enterica","Montevideo","Confirmed","Camp","3",,,,,"Meats",,"N/A",,,
"2006","7","Georgia","Food","Salmonella enterica","Typhimurium","Confirmed","Restaurant: Other","3","1","3","0","3","Dosai",,"Grains-beans",,,
"2006","7","Massachusetts","Food","Salmonella enterica","Typhimurium","Confirmed","Other","37","6","14","0","37",,,,,,
"2006","7","New York","Food","Salmonella enterica","Typhimurium","Confirmed","Private home/residence;Festival/fair;Other","17","6","17","0","17",,,,,,
"2006","7","Minnesota","Food","Salmonella enterica","Miami","Confirmed","Restaurant: Other","3","2","3","0","3",,,,,,
"2006","7","Tennessee","Food","Salmonella enterica","Anatum","Confirmed","Restaurant: Other","55","7","55","0","55","pork, BBQ",,"Multiple",,,
"2006","7","New York","Food","Salmonella enterica","Saintpaul","Confirmed","Other","3","0","3","0","3","deli meat, sliced turkey","turkey","Turkey",,,
"2006","8","California","Food","Salmonella enterica","Newport","Confirmed","Religious facility","27","2","27","0","27","potato, boiled",,"Root/Underground",,,
"2006","8","Multistate","Food","Salmonella enterica","Newport","Confirmed","Other","12","3","7","0","7","plum, unspecified;pizza, unspecified;honeydew melon;cheese, unspecified","fruit, unspecified;cheese","Multiple",,,
"2006","8","California","Food","Salmonella enterica","Potsdam","Confirmed","Restaurant: Other","19","1","19","0","19","multiple foods",,,,,
"2006","8","New York","Food","Salmonella enterica","Javiana","Confirmed","Restaurant: Other;Hospital;Private home/residence","8","3","8","0","8",,,,,,
"2006","8","California","Food","Salmonella enterica","Newport","Confirmed","Private home/residence","5","1","5","0","5",,,,,,
"2006","8","Georgia","Food","Salmonella enterica","Montevideo","Confirmed","Restaurant: Other","72","19","62","0","72","sandwich, roast beef","beef","Beef",,,
"2006","8","North Carolina","Food","Salmonella enterica","Bareilly","Confirmed","School/college/university","25","0","25","0","25","ice tea",,"Other",,,
"2006","8","Colorado","Food","Salmonella enterica","Enteritidis","Confirmed","Other;Private home/residence","12","0","5","0","5",,,,,,
"2006","8","Minnesota","Food","Salmonella enterica","Newport","Confirmed","Restaurant: Other","18","1","18","0","18","chicken, unspecified",,"Chicken",,,
"2006","8","New York","Food","Salmonella enterica","Group B","Confirmed","Restaurant: Other;Caterer","5","2","5","0","5",,,,,,
"2006","8","Ohio","Food","Salmonella enterica","Thompson","Confirmed","Grocery store/bakery/deli/convenience store;Private home/residence;Other","9","1","9","0","9","rice, broccoli and cheese",,"Multiple",,,
"2006","8","Illinois","Food","Salmonella enterica","Newport","Confirmed","Restaurant: Other","9","3","9","0","9",,,,,,
"2006","8","New York","Food","Salmonella enterica","Newport","Confirmed","Restaurant: Other","20","2","16","0","16","watermelon","fruit, unspecified","Fruits",,,
"2006","8","Pennsylvania","Food","Salmonella enterica","Typhimurium","Confirmed","Grocery store/bakery/deli/convenience store;Other","20","2","20","0","20","Raw Milk;queso fresco, unpasteurized",,"Dairy",,,
"2006","8","Multistate","Food","Salmonella enterica","Tennessee","Confirmed","Other","715","129","633","0","635","Peanut Butter",,"Nuts-seeds",,,
"2006","8","Pennsylvania","Food","Salmonella enterica","Typhimurium","Confirmed","Private home/residence","4","0","4","0","4",,,,,,
"2006","8","Pennsylvania","Food","Salmonella enterica","Stanley","Confirmed","Unknown","12","4","12","0","12",,,,,,
"2006","8","Oregon","Food","Salmonella enterica","Typhimurium","Confirmed",,"5","2","5","0","5",,,,,,
"2006","8","Pennsylvania","Food","Salmonella enterica","Typhimurium","Confirmed","Unknown","2","0","2","0","2",,,,,,
"2006","8","California","Food","Salmonella enterica","Agona","Confirmed","Private home/residence","40","0","10","0","10","chicken","chicken","Chicken",,,
"2006","8","North Carolina","Food","Salmonella enterica","Javiana","Confirmed","Caterer","4",,,,,,,,,,
"2006","8","Pennsylvania","Food","Salmonella enterica","Muenster","Confirmed","Restaurant: Other","60","2","24","0","24","pork, BBQ","pork","Pork",,,
"2006","9","Iowa","Food","Salmonella enterica","I 4,[5],12:i:-","Confirmed","Other;Private home/residence","4","3","19","0","19","potato salad;pasta salad",,"Multiple",,,
"2006","9","Maine","Food","Salmonella enterica","Typhimurium","Confirmed",,"8","1","7","0","7","tomato (see fruit)",,"Seeded Vegetables",,,
"2006","9","Arizona","Food","Salmonella enterica","Oranienburg","Confirmed","Restaurant: Other","59",,,"0","59","hard ice tea",,"Other",,,
"2006","9","Multistate","Food","Salmonella enterica","Typhimurium","Confirmed","Restaurant: Other;Private home/residence","192","24","109","0","109","tomato, unspecified",,"Seeded Vegetables",,,
"2006","9","California","Food","Salmonella enterica","Typhimurium var Cope","Confirmed","Restaurant: Other","3","0","3","0","3","chicken, unspecified",,"Chicken",,,
"2006","9","California","Food","Salmonella enterica","Enteritidis","Confirmed","Restaurant: Other;School/college/university","36","0","36","0","36","mutiple Mexican foods",,,,,
"2006","10","Illinois","Food","Salmonella enterica","Berta","Confirmed","Grocery store/bakery/deli/convenience store","5","2","5","0","5","pork, other",,"Pork",,,
"2006","10","North Carolina","Food","Salmonella enterica","Enteritidis","Confirmed","Private home/residence","42","13","41","0","42",,,,,,
"2006","10","Nevada","Food","Salmonella enterica","Enteritidis","Confirmed","Restaurant: Other","4","0","4","0","4",,,,,,
"2006","10","South Carolina","Food","Salmonella enterica","Thompson","Confirmed","Festival/fair","100","3","23","0","23","peanuts",,"Nuts-seeds",,,
"2006","10","Minnesota","Food","Salmonella enterica","Enteritidis","Confirmed","Restaurant: Other","4","0","4","0","4",,,,,,
"2006","11","Texas","Food","Salmonella enterica","Newport","Confirmed","School/college/university","77","2","40","0","40","turkey and gravy;tea, unspecified",,"Multiple",,,
"2006","11","Virginia","Food","Salmonella enterica","Javiana","Confirmed","Unknown","43","8","39","0","39",,,,,,
"2006","11","Arizona","Food","Salmonella enterica","Heidelberg","Confirmed","Private home/residence;Restaurant: Other","13","5","13","0","13","eggs, over-easy",,"Eggs",,,
"2006","11","Kansas","Food","Salmonella enterica","Agona","Suspected","Restaurant: Other","9","1","4","0","4",,,,,,
"2006","11","Connecticut","Food","Salmonella enterica","Enteritidis","Confirmed","Unknown","7",,,,,,,,,,
"2006","11","Hawaii","Food","Salmonella enterica","Weltevreden","Confirmed",,"9",,,,,,,,,,
"2006","11","Kansas","Food","Salmonella enterica","Typhimurium var Cope","Confirmed","Caterer","12","4","12","0","12",,,,,,
"2006","11","Tennessee","Food","Salmonella enterica","Javiana","Confirmed","Restaurant: Other","16","7","16","0","16","iceberg lettuce, unspecified",,"Vegetable Row Crops",,,
"2006","12","Florida","Food","Salmonella enterica",,"Confirmed","Restaurant: Other","7","3","7",,,"pork, roasted",,"Pork",,,
"2006","12","New York","Food","Salmonella enterica","Enteritidis","Confirmed","Restaurant: Other","4","4","4","0","4",,,,,,
"2006","12","Ohio","Food","Salmonella enterica","Agona","Suspected","Private home/residence","2","1","2","0","2",,,,,,
"2006","12","Utah","Food","Salmonella enterica","Typhimurium","Confirmed","Restaurant: Other","7",,,"0","7","speciality salads unspecified",,"Multiple",,,
"2006","12","Iowa","Food","Salmonella enterica","I 4,[5],12:i:-","Confirmed","Private home/residence","20","2","20","0","20",,,,,,
"2006","12","California","Food","Salmonella enterica","Enteritidis","Confirmed","Banquet Facility (food prepared and served on-site);Restaurant: Other","19","3","19","0","19","Stuffed potato puffs",,"Multiple",,,
"2006","12","Massachusetts","Food","Salmonella enterica","Uganda","Confirmed","Restaurant: Other","29","0","27","0","27",,,,,,
"2006","12","Pennsylvania","Food","Salmonella enterica","Enteritidis","Confirmed","Private home/residence","10","2","4","0","4","egg baked/casserole",,"Multiple",,,
"2007","1","Florida","Food","Salmonella enterica","Heidelberg","Confirmed",,"79",,,,,"mashed potato/gravy",,"Multiple",,,
"2007","1","Washington","Food","Salmonella enterica",,"Suspected","Restaurant: Other","5","0","3","0","3",,,,,,
"2007","1","Tennessee","Food","Salmonella enterica","Heidelberg","Confirmed","Restaurant: Other","16","4","16","0","16","coleslaw;BBQ, unspecified",,"Multiple",,,
"2007","1","California","Food","Salmonella enterica","Typhimurium","Confirmed","Private home/residence","10","4","10","0","10",,,,,,
"2007","1","Georgia","Food","Salmonella enterica","Montevideo","Confirmed","Restaurant: Other","31","14","31","0","31","pork, smoked",,"Pork",,,
"2007","1","Multistate","Food","Salmonella enterica","Enteritidis","Confirmed","Private home/residence","81","9","81","0","81","eggs, scrambled","egg","Eggs",,,
"2007","2","Multistate","Food","Salmonella enterica","I 4,[5],12:i:-","Confirmed","Private home/residence","401","108","338","3","257","pot pie",,"Multiple",,,
"2007","2","Illinois","Food","Salmonella enterica","Enteritidis","Confirmed","Restaurant: Other","18","3","18","0","18",,,,,,
"2007","2","Ohio","Food","Salmonella enterica","Enteritidis","Confirmed","Restaurant: Other","6","1","6","0","6",,,,,,
"2007","2","Alaska","Food","Salmonella enterica","Typhimurium","Confirmed","Private home/residence;Other","18","1","18","0","18",,,,,,
"2007","2","Indiana","Food","Salmonella enterica","Enteritidis","Confirmed","Restaurant: Other","15","6","15","0","15","eggs, scrambled",,"Eggs",,,
"2007","2","Pennsylvania","Food","Salmonella enterica","Typhimurium","Confirmed","Unknown","6","1","6","0","6",,,,,,
"2007","2","Washington","Food","Salmonella enterica","Senftenberg","Confirmed","Restaurant: Other","12","2","12","0","12","beef, other",,"Beef",,,
"2007","2","California","Food","Salmonella enterica","Montevideo","Confirmed","Restaurant: Other;Private home/residence;Other","24","3","23","0","23","bean sprouts",,"Sprouts",,,
"2007","2","Multistate","Food","Salmonella enterica","Senftenberg","Confirmed","Private home/residence","11",,,,,"basil, unspecified","leafy green","Vegetable Row Crops",,,
"2007","2","Multistate","Food","Salmonella enterica","Typhimurium","Confirmed","Other;Grocery store/bakery/deli/convenience store;Private home/residence","76","4","20","0","20","spinach;lettuce, unspecified","leafy green","Vegetable Row Crops",,,
"2007","3","North Carolina","Food","Salmonella enterica","Enteritidis","Confirmed","Restaurant: Other","31","4","31","0","31","pudding, banana",,"Multiple",,,
"2007","3","Illinois","Food","Salmonella enterica","Enteritidis","Confirmed","Restaurant: Other","2","0","2","0","2",,,,,,
"2007","3","Wyoming","Food","Salmonella enterica","Muenster","Confirmed","Restaurant: Other","14","2","14","0","14",,,,,,
"2007","3","Georgia","Food","Salmonella enterica","Montevideo","Confirmed","Restaurant: Other","6","0","6","0","6",,,,,,
"2007","3","California","Food","Salmonella enterica","Agona","Confirmed","Unknown","6","5","5","0","5",,,,,,
"2007","4","Vermont","Food","Salmonella enterica","Braenderup","Confirmed","Restaurant: Other","2","0","2","0","2",,,,,,
"2007","4","Massachusetts","Food","Salmonella enterica","Braenderup","Confirmed","Restaurant: Other","21","1","14","0","20",,,,,,
"2007","4","Ohio","Food","Salmonella enterica","I 4,[5],12:i:-","Confirmed","Private home/residence","6","0","2","0","2",,,,,,
"2007","4","South Carolina","Food","Salmonella enterica","Schwarzengrund","Confirmed","Restaurant: Other","14","3","14","0","14",,,,,,
"2007","4","Louisiana","Food","Salmonella enterica","Braenderup","Confirmed",,"31","5","31","1","31","chicken, BBQ","chicken","Chicken",,,
"2007","4","Missouri","Food","Salmonella enterica","Muenchen","Confirmed","Unknown","22","5","22","0","22",,,,,,
"2007","4","Georgia","Food","Salmonella enterica","Berta","Confirmed","Restaurant: Other","5","1","3","0","3",,,,,,
"2007","4","Texas","Food","Salmonella enterica","Enteritidis","Confirmed","Restaurant: Other","4","1","4","0","4","ground beef, hamburger",,"Beef",,,
"2007","4","Rhode Island","Food","Salmonella enterica","Enteritidis","Confirmed","Restaurant: Other","2","1","2","0","2","blue cheese dressing",,"Multiple",,,
"2007","4","Massachusetts","Food","Salmonella enterica","Schwarzengrund","Confirmed","Private home/residence;Other;Restaurant: Other;Grocery store/bakery/deli/convenience store","62","10","44","0","40",,,,,,
"2007","4","Illinois","Food","Salmonella enterica","Montevideo","Confirmed","Restaurant: Other","13","2","13","0","13","pancit",,"Multiple",,,
"2007","4","New Jersey","Food","Salmonella enterica","Enteritidis","Confirmed","Restaurant: Other","8",,,,,,,,,,
"2007","4","Wisconsin","Food","Salmonella enterica","Group B","Confirmed","Restaurant: Other","53",,,,,,,,,,
"2007","4","Multistate","Food","Salmonella enterica","Mbandaka","Confirmed","Private home/residence","15",,,"0","15","alfalfa sprouts","sprouts","Sprouts",,,
"2007","5","Ohio","Food","Salmonella enterica","Enteritidis","Suspected","Private home/residence","2","1","2","0","2",,,,,,
"2007","5","New York","Food","Salmonella enterica","Enteritidis","Confirmed","Restaurant: Other","6","1","6","0","6","chicken dishes, unspecified","chicken","Chicken",,,
"2007","5","Florida","Food","Salmonella enterica","Baildon","Confirmed","Restaurant: Other","2","0","2","0","2","salsa, unspecified",,"N/A",,,
"2007","5","Illinois","Food","Salmonella enterica","Litchfield","Confirmed","Restaurant: Other","6","0","6","0","6",,,,,,
"2007","5","Washington","Food","Salmonella enterica","IV 50:z4,z23:-","Confirmed","Restaurant: Other","2","0","2","0","2","salsa, unspecified",,"N/A",,,
"2007","5","Vermont","Food","Salmonella enterica","Muenchen","Confirmed",,"3","0","3","0","3",,,,,,
"2007","5","Minnesota","Food","Salmonella enterica","Agona","Confirmed","Restaurant: Other","6","1","6","0","6",,,,,,
"2007","5","Colorado","Food","Salmonella enterica","Poona","Confirmed","School/college/university","2","0","2","0","2",,,,,,
"2007","5","New Jersey","Food","Salmonella enterica","Schwarzengrund","Confirmed","Private home/residence","5","3","5","0","5","chicken",,"Chicken",,,
"2007","5","North Carolina","Food","Salmonella enterica","Berta","Confirmed","Restaurant: Other","25","0",,"0",,,,,,,
"2007","5","New Jersey","Food","Salmonella enterica","Litchfield","Confirmed","Restaurant: Other","30","5",,"0",,"honeydew melon;green salad;grapes, unspecified;fruit salad;cantaloupe",,"Multiple",,,
"2007","5","Virginia","Food","Salmonella enterica","Typhimurium","Confirmed","Restaurant: Other","9","1","9","0","9",,,,,,
"2007","5","California","Food","Salmonella enterica","Braenderup","Confirmed","Restaurant: Other","7","3","7","0","7",,,,,,
"2007","5","California","Food","Salmonella enterica","I 4,[5],12:i:-","Confirmed","Restaurant: Other","11","2","8","0","8","sandwich, deli",,"Multiple",,,
"2007","5","California","Food","Salmonella enterica","Mbandaka","Confirmed","Other","20",,,,,"bean sprouts","sprouts","Sprouts",,,
"2007","5","Tennessee","Water","Salmonella enterica","Newport","Confirmed","Private home/residence","2","1",,"0",,,,,"Drinking water","Individual/Private",
"2007","6","Pennsylvania","Food","Salmonella enterica","Enteritidis","Confirmed","Unknown","2","0","2","0","2",,,,,,
"2007","6","Oregon","Food","Salmonella enterica","Enteritidis","Confirmed","Grocery store/bakery/deli/convenience store","7","1","7","0","7","crabcake",,"Multiple",,,
"2007","6","Pennsylvania","Food","Salmonella enterica","Stanley","Confirmed","Grocery store/bakery/deli/convenience store","2","1","2","0","2",,,,,,
"2007","6","Alabama","Food","Salmonella enterica","Enteritidis","Confirmed","Restaurant: Other","6","1","6","0","6",,,,,,
"2007","6","California","Food","Salmonella enterica","Muenchen","Confirmed","Unknown","10","1","6","0","6",,,,,,
"2007","6","New Hampshire","Food","Salmonella enterica","Muenchen","Confirmed","Caterer","26","0","26","0","26",,,,,,
"2007","6","Michigan","Food","Salmonella enterica","Enteritidis","Confirmed","Unknown;Other","5","1","5","0","5",,,,,,
"2007","6","Maryland","Food","Salmonella enterica","Javiana","Confirmed","Grocery store/bakery/deli/convenience store;Other","5","3","5","0","5","unspecified fruit;tomato, unspecified;chicken, unspecified;cheese, unspecified",,"Multiple",,,
"2007","6","Georgia","Food","Salmonella enterica","Valdosta","Confirmed","Private home/residence","4","1","4","0","4",,,,,,
"2007","6","Ohio","Food","Salmonella enterica","Heidelberg","Confirmed","Restaurant: Other","24","3","25","0","25",,,,,,
"2007","6","Illinois","Food","Salmonella enterica","Montevideo","Confirmed","Grocery store/bakery/deli/convenience store","9","1","9","0","0","green salsa;pig head;red salsa",,"Multiple",,,
"2007","6","Ohio","Food","Salmonella enterica","Enteritidis","Confirmed","Restaurant: Other","9","1","8","0","9",,,,,,
"2007","6","North Dakota","Food","Salmonella enterica","Newport","Confirmed","Private home/residence;Caterer;Other","7","1","2","0","2",,,,,,
"2007","6","Illinois","Food","Salmonella enterica","Heidelberg","Confirmed","Restaurant: Other;Festival/fair","802","29","191","0","194","hummus",,"N/A",,,
"2007","6","District of Columbia","Food","Salmonella enterica","Newport","Confirmed","Private home/residence;Restaurant: Other","46",,,,,"tomato, unspecified;guacamole, unspecified;cilantro, unspecified;avocado, unspecified",,"Multiple",,,
"2007","6","Arkansas","Food","Salmonella enterica","Hadar","Confirmed","Private home/residence","5","2","5","0","5","chicken, casserole",,"Multiple",,,
"2007","6","Multistate","Food","Salmonella enterica","Newport","Confirmed","Private home/residence;Restaurant: Other","65","11","65","0","65","Tomato, beefsteak","Vine-stalk eg. tomato","Seeded Vegetables",,,
"2007","6","Pennsylvania","Food","Salmonella enterica","Typhimurium","Confirmed","Private home/residence","13","1","11","0","11","Raw Milk;cheese",,"Dairy",,,
"2007","6","Massachusetts","Food","Salmonella enterica","Montevideo","Confirmed","Correctional/detention facility","12","1","12","0","12",,,,,,
"2007","6","California","Food","Salmonella enterica","Heidelberg","Confirmed","Private home/residence","16","2","16","0","16","MOLE",,"Multiple",,,
"2007","6","Arizona","Food","Salmonella enterica","Heidelberg","Confirmed","Restaurant: Other","23","13","23","0","23",,,,,,
"2007","6","Delaware","Food","Salmonella enterica","Newport","Confirmed",,"5","2","5","0","5",,,,,,
"2007","7","California","Food","Salmonella enterica","Infantis","Confirmed","Restaurant: Other","3","0","3","0","3","BEANS, GARBANZO",,"Grains-beans",,,
"2007","7","Georgia","Food","Salmonella enterica","Newport","Confirmed","Long-term care/nursing home/assisted living facility","4","1","4","0","4",,,,,,
"2007","7","Virginia","Food","Salmonella enterica","Typhimurium","Confirmed","Restaurant: Other;Private home/residence;Other","33","4","33","0","33","Shami Kabob;cheese, unspecified",,"Multiple",,,
"2007","7","North Carolina","Food","Salmonella enterica","Enteritidis","Confirmed","Restaurant: Other","24","6","24","0","24","pudding, banana",,"Multiple",,,
"2007","7","Pennsylvania","Food","Salmonella enterica","Typhimurium","Confirmed","Unknown","2","0","2","0","2",,,,,,
"2007","7","Pennsylvania","Food","Salmonella enterica","Typhimurium","Confirmed","Unknown","2","0","2","0","2",,,,,,
"2007","7","Pennsylvania","Food","Salmonella enterica","Typhimurium","Confirmed","Private home/residence","8","3","8","0","8","ground beef, meatballs",,"Beef",,,
"2007","7","California","Food","Salmonella enterica","Anatum","Suspected","Private home/residence;Restaurant: Other","25","1","25","0","25",,,,,,
"2007","7","Indiana","Food","Salmonella enterica","Heidelberg","Confirmed","Unknown","11",,,,,"hummus",,"N/A",,,
"2007","7","West Virginia","Food","Salmonella enterica","Enteritidis","Confirmed","Private home/residence","8","2","8","0","8","ice cream, homemade",,"Multiple",,,
"2007","7","New York","Food","Salmonella enterica","Newport","Confirmed","Unknown","10","4","10","1","10","tomato, unspecified","tomato","Seeded Vegetables",,,
"2007","7","Illinois","Food","Salmonella enterica","Infantis","Confirmed","Grocery store/bakery/deli/convenience store","7","2","6","0","7",,,,,,
"2007","7","Illinois","Food","Salmonella enterica","Enteritidis","Confirmed","Restaurant: Other","5","1","5","0","4",,,,,,
"2007","7","Minnesota","Food","Salmonella enterica","Montevideo","Confirmed","Restaurant: Other","9","3","9","0","9",,,,,,
"2007","8","California","Food","Salmonella enterica","Newport","Confirmed","Unknown","7","1","1","0","0",,,,,,
"2007","8","Multistate","Food","Salmonella enterica","Montevideo","Confirmed","Other","20","9","20","0","20","Shredded Cheese, pasteurized","cheese","Dairy",,,
"2007","8","Multistate","Food","Salmonella enterica","Paratyphi B","Confirmed","Other;Restaurant: Other;Grocery store/bakery/deli/convenience store","44","5","37","0","37","fish, ahi",,"Fish",,,
"2007","8","Ohio","Food","Salmonella enterica",,"Confirmed","Restaurant: Other","22","10","22","0","22",,,,,,
"2007","8","California","Food","Salmonella enterica","Enteritidis","Confirmed","Restaurant: Other","7","1","1",,,,,,,,
"2007","8","Maryland","Food","Salmonella enterica","Enteritidis","Confirmed","Restaurant: Other","7","3","7","0","7",,,,,,
"2007","8","Colorado","Food","Salmonella enterica","Newport","Confirmed","Unknown","12","4","9","0","12",,,,,,
"2007","8","California","Food","Salmonella enterica","Enteritidis","Confirmed",,"40","2","39","0","39","hollandaise sauce","egg","Eggs",,,
"2007","8","Kansas","Food","Salmonella enterica","Thompson","Suspected","Private home/residence","7","1","7","0","7","ice cream, homemade",,"Multiple",,,
"2007","8","Multistate","Food","Salmonella enterica","Typhimurium","Confirmed",,"7","1","7","0","7","pot pie",,"Multiple",,,
"2007","8","New Jersey","Food","Salmonella enterica","Newport","Confirmed","Other","16","11","16","0","16","green salad;chicken",,"Multiple",,,
"2007","8","Georgia","Food","Salmonella enterica","Heidelberg","Confirmed","Camp","6","0","6","0","6",,,,,,
"2007","8","Washington","Food","Salmonella enterica","Typhimurium","Confirmed","Private home/residence","15","4","15","0","15","nachos, unspecified",,"Multiple",,,
"2007","8","Alabama","Food","Salmonella enterica","Newport","Confirmed","Religious facility;Private home/residence","12","0","12","0","12","Fig Crisp",,"Multiple",,,
"2007","8","New York","Food","Salmonella enterica","Enteritidis","Suspected","Restaurant: Other","5","0","5","0","5","caesar salad","egg","Eggs",,,
"2007","8","Minnesota","Food","Salmonella enterica","Enteritidis","Confirmed","Restaurant: Other","18","2","16","0","16","salsa, unspecified",,"N/A",,,
"2007","8","New Jersey","Food","Salmonella enterica","Newport","Confirmed",,"8",,,,,,,,,,
"2007","9","Wyoming","Food","Salmonella enterica","Typhimurium","Confirmed","Restaurant: Other;Private home/residence","4","0","4","0","4",,,,,,
"2007","9","California","Food","Salmonella enterica","Enteritidis","Confirmed","Private home/residence","10","4","6","0","6","CHICKEN WINGS, BBQ;ribs, BBQ","chicken","Chicken",,,
"2007","9","Michigan","Food","Salmonella enterica","Newport","Confirmed","Unknown","5","1","5","0","5",,,,,,
"2007","9","Wisconsin","Food","Salmonella enterica","Newport","Confirmed","Caterer","11","1","11","0","11","pork, roasted",,"Pork",,,
"2007","9","California","Food","Salmonella enterica","Heidelberg","Confirmed","Restaurant: Other","10","1","9","0","9",,,,,,
"2007","9","Oregon","Food","Salmonella enterica","Muenchen","Confirmed","Restaurant: Other;Private home/residence","10","1","10","0","10",,,,,,
"2007","9","Pennsylvania","Food","Salmonella enterica","Typhimurium","Confirmed","Other","66","3","66","0","66","pork, roasted",,"Pork",,,
"2007","10","Iowa","Food","Salmonella enterica","Typhimurium","Confirmed","Private home/residence","3","1","3","0","3","chicken, grilled;chicken, baked","chicken","Chicken",,,
"2007","10","Pennsylvania","Food","Salmonella enterica","Blockley","Confirmed","Other","9","3","9","0","9",,,,,,
"2007","10","Washington","Food","Salmonella enterica","Sandiego","Confirmed","Restaurant: Other","2","0","2","0","2","tuna salad",,"Multiple",,,
"2007","10","Multistate","Food","Salmonella enterica","Newport","Confirmed","Private home/residence","43","15","32",,,"ground beef, unspecified",,"Beef",,,
"2007","10","Washington","Food","Salmonella enterica","Newport","Confirmed","Office/indoor workplace","3","1","3","0","3",,,,,,
"2007","10","Connecticut","Food","Salmonella enterica","Infantis","Confirmed","Private home/residence","13","1","13","0","13","pork, unspecified",,"Pork",,,
"2007","10","Minnesota","Food","Salmonella enterica","Typhimurium","Confirmed","Restaurant: Other","23","1","23","0","23","tomato, unspecified",,"Seeded Vegetables",,,
"2007","10","South Carolina","Food","Salmonella enterica","Montevideo","Confirmed","Private home/residence","20","0","16","0","16","pork, BBQ",,"Multiple",,,
"2007","10","Georgia","Food","Salmonella enterica","Newport","Confirmed","Festival/fair;Caterer","67","5","41","0","41","pork, BBQ","pork","Pork",,,
"2007","10","Tennessee","Food","Salmonella enterica","Norwich","Confirmed","Caterer","11","0","11","0","11",,,,,,
"2007","10","Maine","Food","Salmonella enterica","Typhimurium","Confirmed","Restaurant: Other","13","4","13","0","13",,,,,,
"2007","11","Tennessee","Food","Salmonella enterica","Braenderup","Confirmed","Unknown","6","2","5","0","5",,,,,,
"2007","11","New York","Food","Salmonella enterica","Typhimurium var Cope","Confirmed","Restaurant: Other","7","2","7","0","7",,,,,,
"2007","11","Massachusetts","Food","Salmonella enterica",,"Confirmed","Unknown","20","11","18","0","20","lamb, unspecified;ground beef, other",,"Multiple",,,
"2007","11","New York","Food","Salmonella enterica","Hadar","Confirmed","Private home/residence","6","1","6","0","6","turkey, baked","turkey","Turkey",,,
"2007","11","Virginia","Food","Salmonella enterica","Typhimurium","Suspected","Unknown","6","4","6","0","6",,,,,,
"2007","11","South Dakota","Food","Salmonella enterica","Newport","Confirmed",,"11","6","11","0","11",,,,,,
"2007","11","Ohio","Food","Salmonella enterica","Typhimurium","Confirmed","Restaurant: Other","26","2","22","0","22",,,,,,
"2007","11","Minnesota","Food","Salmonella enterica","Newport","Confirmed","Private home/residence","11","0","11","0","11",,,,,,
"2007","11","California","Food","Salmonella enterica","Enteritidis","Confirmed","Private home/residence","14","3","14","0","14","turkey;macaroni and cheese",,"Multiple",,,
"2007","11","Michigan","Food","Salmonella enterica",,"Confirmed","Restaurant: Other","14","3","14","0","14",,,,,,
"2007","12","Virginia","Food","Salmonella enterica","Enteritidis","Confirmed","Private home/residence","9","2","9","0","9","lasagna, beef","egg","Eggs",,,
"2007","12","Georgia","Food","Salmonella enterica","Enteritidis","Confirmed","Restaurant: Other","27","3","27","0","27","turkey, roasted;stuffing, unspecified",,"Multiple",,,
"2007","12","Wyoming","Food","Salmonella enterica","Typhimurium","Confirmed","Restaurant: Other","4","0","4","0","4",,,,,,
"2007","12","Pennsylvania","Food","Salmonella enterica","Enteritidis","Confirmed","Restaurant: Other","78","2","50","0","50","Desserts;dessert, other;eggs, unspecified",,"Multiple",,,
"2007","12","Multistate","Food","Salmonella enterica","Montevideo","Confirmed","Other;Private home/residence","6","2","6","0","6","multiple cheeses, pasteurized","cheese","Dairy",,,
"2007","12","Multistate","Food","Salmonella enterica","Litchfield","Confirmed","Private home/residence;Restaurant: Other;Hospital","53","17","43","0","53","cantaloupe",,"Fruits",,,
"2008","1","Colorado","Food","Salmonella enterica","Enteritidis","Confirmed","Correctional/detention facility","22","0","22","0","22",,,,,,
"2008","1","Florida","Food","Salmonella enterica",,"Confirmed","Restaurant: Other","2",,,,,,,,,,
"2008","1","South Carolina","Food","Salmonella enterica","Enteritidis","Confirmed","Private home/residence","12","6","12","0","12","macaroni and cheese","egg","Eggs",,,
"2008","1","New Mexico","Food","Salmonella enterica","Muenchen","Confirmed","Restaurant: Other","8","2","7","0","7",,,,,,
"2008","1","New Mexico","Food","Salmonella enterica",,"Confirmed","Restaurant: Other","5","1","5","0","5",,,,,,
"2008","1","Multistate","Food","Salmonella enterica","Agona","Confirmed",,"36","12","29","0","29","cereal, puffed wheat;cereal, puffed rice",,"Grains-beans",,,
"2008","1","California","Food","Salmonella enterica","Typhimurium var Cope","Confirmed","Restaurant: Other","4","0","4","0","4","macaroni and cheese",,"Multiple",,,
"2008","2","Wyoming","Food","Salmonella enterica","Litchfield","Confirmed","Restaurant: Other","4","0","4","0","4",,,,,,
"2008","2","Minnesota","Food","Salmonella enterica","Enteritidis","Confirmed","Restaurant: Other","15","0","15","0","15","sandwich, unspecified",,"Multiple",,,
"2008","2","Arizona","Food","Salmonella enterica","Newport","Confirmed","Festival/fair","87","7","7","0","19","TRI-TIP",,"Beef",,,
"2008","2","South Carolina","Food","Salmonella enterica","Braenderup","Confirmed","Restaurant: Other","27","1","27","0","27","pork, BBQ",,"Multiple",,,
"2008","2","Minnesota","Food","Salmonella enterica","Enteritidis","Confirmed","Private home/residence","7","3","7","0","7","chicken, cordon bleu",,"Multiple",,,
"2008","2","California","Food","Salmonella enterica","Typhimurium","Confirmed","Unknown","5","2","5","0","5",,,,,,
"2008","2","California","Food","Salmonella enterica","Enteritidis","Confirmed","Private home/residence","4","2","4","0","4","RAW COOKIE DOUGH","egg","Eggs",,,
"2008","3","New Jersey","Food","Salmonella enterica","Miami","Confirmed","Other","16","5","16","0","16",,,,,,
"2008","3","Oregon","Food","Salmonella enterica","Heidelberg","Confirmed","Restaurant: Other","5","1","5","0","5",,,,,,
"2008","3","Colorado","Water","Salmonella enterica","Typhimurium","Confirmed","Community/municipality","1,300",,,"1",,,,,"Drinking water","Community",
"2008","4","Iowa","Food","Salmonella enterica","Braenderup","Confirmed","Restaurant: Other","12","5","12","0","12","tomato, unspecified;green salad",,"Multiple",,,
"2008","4","Oregon","Food","Salmonella enterica","Enteritidis","Confirmed","Private home/residence","7","0","7","0","7",,,,,,
"2008","4","Ohio","Food","Salmonella enterica","Typhimurium","Confirmed","Restaurant: Other","21","5","17","0","17",,,,,,
"2008","4","New York","Food","Salmonella enterica","Hartford","Confirmed","Restaurant: Other","22","4","22","0","22",,,,,,
"2008","4","Texas","Food","Salmonella enterica","Rubislaw","Confirmed","Religious facility","146","1","54","0","54","Meats",,"N/A",,,
"2008","4","Ohio","Food","Salmonella enterica","Typhimurium","Confirmed","Restaurant: Other","2",,,"0","2",,,,,,
"2008","4","Multistate","Food","Salmonella enterica","Saintpaul","Confirmed",,"1,500","308","1,195","2","1,195","peppers, serrano;tomato, unspecified;peppers, jalapeno",,"Seeded Vegetables",,,
"2008","4","Multistate","Food","Salmonella enterica","Saintpaul","Confirmed",,"26","1","20","0","20","ground turkey, unspecified",,"Turkey",,,
"2008","4","New Jersey","Food","Salmonella enterica","Paratyphi B var. L(+) tartrate +","Confirmed","Other","70","0","70","0","70","cheddar cheese",,"Dairy",,,
"2008","4","Virginia","Food","Salmonella enterica","Typhimurium","Confirmed","Restaurant: Other","5","1","5","0","5",,,,,,
"2008","4","Ohio","Food","Salmonella enterica","Muenchen","Confirmed","Restaurant: Other","67","10","67","0","67","salsa, unspecified;rice;beans, unspecified",,"Multiple",,,
"2008","4","Michigan","Food","Salmonella enterica","Typhimurium","Confirmed","Restaurant: Other","2","1","2","0","2",,,,,,
"2008","5","California","Food","Salmonella enterica","Litchfield","Suspected","Restaurant: Other","2","1","2","0","2",,,,,,
"2008","5","Florida","Food","Salmonella enterica","Heidelberg","Confirmed","Private home/residence","5",,,,,"multiple foods",,,,,
"2008","5","California","Food","Salmonella enterica","Enteritidis","Confirmed","Restaurant: Other;Grocery store/bakery/deli/convenience store","14","0","14","0","14",,,,,,
"2008","5","Iowa","Food","Salmonella enterica","Saintpaul","Confirmed",,"3","0","3","0","3","ground beef",,"Beef",,,
"2008","5","Arizona","Food","Salmonella enterica","Montevideo","Confirmed","Restaurant: Other","101","21","59","0","70","chicken, raw;cilantro, unspecified;cheese, unspecified",,"Multiple",,,
"2008","5","Iowa","Food","Salmonella enterica","Hadar","Confirmed",,"3","0","3","0","3","deli meat, sliced turkey",,"Turkey",,,
"2008","6","Connecticut","Food","Salmonella enterica","Enteritidis","Confirmed","Restaurant: Other","5","1","5","0","5","chicken, buffalo wings",,"Multiple",,,
"2008","6","Kansas","Food","Salmonella enterica","Enteritidis","Confirmed","Restaurant: Other","29","4","29","0","29","pico de gallo;guacamole",,"N/A",,,
"2008","6","Virginia","Food","Salmonella enterica","Enteritidis","Confirmed","Private home/residence","6","0","6","0","6","eggs, scrambled",,"Eggs",,,
"2008","6","Georgia","Food","Salmonella enterica","Enteritidis","Confirmed","Restaurant: Other","11","1","11","0","11","fajita, chicken",,"Multiple",,,
"2008","6","Massachusetts","Food","Salmonella enterica","Enteritidis","Confirmed",,"7","1","7","0","7",,,,,,
"2008","6","Minnesota","Food","Salmonella enterica","Hadar","Confirmed","Private home/residence","6","3","6","0","6","turkey, unspecified","turkey","Turkey",,,
"2008","6","New Mexico","Food","Salmonella enterica","Enteritidis","Confirmed","Restaurant: Other","12","4","10","0","12",,,,,,
"2008","6","Pennsylvania","Food","Salmonella enterica","Bovismorbificans","Confirmed","Private home/residence","8","2","7","0","7","pasta salad",,"Multiple",,,
"2008","6","Multistate","Food","Salmonella enterica","I 4,[5],12:i:-","Confirmed","Private home/residence;Office/indoor workplace","19","8","17","0","19","stuffed chicken",,"Multiple",,,
"2008","6","Pennsylvania","Food","Salmonella enterica","Muenster","Confirmed","Restaurant: Other","4","0","4","0","4","pork, BBQ",,"Multiple",,,
"2008","6","Multistate","Food","Salmonella enterica","Infantis","Confirmed",,"16","2","6","0","16",,,,,,
"2008","6","California","Food","Salmonella enterica","Typhimurium","Suspected","Other","24","1","18","0","18","mutiple Mexican foods",,,,,
"2008","6","North Carolina","Food","Salmonella enterica","Newport","Confirmed",,"10","1","10","0","10",,,,,,
"2008","7","Pennsylvania","Food","Salmonella enterica","Heidelberg","Confirmed","Long-term care/nursing home/assisted living facility","4","1","4","0","4",,,,,,
"2008","7","Multistate","Food","Salmonella enterica","Typhimurium","Confirmed","Unknown","24",,,,,"alfalfa sprouts",,"Sprouts",,,
"2008","7","Multistate","Food","Salmonella enterica","Hartford","Confirmed",,"22","0",,"0","22","salsa, unspecified",,"N/A",,,
"2008","7","Washington","Food","Salmonella enterica","Enteritidis","Confirmed","Restaurant: Other","82","4","82","0","82","fried rice, unspecified",,"Multiple",,,
"2008","7","California","Food","Salmonella enterica","Braenderup","Confirmed","Restaurant: Other;Other","17","0","16","0","17","peppers, jalapeno","Vine-stalk eg. tomato","Seeded Vegetables",,,
"2008","7","Multistate","Food","Salmonella enterica","Typhimurium","Confirmed","Unknown","19","1","13","0","13",,,,,,
"2008","7","California","Food","Salmonella enterica","Blockley","Confirmed","Private home/residence;Other","9","0","9","0","9","PASTA WITH TOMATO SAUCE;MOLE","Vine-stalk eg. tomato;Pasta","Multiple",,,
"2008","7","New Mexico","Food","Salmonella enterica","I 4,[5],12:i:-","Confirmed","Restaurant: Other","17","3","17","0","17","guacamole, unspecified",,"N/A",,,
"2008","7","Minnesota","Food","Salmonella enterica","Heidelberg","Confirmed","Private home/residence","2","0","2","0","2","ice cream, homemade",,"Multiple",,,
"2008","7","Virginia","Food","Salmonella enterica","Heidelberg","Confirmed","Restaurant: Other","17","2","17","0","17","omelette","leafy green;cheese","Multiple",,,
"2008","7","Minnesota","Food","Salmonella enterica","Enteritidis","Confirmed","Restaurant: Other","46","1","46","0","46","deli meat, sliced turkey ham",,"Turkey",,,
"2008","7","New York","Food","Salmonella enterica","Panama","Confirmed","Private home/residence","17","1","6","0","17","fruit salad","fruit, unspecified","Fruits",,,
"2008","8","Illinois","Food","Salmonella enterica","Infantis","Confirmed","Grocery store/bakery/deli/convenience store","4","1","4","0","4",,,,,,
"2008","8","South Dakota","Food","Salmonella enterica","Berta","Confirmed","Caterer","4",,,"0","4",,,,,,
"2008","8","Massachusetts","Food","Salmonella enterica","Barranquilla","Confirmed","Restaurant: Other","4","2","4","0","4","tuna, raw;fish, bass",,"Fish",,,
"2008","8","Colorado","Food","Salmonella enterica","Newport","Confirmed","Private home/residence","3","1","2","0","2","watermelon;cantaloupe",,"Fruits",,,
"2008","8","Ohio","Food","Salmonella enterica","Enteritidis","Confirmed","Restaurant: Other","2","0","2","0","2",,,,,,
"2008","8","New York","Food","Salmonella enterica","Hadar","Confirmed","Restaurant: Other","50","15","50","0","50","turkey","turkey","Turkey",,,
"2008","8","North Carolina","Food","Salmonella enterica","Javiana","Confirmed","Other","71","17","71","0","71","pork, BBQ",,"Multiple",,,
"2008","8","North Carolina","Food","Salmonella enterica","Typhimurium","Confirmed","Restaurant: Other","8","3","8","0","8",,,,,,
"2008","8","Puerto Rico","Food","Salmonella enterica","Aberdeen","Confirmed","Festival/fair","4",,,"0","4","rice, yellow and pigeon peas;chicken, broiled;plantains, unspecified",,"Multiple",,,
"2008","8","Puerto Rico","Food","Salmonella enterica","Braenderup","Confirmed","Restaurant: Other","9","1","9","0","9",,,,,,
"2008","8","Tennessee","Water","Salmonella enterica","I 4,[5],12:i:-","Confirmed","Private home/residence","5","0",,"0",,,,,"Drinking water","Non-Transient Non-Community",
"2008","9","Multistate","Food","Salmonella enterica","Typhimurium","Confirmed","Private home/residence","5","0","5","0","5",,,,,,
"2008","9","Ohio","Food","Salmonella enterica","Typhimurium","Confirmed","Private home/residence;Other","3","1","2","0","2",,,,,,
"2008","9","Texas","Food","Salmonella enterica","Uganda","Confirmed","Restaurant: Other","10","0","10","0","10",,,,,,
"2008","9","Multistate","Food","Salmonella enterica","Poona","Confirmed",,"7","3","6","0","7",,,,,,
"2008","9","Washington","Food","Salmonella enterica","Enteritidis","Confirmed","Restaurant: Other","2","0","2","0","2",,,,,,
"2008","9","New York","Food","Salmonella enterica","Enteritidis","Confirmed","Restaurant: Other","5","1","3","0","3",,,,,,
"2008","9","Multistate","Food","Salmonella enterica","Agona","Confirmed","Unknown","6","3","6","0","6",,,,,,
"2008","9","Multistate","Food","Salmonella enterica","Poona","Confirmed","Unknown","8","2","5","0","5",,,,,,
"2008","9","Multistate","Food","Salmonella enterica","Typhimurium","Confirmed",,"714","166","714","9","714","Peanut Paste;Peanut Butter",,"Nuts-seeds",,,
"2008","10","California","Food","Salmonella enterica","Typhimurium","Confirmed","Restaurant: Other","4","0","3","0","3","chicken, roasted","chicken","Chicken",,,
"2008","10","Illinois","Food","Salmonella enterica","Braenderup","Confirmed","Private home/residence","3","0","3","0","3",,,,,,
"2008","10","Illinois","Food","Salmonella enterica","Newport","Confirmed","Restaurant: Other","2","1","2","0","2",,,,,,
"2008","10","New York","Food","Salmonella enterica","Enteritidis","Confirmed","Restaurant: Other;Banquet Facility (food prepared and served on-site)","16","0","16","0","16","steak, prime rib","beef","Beef",,,
"2008","10","Virginia","Food","Salmonella enterica","Enteritidis","Confirmed","Restaurant: Other","11","2","10","0","10",,,,,,
"2008","10","Tennessee","Food","Salmonella enterica","Anatum","Confirmed","Caterer","50","2","50","0","50","BBQ, unspecified",,"Multiple",,,
"2008","10","Illinois","Food","Salmonella enterica","Enteritidis","Confirmed","Restaurant: Other","13","6","13","0","13",,,,,,
"2008","10","Colorado","Food","Salmonella enterica","Anatum","Confirmed","Long-term care/nursing home/assisted living facility","7","2","7","0","7",,,,,,
"2008","10","California","Food","Salmonella enterica","Javiana","Confirmed","Other","594","31","493","0","493","watermelon","melon","Fruits",,,
"2008","11","Multistate","Food","Salmonella enterica","Enteritidis","Confirmed",,"46","4","19","0","43",,,,,,
"2008","11","Virginia","Food","Salmonella enterica","Typhimurium","Confirmed","Restaurant: Other","21","8","17","0","21",,,,,,
"2008","11","Multistate","Food","Salmonella enterica","Javiana","Confirmed",,"10",,,,,"cantaloupe",,"Fruits",,,
"2008","11","California","Food","Salmonella enterica","Heidelberg","Confirmed","Private home/residence","80","1","22","0","22","taco, unspecified",,"Multiple",,,
"2008","11","California","Food","Salmonella enterica","Typhimurium","Confirmed","Private home/residence","6","2","6","0","6","garnish (mostly vegetables)",,,,,
"2008","11","North Carolina","Food","Salmonella enterica","Typhimurium","Confirmed","Private home/residence","8",,,,,"chicken, unspecified",,"Chicken",,,
"2008","11","Ohio","Food","Salmonella enterica","Enteritidis","Confirmed","Restaurant: Other","9","0","2","0","2",,,,,,
"2008","11","Ohio","Food","Salmonella enterica","Typhimurium","Confirmed","Restaurant: Other","5","0","5","0","5","chicken, other",,"Chicken",,,
"2008","11","Pennsylvania","Food","Salmonella enterica","Enteritidis","Confirmed","Private home/residence","15","1","15","0","15","egg-containing food, other",,"Multiple",,,
"2008","11","New York","Food","Salmonella enterica","Enteritidis","Confirmed","Religious facility","66","16","66","0","66","Specialty/Ethnic dishes","chicken","Chicken",,,
"2008","12","California","Food","Salmonella enterica","Javiana","Confirmed","Private home/residence","23","0","6","0","6",,,,,,
"2008","12","Multistate","Food","Salmonella enterica","Rissen","Confirmed","Long-term care/nursing home/assisted living facility;Restaurant: Other;Other","87",,,,,"White pepper, ground",,"Herbs",,,
"2008","12","New York","Food","Salmonella enterica","Enteritidis","Suspected","Restaurant: Other","9","1","9","0","9","Aviyal",,"Multiple",,,
"2008","12","Arkansas","Food","Salmonella enterica","Newport","Suspected","Private home/residence","4","1","4","0","4","turkey, roasted",,"Turkey",,,
"2008","12","Illinois","Food","Salmonella enterica","Heidelberg","Confirmed","Long-term care/nursing home/assisted living facility","9","1","9","2","9","pureed food diet",,,,,
"2008","12","California","Food","Salmonella enterica","Enteritidis","Confirmed",,"15","3","15","0","15","hollandaise sauce","egg","Eggs",,,
"2008","12","Pennsylvania","Food","Salmonella enterica","Enteritidis","Confirmed","Private home/residence","14","3","3","0","0","other food","egg","Eggs",,,
"2008","12","Michigan","Food","Salmonella enterica","Braenderup","Confirmed","Unknown","5","2","5","0","5",,,,,,
"2008","12","Georgia","Food","Salmonella enterica","Enteritidis","Confirmed","Grocery store/bakery/deli/convenience store;Private home/residence;Festival/fair","20","2","20","0","20",,,,,,
"2008","12","California","Food","Salmonella enterica","Heidelberg","Confirmed","Restaurant: Other","16","2","16","0","16","macaroni and cheese","egg","Eggs",,,
"2008","12","Massachusetts","Food","Salmonella enterica","Enteritidis","Confirmed","Private home/residence","18","10","18","0","18","eggnog, homemade","egg","Eggs",,,
"2008","12","Puerto Rico","Food","Salmonella enterica","Infantis","Confirmed","Caterer","31","0","31","0","31","pork",,"Pork",,,
"2009","1","Oregon","Indeterminate/unknown","Salmonella enterica","Bredeney","Confirmed",,"2","1","2","0","2",,,,,,
"2009","1","Illinois","Food","Salmonella enterica","Enteritidis","Confirmed","Grocery store/bakery/deli/convenience store;Other","7","2","7","0","7",,,,,,
"2009","1","Massachusetts","Food","Salmonella enterica","Braenderup","Confirmed","Restaurant: Sit-down dining","5","0","5","0","5",,,,,,
"2009","1","Connecticut","Food","Salmonella enterica","Enteritidis","Confirmed","Caterer;Restaurant: Sit-down dining","7","2","7","0","7","lasagna, vegetarian",,"Multiple",,,
"2009","1","Oregon","Indeterminate/unknown","Salmonella enterica","Typhimurium","Confirmed","Child daycare/preschool","6","2","6","0","6",,,,,,
"2009","1","Virginia","Food","Salmonella enterica","Enteritidis","Confirmed","Private home/residence","11","1","11","0","11","rice, fried rice",,"Multiple",,,
"2009","2","Multistate","Food","Salmonella enterica","Carrau","Confirmed","Grocery store/bakery/deli/convenience store","53","4",,"1",,"melon",,"Fruits",,,
"2009","2","Massachusetts","Food","Salmonella enterica","I 4,[5],12:i:-","Confirmed",,"2","0","1","0","2",,,,,,
"2009","2","Connecticut","Food","Salmonella enterica","Typhimurium","Confirmed","Private home/residence;Restaurant: Other;Festival/fair","4","1","4","0","4",,,,,,
"2009","2","Mississippi","Food","Salmonella enterica","Enteritidis","Confirmed","Correctional/detention facility","184","3","184","0","184",,,,,,
"2009","2","Wyoming","Animal contact","Salmonella enterica","Pomona","Confirmed","Private home/residence","2","1","2","0","2",,,,,,"Bird, not including poultry;Lizard;Reptile (type unspecified);Turtle"
"2009","2","Oregon","Indeterminate/unknown","Salmonella enterica","Enteritidis","Confirmed","Other","7","2","7","0","7",,,,,,
"2009","2","Pennsylvania","Indeterminate/unknown","Salmonella enterica","Enteritidis","Confirmed",,"2","0","2","0","2",,,,,,
"2009","2","Nevada","Food","Salmonella enterica","Braenderup","Confirmed","Restaurant: Sit-down dining","11","0","11","0","11",,,,,,
"2009","2","Multistate","Animal contact","Salmonella enterica","Thompson","Confirmed","Other","26","1","10","0",,,,,,,"Poultry"
"2009","2","Multistate","Food","Salmonella enterica","Saintpaul","Confirmed","Other","256","8",,,,"alfalfa sprouts",,"Sprouts",,,
"2009","2","Multistate","Food","Salmonella enterica","Oranienburg","Confirmed","Other","25",,,,,"alfalfa sprouts",,"Sprouts",,,
"2009","3","North Carolina","Food","Salmonella enterica","Hadar","Confirmed","Long-term care/nursing home/assisted living facility","10","0","10","0","10",,,,,,
"2009","3","Illinois","Food","Salmonella enterica","Typhimurium","Confirmed","Restaurant: Sit-down dining","6","0","6","0","6",,,,,,
"2009","3","Illinois","Food","Salmonella enterica","Enteritidis","Confirmed","Grocery store/bakery/deli/convenience store","5","0","5","0","5",,,,,,
"2009","3","Arkansas","Food","Salmonella enterica","Typhimurium","Confirmed",,"5","3","5","0","5",,,,,,
"2009","3","Oklahoma","Food","Salmonella enterica","Enteritidis","Confirmed","Restaurant: Sit-down dining","25","4","25","0","25",,,,,,
"2009","3","Minnesota","Indeterminate/unknown","Salmonella enterica","Brandenburg","Confirmed",,"2","0","2","0","2",,,,,,
"2009","3","New York","Food","Salmonella enterica","Saintpaul","Confirmed","Unknown","3","0","3","0","3",,,,,,
"2009","3","Oregon","Animal contact","Salmonella enterica","Montevideo","Confirmed","Farm/dairy/agricultural setting;Private home/residence;Other","6","0","5","0","5",,,,,,"Poultry"
"2009","3","Oregon","Food","Salmonella enterica","Heidelberg","Confirmed","Private home/residence;Restaurant: Sit-down dining","26","8","26","0","26","chicken","chicken","Chicken",,,
"2009","3","Colorado","Animal contact","Salmonella enterica","Montevideo","Confirmed","Private home/residence","4","0","4","0","4",,,,,,"Poultry"
"2009","3","Wyoming","Animal contact","Salmonella enterica","Enteritidis","Confirmed","Private home/residence","11","4","11","0","11",,,,,,"Cat or kitten;Dog or puppy;Ferret;Mouse or rat;Salamander"
"2009","3","Colorado","Food","Salmonella enterica","Newport","Confirmed","Private home/residence","43","10","43","0","43","Green Chile",,"Seeded Vegetables",,,
"2009","3","Multistate","Animal contact","Salmonella enterica","Typhimurium","Confirmed","Other","59",,,"0",,,,,,,"Poultry"
"2009","4","Massachusetts","Food","Salmonella enterica","Typhimurium","Confirmed","Private home/residence","50",,,"0","9",,,,,,
"2009","4","New Hampshire","Food","Salmonella enterica","Enteritidis","Confirmed","Other","45","1","39","0","39","Salads","egg","Eggs",,,
"2009","4","New Hampshire","Food","Salmonella enterica","Enteritidis","Confirmed","Camp","133","5","133","0","133","pudding, unspecified",,"Multiple",,,
"2009","4","Minnesota","Food","Salmonella enterica","Cubana","Confirmed","Other","2","0","2","0","2","sprouts, unspecified",,"Sprouts",,,
"2009","4","Indiana","Indeterminate/unknown","Salmonella enterica","Typhimurium","Confirmed",,"2","0","1","0","1",,,,,,
"2009","4","Maryland","Person-to-person","Salmonella enterica","Agona","Suspected","Child daycare/preschool","4","0","4","0","4",,,,,,
"2009","4","Arizona","Food","Salmonella enterica","Enteritidis","Confirmed",,"2","0","2","0","2",,,,,,
"2009","4","Virginia","Food","Salmonella enterica","Enteritidis","Confirmed","Restaurant: Fast-food (drive up service or pay at counter)","8","5","8","0","8",,,,,,
"2009","4","Multistate","Animal contact","Salmonella enterica","Typhimurium var Cope","Confirmed","Private home/residence;Festival/Fair;Other","238","45","145","0","238",,,,,,"Frog"
"2009","4","Louisiana","Food","Salmonella enterica","Oranienburg","Confirmed","Festival/fair","66","15","45","0","45",,,,,,
"2009","4","New York","Food","Salmonella enterica","Enteritidis","Confirmed","Restaurant: Sit-down dining","13","4","13","0","13","lamb, chops",,"Other Meat",,,
"2009","4","Wisconsin","Food","Salmonella enterica","Enteritidis","Confirmed","Private home/residence","14","2","14","0","14","deviled eggs",,"Multiple",,,
"2009","4","Tennessee","Indeterminate/unknown","Salmonella enterica","Typhi","Confirmed",,"3","2","3","0","3",,,,,,
"2009","4","Ohio","Animal contact","Salmonella enterica","Paratyphi B","Confirmed","Private home/residence","2","2","2","0","2",,,,,,"Fish"
"2009","5","Indiana","Food","Salmonella enterica","Newport","Suspected",,"4","0","4","0","4",,,,,,
"2009","5","Oregon","Indeterminate/unknown","Salmonella enterica","Typhimurium","Confirmed","Other","12","5","12","0","12",,,,,,
"2009","5","Kansas","Food","Salmonella enterica","Paratyphi B var. L(+) tartrate +","Suspected","Restaurant: Fast-food (drive up service or pay at counter)","2","0","2","0","2","burritos",,"Multiple",,,
"2009","5","Florida","Food","Salmonella enterica","Berta","Confirmed","Restaurant: Sit-down dining","14","5","14","0","14",,,,,,
"2009","5","Multistate","Food","Salmonella enterica","Newport","Confirmed","Other","68","4",,"0",,"ground beef",,"Beef",,,
"2009","5","Multistate","Animal contact","Salmonella enterica","Johannesburg","Confirmed","Other;Child daycare/preschool","7",,,"0",,,,,,,"Poultry"
"2009","5","Tennessee","Indeterminate/unknown","Salmonella enterica","Oranienburg","Confirmed",,"3","1","2","0","3",,,,,,
"2009","5","New York","Food","Salmonella enterica","Enteritidis","Confirmed","Restaurant: Sit-down dining","19","2","19","0","19","Malai Kofta",,"Multiple",,,
"2009","5","Missouri","Food","Salmonella enterica","Oranienburg","Confirmed","Private home/residence","5","1","5","0","5",,,,,,
"2009","5","California","Food","Salmonella enterica","Infantis","Confirmed","Caterer","7","0","7","0","7","vegetable dip, unspecified",,"Multiple",,,
"2009","5","Indiana","Food","Salmonella enterica","Typhimurium","Confirmed",,"7","1","6","0","7",,,,,,
"2009","5","Oregon","Food","Salmonella enterica","Muenchen","Confirmed","Restaurant: Sit-down dining","3","0","3","0","3",,,,,,
"2009","5","Multistate","Indeterminate/unknown","Salmonella enterica","Typhimurium","Confirmed",,"6","2","5","0","5",,,,,,
"2009","5","Indiana","Indeterminate/unknown","Salmonella enterica","Hartford","Confirmed",,"3","0","1","0","3",,,,,,
"2009","5","Indiana","Indeterminate/unknown","Salmonella enterica","Braenderup","Confirmed",,"2","0","0","0","2",,,,,,
"2009","5","Indiana","Indeterminate/unknown","Salmonella enterica","Infantis","Confirmed",,"2","0","0","0","2",,,,,,
"2009","5","Pennsylvania","Food","Salmonella enterica","Enteritidis","Confirmed","Restaurant: Sit-down dining","2","0","2","0","2",,,,,,
"2009","5","Michigan","Food","Salmonella enterica","Saintpaul","Confirmed","Restaurant: Sit-down dining;Restaurant: Fast-food (drive up service or pay at counter)","21","7","21","0","21","tomatoes",,"Seeded Vegetables",,,
"2009","5","West Virginia","Food","Salmonella enterica","Enteritidis","Confirmed",,"21","9","21","2","21","sausage, pork",,"Pork",,,
"2009","6","Oregon","Food","Salmonella enterica","Heidelberg","Confirmed","Private home/residence","2","0","2","0","2",,,,,,
"2009","6","Washington","Food","Salmonella enterica","Newport","Confirmed","Restaurant: Fast-food (drive up service or pay at counter)","7","1","7","0","7","burrito, unspecified",,"Multiple",,,
"2009","6","Multistate","Food","Salmonella enterica","Muenchen","Confirmed","Private home/residence","14",,,"0","14","blueberries","blueberries","Fruits",,,
"2009","6","New Jersey","Food","Salmonella enterica","Enteritidis","Confirmed",,"4",,,"0","4",,,,,,
"2009","6","Washington","Food","Salmonella enterica","Muenchen","Confirmed","Hospital","4","0","4","0","4","sandwich, deli",,"Multiple",,,
"2009","6","Maine","Indeterminate/unknown","Salmonella enterica","Paratyphi B","Confirmed",,"15","0","15","0","15",,,,,,
"2009","6","Multistate","Animal contact","Salmonella enterica","Thompson","Confirmed","Private home/residence","3","0","3","0","3",,,,,,"Poultry"
"2009","6","Oregon","Animal contact","Salmonella enterica","Typhimurium","Confirmed","Private home/residence","4","1","4","0","4",,,,,,"Mouse or rat;Snake"
"2009","6","Multistate","Food","Salmonella enterica","Enteritidis","Confirmed","Private home/residence","5","0","5","0","5","lasagna",,"Multiple",,,
"2009","6","Pennsylvania","Food","Salmonella enterica","Typhimurium var Cope","Confirmed",,"29","4","29","0","29",,,,,,
"2009","6","Virginia","Animal contact","Salmonella enterica","Typhimurium","Confirmed","Child daycare/preschool","16","1",,"0",,,,,,,"Turtle"
"2009","6","Indiana","Indeterminate/unknown","Salmonella enterica","Javiana","Confirmed",,"3","1","1","0","3",,,,,,
"2009","6","Indiana","Indeterminate/unknown","Salmonella enterica","Hartford","Confirmed",,"2","1","1","0","1",,,,,,
"2009","6","Indiana","Indeterminate/unknown","Salmonella enterica","Hartford","Confirmed",,"2","0","1","0","1",,,,,,
"2009","6","Maine","Food","Salmonella enterica","Enteritidis","Confirmed","Private home/residence","6","1","6","0","6",,,,,,
"2009","6","North Dakota","Food","Salmonella enterica","Montevideo","Confirmed","Banquet Facility (food prepared and served on-site);Private home/residence","88","0","84","0","84","roast beef","beef","Beef",,,
"2009","6","North Dakota","Food","Salmonella enterica","Montevideo","Confirmed","Banquet Facility (food prepared and served on-site);Private home/residence","36","2","34","0","34","Taco meat","beef","Beef",,,
"2009","6","North Dakota","Food","Salmonella enterica","Montevideo","Confirmed","Private home/residence;Banquet Facility (food prepared and served on-site)","55","8","55","0","55",,,,,,
"2009","6","New Mexico","Food","Salmonella enterica","Enteritidis","Confirmed",,"3","0","3","0","3",,,,,,
"2009","6","Illinois","Indeterminate/unknown","Salmonella enterica","Heidelberg","Confirmed",,"13","1","13","0","13",,,,,,
"2009","7","Oregon","Food","Salmonella enterica","Enteritidis","Confirmed","Camp","59","0","59","0","59","scrambled eggs","egg","Eggs",,,
"2009","7","Michigan","Food","Salmonella enterica","Newport","Confirmed",,"4","2","4","1","4",,,,,,
"2009","7","Tennessee","Food","Salmonella enterica","Enteritidis","Confirmed","Restaurant: Sit-down dining","10","3","6","0","6",,,,,,
"2009","7","Massachusetts","Food","Salmonella enterica","Newport","Confirmed","Restaurant: Sit-down dining","6","2","6","0","6",,,,,,
"2009","7","Indiana","Animal contact","Salmonella enterica","Typhimurium","Confirmed",,"2","1","1","0","1",,,,,,
"2009","7","Ohio","Food","Salmonella enterica","Typhimurium","Confirmed","Festival/fair","2","1","2","0","2","chicken",,"Chicken",,,
"2009","7","New Mexico","Food","Salmonella enterica","Javiana","Confirmed",,"48","2","48","0","48",,,,,,
"2009","7","Massachusetts","Food","Salmonella enterica","Javiana","Confirmed",,"7","1","5","0","7",,,,,,
"2009","7","California","Food","Salmonella enterica","Typhimurium","Confirmed","Restaurant: Sit-down dining","6","0","6","0","6",,,,,,
"2009","7","Multistate","Food","Salmonella enterica","Montevideo","Confirmed","Other","272","52",,"0",,"salami","pepper, ground","Herbs",,,
"2009","7","Multistate","Food","Salmonella enterica","Typhimurium","Confirmed","Grocery store/bakery/deli/convenience store","145","1",,,,"shredded lettuce","iceberg lettuce","Vegetable Row Crops",,,
"2009","7","Multistate","Food","Salmonella enterica","Javiana","Confirmed",,"9",,,,,"green onion/scallion",,"Vegetable Row Crops",,,
"2009","7","Arizona","Food","Salmonella enterica","Heidelberg","Confirmed","Restaurant: Sit-down dining","6","1","6","0","6",,,,,,
"2009","7","Washington","Food","Salmonella enterica","Enteritidis","Confirmed","Camp","62","0","62","0","62","eggs, scrambled",,"Eggs",,,
"2009","7","Multistate","Indeterminate/unknown","Salmonella enterica","Typhimurium","Confirmed",,"6","1","6","0","6",,,,,,
"2009","7","Virginia","Food","Salmonella enterica","Enteritidis","Confirmed","Restaurant: Other","19","2","19","0","19","lasagna","egg","Eggs",,,
"2009","8","Washington","Food","Salmonella enterica","Enteritidis","Confirmed","Restaurant: Sit-down dining","2","0","2","0","2","Pad Thai",,"Multiple",,,
"2009","8","Arizona","Food","Salmonella enterica","Montevideo","Confirmed",,"3","1","3","0","3",,,,,,
"2009","8","Arizona","Food","Salmonella enterica","Newport","Confirmed",,"7","2","5","0","7","peppers, jalapeno",,"Seeded Vegetables",,,
"2009","8","California","Food","Salmonella enterica","Typhimurium","Confirmed","Private home/residence;Other","19","0","15","0","15",,,,,,
"2009","8","California","Food","Salmonella enterica","Typhimurium","Confirmed","Restaurant: Other","23","7","23","0","23",,,,,,
"2009","8","North Carolina","Person-to-person","Salmonella enterica","Typhimurium","Confirmed",,"3","0","3","0","3",,,,,,
"2009","8","New York","Food","Salmonella enterica","Enteritidis","Confirmed","Restaurant: Sit-down dining","12","2","12","0","12","sandwich, corned beef",,"Multiple",,,
"2009","8","Michigan","Food","Salmonella enterica","Miami","Confirmed","Restaurant: Fast-food (drive up service or pay at counter)","9","3","9","0","9","salad, unspecified",,"Multiple",,,
"2009","8","Kansas","Food","Salmonella enterica","Newport","Confirmed","Restaurant: Sit-down dining","33","7","33","0","33",,,,,,
"2009","8","Ohio","Food","Salmonella enterica","Heidelberg","Suspected","Unknown","2","0","2","0","2",,,,,,
"2009","8","Michigan","Food","Salmonella enterica","Typhimurium","Confirmed","Restaurant: Fast-food (drive up service or pay at counter)","14","2","14","0","14","alfalfa sprouts",,"Sprouts",,,
"2009","8","Hawaii","Food","Salmonella enterica","Hadar","Confirmed",,"27","1","27","0","27",,,,,,
"2009","8","Hawaii","Food","Salmonella enterica","Reading","Confirmed",,"26","0","26","0","26",,,,,,
"2009","8","Maryland","Food","Salmonella enterica","Enteritidis","Confirmed","Private home/residence","27","6","27","0","27","potato salad",,"Multiple",,,
"2009","8","South Carolina","Person-to-person","Salmonella enterica","Newport","Confirmed",,"5","0","5","0","5",,,,,,
"2009","8","New York","Food","Salmonella enterica","Kiambu","Confirmed","Unknown","10","6","10","0","10",,,,,,
"2009","8","Oregon","Indeterminate/unknown","Salmonella enterica","Dublin","Confirmed","Other","3","2","2","0","2",,,,,,
"2009","8","California","Food","Salmonella enterica","Heidelberg","Confirmed","Other","16","0","16","0","16","salmon, unspecified",,"Fish",,,
"2009","8","Pennsylvania","Food","Salmonella enterica","Typhimurium","Confirmed","Private home/residence","5","3","5","0","5","beef",,"Beef",,,
"2009","8","Colorado","Food","Salmonella enterica","Typhimurium","Confirmed","Caterer","27","1","27","0","27","iceberg lettuce, unspecified","lettuce","Vegetable Row Crops",,,
"2009","8","Arizona","Food","Salmonella enterica","Heidelberg","Confirmed",,"20","4","20","0","20",,,,,,
"2009","9","Multistate","Food","Salmonella enterica","Subspecies IIIa","Confirmed",,"14",,,,,"Ground turkey",,"Turkey",,,
"2009","9","Illinois","Food","Salmonella enterica","Infantis","Confirmed","Grocery store/bakery/deli/convenience store;Restaurant: Other","17","6","17","0","17","barbacoa",,"Multiple",,,
"2009","9","Louisiana","Food","Salmonella enterica","Newport","Confirmed",,"200","4","44","0","44",,,,,,
"2009","9","Illinois","Food","Salmonella enterica","Enteritidis","Confirmed","Unknown","15","1","15","0","15","pork, roasted",,"Pork",,,
"2009","9","Tennessee","Food","Salmonella enterica","Newport","Confirmed","Restaurant: Sit-down dining","13","6","13","0","13","roast beef;lettuce",,"Multiple",,,
"2009","9","Pennsylvania","Person-to-person","Salmonella enterica","Enteritidis","Confirmed","Private home/residence","3","0","3","0","3",,,,,,
"2009","9","Pennsylvania","Food","Salmonella enterica","Enteritidis","Confirmed","Restaurant: Sit-down dining","12","0","4","0","4","hollandaise sauce","egg","Eggs",,,
"2009","9","New York","Food","Salmonella enterica","Enteritidis","Confirmed","Private home/residence","6","0","6","0","6",,,,,,
"2009","9","Ohio","Food","Salmonella enterica","Enteritidis","Confirmed","Private home/residence","22","1","19","0","19","pasta, unspecified",,"Multiple",,,
"2009","9","California","Food","Salmonella enterica","Enteritidis","Suspected","Grocery store/bakery/deli/convenience store","7","0","7","0","7",,,,,,
"2009","9","Multistate","Animal contact","Salmonella enterica","Muenchen","Confirmed","Other","11",,,"0","11",,,,,,"Turtle"
"2009","10","Michigan","Food","Salmonella enterica","Derby","Confirmed","Restaurant: Fast-food (drive up service or pay at counter);Restaurant: Sit-down dining","5","0","5","0","5","pork, roasted",,"Pork",,,
"2009","10","New York","Food","Salmonella enterica","Enteritidis","Confirmed","Restaurant: Sit-down dining","5","0","5","0","5","caesar dressing","egg","Eggs",,,
"2009","10","Oregon","Environmental contamination other than food/water","Salmonella enterica","Braenderup","Confirmed","School/college/university","25","2","25","0","25",,,,,,
"2009","10","Georgia","Indeterminate/unknown","Salmonella enterica","Javiana","Confirmed",,"7","6","7","0","7",,,,,,
"2009","10","Washington","Food","Salmonella enterica","Enteritidis","Confirmed","Restaurant: Sit-down dining","5","3","5","0","5","pork, unspecified",,"Pork",,,
"2009","10","Illinois","Food","Salmonella enterica","Ohio","Confirmed",,"7","1","7","0","7",,,,,,
"2009","10","Utah","Indeterminate/unknown","Salmonella enterica","Montevideo","Confirmed",,"7","1","7","0","7",,,,,,
"2009","11","California","Food","Salmonella enterica","Enteritidis","Confirmed","Restaurant: Sit-down dining","4","1","4","0","4","vegetable-based salads;mayonnaise, homemade;homemade tartar sauce","egg","Eggs",,,
"2009","11","Wisconsin","Food","Salmonella enterica","Heidelberg","Confirmed","Restaurant: Sit-down dining","11",,,"0","11",,,,,,
"2009","11","Ohio","Food","Salmonella enterica","Enteritidis","Confirmed","Religious facility","6","1","4","0","6",,,,,,
"2009","11","Kentucky","Indeterminate/unknown","Salmonella enterica","Enteritidis","Confirmed",,"5","1","5","0","0",,,,,,
"2009","11","Multistate","Food","Salmonella enterica","Heidelberg","Confirmed","Private home/residence","35",,,,,"chicken",,"Chicken",,,
"2009","11","Minnesota","Food","Salmonella enterica",,"Confirmed","Private home/residence","19","0","19","0","19","gravy",,"Multiple",,,
"2009","11","Georgia","Food","Salmonella enterica","Heidelberg","Confirmed","Private home/residence","17","3","17","0","17",,,,,,
"2009","11","Missouri","Food","Salmonella enterica","Typhimurium","Confirmed","Private home/residence","6","1","6","0","6","head cheese",,"N/A",,,
"2009","11","Massachusetts","Food","Salmonella enterica","Montevideo","Confirmed",,"39","1","39","0","39",,,,,,
"2009","11","Multistate","Indeterminate/unknown","Salmonella enterica","Enteritidis","Confirmed",,"3","1","3","0","3",,,,,,
"2009","12","Kentucky","Indeterminate/unknown","Salmonella enterica","Typhimurium","Confirmed",,"3","2","3","0","3",,,,,,
"2009","12","North Carolina","Animal contact","Salmonella enterica","Typhimurium","Confirmed","Other","29","7","29","0","29",,,,,,"Guinea pig"
"2009","12","Iowa","Food","Salmonella enterica","Newport","Confirmed",,"11","4","11","0","11",,,,,,
"2009","12","Minnesota","Indeterminate/unknown","Salmonella enterica","Thompson","Confirmed",,"2","1","2","0","2",,,,,,
"2009","12","Multistate","Indeterminate/unknown","Salmonella enterica","Enteritidis","Confirmed",,"4","1","4","0","4",,,,,,
"2009","12","New York","Food","Salmonella enterica","Enteritidis","Confirmed",,"3","0","3","0","3",,,,,,
"2009","12","West Virginia","Food","Salmonella enterica","Enteritidis","Confirmed","Private home/residence","6","1","6","0","6",,,,,,
"2009","12","Alaska","Indeterminate/unknown","Salmonella enterica","Typhimurium","Confirmed",,"3","1","3","0","3",,,,,,
"2009","12","Ohio","Food","Salmonella enterica","Enteritidis","Confirmed","Private home/residence","3","1","3","0","3",,,,,,
"2009","12","California","Food","Salmonella enterica","Heidelberg","Confirmed","Restaurant: Other","22","4","22","0","22","Specialty/Ethnic dishes",,,,,
"2009","12","California","Food","Salmonella enterica","Enteritidis","Confirmed","Other","7","0","7","0","7","cream puff",,"Multiple",,,
"2009","12","New Jersey","Food","Salmonella enterica","Enteritidis","Confirmed",,"39","5","38","0","38","pork, other;chicken, marsala",,"Multiple",,,
"2009","12","Multistate","Animal contact","Salmonella enterica","I 4,[5],12:i:-","Confirmed","Private home/residence;Other","77","0",,"0",,,,,,,"Lizard"
"2010","1","Georgia","Food","Salmonella enterica","Enteritidis","Confirmed","Unknown","25","1","8","0","8",,,,,,
"2010","1","Connecticut","Food","Salmonella enterica","Enteritidis","Confirmed","Restaurant: Sit-down dining","9","4","9","0","9",,,,,,
"2010","1","Oregon","Food","Salmonella enterica","Enteritidis","Confirmed","Restaurant: Sit-down dining","2","0","2","0","2",,,,,,
"2010","1","Massachusetts","Indeterminate/unknown","Salmonella enterica","Enteritidis","Confirmed",,"3","1","3","0","3",,,,,,
"2010","1","Michigan","Food","Salmonella enterica","Enteritidis","Confirmed","Other","4","2","4","0","4","chicken salad","chicken","Chicken",,,
"2010","1","Multistate","Food","Salmonella enterica","Heidelberg","Confirmed","Private home/residence","12","5","12","0","12",,,,,,
"2010","1","Multistate","Food","Salmonella enterica","Paratyphi B","Confirmed",,"51",,,,,"fish, ahi",,"Fish",,,
"2010","2","Multistate","Food","Salmonella enterica","Enteritidis","Confirmed","Caterer;Private home/residence;Restaurant: Sit-down dining;Banquet Facility (food prepared and served on-site);Restaurant: Other","1,939",,,,,"shell egg, other","egg","Eggs",,,
"2010","2","Multistate","Animal contact","Salmonella enterica","Braenderup","Confirmed","Other","7",,,"0","7",,,,,,"Poultry"
"2010","2","Illinois","Food","Salmonella enterica","Thompson","Confirmed","Private home/residence;Restaurant: Sit-down dining;Restaurant: Fast-food (drive up service or pay at counter)","2","0","2","0","2",,,,,,
"2010","2","Virginia","Person-to-person","Salmonella enterica","Enteritidis","Confirmed","School/college/university","6","0","6","0","6",,,,,,
"2010","2","Oregon","Food","Salmonella enterica","Oranienburg","Confirmed","Restaurant: Fast-food (drive up service or pay at counter)","3","0","3","0","3",,,,,,
"2010","2","Georgia","Food","Salmonella enterica","Heidelberg","Confirmed","Private home/residence","11","2","11","0","11","Cheesecake;Chile Con Queso",,"Multiple",,,
"2010","2","Oregon","Indeterminate/unknown","Salmonella enterica","Hadar","Confirmed","Other","2","1","2","0","2",,,,,,
"2010","2","Ohio","Food","Salmonella enterica","Enteritidis","Suspected","Restaurant: Sit-down dining","3","0","3","0","3",,,,,,
"2010","2","California","Food","Salmonella enterica","Give","Confirmed","Restaurant: Fast-food (drive up service or pay at counter)","50","2","49","0","49","carnitas, unspecified","pork","Pork",,,
"2010","2","Washington","Animal contact","Salmonella enterica","Montevideo","Confirmed","Private home/residence","9","2","9","0","9",,,,,,"Poultry"
"2010","2","Oregon","Food","Salmonella enterica","Enteritidis","Confirmed","Restaurant: Sit-down dining","3","0","3","0","3",,,,,,
"2010","2","Multistate","Animal contact","Salmonella enterica","Montevideo","Confirmed","Other","59",,,,,,,,,,"Poultry"
"2010","2","Multistate","Animal contact","Salmonella enterica","Typhimurium","Confirmed","Other","143",,,"0","143",,,,,,"Poultry"
"2010","3","Connecticut","Food","Salmonella enterica","Typhimurium","Confirmed","Restaurant: Fast-food (drive up service or pay at counter)","10","3","10","0","10","bagels",,"Multiple",,,
"2010","3","Missouri","Food","Salmonella enterica","Montevideo","Confirmed","Unknown","11","2","11","0","11",,,,,,
"2010","3","Massachusetts","Food","Salmonella enterica","Enteritidis","Confirmed",,"14","6","14","0","14",,,,,,
"2010","3","Utah","Animal contact","Salmonella enterica","Typhimurium","Confirmed","Other","8","3","8","0","8",,,,,,"Poultry"
"2010","3","Minnesota","Food","Salmonella enterica","Typhimurium","Confirmed","Unknown","2","1","2","0","2",,,,,,
"2010","3","Wisconsin","Food","Salmonella enterica","Enteritidis","Confirmed","Restaurant: Sit-down dining","5","0","4","0","4",,,,,,
"2010","3","California","Food","Salmonella enterica","Typhimurium","Confirmed","Restaurant: Sit-down dining","22","2","20","0","20","carne asada","beef","Beef",,,
"2010","3","Virginia","Food","Salmonella enterica","Enteritidis","Confirmed","Restaurant: Sit-down dining","9","0","9","0","9",,,,,,
"2010","3","Multistate","Food","Salmonella enterica","Newport","Confirmed",,"44",,,,,"alfalfa sprouts","alfalfa sprout seeds","Sprouts",,,
"2010","3","Multistate","Animal contact","Salmonella enterica","Paratyphi B","Confirmed","Private home/residence","79","13","79","0",,,,,,,"Turtle"
"2010","3","South Carolina","Person-to-person","Salmonella enterica","Typhimurium","Confirmed","Child daycare/preschool","4","0","4","0","4",,,,,,
"2010","4","Multistate","Food","Salmonella enterica","Berta","Confirmed","Private home/residence","35","2","10","0","10","ground turkey, unspecified","turkey","Turkey",,,
"2010","4","Illinois","Food","Salmonella enterica","Typhimurium","Confirmed","Grocery store/bakery/deli/convenience store;Private home/residence","12","4","12","0","12",,,,,,
"2010","4","Oregon","Food","Salmonella enterica","Enteritidis","Confirmed","Restaurant: Sit-down dining","73","3","73","0","73","pico de gallo;guacamole",,"N/A",,,
"2010","4","Ohio","Food","Salmonella enterica","Enteritidis","Confirmed","Restaurant: Sit-down dining","56","7","56","0","56","Chilis Rellenos",,"Multiple",,,
"2010","4","Alaska","Indeterminate/unknown","Salmonella enterica","Enteritidis","Confirmed",,"4","1","4","0","4",,,,,,
"2010","4","Missouri","Animal contact","Salmonella enterica","Paratyphi B var. L(+) tartrate +","Confirmed","Private home/residence","2","0","2","0","2",,,,,,"Fish"
"2010","4","South Carolina","Person-to-person","Salmonella enterica","Poona","Confirmed","Child daycare/preschool","5","1","5","0","5",,,,,,
"2010","4","North Carolina","Food","Salmonella enterica","Enteritidis","Confirmed",,"65","8","65","0","65","meringue",,"Multiple",,,
"2010","4","New Hampshire","Food","Salmonella enterica","Typhimurium","Confirmed","Restaurant: Sit-down dining","3","0","3","0","3",,,,,,
"2010","4","Florida","Food","Salmonella enterica","Anatum","Confirmed","Private home/residence;Other;Banquet Facility (food prepared and served on-site)","37","1","37","0","37","pork;chicken, BBQ","pork;chicken","Multiple",,,
"2010","4","Pennsylvania","Indeterminate/unknown","Salmonella enterica","Infantis","Confirmed",,"8","3","8","0","8",,,,,,
"2010","4","Pennsylvania","Indeterminate/unknown","Salmonella enterica","Enteritidis","Confirmed",,"2","1","2","0","2",,,,,,
"2010","4","California","Food","Salmonella enterica","Typhimurium","Confirmed","Other","27","5","26","0","27",,,,,,
"2010","4","Illinois","Food","Salmonella enterica","Hvittingfoss","Confirmed","Restaurant: Fast-food (drive up service or pay at counter)","102","28","97","0","97",,,,,,
"2010","4","Kentucky","Food","Salmonella enterica","Typhimurium","Confirmed",,"2","1","1","0","0",,,,,,
"2010","4","Multistate","Food","Salmonella enterica","Typhi","Confirmed","Restaurant: Other;Private home/residence;Grocery store/bakery/deli/convenience store","12","9",,"0",,"mamey shake","mamey fruit","Fruits",,,
"2010","4","Multistate","Food","Salmonella enterica","Chester","Confirmed","Private home/residence","44","7",,"0",,"Cheesy Chicken and Rice Frozen Meal",,"Multiple",,,
"2010","4","Multistate","Food","Salmonella enterica","Typhimurium","Confirmed",,"13",,,,,"pre-packaged salad",,"Multiple",,,
"2010","5","Maryland","Person-to-person","Salmonella enterica","Enteritidis","Confirmed","School/college/university","28","0","26","0","26",,,,,,
"2010","5","Multistate","Food","Salmonella enterica","Newport","Confirmed","Restaurant: Sit-down dining;Grocery store/bakery/deli/convenience store","64",,,,,"tomatoes",,"Seeded Vegetables",,,
"2010","5","Multistate","Animal contact","Salmonella enterica","Enteritidis","Confirmed","Other","10",,,,,,,,,,"Guinea pig"
"2010","5","Indiana","Food","Salmonella enterica","Typhimurium","Suspected",,"3","1","3","0","3",,,,,,
"2010","5","Indiana","Food","Salmonella enterica","Javiana","Suspected",,"2","1","2","0","2",,,,,,
"2010","5","North Carolina","Food","Salmonella enterica","Newport","Confirmed",,"52",,,"0","52",,,,,,
"2010","5","Maryland","Food","Salmonella enterica","Typhimurium","Confirmed","School/college/university;Office/indoor workplace;Restaurant: Sit-down dining","4","1","4","0","4","salad bar",,,,,
"2010","5","Pennsylvania","Person-to-person","Salmonella enterica","Stanley","Confirmed","Private home/residence","3","0","3","0","3",,,,,,
"2010","5","Ohio","Indeterminate/unknown","Salmonella enterica","Typhimurium","Confirmed",,"5","2","5","0","5",,,,,,
"2010","5","Pennsylvania","Person-to-person","Salmonella enterica","Javiana","Confirmed","Private home/residence","2","1","2","0","2",,,,,,
"2010","5","Oregon","Indeterminate/unknown","Salmonella enterica","Enteritidis","Confirmed","Other","10","5","10","0","10",,,,,,
"2010","5","Utah","Food","Salmonella enterica","Chester","Confirmed",,"3","1","3","0","3",,,,,,
"2010","5","Pennsylvania","Person-to-person","Salmonella enterica","Saintpaul","Confirmed","Long-term care/nursing home/assisted living facility","2","2","2","0","2",,,,,,
"2010","5","Minnesota","Food","Salmonella enterica","Enteritidis","Confirmed","Restaurant: Sit-down dining","3","1","3","0","3",,,,,,
"2010","5","Connecticut","Food","Salmonella enterica","Enteritidis","Confirmed","Restaurant: Sit-down dining","13","3","13","0","13","shrimp, stuffed",,"Multiple",,,
"2010","5","Pennsylvania","Food","Salmonella enterica","Enteritidis","Confirmed","Restaurant: Sit-down dining;Banquet Facility (food prepared and served on-site)","37","5","37","0","37","soup, speciality, other;lasagna, beef","egg","Eggs",,,
"2010","5","Ohio","Food","Salmonella enterica","Enteritidis","Confirmed","Restaurant: Other","3","1","3","0","3",,,,,,
"2010","5","Ohio","Person-to-person","Salmonella enterica","Typhimurium","Confirmed","Private home/residence","2","0","0","0","0",,,,,,
"2010","6","New York","Food","Salmonella enterica","Saintpaul","Suspected","Restaurant: Sit-down dining","9","1","9","0","9","kabobs, chicken;chicken, curry",,"Multiple",,,
"2010","6","Tennessee","Indeterminate/unknown","Salmonella enterica","Norwich","Suspected",,"3","1","3","0","3",,,,,,
"2010","6","Minnesota","Food","Salmonella enterica","Muenchen","Confirmed","Private home/residence;Caterer","7","0","7","0","7",,,,,,
"2010","6","Ohio","Food","Salmonella enterica","Typhimurium var Cope","Confirmed","Private home/residence","64","1","38","0","38","pork, smoked",,"Pork",,,
"2010","6","Iowa","Food","Salmonella enterica","Enteritidis","Confirmed",,"4","0","4","0","4","eggs, unspecified",,"Eggs",,,
"2010","6","Illinois","Food","Salmonella enterica","Enteritidis","Confirmed","Restaurant: Sit-down dining","83","10","83","0","83",,,,,,
"2010","6","North Carolina","Food","Salmonella enterica","Newport","Confirmed",,"11",,,"0","11",,,,,,
"2010","6","North Carolina","Food","Salmonella enterica","Typhimurium","Confirmed",,"28",,,"0","28",,,,,,
"2010","6","New Mexico","Food","Salmonella enterica","Newport","Confirmed",,"8","4","6","0","6",,,,,,
"2010","6","Michigan","Food","Salmonella enterica","Uganda","Confirmed","Other","8","6","8","0","8",,,,,,
"2010","6","Arizona","Indeterminate/unknown","Salmonella enterica","Panama","Confirmed",,"5","1","5","0","5",,,,,,
"2010","6","New Mexico","Food","Salmonella enterica","Newport","Confirmed",,"6","3","6","0","6",,,,,,
"2010","6","Washington","Food","Salmonella enterica","Enteritidis","Confirmed","Festival/fair","9","1","4","0","9",,,,,,
"2010","6","Florida","Food","Salmonella enterica","Newport","Confirmed","Private home/residence","6","0","6","0","6","pork, roasted","pork","Pork",,,
"2010","6","Missouri","Food","Salmonella enterica","Enteritidis","Confirmed","Restaurant: Sit-down dining","25","7","20","0","20",,,,,,
"2010","6","Pennsylvania","Food","Salmonella enterica","Typhimurium","Confirmed",,"10","0","10","0","10",,,,,,
"2010","6","Multistate","Indeterminate/unknown","Salmonella enterica","Newport","Confirmed","Other","3","1","3","0","3",,,,,,
"2010","6","Minnesota","Food","Salmonella enterica","Enteritidis","Confirmed","Restaurant: Sit-down dining","7","0","7","0","7","chips, tortilla",,"Multiple",,,
"2010","7","California","Food","Salmonella enterica","Enteritidis","Confirmed","Private home/residence;Other","9","2","9","0","9",,,,,,
"2010","7","Minnesota","Food","Salmonella enterica","Newport","Confirmed","Restaurant: Other","6","1","6","0","6","blueberries",,"Fruits",,,
"2010","7","Wisconsin","Food","Salmonella enterica","Miami","Confirmed","Private home/residence","9","1","9","0","9",,,,,,
"2010","7","Pennsylvania","Food","Salmonella enterica","Enteritidis","Confirmed","Other","21","1","20","0","20","chicken and rice","chicken","Chicken",,,
"2010","7","New York","Food","Salmonella enterica","Group B","Confirmed","Restaurant: Sit-down dining","15","2","15","0","15","guacamole",,"N/A",,,
"2010","7","Iowa","Food","Salmonella enterica",,"Confirmed","Religious facility","5","1","5","0","5",,,,,,
"2010","7","Iowa","Food","Salmonella enterica","Newport","Confirmed","Restaurant: Sit-down dining","41","5","41","0","41","guacamole",,"N/A",,,
"2010","7","District of Columbia","Food","Salmonella enterica","Newport","Confirmed",,"24",,,,,"tomatoes",,"Seeded Vegetables",,,
"2010","7","Multistate","Food","Salmonella enterica","Javiana","Confirmed","Grocery store/bakery/deli/convenience store;Restaurant: Fast-food (drive up service or pay at counter)","30","8",,,,"tomatoes","tomato","Seeded Vegetables",,,
"2010","7","North Carolina","Food","Salmonella enterica","Javiana","Confirmed",,"12",,,"0","12",,,,,,
"2010","7","North Carolina","Food","Salmonella enterica","Newport","Confirmed",,"7",,,"0","7",,,,,,
"2010","7","Kentucky","Food","Salmonella enterica","Javiana","Confirmed",,"3",,,"0","0",,,,,,
"2010","7","New Jersey","Food","Salmonella enterica","Newport","Confirmed","Private home/residence","5","2","4","0","4",,,,,,
"2010","7","Massachusetts","Indeterminate/unknown","Salmonella enterica","Newport","Confirmed",,"2","1","2","0","2",,,,,,
"2010","7","Multistate","Indeterminate/unknown","Salmonella enterica","I 4,[5],12:i:-","Suspected",,"3","0","1","0","1",,,,,,
"2010","7","California","Food","Salmonella enterica","Litchfield","Confirmed","Private home/residence","23","2","23","0","23",,,,,,
"2010","7","New Mexico","Food","Salmonella enterica","Sandiego","Confirmed",,"5","3","5","0","5",,,,,,
"2010","7","Colorado","Food","Salmonella enterica","Enteritidis","Confirmed","Restaurant: Sit-down dining","2","0","2","0","2","eggs, unspecified","egg","Eggs",,,
"2010","7","Colorado","Food","Salmonella enterica","Enteritidis","Confirmed","Restaurant: Sit-down dining","29","4","29","0","29","Rattlesnake Cake","egg","Eggs",,,
"2010","7","Massachusetts","Food","Salmonella enterica","Miami","Confirmed",,"7","0","6","0","5",,,,,,
"2010","7","Illinois","Food","Salmonella enterica","Newport","Confirmed","Grocery store/bakery/deli/convenience store","6","5","6","0","6","pickles",,"N/A",,,
"2010","7","Connecticut","Food","Salmonella enterica","Enteritidis","Confirmed","Camp","17","0","17","0","17",,,,,,
"2010","7","Michigan","Food","Salmonella enterica","Saintpaul","Confirmed","Private home/residence;Grocery store/bakery/deli/convenience store","17","11","17","0","17","watermelon",,"Fruits",,,
"2010","8","Minnesota","Food","Salmonella enterica","Enteritidis","Confirmed","Caterer","7","1","7","0","7",,,,,,
"2010","8","Minnesota","Food","Salmonella enterica","Infantis","Confirmed","Private home/residence;Religious facility","21","0","21","0","21","Salads",,"Multiple",,,
"2010","8","Mississippi","Food","Salmonella enterica","Montevideo","Confirmed","Restaurant: Sit-down dining","28","1","27","0","28",,,,,,
"2010","8","California","Food","Salmonella enterica",,"Confirmed","Restaurant: Sit-down dining","32","4","30","0","31",,,,,,
"2010","8","Illinois","Food","Salmonella enterica","Enteritidis","Confirmed","Restaurant: Sit-down dining;Private home/residence","4","1","4","0","4",,,,,,
"2010","8","Puerto Rico","Indeterminate/unknown","Salmonella enterica","Enteritidis","Confirmed",,"2","2","2","0","2",,,,,,
"2010","8","Illinois","Food","Salmonella enterica","Infantis","Confirmed","Private home/residence","28","1","19","0","19","meatballs;cala;fruit",,"Multiple",,,
"2010","8","California","Food","Salmonella enterica","Braenderup","Confirmed","Other","20","0","18","0","18","pork, BBQ","pork","Pork",,,
"2010","8","North Carolina","Person-to-person","Salmonella enterica","Typhimurium","Confirmed",,"10","0","0","0","10",,,,,,
"2010","8","North Carolina","Indeterminate/unknown","Salmonella enterica","I 4,[5],12:i:-","Confirmed",,"8","0","0","0","8",,,,,,
"2010","8","Multistate","Animal contact","Salmonella enterica","Paratyphi B","Confirmed","Private home/residence","42","0","10","0","10",,,,,,"Turtle"
"2010","8","Multistate","Environmental contamination other than food/water","Salmonella enterica","Typhimurium","Confirmed","Other","109",,,,,,,,,,
"2010","8","Michigan","Food","Salmonella enterica","Javiana","Confirmed","Long-term care/nursing home/assisted living facility","41","5","41","0","41","potato salad","yellow onion","Root/Underground",,,
"2010","8","California","Food","Salmonella enterica","Enteritidis","Confirmed","Restaurant: Sit-down dining","9","2","7","0","9",,,,,,
"2010","8","Maine","Food","Salmonella enterica","Enteritidis","Confirmed",,"3","0","3","0","3",,,,,,
"2010","8","Kentucky","Indeterminate/unknown","Salmonella enterica","Typhimurium","Confirmed",,"3","1","3","0","3",,,,,,
"2010","8","Multistate","Indeterminate/unknown","Salmonella enterica","Typhimurium var Cope","Confirmed",,"2","0","1","0","1",,,,,,
"2010","8","South Carolina","Indeterminate/unknown","Salmonella enterica","Typhimurium var Cope","Confirmed",,"15","7","15","1","15",,,,,,
"2010","8","South Carolina","Person-to-person","Salmonella enterica","Javiana","Confirmed","Child daycare/preschool","3","0","3","0","3",,,,,,
"2010","8","Multistate","Indeterminate/unknown","Salmonella enterica","Hadar","Confirmed","Other","2","0","2","0","2",,,,,,
"2010","8","Maryland","Indeterminate/unknown","Salmonella enterica","Enteritidis","Confirmed","Correctional/detention facility","13","5","13","0","13",,,,,,
"2010","8","Alaska","Food","Salmonella enterica","Thompson","Confirmed","Restaurant: Sit-down dining","7","2","7","0","7","hollandaise sauce","egg","Eggs",,,
"2010","8","Wisconsin","Food","Salmonella enterica","Enteritidis","Confirmed",,"24","8","24","0","24","ice cream, homemade",,"Multiple",,,
"2010","8","Georgia","Food","Salmonella enterica","Infantis","Confirmed","Restaurant: Other","74","7","37","0","74","potato salad;pork, BBQ;coleslaw;beans, baked",,"Multiple",,,
"2010","8","New York","Food","Salmonella enterica","Saintpaul","Confirmed","Restaurant: Sit-down dining","17","2","16","0","16",,,,,,
"2010","8","Illinois","Food","Salmonella enterica","Typhimurium","Confirmed","Restaurant: Sit-down dining","3","1","3","0","3",,,,,,
"2010","8","Virginia","Food","Salmonella enterica","Newport","Confirmed","Private home/residence","5","0","5","0","5",,,,,,
"2010","8","Arizona","Food","Salmonella enterica","Enteritidis","Suspected",,"2","0","2","0","2",,,,,,
"2010","8","Georgia","Food","Salmonella enterica","Uganda","Confirmed","Grocery store/bakery/deli/convenience store","10","0","10","0","10","salsa;carnitas, unspecified",,"Multiple",,,
"2010","8","Minnesota","Indeterminate/unknown","Salmonella enterica","Newport","Confirmed",,"2","1","2","0","2",,,,,,
"2010","8","Maryland","Person-to-person","Salmonella enterica","Javiana","Confirmed","Child daycare/preschool","5","1","5","0","5",,,,,,
"2010","8","Minnesota","Indeterminate/unknown","Salmonella enterica","Typhimurium","Confirmed",,"2","0","2","0","2",,,,,,
"2010","8","Rhode Island","Food","Salmonella enterica","Javiana","Confirmed","Caterer","16","2","10","0","10","chicken salad",,"Multiple",,,
"2010","9","Ohio","Person-to-person","Salmonella enterica","Poona","Confirmed","Long-term care/nursing home/assisted living facility","14","0","14","0","14",,,,,,
"2010","9","North Carolina","Food","Salmonella enterica","Typhimurium","Confirmed",,"4","0","4","0","4",,,,,,
"2010","9","Alaska","Indeterminate/unknown","Salmonella enterica","Typhimurium","Confirmed",,"4","0","4","0","4",,,,,,
"2010","9","Washington","Food","Salmonella enterica","Uganda","Confirmed","Unknown","13","4","13","0","13",,,,,,
"2010","9","New York","Food","Salmonella enterica","Typhimurium","Confirmed","Unknown","8","2","4","0","4",,,,,,
"2010","9","Tennessee","Food","Salmonella enterica","Newport","Suspected","Other;Private home/residence","3","1","3","0","3",,,,,,
"2010","9","New York","Food","Salmonella enterica","Enteritidis","Confirmed",,"3","1","3","0","3","canoli, unspecified",,"Multiple",,,
"2010","9","Connecticut","Food","Salmonella enterica","Enteritidis","Confirmed","Other","3","2","3","0","3","canoli, unspecified",,"Multiple",,,
"2010","9","Utah","Food","Salmonella enterica","Javiana","Confirmed",,"3","0","3","0","3",,,,,,
"2010","9","Iowa","Person-to-person","Salmonella enterica","Hartford","Confirmed","Child daycare/preschool","4","0","4","0","4",,,,,,
"2010","9","Oklahoma","Food","Salmonella enterica","Paratyphi B","Confirmed","School/college/university","14","0","14","0","14",,,,,,
"2010","9","Illinois","Food","Salmonella enterica","Typhimurium","Confirmed","Restaurant: Sit-down dining","2","0","2","0","2",,,,,,
"2010","9","New York","Food","Salmonella enterica","Ohio","Confirmed","Caterer","13","1","13","0","13","rice;chicken, roasted",,"Multiple",,,
"2010","10","California","Food","Salmonella enterica","Heidelberg","Confirmed","Private home/residence","21","1","21","0","21","chicken",,"Chicken",,,
"2010","10","Connecticut","Food","Salmonella enterica","Enteritidis","Confirmed","Private home/residence","6","0","6","0","6","pork, roasted",,"Pork",,,
"2010","10","Arkansas","Food","Salmonella enterica","Newport","Confirmed",,"5","2","5","0","5",,,,,,
"2010","10","South Dakota","Food","Salmonella enterica","Typhimurium var Cope","Confirmed",,"5","0","5","0","5","smoked sausage",,"N/A",,,
"2010","10","Ohio","Food","Salmonella enterica","I 4,[5],12:i:-","Confirmed",,"33","0","33","0","33",,,,,,
"2010","10","Iowa","Food","Salmonella enterica","Infantis","Confirmed","Private home/residence","6","6","6","0","6","carnitas, unspecified","pork","Pork",,,
"2010","10","Iowa","Food","Salmonella enterica","Thompson","Confirmed",,"4","0","4","0","4",,,,,,
"2010","11","Pennsylvania","Indeterminate/unknown","Salmonella enterica","Typhimurium","Confirmed",,"3","0","3","0","3",,,,,,
"2010","11","Kentucky","Person-to-person","Salmonella enterica","Typhimurium","Confirmed","Correctional/detention facility","8","0","8","0","8",,,,,,
"2010","11","Kentucky","Food","Salmonella enterica","Newport","Confirmed",,"10","2","10","0","10",,,,,,
"2010","11","Texas","Food","Salmonella enterica","Eastbourne","Confirmed",,"23","8","22","1","22",,,,,,
"2010","11","Virginia","Food","Salmonella enterica","Newport","Confirmed","Restaurant: Sit-down dining","7","0","7","0","7",,,,,,
"2010","11","Multistate","Food","Salmonella enterica","I 4,[5],12:i:-","Confirmed","Restaurant: Fast-food (drive up service or pay at counter)","140","31",,"0",,"alfalfa sprouts",,"Sprouts",,,
"2010","11","Ohio","Food","Salmonella enterica","Heidelberg","Confirmed","Private home/residence","6","5","6","0","6","turkey",,"Turkey",,,
"2010","11","Oregon","Indeterminate/unknown","Salmonella enterica","Saintpaul","Confirmed","Other","4","0","4","0","4",,,,,,
"2010","11","South Carolina","Food","Salmonella enterica","Enteritidis","Confirmed","Private home/residence","22","4","21","0","22",,,,,,
"2010","11","South Dakota","Animal contact","Salmonella enterica","Saintpaul","Confirmed","School/college/university","6","2","5","0","6",,,,,,"Poultry"
"2010","11","Alaska","Indeterminate/unknown","Salmonella enterica","Enteritidis","Confirmed",,"4","0","3","0","3",,,,,,
"2010","11","Multistate","Environmental contamination other than food/water","Salmonella enterica","Typhimurium","Confirmed",,"2","1","2","0","2",,,,,,
"2010","12","Multistate","Food","Salmonella enterica","Cubana","Confirmed","Restaurant: Other","3",,,,,"alfalfa sprouts",,"Sprouts",,,
"2010","12","Florida","Food","Salmonella enterica","unknown","Confirmed","Private home/residence","17","1","17","0","17","pancit",,"Multiple",,,
"2010","12","Multistate","Food","Salmonella enterica","Newport","Confirmed","Restaurant: Fast-food (drive up service or pay at counter);Grocery store/bakery/deli/convenience store","9",,,,,"clover sprouts","clover sprouts","Sprouts",,,
"2010","12","Multistate","Food","Salmonella enterica","Hadar","Confirmed","Grocery store/bakery/deli/convenience store","55",,,,,"ground turkey, burger","ground turkey","Turkey",,,
"2010","12","California","Food","Salmonella enterica","Typhimurium var Cope","Confirmed","Long-term care/nursing home/assisted living facility","7","0","7","0","7","chicken, baked",,"Chicken",,,
"2011","1","Connecticut","Food","Salmonella enterica","Enteritidis","Confirmed","Restaurant: Sit-down dining","11","4","11","0","11","sandwich, unspecified",,"Multiple",,,
"2011","1","Kansas","Person-to-person","Salmonella enterica","Typhimurium","Confirmed","Child daycare/preschool","2","0","2","0","2",,,,,,
"2011","1","Michigan","Food","Salmonella enterica","Enteritidis","Confirmed","Restaurant: Sit-down dining","6","1","6","0","6",,,,,,
"2011","1","Ohio","Environmental contamination other than food/water","Salmonella enterica","Typhimurium","Confirmed",,"2","1","2","0","2",,,,,,
"2011","1","Missouri","Indeterminate/unknown","Salmonella enterica","Enteritidis","Confirmed",,"28","0","28","0","28",,,,,,
"2011","1","California","Food","Salmonella enterica","Typhimurium","Suspected","Other;Grocery store/bakery/deli/convenience store","7","0","7","0","7","carne asada",,"Multiple",,,
"2011","1","Idaho","Person-to-person","Salmonella enterica","Typhimurium","Confirmed","Long-term care/nursing home/assisted living facility","9","2","9","0","9",,,,,,
"2011","1","California","Food","Salmonella enterica","Typhimurium","Confirmed","Private home/residence","37","7","34","0","37","queso fresco, unpasteurized",,"Dairy",,,
"2011","1","Illinois","Food","Salmonella enterica","Infantis","Confirmed",,"29","3","29","0","29",,,,,,
"2011","1","Maine","Indeterminate/unknown","Salmonella enterica","Javiana","Confirmed",,"16","1","16","1","16",,,,,,
"2011","1","Multistate","Food","Salmonella enterica","Agona","Confirmed","Private home/residence","106","10","104","0","104","papaya",,"Fruits",,,
"2011","2","Minnesota","Food","Salmonella enterica","Enteritidis","Confirmed","Private home/residence","3","0","3","0","3","chicken","chicken","Chicken",,,
"2011","2","Ohio","Person-to-person","Salmonella enterica","Javiana","Confirmed","Long-term care/nursing home/assisted living facility","2","0","1","1","1",,,,,,
"2011","2","Massachusetts","Food","Salmonella enterica","Heidelberg","Confirmed","Private home/residence","5","1","4","0","5","ground turkey, unspecified",,"Turkey",,,
"2011","2","Kentucky","Indeterminate/unknown","Salmonella enterica","Enteritidis","Confirmed",,"7","6","7","0","7",,,,,,
"2011","2","Multistate","Food","Salmonella enterica","Panama","Confirmed","Private home/residence","20","3","14","0","14","cantaloupe",,"Fruits",,,
"2011","2","Multistate","Food","Salmonella enterica","Heidelberg","Confirmed",,"181","50","125","1","181","ground turkey, unspecified",,"Turkey",,,
"2011","3","Illinois","Person-to-person","Salmonella enterica","Typhi","Confirmed",,"4","3",,"0",,,,,,,
"2011","3","Multistate","Animal contact","Salmonella enterica","Johannesburg","Confirmed","Other","28","9","22","0","28",,,,,,"Poultry"
"2011","3","Multistate","Animal contact","Salmonella enterica","Montevideo","Confirmed","Private home/residence","21","2","11","0","11",,,,,,"Poultry"
"2011","3","Multistate","Animal contact","Salmonella enterica","Hadar","Confirmed","Private home/residence","25","2","9","0","25",,,,,,"Poultry"
"2011","3","Florida","Food","Salmonella enterica","Braenderup","Confirmed","Grocery store/bakery/deli/convenience store","5","3","5","0","5",,,,,,
"2011","3","Tennessee","Food","Salmonella enterica","Heidelberg","Confirmed",,"2","1","2","0","2",,,,,,
"2011","3","Maryland","Person-to-person","Salmonella enterica","Enteritidis","Confirmed","Child daycare/preschool","3","0","3","0","3",,,,,,
"2011","3","Georgia","Food","Salmonella enterica","Saintpaul","Confirmed","Restaurant: Other;Restaurant: Fast-food (drive up service or pay at counter);Private home/residence;Restaurant: Sit-down dining","14","2","14","0","14","tomato, unspecified;cucumber","tomato;cucumber","Seeded Vegetables",,,
"2011","3","Pennsylvania","Indeterminate/unknown","Salmonella enterica","Enteritidis","Confirmed",,"2","2","2","0","2",,,,,,
"2011","3","Rhode Island","Food","Salmonella enterica","Heidelberg","Confirmed",,"81","29","81","2","81",,,,,,
"2011","3","Maryland","Food","Salmonella enterica","Infantis","Confirmed","Religious facility","18","5","18","0","18","sausage, pork","pork","Pork",,,
"2011","3","Oregon","Indeterminate/unknown","Salmonella enterica","Infantis","Confirmed","Other","2","0","2","0","2",,,,,,
"2011","3","Ohio","Food","Salmonella enterica","Muenchen","Suspected","Unknown","3","0","3","0","3",,,,,,
"2011","3","Connecticut","Food","Salmonella enterica","Enteritidis","Confirmed","Restaurant: Fast-food (drive up service or pay at counter)","8","2","8","0","8","sandwich, unspecified;Salads",,"Multiple",,,
"2011","3","Louisiana","Food","Salmonella enterica","Pomona","Confirmed",,"51","2","51","0","51",,,,,,
"2011","4","Oregon","Food","Salmonella enterica","Stanley","Confirmed","Banquet Facility (food prepared and served on-site)","4","2","4","0","4",,,,,,
"2011","4","Illinois","Food","Salmonella enterica","Typhimurium","Confirmed","Restaurant: Fast-food (drive up service or pay at counter)","36","3","34","0","36","multiple salads",,,,,
"2011","4","Missouri","Indeterminate/unknown","Salmonella enterica","Typhimurium","Confirmed",,"4","1","4","0","4",,,,,,
"2011","4","South Dakota","Indeterminate/unknown","Salmonella enterica","Typhimurium var Cope","Confirmed",,"4","0","4","0","4",,,,,,
"2011","4","Georgia","Food","Salmonella enterica","Typhimurium var Cope","Confirmed","Private home/residence","17","3","17","0","17","chicken",,"Chicken",,,
"2011","4","Texas","Food","Salmonella enterica","Heidelberg","Confirmed",,"21","2","21","0","21",,,,,,
"2011","4","Washington","Food","Salmonella enterica","Braenderup","Confirmed","Grocery store/bakery/deli/convenience store","2","0","2","0","2",,,,,,
"2011","4","California","Food","Salmonella enterica","Braenderup","Confirmed","Restaurant: Sit-down dining","14","4","14","0","14",,,,,,
"2011","4","Multistate","Indeterminate/unknown","Salmonella enterica","Typhimurium","Confirmed",,"15","3","13","0","13",,,,,,
"2011","4","California","Food","Salmonella enterica","Typhimurium","Confirmed","Festival/fair","12","5","12","0","12",,,,,,
"2011","4","Alaska","Indeterminate/unknown","Salmonella enterica","Enteritidis","Confirmed",,"3","0","0","0","0",,,,,,
"2011","4","Multistate","Food","Salmonella enterica","Newport","Confirmed","Restaurant: Fast-food (drive up service or pay at counter)","166","0","166","0","166","tomatoes",,"Seeded Vegetables",,,
"2011","4","Multistate","Food","Salmonella enterica","Enteritidis","Confirmed",,"27","3","27","0","27","alfalfa sprouts",,"Sprouts",,,
"2011","4","Multistate","Food","Salmonella enterica","Heidelberg","Confirmed","Private home/residence;School/college/university;Grocery store/bakery/deli/convenience store;Long-term care/nursing home/assisted living facility","190","30","154","0","154","liver, chicken","liver, chicken","Chicken",,,
"2011","4","Multistate","Animal contact","Salmonella enterica","Berta","Confirmed","Private home/residence","9","1","3","0","3",,,,,,"Poultry"
"2011","4","Michigan","Food","Salmonella enterica","Muenchen","Confirmed","Restaurant: Fast-food (drive up service or pay at counter)","7","4","7","0","7","clover sprouts","clover sprouts","Sprouts",,,
"2011","4","Maryland","Indeterminate/unknown","Salmonella enterica","Enteritidis","Confirmed",,"6","2","6","0","6",,,,,,
"2011","5","Multistate","Animal contact","Salmonella enterica","Pomona","Confirmed","Private home/residence","120","19","69","0","63",,,,,,"Turtle"
"2011","5","Massachusetts","Indeterminate/unknown","Salmonella enterica","Enteritidis","Confirmed","Child daycare/preschool","3","2","3","0","3",,,,,,
"2011","5","Oregon","Indeterminate/unknown","Salmonella enterica","Typhimurium","Confirmed","Other","4","2","4","0","4",,,,,,
"2011","5","Minnesota","Food","Salmonella enterica","I 4,[5],12:i:-","Confirmed","Other;Private home/residence","14","4","14","0","14","pork","pork","Pork",,,
"2011","5","Florida","Food","Salmonella enterica","Braenderup","Confirmed","Private home/residence","3","0","3","0","3","avocado, unspecified","avocado","Fruits",,,
"2011","5","Massachusetts","Food","Salmonella enterica","Thompson","Confirmed","Restaurant: Other","7","2","7","0","7",,,,,,
"2011","5","Minnesota","Indeterminate/unknown","Salmonella enterica","Bareilly","Confirmed",,"2","0","0","0","0",,,,,,
"2011","5","Georgia","Food","Salmonella enterica","Enteritidis","Confirmed","Other;Caterer;Grocery store/bakery/deli/convenience store","25","1","25","0","25",,,,,,
"2011","5","Georgia","Food","Salmonella enterica","Heidelberg","Confirmed","Private home/residence","4","1","4","0","4",,,,,,
"2011","5","Pennsylvania","Indeterminate/unknown","Salmonella enterica","Typhimurium var Cope","Confirmed",,"12","3","12","0","12",,,,,,
"2011","5","Pennsylvania","Food","Salmonella enterica","Enteritidis","Confirmed",,"10","1","10","0","10","chicken picata","chicken","Chicken",,,
"2011","5","California","Food","Salmonella enterica","Enteritidis","Confirmed","Restaurant: Sit-down dining","21","11","15","0","15",,,,,,
"2011","5","Ohio","Food","Salmonella enterica","Enteritidis","Confirmed","Private home/residence","11","0","2","0","2",,,,,,
"2011","5","Multistate","Food","Salmonella enterica","Newport","Confirmed","Restaurant: Fast-food (drive up service or pay at counter);Restaurant: Sit-down dining;Restaurant: Other","209","52","138","0","104",,,,,,
"2011","5","Pennsylvania","Indeterminate/unknown","Salmonella enterica","Enteritidis","Suspected",,"2","0","2","0","2",,,,,,
"2011","6","Ohio","Food","Salmonella enterica","Typhimurium","Confirmed","Private home/residence","5","2","3","0","5","ground beef, sloppy joe;ground beef, other",,"Beef",,,
"2011","6","Multistate","Food","Salmonella enterica","Uganda","Confirmed",,"25","4","25","0","25","cantaloupe",,"Fruits",,,
"2011","6","California","Food","Salmonella enterica","Heidelberg","Confirmed","Other;Office/indoor workplace","19","3","19","0","19",,,,,,
"2011","6","Kentucky","Food","Salmonella enterica","Typhimurium","Confirmed",,"2","1","2","0","2",,,,,,
"2011","6","Arkansas","Food","Salmonella enterica","Typhimurium","Suspected",,"17","11","11","0","0",,,,,,
"2011","6","Virginia","Food","Salmonella enterica","Infantis","Suspected","Private home/residence;Grocery store/bakery/deli/convenience store;Unknown;Restaurant: Other","35","2","3","0","3",,,,,,
"2011","6","Virginia","Food","Salmonella enterica","Typhimurium","Confirmed","Caterer;Private home/residence","9","1","9","0","9","pork, BBQ;coleslaw",,"Multiple",,,
"2011","6","Multistate","Indeterminate/unknown","Salmonella enterica","Berta","Confirmed",,"3","1","3","0","3",,,,,,
"2011","6","Pennsylvania","Food","Salmonella enterica","Typhimurium var Cope","Suspected","Other","25","3","25","0","25","pork, roasted","pork","Pork",,,
"2011","6","Massachusetts","Food","Salmonella enterica","Newport","Confirmed",,"5","1","4","0","5",,,,,,
"2011","6","Alaska","Animal contact","Salmonella enterica","Pomona","Confirmed","Private home/residence","2","0","2","0","2",,,,,,"Turtle"
"2011","6","Alaska","Indeterminate/unknown","Salmonella enterica","Newport","Confirmed",,"2","1","2","0","2",,,,,,
"2011","6","Connecticut","Food","Salmonella enterica","Newport","Confirmed","Restaurant: Sit-down dining","7","0","7","0","7",,,,,,
"2011","6","Minnesota","Food","Salmonella enterica","Muenchen","Confirmed","Unknown","11","6","11","0","11",,,,,,
"2011","6","Pennsylvania","Indeterminate/unknown","Salmonella enterica","Enteritidis","Confirmed",,"4","0","4","0","4",,,,,,
"2011","6","Minnesota","Food","Salmonella enterica","Typhimurium","Confirmed",,"8","2","8","0","8",,,,,,
"2011","6","Minnesota","Indeterminate/unknown","Salmonella enterica","Newport","Confirmed",,"3","2","3","0","3",,,,,,
"2011","6","New York","Food","Salmonella enterica","Muenchen","Confirmed","Unknown","6","2","6","1","6",,,,,,
"2011","6","Pennsylvania","Food","Salmonella enterica","Montevideo","Confirmed",,"312","1","312","0","312","chicken, other","chicken","Chicken",,,
"2011","6","Oregon","Food","Salmonella enterica","Typhimurium","Confirmed","Child daycare/preschool;Private home/residence","6","0",,,,"Cantaloupe & Strawberry mix",,"Fruits",,,
"2011","6","Multistate","Indeterminate/unknown","Salmonella enterica","Typhimurium","Confirmed","Other","2","0","2","0","2",,,,,,
"2011","6","Connecticut","Food","Salmonella enterica","Enteritidis","Confirmed","Private home/residence","19","1","19","0","19","pork, roasted",,"Pork",,,
"2011","6","Georgia","Food","Salmonella enterica","Barranquilla","Confirmed","Restaurant: Sit-down dining","14","2","14","0","14",,,,,,
"2011","6","Ohio","Food","Salmonella enterica","Typhimurium","Confirmed",,"12","2","12","0","12","cake, unspecified",,"Multiple",,,
"2011","6","Ohio","Indeterminate/unknown","Salmonella enterica","Enteritidis","Confirmed",,"41","1","15","0","15",,,,,,
"2011","6","Wisconsin","Food","Salmonella enterica","Enteritidis","Confirmed","Private home/residence","67","6","67","0","67","pork, roasted",,"Pork",,,
"2011","7","Maryland","Food","Salmonella enterica","Berta","Confirmed","Unknown","9","0","9","0","9",,,,,,
"2011","7","Multistate","Indeterminate/unknown","Salmonella enterica","Newport","Confirmed",,"3","0","3","0","3",,,,,,
"2011","7","Vermont","Indeterminate/unknown","Salmonella enterica","I 4,[5],12:i:-","Confirmed",,"4","2","4","0","4",,,,,,
"2011","7","California","Food","Salmonella enterica","Enteritidis","Confirmed","Restaurant: Sit-down dining","18","2","18","0","18",,,,,,
"2011","7","Indiana","Food","Salmonella enterica","I 4,[5],12:i:-","Suspected",,"3",,,"0",,,,,,,
"2011","7","Indiana","Food","Salmonella enterica","Infantis","Suspected",,"43","0",,"0",,,,,,,
"2011","7","South Carolina","Person-to-person","Salmonella enterica","Montevideo","Confirmed","Child daycare/preschool","2","0","2","0","2",,,,,,
"2011","7","Massachusetts","Food","Salmonella enterica","Muenchen","Confirmed","Restaurant: Sit-down dining","8","2","7","0","8",,,,,,
"2011","7","California","Food","Salmonella enterica","Enteritidis","Confirmed","Correctional/detention facility","64","2","64","0","64",,,,,,
"2011","7","Pennsylvania","Indeterminate/unknown","Salmonella enterica","Enteritidis","Confirmed",,"21","0","19","0","21",,,,,,
"2011","7","Alabama","Food","Salmonella enterica","Enteritidis","Confirmed","Restaurant: Sit-down dining","8","3","8","0","8",,,,,,
"2011","7","Utah","Indeterminate/unknown","Salmonella enterica","Hadar","Confirmed",,"6","0","5","0","5",,,,,,
"2011","7","South Carolina","Indeterminate/unknown","Salmonella enterica","Typhimurium","Confirmed",,"7","0","7","0","7",,,,,,
"2011","7","New York","Food","Salmonella enterica","Typhimurium","Confirmed","Restaurant: Sit-down dining","10","3","9","0","9",,,,,,
"2011","7","Connecticut","Food","Salmonella enterica","Enteritidis","Confirmed","Festival/fair","42","2","42","0","42","salad, unspecified",,"Multiple",,,
"2011","7","Maryland","Food","Salmonella enterica","Enteritidis","Confirmed","Restaurant: Sit-down dining","57","7","57","0","57","crab dishes",,"Multiple",,,
"2011","7","New York","Food","Salmonella enterica","Typhimurium","Confirmed","Private home/residence","21","2","21","0","21","turkey, roasted","turkey","Turkey",,,
"2011","7","Ohio","Food","Salmonella enterica","Enteritidis","Confirmed","Restaurant: Fast-food (drive up service or pay at counter)","4","0","3","0","3",,,,,,
"2011","7","Maryland","Food","Salmonella enterica","Newport","Confirmed","Private home/residence","30","3","30","0","30",,,,,,
"2011","7","Massachusetts","Indeterminate/unknown","Salmonella enterica","I 4,[5],12:i:-","Confirmed",,"12","5","12","0","11",,,,,,
"2011","7","New York","Food","Salmonella enterica","Newport","Confirmed","Unknown","10","3","10","0","10","tomatoes","tomato","Seeded Vegetables",,,
"2011","7","Kentucky","Food","Salmonella enterica","Heidelberg","Confirmed",,"2",,,,,,,,,,
"2011","7","California","Food","Salmonella enterica","Kiambu","Confirmed","Other;Private home/residence;Restaurant: Other;Grocery store/bakery/deli/convenience store","22","1","22","0","22","carnitas, unspecified;beans, unspecified",,"Multiple",,,
"2011","7","California","Food","Salmonella enterica","Hadar","Confirmed","Restaurant: Sit-down dining","2","2","2","0","2","sandwich, chicken salad",,"Multiple",,,
"2011","8","Maryland","Food","Salmonella enterica","Enteritidis","Confirmed","Unknown","5","4","5","0","5",,,,,,
"2011","8","Multistate","Animal contact","Salmonella enterica",,"Confirmed","School/college/university;Child daycare/preschool;Private home/residence","46","4","12","0","12",,,,,,"Reptile (type unspecified)"
"2011","8","Multistate","Food","Salmonella enterica","Enteritidis","Confirmed",,"53","2","53","0","53","Turkish Pine Nuts",,"Nuts-seeds",,,
"2011","8","Massachusetts","Food","Salmonella enterica","Paratyphi B","Confirmed",,"6","1","4","0","6",,,,,,
"2011","8","California","Food","Salmonella enterica","Uganda","Confirmed","Restaurant: Sit-down dining","5","1","5","0","5","pork, roasted",,"Pork",,,
"2011","8","Massachusetts","Food","Salmonella enterica","Newport","Confirmed",,"5","0","5","0","5",,,,,,
"2011","8","Michigan","Food","Salmonella enterica","Enteritidis","Confirmed","Restaurant: Sit-down dining","6","3","6","0","6","chicken, shawarma",,"Multiple",,,
"2011","8","Minnesota","Food","Salmonella enterica","Enteritidis","Confirmed","Private home/residence","8","3","8","0","8","eggs, other","egg","Eggs",,,
"2011","8","Kansas","Food","Salmonella enterica","Agona","Confirmed","Unknown","7","1","7","0","7","sprouts","sprouts","Sprouts",,,
"2011","8","Michigan","Person-to-person","Salmonella enterica","Typhimurium","Confirmed","Other","3","3","3","0","3",,,,,,
"2011","8","Louisiana","Food","Salmonella enterica","I 4,[5],12:i:-","Confirmed",,"8","1","8","0","8",,,,,,
"2011","8","New York","Food","Salmonella enterica","Heidelberg","Confirmed","Restaurant: Sit-down dining","5","2","5","0","5",,,,,,
"2011","8","New York","Food","Salmonella enterica","Enteritidis","Confirmed","Restaurant: Sit-down dining","15","5","15","0","15","turkey",,"Turkey",,,
"2011","8","Pennsylvania","Indeterminate/unknown","Salmonella enterica","Saintpaul","Confirmed",,"2","0","2","0","2",,,,,,
"2011","8","Minnesota","Food","Salmonella enterica","Typhimurium","Confirmed","Private home/residence","15","2","15","0","15","watermelon","watermelon","Fruits",,,
"2011","9","California","Food","Salmonella enterica","Heidelberg","Confirmed","Caterer","6","0","6","0","6",,,,,,
"2011","9","Illinois","Food","Salmonella enterica","Typhimurium","Confirmed","Grocery store/bakery/deli/convenience store;Private home/residence","12","3","12","0","12","carnitas, unspecified","pork","Pork",,,
"2011","9","Illinois","Food","Salmonella enterica","Enteritidis","Confirmed","Restaurant: Sit-down dining","8","0","2","0","2","chicken","chicken","Chicken",,,
"2011","9","Kansas","Food","Salmonella enterica","Typhimurium var Cope","Confirmed","Unknown","8","5","8","0","8",,,,,,
"2011","9","Virginia","Food","Salmonella enterica","Newport","Suspected","Private home/residence","6","1",,"0",,,,,,,
"2011","9","Texas","Indeterminate/unknown","Salmonella enterica","Typhimurium var Cope","Confirmed",,"35","0","0","0","0",,,,,,
"2011","9","Georgia","Food","Salmonella enterica","Javiana","Confirmed","Private home/residence","13","4","13","1","13",,,,,,
"2011","9","Idaho","Food","Salmonella enterica","Enteritidis","Confirmed","Restaurant: Sit-down dining","5","1","5","0","5","chicken",,"Chicken",,,
"2011","9","Virginia","Animal contact","Salmonella enterica","Javiana","Confirmed","Child daycare/preschool","3","0","3","0","3",,,,,,"Frog"
"2011","9","Ohio","Animal contact","Salmonella enterica","Paratyphi B","Confirmed","Private home/residence","2","2","2","0","2",,,,,,"Fish"
"2011","9","Michigan","Food","Salmonella enterica","Derby","Confirmed","Caterer","35","6","35","0","35","Pulled Pork","pork","Pork",,,
"2011","9","Oregon","Indeterminate/unknown","Salmonella enterica","Clackamas","Confirmed","Other","2","0","2","0","2",,,,,,
"2011","9","Florida","Food","Salmonella enterica","Oranienburg","Confirmed","Restaurant: Sit-down dining","32","5","32","0","32",,,,,,
"2011","9","Multistate","Animal contact","Salmonella enterica","Typhimurium","Confirmed","Private home/residence","44","11","29","0","28",,,,,,"Turtle"
"2011","9","Multistate","Food","Salmonella enterica","Bovismorbificans","Confirmed","Restaurant: Sit-down dining","23","0","23","0","23","hummus","tahini","Nuts-seeds",,,
"2011","9","California","Food","Salmonella enterica","Heidelberg","Confirmed","Caterer","8","0","8","0","8","sandwich, turkey",,"Multiple",,,
"2011","9","North Carolina","Food","Salmonella enterica","Enteritidis","Confirmed","Restaurant: Sit-down dining","6","0","6","0","6",,,,,,
"2011","9","Wisconsin","Food","Salmonella enterica","Muenchen","Confirmed","Restaurant: Sit-down dining","20","1","20","0","20","pork, carnitas",,"Multiple",,,
"2011","9","New Jersey","Food","Salmonella enterica","Chester","Confirmed",,"26","8","25","0","25",,,,,,
"2011","9","Virginia","Food","Salmonella enterica","Newport","Confirmed",,"6","1","1","0","0",,,,,,
"2011","9","Vermont","Food","Salmonella enterica","Typhimurium","Confirmed","Restaurant: Sit-down dining","6","0","6","0","6","salad dressing, unspecified",,"Multiple",,,
"2011","9","Massachusetts","Food","Salmonella enterica","Typhimurium","Confirmed","Restaurant: Fast-food (drive up service or pay at counter)","4","3","4","0","4",,,,,,
"2011","10","Pennsylvania","Indeterminate/unknown","Salmonella enterica","Enteritidis","Confirmed",,"8","1","8","0","8",,,,,,
"2011","10","Georgia","Food","Salmonella enterica","Heidelberg","Confirmed","Correctional/detention facility","35","1","35","0","35",,,,,,
"2011","10","Wyoming","Indeterminate/unknown","Salmonella enterica","Typhimurium","Confirmed",,"6","1","6","0","6",,,,,,
"2011","10","Iowa","Food","Salmonella enterica","Lagos","Confirmed","Private home/residence","7","0","7","0","7",,,,,,
"2011","10","Multistate","Food","Salmonella enterica","Typhimurium var Cope","Confirmed","Private home/residence","20","8","8","0","20","ground beef","ground beef","Beef",,,
"2011","10","Multistate","Food","Salmonella enterica","Enteritidis","Confirmed","Restaurant: Fast-food (drive up service or pay at counter)","70","21","64","0","64",,,,,,
"2011","10","Multistate","Animal contact","Salmonella enterica","Infantis","Confirmed","Private home/residence","31","8","22","0","22",,,,,,"Dog or puppy"
"2011","10","South Carolina","Indeterminate/unknown","Salmonella enterica","Javiana","Confirmed",,"8","0","8","0","8",,,,,,
"2011","11","Alaska","Person-to-person","Salmonella enterica","Stanley","Confirmed","Child daycare/preschool","3","0","3","0","3",,,,,,
"2011","11","South Carolina","Person-to-person","Salmonella enterica","Javiana","Confirmed","Child daycare/preschool","3","0","3","0","3",,,,,,
"2011","11","Georgia","Food","Salmonella enterica","Infantis","Confirmed","Restaurant: Sit-down dining;Caterer","54","3","54","0","54","turkey, smoked;turkey, other;turkey, BBQ",,"Multiple",,,
"2011","11","Massachusetts","Food","Salmonella enterica","Braenderup","Confirmed",,"3","2","3",,,,,,,,
"2011","11","Mississippi","Food","Salmonella enterica","Typhimurium","Confirmed","Restaurant: Sit-down dining","158","36","157","0","157",,,,,,
"2011","12","Ohio","Food","Salmonella enterica","Enteritidis","Suspected",,"5","1","5","0","5",,,,,,
"2011","12","Multistate","Animal contact","Salmonella enterica","Pomona","Confirmed","Private home/residence","23","5","18","0","19",,,,,,"Turtle"
"2011","12","Multistate","Animal contact","Salmonella enterica","Typhimurium","Confirmed","Private home/residence","26","8","23","1","23",,,,,,"Hedgehog"
"2011","12","North Carolina","Food","Salmonella enterica","Enteritidis","Confirmed",,"8","0","8","0","8",,,,,,
"2011","12","West Virginia","Indeterminate/unknown","Salmonella enterica","Schwarzengrund","Confirmed",,"7","3","7","0","7",,,,,,
"2011","12","New York","Food","Salmonella enterica","Hartford","Confirmed","Restaurant: Fast-food (drive up service or pay at counter)","5","5","5","0","5","roast beef;lettuce","roast beef;lettuce","Multiple",,,
"2011","12","Pennsylvania","Animal contact","Salmonella enterica","Montevideo","Suspected","Private home/residence","2","1","2","0","2",,,,,,"Turtle"
"2012","1","Hawaii","Food","Salmonella enterica","Enteritidis","Confirmed","Caterer","61","2","36","0","61",,,,,,
"2012","1","Multistate","Indeterminate/unknown","Salmonella enterica","I 4,[5],12:i:-","Confirmed",,"4","0","4","0","4",,,,,,
"2012","1","North Carolina","Food","Salmonella enterica","Enteritidis","Confirmed",,"12","0","12","0","12",,,,,,
"2012","1","California","Food","Salmonella enterica","Typhimurium","Confirmed","Restaurant: Sit-down dining","15","2","2","0","2",,,,,,
"2012","1","South Carolina","Indeterminate/unknown","Salmonella enterica","Montevideo","Confirmed",,"4","1","4","0","4",,,,,,
"2012","1","Colorado","Indeterminate/unknown","Salmonella enterica","Enteritidis","Confirmed",,"5","0","5","0","5",,,,,,
"2012","1","Ohio","Indeterminate/unknown","Salmonella enterica","Thompson","Confirmed",,"7","0","7","0","7",,,,,,
"2012","1","Florida","Food","Salmonella enterica",,"Suspected","Restaurant: Sit-down dining","4","1","4","0","4","ethnic style, buffet","buffet",,,,
"2012","1","Minnesota","Food","Salmonella enterica","Enteritidis","Confirmed","Restaurant: Sit-down dining","7","0","7","0","7","Swiss Meringue Butter Cream","egg","Eggs",,,
"2012","1","South Carolina","Food","Salmonella enterica","Muenchen","Confirmed","Private home/residence","23","4","23","0","23","macaroni and cheese",,"Multiple",,,
"2012","1","Maryland","Food","Salmonella enterica","Enteritidis","Confirmed","Restaurant: Sit-down dining","8","7","8","0","8","pie, merengue","egg","Eggs",,,
"2012","1","Idaho","Food","Salmonella enterica","Muenchen","Confirmed","Restaurant: Sit-down dining","3","0","3","0","3",,,,,,
"2012","2","Minnesota","Person-to-person","Salmonella enterica","Typhimurium","Confirmed","Child daycare/preschool","2","0","2","0","2",,,,,,
"2012","2","California","Food","Salmonella enterica","Montevideo","Confirmed","Restaurant: Fast-food (drive up service or pay at counter)","17","0","17","0","17",,,,,,
"2012","2","Multistate","Animal contact","Salmonella enterica","Sandiego","Confirmed","Private home/residence","7","1","6","0","6",,,,,,"Turtle"
"2012","2","Multistate","Animal contact","Salmonella enterica","Thompson","Confirmed","Private home/residence","33","4","15","0","33",,,,,,"Poultry"
"2012","2","Multistate","Animal contact","Salmonella enterica","Montevideo","Confirmed","Private home/residence","93","21","61","1","93",,,,,,"Poultry"
"2012","2","Multistate","Animal contact","Salmonella enterica","Infantis","Confirmed","Other;Private home/residence","54","4","15","0","15",,,,,,"Poultry"
"2012","2","Multistate","Food","Salmonella enterica","Javiana","Confirmed",,"49","14","40","0","49","cucumber",,"Seeded Vegetables",,,
"2012","2","Kentucky","Animal contact","Salmonella enterica","Berta","Confirmed","Other","2","1","2","0","2",,,,,,"Turtle"
"2012","2","Georgia","Indeterminate/unknown","Salmonella enterica","Infantis","Confirmed",,"5","1","5","0","5",,,,,,
"2012","2","Illinois","Food","Salmonella enterica","Oranienburg","Confirmed","Restaurant: Sit-down dining","3","0","3","0","3",,,,,,
"2012","2","Ohio","Person-to-person","Salmonella enterica","Hadar","Suspected","Child daycare/preschool","7","0","7","0","7",,,,,,
"2012","2","Pennsylvania","Indeterminate/unknown","Salmonella enterica","Enteritidis","Confirmed",,"2","0","2","0","2",,,,,,
"2012","2","Connecticut","Food","Salmonella enterica","I 4,[5],12:i:-","Confirmed","Restaurant: Sit-down dining","2","0","2","0","2",,,,,,
"2012","2","North Carolina","Food","Salmonella enterica","Paratyphi B","Confirmed","Other","89","8","89","0","89","Tempeh, unpasteurized",,"Grains-beans",,,
"2012","2","Florida","Food","Salmonella enterica","Newport","Confirmed","Festival/fair","8","3","8","0","8","chicken","chicken","Chicken",,,
"2012","2","Multistate","Indeterminate/unknown","Salmonella enterica","Javiana","Confirmed",,"37","9","25","0","37",,,,,,
"2012","3","New Jersey","Food","Salmonella enterica","Litchfield","Suspected","Restaurant: Sit-down dining","3","0","3","0","3",,,,,,
"2012","3","Multistate","Animal contact","Salmonella enterica","Muenchen","Confirmed","Private home/residence","21","1","5","0","5",,,,,,"Poultry"
"2012","3","Multistate","Animal contact","Salmonella enterica","Hadar","Confirmed","Private home/residence","46","13","36","0","46",,,,,,"Poultry"
"2012","3","Ohio","Indeterminate/unknown","Salmonella enterica","Hadar","Suspected",,"2","1","2","0","2",,,,,,
"2012","3","New York","Food","Salmonella enterica","Oranienburg","Confirmed","Restaurant: Sit-down dining","14","0","14","0","14",,,,,,
"2012","3","Michigan","Food","Salmonella enterica","Braenderup","Confirmed","Restaurant: Sit-down dining","5","0","5","0","5",,,,,,
"2012","3","North Carolina","Food","Salmonella enterica","Enteritidis","Confirmed",,"33","0","33","0","33",,,,,,
"2012","3","Massachusetts","Food","Salmonella enterica","Enteritidis","Confirmed","Restaurant: Sit-down dining","23","4","11","0","11","sandwich, chicken salad;grilled chicken salad",,"Multiple",,,
"2012","3","Massachusetts","Indeterminate/unknown","Salmonella enterica","Typhimurium","Confirmed",,"4","0","4","0","4",,,,,,
"2012","3","Multistate","Indeterminate/unknown","Salmonella enterica","Poona","Confirmed","Other","2","0","2","0","2",,,,,,
"2012","4","Multistate","Animal contact","Salmonella enterica","Poona","Confirmed","Private home/residence","78","8","30","0","31",,,,,,"Turtle"
"2012","4","Pennsylvania","Animal contact","Salmonella enterica","Poona","Confirmed","Private home/residence","2","0","2","0","2",,,,,,"Turtle"
"2012","4","Minnesota","Food","Salmonella enterica","Enteritidis","Confirmed","Restaurant: Sit-down dining","4","0","4","0","4","hollandaise sauce","egg","Eggs",,,
"2012","4","Massachusetts","Food","Salmonella enterica","Weltevreden","Confirmed","Restaurant: Sit-down dining","17","5","17","0","17",,,,,,
"2012","4","Virginia","Food","Salmonella enterica","I 4,[5],12:i:-","Confirmed","Office/indoor workplace","5","2","5","0","5",,,,,,
"2012","4","Maryland","Food","Salmonella enterica","Enteritidis","Confirmed","Restaurant: Sit-down dining","4","0","4","0","4","crab cakes","egg","Eggs",,,
"2012","4","Oregon","Indeterminate/unknown","Salmonella enterica","Enteritidis","Confirmed","Child daycare/preschool","4","1","4",,"4",,,,,,
"2012","4","Multistate","Animal contact","Salmonella enterica","Hadar","Confirmed","Private home/residence","6","0","6","0","6",,,,,,"Poultry"
"2012","4","Hawaii","Food","Salmonella enterica","Enteritidis","Confirmed","Restaurant: Other","42","3","42","0","42",,,,,,
"2012","4","Alaska","Indeterminate/unknown","Salmonella enterica","Heidelberg","Confirmed",,"10","2","7","0","7",,,,,,
"2012","4","Massachusetts","Food","Salmonella enterica","Enteritidis","Confirmed","Restaurant: Fast-food (drive up service or pay at counter)","18","7","12","0","18",,,,,,
"2012","4","Multistate","Animal contact","Salmonella enterica","Infantis","Confirmed","Private home/residence","27","7","15","0","16",,,,,,"Poultry"
"2012","4","Wisconsin","Person-to-person","Salmonella enterica","Saintpaul","Confirmed","Child daycare/preschool","3","0","3","0","3",,,,,,
"2012","5","Minnesota","Food","Salmonella enterica","Newport","Confirmed","Private home/residence","6","2","6","0","6",,,,,,
"2012","5","Ohio","Food","Salmonella enterica","Braenderup","Suspected","Unknown","2","0","2","0","2",,,,,,
"2012","5","Connecticut","Food","Salmonella enterica","Enteritidis","Confirmed","Long-term care/nursing home/assisted living facility","20","3","20","1","20","Eggs",,"Eggs",,,
"2012","5","Tennessee","Food","Salmonella enterica","Heidelberg","Confirmed",,"16","5","16","0","16","pork, BBQ",,"Multiple",,,
"2012","5","Utah","Animal contact","Salmonella enterica","Typhimurium","Confirmed","Private home/residence","4","0","4","0","4",,,,,,"Snake"
"2012","5","Kansas","Food","Salmonella enterica","Montevideo","Confirmed","Private home/residence","13","0","13","0","13",,,,,,
"2012","5","Multistate","Indeterminate/unknown","Salmonella enterica","Braenderup","Confirmed",,"6","1","3","0","6",,,,,,
"2012","5","California","Food","Salmonella enterica","Enteritidis","Confirmed","Private home/residence","38","1","38","0","38","fajita, chicken","chicken","Chicken",,,
"2012","5","Hawaii","Food","Salmonella enterica","Enteritidis","Confirmed","Caterer","63","5","63",,,,,,,,
"2012","5","Colorado","Food","Salmonella enterica","Brandenburg","Confirmed","Restaurant: Sit-down dining","5","0","4","0","4",,,,,,
"2012","5","Iowa","Food","Salmonella enterica","Thompson","Confirmed",,"6","1","6","0","6",,,,,,
"2012","5","Maine","Food","Salmonella enterica","Enteritidis","Confirmed","Restaurant: Sit-down dining","14","0","14","0","14",,,,,,
"2012","5","California","Food","Salmonella enterica","Newport","Confirmed","Private home/residence;Grocery store/bakery/deli/convenience store","7","1","7","0","7",,,,,,
"2012","5","Kansas","Food","Salmonella enterica","Enteritidis","Confirmed",,"14","2","14","0","14",,,,,,
"2012","5","South Carolina","Food","Salmonella enterica","Enteritidis","Confirmed",,"19","2","14","0","19",,,,,,
"2012","5","Georgia","Food","Salmonella enterica","Enteritidis","Confirmed","Private home/residence","20","2","20","0","20",,,,,,
"2012","5","Virginia","Food","Salmonella enterica","Montevideo","Confirmed","Restaurant: Fast-food (drive up service or pay at counter);Restaurant: Sit-down dining","2","1","2","0","2",,,,,,
"2012","5","New York","Food","Salmonella enterica","Javiana","Confirmed","Other","7","5","7","0","7","mixed fruit","fruit, unspecified","Fruits",,,
"2012","6","Tennessee","Food","Salmonella enterica","Enteritidis","Confirmed","Restaurant: Sit-down dining","12","1","8","0","8","Eggs",,"Eggs",,,
"2012","6","Illinois","Food","Salmonella enterica","Utah","Suspected","Private home/residence","8","2","8","0","8","lettuce based salads;chicken",,"Multiple",,,
"2012","6","Iowa","Food","Salmonella enterica","I 4,[5],12:i:-","Confirmed","Private home/residence","17","5","17","0","17","pork, carnitas",,"Multiple",,,
"2012","6","Ohio","Person-to-person","Salmonella enterica","Bovismorbificans","Confirmed","Child daycare/preschool","10","0","5","0","6",,,,,,
"2012","6","Multistate","Animal contact","Salmonella enterica","I 4,[5],12:i:-","Confirmed","Private home/residence","19","3","8","0","9",,,,,,"Turtle"
"2012","6","Multistate","Food","Salmonella enterica","Heidelberg","Confirmed","Private home/residence","134","33","105","0","53","chicken",,"Chicken",,,
"2012","6","Multistate","Food","Salmonella enterica","Bredeney","Confirmed","Private home/residence","42","10","36","0","42","Peanut Butter",,"Nuts-seeds",,,
"2012","6","Multistate","Food","Salmonella enterica","Enteritidis","Confirmed",,"51",,,"0","36","ground beef",,"Beef",,,
"2012","6","Massachusetts","Indeterminate/unknown","Salmonella enterica","Thompson","Confirmed",,"6","4","6","0","6",,,,,,
"2012","6","Massachusetts","Indeterminate/unknown","Salmonella enterica","Typhimurium","Confirmed",,"2","1","2","0","2",,,,,,
"2012","6","Oklahoma","Food","Salmonella enterica","Typhimurium","Confirmed",,"10","2","10","0","10",,,,,,
"2012","6","Massachusetts","Indeterminate/unknown","Salmonella enterica","Montevideo","Confirmed",,"3","0","3","0","3",,,,,,
"2012","6","Massachusetts","Indeterminate/unknown","Salmonella enterica","Typhimurium","Confirmed",,"14","2","14","0","14",,,,,,
"2012","6","Massachusetts","Food","Salmonella enterica","Bareilly","Confirmed","Restaurant: Sit-down dining","9","1","8","0","8",,,,,,
"2012","6","Washington","Food","Salmonella enterica","Newport","Confirmed","Restaurant: Sit-down dining","14",,,,,,,,,,
"2012","6","Pennsylvania","Food","Salmonella enterica","Newport","Confirmed","Restaurant: Sit-down dining;Caterer","102","36","71","0","71","tomato, unspecified",,"Seeded Vegetables",,,
"2012","6","Pennsylvania","Indeterminate/unknown","Salmonella enterica","Mbandaka","Confirmed",,"2","2","2","0","2",,,,,,
"2012","6","Pennsylvania","Food","Salmonella enterica","Enteritidis","Confirmed",,"2","0","2","0","2","sushi, unspecified;chicken, other",,"Multiple",,,
"2012","6","Pennsylvania","Person-to-person","Salmonella enterica","Typhimurium","Confirmed","Private home/residence","3","1","3","0","3",,,,,,
"2012","6","Minnesota","Food","Salmonella enterica","Montevideo","Confirmed","Restaurant: Sit-down dining","11","4","11","0","11",,,,,,
"2012","6","Minnesota","Indeterminate/unknown","Salmonella enterica","Newport","Confirmed",,"8","0","8","0","8",,,,,,
"2012","6","Vermont","Food","Salmonella enterica","Enteritidis","Confirmed",,"11","3","11","0","11",,,,,,
"2012","6","Minnesota","Person-to-person","Salmonella enterica","Montevideo","Confirmed","Child daycare/preschool","2","0","2","0","2",,,,,,
"2012","7","Multistate","Food","Salmonella enterica","Cubana","Confirmed","Private home/residence","19","0","19","0","19","sprouts","sprouts","Sprouts",,,
"2012","7","Multistate","Food","Salmonella enterica","Typhimurium","Confirmed","Unknown","14","1","6","0","7","cantaloupe",,"Fruits",,,
"2012","7","Wyoming","Animal contact","Salmonella enterica","I 4,[5],12:i:-","Confirmed","Festival/Fair;Private home/residence","6","0","6","0","6",,,,,,"Cattle;Dog or puppy;Horse or pony;Pig;Sheep"
"2012","7","South Carolina","Person-to-person","Salmonella enterica","Javiana","Confirmed","Other","12","1","12","0","12",,,,,,
"2012","7","Pennsylvania","Indeterminate/unknown","Salmonella enterica","Thompson","Suspected",,"2","0","2","0","2",,,,,,
"2012","7","South Carolina","Person-to-person","Salmonella enterica","Javiana","Confirmed","Child daycare/preschool","2","0","2","0","2",,,,,,
"2012","7","Pennsylvania","Person-to-person","Salmonella enterica","Typhimurium","Confirmed","Private home/residence","2","0","2","0","2",,,,,,
"2012","7","Illinois","Food","Salmonella enterica","Agona","Confirmed","Caterer;Private home/residence","10","0","10","0","10",,,,,,
"2012","7","Illinois","Food","Salmonella enterica","Wimborne","Confirmed","Restaurant: Sit-down dining","2","1","2","0","2",,,,,,
"2012","7","Tennessee","Food","Salmonella enterica","Newport","Confirmed","Festival/fair","27","1","27","0","27","pork, BBQ",,"Multiple",,,
"2012","7","Minnesota","Food","Salmonella enterica","Enteritidis","Confirmed","Restaurant: Sit-down dining","2","0","2","0","2","Eggs","egg","Eggs",,,
"2012","7","Iowa","Food","Salmonella enterica","Blockley","Confirmed",,"4","1","4","0","4",,,,,,
"2012","7","Multistate","Food","Salmonella enterica","Schwarzengrund","Confirmed","Private home/residence","16",,"0",,"0","chicken",,"Chicken",,,
"2012","7","Multistate","Food","Salmonella enterica","Newport","Confirmed","Private home/residence","24","5","15","0","15","cantaloupe",,"Fruits",,,
"2012","7","Multistate","Animal contact","Salmonella enterica","Braenderup","Confirmed","Private home/residence","48","6","29","0","29",,,,,,"Poultry"
"2012","7","Colorado","Food","Salmonella enterica","Typhimurium","Confirmed","Festival/fair","29","1","29","0","29",,,,,,
"2012","7","Multistate","Indeterminate/unknown","Salmonella enterica","I 4,[5],12:i:-","Confirmed",,"5","0","4","0","5",,,,,,
"2012","7","Multistate","Animal contact","Salmonella enterica","I 4,[5],12:i:-","Confirmed","Private home/residence","29","0","4","0","5",,,,,,"Reptile (type unspecified)"
"2012","7","Multistate","Indeterminate/unknown","Salmonella enterica","Thompson","Confirmed",,"4","0","0","0","0",,,,,,
"2012","7","Multistate","Indeterminate/unknown","Salmonella enterica","Thompson","Confirmed",,"4","1","2","0","0",,,,,,
"2012","7","California","Food","Salmonella enterica","Thompson","Confirmed","Restaurant: Fast-food (drive up service or pay at counter)","13","0","13","0","13","pinto beans",,"Grains-beans",,,
"2012","7","Massachusetts","Indeterminate/unknown","Salmonella enterica","Montevideo","Confirmed",,"4","0","4","0","4",,,,,,
"2012","7","South Carolina","Indeterminate/unknown","Salmonella enterica","Javiana","Confirmed","Other","30","8","30","0","30",,,,,,
"2012","7","Nevada","Food","Salmonella enterica","Heidelberg","Confirmed","Private home/residence","18","0","18","0","18","chicken dishes",,"Multiple",,,
"2012","8","Minnesota","Food","Salmonella enterica",,"Confirmed","Other","5","1","5","0","5","Turkey Jerky","turkey","Turkey",,,
"2012","8","California","Food","Salmonella enterica","Thompson","Confirmed","Religious facility;Caterer;Restaurant: Sit-down dining","29","4","29","0","29","sandwich, corned beef",,"Multiple",,,
"2012","8","Illinois","Food","Salmonella enterica","I 4,[5],12:i:-","Confirmed","Long-term care/nursing home/assisted living facility","4","4","4","0","4",,,,,,
"2012","8","Georgia","Environmental contamination other than food/water","Salmonella enterica","Javiana","Confirmed",,"6","2","6","0","6",,,,,,
"2012","8","Kansas","Food","Salmonella enterica","Typhimurium","Confirmed","Restaurant: Sit-down dining","16","0","16","0","16",,,,,,
"2012","8","Nebraska","Food","Salmonella enterica","Newport","Confirmed","Unknown","21","5","21","0","0",,,,,,
"2012","8","Minnesota","Food","Salmonella enterica","Enteritidis","Confirmed","Private home/residence","24","2","6","0","24","beef, raw","ground beef","Beef",,,
"2012","8","Massachusetts","Indeterminate/unknown","Salmonella enterica","Typhimurium","Confirmed",,"2","1","2","0","2",,,,,,
"2012","8","Massachusetts","Indeterminate/unknown","Salmonella enterica","Newport","Confirmed",,"2",,,,,,,,,,
"2012","8","Wyoming","Animal contact","Salmonella enterica","I 4,[5],12:i:-","Confirmed","Festival/Fair","2","0","2","0","2",,,,,,"Goat;Pig;Sheep"
"2012","8","Minnesota","Person-to-person","Salmonella enterica","Newport","Confirmed","Other","2","2","2","0","2",,,,,,
"2012","8","Illinois","Food","Salmonella enterica","I 4,[5],12:i:-","Confirmed","Restaurant: Sit-down dining","17","1","17","0","17",,,,,,
"2012","8","Maine","Food","Salmonella enterica","Newport","Confirmed","Grocery store/bakery/deli/convenience store","2","1","2","0","2",,,,,,
"2012","9","California","Food","Salmonella enterica","Typhimurium","Confirmed","Restaurant: Sit-down dining","10","1","10","0","10","Mexican spicy meat stew",,"Multiple",,,
"2012","9","New York","Food","Salmonella enterica","Javiana","Confirmed","Restaurant: Sit-down dining","6","2","5","0","5",,,,,,
"2012","9","Multistate","Food","Salmonella enterica","Virchow","Confirmed","Restaurant: Sit-down dining","7","0","7","0","7",,,,,,
"2012","9","Arkansas","Animal contact","Salmonella enterica","Newport","Suspected","Other","3","1","3","0","3",,,,,,"Ferret"
"2012","9","Washington","Food","Salmonella enterica","Virchow","Confirmed","Restaurant: Sit-down dining","121","9","121","0","121",,,,,,
"2012","9","Alabama","Food","Salmonella enterica","Braenderup","Confirmed","Private home/residence","35","7","35","0","35","rice;chicken, smoked",,"Multiple",,,
"2012","9","Oregon","Indeterminate/unknown","Salmonella enterica","Weltevreden","Confirmed","Other","3","0","3","0","3",,,,,,
"2012","9","Maryland","Food","Salmonella enterica","Thompson","Confirmed","Restaurant: Other","9","2","9","0","9",,,,,,
"2012","9","Illinois","Food","Salmonella enterica","Enteritidis","Confirmed","Other","17","1","17","0","17",,,,,,
"2012","9","Wyoming","Indeterminate/unknown","Salmonella enterica","I 4,[5],12:i:-","Confirmed",,"6","0","0","0","2",,,,,,
"2012","9","Minnesota","Food","Salmonella enterica","Bareilly","Confirmed","Restaurant: Sit-down dining","2","0","2","0","2","sushi, unspecified",,"Multiple",,,
"2012","10","Massachusetts","Indeterminate/unknown","Salmonella enterica","Oslo","Confirmed",,"2","1","2","0","2",,,,,,
"2012","10","South Carolina","Food","Salmonella enterica","Enteritidis","Confirmed","Religious facility","33","1","3","0","33","chicken","chicken","Chicken",,,
"2012","10","South Dakota","Indeterminate/unknown","Salmonella enterica","Typhimurium var Cope","Confirmed",,"5","0","5","0","5",,,,,,
"2012","10","Tennessee","Food","Salmonella enterica","Newport","Confirmed","Private home/residence","27","7","27","0","27","bean dishes",,"Multiple",,,
"2012","10","Louisiana","Food","Salmonella enterica","Uganda","Confirmed",,"7","5","7","0","7","Hog Head Cheese",,"Pork",,,
"2012","10","Minnesota","Person-to-person","Salmonella enterica","Heidelberg","Confirmed","Hospital","3","2","3","0","3",,,,,,
"2012","10","Texas","Food","Salmonella enterica",,"Confirmed","Private home/residence","7","1","7","0","7","sausage, unspecified;ribs, unspecified;chicken",,"Multiple",,,
"2012","10","Florida","Food","Salmonella enterica","Javiana","Confirmed","Private home/residence","43","40","43","0","43","chicken, baked",,"Chicken",,,
"2012","10","New Mexico","Food","Salmonella enterica","Typhimurium","Confirmed","Restaurant: Sit-down dining","17","2","17","0","17","macaroni and cheese",,"Multiple",,,
"2012","10","Virginia","Food","Salmonella enterica","Javiana","Confirmed","Restaurant: Fast-food (drive up service or pay at counter);Restaurant: Sit-down dining","25","3","25","0","25",,,,,,
"2012","10","Ohio","Food","Salmonella enterica","Typhimurium","Confirmed","Festival/fair","2","1","2","0","0",,,,,,
"2012","10","Florida","Food","Salmonella enterica","Anatum","Suspected","Restaurant: Sit-down dining","2","1","2","0","2","fish, white","chicken","Chicken",,,
"2012","10","Hawaii","Food","Salmonella enterica","Braenderup","Confirmed","Restaurant: Other","16","0","16","0","16",,,,,,
"2012","10","Minnesota","Food","Salmonella enterica","Javiana","Confirmed",,"4","0","4","0","4","iceberg lettuce, unspecified;cucumber","iceberg lettuce;cucumber","Multiple",,,
"2012","11","Pennsylvania","Indeterminate/unknown","Salmonella enterica","Typhimurium","Confirmed","Office/indoor workplace","34","0","34","0","34",,,,,,
"2012","11","California","Food","Salmonella enterica","unknown","Confirmed","Restaurant: Sit-down dining","4","3","4","0","4","pork, carnitas","pork","Pork",,,
"2012","11","California","Food","Salmonella enterica","Typhimurium","Confirmed","Other","7","3","7","0","7","turkey",,"Turkey",,,
"2012","11","South Carolina","Indeterminate/unknown","Salmonella enterica","Thompson","Confirmed",,"2","0","2","0","2",,,,,,
"2012","11","Minnesota","Food","Salmonella enterica","Saintpaul","Confirmed","Private home/residence","2","0","2","0","2","turkey, smoked","turkey","Turkey",,,
"2012","11","Illinois","Food","Salmonella enterica","Heidelberg","Confirmed","Private home/residence;Grocery store/bakery/deli/convenience store;Caterer","16","3","16","0","16",,,,,,
"2012","12","Multistate","Food","Salmonella enterica","Javiana","Confirmed","Other","14",,"0",,"0",,,,,,
"2012","12","Pennsylvania","Indeterminate/unknown","Salmonella enterica","Litchfield","Confirmed",,"18","5","18","0","18",,,,,,
"2012","12","Iowa","Food","Salmonella enterica","Mbandaka","Confirmed",,"2","0","2","0","2",,,,,,
"2012","12","Pennsylvania","Food","Salmonella enterica","Enteritidis","Confirmed","Private home/residence","3","1","3","0","3","venison",,"Game",,,
"2012","12","Pennsylvania","Food","Salmonella enterica","Enteritidis","Suspected","Caterer","7","1","7","0","7",,,,,,
"2012","12","Multistate","Food","Salmonella enterica","Typhimurium","Confirmed","Restaurant: Sit-down dining","22","7","14","0","14","ground beef",,"Beef",,,
"2012","12","North Carolina","Food","Salmonella enterica","Enteritidis","Confirmed","Restaurant: Sit-down dining","9","2","9","0","9",,,,,,
"2012","12","Multistate","Food","Salmonella enterica","Newport","Confirmed","Private home/residence","15","1","1","0","15","romaine lettuce, unspecified",,"Vegetable Row Crops",,,
"2012","12","Multistate","Animal contact","Salmonella enterica","Montevideo","Confirmed","Private home/residence","10","1","7","0","7",,,,,,"Reptile (type unspecified)"
"2013","1","Arkansas","Person-to-person","Salmonella enterica","Newport","Suspected","Private home/residence","6","0","6","0","6",,,,,,
"2013","1","Massachusetts","Indeterminate/unknown","Salmonella enterica","I 4,[5],12:i:-","Confirmed",,"3","2","3","0","3",,,,,,
"2013","1","Multistate","Food","Salmonella enterica","Saintpaul","Confirmed","Private home/residence","84","17","60","0","0","cucumber",,"Seeded Vegetables",,,
"2013","1","Multistate","Food","Salmonella enterica","Senftenberg","Confirmed",,"8","1","4","0",,"Pistachio",,"Nuts-seeds",,,
"2013","1","Illinois","Indeterminate/unknown","Salmonella enterica",,"Confirmed",,"24","0","0","0","24",,,,,,
"2013","1","Wisconsin","Food","Salmonella enterica","Javiana","Confirmed","Long-term care/nursing home/assisted living facility","3","1","3","0","3",,,,,,
"2013","1","Michigan","Food","Salmonella enterica","Newport","Confirmed","Restaurant: Sit-down dining","14","1","14","0","14","sandwich, unspecified;salad, unspecified","tomato","Seeded Vegetables",,,
"2013","2","Pennsylvania","Indeterminate/unknown","Salmonella enterica","Typhimurium","Confirmed",,"2","0","2","0","2",,,,,,
"2013","2","Multistate","Indeterminate/unknown","Salmonella enterica","I 4,[5],12:i:-","Confirmed",,"2","2","2","1","2",,,,,,
"2013","2","Ohio","Indeterminate/unknown","Salmonella enterica","Poona","Confirmed","Long-term care/nursing home/assisted living facility","2","1","2","0","2",,,,,,
"2013","2","Michigan","Food","Salmonella enterica","I 4,[5],12:i:-","Confirmed","School/college/university","12","1","12","0","12","cucumber","cucumber","Seeded Vegetables",,,
"2013","2","Oklahoma","Food","Salmonella enterica","Enteritidis","Confirmed","Restaurant: Sit-down dining","8","3","8","0","8",,,,,,
"2013","2","Illinois","Animal contact","Salmonella enterica",,"Confirmed",,"8","2",,"0",,,,,,,
"2013","2","Multistate","Animal contact","Salmonella enterica","Montevideo","Confirmed","Other","12","1","8","0","8",,,,,,"Poultry"
"2013","3","Oregon","Food","Salmonella enterica","Heidelberg","Confirmed","Private home/residence","17","5","17","0","17","chicken","chicken","Chicken",,,
"2013","3","Multistate","Food","Salmonella enterica","Saintpaul","Confirmed",,"131","23","87","0","29","grape tomato;cherry tomato",,"Seeded Vegetables",,,
"2013","3","Indiana","Person-to-person","Salmonella enterica","Infantis","Confirmed",,"10","0","0","0","0",,,,,,
"2013","3","Multistate","Indeterminate/unknown","Salmonella enterica","Javiana","Confirmed","Other","28","0","0","0","14",,,,,,
"2013","3","South Carolina","Indeterminate/unknown","Salmonella enterica","Schwarzengrund","Confirmed",,"3","1","3","0","3",,,,,,
"2013","3","Arizona","Food","Salmonella enterica","Enteritidis","Confirmed","Restaurant: Other","16","9","16","0","16",,,,,,
"2013","3","Massachusetts","Indeterminate/unknown","Salmonella enterica","Schwarzengrund","Confirmed",,"10","2","7","0","10",,,,,,
"2013","3","Pennsylvania","Indeterminate/unknown","Salmonella enterica","Typhimurium","Confirmed",,"2","0","2","0","2",,,,,,
"2013","3","Minnesota","Food","Salmonella enterica","Typhimurium","Confirmed","Private home/residence","26","15","26","0","26","queso fresco, unpasteurized","milk, whole milk unpasteurized","Dairy",,,
"2013","3","Oklahoma","Food","Salmonella enterica","Enteritidis","Confirmed","Restaurant: Sit-down dining","20",,"0","0","20",,,,,,
"2013","3","Pennsylvania","Indeterminate/unknown","Salmonella enterica","Enteritidis","Suspected",,"2","0","2","0","2",,,,,,
"2013","3","Alaska","Indeterminate/unknown","Salmonella enterica","Enteritidis","Confirmed",,"7","0","7","0","7",,,,,,
"2013","3","Georgia","Food","Salmonella enterica","Montevideo","Confirmed","School/college/university","5","0","5","0","5","chicken, BBQ","chicken","Chicken",,,
"2013","3","Iowa","Food","Salmonella enterica","Typhimurium","Confirmed","Restaurant: Other","3","0","3","0","3",,,,,,
"2013","3","Ohio","Person-to-person","Salmonella enterica","I 4,[5],12:i:-","Confirmed","Child daycare/preschool","4","0","4","0","4",,,,,,
"2013","3","Oregon","Food","Salmonella enterica","Reading","Confirmed","Restaurant: Sit-down dining","4",,"0",,"0","oysters, raw",,"Mollusks",,,
"2013","3","Nebraska","Food","Salmonella enterica","Typhimurium","Confirmed","Restaurant: Sit-down dining","64","2",,"0",,"tortilla, unspecified;quesadillas;cilantro, unspecified;chicken;cheese",,"Multiple",,,
"2013","3","Multistate","Animal contact","Salmonella enterica","Braenderup","Confirmed","Private home/residence","53","10","22","0","53",,,,,,"Poultry"
"2013","3","Multistate","Food","Salmonella enterica","Heidelberg","Confirmed",,"634","200","528","0","528","chicken",,"Chicken",,,
"2013","3","Kentucky","Indeterminate/unknown","Salmonella enterica","Enteritidis","Confirmed","Other","12","7","12","0","12",,,,,,
"2013","3","Kentucky","Indeterminate/unknown","Salmonella enterica","Enteritidis","Confirmed","Other","31","8","31","0","31",,,,,,
"2013","3","Multistate","Animal contact","Salmonella enterica","Typhimurium","Confirmed","Private home/residence","356","62","239","0","240",,,,,,"Poultry"
"2013","4","Massachusetts","Indeterminate/unknown","Salmonella enterica","Typhimurium","Confirmed",,"2","0","2","0","2",,,,,,
"2013","4","Georgia","Food","Salmonella enterica","Brandenburg","Confirmed","Restaurant: Sit-down dining","3","1","3","0","3",,,,,,
"2013","4","Louisiana","Food","Salmonella enterica","Enteritidis","Confirmed",,"10","3","10","0","10",,,,,,
"2013","4","Virginia","Food","Salmonella enterica","Thompson","Confirmed","Restaurant: Sit-down dining","18","1","18","0","18",,,,,,
"2013","4","Pennsylvania","Food","Salmonella enterica","Enteritidis","Confirmed","Caterer","35","1","35","0","35","ham","ham","Pork",,,
"2013","4","Indiana","Indeterminate/unknown","Salmonella enterica","Enteritidis","Confirmed","School/college/university","4","2","4","0","4",,,,,,
"2013","4","Wisconsin","Food","Salmonella enterica","Enteritidis","Confirmed","Restaurant: Sit-down dining","5","1","5","0","5",,,,,,
"2013","4","Maine","Indeterminate/unknown","Salmonella enterica","Typhimurium","Confirmed",,"2","0","2","0","2",,,,,,
"2013","4","Multistate","Food","Salmonella enterica","Newport","Confirmed","Private home/residence","39","9","26","0","26","ground beef",,"Beef",,,
"2013","4","California","Food","Salmonella enterica","Enteritidis","Confirmed","Restaurant: Sit-down dining","6","0","6","0","6",,,,,,
"2013","4","Pennsylvania","Indeterminate/unknown","Salmonella enterica","Oranienburg","Confirmed",,"7","1","5","0","7",,,,,,
"2013","4","Massachusetts","Indeterminate/unknown","Salmonella enterica","Typhimurium","Confirmed",,"7","2","5","0","7",,,,,,
"2013","4","Connecticut","Food","Salmonella enterica","Enteritidis","Confirmed","Restaurant: Sit-down dining","2","1","2","0","2",,,,,,
"2013","4","Idaho","Food","Salmonella enterica","Heidelberg","Confirmed","Private home/residence","3","1","3","0","3",,,,,,
"2013","4","Massachusetts","Person-to-person","Salmonella enterica","Enteritidis","Confirmed","Child daycare/preschool","7","1","7","0","7",,,,,,
"2013","4","Nevada","Food","Salmonella enterica","I 4,[5],12:i:-","Confirmed","Restaurant: Sit-down dining","333","50","333","0","333","sausage, pork",,"Pork",,,
"2013","4","Massachusetts","Indeterminate/unknown","Salmonella enterica","Heidelberg","Confirmed",,"4","2","4","0","4",,,,,,
"2013","4","Pennsylvania","Indeterminate/unknown","Salmonella enterica","Enteritidis","Confirmed",,"2","0","2","0","2",,,,,,
"2013","4","Iowa","Animal contact","Salmonella enterica","Infantis","Confirmed","Other","5","0","5","0","5",,,,,,"Poultry"
"2013","4","Massachusetts","Indeterminate/unknown","Salmonella enterica","Enteritidis","Confirmed",,"5","3","5","0","5",,,,,,
"2013","4","Illinois","Food","Salmonella enterica","Montevideo","Confirmed","Restaurant: Sit-down dining","9","3","9","0","9",,,,,,
"2013","5","Massachusetts","Food","Salmonella enterica","Infantis","Confirmed",,"5","1","2","0","5",,,,,,
"2013","5","Indiana","Indeterminate/unknown","Salmonella enterica","Typhimurium","Confirmed",,"3","1","3","0","3",,,,,,
"2013","5","Indiana","Indeterminate/unknown","Salmonella enterica","Norwich","Confirmed",,"4","0","4","0","4",,,,,,
"2013","5","California","Food","Salmonella enterica","Johannesburg","Confirmed","Office/indoor workplace","12","5","12","0","12",,,,,,
"2013","5","New Jersey","Food","Salmonella enterica","I 4,[5],12:i:-","Confirmed","Restaurant: Sit-down dining","16","3","16","0","16",,,,,,
"2013","5","California","Food","Salmonella enterica","Newport","Confirmed","Private home/residence","137","6","76","0","129","beef(fresly killed cow), raw and/or undercooked","beef","Beef",,,
"2013","5","Maryland","Food","Salmonella enterica","Braenderup","Confirmed","Restaurant: Fast-food (drive up service or pay at counter)","5","1","5","0","5",,,,,,
"2013","5","Wisconsin","Food","Salmonella enterica","Enteritidis","Confirmed","Restaurant: Sit-down dining","8","1","8","0","8",,,,,,
"2013","5","Wisconsin","Food","Salmonella enterica","I 4,[5],12:i:-","Confirmed","Unknown","17","6","16","0","16",,,,,,
"2013","5","Wisconsin","Food","Salmonella enterica","Uganda","Confirmed","Religious facility","25","2","25","0","25","boiled beef;beef, laab raw","beef","Beef",,,
"2013","5","Ohio","Food","Salmonella enterica","Enteritidis","Confirmed","Restaurant: Sit-down dining","6","1","6","0","6",,,,,,
"2013","5","Pennsylvania","Indeterminate/unknown","Salmonella enterica","Enteritidis","Confirmed",,"2","2","2","0","1",,,,,,
"2013","5","Massachusetts","Food","Salmonella enterica","Enteritidis","Confirmed","Religious facility","59","0","9","0","59","pasta salad",,"Multiple",,,
"2013","5","Massachusetts","Food","Salmonella enterica","Enteritidis","Confirmed","School/college/university","46","0","38","0","38",,,,,,
"2013","5","Illinois","Food","Salmonella enterica","Infantis","Confirmed","Grocery store/bakery/deli/convenience store","8","3","8","0","8",,,,,,
"2013","5","Ohio","Indeterminate/unknown","Salmonella enterica","Enteritidis","Confirmed","Other","9","3","9","0","9",,,,,,
"2013","5","Tennessee","Food","Salmonella enterica","Enteritidis","Confirmed","Caterer","5","3","5","0","5","Fruit Cocktail",,"Fruits",,,
"2013","5","Massachusetts","Indeterminate/unknown","Salmonella enterica","Javiana","Confirmed",,"2","1","2","0","2",,,,,,
"2013","5","Maryland","Food","Salmonella enterica","Muenchen","Confirmed","Grocery store/bakery/deli/convenience store","2","0","2","0","2","chicken kabob sandwich",,"Multiple",,,
"2013","5","New York","Food","Salmonella enterica","Heidelberg","Confirmed","Child daycare/preschool","11","0","11","0","11",,,,,,
"2013","5","Alaska","Indeterminate/unknown","Salmonella enterica","Lomalinda","Suspected",,"6","0","6","0","6",,,,,,
"2013","5","Ohio","Food","Salmonella enterica","Heidelberg","Confirmed","Other","2","1","2","0","2","chicken and noodles",,"Multiple",,,
"2013","5","Pennsylvania","Indeterminate/unknown","Salmonella enterica","Enteritidis","Confirmed",,"6","1","3","0","3",,,,,,
"2013","5","Arkansas","Food","Salmonella enterica","Mississippi","Suspected","Private home/residence","3","0","3","0","3",,,,,,
"2013","5","North Carolina","Food","Salmonella enterica","Typhimurium","Confirmed","Restaurant: Sit-down dining","100","8","86","0","100",,,,,,
"2013","5","Arkansas","Food","Salmonella enterica","Typhimurium","Confirmed","Correctional/detention facility","36","2","36","0","36",,,,,,
"2013","5","Massachusetts","Food","Salmonella enterica","Hadar","Confirmed",,"25","0","2","0","2",,,,,,
"2013","5","California","Food","Salmonella enterica","Enteritidis","Confirmed","School/college/university","27","2","27","0","27","tomatoes, raw","tomato","Seeded Vegetables",,,
"2013","5","Minnesota","Food","Salmonella enterica",,"Suspected","Private home/residence","7","1","7","0","7","watermelon","watermelon","Fruits",,,
"2013","5","Illinois","Food","Salmonella enterica","I 4,[5],12:i:-","Confirmed","Restaurant: Sit-down dining","10","2","10","0","10",,,,,,
"2013","6","Massachusetts","Indeterminate/unknown","Salmonella enterica","Heidelberg","Confirmed",,"2","0","1","0","1",,,,,,
"2013","6","Maryland","Food","Salmonella enterica","Typhimurium","Confirmed","Other;Restaurant: Sit-down dining","9","1","9","0","9","goat","goat","Other Meat",,,
"2013","6","Alaska","Indeterminate/unknown","Salmonella enterica","Enteritidis","Confirmed",,"4","1","4","0","4",,,,,,
"2013","6","Ohio","Food","Salmonella enterica","Enteritidis","Confirmed","Unknown","2","2","2","0","2",,,,,,
"2013","6","Ohio","Food","Salmonella enterica","Muenchen","Confirmed","Private home/residence","7","2","7","0","7",,,,,,
"2013","6","Massachusetts","Food","Salmonella enterica","Javiana","Confirmed","Restaurant: Fast-food (drive up service or pay at counter);Festival/fair;Restaurant: Sit-down dining","30","0","30","0","30","falafel","eggplant;egg;chick peas","Multiple",,,
"2013","6","Massachusetts","Indeterminate/unknown","Salmonella enterica","Oranienburg","Confirmed",,"3","1","3","0","3",,,,,,
"2013","6","Kansas","Food","Salmonella enterica","Heidelberg","Confirmed","Unknown","4","1","4","0","4",,,,,,
"2013","6","Iowa","Food","Salmonella enterica","Enteritidis","Confirmed","Unknown","31","5","31","0","31",,,,,,
"2013","6","Multistate","Person-to-person","Salmonella enterica","Typhi","Confirmed",,"5","2","5","0","5",,,,,,
"2013","6","Michigan","Food","Salmonella enterica","Thompson","Confirmed","Restaurant: Sit-down dining","11","4","11","0","11","ribs, pork",,"Pork",,,
"2013","6","South Carolina","Person-to-person","Salmonella enterica","Montevideo","Confirmed","Child daycare/preschool","5","0","5","0","5",,,,,,
"2013","6","Florida","Food","Salmonella enterica","Enteritidis","Confirmed","Restaurant: Sit-down dining","6","4","6","0","6","pork, smoked","pork","Pork",,,
"2013","6","Pennsylvania","Food","Salmonella enterica","Typhimurium","Confirmed","Other","4","1","3","0","3","milk, whole milk unpasteurized",,"Dairy",,,
"2013","6","Georgia","Food","Salmonella enterica","Enteritidis","Confirmed","Private home/residence","7","6","7","0","7",,,,,,
"2013","6","Michigan","Food","Salmonella enterica","Miami","Confirmed","Restaurant: Sit-down dining","4","2","4","0","4",,,,,,
"2013","6","Arizona","Food","Salmonella enterica","Miami","Confirmed","Restaurant: Fast-food (drive up service or pay at counter)","12","6","12","0","12",,,,,,
"2013","6","New Hampshire","Animal contact","Salmonella enterica","Typhimurium","Confirmed","Private home/residence","43","16","43","0","43",,,,,,"Dog or puppy"
"2013","6","Michigan","Animal contact","Salmonella enterica","Typhimurium","Confirmed","Camp","4","0","4","0","4",,,,,,"Goat;Horse or pony;Pig;Poultry;Rabbit"
"2013","6","Multistate","Food","Salmonella enterica","Virchow","Confirmed","Restaurant: Fast-food (drive up service or pay at counter);Restaurant: Sit-down dining","7","1","7","0","7","sugarcane",,"Oils-sugars",,,
"2013","6","New Mexico","Food","Salmonella enterica","Montevideo","Confirmed","Private home/residence","11","4","11","1","11",,,,,,
"2013","6","Indiana","Indeterminate/unknown","Salmonella enterica","I 4,[5],12:i:-","Confirmed",,"6","2","5","0","5",,,,,,
"2013","6","New Hampshire","Food","Salmonella enterica","I 4,[5],12:i:-","Confirmed","Other;Banquet Facility (food prepared and served on-site);Private home/residence","5","0","4","0","4",,,,,,
"2013","6","Louisiana","Indeterminate/unknown","Salmonella enterica","Newport","Confirmed","Other","15","4","15","0","15",,,,,,
"2013","6","Maryland","Food","Salmonella enterica","Enteritidis","Suspected","Private home/residence","4","2","2","0","2",,,,,,
"2013","6","New Jersey","Food","Salmonella enterica","Infantis","Confirmed","Restaurant: Sit-down dining","5","3","5","0","5",,,,,,
"2013","6","New Jersey","Food","Salmonella enterica","Agona","Confirmed","Caterer","2","0","2","0","2",,,,,,
"2013","6","Maryland","Food","Salmonella enterica","Kiambu","Confirmed","Restaurant: Sit-down dining","2","0","2","0","2",,,,,,
"2013","6","Wisconsin","Food","Salmonella enterica","Braenderup","Confirmed","Restaurant: Fast-food (drive up service or pay at counter)","75","5","75","0","75","Vegetables",,"N/A",,,
"2013","6","Multistate","Food","Salmonella enterica","Thompson","Confirmed","Private home/residence","13","6","13","1","13","papaya","papaya","Fruits",,,
"2013","6","Multistate","Food","Salmonella enterica","Virchow","Confirmed","Restaurant: Sit-down dining;Restaurant: Fast-food (drive up service or pay at counter)","7","1","7","0","7","unspecified fruit","fruit, unspecified","Fruits",,,
"2013","6","Rhode Island","Indeterminate/unknown","Salmonella enterica","Thompson","Confirmed","Other","9","4","8","0","8",,,,,,
"2013","7","Oregon","Food","Salmonella enterica","Typhimurium","Confirmed","Private home/residence","8","0","8","0","8",,,,,,
"2013","7","Puerto Rico","Indeterminate/unknown","Salmonella enterica","Group B","Suspected",,"3","1","3","0","3",,,,,,
"2013","7","California","Food","Salmonella enterica","Enteritidis","Confirmed","Restaurant: Sit-down dining","5","0","5","0","5",,,,,,
"2013","7","Wisconsin","Food","Salmonella enterica","Enteritidis","Confirmed","Private home/residence","4","2","4","0","4","eggs, unspecified",,"Eggs",,,
"2013","7","Colorado","Food","Salmonella enterica","Hadar","Confirmed","Restaurant: Sit-down dining","4","2","4","0","4",,,,,,
"2013","7","Puerto Rico","Food","Salmonella enterica","Mbandaka","Confirmed","Caterer","14","1","14","0","14","rice, yellow;potato salad",,"Multiple",,,
"2013","7","Colorado","Indeterminate/unknown","Salmonella enterica","Typhimurium","Confirmed",,"5","1","5","0","5",,,,,,
"2013","7","Indiana","Indeterminate/unknown","Salmonella enterica","Enteritidis","Confirmed",,"22","8","19","0","19",,,,,,
"2013","7","Multistate","Indeterminate/unknown","Salmonella enterica","Typhimurium","Confirmed",,"2","1","1","0","2",,,,,,
"2013","7","Multistate","Indeterminate/unknown","Salmonella enterica","Typhimurium","Confirmed",,"6","2","2","0","3",,,,,,
"2013","7","Indiana","Indeterminate/unknown","Salmonella enterica","Newport","Confirmed",,"11","3","8","0","9",,,,,,
"2013","7","Indiana","Indeterminate/unknown","Salmonella enterica","Enteritidis","Confirmed",,"11","0","11","0","11",,,,,,
"2013","7","Louisiana","Indeterminate/unknown","Salmonella enterica","Rubislaw","Confirmed","Child daycare/preschool","2","0","2","0","2",,,,,,
"2013","7","California","Food","Salmonella enterica","Enteritidis","Confirmed","Restaurant: Fast-food (drive up service or pay at counter)","14","3","14","0","14",,,,,,
"2013","7","Michigan","Food","Salmonella enterica","Enteritidis","Confirmed","Restaurant: Sit-down dining","15","1","15","0","15","salsa",,"N/A",,,
"2013","7","California","Food","Salmonella enterica","Senftenberg","Confirmed","Restaurant: Sit-down dining","2","0","2","0","2",,,,,,
"2013","7","Alabama","Food","Salmonella enterica","Heidelberg","Confirmed","Religious facility","38","30","38","0","38","macaroni and cheese;green beans, unspecified",,"Multiple",,,
"2013","7","Michigan","Food","Salmonella enterica","Infantis","Confirmed","Caterer","14","4","9","0","6","lamb",,"Other Meat",,,
"2013","7","Alaska","Food","Salmonella enterica","Enteritidis","Confirmed","Unknown","8","1","8","0","8",,,,,,
"2013","7","Alaska","Indeterminate/unknown","Salmonella enterica","Enteritidis","Confirmed",,"17","2","17","0","17",,,,,,
"2013","7","Massachusetts","Food","Salmonella enterica","Typhimurium","Confirmed",,"4","0","3","0","3",,,,,,
"2013","7","Massachusetts","Indeterminate/unknown","Salmonella enterica","Typhimurium","Confirmed",,"3","1","3","1","3",,,,,,
"2013","7","Nebraska","Food","Salmonella enterica","Newport","Confirmed","Restaurant: Sit-down dining","10","0","6","0","10","sushi, unspecified","tuna;salmon heads;rice","Multiple",,,
"2013","7","Georgia","Food","Salmonella enterica","Javiana","Suspected","Private home/residence","10","0","10","0","10",,,,,,
"2013","7","Connecticut","Food","Salmonella enterica","Enteritidis","Confirmed","Restaurant: Sit-down dining","11","0","11","0","11",,,,,,
"2013","7","Arkansas","Person-to-person","Salmonella enterica","Enteritidis","Suspected","Private home/residence","3","0","3","0","3",,,,,,
"2013","7","Pennsylvania","Person-to-person","Salmonella enterica","Typhimurium","Confirmed","Long-term care/nursing home/assisted living facility","3","2","3","0","3",,,,,,
"2013","7","Pennsylvania","Indeterminate/unknown","Salmonella enterica","Typhimurium","Suspected","Private home/residence","3","0","3","0","3",,,,,,
"2013","7","Oregon","Food","Salmonella enterica","Typhimurium","Confirmed","Restaurant: Fast-food (drive up service or pay at counter);Private home/residence;Restaurant: Sit-down dining","20","0",,,,,,,,,
"2013","7","Oregon","Indeterminate/unknown","Salmonella enterica","I 4,[5],12:i:-","Confirmed","Private home/residence","2","0","2","0","2",,,,,,
"2013","7","Rhode Island","Food","Salmonella enterica","I 4,[5],12:i:-","Confirmed","Festival/fair","16","3","16","0","16","pork, other","pork","Pork",,,
"2013","7","Minnesota","Food","Salmonella enterica","Livingstone","Confirmed","Private home/residence","4","1","4","0","4","goat, unspecified","goat","Other Meat",,,
"2013","7","Minnesota","Food","Salmonella enterica","Javiana","Confirmed","Restaurant: Fast-food (drive up service or pay at counter)","7","0","7","0","7",,,,,,
"2013","7","New York","Food","Salmonella enterica","Newport","Confirmed","Long-term care/nursing home/assisted living facility","4","3","4","0","4",,,,,,
"2013","7","Massachusetts","Food","Salmonella enterica","Typhimurium","Confirmed","Restaurant: Sit-down dining","13","2","12","0","13","Eggs","egg","Eggs",,,
"2013","7","Ohio","Food","Salmonella enterica","Enteritidis","Confirmed","Restaurant: Sit-down dining","2","1","2","0","2",,,,,,
"2013","8","Puerto Rico","Food","Salmonella enterica","Mbandaka","Confirmed","Caterer","10","0","10","0","10","pork, roasted",,"Pork",,,
"2013","8","Virginia","Food","Salmonella enterica","Newport","Confirmed","Restaurant: Sit-down dining","9","0","9","0","9","soup, gazpacho;crab","tomato;crab","Multiple",,,
"2013","8","Ohio","Food","Salmonella enterica","Enteritidis","Confirmed","Restaurant: Fast-food (drive up service or pay at counter)","5","2","2","0","3",,,,,,
"2013","8","Virginia","Indeterminate/unknown","Salmonella enterica","Typhimurium","Confirmed","Private home/residence","2","1","1","0","0",,,,,,
"2013","8","Kansas","Indeterminate/unknown","Salmonella enterica","Newport","Confirmed","Festival/Fair","3","2","3","0","3",,,,,,
"2013","8","Minnesota","Indeterminate/unknown","Salmonella enterica","Enteritidis","Confirmed","Long-term care/nursing home/assisted living facility","2","1","2","0","2",,,,,,
"2013","8","Pennsylvania","Indeterminate/unknown","Salmonella enterica","Muenchen","Confirmed","Private home/residence","2","0","2","0","2",,,,,,
"2013","8","Tennessee","Food","Salmonella enterica","Javiana","Confirmed","Restaurant: Sit-down dining","7","0","7","0","7","fajita, beef","beef","Beef",,,
"2013","8","Illinois","Food","Salmonella enterica","Enteritidis","Confirmed","Restaurant: Sit-down dining","7","1","7","0","0",,,,,,
"2013","8","Florida","Food","Salmonella enterica",,"Suspected","Restaurant: Fast-food (drive up service or pay at counter)","2","0","2","0","2","chicken, fried",,"Multiple",,,
"2013","8","Ohio","Food","Salmonella enterica","Braenderup","Confirmed","Other;Caterer","5","3","5","0","5",,,,,,
"2013","8","Oregon","Indeterminate/unknown","Salmonella enterica","Thompson","Confirmed","Other","2",,,,,,,,,,
"2013","8","Oregon","Food","Salmonella enterica","Typhimurium","Confirmed","Private home/residence","8","2",,,,"Carne Asada steak",,"Multiple",,,
"2013","8","Arizona","Food","Salmonella enterica","Heidelberg","Confirmed","Restaurant: Sit-down dining","5","4","5","0","5",,,,,,
"2013","8","Iowa","Food","Salmonella enterica","Hartford","Confirmed","Religious facility","4","0","4","0","4",,,,,,
"2013","8","South Carolina","Food","Salmonella enterica","Javiana","Confirmed","Restaurant: Sit-down dining","2","1","2","0","2","chicken","chicken","Chicken",,,
"2013","8","Massachusetts","Indeterminate/unknown","Salmonella enterica","Newport","Confirmed","Other","4","0","2","0","2",,,,,,
"2013","8","Tennessee","Food","Salmonella enterica","Muenchen","Confirmed","Restaurant: Other","4","0","4","0","4",,,,,,
"2013","8","Arkansas","Food","Salmonella enterica","Javiana","Confirmed","Caterer","11","0","11","0","11","potato salad;pork, BBQ",,"Multiple",,,
"2013","8","California","Food","Salmonella enterica","Hadar","Confirmed","Restaurant: Other","5","0","2","0","2","sushi",,"Multiple",,,
"2013","8","Pennsylvania","Food","Salmonella enterica","Typhimurium","Confirmed","Other","9","2","9","0","9","milk, whole milk unpasteurized",,"Dairy",,,
"2013","8","Pennsylvania","Indeterminate/unknown","Salmonella enterica","Enteritidis","Confirmed","Private home/residence","2","0","2","0","2",,,,,,
"2013","8","Texas","Indeterminate/unknown","Salmonella enterica","Schwarzengrund","Confirmed","Long-term care/nursing home/assisted living facility","3","1","3","0","3",,,,,,
"2013","8","Oregon","Indeterminate/unknown","Salmonella enterica","Infantis","Confirmed","Correctional/detention facility","3",,"3",,"3",,,,,,
"2013","8","Pennsylvania","Food","Salmonella enterica","Enteritidis","Confirmed","Restaurant: Fast-food (drive up service or pay at counter)","17","1","17","0","17",,,,,,
"2013","8","Multistate","Food","Salmonella enterica","Adelaide","Confirmed","Unknown","14","2","9","0","9","pork",,"Pork",,,
"2013","8","Massachusetts","Indeterminate/unknown","Salmonella enterica","Typhimurium","Confirmed",,"13","5","11","0","12",,,,,,
"2013","8","Maryland","Environmental contamination other than food/water","Salmonella enterica","Typhimurium","Confirmed","Other","3","0","3","0","3",,,,,,
"2013","8","New Mexico","Food","Salmonella enterica","Heidelberg","Confirmed","Private home/residence","10","2","10","0","10",,,,,,
"2013","8","Puerto Rico","Food","Salmonella enterica","Mbandaka","Confirmed","Caterer","13","0","13","0","13","macaroni salad;chicken",,"Multiple",,,
"2013","8","Puerto Rico","Food","Salmonella enterica","Mbandaka","Confirmed","Caterer","42","2","42","0","42",,,,,,
"2013","8","Puerto Rico","Food","Salmonella enterica",,"Confirmed","Caterer","10","1","10","0","10","rice;potato salad",,"Multiple",,,
"2013","8","Washington","Food","Salmonella enterica","Enteritidis","Confirmed","Camp","10","0","10","0","10","chicken, cordon bleu",,"Multiple",,,
"2013","9","Pennsylvania","Food","Salmonella enterica","Newport","Confirmed","Correctional/detention facility","4","2","4","0","4",,,,,,
"2013","9","Ohio","Food","Salmonella enterica","Enteritidis","Suspected","Private home/residence","7","1","7","0","7",,,,,,
"2013","9","Ohio","Food","Salmonella enterica","I 4,[5],12:i:-","Confirmed","Restaurant: Sit-down dining","32","8","32","0","32","prime rib and aus jus",,"Multiple",,,
"2013","9","South Carolina","Food","Salmonella enterica","Typhimurium","Confirmed","Restaurant: Sit-down dining","11","1","11","0","11","pork, BBQ","pork","Pork",,,
"2013","9","New Hampshire","Environmental contamination other than food/water","Salmonella enterica","Typhimurium","Confirmed","School/college/university","3","0","3","0","3",,,,,,
"2013","9","Indiana","Indeterminate/unknown","Salmonella enterica","Agona","Confirmed","Other","2","0","1","0","2",,,,,,
"2013","9","Indiana","Indeterminate/unknown","Salmonella enterica","Thompson","Confirmed","Other","6","2","4","0","4",,,,,,
"2013","9","Kentucky","Food","Salmonella enterica","Typhimurium","Confirmed","Restaurant: Sit-down dining","14","6","14","1","14","fajita, beef;chicken","steak;chicken","Multiple",,,
"2013","9","Georgia","Person-to-person","Salmonella enterica","Miami","Confirmed","Child daycare/preschool","6","0","6","0","6",,,,,,
"2013","9","Oregon","Food","Salmonella enterica","Typhimurium","Confirmed","Restaurant: Fast-food (drive up service or pay at counter)","3","0","3","0","3",,,,,,
"2013","9","Oregon","Person-to-person","Salmonella enterica","Typhimurium","Confirmed","Child daycare/preschool","2","0","2","0","2",,,,,,
"2013","9","Oklahoma","Person-to-person","Salmonella enterica","Enteritidis","Confirmed","Restaurant","15","1","15","0","15",,,,,,
"2013","9","Massachusetts","Indeterminate/unknown","Salmonella enterica","Typhimurium","Confirmed",,"3","1","3","0","3",,,,,,
"2013","9","Massachusetts","Food","Salmonella enterica","Muenster","Confirmed","Festival/fair","13",,"0",,"0","wraps (chicken or falafel) and ham sandwiches",,"Multiple",,,
"2013","9","Arkansas","Food","Salmonella enterica","Javiana","Confirmed","Private home/residence","4","0","4","0","4",,,,,,
"2013","9","Tennessee","Food","Salmonella enterica","Thompson","Confirmed",,"11","0","0","0","11",,,,,,
"2013","9","Georgia","Food","Salmonella enterica","Typhimurium","Confirmed","Private home/residence","6","3","6","0","6",,,,,,
"2013","9","Massachusetts","Food","Salmonella enterica","Braenderup","Confirmed","Festival/fair","4","0","4","0","4","turkey leg","turkey","Turkey",,,
"2013","9","Idaho","Indeterminate/unknown","Salmonella enterica","Typhimurium","Confirmed","Private home/residence","4","0","3","0","3",,,,,,
"2013","9","Missouri","Food","Salmonella enterica","Muenchen","Confirmed","Private home/residence","14","1","14","0","14","turkey","turkey","Turkey",,,
"2013","9","Illinois","Food","Salmonella enterica","Enteritidis","Confirmed","Restaurant: Sit-down dining","23","7","23","0","23","refried beans, unspecified",,"Multiple",,,
"2013","9","Minnesota","Indeterminate/unknown","Salmonella enterica","Saintpaul","Confirmed","Correctional/detention facility","3","1","3","0","3",,,,,,
"2013","9","Wisconsin","Indeterminate/unknown","Salmonella enterica","Typhimurium","Confirmed","Long-term care/nursing home/assisted living facility","5","1","5","1","5",,,,,,
"2013","9","Indiana","Indeterminate/unknown","Salmonella enterica","Newport","Confirmed","Long-term care/nursing home/assisted living facility","4","0","0","0","0",,,,,,
"2013","10","New Jersey","Food","Salmonella enterica","Oranienburg","Confirmed","Restaurant: Sit-down dining","6","0","6","0","6",,,,,,
"2013","10","Louisiana","Person-to-person","Salmonella enterica","Newport","Confirmed",,"4","1","4","0","4",,,,,,
"2013","10","Kentucky","Indeterminate/unknown","Salmonella enterica","Typhimurium","Confirmed","Child daycare/preschool","4","0","0","0","4",,,,,,
"2013","10","Massachusetts","Indeterminate/unknown","Salmonella enterica","Javiana","Confirmed",,"2","0","2","0","2",,,,,,
"2013","10","Alaska","Person-to-person","Salmonella enterica","Abony","Confirmed","School/college/university","7","1","6","0","6",,,,,,
"2013","10","Massachusetts","Indeterminate/unknown","Salmonella enterica","Saintpaul","Confirmed",,"5","0","5","0","5",,,,,,
"2013","10","Kansas","Indeterminate/unknown","Salmonella enterica","Newport","Confirmed","Other","3","2","3","0","3",,,,,,
"2013","10","Ohio","Food","Salmonella enterica","Lomalinda","Confirmed","Restaurant: Sit-down dining","2","0","2","0","2","ground beef, hamburger;caesar dressing","ground beef;egg","Multiple",,,
"2013","10","Ohio","Person-to-person","Salmonella enterica","Typhimurium","Confirmed","Private home/residence","4","0","4","0","4",,,,,,
"2013","10","Pennsylvania","Food","Salmonella enterica","Typhimurium","Confirmed","Other","10","5","10","0","10","apple cider, unpasteurized","apple cider, unpasteurized","Fruits",,,
"2013","10","Pennsylvania","Indeterminate/unknown","Salmonella enterica","Typhimurium","Confirmed","Private home/residence","2","1","2","0","2",,,,,,
"2013","10","Tennessee","Food","Salmonella enterica","Enteritidis","Confirmed","Restaurant: Sit-down dining","3","0","3","0","3","chicken","chicken","Chicken",,,
"2013","10","Ohio","Food","Salmonella enterica","Typhimurium","Confirmed","Restaurant: Sit-down dining","3","0","3","0","3",,,,,,
"2013","10","Alabama","Food","Salmonella enterica","Senftenberg","Confirmed","Religious facility","50","3","50","0","50","white beans with ham",,"Multiple",,,
"2013","10","Oklahoma","Food","Salmonella enterica","Typhimurium","Confirmed","Correctional/detention facility","133","11","133","0","133",,,,,,
"2013","10","Nevada","Food","Salmonella enterica","Infantis","Confirmed","Private home/residence;Other","97","6","93","0","97",,,,,,
"2013","10","Arkansas","Person-to-person","Salmonella enterica","Thompson","Suspected","Private home/residence","3","1","1","0","1",,,,,,
"2013","10","Utah","Food","Salmonella enterica","Montevideo","Confirmed","Other","2","0","2","0","2","milk, whole milk unpasteurized","milk, whole milk unpasteurized","Dairy",,,
"2013","11","Alaska","Food","Salmonella enterica","Enteritidis","Confirmed",,"4","0","3","0","4","chicken","chicken","Chicken",,,
"2013","11","Multistate","Food","Salmonella enterica","Stanley","Confirmed","Other","18","4","17","0","18","Cashew cheese, raw",,"N/A",,,
"2013","11","Indiana","Food","Salmonella enterica","Enteritidis","Confirmed","Other","9","1","5","0","5",,,,,,
"2013","11","Colorado","Food","Salmonella enterica","Saintpaul","Confirmed","Private home/residence","11","4","11","0","11","turkey",,"Turkey",,,
"2013","11","Arizona","Food","Salmonella enterica","Heidelberg","Confirmed","Unknown","6","3","6","0","6",,,,,,
"2013","11","Michigan","Food","Salmonella enterica","Enteritidis","Confirmed","Restaurant: Sit-down dining","62","2","62","0","62","thai chicken lettuce wrap;salad, unspecified;chicken, grilled","egg","Eggs",,,
"2013","11","Louisiana","Indeterminate/unknown","Salmonella enterica","Braenderup","Confirmed","Child daycare/preschool","2","0","2","0","2",,,,,,
"2013","11","Virginia","Food","Salmonella enterica","Typhimurium","Confirmed","Other","3","2","3","0","3",,,,,,
"2013","11","Massachusetts","Indeterminate/unknown","Salmonella enterica","Subspecies I","Confirmed",,"5","1","4","0","4",,,,,,
"2013","11","Massachusetts","Indeterminate/unknown","Salmonella enterica","Heidelberg","Confirmed",,"2","2","2","0","2",,,,,,
"2013","11","Ohio","Food","Salmonella enterica","Typhimurium","Confirmed","Private home/residence","2","1","2","0","2","stuffing/dressing",,"Multiple",,,
"2013","11","Tennessee","Person-to-person","Salmonella enterica","Infantis","Confirmed",,"2","1","1","0","2",,,,,,
"2013","11","Tennessee","Food","Salmonella enterica","Heidelberg","Confirmed","Correctional/detention facility","24","3",,"0",,"chicken","chicken","Chicken",,,
"2013","11","Missouri","Food","Salmonella enterica","Heidelberg","Confirmed","Private home/residence","7","3","7","0","7","chicken mole","chicken","Chicken",,,
"2013","11","Wisconsin","Food","Salmonella enterica","Ohio","Suspected","Grocery store/bakery/deli/convenience store","2","1","2","0","2",,,,,,
"2013","11","Multistate","Food","Salmonella enterica","Javiana","Confirmed",,"33","6","23","0","23","fish, tilapia",,"Fish",,,
"2013","11","Wisconsin","Indeterminate/unknown","Salmonella enterica","Enteritidis","Confirmed","Long-term care/nursing home/assisted living facility","2","0","2","0","2",,,,,,
"2013","12","Kentucky","Animal contact","Salmonella enterica","Telelkebir","Confirmed","Private home/residence","3","0","3","0","3",,,,,,"Lizard"
"2013","12","New York","Food","Salmonella enterica","Newport","Confirmed","Restaurant: Sit-down dining","3","0","3","0","3",,,,,,
"2013","12","Oregon","Indeterminate/unknown","Salmonella enterica","Overschie","Confirmed","Other","2","1","2","0","2",,,,,,
"2013","12","Ohio","Food","Salmonella enterica","Typhimurium","Confirmed","Private home/residence","2","2","2","0","2","steak",,"Beef",,,
"2013","12","Pennsylvania","Person-to-person","Salmonella enterica","Typhimurium","Confirmed","Private home/residence","2","0","2","0","2",,,,,,
"2013","12","New York","Food","Salmonella enterica","Newport","Confirmed","Restaurant: Sit-down dining","43","1","43","0","43","Pork Kidney and Chicken dish;Beef Lung in Chili Sauce;Fish Hot Pot",,"Multiple",,,
"2013","12","Louisiana","Person-to-person","Salmonella enterica","Muenchen","Confirmed",,"3","0","3","0","3",,,,,,
"2013","12","Utah","Food","Salmonella enterica","Enteritidis","Confirmed","Restaurant: Fast-food (drive up service or pay at counter)","3","0","3","0","3","alfalfa sprouts","alfalfa sprouts","Sprouts",,,
"2013","12","Ohio","Animal contact","Salmonella enterica","Typhimurium","Confirmed","Private home/residence","2","0","2","0","2",,,,,,"Turtle"
"2013","12","Puerto Rico","Indeterminate/unknown","Salmonella enterica","Group B","Suspected",,"2","1","2","0","2",,,,,,
"2013","12","Indiana","Indeterminate/unknown","Salmonella enterica","Typhimurium","Confirmed","Private home/residence","3","1","3","0","3",,,,,,
"2013","12","Colorado","Animal contact","Salmonella enterica","Typhimurium","Confirmed","Private home/residence","6","0","6","0","6",,,,,,"Mouse or rat"
"2013","12","Wisconsin","Indeterminate/unknown","Salmonella enterica","I 4,[5],12:i:-","Confirmed","School/college/university","3","0","3","0","3",,,,,,
"2014","1","Multistate","Animal contact","Salmonella enterica","Muenchen","Confirmed","Private home/residence","22","3","22","0","22",,,,,,"Reptile (type unspecified)"
"2014","1","Ohio","Indeterminate/unknown","Salmonella enterica","Enteritidis","Suspected","Restaurant","2","0","2","0","2",,,,,,
"2014","1","Minnesota","Food","Salmonella enterica","Enteritidis","Confirmed","Restaurant: Sit-down dining","36","2","36","0","36","rolls",,"Multiple",,,
"2014","1","Massachusetts","Indeterminate/unknown","Salmonella enterica","Stanley","Confirmed","Hospital","3","0","3","0","3",,,,,,
"2014","1","Massachusetts","Food","Salmonella enterica","Enteritidis","Confirmed","Private home/residence","20","0","2","0","2","chicken, casserole","chicken","Chicken",,,
"2014","1","Ohio","Food","Salmonella enterica","Enteritidis","Confirmed","School/college/university","8","3","4","0","7",,,,,,
"2014","1","Indiana","Person-to-person","Salmonella enterica","Typhimurium","Confirmed",,"3","2","3","0","3",,,,,,
"2014","1","Massachusetts","Food","Salmonella enterica","Schwarzengrund","Confirmed","Private home/residence","4",,,"0","4",,,,,,
"2014","1","Multistate","Animal contact","Salmonella enterica","Typhimurium","Confirmed","Private home/residence","41","6","37","0","37",,,,,,"Snake"
"2014","1","Multistate","Food","Salmonella enterica","Braenderup","Confirmed","Private home/residence","6","1","5","0","6","Nut Butter (Almond and Peanut)",,"Nuts-seeds",,,
"2014","1","California","Food","Salmonella enterica","Typhimurium","Confirmed","Restaurant: Sit-down dining","4","1","4","0","4",,,,,,
"2014","2","New Jersey","Food","Salmonella enterica","Enteritidis","Confirmed","Restaurant: Sit-down dining","6","4","6","0","6",,,,,,
"2014","2","Ohio","Food","Salmonella enterica","Oranienburg","Suspected","Restaurant: Sit-down dining","4","0","4","0","4","chicken",,"Chicken",,,
"2014","2","Connecticut","Food","Salmonella enterica","Infantis","Confirmed","Restaurant: Fast-food (drive up service or pay at counter)","10","5","10","0","10","pork","pork","Pork",,,
"2014","2","Alaska","Food","Salmonella enterica","Stanley","Confirmed","Restaurant: Other","3","0","3","0","3","goat","goat","Other Meat",,,
"2014","2","Texas","Food","Salmonella enterica","Enteritidis","Confirmed","Caterer","21","1","21","0","21","chicken dishes",,"Multiple",,,
"2014","2","Arizona","Food","Salmonella enterica","Agona","Confirmed","Restaurant: Fast-food (drive up service or pay at counter)","9","2","9","0","9",,,,,,
"2014","2","South Carolina","Food","Salmonella enterica","Typhimurium","Confirmed","Caterer","7","2","7","0","7",,,,,,
"2014","2","Oregon","Animal contact","Salmonella enterica","Typhimurium","Confirmed",,"2","0","2","0","2",,,,,,
"2014","3","Utah","Food","Salmonella enterica","Enteritidis","Confirmed","Restaurant: Sit-down dining","12","1","12","0","12",,,,,,
"2014","3","Ohio","Person-to-person","Salmonella enterica","Typhimurium","Confirmed","Long-term care/nursing home/assisted living facility","3","0","3","2","3",,,,,,
"2014","3","Utah","Person-to-person","Salmonella enterica","Virchow","Confirmed","Child daycare/preschool","2","2","2","0","2",,,,,,
"2014","3","Wisconsin","Indeterminate/unknown","Salmonella enterica","I 4,[5],12:i:-","Confirmed","Long-term care/nursing home/assisted living facility","4","1","4","0","4",,,,,,
"2014","3","Utah","Animal contact","Salmonella enterica","Hadar","Confirmed","Private home/residence","4","1","4","0","4",,,,,,"Poultry"
"2014","3","Kentucky","Indeterminate/unknown","Salmonella enterica","Enteritidis","Confirmed","Restaurant","34","10","29","0","29",,,,,,
"2014","3","Multistate","Animal contact","Salmonella enterica","Typhimurium","Confirmed","Private home/residence","19","3","12","0","12",,,,,,"Poultry"
"2014","3","Colorado","Animal contact","Salmonella enterica","Typhimurium","Confirmed","Private home/residence","7","2","6","0","6",,,,,,"Poultry"
"2014","3","New Jersey","Food","Salmonella enterica","Enteritidis","Confirmed","Restaurant: Sit-down dining","5","4","5","0","5","mangu",,"Multiple",,,
"2014","3","Illinois","Food","Salmonella enterica",,"Confirmed","Restaurant: Sit-down dining","3","0","0","0","3",,,,,,
"2014","3","Pennsylvania","Person-to-person","Salmonella enterica",,"Suspected","Private home/residence","2","0","2","0","2",,,,,,
"2014","4","New Hampshire","Animal contact","Salmonella enterica","Enteritidis","Confirmed","Other;Private home/residence","9","1","8","0","8",,,,,,"Poultry"
"2014","4","Multistate","Food","Salmonella enterica","Baildon","Confirmed","Private home/residence","20","6","17","0",,"cantaloupe",,"Fruits",,,
"2014","4","Utah","Indeterminate/unknown","Salmonella enterica","Enteritidis","Confirmed","Hospital","2","2","2","0","0",,,,,,
"2014","4","California","Food","Salmonella enterica","Agona","Confirmed","Private home/residence;Grocery store/bakery/deli/convenience store","5","0","5","0","5","pork",,"Pork",,,
"2014","4","Pennsylvania","Person-to-person","Salmonella enterica",,"Suspected","Private home/residence","3","0","3","0","3",,,,,,
"2014","4","Idaho","Food","Salmonella enterica","Alachua","Confirmed","Private home/residence","2","1","2","0","2",,,,,,
"2014","4","New York","Food","Salmonella enterica","Enteritidis","Confirmed","Restaurant: Sit-down dining","4","1","4","0","4","Crab Legs",,"Crustaceans",,,
"2014","4","Massachusetts","Food","Salmonella enterica","Berta","Confirmed",,"30",,,"0","3",,,,,,
"2014","4","California","Food","Salmonella enterica","Montevideo","Confirmed","Restaurant: Sit-down dining","22","8","20","0","21",,,,,,
"2014","4","Iowa","Animal contact","Salmonella enterica","Typhimurium","Confirmed","Other","12","4","12","0","12",,,,,,"Cattle;Fish;Goat;Llama;Other;Snake"
"2014","4","Multistate","Animal contact","Salmonella enterica","Poona","Confirmed","Private home/residence","40","8","29","0","32",,,,,,"Turtle"
"2014","4","Oregon","Indeterminate/unknown","Salmonella enterica","Enteritidis","Confirmed","Private home/residence","5","2","5",,"5",,,,,,
"2014","4","Alabama","Food","Salmonella enterica","Enteritidis","Confirmed","Private home/residence;Religious facility","8","2","7","0","7",,,,,,
"2014","4","Arizona","Indeterminate/unknown","Salmonella enterica","Enteritidis","Confirmed","Other","2","0","2","0","2",,,,,,
"2014","5","New Jersey","Food","Salmonella enterica","Subspecies I","Confirmed","Unknown","11","5","9","0","9",,,,,,
"2014","5","South Carolina","Person-to-person","Salmonella enterica","Javiana","Confirmed","Child daycare/preschool","2","0","2","0","2",,,,,,
"2014","5","Ohio","Person-to-person","Salmonella enterica","Panama","Suspected","Private home/residence","2","0","2","0","2",,,,,,
"2014","5","Connecticut","Food","Salmonella enterica","Enteritidis","Confirmed","Restaurant: Sit-down dining","8","3","8","0","8","chicken","chicken","Chicken",,,
"2014","5","New York","Food","Salmonella enterica","Hartford","Confirmed","Restaurant: Sit-down dining","2","0","2","0","2",,,,,,
"2014","5","Oklahoma","Food","Salmonella enterica","Heidelberg","Confirmed","Caterer","19","1","19","0","19","chicken, smoked","chicken","Chicken",,,
"2014","5","Virginia","Food","Salmonella enterica","Typhimurium","Confirmed","Other;Grocery store/bakery/deli/convenience store","4","0","4","0","4","lemonade, unspecified;ground beef, hamburger;chips","ground beef","Beef",,,
"2014","5","Illinois","Food","Salmonella enterica","Typhimurium","Confirmed","Grocery store/bakery/deli/convenience store","19","8","19","0","19","deli products;chicken",,"Multiple",,,
"2014","5","Wyoming","Person-to-person","Salmonella enterica","Stanley","Confirmed","Child daycare/preschool","2","0","2","0","2",,,,,,
"2014","5","California","Food","Salmonella enterica","Mbandaka","Confirmed","Unknown","18","7","18","0","18","pork, carnitas",,"Multiple",,,
"2014","5","Minnesota","Animal contact","Salmonella enterica","Enteritidis","Confirmed","Private home/residence","2","1","2","0","2",,,,,,"Mouse or rat"
"2014","5","New Mexico","Indeterminate/unknown","Salmonella enterica","Javiana","Confirmed","Other","5","0","5","0","5",,,,,,
"2014","5","New York","Food","Salmonella enterica","Infantis","Confirmed","Unknown","11","8","11","0","11",,,,,,
"2014","5","Tennessee","Food","Salmonella enterica","I 4,[5],12:i:-","Confirmed","Restaurant: Sit-down dining","3","0","3","0","3",,,,,,
"2014","5","Tennessee","Water","Salmonella enterica","Newport","Confirmed","Community/municipality","5","2","5","0","5",,,,"Recreational water -- treated","Splash Pad/Interactive Fountain /Water Playground",
"2014","5","Arizona","Indeterminate/unknown","Salmonella enterica","Newport","Confirmed","Other","5","3","4","0","4",,,,,,
"2014","5","Washington","Food","Salmonella enterica","Enteritidis","Confirmed","Restaurant: Sit-down dining","3","0","3","0","3",,,,,,
"2014","5","Colorado","Indeterminate/unknown","Salmonella enterica","Hartford","Confirmed","Other","6","2","6","0","6",,,,,,
"2014","5","California","Food","Salmonella enterica","Enteritidis","Confirmed","Restaurant: Sit-down dining","5","1","5","0","5",,,,,,
"2014","5","Wisconsin","Animal contact","Salmonella enterica","Typhimurium","Confirmed","Private home/residence","3","0","3","0","3",,,,,,"Poultry"
"2014","5","Maryland","Person-to-person","Salmonella enterica","Typhimurium","Confirmed","Correctional/detention facility","18","0","18","0","18",,,,,,
"2014","5","Colorado","Indeterminate/unknown","Salmonella enterica","Enteritidis","Confirmed","Long-term care/nursing home/assisted living facility","2","2","2","1","2",,,,,,
"2014","5","Oregon","Animal contact","Salmonella enterica","Hadar","Confirmed",,"2",,"2",,"2",,,,,,
"2014","5","Multistate","Food","Salmonella enterica","Newport","Confirmed","Restaurant: Other;Long-term care/nursing home/assisted living facility;Restaurant: Fast-food (drive up service or pay at counter);Private home/residence;Camp;Grocery store/bakery/deli/convenience store;Restaurant: Sit-down dining","275","48","141","1","275","cucumber",,"Seeded Vegetables",,,
"2014","5","Ohio","Food","Salmonella enterica","Javiana","Confirmed","Unknown;Restaurant: Sit-down dining;Long-term care/nursing home/assisted living facility","13","5","9","0","13",,,,,,
"2014","5","Arizona","Indeterminate/unknown","Salmonella enterica","Litchfield","Confirmed","Other","3","1","3","0","3",,,,,,
"2014","5","Arizona","Indeterminate/unknown","Salmonella enterica","Oranienburg","Confirmed","Other","2","1","1","0","2",,,,,,
"2014","5","Washington","Food","Salmonella enterica","I 4,[5],12:i:-","Suspected","Restaurant: Fast-food (drive up service or pay at counter)","2","1","2","0","2",,,,,,
"2014","5","Washington","Food","Salmonella enterica","Enteritidis","Confirmed","Restaurant: Sit-down dining","7","1","7","0","7","basil, unspecified",,"Herbs",,,
"2014","5","Washington","Food","Salmonella enterica","Thompson","Confirmed","Restaurant: Sit-down dining","2","1","2","0","2",,,,,,
"2014","5","Multistate","Food","Salmonella enterica","Minnesota","Confirmed","Private home/residence","4","1","4","0","4","mango, unspecified","mango","Fruits",,,
"2014","5","North Carolina","Food","Salmonella enterica","Enteritidis","Confirmed","Restaurant: Sit-down dining","46","0","46","0","46","remoulade",,"Other",,,
"2014","5","Arizona","Person-to-person","Salmonella enterica","Infantis","Confirmed","Child daycare/preschool","5","0","5","0","5",,,,,,
"2014","5","Multistate","Indeterminate/unknown","Salmonella enterica","Adelaide","Confirmed","Private home/residence","11","5","11","0","11",,,,,,
"2014","5","Colorado","Food","Salmonella enterica","Bareilly","Confirmed","Restaurant: Sit-down dining","2","2","2","0","2",,,,,,
"2014","5","Indiana","Food","Salmonella enterica","Enteritidis","Confirmed","Private home/residence","3","1","3","0","3","pie, coconut cream",,"Multiple",,,
"2014","5","Louisiana","Food","Salmonella enterica","Montevideo","Confirmed","Restaurant: Sit-down dining","8","2","8","0","8","crawfish/crayfish, unspecified",,"Crustaceans",,,
"2014","6","Florida","Food","Salmonella enterica","Enteritidis","Confirmed","Correctional/detention facility","4","4","4","0","4","chicken","chicken","Chicken",,,
"2014","6","Multistate","Food","Salmonella enterica","Paratyphi B","Confirmed",,"21","5","19","0","19","Peppers, mini",,"Seeded Vegetables",,,
"2014","6","Alabama","Food","Salmonella enterica","Enteritidis","Confirmed","Restaurant: Sit-down dining","53","14","53","0","53",,,,,,
"2014","6","Michigan","Animal contact","Salmonella enterica","Sandiego","Confirmed","Private home/residence","4","0","4","0","4",,,,,,"Turtle"
"2014","6","Indiana","Food","Salmonella enterica","Enteritidis","Confirmed","Restaurant: Sit-down dining","22","2","22","0","22",,,,,,
"2014","6","Oregon","Indeterminate/unknown","Salmonella enterica","Typhimurium","Confirmed","Other","7","1","7","0","7",,,,,,
"2014","6","Montana","Food","Salmonella enterica","Typhimurium","Confirmed","Other","7","3","7","0","7","milk, unpasteurized",,"Dairy",,,
"2014","6","Arizona","Indeterminate/unknown","Salmonella enterica","Heidelberg","Confirmed","Other","5","1","3","0","5",,,,,,
"2014","6","South Carolina","Food","Salmonella enterica","Singapore","Confirmed","Restaurant: Sit-down dining","3","1","3","0","3",,,,,,
"2014","6","South Carolina","Food","Salmonella enterica","Enteritidis","Confirmed","Restaurant: Sit-down dining","4","2","4","0","4",,,,,,
"2014","6","Kentucky","Food","Salmonella enterica","I 4,[5],12:i:-","Confirmed","Restaurant: Sit-down dining","19","3","16","0","16","Bread, crumbs;Dressing;turkey;ham;chicken, fried","turkey;ham;chicken","Multiple",,,
"2014","6","Missouri","Food","Salmonella enterica","Enteritidis","Confirmed","Restaurant: Fast-food (drive up service or pay at counter);Other;Restaurant: Sit-down dining;Office/indoor workplace","3","0","3","0","3",,,,,,
"2014","6","Louisiana","Food","Salmonella enterica","Urbana","Confirmed",,"3","2","3","0","3",,,,,,
"2014","6","North Dakota","Food","Salmonella enterica","I 4,[5],12:i:-","Confirmed","Other;Private home/residence","20","2","20","0","20","pork, roasted",,"Pork",,,
"2014","6","Utah","Animal contact","Salmonella enterica","I 4,[5],12:i:-","Confirmed","Other","5","0","4","0","4",,,,,,"Pig"
"2014","6","Georgia","Food","Salmonella enterica","Javiana","Confirmed","Private home/residence","10","3","10","0","10","egg salad/egg salad sandwich",,"Multiple",,,
"2014","6","Ohio","Indeterminate/unknown","Salmonella enterica","I 4,[5],12:i:-","Confirmed","Private home/residence","8","0","8","0","8",,,,,,
"2014","6","Connecticut","Food","Salmonella enterica",,"Confirmed","Restaurant: Sit-down dining","4","1","4","0","4","mango batido",,"Multiple",,,
"2014","6","Illinois","Food","Salmonella enterica","Ohio","Confirmed","Grocery store/bakery/deli/convenience store;Restaurant: Sit-down dining","4","0",,"0",,,,,,,
"2014","6","Illinois","Food","Salmonella enterica","Typhimurium","Confirmed","Restaurant: Sit-down dining","9","0",,"0",,"salad, unspecified;chicken",,"Multiple",,,
"2014","6","Massachusetts","Food","Salmonella enterica","Oranienburg","Confirmed","Restaurant: Sit-down dining","6","1","6","0","6",,,,,,
"2014","6","Pennsylvania","Person-to-person","Salmonella enterica","Enteritidis","Confirmed","Private home/residence","2","1","2","0","2",,,,,,
"2014","6","Tennessee","Indeterminate/unknown","Salmonella enterica","Enteritidis","Confirmed","Restaurant","2","2","2","0","2",,,,,,
"2014","6","Minnesota","Indeterminate/unknown","Salmonella enterica","Typhimurium","Confirmed","Other","6","1","6","0","6",,,,,,
"2014","6","Illinois","Food","Salmonella enterica","I 4,[5],12:i:-","Confirmed","Private home/residence","11","1",,"0",,,,,,,
"2014","6","Ohio","Indeterminate/unknown","Salmonella enterica","Enteritidis","Confirmed","Private home/residence","2","0","2","0","2",,,,,,
"2014","7","Pennsylvania","Indeterminate/unknown","Salmonella enterica","Subspecies I","Confirmed","Private home/residence","2","0","2","0","2",,,,,,
"2014","7","Arizona","Food","Salmonella enterica","Agona","Confirmed","Unknown","3","1","3","0","3",,,,,,
"2014","7","New Hampshire","Environmental contamination other than food/water","Salmonella enterica","Typhimurium","Confirmed","School/college/university","2","1","2","0","2",,,,,,
"2014","7","Multistate","Food","Salmonella enterica","Typhimurium","Confirmed","Private home/residence","47","11","34","0","34","ground beef",,"Beef",,,
"2014","7","Maryland","Food","Salmonella enterica","Enteritidis","Confirmed","Restaurant: Sit-down dining","18","3","12","0","18","Eggs","egg","Eggs",,,
"2014","7","Washington","Food","Salmonella enterica","Enteritidis","Confirmed","Camp","3","0","3","0","3",,,,,,
"2014","7","Georgia","Indeterminate/unknown","Salmonella enterica","Newport","Suspected","Camp","5","0","5","0","5",,,,,,
"2014","7","Multistate","Animal contact","Salmonella enterica","Typhimurium","Confirmed","Other","9","3","7","0","7",,,,,,"Poultry"
"2014","7","Oregon","Food","Salmonella enterica",,"Confirmed","Restaurant: Fast-food (drive up service or pay at counter)","3","2",,,,,,,,,
"2014","7","Multistate","Indeterminate/unknown","Salmonella enterica","Enteritidis","Confirmed","Other","16","1","16","0","16",,,,,,
"2014","7","Minnesota","Animal contact","Salmonella enterica","I 4,[5],12:i:-","Confirmed","Other","12","0","12","0","12",,,,,,"Poultry"
"2014","7","Mississippi","Food","Salmonella enterica","Paratyphi B","Confirmed","Restaurant: Fast-food (drive up service or pay at counter)","11","2","11","0","11","crawfish/crayfish, unspecified","crawfish/crayfish","Crustaceans",,,
"2014","7","Massachusetts","Food","Salmonella enterica","Norwich","Confirmed","Hospital","15","3","10","0","15",,,,,,
"2014","7","South Carolina","Food","Salmonella enterica","Saintpaul","Confirmed","Other","3","0","3","0","3",,,,,,
"2014","7","South Carolina","Food","Salmonella enterica","Enteritidis","Confirmed",,"12","1","12","0","12",,,,,,
"2014","7","Illinois","Food","Salmonella enterica","Braenderup","Confirmed",,"8","2","8","0","8","pork, carnitas","pork","Pork",,,
"2014","7","New York","Food","Salmonella enterica","Newport","Confirmed","Unknown","21","5","21","0","21","cucumber",,"Seeded Vegetables",,,
"2014","7","Minnesota","Food","Salmonella enterica","Javiana","Confirmed","Other","20","1","20","0","20","turkey, roasted","turkey","Turkey",,,
"2014","7","Louisiana","Food","Salmonella enterica","Enteritidis","Confirmed",,"5","2","5","0","5",,,,,,
"2014","7","Florida","Food","Salmonella enterica","Enteritidis","Suspected","Correctional/detention facility","10","0","10","0","10",,,,,,
"2014","7","Minnesota","Food","Salmonella enterica","Miami","Confirmed","Restaurant: Fast-food (drive up service or pay at counter)","7","1","7","0","7","romaine lettuce, unspecified","romaine lettuce","Vegetable Row Crops",,,
"2014","7","Florida","Food","Salmonella enterica","Braenderup","Confirmed","Restaurant: Other","12","4","12","0","12","steak (beef taco), cilantro,onions",,"Multiple",,,
"2014","7","Oklahoma","Food","Salmonella enterica","Montevideo","Confirmed","Caterer;Grocery store/bakery/deli/convenience store","30","0","6","0","6",,,,,,
"2014","7","Florida","Food","Salmonella enterica","Enteritidis","Suspected","Correctional/detention facility","101","1","101","0","101",,,,,,
"2014","8","Wisconsin","Food","Salmonella enterica","Hvittingfoss","Confirmed","Restaurant: Sit-down dining","4","0","4","0","4",,,,,,
"2014","8","Virginia","Food","Salmonella enterica","Thompson","Confirmed","Private home/residence;Caterer","37","3","29","0","37","sandwich, chicken","chicken","Chicken",,,
"2014","8","New York","Food","Salmonella enterica","Newport","Confirmed","Restaurant: Sit-down dining","4","2","4","0","4",,,,,,
"2014","8","Arizona","Indeterminate/unknown","Salmonella enterica","Newport","Confirmed","Other","10","4","5","0","5",,,,,,
"2014","8","Idaho","Food","Salmonella enterica","Enteritidis","Suspected","Restaurant: Sit-down dining","11","2","9","0","11","whipped cream",,"Dairy",,,
"2014","8","Arizona","Food","Salmonella enterica","Panama","Confirmed","Banquet Facility (food prepared and served on-site);Caterer;Religious facility","19","3","4","0","4",,,,,,
"2014","8","California","Food","Salmonella enterica","Braenderup","Confirmed","Restaurant: Sit-down dining","10","0","8","0","8",,,,,,
"2014","8","Arizona","Indeterminate/unknown","Salmonella enterica","Blockley","Confirmed","Other","5","0","4","0","4",,,,,,
"2014","8","California","Food","Salmonella enterica","Carmel","Confirmed","Caterer;Private home/residence","33","1","1","0","0","chicken","chicken","Chicken",,,
"2014","8","Maryland","Food","Salmonella enterica","Typhimurium","Confirmed","Private home/residence","3","2","3","0","3",,,,,,
"2014","8","Multistate","Food","Salmonella enterica","Saintpaul","Confirmed",,"27","10","26","0","26","grapes, unspecified",,"Fruits",,,
"2014","8","New Hampshire","Food","Salmonella enterica","Enteritidis","Confirmed","Private home/residence","3","1","3","0","3",,,,,,
"2014","8","Colorado","Animal contact","Salmonella enterica","Typhimurium","Confirmed","Other","6","3","6","0","6",,,,,,"Poultry"
"2014","8","Illinois","Food","Salmonella enterica",,"Confirmed","Restaurant: Sit-down dining","10","5","10","0","10",,,,,,
"2014","8","Maryland","Indeterminate/unknown","Salmonella enterica","Infantis","Suspected","Hospital","13","0","13","0","13",,,,,,
"2014","8","Maryland","Food","Salmonella enterica","Enteritidis","Suspected","Restaurant: Sit-down dining","5","0","5","0","5",,,,,,
"2014","8","Arizona","Indeterminate/unknown","Salmonella enterica","Hadar","Confirmed","Other","2","0","2","0","2",,,,,,
"2014","8","Michigan","Food","Salmonella enterica","Newport","Confirmed","School/college/university;Private home/residence","39","6","39","0","39",,,,,,
"2014","8","Minnesota","Indeterminate/unknown","Salmonella enterica","Enteritidis","Confirmed","Private home/residence","2","0","2","0","2",,,,,,
"2014","8","Minnesota","Food","Salmonella enterica","Enteritidis","Confirmed","Private home/residence","8","1","8","0","8","chicken, kiev","chicken","Chicken",,,
"2014","8","Tennessee","Food","Salmonella enterica","Javiana","Confirmed","Restaurant: Sit-down dining","50","13","50","0","50",,,,,,
"2014","8","Ohio","Food","Salmonella enterica","Oranienburg","Confirmed","Caterer","10","1","4","0","4",,,,,,
"2014","8","Utah","Food","Salmonella enterica","Newport","Confirmed","Grocery store/bakery/deli/convenience store;Private home/residence;Other","8","1","8","0","8",,,,,,
"2014","8","Kansas","Food","Salmonella enterica","Thompson","Confirmed","Religious facility","30","1","18","0","18","tostada, unspecified",,"Multiple",,,
"2014","8","Pennsylvania","Indeterminate/unknown","Salmonella enterica","Typhimurium","Confirmed","Private home/residence","2","0","2","0","2",,,,,,
"2014","8","Pennsylvania","Indeterminate/unknown","Salmonella enterica","Group B","Confirmed","Private home/residence","2","0","2","0","2",,,,,,
"2014","8","Illinois","Food","Salmonella enterica","Enteritidis","Confirmed","Restaurant: Sit-down dining","10","5","5","0","10",,,,,,
"2014","8","Missouri","Food","Salmonella enterica","Typhimurium","Confirmed","Grocery store/bakery/deli/convenience store;Restaurant: Fast-food (drive up service or pay at counter);Private home/residence","11","1","11","0","11",,,,,,
"2014","8","Pennsylvania","Person-to-person","Salmonella enterica",,"Suspected","Private home/residence","4","0","4","0","4",,,,,,
"2014","9","Pennsylvania","Indeterminate/unknown","Salmonella enterica","Oranienburg","Confirmed","Private home/residence","2","1","2","0","2",,,,,,
"2014","9","Arizona","Indeterminate/unknown","Salmonella enterica","I 4,[5],12:i:-","Confirmed","Other","3","1","3","0","3",,,,,,
"2014","9","Arizona","Animal contact","Salmonella enterica","I 4,[5],12:i:-","Confirmed","Festival/Fair","6","0","6","0","6",,,,,,"Cattle;Horse or pony;Llama;Pig;Sheep"
"2014","9","California","Food","Salmonella enterica","Heidelberg","Confirmed","Restaurant: Fast-food (drive up service or pay at counter)","36","5","36","0","36","chicken, grilled",,"Chicken",,,
"2014","9","Washington","Food","Salmonella enterica","Enteritidis","Confirmed","Private home/residence","5","1","5","0","5","chicken salad",,"Multiple",,,
"2014","9","Multistate","Food","Salmonella enterica","Enteritidis","Confirmed","Restaurant: Other;Restaurant: Fast-food (drive up service or pay at counter);Restaurant: Sit-down dining;Office/indoor workplace;Grocery store/bakery/deli/convenience store","115","19","75","0","75","mung bean sprouts",,"Sprouts",,,
"2014","9","Hawaii","Food","Salmonella enterica","Oslo","Suspected","Restaurant: Sit-down dining","24","1","24","0","24","Vegetables",,"N/A",,,
"2014","9","Michigan","Food","Salmonella enterica","Enteritidis","Confirmed","Private home/residence","3","1","3","0","3","salmon, smoked","fish, salmon","Fish",,,
"2014","9","New Hampshire","Food","Salmonella enterica","I 4,[5],12:i:-","Confirmed","Restaurant: Sit-down dining","3","3","3","0","3","pork, carnitas",,"Multiple",,,
"2014","9","South Carolina","Food","Salmonella enterica","Braenderup","Confirmed","Grocery store/bakery/deli/convenience store;Private home/residence","8","2","8","0","8",,,,,,
"2014","9","Montana","Food","Salmonella enterica","Typhimurium","Suspected","Restaurant: Sit-down dining","6","0","4","0","4","pizza",,"Multiple",,,
"2014","9","Arkansas","Person-to-person","Salmonella enterica","Javiana","Suspected","Private home/residence","2","0","0","0","0",,,,,,
"2014","9","Ohio","Food","Salmonella enterica","Typhimurium","Confirmed","Other;Private home/residence","2","0","2","0","2",,,,,,
"2014","9","Minnesota","Food","Salmonella enterica","Infantis","Confirmed","Private home/residence","2","1","2","0","2","chicken","chicken","Chicken",,,
"2014","9","South Carolina","Food","Salmonella enterica","Enteritidis","Confirmed","Private home/residence","7","2","7","0","7","turkey","turkey","Turkey",,,
"2014","9","Illinois","Food","Salmonella enterica",,"Suspected","Restaurant: Other","5","0","0","0","5","tamale, unspecified",,"Multiple",,,
"2014","9","Illinois","Food","Salmonella enterica","Infantis","Confirmed","Restaurant: Other","7","2","2","0","7",,,,,,
"2014","9","Ohio","Animal contact","Salmonella enterica","I 4,[5],12:i:-","Confirmed","Festival/Fair","4","0","4","0","4",,,,,,"Pig"
"2014","9","Pennsylvania","Person-to-person","Salmonella enterica","Newport","Suspected","Private home/residence","3","0","3","0","3",,,,,,
"2014","9","New York","Food","Salmonella enterica","Typhimurium","Confirmed","Restaurant: Sit-down dining","15","3","15","0","15",,,,,,
"2014","10","Georgia","Person-to-person","Salmonella enterica","Javiana","Confirmed","Child daycare/preschool","3","0","3","0","3",,,,,,
"2014","10","Georgia","Indeterminate/unknown","Salmonella enterica","Newport","Confirmed","Restaurant","7","2","7","0","7",,,,,,
"2014","10","Pennsylvania","Person-to-person","Salmonella enterica","Javiana","Confirmed","Private home/residence","2","1","2","0","2",,,,,,
"2014","10","Tennessee","Indeterminate/unknown","Salmonella enterica","Infantis","Confirmed","Office/indoor workplace","5","3","5","0","5",,,,,,
"2014","10","Arkansas","Person-to-person","Salmonella enterica","Rubislaw","Suspected","Private home/residence","4","0","4","0","4",,,,,,
"2014","10","Arkansas","Person-to-person","Salmonella enterica","Javiana","Suspected","Private home/residence","4","0","4","0","4",,,,,,
"2014","10","Ohio","Person-to-person","Salmonella enterica","Enteritidis","Confirmed","School/college/university","19","0","7","0","19",,,,,,
"2014","10","Florida","Food","Salmonella enterica","Senftenberg","Confirmed","Correctional/detention facility","75","1","75","0","75",,,,,,
"2014","10","Multistate","Food","Salmonella enterica","Javiana","Confirmed",,"36","8","32","0","32","Cucumber, mini",,"Seeded Vegetables",,,
"2014","10","Multistate","Indeterminate/unknown","Salmonella enterica","Saintpaul","Confirmed","Other","2","1","2","0","2",,,,,,
"2014","10","Arkansas","Food","Salmonella enterica","Norwich","Confirmed","Private home/residence","3","2","3","0","3","tamale, unspecified",,"Multiple",,,
"2014","10","Arizona","Indeterminate/unknown","Salmonella enterica","Typhimurium","Confirmed","Other","2","1","2","0","2",,,,,,
"2014","10","Arizona","Food","Salmonella enterica","Berta","Confirmed","Unknown","2","1","2","0","2",,,,,,
"2014","10","Arizona","Indeterminate/unknown","Salmonella enterica","Newport","Confirmed","Other","3","1","3","0","3",,,,,,
"2014","10","Arizona","Food","Salmonella enterica","Sundsvall","Confirmed","Unknown","2","0","2","0","2",,,,,,
"2014","10","Maine","Food","Salmonella enterica","Infantis","Confirmed","Private home/residence","5","0","5","0","5",,,,,,
"2014","10","Arizona","Food","Salmonella enterica","Typhimurium","Confirmed","Unknown","3","2","3","0","3",,,,,,
"2014","10","Washington","Food","Salmonella enterica","Enteritidis","Confirmed","Restaurant: Sit-down dining","7","0","7","0","7",,,,,,
"2014","10","Michigan","Food","Salmonella enterica","Saintpaul","Confirmed","Restaurant: Sit-down dining","9","4","9","0","9",,,,,,
"2014","10","Ohio","Animal contact","Salmonella enterica","Pomona","Suspected","Private home/residence","4","0","4","0","4",,,,,,"Reptile (type unspecified)"
"2014","11","New Jersey","Food","Salmonella enterica","Enteritidis","Confirmed",,"3","0","3","0","3","egg-containing food, other",,"Multiple",,,
"2014","11","Illinois","Food","Salmonella enterica","Enteritidis","Confirmed","Restaurant: Sit-down dining","4","0","4","0","4","Chilaquiles","egg","Eggs",,,
"2014","11","Alaska","Food","Salmonella enterica","Heidelberg","Confirmed","Restaurant: Sit-down dining","4","1","4","0","4",,,,,,
"2014","11","Oregon","Food","Salmonella enterica","Oranienburg","Confirmed",,"3","2","3","0","3",,,,,,
"2014","11","Pennsylvania","Food","Salmonella enterica","Hvittingfoss","Confirmed","Religious facility","6","1","6","0","6",,,,,,
"2014","11","Illinois","Food","Salmonella enterica","Newport","Confirmed","Other","3","2",,"0",,,,,,,
"2014","11","Colorado","Indeterminate/unknown","Salmonella enterica","Typhimurium","Confirmed","Hospital","3","0","3","0","3",,,,,,
"2014","11","Massachusetts","Food","Salmonella enterica","Enteritidis","Confirmed","Banquet Facility (food prepared and served on-site)","144","4","46","0","46",,,,,,
"2014","11","Illinois","Food","Salmonella enterica","Javiana","Confirmed",,"4","2",,"0",,"Cucumbers (English, mini, and Persian)",,"Seeded Vegetables",,,
"2014","11","California","Food","Salmonella enterica","Uganda","Confirmed","Other","12","2","10","0","12","blood sausage","pork","Pork",,,
"2014","11","California","Food","Salmonella enterica","Typhimurium","Confirmed","Private home/residence","5","1","1","0","4","other cheese, unpasteurized",,"Dairy",,,
"2014","12","Pennsylvania","Indeterminate/unknown","Salmonella enterica","Typhimurium","Confirmed","Private home/residence","2","0","2","0","2",,,,,,
"2014","12","Multistate","Food","Salmonella enterica","Stanley","Confirmed","Private home/residence","18","4","16","0","17","Cashews",,"Nuts-seeds",,,
"2014","12","Massachusetts","Food","Salmonella enterica","Typhimurium","Confirmed","Restaurant: Fast-food (drive up service or pay at counter)","57","6","57","0","57","Bacalhau a gomes de sa","fish, codfish","Fish",,,
"2014","12","Ohio","Animal contact","Salmonella enterica","Braenderup","Confirmed","Private home/residence","3","0","3","0","3",,,,,,"Guinea pig"
"2014","12","Georgia","Food","Salmonella enterica","Thompson","Confirmed","Caterer","56","4","56","0","56","chicken, smoked","chicken","Chicken",,,
"2015","1","Michigan","Food","Salmonella enterica","Baildon","Confirmed",,"5","2","5","0","5",,,,,,
"2015","1","Maryland","Person-to-person","Salmonella enterica","Typhimurium","Confirmed","Correctional/detention facility","3","0","3","0","3",,,,,,
"2015","1","Oklahoma","Food","Salmonella enterica","Typhi","Confirmed","Other;Private home/residence","36","12","36","0","36",,,,,,
"2015","1","Illinois","Person-to-person","Salmonella enterica","Reading","Confirmed","Long-term care/nursing home/assisted living facility","2","2","2","1","2",,,,,,
"2015","1","Multistate","Animal contact","Salmonella enterica","Indiana","Confirmed","Private home/residence","69","12","69","0","69",,,,,,"Poultry"
"2015","1","Multistate","Animal contact","Salmonella enterica","Enteritidis","Confirmed","Private home/residence","65","12","65","0","65",,,,,,"Poultry"
"2015","1","Colorado","Animal contact","Salmonella enterica","Enteritidis","Suspected","Private home/residence","3","1","1","0","0",,,,,,"Turtle"
"2015","1","Multistate","Animal contact","Salmonella enterica","Sandiego","Confirmed","Private home/residence","17","5","15","0","15",,,,,,"Turtle"
"2015","1","Multistate","Animal contact","Salmonella enterica","Heidelberg","Confirmed","Private home/residence;Farm/dairy/agricultural setting","56","17","49","0","50",,,,,,"Cattle"
"2015","1","Ohio","Person-to-person","Salmonella enterica","Kintambo","Confirmed","Private home/residence","4","0","4","0","4",,,,,,
"2015","1","Minnesota","Person-to-person","Salmonella enterica",,"Suspected","Child daycare/preschool","5","0","5","0","5",,,,,,
"2015","1","Florida","Person-to-person","Salmonella enterica","Kentucky","Suspected","Correctional/detention facility","17","0","17","0","17",,,,,,
"2015","1","Minnesota","Indeterminate/unknown","Salmonella enterica","Dublin","Confirmed","Private home/residence","2","1","2","0","2",,,,,,
"2015","2","Multistate","Animal contact","Salmonella enterica","Poona","Confirmed","Private home/residence","25","7","22","0","15",,,,,,"Turtle"
"2015","2","Montana","Food","Salmonella enterica","Braenderup","Confirmed","Restaurant: Sit-down dining","39","1","39","0","39","garden salad",,"Multiple",,,
"2015","2","Nevada","Food","Salmonella enterica","Enteritidis","Confirmed","Restaurant: Sit-down dining","7","2","7","0","7","spices",,"Herbs",,,
"2015","2","Arizona","Food","Salmonella enterica","Enteritidis","Confirmed","Restaurant: Sit-down dining","2","1","2","0","2",,,,,,
"2015","2","West Virginia","Person-to-person","Salmonella enterica","Poona","Confirmed","Hospital","3","3","3","0","3",,,,,,
"2015","2","Multistate","Animal contact","Salmonella enterica","Hadar","Confirmed","Private home/residence","79","29","79","0","79",,,,,,"Poultry"
"2015","2","Idaho","Food","Salmonella enterica","Schwarzengrund","Confirmed","Restaurant: Sit-down dining","6","0","6","0","6","spring rolls, unspecified",,"Multiple",,,
"2015","2","Washington","Food","Salmonella enterica","I 4,[5],12:i:-","Confirmed","Caterer","8","1","8","0","8",,,,,,
"2015","2","Multistate","Animal contact","Salmonella enterica","Sandiego","Confirmed","Private home/residence","21","5","18","0","11",,,,,,"Turtle"
"2015","3","Multistate","Food","Salmonella enterica","Newport","Confirmed","Unknown","25","3","25","0","25","latin style soft cheese",,"Dairy",,,
"2015","3","Multistate","Animal contact","Salmonella enterica","Agbeni","Confirmed","Private home/residence","79","25","66","0","70",,,,,,"Turtle"
"2015","3","California","Food","Salmonella enterica","Enteritidis","Confirmed","Restaurant: Sit-down dining","6","0","6","0","6",,,,,,
"2015","3","Multistate","Food","Salmonella enterica","Paratyphi B","Confirmed","Restaurant: Sit-down dining","11","2","10","0","10","lettuce",,"Vegetable Row Crops",,,
"2015","3","Ohio","Animal contact","Salmonella enterica","Typhimurium","Confirmed","Farm/dairy/agricultural setting","3","1","3","0","3",,,,,,"Cattle"
"2015","3","Minnesota","Food","Salmonella enterica","I 4,[5],12:i:-","Confirmed","Restaurant: Fast-food (drive up service or pay at counter)","9","0","9","0","9","coleslaw",,"Multiple",,,
"2015","3","Illinois","Food","Salmonella enterica","I 4,[5],12:i:-","Suspected","Private home/residence;Caterer","8","0",,"0",,,,,,,
"2015","3","Minnesota","Food","Salmonella enterica","I 4,[5],12:i:-","Confirmed","Restaurant: Fast-food (drive up service or pay at counter)","7","0","7","0","7",,,,,,
"2015","3","Minnesota","Person-to-person","Salmonella enterica","Poona","Confirmed","Private home/residence","3","1","3","0","3",,,,,,
"2015","3","Tennessee","Food","Salmonella enterica","Enteritidis","Confirmed","Caterer;Banquet Facility (food prepared and served on-site);Private home/residence","24","1","24","0","24",,,,,,
"2015","3","Utah","Food","Salmonella enterica","Enteritidis","Confirmed","Festival/fair;Grocery store/bakery/deli/convenience store;Caterer","8","1","8","0","8",,,,,,
"2015","3","Oregon","Indeterminate/unknown","Salmonella enterica","Hadar","Confirmed","Other","10","2","10","0","10",,,,,,
"2015","3","Colorado","Animal contact","Salmonella enterica","Cotham","Confirmed","Private home/residence","2","0","2","0","2",,,,,,"Lizard"
"2015","3","Arizona","Food","Salmonella enterica","Enteritidis","Confirmed","Banquet Facility (food prepared and served on-site);Private home/residence","14","5","14","0","14",,,,,,
"2015","3","Hawaii","Indeterminate/unknown","Salmonella enterica","Montevideo","Confirmed","Other","6","1","6","0","6",,,,,,
"2015","3","Michigan","Food","Salmonella enterica","Braenderup","Confirmed","Restaurant: Sit-down dining","6","3","6","0","6","salad;Eggs;chicken","tomato;lettuce;egg;chicken","Multiple",,,
"2015","3","Michigan","Food","Salmonella enterica","Uganda","Confirmed","Restaurant: Sit-down dining","3","1","3","0","3",,,,,,
"2015","3","Alabama","Person-to-person","Salmonella enterica","Enteritidis","Confirmed","Correctional/detention facility","223","0","223","0","223",,,,,,
"2015","3","California","Food","Salmonella enterica","Enteritidis","Confirmed","Restaurant: Sit-down dining","23","1","23","0","23",,,,,,
"2015","3","Arizona","Food","Salmonella enterica","Enteritidis","Confirmed","Banquet Facility (food prepared and served on-site)","38","1","33","0","33","bruschetta","tomato;oil;bread;basil","Multiple",,,
"2015","3","Colorado","Food","Salmonella enterica","Typhimurium","Confirmed","Private home/residence","4","0","4","0","4","lasagna",,"Multiple",,,
"2015","3","Idaho","Food","Salmonella enterica","Enteritidis","Confirmed","Banquet Facility (food prepared and served on-site)","28",,,"0","28","Turkey, ground","turkey","Turkey",,,
"2015","4","Utah","Food","Salmonella enterica","Newport","Confirmed","Other","4","0","4","0","4","milk, whole milk unpasteurized","milk, unpasteurized","Dairy",,,
"2015","4","New York","Food","Salmonella enterica","Enteritidis","Confirmed","Restaurant: Sit-down dining","7","1","7","0","7","Chicken and waffles","liver, chicken","Chicken",,,
"2015","4","Illinois","Food","Salmonella enterica","Enteritidis","Confirmed","School/college/university","3","0",,"0",,,,,,,
"2015","4","Kansas","Food","Salmonella enterica","I 4,[5],12:i:-","Confirmed","Private home/residence","4","0","4","0","4",,,,,,
"2015","4","Illinois","Food","Salmonella enterica","I 4,[5],12:i:-","Confirmed","Unknown","5","2","5","0","5",,,,,,
"2015","4","Connecticut","Food","Salmonella enterica","Braenderup","Confirmed","Restaurant: Sit-down dining","14","4","14","0","14","sandwich, unspecified;salad, unspecified",,"Multiple",,,
"2015","4","Iowa","Food","Salmonella enterica","Enteritidis","Confirmed","Private home/residence","9","0","9","0","9","turkey",,"Turkey",,,
"2015","4","Hawaii","Food","Salmonella enterica","Weltevreden","Confirmed","Restaurant: Fast-food (drive up service or pay at counter)","3","0","3","0","3","fish taco",,"Multiple",,,
"2015","4","Arkansas","Food","Salmonella enterica",,"Confirmed","Restaurant: Sit-down dining","8","4","8","0","8",,,,,,
"2015","4","Wisconsin","Person-to-person","Salmonella enterica","Enteritidis","Confirmed","Child daycare/preschool","5","1","5","0","5",,,,,,
"2015","4","South Carolina","Animal contact","Salmonella enterica","Enteritidis","Confirmed","Other","5","1","5","0","5",,,,,,"Poultry"
"2015","4","Massachusetts","Indeterminate/unknown","Salmonella enterica","Enteritidis","Confirmed",,"19","3","14",,,,,,,,
"2015","4","Tennessee","Food","Salmonella enterica","I 4,[5],12:i:-","Confirmed","Unknown","3","1","3","0","3",,,,,,
"2015","4","Michigan","Food","Salmonella enterica","Enteritidis","Confirmed","Restaurant: Sit-down dining","5","3","5","0","5","chicken, shawarma",,"Multiple",,,
"2015","4","Michigan","Indeterminate/unknown","Salmonella enterica","Enteritidis","Confirmed","Correctional/detention facility","2","1","2","0","2",,,,,,
"2015","4","North Carolina","Food","Salmonella enterica","Saintpaul","Confirmed",,"6","0","6","0","6",,,,,,
"2015","4","Multistate","Food","Salmonella enterica","Enteritidis","Confirmed","Private home/residence","15","4","10","0","15","stuffed chicken","chicken","Chicken",,,
"2015","4","Massachusetts","Food","Salmonella enterica","Baildon","Confirmed","Restaurant: Fast-food (drive up service or pay at counter)","3","1","3","0","3",,,,,,
"2015","5","Colorado","Indeterminate/unknown","Salmonella enterica","Heidelberg","Confirmed","Camp","39","3","39","0","39",,,,,,
"2015","5","Vermont","Animal contact","Salmonella enterica","Typhimurium","Confirmed","Farm/dairy/agricultural setting","2","0",,"0",,,,,,,"Poultry"
"2015","5","Vermont","Animal contact","Salmonella enterica","Enteritidis","Confirmed","Private home/residence","2","1","2","0","2",,,,,,"Poultry"
"2015","5","California","Food","Salmonella enterica","Enteritidis","Confirmed","Restaurant: Sit-down dining","4","1","4","0","4",,,,,,
"2015","5","Missouri","Animal contact","Salmonella enterica","unknown","Suspected","Other","6","0","0","0","6",,,,,,
"2015","5","Multistate","Food","Salmonella enterica","Paratyphi B","Confirmed","Restaurant: Other;Grocery store/bakery/deli/convenience store","5","2","4","0","4","tuna sushi",,"Multiple",,,
"2015","5","Alabama","Food","Salmonella enterica","Enteritidis","Confirmed","Restaurant: Sit-down dining","8","0","0","0","0",,,,,,
"2015","5","Colorado","Person-to-person","Salmonella enterica","Enteritidis","Confirmed","Child daycare/preschool","17","0","17","0","17",,,,,,
"2015","5","Wisconsin","Animal contact","Salmonella enterica","Braenderup","Confirmed",,"2","0","2","0","2",,,,,,
"2015","5","Tennessee","Food","Salmonella enterica","Enteritidis","Confirmed","Restaurant: Sit-down dining","4","0","4","0","4",,,,,,
"2015","5","Massachusetts","Indeterminate/unknown","Salmonella enterica","Paratyphi A","Confirmed",,"3","3","3",,,,,,,,
"2015","5","Pennsylvania","Indeterminate/unknown","Salmonella enterica","Enteritidis","Suspected","Private home/residence","2","0","2","0","2",,,,,,
"2015","5","Kentucky","Food","Salmonella enterica","Enteritidis","Confirmed","Caterer","6","4","4","0","6",,,,,,
"2015","5","Minnesota","Food","Salmonella enterica","Enteritidis","Confirmed","Private home/residence","6","3","6","0","6","stuffed chicken","chicken","Chicken",,,
"2015","5","Delaware","Indeterminate/unknown","Salmonella enterica","Enteritidis","Confirmed","Other","5","3","5","0","5",,,,,,
"2015","5","Florida","Food","Salmonella enterica","Enteritidis","Confirmed","Caterer","14","0","14","0","14","fettucine alfredo","Pasta;parmesan cheese;cream","Multiple",,,
"2015","5","Multistate","Food","Salmonella enterica","Hartford","Confirmed","Restaurant: Fast-food (drive up service or pay at counter);Grocery store/bakery/deli/convenience store","19","4","12","0","19","tomatoes",,"Seeded Vegetables",,,
"2015","5","Kansas","Food","Salmonella enterica","Typhimurium","Confirmed","Restaurant: Sit-down dining","10","1","10","0","10","tomatoes, raw;ground beef","tomato;ground beef","Multiple",,,
"2015","5","Pennsylvania","Indeterminate/unknown","Salmonella enterica","Saintpaul","Suspected","Other","3","0","3","0","3",,,,,,
"2015","5","Arkansas","Person-to-person","Salmonella enterica","Enteritidis","Confirmed","Private home/residence","10",,"10","0","10",,,,,,
"2015","5","Ohio","Person-to-person","Salmonella enterica","Typhimurium","Confirmed","Long-term care/nursing home/assisted living facility","21","7","21","2","21",,,,,,
"2015","5","Arkansas","Person-to-person","Salmonella enterica","Typhimurium","Suspected","Private home/residence","2","0","2","0","2",,,,,,
"2015","5","Wisconsin","Food","Salmonella enterica","I 4,[5],12:i:-","Confirmed","Grocery store/bakery/deli/convenience store","73","7","72","0","72","pork, carnitas","pork","Pork",,,
"2015","6","Multistate","Animal contact","Salmonella enterica","other","Confirmed","Private home/residence","154","35","133","0","135",,,,,,"Dog or puppy"
"2015","6","California","Food","Salmonella enterica","Oranienburg","Confirmed","Restaurant: Sit-down dining","11","4","11","0","11",,,,,,
"2015","6","Pennsylvania","Indeterminate/unknown","Salmonella enterica","Dublin","Confirmed","Other","5","3","4","0","4",,,,,,
"2015","6","Washington","Food","Salmonella enterica","Enteritidis","Confirmed","Religious facility;Private home/residence;Grocery store/bakery/deli/convenience store;Other","27","0","27","0","27",,,,,,
"2015","6","Utah","Food","Salmonella enterica","Enteritidis","Confirmed",,"3","0","3","1","3",,,,,,
"2015","6","Utah","Food","Salmonella enterica","Heidelberg","Confirmed","Private home/residence","6","2","3","0","3",,,,,,
"2015","6","Washington","Food","Salmonella enterica","Enteritidis","Confirmed","Restaurant: Sit-down dining","22","1","22","0","22","hollandaise sauce;eggs benedict",,"Multiple",,,
"2015","6","Idaho","Food","Salmonella enterica","Enteritidis","Confirmed","Grocery store/bakery/deli/convenience store","275","15","272","0","275",,,,,,
"2015","6","Washington","Food","Salmonella enterica","Heidelberg","Confirmed","Private home/residence","13","7","13","0","13","Turkey tails (butts);chicken, BBQ",,"Multiple",,,
"2015","6","Arizona","Food","Salmonella enterica","Enteritidis","Confirmed","Restaurant: Sit-down dining;Caterer","6","2","6","0","6",,,,,,
"2015","6","Multistate","Food","Salmonella enterica","Newport","Confirmed","Restaurant: Sit-down dining","15","2","9","0","10","oysters, raw",,"Mollusks",,,
"2015","6","North Carolina","Food","Salmonella enterica","Typhimurium","Confirmed","Restaurant: Sit-down dining","283","27","283","1","283","pork, BBQ","pork","Pork",,,
"2015","6","South Carolina","Food","Salmonella enterica","Enteritidis","Confirmed","Restaurant: Sit-down dining","7","1","7","0","7","lobster salad",,"Multiple",,,
"2015","6","Tennessee","Food","Salmonella enterica","Paratyphi B","Confirmed","Restaurant: Sit-down dining","3","0","3","0","3","sushi, raw",,"Multiple",,,
"2015","6","Pennsylvania","Indeterminate/unknown","Salmonella enterica","Heidelberg","Confirmed","Child daycare/preschool","7","0","7","0","7",,,,,,
"2015","6","Texas","Food","Salmonella enterica","Braenderup","Suspected","Caterer","5","0","5","0","5",,,,,,
"2015","6","Pennsylvania","Indeterminate/unknown","Salmonella enterica","Enteritidis","Confirmed","Private home/residence","2","1","1","0","2",,,,,,
"2015","6","Minnesota","Food","Salmonella enterica","Agona","Confirmed","Private home/residence","10","0","10","0","10","pork","pork","Pork",,,
"2015","6","Ohio","Indeterminate/unknown","Salmonella enterica","Stanley","Confirmed","Other","5","5","5","0","5",,,,,,
"2015","6","South Dakota","Food","Salmonella enterica","Enteritidis","Confirmed","Restaurant: Sit-down dining","13","1","13","0","13",,,,,,
"2015","6","Oregon","Food","Salmonella enterica","Typhimurium","Confirmed","Caterer;Festival/fair","53","28","53","0","53","Thai food",,,,,
"2015","6","Pennsylvania","Person-to-person","Salmonella enterica","I 4,[5],12:i:-","Suspected","Private home/residence","2","1","2","0","2",,,,,,
"2015","7","Ohio","Food","Salmonella enterica","I 4,[5],12:i:-","Suspected","Restaurant: Sit-down dining;Private home/residence","2","0","2","0","2",,,,,,
"2015","7","Indiana","Indeterminate/unknown","Salmonella enterica","Saintpaul","Confirmed","Long-term care/nursing home/assisted living facility","8","1","8","0","8",,,,,,
"2015","7","Washington","Food","Salmonella enterica","Enteritidis","Confirmed","Restaurant: Sit-down dining","3","0","3","0","3",,,,,,
"2015","7","Arizona","Indeterminate/unknown","Salmonella enterica","Sandiego","Confirmed","Other","2","1","2","0","2",,,,,,
"2015","7","Multistate","Food","Salmonella enterica","Javiana","Confirmed","Restaurant: Other","37","16","34","0","34",,,,,,
"2015","7","Massachusetts","Indeterminate/unknown","Salmonella enterica","Norwich","Confirmed",,"29","6","25","0","29",,,,,,
"2015","7","Arkansas","Person-to-person","Salmonella enterica","Norwich","Confirmed","Private home/residence","2","1","2","0","2",,,,,,
"2015","7","South Carolina","Food","Salmonella enterica","Newport","Confirmed","Caterer","17","9","17","0","17",,,,,,
"2015","7","Illinois","Person-to-person","Salmonella enterica","Javiana","Confirmed","Long-term care/nursing home/assisted living facility","4","2","4","0","4",,,,,,
"2015","7","Colorado","Food","Salmonella enterica","Bareilly","Confirmed","Private home/residence","14","0","14","0","14","Cheesecake;cake",,"Multiple",,,
"2015","7","Hawaii","Food","Salmonella enterica","Derby","Confirmed","Grocery store/bakery/deli/convenience store","3","0","3","0","3","chicken, rotisserie",,"Chicken",,,
"2015","7","Georgia","Food","Salmonella enterica","Typhimurium","Confirmed","Caterer;Private home/residence;Grocery store/bakery/deli/convenience store","2","2","2","0","2",,,,,,
"2015","7","Connecticut","Food","Salmonella enterica","Enteritidis","Confirmed","Long-term care/nursing home/assisted living facility","3","1","3","0","3","chicken tenders","chicken","Chicken",,,
"2015","7","Pennsylvania","Indeterminate/unknown","Salmonella enterica","Javiana","Confirmed","Private home/residence","2","0","2","0","2",,,,,,
"2015","7","Pennsylvania","Indeterminate/unknown","Salmonella enterica","I 4,[5],12:i:-","Confirmed","Private home/residence","2","1","2","0","2",,,,,,
"2015","7","Kansas","Food","Salmonella enterica","Infantis","Confirmed","Restaurant: Other","5","2","5","0","5",,,,,,
"2015","7","Multistate","Food","Salmonella enterica","Paratyphi B var. L(+) tartrate +","Confirmed",,"13","0","11","0","12","Sprouted nut butter",,"Nuts-seeds",,,
"2015","7","New York","Food","Salmonella enterica","Oranienburg","Confirmed","Restaurant: Fast-food (drive up service or pay at counter)","7","4","6","0","7",,,,,,
"2015","7","Illinois","Food","Salmonella enterica","Enteritidis","Confirmed","Unknown","6","0",,"0",,,,,,,
"2015","7","Ohio","Food","Salmonella enterica","Enteritidis","Confirmed","Other","9","2","8","0","8","ice cream, homemade","egg","Eggs",,,
"2015","7","Iowa","Food","Salmonella enterica","Enteritidis","Confirmed",,"6","0","6","0","6","ice cream, homemade",,"Multiple",,,
"2015","7","Illinois","Indeterminate/unknown","Salmonella enterica","Typhimurium","Suspected","Other","5","1","5","0","5",,,,,,
"2015","7","Multistate","Animal contact","Salmonella enterica","Enteritidis","Confirmed","Private home/residence;Other","10","1","8","0","8",,,,,,"Guinea pig"
"2015","7","Illinois","Indeterminate/unknown","Salmonella enterica","Infantis","Confirmed","Other","2","2","2","0","2",,,,,,
"2015","7","Multistate","Food","Salmonella enterica","Poona","Confirmed",,"907","204","720","6","720","cucumber",,"Seeded Vegetables",,,
"2015","7","North Dakota","Indeterminate/unknown","Salmonella enterica","Thompson","Confirmed","Restaurant","33","2","33","0","33",,,,,,
"2015","8","Colorado","Food","Salmonella enterica","Enteritidis","Confirmed","Restaurant: Sit-down dining;Restaurant: Fast-food (drive up service or pay at counter)","2","0","2","0","2",,,,,,
"2015","8","Multistate","Food","Salmonella enterica","Enteritidis","Confirmed","Restaurant: Sit-down dining","81","2","20","0","17","Truffle oil puree",,"Multiple",,,
"2015","8","Minnesota","Environmental contamination other than food/water","Salmonella enterica","Typhimurium","Confirmed","Other","5","0","5","0","5",,,,,,
"2015","8","Texas","Indeterminate/unknown","Salmonella enterica","unknown","Confirmed","Child daycare/preschool","2","0","2","0","2",,,,,,
"2015","8","Ohio","Food","Salmonella enterica","Enteritidis","Confirmed","Restaurant: Other","9","1","9","0","9","pastry, custard-filled","egg","Eggs",,,
"2015","8","Pennsylvania","Person-to-person","Salmonella enterica","Typhimurium","Confirmed","Other","2","1","2","0","2",,,,,,
"2015","8","Texas","Food","Salmonella enterica","Braenderup","Confirmed","Restaurant: Sit-down dining","10","0","10","0","10","chicken, rotisserie",,"Chicken",,,
"2015","8","Utah","Food","Salmonella enterica","Enteritidis","Confirmed","Restaurant: Sit-down dining","2","0","2","0","2",,,,,,
"2015","8","Pennsylvania","Person-to-person","Salmonella enterica","Montevideo","Confirmed","Private home/residence","2","0","2","0","2",,,,,,
"2015","8","Connecticut","Food","Salmonella enterica","Enteritidis","Confirmed","Restaurant: Buffet","3","1","3","0","3",,,,,,
"2015","8","Hawaii","Food","Salmonella enterica","Muenchen","Confirmed","Restaurant: Fast-food (drive up service or pay at counter)","3","0","3","0","3","Korean Chicken;Chicken Katsu Plate","chicken","Chicken",,,
"2015","8","Georgia","Indeterminate/unknown","Salmonella enterica","Javiana","Confirmed","Long-term care/nursing home/assisted living facility","7","4","7","2","7",,,,,,
"2015","8","Michigan","Indeterminate/unknown","Salmonella enterica","I 4,[5],12:i:-","Confirmed","Festival/Fair","7","0","2","0","2",,,,,,
"2015","8","Nevada","Food","Salmonella enterica","Typhimurium","Suspected","Camp","4","1","4","0","4","ice",,"Other",,,
"2015","8","Illinois","Food","Salmonella enterica","I 4,[5],12:i:-","Confirmed","Caterer","46","1",,"0",,"Roast Beef with mushroom burgundy sauce",,"Multiple",,,
"2015","8","Multistate","Food","Salmonella enterica","Newport","Confirmed","Restaurant: Fast-food (drive up service or pay at counter)","119","17","118","0","119","salsa","tomato","Seeded Vegetables",,,
"2015","8","Virginia","Food","Salmonella enterica","Enteritidis","Confirmed","Restaurant: Sit-down dining;Restaurant: Buffet","7","1","7","0","7",,,,,,
"2015","8","Minnesota","Food","Salmonella enterica","Virchow","Confirmed","Restaurant: Sit-down dining","9","0","9","0","9","guacamole",,"N/A",,,
"2015","8","Multistate","Food","Salmonella enterica","Bareilly","Confirmed","Restaurant: Other;Grocery store/bakery/deli/convenience store","8","0","4","0","4","tuna sushi",,"Multiple",,,
"2015","8","Michigan","Indeterminate/unknown","Salmonella enterica","Isangi","Confirmed","Hospital","22","0","22","0","22",,,,,,
"2015","8","Colorado","Food","Salmonella enterica","Oranienburg","Confirmed","Restaurant: Fast-food (drive up service or pay at counter)","9","0","9","0","9",,,,,,
"2015","8","Arizona","Food","Salmonella enterica","Javiana","Confirmed",,"5","1","5","0","5","frog legs","frog legs","Other Aquatic Animals",,,
"2015","9","District of Columbia","Food","Salmonella enterica","Enteritidis","Confirmed","Restaurant: Sit-down dining","160","9","9","0","0",,,,,,
"2015","9","Multistate","Animal contact","Salmonella enterica","Guinea","Confirmed","Unknown","41","10","24","0","20",,,,,,"Lizard"
"2015","9","California","Food","Salmonella enterica","Pomona","Confirmed","Private home/residence","9","2","8","0","8","soup, chicken",,"Multiple",,,
"2015","9","Alabama","Food","Salmonella enterica","Subspecies I","Confirmed","Restaurant: Sit-down dining","9","2","9","0","9",,,,,,
"2015","9","Illinois","Person-to-person","Salmonella enterica","Oranienburg","Confirmed","Child daycare/preschool","12","2","12","0","12",,,,,,
"2015","9","Pennsylvania","Indeterminate/unknown","Salmonella enterica","Typhimurium","Suspected","Private home/residence","2","0","2","0","2",,,,,,
"2015","9","Arizona","Food","Salmonella enterica","Enteritidis","Confirmed","Correctional/detention facility","252","0","252","0","252","Tossed Salad","iceberg lettuce;cabbage","Vegetable Row Crops",,,
"2015","9","Pennsylvania","Food","Salmonella enterica","Infantis","Confirmed","Restaurant: Sit-down dining","5","0","5","0","5",,,,,,
"2015","9","Multistate","Food","Salmonella enterica","Braenderup","Confirmed",,"20","4","16","0","16","sushi",,"Multiple",,,
"2015","9","Washington","Food","Salmonella enterica","Panama","Confirmed","Restaurant: Sit-down dining","2","0","2","0","2",,,,,,
"2015","9","Kansas","Water","Salmonella enterica","Paratyphi B","Suspected","Outdoor Area","3","0","2","0","2",,,,"Other/Environmental water",,
"2015","9","Georgia","Indeterminate/unknown","Salmonella enterica","Javiana","Confirmed","Festival/Fair","3","0","3","0","3",,,,,,
"2015","9","Colorado","Food","Salmonella enterica","Typhi","Confirmed","Restaurant: Fast-food (drive up service or pay at counter)","3","2","3","0","3",,,,,,
"2015","9","Arizona","Indeterminate/unknown","Salmonella enterica","Oranienburg","Confirmed","Camp","18","3","18","0","17",,,,,,
"2015","9","Wisconsin","Food","Salmonella enterica","Sandiego","Confirmed","Religious facility","10","0","2","0","2",,,,,,
"2015","9","Pennsylvania","Indeterminate/unknown","Salmonella enterica","Newport","Confirmed","Private home/residence","4","2","4","0","4",,,,,,
"2015","9","Kansas","Food","Salmonella enterica","Javiana","Confirmed","Grocery store/bakery/deli/convenience store","2","1","2","0","2",,,,,,
"2015","9","Massachusetts","Food","Salmonella enterica","Enteritidis","Confirmed","Restaurant: Fast-food (drive up service or pay at counter)","12","0","12","0","12",,,,,,
"2015","10","Texas","Food","Salmonella enterica","Group C1","Suspected","Private home/residence","5","0","0","0","0",,,,,,
"2015","10","Oregon","Food","Salmonella enterica","Enteritidis","Confirmed","Caterer","21","0","14","0","14",,,,,,
"2015","10","Virginia","Food","Salmonella enterica","Enteritidis","Confirmed","Restaurant: Sit-down dining","10","1","10","0","10","Chicken, blackened;chicken, grilled","chicken","Chicken",,,
"2015","10","Minnesota","Person-to-person","Salmonella enterica","Typhimurium","Confirmed","Child daycare/preschool","5","0","2","0","5",,,,,,
"2015","10","Texas","Food","Salmonella enterica","Norwich","Confirmed","Other","48","3","48","0","48","turkey;stuffing/dressing",,"Multiple",,,
"2015","10","Florida","Food","Salmonella enterica","Javiana","Confirmed","Private home/residence","18","4","18","0","18","Spaghetti w/meat sauce and Spaghetti w/cheese",,"Multiple",,,
"2015","10","Utah","Food","Salmonella enterica","Enteritidis","Confirmed","Restaurant: Sit-down dining","2","0","2","0","2",,,,,,
"2015","10","Ohio","Food","Salmonella enterica","I 4,[5],12:i:-","Confirmed","Unknown","2","1","2","0","2",,,,,,
"2015","10","Florida","Food","Salmonella enterica","Enteritidis","Confirmed","Restaurant: Sit-down dining","2","0","2","0","2","chicken, confit","tomato;onion;chili sauce;chicken","Multiple",,,
"2015","10","Arkansas","Food","Salmonella enterica","Braenderup","Confirmed","Restaurant: Sit-down dining;Caterer","14","0","14","0","14",,,,,,
"2015","10","Utah","Food","Salmonella enterica","Newport","Confirmed",,"2","0","2","0","2","Raw Milk",,"Dairy",,,
"2015","10","Arizona","Food","Salmonella enterica","Newport","Confirmed","Restaurant: Sit-down dining","3","1","3","0","3",,,,,,
"2015","10","Maryland","Indeterminate/unknown","Salmonella enterica","Javiana","Confirmed","Child daycare/preschool","6","0","5","0","5",,,,,,
"2015","10","California","Food","Salmonella enterica","Newport","Confirmed","Unknown","47","17","43","0","47","queso fresco, unpasteurized","queso fresco, unpasteurized","Dairy",,,
"2015","11","Ohio","Food","Salmonella enterica","Weltevreden","Confirmed","School/college/university","14","0","14","0","14",,,,,,
"2015","11","Ohio","Person-to-person","Salmonella enterica","Typhimurium","Confirmed","Child daycare/preschool","3","1","3","0","3",,,,,,
"2015","11","Florida","Food","Salmonella enterica","Newport","Confirmed","Private home/residence","20","7","20","0","20",,,,,,
"2015","11","Ohio","Food","Salmonella enterica","I 4,[5],12:i:-","Confirmed","Private home/residence","3","1","2","0","3","turkey, smoked;stuffing/dressing",,"Multiple",,,
"2015","11","Florida","Food","Salmonella enterica","Tallahassee","Confirmed","Correctional/detention facility","5","0","5","0","5","Thanksgiving meal",,,,,
"2015","11","Ohio","Person-to-person","Salmonella enterica","Agbeni","Confirmed","Child daycare/preschool","3","1","3","0","3",,,,,,
"2015","11","Georgia","Food","Salmonella enterica","Mbandaka","Confirmed","Grocery store/bakery/deli/convenience store","17","0","17","0","17","pork, carnitas","pork","Pork",,,
"2015","11","Georgia","Indeterminate/unknown","Salmonella enterica","Schleissheim","Confirmed","Festival/Fair","2","1","2","0","2",,,,,,
"2015","11","Utah","Food","Salmonella enterica","Enteritidis","Confirmed","Caterer","3","0","3","0","3","eggs, scrambled","egg","Eggs",,,
"2015","11","Washington","Food","Salmonella enterica","I 4,[5],12:i:-","Confirmed","Private home/residence","10","0","10","0","10","turkey",,"Turkey",,,
"2015","11","Colorado","Indeterminate/unknown","Salmonella enterica","Oranienburg","Confirmed","Long-term care/nursing home/assisted living facility","2","2","2","0","2",,,,,,
"2015","11","Illinois","Food","Salmonella enterica","I 4,[5],12:i:-","Confirmed","Private home/residence","6","1","6","0","2","meat",,"N/A",,,
"2015","11","Illinois","Environmental contamination other than food/water","Salmonella enterica","Infantis","Confirmed","Other","2","0","2","0","2",,,,,,
"2015","12","Iowa","Food","Salmonella enterica","Reading","Confirmed","Grocery store/bakery/deli/convenience store","4","0","4","0","4","turkey",,"Turkey",,,
"2015","12","Nevada","Food","Salmonella enterica","I 4,[5],12:i:-","Confirmed","Private home/residence","16","2","16","0","16",,,,,,
"2015","12","Ohio","Food","Salmonella enterica","Enteritidis","Confirmed","Restaurant: Sit-down dining","3","2","3","0","3","eggs benedict",,"Multiple",,,
"2015","12","Ohio","Person-to-person","Salmonella enterica",,"Suspected","Child daycare/preschool","3","0","0","0","3",,,,,,
"2015","12","Oregon","Food","Salmonella enterica","Enteritidis","Confirmed",,"7","0","7","0","7","eggnog","egg","Eggs",,,
"2015","12","Iowa","Food","Salmonella enterica","Infantis","Confirmed","Restaurant: Sit-down dining","7","0","7","0","7",,,,,,
"2015","12","Hawaii","Food","Salmonella enterica","Heidelberg","Suspected","Restaurant: Sit-down dining","24","0","24","0","24","Lilikoi Chiffon Pie",,"Multiple",,,
"2015","12","Connecticut","Food","Salmonella enterica","Potsdam","Confirmed","Restaurant: Sit-down dining","9","1","9","0","9","ox tongue & tripe",,"Beef",,,
"2015","12","Utah","Food","Salmonella enterica","Enteritidis","Confirmed","Private home/residence","3","0","2","0","2",,,,,,
"2015","12","Connecticut","Food","Salmonella enterica","Thompson","Confirmed","Restaurant: Sit-down dining","3","0","3","0","3","cucumbers","cucumber","Seeded Vegetables",,,
"2015","12","California","Food","Salmonella enterica","I 4,[5],12:i:-","Confirmed","Child daycare/preschool","8","0","8","0","8",,,,,,
"2015","12","Multistate","Food","Salmonella enterica","Virchow","Confirmed","Private home/residence","35","6","27","0","27","Powder meal replacement","moringa leaf powder","Herbs",,,
"2015","12","Alabama","Food","Salmonella enterica","Enteritidis","Confirmed","Restaurant: Fast-food (drive up service or pay at counter)","55","11","55","0","55",,,,,,
"2015","12","North Dakota","Indeterminate/unknown","Salmonella enterica","Enteritidis","Confirmed","Other","3","0","3","0","3",,,,,,
"2015","12","California","Food","Salmonella enterica","I 4,[5],12:i:-","Confirmed","Unknown","42","8","42","0","42","queso fresco, unspecified",,"Dairy",,,
"2016","1","Ohio","Food","Salmonella enterica","Saintpaul","Confirmed","Restaurant: Fast-food (drive up service or pay at counter)","2","1","2","0","2",,,,,,
"2016","1","Tennessee","Food","Salmonella enterica",,"Confirmed","Restaurant: Sit-down dining","3","2","3","0","3",,,,,,
"2016","1","Multistate","Animal contact","Salmonella enterica","Enteritidis","Confirmed","Private home/residence","249","52","228","1","222",,,,,,"Poultry"
"2016","1","Multistate","Animal contact","Salmonella enterica","Braenderup","Confirmed","Private home/residence","129","27","105","0","105",,,,,,"Poultry"
"2016","1","Colorado","Food","Salmonella enterica","Typhimurium","Confirmed","Restaurant: Sit-down dining","6","1","6","0","6",,,,,,
"2016","1","Kentucky","Indeterminate/unknown","Salmonella enterica","Enteritidis","Confirmed","Restaurant","84","13","84","0","84",,,,,,
"2016","1","Washington","Food","Salmonella enterica","Paratyphi B","Confirmed","Restaurant: Sit-down dining","2","0","2","0","2",,,,,,
"2016","1","Massachusetts","Indeterminate/unknown","Salmonella enterica","Typhimurium","Confirmed","Unknown","14","5","13","0","13",,,,,,
"2016","2","Tennessee","Food","Salmonella enterica","Heidelberg","Confirmed","Private home/residence","9","1","9","0","9","chicken","chicken","Chicken",,,
"2016","2","Ohio","Food","Salmonella enterica","Enteritidis","Confirmed","Restaurant: Sit-down dining","87","5","87","0","87","mayonnaise made with raw eggs","egg","Eggs",,,
"2016","2","Michigan","Animal contact","Salmonella enterica","Typhimurium","Confirmed","Private home/residence","7","2","7","0","7",,,,,,"Hedgehog"
"2016","2","Illinois","Food","Salmonella enterica","Typhimurium","Confirmed","Restaurant: Sit-down dining","8","0","7","0","7","RICE BOWL, UNSPECIFIED",,"Grains-beans",,,
"2016","2","Michigan","Person-to-person","Salmonella enterica","Typhimurium","Confirmed","Private home/residence","4","2","4","0","4",,,,,,
"2016","2","Alabama","Food","Salmonella enterica","Enteritidis","Confirmed","Unknown","13","0","0","0","0",,,,,,
"2016","2","Utah","Animal contact","Salmonella enterica","I 4,[5],12:i:-","Confirmed","Private home/residence","3","2","3","0","3",,,,,,"Poultry"
"2016","2","Multistate","Animal contact","Salmonella enterica","Infantis","Confirmed","Other","220","49","181","2","182",,,,,,"Poultry"
"2016","3","Hawaii","Food","Salmonella enterica","Typhimurium","Confirmed","Long-term care/nursing home/assisted living facility","3","2","3","0","3",,,,,,
"2016","3","Utah","Food","Salmonella enterica","Saintpaul","Confirmed","Farm/dairy/agricultural setting","15","3","14","0","14","milk, unpasteurized","milk, unpasteurized","Dairy",,,
"2016","3","Georgia","Food","Salmonella enterica","Thompson","Confirmed","Restaurant: Sit-down dining","51","11","51","0","51",,,,,,
"2016","3","Texas","Person-to-person","Salmonella enterica","Oranienburg","Confirmed","Child daycare/preschool","6","0","6","0","6",,,,,,
"2016","3","Georgia","Person-to-person","Salmonella enterica","I 4,[5],12:i:-","Confirmed","Child daycare/preschool","2","2","2","0","2",,,,,,
"2016","3","Pennsylvania","Indeterminate/unknown","Salmonella enterica","Heidelberg","Confirmed","Private home/residence","4","1","4","0","4",,,,,,
"2016","3","Pennsylvania","Indeterminate/unknown","Salmonella enterica","Enteritidis","Confirmed","Private home/residence","2","0","2","0","2",,,,,,
"2016","3","Maryland","Food","Salmonella enterica","Typhimurium","Confirmed","Restaurant: Sit-down dining","4","2","4","0","4",,,,,,
"2016","3","Colorado","Person-to-person","Salmonella enterica","Typhimurium","Confirmed","Private home/residence","4","2","4","0","4",,,,,,
"2016","3","Multistate","Food","Salmonella enterica","Oslo","Confirmed",,"14","3","13","0","14","Cucumbers (English, mini, and Persian)",,"Seeded Vegetables",,,
"2016","3","Multistate","Animal contact","Salmonella enterica","Hadar","Confirmed","Other","86","30","79","0","79",,,,,,"Poultry"
"2016","3","Multistate","Animal contact","Salmonella enterica","Infantis","Confirmed","Other","31","8","24","0","24",,,,,,"Poultry"
"2016","3","Multistate","Animal contact","Salmonella enterica","Mbandaka","Confirmed","Other","46","12","41","0","40",,,,,,"Poultry"
"2016","3","Multistate","Animal contact","Salmonella enterica","Muenster","Confirmed","Private home/residence","25","8","12","0","22",,,,,,"Poultry"
"2016","3","Multistate","Animal contact","Salmonella enterica","Indiana","Confirmed","Private home/residence","110","24","85","0","85",,,,,,"Poultry"
"2016","3","West Virginia","Animal contact","Salmonella enterica",,"Confirmed","Animal shelter or sanctuary","5","1","5","0","5",,,,,,"Poultry"
"2016","3","New York","Person-to-person","Salmonella enterica","Typhimurium","Confirmed","Child daycare/preschool","2","0","2","0","2",,,,,,
"2016","3","Washington","Food","Salmonella enterica","Braenderup","Confirmed","Restaurant: Sit-down dining","4","1","4","0","4",,,,,,
"2016","3","Multistate","Food","Salmonella enterica","Sundsvall","Confirmed","Restaurant: Fast-food (drive up service or pay at counter)","6","1","2","0","5",,,,,,
"2016","3","Washington","Food","Salmonella enterica","Brandenburg","Confirmed","Private home/residence;Religious facility","8","1","7","0","8",,,,,,
"2016","4","Florida","Food","Salmonella enterica",,"Suspected","Restaurant: Sit-down dining","7","0","7","0","7",,,,,,
"2016","4","Minnesota","Indeterminate/unknown","Salmonella enterica","Typhimurium","Confirmed","Other","2","0","2","0","2",,,,,,
"2016","4","Multistate","Food","Salmonella enterica","Enteritidis","Confirmed","Private home/residence","7","0","6","0","7","prepackaged leafy greens",,"Vegetable Row Crops",,,
"2016","4","Ohio","Animal contact","Salmonella enterica","Typhimurium","Suspected","Farm/dairy/agricultural setting","4","1","4","0","4",,,,,,"Hedgehog"
"2016","4","Virginia","Food","Salmonella enterica","Enteritidis","Confirmed","Restaurant: Fast-food (drive up service or pay at counter)","2","0","2","0","2",,,,,,
"2016","4","Virginia","Indeterminate/unknown","Salmonella enterica","Enteritidis","Confirmed","Correctional/detention facility","8","2","8","0","8",,,,,,
"2016","4","Texas","Indeterminate/unknown","Salmonella enterica","Newport","Confirmed","Child daycare/preschool","2","0","2","0","2",,,,,,
"2016","4","Kansas","Person-to-person","Salmonella enterica","Typhimurium","Confirmed","Child daycare/preschool","3","1","3","0","3",,,,,,
"2016","4","Multistate","Food","Salmonella enterica","Braenderup","Confirmed","Restaurant: Other","32","6","25","0","23","mung bean sprouts",,"Sprouts",,,
"2016","4","Multistate","Food","Salmonella enterica","Bareilly","Confirmed",,"21","3","16","0","15",,,,,,
"2016","4","California","Food","Salmonella enterica","Enteritidis","Confirmed","Restaurant: Sit-down dining","8","0","8","0","8",,,,,,
"2016","4","Multistate","Food","Salmonella enterica","Goldcoast","Confirmed","Unknown","12","1","7","0","12","pork",,"Pork",,,
"2016","4","Multistate","Animal contact","Salmonella enterica","Braenderup","Confirmed","Private home/residence","14","2","13","0","13",,,,,,"Poultry"
"2016","4","California","Food","Salmonella enterica","Enteritidis","Confirmed","Restaurant: Sit-down dining","5","0","3","0","3","multiple foods",,,,,
"2016","4","Massachusetts","Food","Salmonella enterica","Enteritidis","Confirmed","Child daycare/preschool","6","3","6","0","6","infant formula, non-dairy based","infant formula","Other",,,
"2016","4","Illinois","Food","Salmonella enterica","Thompson","Confirmed","Unknown","14","5","14","0","14",,,,,,
"2016","4","Multistate","Food","Salmonella enterica","Oranienburg","Confirmed","Restaurant: Sit-down dining","8","2","6","0","7","shell eggs",,"Eggs",,,
"2016","5","Ohio","Food","Salmonella enterica","Enteritidis","Confirmed","Restaurant: Sit-down dining","28","7","28","0","28","hollandaise sauce",,"Multiple",,,
"2016","5","Pennsylvania","Indeterminate/unknown","Salmonella enterica","Litchfield","Confirmed","Other","9","0","9","0","9",,,,,,
"2016","5","South Carolina","Indeterminate/unknown","Salmonella enterica","Typhimurium","Confirmed","Restaurant","2","2","2","0","2",,,,,,
"2016","5","Connecticut","Food","Salmonella enterica","I 4,[5],12:i:-","Confirmed","Other","10","3","10","0","10","potato salad",,"Multiple",,,
"2016","5","Pennsylvania","Indeterminate/unknown","Salmonella enterica","Enteritidis","Suspected","Private home/residence","3","0","3","0","3",,,,,,
"2016","5","South Carolina","Indeterminate/unknown","Salmonella enterica","Muenchen","Confirmed","Other","13","5","11","0","13",,,,,,
"2016","5","Illinois","Food","Salmonella enterica","Enteritidis","Confirmed","Restaurant: Other","2","0","2","0","2",,,,,,
"2016","5","Multistate","Food","Salmonella enterica","Anatum","Confirmed","Restaurant: Other;Other","32","8","25","0","25","peppers, hot",,"Seeded Vegetables",,,
"2016","5","Indiana","Indeterminate/unknown","Salmonella enterica","I 4,[5],12:i:-","Confirmed","Other","13","5","13","0","13",,,,,,
"2016","5","Maryland","Food","Salmonella enterica","Mississippi","Confirmed","Unknown","7","0","4","0","4",,,,,,
"2016","5","Multistate","Food","Salmonella enterica","Enteritidis","Confirmed","Restaurant: Other;Private home/residence","59","7","41","0","42","avocado, unspecified","avocado","Fruits",,,
"2016","5","Multistate","Food","Salmonella enterica","Javiana","Confirmed","Restaurant: Sit-down dining;Restaurant: Fast-food (drive up service or pay at counter)","29","6","29","0","29","onions","onion","Root/Underground",,,
"2016","5","North Dakota","Indeterminate/unknown","Salmonella enterica","I 4,[5],12:i:-","Confirmed","Other","6","0","6","0","6",,,,,,
"2016","6","Kansas","Food","Salmonella enterica","I 4,[5],12:i:-","Suspected","Restaurant: Buffet","2","0","2","0","2","pork","pork","Pork",,,
"2016","6","Florida","Food","Salmonella enterica","Heidelberg","Confirmed","Correctional/detention facility","2","0","2","0","2",,,,,,
"2016","6","Michigan","Animal contact","Salmonella enterica","Typhimurium","Confirmed","Private home/residence;Festival/Fair","18","3","11","0","11",,,,,,"Poultry"
"2016","6","Oregon","Food","Salmonella enterica","Newport","Confirmed","Restaurant: Fast-food (drive up service or pay at counter)","13","1","13","0","13",,,,,,
"2016","6","South Dakota","Food","Salmonella enterica","Javiana","Confirmed","Grocery store/bakery/deli/convenience store;Festival/fair","110","31","110","0","110",,,,,,
"2016","6","Iowa","Food","Salmonella enterica","Braenderup","Confirmed","Grocery store/bakery/deli/convenience store","51","4","51","0","51","potato salad",,"Multiple",,,
"2016","6","Georgia","Food","Salmonella enterica","Norwich","Confirmed","Private home/residence","10","1","10","0","10","chicken","chicken","Chicken",,,
"2016","6","Minnesota","Food","Salmonella enterica","I 4,[5],12:i:-","Confirmed","Restaurant: Sit-down dining","9","1","9","0","9",,,,,,
"2016","6","Nebraska","Food","Salmonella enterica","Heidelberg","Confirmed","Restaurant: Other","8","0","8","0","8",,,,,,
"2016","6","Massachusetts","Food","Salmonella enterica","Enteritidis","Confirmed","Restaurant: Fast-food (drive up service or pay at counter)","6","2","5","0","5",,,,,,
"2016","6","Multistate","Food","Salmonella enterica","Saintpaul","Confirmed",,"10","3","10","0","10","cucumber",,"Seeded Vegetables",,,
"2016","6","Pennsylvania","Person-to-person","Salmonella enterica","Typhimurium","Confirmed","Private home/residence","2","0","2","0","2",,,,,,
"2016","6","Multistate","Food","Salmonella enterica","Enteritidis","Confirmed","Restaurant: Fast-food (drive up service or pay at counter)","28","7","19","0","8","Salad mix",,"Multiple",,,
"2016","6","Colorado","Water","Salmonella enterica","Typhimurium","Confirmed","Outdoor Area","3","0","3","0","3",,,,"Recreational water -- untreated","Lake/Reservoir",
"2016","6","Arkansas","Person-to-person","Salmonella enterica",,"Suspected","Restaurant","4","0","1","0","1",,,,,,
"2016","6","West Virginia","Indeterminate/unknown","Salmonella enterica","Miami","Confirmed","Restaurant","3","1","3","0","3",,,,,,
"2016","6","West Virginia","Indeterminate/unknown","Salmonella enterica","unknown","Confirmed","Other","3","0","3","0","3",,,,,,
"2016","6","Arizona","Food","Salmonella enterica","Javiana","Confirmed","Restaurant: Sit-down dining","50","12","50","0","50","shrimp, unfried","shrimp","Crustaceans",,,
"2016","6","Multistate","Food","Salmonella enterica","I 4,[5],12:i:-","Confirmed","Unknown","5","2","5","0","5","nuts","nuts","Nuts-seeds",,,
"2016","6","Arizona","Indeterminate/unknown","Salmonella enterica","Typhi","Confirmed","Other","2","2","2","0","2",,,,,,
"2016","6","Maryland","Food","Salmonella enterica","Typhimurium","Confirmed","Grocery store/bakery/deli/convenience store","3","1","3","0","3",,,,,,
"2016","6","Multistate","Food","Salmonella enterica","Javiana","Confirmed",,"17","3","10","0","10",,,,,,
"2016","6","Multistate","Food","Salmonella enterica","Minnesota","Confirmed","Private home/residence;Restaurant: Sit-down dining;Grocery store/bakery/deli/convenience store","10","3","7","0","7","cantaloupe","cantaloupe","Fruits",,,
"2016","6","Washington","Food","Salmonella enterica","Thompson","Confirmed","Restaurant: Sit-down dining","2","0","2","0","2","bacon cheeseburger;Vegetables",,"Multiple",,,
"2016","7","Ohio","Person-to-person","Salmonella enterica","Enteritidis","Confirmed","Child daycare/preschool","4","0","4","0","4",,,,,,
"2016","7","California","Food","Salmonella enterica","Enteritidis","Confirmed","Private home/residence","16","0","16","0","16","onions;cilantro, unspecified","onion;cilantro","Multiple",,,
"2016","7","Pennsylvania","Indeterminate/unknown","Salmonella enterica","Group D1","Confirmed","Restaurant","3","2","3","0","3",,,,,,
"2016","7","California","Food","Salmonella enterica","Lomalinda","Suspected","Caterer","25","0","18","0","20",,,,,,
"2016","7","California","Food","Salmonella enterica","I 4,[5],12:i:-","Confirmed","Other;Camp","29","2","14","0","29","ground beef, hamburger;chicken, strips",,"Multiple",,,
"2016","7","Multistate","Food","Salmonella enterica","I 4,[5],12:i:-","Confirmed","Grocery store/bakery/deli/convenience store;Private home/residence","64","16","57","0","57","chicken",,"Chicken",,,
"2016","7","Multistate","Food","Salmonella enterica","Saintpaul","Confirmed","Unknown","70","12","29","0","27","chicken",,"Chicken",,,
"2016","7","Washington","Food","Salmonella enterica","Typhimurium","Confirmed","Caterer","25","0","25","0","25","chicken, BBQ",,"Multiple",,,
"2016","7","Alabama","Food","Salmonella enterica","Enteritidis","Confirmed","Private home/residence","8","2","8","0","8","hamburger;ice cream","ground beef;egg","Multiple",,,
"2016","7","Washington","Food","Salmonella enterica","I 4,[5],12:i:-","Confirmed","Festival/fair;Restaurant: Sit-down dining","15","0","14","0","14","pork, roasted",,"Pork",,,
"2016","7","Colorado","Food","Salmonella enterica","Virchow","Confirmed","Restaurant: Other","3","1","3","0","3",,,,,,
"2016","7","Multistate","Food","Salmonella enterica","Javiana","Confirmed",,"45","9","43","0","36",,,,,,
"2016","7","Massachusetts","Food","Salmonella enterica","Newport","Confirmed","Caterer","16","8","16","0","16",,,,,,
"2016","7","Colorado","Food","Salmonella enterica","Ohio","Confirmed","Restaurant: Sit-down dining","19","0","19","0","19",,,,,,
"2016","7","Wisconsin","Food","Salmonella enterica","I 4,[5],12:i:-","Confirmed","Restaurant: Other","6","3","6","0","6","pork",,"Pork",,,
"2016","7","Maryland","Indeterminate/unknown","Salmonella enterica","Enteritidis","Confirmed","Correctional/detention facility","48","4","48","0","48",,,,,,
"2016","7","Minnesota","Animal contact","Salmonella enterica","Heidelberg","Confirmed","Private home/residence","2","0","0","0","2",,,,,,"Lizard;Poultry"
"2016","7","South Carolina","Person-to-person","Salmonella enterica","Newport","Confirmed","Child daycare/preschool","3","1","3","0","3",,,,,,
"2016","7","Pennsylvania","Indeterminate/unknown","Salmonella enterica","Enteritidis","Confirmed","Private home/residence","3","0","3","0","3",,,,,,
"2016","7","South Carolina","Person-to-person","Salmonella enterica","Saintpaul","Confirmed","Child daycare/preschool","2","0","2","0","2",,,,,,
"2016","7","Montana","Indeterminate/unknown","Salmonella enterica","Enteritidis","Confirmed","Correctional/detention facility","24","2","24","0","24",,,,,,
"2016","7","West Virginia","Food","Salmonella enterica","Heidelberg","Confirmed","Private home/residence","4","0","4","0","4","Eggs;chicken;cantaloupe","egg;chicken;cantaloupe","Multiple",,,
"2016","7","Georgia","Indeterminate/unknown","Salmonella enterica","Bareilly","Confirmed","Event space","4","0","4","0","4",,,,,,
"2016","7","Tennessee","Food","Salmonella enterica","Bareilly","Confirmed","Long-term care/nursing home/assisted living facility","5","3","5","0","5",,,,,,
"2016","7","Pennsylvania","Indeterminate/unknown","Salmonella enterica","Javiana","Confirmed","Private home/residence","2","0","2","0","2",,,,,,
"2016","7","Ohio","Person-to-person","Salmonella enterica","Montevideo","Confirmed","Other","13","0","11","0","11",,,,,,
"2016","7","Ohio","Food","Salmonella enterica","I 4,[5],12:i:-","Confirmed","School/college/university","12","1","12","0","12","sandwich, peanut butter and jelly",,"Multiple",,,
"2016","7","Alaska","Indeterminate/unknown","Salmonella enterica","Enteritidis","Confirmed","Unknown","6","0","6","0","6",,,,,,
"2016","7","South Carolina","Food","Salmonella enterica","Infantis","Confirmed","Correctional/detention facility","251","0","0","0","0",,,,,,
"2016","8","Missouri","Food","Salmonella enterica","Enteritidis","Confirmed","Restaurant: Sit-down dining","19","2","19","0","19","mayonnaise made with raw eggs;meringue","egg","Eggs",,,
"2016","8","Ohio","Food","Salmonella enterica","Hartford","Confirmed","Private home/residence","8","0","5","0","5",,,,,,
"2016","8","Minnesota","Food","Salmonella enterica","Infantis","Confirmed","Restaurant: Sit-down dining","5","1","5","0","5",,,,,,
"2016","8","Missouri","Food","Salmonella enterica","Muenchen","Confirmed","Restaurant: Buffet;Restaurant: Sit-down dining","4","0","4","0","4",,,,,,
"2016","8","Ohio","Indeterminate/unknown","Salmonella enterica","Toucra","Suspected","Private home/residence","2","1","1","0","2",,,,,,
"2016","8","Ohio","Person-to-person","Salmonella enterica","Oranienburg","Suspected","Long-term care/nursing home/assisted living facility","32","0","32","0","32",,,,,,
"2016","8","Tennessee","Food","Salmonella enterica","Newport","Confirmed","Private home/residence;Religious facility;Grocery store/bakery/deli/convenience store","6","0","6","0","6",,,,,,
"2016","8","Pennsylvania","Indeterminate/unknown","Salmonella enterica","Enteritidis","Confirmed","Camp","8","0","8","0","8",,,,,,
"2016","8","Connecticut","Food","Salmonella enterica","Thompson","Confirmed","Restaurant: Sit-down dining","6","1","6","0","6",,,,,,
"2016","8","Ohio","Indeterminate/unknown","Salmonella enterica","Javiana","Suspected","Child daycare/preschool","9","0","0","0","0",,,,,,
"2016","8","Kentucky","Indeterminate/unknown","Salmonella enterica","Javiana","Confirmed","Restaurant","6","2","6","0","6",,,,,,
"2016","8","Tennessee","Person-to-person","Salmonella enterica","Enteritidis","Confirmed","Long-term care/nursing home/assisted living facility","7","0","3","0","3",,,,,,
"2016","8","Iowa","Food","Salmonella enterica","Javiana","Confirmed",,"17","2","17","0","17",,,,,,
"2016","8","Pennsylvania","Food","Salmonella enterica","Typhimurium","Confirmed","Private home/residence","2","0","2","0","2",,,,,,
"2016","8","Ohio","Indeterminate/unknown","Salmonella enterica","Typhimurium","Confirmed","School/college/university","4","0","3","0","4",,,,,,
"2016","8","Virginia","Food","Salmonella enterica","Typhimurium","Confirmed","Unknown","6","0","6","0","6",,,,,,
"2016","8","North Carolina","Person-to-person","Salmonella enterica","Javiana","Confirmed","Child daycare/preschool","9","0","9","0","9",,,,,,
"2016","8","Minnesota","Animal contact","Salmonella enterica","Uganda","Confirmed","Other","6","0","6","0","6",,,,,,"Poultry"
"2016","8","Arkansas","Person-to-person","Salmonella enterica","Newport","Suspected","Restaurant","2","0","1","0","1",,,,,,
"2016","8","Kansas","Indeterminate/unknown","Salmonella enterica","Cubana","Confirmed","Unknown","12","0","12","0","12",,,,,,
"2016","8","Maryland","Animal contact","Salmonella enterica","Typhimurium","Confirmed","Festival/Fair","5","1","5","0","5",,,,,,
"2016","8","Multistate","Food","Salmonella enterica","Newport","Confirmed","Restaurant: Sit-down dining","12","4","9","0","9",,,,,,
"2016","8","Massachusetts","Person-to-person","Salmonella enterica","Heidelberg","Suspected","Child daycare/preschool","8","0","8","0","8",,,,,,
"2016","8","Oklahoma","Food","Salmonella enterica","Oranienburg","Confirmed","Restaurant: Sit-down dining","13","1","10","0","10",,,,,,
"2016","8","Multistate","Food","Salmonella enterica","Newport","Confirmed","Unknown","53","9","43","1","43",,,,,,
"2016","8","California","Food","Salmonella enterica","Typhimurium","Confirmed","Restaurant: Sit-down dining","3","2","3","0","3",,,,,,
"2016","9","Tennessee","Food","Salmonella enterica","Typhimurium","Confirmed","Festival/fair","74","18","74","0","74","white beans with ham",,"Multiple",,,
"2016","9","Iowa","Food","Salmonella enterica","Infantis","Confirmed","Restaurant: Sit-down dining","2","2","2","0","2",,,,,,
"2016","9","Wisconsin","Indeterminate/unknown","Salmonella enterica","Brandenburg","Confirmed","Other","7","0","3","0","3",,,,,,
"2016","9","Hawaii","Food","Salmonella enterica","I 4,[5],12:i:-","Confirmed","Private home/residence","4","0","4","0","4",,,,,,
"2016","9","South Carolina","Person-to-person","Salmonella enterica","Javiana","Confirmed","Child daycare/preschool","2","0","2","0","2",,,,,,
"2016","9","New Hampshire","Food","Salmonella enterica","Newport","Confirmed","Other;Camp","20","4","19","0","20","smoked whole hog",,"Pork",,,
"2016","9","Oregon","Indeterminate/unknown","Salmonella enterica","Braenderup","Confirmed","Other","3","1","3","0","3",,,,,,
"2016","9","West Virginia","Food","Salmonella enterica","Newport","Confirmed","Private home/residence","10","1","10","0","10","Desserts","fruit, unspecified","Fruits",,,
"2016","9","Kansas","Food","Salmonella enterica","Newport","Confirmed","Festival/fair","10","1","10","0","10","burrito, pork;burrito, bean","Wraps/tortillas;tomato;lettuce","Multiple",,,
"2016","9","Wisconsin","Food","Salmonella enterica","Muenchen","Confirmed","Restaurant: Other","3","1","3","0","3","beef, brisket",,"Beef",,,
"2016","9","Connecticut","Food","Salmonella enterica","Newport","Confirmed","Restaurant: Sit-down dining","6","3","6","0","6",,,,,,
"2016","9","Georgia","Food","Salmonella enterica","Javiana","Confirmed","Religious facility","41","4","41","0","41","pork, BBQ","pork","Pork",,,
"2016","9","Georgia","Food","Salmonella enterica","Thompson","Confirmed","Restaurant: Sit-down dining","47","6","47","0","47","chicken",,"Chicken",,,
"2016","9","Hawaii","Indeterminate/unknown","Salmonella enterica","Birkenhead","Confirmed","Hotel/motel","2","0","2","0","2",,,,,,
"2016","9","Massachusetts","Food","Salmonella enterica","Montevideo","Confirmed","Grocery store/bakery/deli/convenience store","2","0","2","0","2",,,,,,
"2016","9","Washington","Food","Salmonella enterica","Enteritidis","Confirmed","Restaurant: Sit-down dining","6","0","5","0","5","crab ravigote;steak cruda",,"Multiple",,,
"2016","9","Virginia","Person-to-person","Salmonella enterica","Bareilly","Suspected","Child daycare/preschool","6","0","6","0","6",,,,,,
"2016","10","California","Food","Salmonella enterica","I 4,[5],12:i:-","Confirmed","Restaurant: Sit-down dining;Caterer","9","2","9","0","9","beef, BBQ",,"Multiple",,,
"2016","10","South Carolina","Indeterminate/unknown","Salmonella enterica","Javiana","Confirmed","School/college/university","12","2","12","0","12",,,,,,
"2016","10","Hawaii","Food","Salmonella enterica","Weltevreden","Confirmed","Grocery store/bakery/deli/convenience store","16","4","16","0","16","seaweed, unspecified","seaweed","Other",,,
"2016","10","Oregon","Food","Salmonella enterica","Stanley","Confirmed","Private home/residence","13","0","13","0","13",,,,,,
"2016","10","Texas","Food","Salmonella enterica","Sandiego","Confirmed","Private home/residence","50","2","23","0","23","lamb","lamb","Other Meat",,,
"2016","10","Florida","Food","Salmonella enterica","Newport","Confirmed","Caterer","45","8","45","0","45","sandwich, hoagie",,"Multiple",,,
"2016","10","Texas","Indeterminate/unknown","Salmonella enterica","Montevideo","Confirmed","Child daycare/preschool","2","0","2","0","2",,,,,,
"2016","10","Ohio","Person-to-person","Salmonella enterica","Newport","Confirmed","Long-term care/nursing home/assisted living facility","2","0","2","0","2",,,,,,
"2016","10","Multistate","Food","Salmonella enterica","Typhimurium","Confirmed","Other","6","1","5","0","5","hazelnuts",,"Nuts-seeds",,,
"2016","10","Arkansas","Person-to-person","Salmonella enterica","Paratyphi B","Suspected","Restaurant","3","0","1","0","1",,,,,,
"2016","10","Michigan","Indeterminate/unknown","Salmonella enterica","Typhimurium","Confirmed","School/college/university","2","1","2","0","2",,,,,,
"2016","10","Multistate","Food","Salmonella enterica","Enteritidis","Confirmed",,"20","3","14","0","15","bean sprouts",,"Sprouts",,,
"2016","10","Illinois","Food","Salmonella enterica","I 4,[5],12:i:-","Confirmed","Private home/residence","7","3","7","0","7",,,,,,
"2016","10","Illinois","Food","Salmonella enterica","Newport","Confirmed","Festival/fair","62","3","21","0","21",,,,,,
"2016","10","California","Food","Salmonella enterica","I 4,[5],12:i:-","Confirmed","Restaurant: Sit-down dining","16","3","16","0","16",,,,,,
"2016","10","New York","Animal contact","Salmonella enterica","Typhimurium","Confirmed","Private home/residence","2","0","2","0","2",,,,,,"Lizard"
"2016","10","Multistate","Food","Salmonella enterica","Newport","Confirmed","Private home/residence","107","43","89","1","84","ground beef","ground beef","Beef",,,
"2016","11","South Carolina","Food","Salmonella enterica","Enteritidis","Confirmed","Caterer","87","2","78","0","87","salad",,"Multiple",,,
"2016","11","Alabama","Food","Salmonella enterica","Enteritidis","Confirmed","Caterer","70","20","64","0","64","Mashed Potatoes;rolls;green beans;garden salad;chicken","green beans;chicken","Multiple",,,
"2016","11","Pennsylvania","Indeterminate/unknown","Salmonella enterica","Enteritidis","Confirmed","Correctional/detention facility","147","1","48","0","48",,,,,,
"2016","11","Wisconsin","Indeterminate/unknown","Salmonella enterica","Enteritidis","Confirmed","Private home/residence","4","3","4","0","3",,,,,,
"2016","11","Iowa","Food","Salmonella enterica","Typhimurium","Confirmed","Camp","4","1","4","0","4",,,,,,
"2016","11","Kansas","Food","Salmonella enterica","I 4,[5],12:i:-","Confirmed","Long-term care/nursing home/assisted living facility","3","1","3","0","3",,,,,,
"2016","11","Texas","Food","Salmonella enterica","Senftenberg","Confirmed","Caterer;School/college/university","99","1","99","0","99",,,,,,
"2016","11","Michigan","Food","Salmonella enterica","Lomalinda","Confirmed","Restaurant: Fast-food (drive up service or pay at counter)","3","0","3","0","3",,,,,,
"2016","11","Florida","Food","Salmonella enterica","Oranienburg","Confirmed","Caterer","12","3","12","0","12",,,,,,
"2016","11","Indiana","Food","Salmonella enterica","Reading","Confirmed","Private home/residence","13","0","0","0","0","turkey","turkey","Turkey",,,
"2016","11","Michigan","Food","Salmonella enterica","Saintpaul","Confirmed","Restaurant: Sit-down dining;Other","33","13","29","0","33",,,,,,
"2016","11","Washington","Food","Salmonella enterica","Typhimurium","Confirmed","Restaurant: Sit-down dining","7","0","7","0","7","eggs, scrambled",,"Eggs",,,
"2016","11","Alabama","Food","Salmonella enterica","Saintpaul","Confirmed",,"4","1","4","0","4","cucumber",,"Seeded Vegetables",,,
"2016","11","Massachusetts","Food","Salmonella enterica","Enteritidis","Confirmed","Child daycare/preschool","40","2","7","0","7",,,,,,
"2016","11","Multistate","Food","Salmonella enterica","Newport","Confirmed",,"25","9","20","0","18",,,,,,
"2016","11","North Dakota","Indeterminate/unknown","Salmonella enterica","Agona","Confirmed","Private home/residence","7","1","7","0","7",,,,,,
"2016","11","Multistate","Food","Salmonella enterica","Montevideo","Confirmed","Grocery store/bakery/deli/convenience store","19","2","8","0","19",,,,,,
"2016","11","Vermont","Indeterminate/unknown","Salmonella enterica","I 4,[5],12:i:-","Confirmed","Private home/residence","3","0","3","0","3",,,,,,
"2016","11","California","Food","Salmonella enterica","Saintpaul","Confirmed","Restaurant: Sit-down dining","18","3","15","0","17",,,,,,
"2016","12","Missouri","Food","Salmonella enterica","Enteritidis","Confirmed","Office/indoor workplace","50","4","50","0","50",,,,,,
"2016","12","Utah","Food","Salmonella enterica","Saintpaul","Confirmed","Farm/dairy/agricultural setting","10","2","10","0","9","milk, unpasteurized","milk, unpasteurized","Dairy",,,
"2016","12","Multistate","Food","Salmonella enterica","Goldcoast","Confirmed","Private home/residence","16","5","15","0","13",,,,,,
"2016","12","California","Food","Salmonella enterica","Braenderup","Confirmed","Restaurant: Sit-down dining","5","0","3","0","4","eggs benedict","Sauces/ Dressings","Multiple",,,
"2016","12","Multistate","Food","Salmonella enterica","Anatum","Confirmed","Private home/residence","20","5","11","1","11","papaya","papaya","Fruits",,,
"2016","12","Washington","Food","Salmonella enterica","Dublin","Confirmed","Farm/dairy/agricultural setting","3","3","3","0","3","milk, unpasteurized","milk, unpasteurized","Dairy",,,
"2017","1","Pennsylvania","Person-to-person","Salmonella enterica","Stanley","Confirmed","Private home/residence","2","0","2","0","2",,,,,,
"2017","1","Wisconsin","Food","Salmonella enterica","Braenderup","Confirmed","Restaurant: Sit-down dining","7","2","7","0","7",,,,,,
"2017","1","Minnesota","Food","Salmonella enterica","Enteritidis","Confirmed","Private home/residence","6","1","6","0","6","kitfo","ground beef","Beef",,,
"2017","1","Multistate","Animal contact","Salmonella enterica","Enteritidis","Confirmed","Private home/residence;Agricultural feed store","193","45","161","0","156",,,,,,"Poultry"
"2017","1","Multistate","Animal contact","Salmonella enterica","Mbandaka","Confirmed","Private home/residence;Agricultural feed store","98","17","75","1","78",,,,,,"Poultry"
"2017","1","Washington","Food","Salmonella enterica","unknown","Suspected","Restaurant: Sit-down dining","2","0","2","0","2","chicken, teriyaki",,"Multiple",,,
"2017","1","New Hampshire","Animal contact","Salmonella enterica","Typhimurium","Confirmed","Private home/residence","2","2","2","0","2",,,,,,"Turtle"
"2017","1","Kansas","Indeterminate/unknown","Salmonella enterica","Kiambu","Confirmed","Long-term care/nursing home/assisted living facility","2","1","2","0","2",,,,,,
"2017","2","Texas","Indeterminate/unknown","Salmonella enterica","Infantis","Suspected","Private home/residence","3","0","3","0","3",,,,,,
"2017","2","Oklahoma","Food","Salmonella enterica","Enteritidis","Confirmed","Long-term care/nursing home/assisted living facility","9","2","9","1","9","eggs, over-easy",,"Eggs",,,
"2017","2","Minnesota","Food","Salmonella enterica","Enteritidis","Confirmed","Restaurant: Sit-down dining","6","2","6","0","6",,,,,,
"2017","2","Maryland","Person-to-person","Salmonella enterica","Typhimurium","Confirmed","Long-term care/nursing home/assisted living facility","6","2","5","0","6",,,,,,
"2017","2","North Carolina","Food","Salmonella enterica","Enteritidis","Confirmed","Restaurant: Sit-down dining","41","18","41","0","41",,,,,,
"2017","2","Connecticut","Food","Salmonella enterica","Thompson","Confirmed","Restaurant: Sit-down dining","19","0","19","0","19",,,,,,
"2017","2","Minnesota","Person-to-person","Salmonella enterica","Newport","Confirmed","Long-term care/nursing home/assisted living facility","3","1","3","1","3",,,,,,
"2017","2","Arizona","Food","Salmonella enterica","Livingstone","Confirmed","Restaurant: Sit-down dining","8","2","8","0","8",,,,,,
"2017","2","Multistate","Animal contact","Salmonella enterica","Braenderup","Confirmed","Private home/residence;Agricultural feed store","234","38","158","1","160",,,,,,"Poultry"
"2017","2","Multistate","Animal contact","Salmonella enterica","Hadar","Confirmed","Private home/residence;Agricultural feed store","210","64","166","0","172",,,,,,"Poultry"
"2017","2","Multistate","Animal contact","Salmonella enterica","Muenchen","Confirmed","Private home/residence;Agricultural feed store","11","5","9","0","9",,,,,,"Poultry"
"2017","2","California","Food","Salmonella enterica","Enteritidis","Confirmed","Restaurant: Sit-down dining;Restaurant: Fast-food (drive up service or pay at counter)","8","0","0","0","8","chicken","chicken","Chicken",,,
"2017","2","Multistate","Animal contact","Salmonella enterica","I 4,[5],12:i:-","Confirmed","Agricultural feed store;Private home/residence","43","11","39","0","39",,,,,,"Poultry"
"2017","2","California","Food","Salmonella enterica","Infantis","Confirmed","Caterer","66","0","66","0","66","chicken, smoked",,"Chicken",,,
"2017","3","Montana","Animal contact","Salmonella enterica","Typhimurium","Confirmed","Veterinary clinic;Private home/residence","2","1","2","0","2",,,,,,"Cattle"
"2017","3","South Carolina","Food","Salmonella enterica","Enteritidis","Confirmed","Restaurant: Sit-down dining","4","0","4","0","4","tuna sushi","tuna","Fish",,,
"2017","3","Pennsylvania","Food","Salmonella enterica","Berta","Confirmed","Restaurant: Sit-down dining","7","5","7","0","7",,,,,,
"2017","3","Multistate","Food","Salmonella enterica","I 4,[5],12:i:-","Confirmed","Grocery store/bakery/deli/convenience store","6","4","5","0","5","chicken",,"Chicken",,,
"2017","3","Multistate","Food","Salmonella enterica","Enteritidis","Confirmed","Unknown","151","31","125","0","125","romaine lettuce, unspecified",,"Vegetable Row Crops",,,
"2017","3","Multistate","Environmental contamination other than food/water","Salmonella enterica","Typhimurium","Confirmed","Other","29","6","22","0","22",,,,,,
"2017","3","Multistate","Food","Salmonella enterica","Braenderup","Confirmed","Unknown","55","18","50","0","51","papaya",,"Fruits",,,
"2017","3","Multistate","Food","Salmonella enterica","Chailey","Confirmed","Private home/residence","14","2","11","0","12","coconut meat","coconut","Fruits",,,
"2017","3","Ohio","Person-to-person","Salmonella enterica","Heidelberg","Confirmed","Shelter/group home/transitional housing","2","1","2","0","2",,,,,,
"2017","3","Colorado","Food","Salmonella enterica","Typhimurium","Confirmed","Restaurant: Sit-down dining","18","2","18","0","18","basil, unspecified","basil","Herbs",,,
"2017","3","Multistate","Animal contact","Salmonella enterica","Indiana","Confirmed","Agricultural feed store;Private home/residence","40","6","31","0","30",,,,,,"Poultry"
"2017","3","Multistate","Animal contact","Salmonella enterica","Infantis","Confirmed","Private home/residence;Agricultural feed store","23","5","16","0","16",,,,,,"Poultry"
"2017","3","Multistate","Animal contact","Salmonella enterica","Typhimurium","Confirmed","Private home/residence;Agricultural feed store","250","52","196","0","193",,,,,,"Poultry"
"2017","3","California","Food","Salmonella enterica","Newport","Confirmed","Restaurant: Sit-down dining","5","1","5","0","5",,,,,,
"2017","3","Multistate","Animal contact","Salmonella enterica","Agbeni","Confirmed","Private home/residence","76","30","63","0","63",,,,,,"Turtle"
"2017","3","Illinois","Person-to-person","Salmonella enterica","Enteritidis","Confirmed","Child daycare/preschool","2","1","2","0","2",,,,,,
"2017","3","Oregon","Food","Salmonella enterica","Javiana","Confirmed","Restaurant: Sit-down dining;Private home/residence","4","0","4","0","4",,,,,,
"2017","4","South Carolina","Food","Salmonella enterica","Enteritidis","Confirmed","Correctional/detention facility","23","5","23","0","23","ground turkey, unspecified","ground turkey","Turkey",,,
"2017","4","Missouri","Food","Salmonella enterica","Enteritidis","Confirmed","Restaurant: Sit-down dining;Unknown","40","4","40","0","40",,,,,,
"2017","4","Oklahoma","Food","Salmonella enterica","Litchfield","Confirmed","Private home/residence","15","4","15","0","15",,,,,,
"2017","4","Massachusetts","Animal contact","Salmonella enterica","Saintpaul","Confirmed","Private home/residence;Live animal market","4","0","3","0","4",,,,,,"Poultry"
"2017","4","Massachusetts","Food","Salmonella enterica","Typhimurium","Confirmed","Restaurant: Fast-food (drive up service or pay at counter)","9","2","9","0","7",,,,,,
"2017","4","Minnesota","Person-to-person","Salmonella enterica","I 4,[5],12:i:-","Confirmed","Child daycare/preschool","3","0","3","0","3",,,,,,
"2017","4","Texas","Indeterminate/unknown","Salmonella enterica","Adelaide","Suspected","Child daycare/preschool","5","1","5","0","5",,,,,,
"2017","4","Hawaii","Food","Salmonella enterica","Typhimurium","Confirmed","Restaurant: Sit-down dining","2","0","2","0","2",,,,,,
"2017","4","Pennsylvania","Food","Salmonella enterica","Typhimurium","Confirmed","Farm/dairy/agricultural setting","5","0","5","0","5","milk, whole milk unpasteurized",,"Dairy",,,
"2017","4","Massachusetts","Food","Salmonella enterica","Bareilly","Confirmed","Restaurant: Fast-food (drive up service or pay at counter)","4","0","4","0","4",,,,,,
"2017","4","Multistate","Food","Salmonella enterica","Newport","Confirmed","Unknown","14","3","9","0","9","mexican style cheese",,"Dairy",,,
"2017","4","West Virginia","Animal contact","Salmonella enterica","Typhi","Suspected","Private home/residence","2","0","2","0","2",,,,,,"Poultry"
"2017","4","Illinois","Food","Salmonella enterica","Enteritidis","Confirmed","Restaurant: Sit-down dining","11","1","11","0","11",,,,,,
"2017","4","Multistate","Food","Salmonella enterica","Paratyphi B var. L(+) tartrate +","Confirmed","Restaurant: Other","35","5","29","0","32","sushi, raw",,"Multiple",,,
"2017","4","Multistate","Animal contact","Salmonella enterica","Litchfield","Confirmed","Private home/residence;Agricultural feed store","18","6","17","0","16",,,,,,"Poultry"
"2017","4","Maryland","Food","Salmonella enterica","Typhimurium","Confirmed","Restaurant: Other","7","5","7","0","7",,,,,,
"2017","4","Pennsylvania","Food","Salmonella enterica","Typhimurium","Confirmed","Banquet Facility (food prepared and served on-site)","18","0","17","0","17",,,,,,
"2017","5","Nebraska","Food","Salmonella enterica","Thompson","Confirmed","Private home/residence","15","2","15","0","15",,,,,,
"2017","5","New Mexico","Food","Salmonella enterica","Enteritidis","Confirmed","Unknown","5","2","5","0","5","chicken",,"Chicken",,,
"2017","5","Tennessee","Animal contact","Salmonella enterica","Enteritidis","Confirmed","School/college/university","14","1","14","0","14",,,,,,"Poultry"
"2017","5","Indiana","Food","Salmonella enterica","Heidelberg","Confirmed","Restaurant: Sit-down dining","3","1","2","0","2",,,,,,
"2017","5","New York","Food","Salmonella enterica","I 4,[5],12:i:-","Confirmed","Long-term care/nursing home/assisted living facility","2","2","2","0","2",,,,,,
"2017","5","Georgia","Food","Salmonella enterica","Braenderup","Confirmed","Restaurant: Sit-down dining","4","2","4","0","4","steak","steak","Beef",,,
"2017","5","Michigan","Indeterminate/unknown","Salmonella enterica","Newport","Confirmed","Private home/residence","5","1","5","0","5",,,,,,
"2017","5","Michigan","Food","Salmonella enterica","Reading","Confirmed","Private home/residence;Restaurant: Fast-food (drive up service or pay at counter)","11","1","11","0","11",,,,,,
"2017","5","Pennsylvania","Indeterminate/unknown","Salmonella enterica","Enteritidis","Confirmed","Private home/residence","2","1","2","0","2",,,,,,
"2017","6","South Carolina","Food","Salmonella enterica","Enteritidis","Confirmed","Caterer","104","0","104","0","104","chicken","chicken","Chicken",,,
"2017","6","Ohio","Indeterminate/unknown","Salmonella enterica","Braenderup","Confirmed","Long-term care/nursing home/assisted living facility","43","0","0","0","0",,,,,,
"2017","6","Multistate","Animal contact","Salmonella enterica","Fluntern","Confirmed","Private home/residence","12","3","8","0","8",,,,,,"Lizard"
"2017","6","California","Food","Salmonella enterica","Infantis","Confirmed","Grocery store/bakery/deli/convenience store","11","2","10","0","11","BBQ, unspecified",,"Multiple",,,
"2017","6","Multistate","Food","Salmonella enterica","Montevideo","Confirmed","Unknown","23","5","18","0","20",,,,,,
"2017","6","New Mexico","Food","Salmonella enterica","Enteritidis","Confirmed","Other","3","0","3","0","3","chicken",,"Chicken",,,
"2017","6","Multistate","Food","Salmonella enterica","Newport","Confirmed","Unknown","20","5","17","0","17","watermelon",,"Fruits",,,
"2017","6","Nebraska","Food","Salmonella enterica","Enteritidis","Confirmed","Caterer","44","0","44","0","44","chicken dishes","chicken","Chicken",,,
"2017","6","Multistate","Food","Salmonella enterica","Infantis","Confirmed","Unknown","48","15","42","0","42","mango, unspecified",,"Fruits",,,
"2017","6","Kansas","Indeterminate/unknown","Salmonella enterica","Oranienburg","Confirmed","Unknown","4","0","4","0","4",,,,,,
"2017","6","Hawaii","Indeterminate/unknown","Salmonella enterica","Mbandaka","Confirmed","Private home/residence","3","0","2","0","3",,,,,,
"2017","6","Nevada","Indeterminate/unknown","Salmonella enterica","I 4,[5],12:i:-","Suspected","Private home/residence","4","0","4","0","4",,,,,,
"2017","6","North Carolina","Food","Salmonella enterica","Infantis","Confirmed","Restaurant: Sit-down dining","7","2","7","0","7",,,,,,
"2017","6","Oklahoma","Food","Salmonella enterica","Panama","Confirmed","Restaurant: Fast-food (drive up service or pay at counter)","5","2","5","0","5",,,,,,
"2017","6","Texas","Food","Salmonella enterica","Typhimurium","Confirmed","Private home/residence","11","4","5","1","11",,,,,,
"2017","6","Michigan","Food","Salmonella enterica","Enteritidis","Confirmed","Private home/residence;Restaurant: Sit-down dining","8","1","8","0","8","eggs, unspecified","egg","Eggs",,,
"2017","6","Oregon","Food","Salmonella enterica","Typhimurium","Confirmed","Private home/residence;Festival/fair;Restaurant: Other","8","0","8","0","8",,,,,,
"2017","6","Oregon","Food","Salmonella enterica","Weltevreden","Confirmed","Restaurant: Sit-down dining","2",,"2",,"2",,,,,,
"2017","6","Vermont","Food","Salmonella enterica","Enteritidis","Confirmed","Banquet Facility (food prepared and served on-site);Caterer","4","1","4","0","4",,,,,,
"2017","6","Kansas","Indeterminate/unknown","Salmonella enterica","Typhimurium","Confirmed","Long-term care/nursing home/assisted living facility","3","1","3","0","3",,,,,,
"2017","6","Pennsylvania","Person-to-person","Salmonella enterica","Enteritidis","Confirmed","Unknown","2","2","2","0","2",,,,,,
"2017","7","Tennessee","Food","Salmonella enterica","Typhimurium","Confirmed","Restaurant: Buffet","4","2","4","0","4",,,,,,
"2017","7","Minnesota","Food","Salmonella enterica","I 4,[5],12:i:-","Confirmed","Restaurant: Fast-food (drive up service or pay at counter)","2","0","2","0","2","tuna salad",,"Multiple",,,
"2017","7","Pennsylvania","Food","Salmonella enterica","Newport","Confirmed","Private home/residence","13","0","13","0","13","watermelon",,"Fruits",,,
"2017","7","South Carolina","Food","Salmonella enterica","Newport","Suspected","Private home/residence","7","0","7","0","7","pork, BBQ","pork","Pork",,,
"2017","7","Ohio","Person-to-person","Salmonella enterica","Enteritidis","Suspected","Other","11","1","11","0","11",,,,,,
"2017","7","New York","Food","Salmonella enterica","Heidelberg","Confirmed","Caterer","32","6","28","0","32","roast beef","beef","Beef",,,
"2017","7","Georgia","Indeterminate/unknown","Salmonella enterica","Newport","Confirmed","Child daycare/preschool","3","0","3","0","3",,,,,,
"2017","7","New York","Food","Salmonella enterica","Typhimurium","Confirmed","Restaurant: Sit-down dining","10","1","10","0","10","Pulled Pork","pork","Pork",,,
"2017","7","New York","Food","Salmonella enterica","Thompson","Confirmed","Restaurant: Sit-down dining","5","1","5","0","5",,,,,,
"2017","7","Multistate","Food","Salmonella enterica","Javiana","Confirmed","Unknown","27","4","20","0","19","Leafy Greens",,"Vegetable Row Crops",,,
"2017","7","California","Food","Salmonella enterica","Thompson","Confirmed","Restaurant: Fast-food (drive up service or pay at counter)","16","1","16","0","16",,,,,,
"2017","7","Massachusetts","Indeterminate/unknown","Salmonella enterica","Typhimurium","Confirmed","Camp","2","0","2","0","2",,,,,,
"2017","7","Washington","Food","Salmonella enterica","Subspecies I","Confirmed","Private home/residence","5","0","5","0","5","whole pig",,"Pork",,,
"2017","7","Illinois","Food","Salmonella enterica","Schwarzengrund","Confirmed","Restaurant: Fast-food (drive up service or pay at counter)","30","11","30","1","30","pork rib tips",,"Pork",,,
"2017","7","California","Food","Salmonella enterica","Enteritidis","Confirmed","Private home/residence","6","1","6","0","6","pasta salad","shrimp","Crustaceans",,,
"2017","7","Colorado","Food","Salmonella enterica","Enteritidis","Suspected","Restaurant: Sit-down dining","2","0","2","0","2",,,,,,
"2017","7","Multistate","Food","Salmonella enterica","Urbana","Confirmed","Unknown","7","4","7","0","7","papaya",,"Fruits",,,
"2017","7","Rhode Island","Food","Salmonella enterica","Enteritidis","Confirmed","Restaurant: Other","8","0","8","0","8","Chicken Ceasar Salad;chicken salad sandwich;grilled chicken salad","chicken","Chicken",,,
"2017","7","North Carolina","Food","Salmonella enterica","Javiana","Confirmed","Private home/residence","7","1","7","0","7",,,,,,
"2017","7","Pennsylvania","Food","Salmonella enterica","Javiana","Confirmed","Unknown","24","6","19","0","24","salsa",,"N/A",,,
"2017","7","Multistate","Food","Salmonella enterica","Heidelberg","Confirmed","Unknown","17","7","12","0","14",,,,,,
"2017","7","Illinois","Food","Salmonella enterica","Newport","Suspected","Restaurant: Sit-down dining","2","0","2","0","2",,,,,,
"2017","7","Michigan","Food","Salmonella enterica","Enteritidis","Confirmed","Restaurant: Sit-down dining","4","3","4","0","4","Tiramisu","egg","Eggs",,,
"2017","7","Florida","Person-to-person","Salmonella enterica","Enteritidis","Confirmed","Correctional/detention facility","3","0","3","0","3",,,,,,
"2017","7","Wisconsin","Food","Salmonella enterica","Thompson","Confirmed","Farm/dairy/agricultural setting","21","0","21","0","21","peas","peas","Seeded Vegetables",,,
"2017","7","Nebraska","Food","Salmonella enterica","Enteritidis","Confirmed","Restaurant: Sit-down dining","51","2","51","0","51",,,,,,
"2017","7","Massachusetts","Indeterminate/unknown","Salmonella enterica","Typhimurium","Suspected","Child daycare/preschool","8","0","8","0","8",,,,,,
"2017","7","Kansas","Indeterminate/unknown","Salmonella enterica","Montevideo","Confirmed","Unknown","2","1","2","0","2",,,,,,
"2017","8","California","Food","Salmonella enterica","Newport","Confirmed","Restaurant: Fast-food (drive up service or pay at counter);Restaurant: Sit-down dining","8","3","8","0","8",,,,,,
"2017","8","Washington","Food","Salmonella enterica","I 4,[5],12:i:-","Confirmed","Grocery store/bakery/deli/convenience store","7","1","7","0","7",,,,,,
"2017","8","Maine","Indeterminate/unknown","Salmonella enterica","Javiana","Confirmed","Unknown","3","0","3","0","3",,,,,,
"2017","8","Idaho","Animal contact","Salmonella enterica","I 4,[5],12:i:-","Confirmed","Other","2","0","2","0","2",,,,,,"Other"
"2017","8","Utah","Indeterminate/unknown","Salmonella enterica","Infantis","Suspected","Other","4","0","1","0","4",,,,,,
"2017","8","Washington","Food","Salmonella enterica","Braenderup","Confirmed","Restaurant: Sit-down dining","7","1","7","0","7","ribs, beef",,"Beef",,,
"2017","8","Tennessee","Food","Salmonella enterica","Newport","Confirmed","Restaurant: Other","6","0","6","0","6",,,,,,
"2017","8","Michigan","Food","Salmonella enterica","Paratyphi B","Confirmed","Restaurant: Other","2","1","2","0","2",,,,,,
"2017","8","Kentucky","Food","Salmonella enterica","Javiana","Confirmed","Restaurant: Sit-down dining","5","1","5","0","5",,,,,,
"2017","8","Nebraska","Animal contact","Salmonella enterica","I 4,[5],12:i:-","Suspected","Festival/Fair","4","0","4","0","4",,,,,,"Pig"
"2017","8","Minnesota","Food","Salmonella enterica","Heidelberg","Confirmed","Restaurant: Fast-food (drive up service or pay at counter)","44","8","44","1","44",,,,,,
"2017","8","Oregon","Food","Salmonella enterica","Newport","Confirmed","Restaurant: Sit-down dining","3","2","3","0","3",,,,,,
"2017","8","Wisconsin","Animal contact","Salmonella enterica","I 4,[5],12:i:-","Confirmed","Festival/Fair","6","1","6","0","6",,,,,,"Other"
"2017","8","South Carolina","Food","Salmonella enterica","Javiana","Confirmed","Private home/residence","5","2","5","1","5",,,,,,
"2017","8","Wisconsin","Food","Salmonella enterica","Typhimurium","Confirmed","Private home/residence","6","1","6","0","6","burrito, pork","pork","Pork",,,
"2017","8","Minnesota","Person-to-person","Salmonella enterica","I 4,[5],12:i:-","Confirmed","Long-term care/nursing home/assisted living facility","11","2","11","0","11",,,,,,
"2017","8","Texas","Environmental contamination other than food/water","Salmonella enterica","unknown","Confirmed","Child daycare/preschool","2","1","2","0","2",,,,,,
"2017","8","Pennsylvania","Indeterminate/unknown","Salmonella enterica","Enteritidis","Confirmed","Private home/residence","2","0","2","0","2",,,,,,
"2017","9","Colorado","Indeterminate/unknown","Salmonella enterica","Typhimurium","Confirmed","Child daycare/preschool","23","0","23","0","23",,,,,,
"2017","9","Idaho","Food","Salmonella enterica","Typhimurium","Suspected","Private home/residence","3","0","3","0","3","hamburger","beef","Beef",,,
"2017","9","Tennessee","Food","Salmonella enterica","Enteritidis","Confirmed","Restaurant: Sit-down dining","2","1","2","0","2",,,,,,
"2017","9","South Carolina","Person-to-person","Salmonella enterica","Javiana","Suspected","Child daycare/preschool","23","0","23","0","23",,,,,,
"2017","9","Ohio","Food","Salmonella enterica","Typhi","Confirmed","Caterer","28","14","28","0","28",,,,,,
"2017","9","Multistate","Indeterminate/unknown","Salmonella enterica","Javiana","Confirmed","Other","7","0","3","0","3",,,,,,
"2017","9","Massachusetts","Food","Salmonella enterica","Saintpaul","Confirmed","Restaurant: Sit-down dining","2","1","2","0","2",,,,,,
"2017","9","Idaho","Food","Salmonella enterica","Enteritidis","Confirmed","Restaurant: Sit-down dining","6","2","6","0","6",,,,,,
"2017","9","Texas","Indeterminate/unknown","Salmonella enterica","Newport","Confirmed","Other","4","2","4","0","4",,,,,,
"2017","9","Illinois","Food","Salmonella enterica","Heidelberg","Confirmed","Restaurant: Other","3","0","3","0","3",,,,,,
"2017","9","California","Food","Salmonella enterica","Braenderup","Confirmed","Restaurant: Sit-down dining","7","1","6","0","7","burrito, unspecified",,"Multiple",,,
"2017","9","Multistate","Food","Salmonella enterica","Typhimurium","Confirmed","Unknown","14","3","12","0","13","dried coconut","coconut","Fruits",,,
"2017","9","Minnesota","Person-to-person","Salmonella enterica","Typhimurium","Confirmed","Child daycare/preschool","2","0","2","0","2",,,,,,
"2017","9","Washington","Food","Salmonella enterica","Subspecies I","Confirmed","Private home/residence","4","0","4","0","4","whole pig",,"Pork",,,
"2017","9","North Dakota","Indeterminate/unknown","Salmonella enterica","Oranienburg","Confirmed","Religious facility","3","2","3","0","3",,,,,,
"2017","9","North Carolina","Food","Salmonella enterica","Enteritidis","Confirmed","Religious facility","4","0","4","0","4",,,,,,
"2017","9","Missouri","Food","Salmonella enterica","Heidelberg","Confirmed","Restaurant: Other;Grocery store/bakery/deli/convenience store;Private home/residence","35","10","32","0","35",,,,,,
"2017","9","Multistate","Food","Salmonella enterica","I 4,[5],12:i:-","Confirmed","Private home/residence","25","11","22","1","25","chicken","chicken","Chicken",,,
"2017","9","Multistate","Environmental contamination other than food/water","Salmonella enterica","Typhimurium","Confirmed","School/college/university","29","5","29","0","29",,,,,,
"2017","10","Virginia","Food","Salmonella enterica","Heidelberg","Confirmed","Restaurant: Sit-down dining","33","9","33","0","33","chicken, pulled",,"Chicken",,,
"2017","10","Massachusetts","Indeterminate/unknown","Salmonella enterica","Enteritidis","Suspected","School/college/university","5","1","5","0","5",,,,,,
"2017","10","Wisconsin","Food","Salmonella enterica","Enteritidis","Confirmed","Restaurant: Sit-down dining","15","3","15","0","15","Pastries","egg","Eggs",,,
"2017","10","Wisconsin","Food","Salmonella enterica","Enteritidis","Confirmed","Restaurant: Sit-down dining","18","1","18","0","18","kabobs, chicken","chicken","Chicken",,,
"2017","10","Wyoming","Person-to-person","Salmonella enterica","other","Confirmed","Child daycare/preschool","28","2","28","0","28",,,,,,
"2017","10","Texas","Indeterminate/unknown","Salmonella enterica","Anatum","Confirmed","Long-term care/nursing home/assisted living facility","7","1","7","0","7",,,,,,
"2017","10","Pennsylvania","Person-to-person","Salmonella enterica","Oranienburg","Suspected","Private home/residence","2","0","2","0","2",,,,,,
"2017","10","Multistate","Food","Salmonella enterica","Newport","Confirmed","Unknown","24","6","21","1","21","melon, unspecified",,"Fruits",,,
"2017","10","Utah","Food","Salmonella enterica","Typhimurium","Confirmed","Farm/dairy/agricultural setting","3","1","3","0","3","Raw Milk",,"Dairy",,,
"2017","10","Washington","Environmental contamination other than food/water","Salmonella enterica","Typhimurium","Confirmed","School/college/university","21","0","21","0","21",,,,,,
"2017","11","Multistate","Food","Salmonella enterica","Reading","Confirmed","Unknown","358","133","302","1","302","turkey",,"Turkey",,,
"2017","11","New York","Food","Salmonella enterica","Thompson","Confirmed","Private home/residence","4","3","4","0","4",,,,,,
"2017","11","Texas","Food","Salmonella enterica","Infantis","Confirmed","Private home/residence","5","0","0","0","0","chicken and rice",,"Multiple",,,
"2017","11","Pennsylvania","Indeterminate/unknown","Salmonella enterica","Subspecies I","Confirmed","Private home/residence","2","2","2","0","2",,,,,,
"2017","11","Wyoming","Food","Salmonella enterica","Newport","Confirmed","Other","3","2","3","0","3",,,,,,
"2017","11","Georgia","Food","Salmonella enterica","Enteritidis","Confirmed","Caterer","557","7","557","0","557","turkey;gravy","turkey","Turkey",,,
"2017","11","Oregon","Food","Salmonella enterica","Enteritidis","Confirmed","Restaurant: Sit-down dining","4","0","4","0","4",,,,,,
"2017","11","Alaska","Indeterminate/unknown","Salmonella enterica","Newport","Confirmed","Private home/residence","4","0","4","0","4",,,,,,
"2017","11","Iowa","Food","Salmonella enterica","Montevideo","Confirmed","Restaurant: Buffet","18","1","11","0","18",,,,,,
"2017","11","Pennsylvania","Person-to-person","Salmonella enterica","Typhimurium var Cope","Confirmed","Private home/residence","3","0","3","0","3",,,,,,
"2017","11","Colorado","Food","Salmonella enterica","I 4,[5],12:i:-","Confirmed","Restaurant: Other","33","3","33","1","33","Taco combo meal",,"Multiple",,,
"2017","11","Kansas","Indeterminate/unknown","Salmonella enterica","Agona","Confirmed","Unknown","4","1","4","1","4",,,,,,
"2017","11","Multistate","Food","Salmonella enterica","Braenderup","Confirmed","Private home/residence;Restaurant: Sit-down dining","45","11","41","0","41","shell eggs","egg","Eggs",,,
"2017","12","Minnesota","Person-to-person","Salmonella enterica","Infantis","Confirmed","Child daycare/preschool","11","2","11","0","11",,,,,,
"2017","12","Texas","Food","Salmonella enterica","Typhimurium","Confirmed","Unknown","2","0","1","0","1","poultry, unspecified",,"N/A",,,
"2017","12","Pennsylvania","Indeterminate/unknown","Salmonella enterica","Stanley","Confirmed","Private home/residence","2","0","2","0","2",,,,,,
"2017","12","Oregon","Food","Salmonella enterica","Newport","Confirmed","Grocery store/bakery/deli/convenience store","7","2","7","0","7",,,,,,
"2017","12","California","Food","Salmonella enterica","Anatum","Confirmed","Office/indoor workplace","4","0","3","0","4","sandwich, chicken","chicken","Chicken",,,
"2017","12","Wisconsin","Food","Salmonella enterica","Newport","Confirmed","Private home/residence","3","2","3","0","3","ground beef, raw","ground beef","Beef",,,
"2018","1","Multistate","Food","Salmonella enterica","Norwich","Confirmed","Unknown","30","7","25","0","25",,,,,,
"2018","1","Minnesota","Food","Salmonella enterica","Enteritidis","Confirmed","Restaurant: Sit-down dining","16","3","16","0","16","smoked chicken","chicken","Chicken",,,
"2018","1","Pennsylvania","Indeterminate/unknown","Salmonella enterica","Newport","Suspected","Private home/residence","2","0","2","0","2",,,,,,
"2018","1","Texas","Indeterminate/unknown","Salmonella enterica","unknown","Suspected","Private home/residence","2","0","2","0","2",,,,,,
"2018","1","Florida","Food","Salmonella enterica","Enteritidis","Confirmed","Restaurant: Sit-down dining","2","2","2","0","2","turkey and stuffing","turkey;Stuffing","Multiple",,,
"2018","1","Utah","Food","Salmonella enterica","Newport","Confirmed","Restaurant: Sit-down dining","15","1","15","0","15",,,,,,
"2018","1","Multistate","Food","Salmonella enterica","Oranienburg","Confirmed","Unknown","79","24","69","0","70",,,,,,
"2018","1","Multistate","Food","Salmonella enterica","Typhimurium","Confirmed","Other","265","94","259","1","262","chicken salad",,"Multiple",,,
"2018","1","Texas","Indeterminate/unknown","Salmonella enterica","Oranienburg","Confirmed","School/college/university","9","0","9","0","9",,,,,,
"2018","1","Multistate","Food","Salmonella enterica","Infantis","Confirmed","Long-term care/nursing home/assisted living facility;Hospital;Private home/residence;Restaurant: Other","129","25","87","1","87","chicken",,"Chicken",,,
"2018","1","Multistate","Food","Salmonella enterica","Adelaide","Confirmed","Private home/residence","19","1","18","0","18","pork",,"Pork",,,
"2018","1","New Mexico","Food","Salmonella enterica","Enteritidis","Confirmed","Restaurant: Sit-down dining","2","2","2","0","2","chicken","chicken","Chicken",,,
"2018","1","Illinois","Food","Salmonella enterica","Saintpaul","Confirmed","Private home/residence;Caterer","5","0","5","0","5",,,,,,
"2018","1","Multistate","Food","Salmonella enterica","Montevideo","Confirmed","Private home/residence","7","1","7","0","7","frozen waffles",,"Multiple",,,
"2018","2","Multistate","Animal contact","Salmonella enterica","Enteritidis","Confirmed","Agricultural feed store;Private home/residence","55","8","39","0","39",,,,,,"Poultry"
"2018","2","Texas","Food","Salmonella enterica","unknown","Suspected","Caterer","2",,"0",,"0",,,,,,
"2018","2","New York","Food","Salmonella enterica","Saintpaul","Confirmed","Restaurant: Fast-food (drive up service or pay at counter)","6","0","5","0","5",,,,,,
"2018","2","Colorado","Food","Salmonella enterica","Ohio","Confirmed","Private home/residence;Restaurant: Sit-down dining;Caterer","161","7","40","0","161","beans, refried and pinto;salsa, tomatillo",,"Multiple",,,
"2018","2","Maryland","Food","Salmonella enterica","Enteritidis","Confirmed","Restaurant: Sit-down dining","8","2","8","0","8",,,,,,
"2018","3","Kansas","Food","Salmonella enterica","Enteritidis","Confirmed","Restaurant: Sit-down dining","9","3","9","0","9",,,,,,
"2018","3","Illinois","Food","Salmonella enterica","London","Confirmed","Restaurant: Sit-down dining","14","1","6","0","2","duck, unspecified",,"Other Poultry",,,
"2018","3","California","Food","Salmonella enterica","Enteritidis","Confirmed","Banquet Facility (food prepared and served on-site)","9","3","9","0","9","chicken, other",,"Chicken",,,
"2018","3","Alabama","Animal contact","Salmonella enterica","Enteritidis","Confirmed","Private home/residence;Agricultural feed store","4","2","4","0","4",,,,,,"Poultry"
"2018","3","Multistate","Food","Salmonella enterica","Montevideo","Confirmed","Unknown","115","24","93","0","94",,,,,,
"2018","3","Multistate","Food","Salmonella enterica","Newport","Confirmed","Restaurant: Other;Private home/residence","41","9","36","0","36","alfalfa sprouts",,"Sprouts",,,
"2018","3","Multistate","Animal contact","Salmonella enterica","Indiana","Confirmed","Private home/residence;Agricultural feed store","15","0","9","0","9",,,,,,"Poultry"
"2018","3","Multistate","Animal contact","Salmonella enterica","Montevideo","Confirmed","Agricultural feed store;Private home/residence","29","8","25","0","25",,,,,,"Poultry"
"2018","3","Multistate","Food","Salmonella enterica","Mbandaka","Confirmed","Private home/residence","136","35","102","0","103","cereal, puffed wheat",,"Grains-beans",,,
"2018","3","Pennsylvania","Food","Salmonella enterica","Enteritidis","Confirmed","Restaurant: Sit-down dining","5","2","5","0","5",,,,,,
"2018","3","Massachusetts","Food","Salmonella enterica","Infantis","Confirmed","Long-term care/nursing home/assisted living facility","2","0","2","0","2",,,,,,
"2018","4","Florida","Indeterminate/unknown","Salmonella enterica","Enteritidis","Suspected","Private home/residence","2","0","2","0","2",,,,,,
"2018","4","Texas","Animal contact","Salmonella enterica","Braenderup","Suspected","Private home/residence","2",,"0",,"0",,,,,,"Poultry"
"2018","4","Texas","Indeterminate/unknown","Salmonella enterica","Typhimurium","Suspected","Unknown","2","0","0","0","0",,,,,,
"2018","4","Texas","Indeterminate/unknown","Salmonella enterica","Newport","Confirmed","Unknown","2","0","0","0","0",,,,,,
"2018","4","Pennsylvania","Food","Salmonella enterica","Durham","Confirmed","Private home/residence","7","3","7","0","7","Chicke stew with rice",,"Multiple",,,
"2018","4","Texas","Food","Salmonella enterica","Enteritidis","Confirmed","Unknown","2","2","2","0","2","eggs ham and beans",,"Multiple",,,
"2018","4","Texas","Food","Salmonella enterica","Enteritidis","Confirmed","Restaurant: Buffet","2","0","2","0","2",,,,,,
"2018","4","Arizona","Food","Salmonella enterica","Javiana","Confirmed","Unknown","2","1","2","0","2",,,,,,
"2018","4","Texas","Food","Salmonella enterica","unknown","Suspected","Restaurant: Sit-down dining","2","0","0","0","0","Caesar/House salad","egg","Eggs",,,
"2018","4","Texas","Person-to-person","Salmonella enterica","Oranienburg","Suspected","Unknown","4","1","4","0","4",,,,,,
"2018","4","Hawaii","Indeterminate/unknown","Salmonella enterica","Berta","Suspected","Long-term care/nursing home/assisted living facility","5","0","5","0","5",,,,,,
"2018","4","Pennsylvania","Indeterminate/unknown","Salmonella enterica","Heidelberg","Confirmed","Private home/residence","2","0","2","0","2",,,,,,
"2018","4","Wisconsin","Food","Salmonella enterica","Typhimurium","Confirmed","Unknown","9","0","8","0","9",,,,,,
"2018","4","Minnesota","Food","Salmonella enterica","Infantis","Confirmed","Restaurant: Sit-down dining","2","0","2","0","2",,,,,,
"2018","4","Ohio","Animal contact","Salmonella enterica","I 4,[5],12:i:-","Confirmed","Farm/dairy/agricultural setting","2","0","2","0","2",,,,,,"Pig"
"2018","4","Arizona","Food","Salmonella enterica","Oranienburg","Confirmed","Private home/residence","9","2","9","0","9",,,,,,
"2018","4","Multistate","Food","Salmonella enterica","Adelaide","Confirmed","Other","77","36","70","1","70","melon, unspecified",,"Fruits",,,
"2018","4","Florida","Food","Salmonella enterica","Enteritidis","Confirmed","Other","51","2","37","0","37","CHICKEN MARSALA","tomato;mushrooms;chicken","Multiple",,,
"2018","4","Montana","Indeterminate/unknown","Salmonella enterica","Typhimurium","Confirmed","Event space","3","1","3","0","3",,,,,,
"2018","4","Minnesota","Person-to-person","Salmonella enterica","Enteritidis","Confirmed","Child daycare/preschool","2","1","2","0","2",,,,,,
"2018","4","Michigan","Food","Salmonella enterica","Newport","Confirmed","Unknown","8","7","8","1","8",,,,,,
"2018","4","Multistate","Animal contact","Salmonella enterica","Montevideo","Confirmed","Agricultural feed store;Private home/residence","38","4","28","0","27",,,,,,"Poultry"
"2018","4","Massachusetts","Person-to-person","Salmonella enterica","Bareilly","Suspected","School/college/university","27","0","1","0","1",,,,,,
"2018","4","Multistate","Food","Salmonella enterica","Saintpaul","Confirmed","Unknown","258","51","175","0","175",,,,,,
"2018","4","Multistate","Food","Salmonella enterica","Concord","Confirmed","Restaurant: Fast-food (drive up service or pay at counter)","6","0","6","0","6","tahini","tahini","Nuts-seeds",,,
"2018","4","Multistate","Food","Salmonella enterica","Braenderup","Confirmed","Restaurant: Sit-down dining","13","2","12","0","13","shell eggs",,"Eggs",,,
"2018","4","California","Food","Salmonella enterica","Infantis","Confirmed","Unknown","54","14","35","0","35",,,,,,
"2018","4","Illinois","Food","Salmonella enterica","Enteritidis","Confirmed","Correctional/detention facility","22","0","22","0","22","meatballs","rice;gravy, chicken","Multiple",,,
"2018","4","Multistate","Animal contact","Salmonella enterica","Offa","Confirmed","Child daycare/preschool;Private home/residence","3","0","1","0","1",,,,,,"Lizard"
"2018","5","Ohio","Food","Salmonella enterica","Braenderup","Suspected","Restaurant: Sit-down dining","3","0","3","0","3",,,,,,
"2018","5","Multistate","Food","Salmonella enterica","Newport","Confirmed","Unknown","221","54","158","1","221","latin style soft cheese;beef",,"Multiple",,,
"2018","5","Multistate","Food","Salmonella enterica","Typhimurium","Confirmed","Unknown","119","29","84","0","79",,,,,,
"2018","5","Multistate","Food","Salmonella enterica","Braenderup","Confirmed","Restaurant: Sit-down dining","18","3","12","0","11","sushi",,"Multiple",,,
"2018","5","Multistate","Food","Salmonella enterica","Enteritidis","Confirmed","Restaurant: Other","45","12","37","0","37","shell eggs",,"Eggs",,,
"2018","5","Multistate","Food","Salmonella enterica","Typhimurium","Confirmed","Unknown","85","22","37","0","59","chicken",,"Chicken",,,
"2018","5","Kentucky","Food","Salmonella enterica","Saintpaul","Confirmed","Restaurant: Sit-down dining","5","0","0","0","0",,,,,,
"2018","5","Pennsylvania","Animal contact","Salmonella enterica","Agbeni","Confirmed","Private home/residence","14","4","8","0","6",,,,,,"Turtle"
"2018","5","Kansas","Food","Salmonella enterica","Enteritidis","Confirmed","Private home/residence","9","3","8","0","8","Leafy Greens",,"Vegetable Row Crops",,,
"2018","5","Colorado","Indeterminate/unknown","Salmonella enterica","Newport","Confirmed","Private home/residence","3","1","3","0","3",,,,,,
"2018","5","Texas","Indeterminate/unknown","Salmonella enterica","Infantis","Suspected","Private home/residence","2","0","2","0","2",,,,,,
"2018","5","Iowa","Food","Salmonella enterica","Brandenburg","Confirmed","Private home/residence","3","1","3","0","3",,,,,,
"2018","5","Utah","Food","Salmonella enterica","Typhimurium","Suspected","Restaurant: Buffet","3","0","3","0","3","lettuce","lettuce","Vegetable Row Crops",,,
"2018","5","Pennsylvania","Food","Salmonella enterica",,"Suspected","Restaurant: Fast-food (drive up service or pay at counter)","2","0","2","0","2",,,,,,
"2018","5","New Mexico","Food","Salmonella enterica","Typhimurium","Confirmed","Restaurant: Fast-food (drive up service or pay at counter)","2","1","2","0","2",,,,,,
"2018","5","Texas","Food","Salmonella enterica","unknown","Suspected","Unknown","2","0","0","0","0",,,,,,
"2018","5","Multistate","Food","Salmonella enterica","Enteritidis","Confirmed","Private home/residence","13","8","13","0","13","Chicken, Frozen breaded","chicken","Chicken",,,
"2018","5","Texas","Food","Salmonella enterica","unknown","Suspected","Private home/residence","5","0","5","0","5","avocado, unspecified",,"Fruits",,,
"2018","5","Pennsylvania","Indeterminate/unknown","Salmonella enterica","Enteritidis","Confirmed","Private home/residence","2","0","2","0","2",,,,,,
"2018","6","North Carolina","Indeterminate/unknown","Salmonella enterica","Saintpaul","Confirmed","Camp","24","0","24","0","24",,,,,,
"2018","6","Texas","Indeterminate/unknown","Salmonella enterica","unknown","Suspected","Unknown","2","0","2","0","2",,,,,,
"2018","6","Texas","Indeterminate/unknown","Salmonella enterica","unknown","Suspected","Unknown","2","0","2","0","2",,,,,,
"2018","6","Texas","Food","Salmonella enterica","Saintpaul","Suspected","Private home/residence","6","0","6","0","6",,,,,,
"2018","6","Idaho","Animal contact","Salmonella enterica","Stanley","Confirmed","Child daycare/preschool","3","0","3","0","3",,,,,,"Snake"
"2018","6","New York","Food","Salmonella enterica","Typhimurium","Confirmed","Restaurant: Sit-down dining","51","10","50","0","51",,,,,,
"2018","6","Multistate","Food","Salmonella enterica","Braenderup","Confirmed","Unknown","16","8","13","0","12",,,,,,
"2018","6","Multistate","Food","Salmonella enterica","Blockley","Confirmed","Banquet Facility (food prepared and served on-site);Private home/residence","51","7","30","0","37","chicken, raw","chicken","Chicken",,,
"2018","6","California","Food","Salmonella enterica","Enteritidis","Suspected","Restaurant: Sit-down dining","2","0","2","0","2",,,,,,
"2018","6","California","Food","Salmonella enterica","Enteritidis","Suspected","Restaurant: Sit-down dining","3","0","3","0","3",,,,,,
"2018","6","Multistate","Food","Salmonella enterica","Agbeni","Confirmed","Unknown","7","0","6","0","6","Cake mix",,"Multiple",,,
"2018","6","Illinois","Food","Salmonella enterica","Typhi","Confirmed","Private home/residence","4","2","4","0","4",,,,,,
"2018","6","Pennsylvania","Food","Salmonella enterica","Berta","Confirmed","Other healthcare facility","3","0","3","0","3",,,,,,
"2018","6","New Mexico","Food","Salmonella enterica","Newport","Confirmed","Private home/residence","4","0","4","0","4","beef","beef","Beef",,,
"2018","6","Michigan","Food","Salmonella enterica","Enteritidis","Confirmed","Restaurant: Sit-down dining","23","4","23","0","23",,,,,,
"2018","6","Multistate","Food","Salmonella enterica","Bareilly","Confirmed","Unknown","16","2","10","0","10",,,,,,
"2018","6","Iowa","Food","Salmonella enterica","Enteritidis","Confirmed","Restaurant: Sit-down dining","2","0","2","0","2",,,,,,
"2018","6","Multistate","Food","Salmonella enterica","Saintpaul","Confirmed","Unknown","23","5","15","0","15",,,,,,
"2018","6","Multistate","Food","Salmonella enterica","Typhimurium","Confirmed","Unknown","2","0","1","0","1","Whey powder",,"Dairy",,,
"2018","6","Multistate","Food","Salmonella enterica","Typhimurium","Confirmed","Unknown","6","2","6","0","6",,,,,,
"2018","6","Multistate","Food","Salmonella enterica","Newport","Confirmed","Unknown","26","11","25","0","25","frozen pizza",,"Multiple",,,
"2018","6","Georgia","Indeterminate/unknown","Salmonella enterica","Newport","Confirmed","Child daycare/preschool","6","0","6","0","6",,,,,,
"2018","6","Pennsylvania","Person-to-person","Salmonella enterica","Enteritidis","Confirmed","Long-term care/nursing home/assisted living facility","28","0","28","0","28",,,,,,
"2018","6","Multistate","Food","Salmonella enterica","Berta","Confirmed","Unknown","7","2","7","0","7",,,,,,
"2018","6","Texas","Indeterminate/unknown","Salmonella enterica","unknown","Suspected","Private home/residence","2","0","2","0","2",,,,,,
"2018","6","Arizona","Food","Salmonella enterica","Heidelberg","Confirmed","Restaurant: Buffet","2","0","2","0","2","chicken, raw","chicken","Chicken",,,
"2018","6","Minnesota","Food","Salmonella enterica","Enteritidis","Confirmed","Restaurant: Buffet","32","7","32","1","32",,,,,,
"2018","6","South Carolina","Food","Salmonella enterica","Heidelberg","Confirmed","Restaurant: Other","8","6","7","0","8",,,,,,
"2018","6","Pennsylvania","Indeterminate/unknown","Salmonella enterica","Enteritidis","Confirmed","Private home/residence","2","0","2","0","2",,,,,,
"2018","6","Washington","Food","Salmonella enterica","Typhimurium","Confirmed","Restaurant: Other","9","5","9","0","9","Fresh produce",,"N/A",,,
"2018","6","Ohio","Food","Salmonella enterica","Enteritidis","Confirmed","Caterer;Private home/residence","3","2","3","0","3",,,,,,
"2018","6","Massachusetts","Food","Salmonella enterica","Give","Confirmed","Caterer;Restaurant: Sit-down dining","21","3","21","0","21",,,,,,
"2018","7","Pennsylvania","Food","Salmonella enterica","Typhimurium","Confirmed","School/college/university","109","11","109","0","109","Pulled Pork",,"Pork",,,
"2018","7","Multistate","Food","Salmonella enterica","Javiana","Confirmed","Restaurant: Other","11","1","10","0","10",,,,,,
"2018","7","Illinois","Food","Salmonella enterica","Miami","Confirmed","Grocery store/bakery/deli/convenience store","6","0","5","0","6","orange juice, unpasteurized","orange","Fruits",,,
"2018","7","Georgia","Indeterminate/unknown","Salmonella enterica","Newport","Confirmed","Child daycare/preschool","3","0","2","0","3",,,,,,
"2018","7","Multistate","Food","Salmonella enterica","Javiana","Confirmed","Restaurant: Fast-food (drive up service or pay at counter);Private home/residence;Restaurant: Sit-down dining","149","37","114","0","118","onions",,"Root/Underground",,,
"2018","7","Alabama","Person-to-person","Salmonella enterica","Typhimurium","Suspected","Long-term care/nursing home/assisted living facility","9","0","9","0","9",,,,,,
"2018","7","Colorado","Animal contact","Salmonella enterica","I 4,[5],12:i:-","Confirmed","Festival/Fair","50","2","50","0","50",,,,,,"Pig"
"2018","7","Ohio","Person-to-person","Salmonella enterica","Braenderup","Confirmed","Long-term care/nursing home/assisted living facility","2","0","2","0","2",,,,,,
"2018","7","Illinois","Person-to-person","Salmonella enterica","Typhimurium","Confirmed","Long-term care/nursing home/assisted living facility","3","3","3","0","3",,,,,,
"2018","7","Multistate","Food","Salmonella enterica","Eastbourne","Confirmed","Unknown","21","7","18","0","18","pork","pork","Pork",,,
"2018","7","Pennsylvania","Food","Salmonella enterica","Braenderup","Confirmed","Restaurant: Sit-down dining","11","3","10","0","11",,,,,,
"2018","7","Texas","Food","Salmonella enterica","Thompson","Suspected","Unknown","3","1","3","0","3",,,,,,
"2018","7","Kansas","Animal contact","Salmonella enterica","Gaminara","Confirmed","Private home/residence","3","1","2","0","3",,,,,,"Lizard"
"2018","7","Multistate","Indeterminate/unknown","Salmonella enterica","Oranienburg","Confirmed","Unknown","25","4","25","0","25",,,,,,
"2018","7","Georgia","Person-to-person","Salmonella enterica","Typhimurium","Confirmed","Child daycare/preschool","6","0","6","0","6",,,,,,
"2018","7","Georgia","Food","Salmonella enterica","Braenderup","Confirmed","Other","70","16","62","0","70","chicken, grilled",,"Chicken",,,
"2018","7","Pennsylvania","Indeterminate/unknown","Salmonella enterica","Typhimurium","Confirmed","Private home/residence","3","0","3","0","3",,,,,,
"2018","7","Wyoming","Animal contact","Salmonella enterica","I 4,[5],12:i:-","Confirmed","Festival/Fair","36","0","36","0","36",,,,,,"Pig"
"2018","7","Michigan","Food","Salmonella enterica","Typhimurium","Confirmed","Correctional/detention facility","24","1","24","0","24",,,,,,
"2018","7","Washington","Food","Salmonella enterica","Enteritidis","Confirmed","Restaurant: Sit-down dining","4","1","4","0","4",,,,,,
"2018","7","Minnesota","Food","Salmonella enterica","Enteritidis","Confirmed","Restaurant: Sit-down dining","2","0","2","0","2",,,,,,
"2018","7","Texas","Food","Salmonella enterica","unknown","Suspected","Other","2","0","2","0","2",,,,,,
"2018","7","Minnesota","Person-to-person","Salmonella enterica","Infantis","Confirmed","Child daycare/preschool","8","0","8","0","8",,,,,,
"2018","7","New York","Food","Salmonella enterica","Give","Confirmed","Restaurant: Buffet","10","8","10","0","10",,,,,,
"2018","7","Oregon","Food","Salmonella enterica","Enteritidis","Confirmed","Restaurant: Sit-down dining","15","2","15","0","15","macaroni salad","Pasta","Multiple",,,
"2018","7","Oregon","Food","Salmonella enterica","Dublin","Confirmed","Private home/residence","38","7","38","0","38","beef","beef","Beef",,,
"2018","7","Utah","Animal contact","Salmonella enterica","Typhimurium","Confirmed","Veterinary clinic","3","0","2","0","3",,,,,,"Horse or pony"
"2018","7","Oregon","Indeterminate/unknown","Salmonella enterica","Typhimurium","Confirmed","Private home/residence","11","2","11","0","11",,,,,,
"2018","7","Ohio","Person-to-person","Salmonella enterica","Stanley","Confirmed","Private home/residence","2","2","2","0","2",,,,,,
"2018","8","Connecticut","Food","Salmonella enterica","Agbeni","Confirmed","Restaurant: Sit-down dining","4","3","4","0","4","sushi and sashimi",,"Multiple",,,
"2018","8","Washington","Food","Salmonella enterica","Braenderup","Confirmed","Restaurant: Sit-down dining","10","2","10","0","10",,,,,,
"2018","8","Texas","Food","Salmonella enterica","unknown","Suspected","Unknown","4","0","4","0","4",,,,,,
"2018","8","Maryland","Food","Salmonella enterica","Enteritidis","Confirmed","Religious facility","7","2","7","0","7",,,,,,
"2018","8","Minnesota","Person-to-person","Salmonella enterica",,"Confirmed","Child daycare/preschool","2","0","2","0","2",,,,,,
"2018","8","Texas","Indeterminate/unknown","Salmonella enterica","Typhimurium","Suspected","Private home/residence","2","0","1","0","1",,,,,,
"2018","8","Minnesota","Food","Salmonella enterica","I 4,[5],12:i:-","Confirmed","Restaurant: Sit-down dining","2","0","2","0","2",,,,,,
"2018","8","Multistate","Food","Salmonella enterica","Newport","Confirmed","Private home/residence","436","124","368","0","374","ground beef","ground beef","Beef",,,
"2018","8","Arizona","Food","Salmonella enterica","Muenchen","Confirmed","Unknown","16","6","15","0","16",,,,,,
"2018","8","New York","Indeterminate/unknown","Salmonella enterica","Newport","Confirmed","Long-term care/nursing home/assisted living facility","2","1","2","0","2",,,,,,
"2018","8","New York","Indeterminate/unknown","Salmonella enterica","Newport","Confirmed","Long-term care/nursing home/assisted living facility","4","1","4","0","4",,,,,,
"2018","8","Illinois","Food","Salmonella enterica","Infantis","Confirmed","Grocery store/bakery/deli/convenience store","6","2","6","0","5","Various Mexican Food Items",,,,,
"2018","8","Missouri","Indeterminate/unknown","Salmonella enterica","I 4,[5],12:i:-","Confirmed","Long-term care/nursing home/assisted living facility","6","1","6","0","6",,,,,,
"2018","8","Alabama","Food","Salmonella enterica","Paratyphi B","Confirmed","Restaurant: Sit-down dining","7","3","7","0","7","chicken",,"Chicken",,,
"2018","8","Pennsylvania","Food","Salmonella enterica","Enteritidis","Confirmed","Restaurant: Fast-food (drive up service or pay at counter)","2","2","2","0","2",,,,,,
"2018","8","North Carolina","Indeterminate/unknown","Salmonella enterica","Javiana","Confirmed","Unknown","22","6","22","0","22",,,,,,
"2018","8","Arizona","Indeterminate/unknown","Salmonella enterica","Heidelberg","Confirmed","Correctional/detention facility","3","1","3","0","3",,,,,,
"2018","8","Multistate","Food","Salmonella enterica","Javiana","Confirmed","Restaurant: Other;Unknown","117","11","43","0","43","onions",,"Root/Underground",,,
"2018","8","Wisconsin","Food","Salmonella enterica","Enteritidis","Confirmed","Private home/residence","4","0","4","0","4","Chicken, Frozen breaded","chicken","Chicken",,,
"2018","8","New Mexico","Animal contact","Salmonella enterica","Typhimurium","Confirmed","Private home/residence","6","1","4","0","4",,,,,,"Poultry"
"2018","8","Texas","Food","Salmonella enterica","Javiana","Confirmed","Restaurant: Sit-down dining","2","0","2","0","2",,,,,,
"2018","8","Multistate","Food","Salmonella enterica","Infantis","Confirmed","Other","7","2","6","0","6","english cucumber",,"Seeded Vegetables",,,
"2018","8","New York","Food","Salmonella enterica","Adelaide","Confirmed","Restaurant: Sit-down dining","2","0","2","0","2",,,,,,
"2018","8","Illinois","Food","Salmonella enterica","I 4,[5],12:i:-","Confirmed","Camp","9","3","9","0","7",,,,,,
"2018","8","Texas","Food","Salmonella enterica","unknown","Confirmed","Unknown","389",,"0",,"0",,,,,,
"2018","8","Kansas","Food","Salmonella enterica","Newport","Confirmed","Religious facility","65","13","65","0","65","tomatoes",,"Seeded Vegetables",,,
"2018","9","Texas","Indeterminate/unknown","Salmonella enterica","Newport","Suspected","Private home/residence","2","0","2","0","2",,,,,,
"2018","9","Wisconsin","Food","Salmonella enterica","Typhimurium","Confirmed","Private home/residence","35","3","34","0","35","Pulled Pork","pork","Pork",,,
"2018","9","Kansas","Food","Salmonella enterica","Agona","Confirmed","Restaurant: Sit-down dining","2","0","2","0","2",,,,,,
"2018","9","Utah","Food","Salmonella enterica","Reading","Suspected","Restaurant: Fast-food (drive up service or pay at counter)","2","0","2","0","2",,,,,,
"2018","9","Vermont","Food","Salmonella enterica","Montevideo","Confirmed","Caterer;Private home/residence","34","0","34","0","34",,,,,,
"2018","9","Nebraska","Indeterminate/unknown","Salmonella enterica","Newport","Confirmed","Private home/residence","17","4","17","0","17",,,,,,
"2018","9","Minnesota","Food","Salmonella enterica","Thompson","Confirmed","Restaurant: Sit-down dining","5","2","5","0","5",,,,,,
"2018","9","Ohio","Food","Salmonella enterica","Miami","Confirmed","Restaurant: Fast-food (drive up service or pay at counter)","5","2","5","0","5",,,,,,
"2018","9","Minnesota","Food","Salmonella enterica","I 4,[5],12:i:-","Confirmed","Private home/residence","4","0","4","0","4",,,,,,
"2018","9","South Carolina","Person-to-person","Salmonella enterica","Typhimurium","Confirmed","Child daycare/preschool","4","1","4","0","4",,,,,,
"2018","9","Arizona","Indeterminate/unknown","Salmonella enterica","Typhimurium","Confirmed","Child daycare/preschool","2","0","2","0","2",,,,,,
"2018","9","Pennsylvania","Indeterminate/unknown","Salmonella enterica","Enteritidis","Confirmed","Private home/residence","3","0","3","0","3",,,,,,
"2018","9","New York","Food","Salmonella enterica","Typhimurium","Confirmed","Grocery store/bakery/deli/convenience store","9","3","9","0","9",,,,,,
"2018","9","Multistate","Food","Salmonella enterica","Muenchen","Confirmed","Restaurant: Other","12","1","11","0","11",,,,,,
"2018","9","Texas","Food","Salmonella enterica","Newport","Suspected","Unknown","2","1","1","0","0",,,,,,
"2018","9","Michigan","Food","Salmonella enterica","Infantis","Confirmed","Restaurant: Other","5","3","5","0","5",,,,,,
"2018","9","Idaho","Animal contact","Salmonella enterica","Heidelberg","Suspected","Private home/residence","2","0","2","0","2",,,,,,"Cattle"
"2018","9","Wisconsin","Food","Salmonella enterica","Rissen","Confirmed","Other","6","4","6","0","6",,,,,,
"2018","9","Multistate","Food","Salmonella enterica","I 4,[5],12:i:-","Confirmed","Private home/residence;Grocery store/bakery/deli/convenience store","18","6","15","0","14","pork",,"Pork",,,
"2018","9","Multistate","Animal contact","Salmonella enterica","Apapa","Confirmed","Private home/residence","6","1","4","0","4",,,,,,"Lizard"
"2018","9","Texas","Person-to-person","Salmonella enterica","Durham","Suspected","Private home/residence","2","0","2","0","2",,,,,,
"2018","9","California","Food","Salmonella enterica","Newport","Confirmed","Restaurant: Fast-food (drive up service or pay at counter)","6","2","6","0","6",,,,,,
"2018","9","California","Food","Salmonella enterica","Thompson","Confirmed","Restaurant: Fast-food (drive up service or pay at counter)","7","0","7","0","7",,,,,,
"2018","9","Multistate","Food","Salmonella enterica","I 4,[5],12:i:-","Confirmed","Unknown","8","1","4","0","4",,,,,,
"2018","9","California","Food","Salmonella enterica","Newport","Confirmed","Restaurant: Sit-down dining","7","0","7","0","7",,,,,,
"2018","10","Multistate","Food","Salmonella enterica","Adelaide","Confirmed","Private home/residence;Restaurant: Other","29","4","21","0","21","pork","pork","Pork",,,
"2018","10","Multistate","Animal contact","Salmonella enterica","Infantis","Confirmed","Private home/residence;Agricultural feed store","64","16","53","0","53",,,,,,"Poultry"
"2018","10","Idaho","Indeterminate/unknown","Salmonella enterica","Typhimurium","Confirmed","Private home/residence","2","0","2","0","2",,,,,,
"2018","10","Multistate","Animal contact","Salmonella enterica","Typhimurium","Confirmed","Other;Private home/residence","54","8","34","0","30",,,,,,"Hedgehog"
"2018","10","California","Food","Salmonella enterica","Newport","Confirmed","Private home/residence","40","4","38","0","40","lamb, other",,"Other Meat",,,
"2018","10","Multistate","Food","Salmonella enterica","Paratyphi B var. L(+) tartrate +","Confirmed","Restaurant: Other","12","3","10","0","11","tuna, raw",,"Fish",,,
"2018","10","New York","Food","Salmonella enterica","Hadar","Confirmed","Long-term care/nursing home/assisted living facility","2","0","2","0","2",,,,,,
"2018","10","Multistate","Food","Salmonella enterica","Hadar","Confirmed","Unknown","17","8","14","0","14","turkey",,"Turkey",,,
"2018","10","Illinois","Person-to-person","Salmonella enterica","Agbeni","Confirmed","Hospital","5","0","5","0","5",,,,,,
"2018","10","Tennessee","Person-to-person","Salmonella enterica","Typhimurium","Confirmed","School/college/university","3","0","3","0","3",,,,,,
"2018","10","Pennsylvania","Food","Salmonella enterica","Berta","Confirmed","Camp","34","0","34","0","34",,,,,,
"2018","10","South Carolina","Person-to-person","Salmonella enterica","Enteritidis","Confirmed","Child daycare/preschool","3","0","3","0","3",,,,,,
"2018","10","Tennessee","Indeterminate/unknown","Salmonella enterica","Javiana","Confirmed","School/college/university","2","0","2","0","2",,,,,,
"2018","10","Wisconsin","Indeterminate/unknown","Salmonella enterica","Newport","Confirmed","Long-term care/nursing home/assisted living facility","3","1","3","1","3",,,,,,
"2018","10","New York","Food","Salmonella enterica","Enteritidis","Confirmed","Restaurant: Sit-down dining","6","0","6","0","6",,,,,,
"2018","10","North Carolina","Person-to-person","Salmonella enterica","Saintpaul","Confirmed","Other","15","0","15","0","15",,,,,,
"2018","10","South Carolina","Indeterminate/unknown","Salmonella enterica","Enteritidis","Confirmed","Child daycare/preschool","6","0","6","0","6",,,,,,
"2018","11","Texas","Person-to-person","Salmonella enterica","Braenderup","Suspected","Private home/residence","2","0","0","0","0",,,,,,
"2018","11","Massachusetts","Food","Salmonella enterica","Enteritidis","Confirmed","Restaurant: Sit-down dining","10","2","10","0","10",,,,,,
"2018","11","Pennsylvania","Food","Salmonella enterica","Enteritidis","Confirmed","Restaurant: Buffet","5","2","4","0","3",,,,,,
"2018","11","Maryland","Indeterminate/unknown","Salmonella enterica","I 4,[5],12:i:-","Suspected","Private home/residence","6","0","6","0","6",,,,,,
"2018","11","Illinois","Food","Salmonella enterica","I 4,[5],12:i:-","Confirmed","Grocery store/bakery/deli/convenience store","3","0","3","0","3","turkey",,"Turkey",,,
"2018","11","Tennessee","Food","Salmonella enterica","I 4,[5],12:i:-","Confirmed","Restaurant: Fast-food (drive up service or pay at counter);Restaurant: Sit-down dining","25","14","24","0","25","pork, BBQ;coleslaw","pork","Pork",,,
"2018","11","Idaho","Food","Salmonella enterica","Newport","Confirmed","Caterer","9","1","9","0","9","turkey, smoked",,"Turkey",,,
"2018","11","Multistate","Animal contact","Salmonella enterica","Banana","Confirmed","Private home/residence","3","0","1","0","1",,,,,,"Hedgehog"
"2018","11","Oregon","Indeterminate/unknown","Salmonella enterica","Newport","Suspected","Long-term care/nursing home/assisted living facility","49","1","49","0","49",,,,,,
"2018","11","Ohio","Food","Salmonella enterica","Enteritidis","Confirmed","Private home/residence","15","1","15","0","15","chicken, smoked","chicken","Chicken",,,
"2018","12","Multistate","Food","Salmonella enterica","Schwarzengrund","Confirmed","Long-term care/nursing home/assisted living facility;Private home/residence","7","1","7","0","7","Ground turkey",,"Turkey",,,
"2018","12","Tennessee","Food","Salmonella enterica","Enteritidis","Confirmed","Restaurant: Other","16","5","16","0","16",,,,,,
"2018","12","Pennsylvania","Indeterminate/unknown","Salmonella enterica","Enteritidis","Confirmed","Private home/residence","2","0","2","0","2",,,,,,
"2018","12","Virginia","Food","Salmonella enterica","unknown","Confirmed","Private home/residence","9","3","9","1","9","meatballs;roast beef",,"Multiple",,,
"2018","12","New Mexico","Food","Salmonella enterica","Heidelberg","Confirmed","Restaurant: Buffet","4","1","4","0","4",,,,,,
"2018","12","West Virginia","Animal contact","Salmonella enterica","Braenderup","Confirmed","Private home/residence","3","2","3","0","3",,,,,,"Lizard"
"2019","1","Multistate","Animal contact","Salmonella enterica","Infantis","Confirmed","Agricultural feed store;Private home/residence","145","21","98","1","96",,,,,,"Poultry"
"2019","1","California","Food","Salmonella enterica","Thompson","Confirmed","Restaurant: Fast-food (drive up service or pay at counter)","21","2","21","0","21",,,,,,
"2019","1","Multistate","Food","Salmonella enterica","Uganda","Confirmed","Private home/residence","81","27","52","0","60","papaya",,"Fruits",,,
"2019","1","California","Food","Salmonella enterica","Weltevreden","Confirmed","Restaurant: Fast-food (drive up service or pay at counter)","5","0","5","0","5",,,,,,
"2019","1","New Jersey","Indeterminate/unknown","Salmonella enterica","unknown","Confirmed","Correctional/detention facility","4","0","4","0","4",,,,,,
"2019","1","Multistate","Food","Salmonella enterica","Javiana","Confirmed","Private home/residence","16","3","14","0","14","pre-packaged salad mix",,"Multiple",,,
"2019","1","Multistate","Food","Salmonella enterica","Newport","Confirmed","Restaurant: Other;Grocery store/bakery/deli/convenience store","15","2","12","0","12","tuna",,"Fish",,,
"2019","1","Multistate","Animal contact","Salmonella enterica","Agona","Confirmed","Agricultural feed store;Private home/residence","65","10","39","0","38",,,,,,"Poultry"
"2019","1","Multistate","Animal contact","Salmonella enterica","Anatum","Confirmed","Private home/residence;Agricultural feed store","94","20","57","0","63",,,,,,"Poultry"
"2019","1","Multistate","Animal contact","Salmonella enterica","Enteritidis","Confirmed","Agricultural feed store;Private home/residence","274","60","187","0","183",,,,,,"Poultry"
"2019","2","Maryland","Indeterminate/unknown","Salmonella enterica","Typhimurium","Suspected","Long-term care/nursing home/assisted living facility","10","1","10","0","10",,,,,,
"2019","2","Multistate","Animal contact","Salmonella enterica","Enteritidis","Confirmed","Agricultural feed store;Farm/dairy/agricultural setting;Private home/residence","159","40","111","0","111",,,,,,"Poultry"
"2019","2","Wisconsin","Person-to-person","Salmonella enterica","unknown","Suspected","Long-term care/nursing home/assisted living facility","10","0","0","0","0",,,,,,
"2019","2","South Carolina","Food","Salmonella enterica","Baildon","Confirmed","Restaurant: Sit-down dining","3","0","3","0","3",,,,,,
"2019","2","Pennsylvania","Indeterminate/unknown","Salmonella enterica","Typhimurium","Confirmed","Private home/residence","4","0","4","0","4",,,,,,
"2019","2","California","Food","Salmonella enterica","Newport","Confirmed","Caterer","18","0","18","0","18","carne asada",,"Multiple",,,
"2019","2","California","Food","Salmonella enterica","Enteritidis","Confirmed","Restaurant: Sit-down dining","17","1","17","0","17","grilled or fried chicken salad","egg","Eggs",,,
"2019","2","Illinois","Food","Salmonella enterica","Infantis","Confirmed","Grocery store/bakery/deli/convenience store","85","14","81","0","85","carnitas, unspecified","pork, other;pork","Pork",,,
"2019","2","Multistate","Animal contact","Salmonella enterica","Braenderup","Confirmed","Private home/residence;Agricultural feed store","199","32","120","0","119",,,,,,"Poultry"
"2019","2","Multistate","Animal contact","Salmonella enterica","Montevideo","Confirmed","Agricultural feed store;Private home/residence","11","3","7","0","7",,,,,,"Poultry"
"2019","3","Indiana","Food","Salmonella enterica","Enteritidis","Confirmed","Restaurant: Sit-down dining","8","0","7","0","7","chicken",,"Chicken",,,
"2019","3","Multistate","Food","Salmonella enterica","Montevideo","Confirmed","Private home/residence;Restaurant: Fast-food (drive up service or pay at counter)","32","5","31","0","0","iceberg lettuce, unspecified",,"Vegetable Row Crops",,,
"2019","3","Nebraska","Person-to-person","Salmonella enterica","I 4,[5],12:i:-","Confirmed","Child daycare/preschool","5","2","5","0","5",,,,,,
"2019","3","Wisconsin","Food","Salmonella enterica","Brandenburg","Confirmed","Grocery store/bakery/deli/convenience store","4","0","2","0","2",,,,,,
"2019","3","Pennsylvania","Animal contact","Salmonella enterica","Saintpaul","Confirmed","Other;Private home/residence","7","1","7","0","7",,,,,,"Poultry"
"2019","3","Iowa","Food","Salmonella enterica","Orientalis","Suspected","Restaurant: Sit-down dining","6","0","1","0","1",,,,,,
"2019","3","Minnesota","Person-to-person","Salmonella enterica","I 4,[5],12:i:-","Suspected","Child daycare/preschool","3","0","3","0","3",,,,,,
"2019","3","Ohio","Person-to-person","Salmonella enterica","Agona","Confirmed","Child daycare/preschool","2","1","2","0","2",,,,,,
"2019","3","Texas","Indeterminate/unknown","Salmonella enterica","Typhimurium var Cope","Suspected","Restaurant","2","0","2","0","2",,,,,,
"2019","3","Multistate","Animal contact","Salmonella enterica","Altona","Confirmed","Agricultural feed store;Private home/residence","8","0","6","0","6",,,,,,"Poultry"
"2019","3","Multistate","Animal contact","Salmonella enterica","Manhattan","Confirmed","Agricultural feed store;Private home/residence","47","13","35","0","35",,,,,,"Poultry"
"2019","3","Multistate","Animal contact","Salmonella enterica","Muenchen","Confirmed","Private home/residence;Agricultural feed store","17","3","15","0","15",,,,,,"Poultry"
"2019","3","Multistate","Food","Salmonella enterica","Carrau","Confirmed","Private home/residence","149","45","123","0","127","melon",,"Fruits",,,
"2019","3","Multistate","Food","Salmonella enterica","Blockley","Confirmed","Caterer;Private home/residence","95","3","20","0","22","chicken, rotisserie",,"Chicken",,,
"2019","3","Multistate","Food","Salmonella enterica","Concord","Confirmed","Restaurant: Other","6","1","6","0","6","tahini","tahini","Nuts-seeds",,,
"2019","3","Multistate","Animal contact","Salmonella enterica","Alachua","Confirmed","Private home/residence;Agricultural feed store","18","5","14","0","14",,,,,,"Poultry"
"2019","4","Illinois","Food","Salmonella enterica","Enteritidis","Confirmed","Religious facility","13","4","13","0","13",,,,,,
"2019","4","Multistate","Animal contact","Salmonella enterica","Oranienburg","Confirmed","Private home/residence;Agricultural feed store","10","1","2","0","2",,,,,,"Poultry"
"2019","4","Multistate","Animal contact","Salmonella enterica","Newport","Confirmed","Agricultural feed store;Private home/residence","90","12","52","1","53",,,,,,"Poultry"
"2019","4","Kentucky","Person-to-person","Salmonella enterica","Infantis","Confirmed","Long-term care/nursing home/assisted living facility","6","5","6","0","6",,,,,,
"2019","4","Multistate","Food","Salmonella enterica","Braenderup","Confirmed","Private home/residence","54","13","39","0","36",,,,,,
"2019","4","New Mexico","Food","Salmonella enterica","Enteritidis","Confirmed","Private home/residence","5","2","5","0","5","chicken","chicken","Chicken",,,
"2019","4","New Hampshire","Food","Salmonella enterica","Montevideo","Confirmed","Private home/residence","2","1","2","0","2","Raw Milk","raw milk","Dairy",,,
"2019","4","Multistate","Food","Salmonella enterica","Weltevreden","Confirmed","Restaurant: Other;Unknown","13","5","11","0","11",,,,,,
"2019","4","Michigan","Food","Salmonella enterica","Newport","Confirmed","Restaurant: Fast-food (drive up service or pay at counter)","7","3","7","0","7","lettuce;chicken",,"Multiple",,,
"2019","4","Tennessee","Food","Salmonella enterica","Miami","Confirmed","Private home/residence","2","0","2","0","2",,,,,,
"2019","4","West Virginia","Animal contact","Salmonella enterica","unknown","Suspected","Private home/residence","2","1","2","0","2",,,,,,
"2019","4","West Virginia","Food","Salmonella enterica","unknown","Confirmed","Restaurant: Buffet","11","5","11","0","11",,,,,,
"2019","4","Ohio","Indeterminate/unknown","Salmonella enterica","I 4,[5],12:i:-","Confirmed","Private home/residence","2","0","2","0","2",,,,,,
"2019","4","Tennessee","Indeterminate/unknown","Salmonella enterica","unknown","Confirmed","Child daycare/preschool","3","0","3","0","3",,,,,,
"2019","4","Multistate","Food","Salmonella enterica","Infantis","Confirmed","Other","5","0","5","0","5","vegetable tray",,"Multiple",,,
"2019","4","Nebraska","Animal contact","Salmonella enterica","Mbandaka","Confirmed","Child daycare/preschool","2","0","2","0","2",,,,,,"Poultry"
"2019","4","Utah","Animal contact","Salmonella enterica","Lomalinda","Confirmed","Farm/dairy/agricultural setting","2","1","2","0","2",,,,,,"Cattle"
"2019","4","Washington","Food","Salmonella enterica","Reading","Confirmed","Other","7","1","7","0","7",,,,,,
"2019","4","Ohio","Person-to-person","Salmonella enterica","Paratyphi B var. L(+) tartrate +","Confirmed","Child daycare/preschool","3","0","3","0","3",,,,,,
"2019","5","Puerto Rico","Person-to-person","Salmonella enterica","other","Suspected","Private home/residence","2","0","2","0","2",,,,,,
"2019","5","Multistate","Animal contact","Salmonella enterica","Oranienburg","Confirmed","Private home/residence","26","8","24","0","24",,,,,,"Turtle"
"2019","5","Idaho","Person-to-person","Salmonella enterica","Enteritidis","Confirmed","Private home/residence","2","0","2","0","2",,,,,,
"2019","5","Multistate","Food","Salmonella enterica","Enteritidis","Confirmed","Private home/residence","72","22","48","0","46","chicken",,"Chicken",,,
"2019","5","Multistate","Food","Salmonella enterica","Enteritidis","Confirmed","Private home/residence","52","12","35","0","37","chicken",,"Chicken",,,
"2019","5","Multistate","Food","Salmonella enterica","Heidelberg","Confirmed","Unknown","28","10","17","1","17","chicken",,"Chicken",,,
"2019","5","Multistate","Food","Salmonella enterica","Enteritidis","Confirmed","Private home/residence;Restaurant: Sit-down dining","22","8","18","0","18","chicken","chicken","Chicken",,,
"2019","5","Multistate","Food","Salmonella enterica","Bovismorbificans","Confirmed","Unknown","107","41","86","0","86",,,,,,
"2019","5","Illinois","Person-to-person","Salmonella enterica","Agbeni","Confirmed","Child daycare/preschool","6","0","6","0","6",,,,,,
"2019","5","Pennsylvania","Indeterminate/unknown","Salmonella enterica","Typhimurium","Confirmed","Private home/residence","2","0","2","0","2",,,,,,
"2019","5","Multistate","Food","Salmonella enterica","Enteritidis","Confirmed","Restaurant: Other;Private home/residence;Grocery store/bakery/deli/convenience store;Religious facility","23","10","18","0","17","chicken","chicken","Chicken",,,
"2019","5","Multistate","Food","Salmonella enterica","Typhimurium","Confirmed","Unknown","11","1","4","0","4",,,,,,
"2019","5","North Carolina","Food","Salmonella enterica","London","Confirmed","Restaurant: Sit-down dining","14","11","14","0","14",,,,,,
"2019","5","Multistate","Food","Salmonella enterica","Braenderup","Confirmed","Unknown","18","2","10","0","10",,,,,,
"2019","5","Multistate","Food","Salmonella enterica","Javiana","Confirmed","Unknown","11","1","7","0","7",,,,,,
"2019","5","Pennsylvania","Indeterminate/unknown","Salmonella enterica","Typhimurium","Confirmed","Private home/residence","2","0","2","0","2",,,,,,
"2019","5","Nebraska","Person-to-person","Salmonella enterica","I 4,[5],12:i:-","Confirmed","Child daycare/preschool","19","1","19","0","19",,,,,,
"2019","5","Minnesota","Food","Salmonella enterica","Typhi","Confirmed","Private home/residence","4","3","4","0","4",,,,,,
"2019","5","Michigan","Food","Salmonella enterica","Enteritidis","Confirmed","Religious facility","6","1","6","0","6",,,,,,
"2019","5","South Carolina","Person-to-person","Salmonella enterica","Enteritidis","Confirmed","Long-term care/nursing home/assisted living facility","3","3","3","0","3",,,,,,
"2019","5","Connecticut","Food","Salmonella enterica","Newport","Confirmed","Restaurant: Sit-down dining","6","3","6","0","6","steak, prime rib",,"Beef",,,
"2019","5","Wisconsin","Food","Salmonella enterica","Typhimurium","Confirmed","Grocery store/bakery/deli/convenience store","4","2","4","0","4",,,,,,
"2019","5","Kentucky","Food","Salmonella enterica","I 4,[5],12:b:- var. L(+) tartrate +","Confirmed","Restaurant: Sit-down dining","10","0","10","0","10",,,,,,
"2019","6","North Carolina","Food","Salmonella enterica","Enteritidis","Suspected","Unknown","13","1","13","0","13",,,,,,
"2019","6","Pennsylvania","Food","Salmonella enterica","Typhimurium var Cope","Confirmed","Other","7","2","7","0","7",,,,,,
"2019","6","Multistate","Food","Salmonella enterica","Virchow","Confirmed","Unknown","12","0","3","0","3",,,,,,
"2019","6","California","Food","Salmonella enterica","Saintpaul","Suspected","Office/indoor workplace;Caterer","2","1","2","0","2","beef/steak dish, unspecified",,"Multiple",,,
"2019","6","California","Food","Salmonella enterica","Stanley","Confirmed","Restaurant: Fast-food (drive up service or pay at counter)","4","0","4","0","4",,,,,,
"2019","6","Multistate","Food","Salmonella enterica","Infantis","Confirmed","Private home/residence","14","5","10","0","12","chicken",,"Chicken",,,
"2019","6","Puerto Rico","Person-to-person","Salmonella enterica","unknown","Suspected","Private home/residence","3","1","3","0","3",,,,,,
"2019","6","Alaska","Indeterminate/unknown","Salmonella enterica","Enteritidis","Confirmed","Unknown","8","6","8","0","8",,,,,,
"2019","6","Michigan","Food","Salmonella enterica","Enteritidis","Suspected","Banquet Facility (food prepared and served on-site)","30","1","30","0","30","refried beans;charcuterie;burger;sushi;tortilla, unspecified;sushi, unspecified;shrimp;seafood, other;sausage;salsa;salad bar;rice, spanish;macaroni and cheese;chicken, other;bun;beef/steak dish, other;beef, other;barbecue sauce",,"Multiple",,,
"2019","6","Multistate","Food","Salmonella enterica","Manhattan","Confirmed","Unknown","9","5","6","1","7",,,,,,
"2019","6","Minnesota","Food","Salmonella enterica","Reading","Confirmed","Restaurant: Sit-down dining","3","1","3","0","3",,,,,,
"2019","6","Minnesota","Food","Salmonella enterica","Enteritidis","Confirmed","Restaurant: Buffet","4","4","4","0","4",,,,,,
"2019","6","Wisconsin","Indeterminate/unknown","Salmonella enterica","Manhattan","Confirmed","Other","21","9","21","0","21",,,,,,
"2019","6","Ohio","Food","Salmonella enterica","Enteritidis","Confirmed","Private home/residence","6","1","6","0","6","raw egg in smoothie","egg","Eggs",,,
"2019","7","Tennessee","Food","Salmonella enterica","Enteritidis","Confirmed","Restaurant: Buffet","6","3","6","0","6",,,,,,
"2019","7","New Mexico","Food","Salmonella enterica","Enteritidis","Confirmed","Banquet Facility (food prepared and served on-site)","9","0","9","0","9","Chicken Fingers","chicken","Chicken",,,
"2019","7","Oregon","Food","Salmonella enterica","Infantis","Confirmed","Restaurant: Sit-down dining","11","1","11","0","11","Cabbage salsa",,"N/A",,,
"2019","7","Minnesota","Indeterminate/unknown","Salmonella enterica","Saintpaul","Confirmed","Hospital","2","1","2","0","2",,,,,,
"2019","7","Pennsylvania","Indeterminate/unknown","Salmonella enterica","Javiana","Confirmed","Unknown","2","0","2","0","2",,,,,,
"2019","7","Minnesota","Food","Salmonella enterica","IV 50:z4,z23:-","Confirmed","Restaurant: Sit-down dining","2","0","2","0","2","tea, unspecified",,"Herbs",,,
"2019","7","Pennsylvania","Indeterminate/unknown","Salmonella enterica","Heidelberg","Confirmed","Camp","32","0","19","0","19",,,,,,
"2019","7","North Carolina","Food","Salmonella enterica","Enteritidis","Confirmed","Private home/residence","5","0","5","0","0",,,,,,
"2019","7","Minnesota","Person-to-person","Salmonella enterica","Infantis","Confirmed","Child daycare/preschool","2","0","2","0","2",,,,,,
"2019","7","Multistate","Food","Salmonella enterica","Typhimurium","Confirmed","Restaurant: Fast-food (drive up service or pay at counter);Private home/residence;Restaurant: Sit-down dining","48","13","37","0","34","ground beef",,"Beef",,,
"2019","7","California","Food","Salmonella enterica","Lomalinda","Confirmed","Restaurant: Sit-down dining","2","0","2","0","2",,,,,,
"2019","7","Illinois","Food","Salmonella enterica","Ohio","Confirmed","Grocery store/bakery/deli/convenience store","4","2","4","0","4","pork, other;carnitas, unspecified","pork;Masa (corn flour dough);pork, other","Multiple",,,
"2019","7","Multistate","Animal contact","Salmonella enterica","Typhimurium","Confirmed","Private home/residence","35","11","31","0","31",,,,,,"Turtle"
"2019","7","Utah","Food","Salmonella enterica","Enteritidis","Confirmed","Restaurant: Sit-down dining","3","1","3","0","3",,,,,,
"2019","7","Arizona","Food","Salmonella enterica","Infantis","Confirmed","Correctional/detention facility","2","0","2","0","2",,,,,,
"2019","7","Pennsylvania","Food","Salmonella enterica","Group B","Confirmed","Restaurant: Sit-down dining","10","2","10","0","10",,,,,,
"2019","7","Multistate","Animal contact","Salmonella enterica","Infantis","Confirmed","Private home/residence;Agricultural feed store","20","3","14","0","15",,,,,,"Poultry"
"2019","7","Multistate","Animal contact","Salmonella enterica","Braenderup","Confirmed","Private home/residence","20","1","11","0","13",,,,,,"Poultry"
"2019","7","Multistate","Food","Salmonella enterica","Berta","Confirmed","Private home/residence;Restaurant: Sit-down dining;Unknown","30","6","20","0","20","pork",,"Pork",,,
"2019","7","Illinois","Food","Salmonella enterica","Enteritidis","Confirmed","Caterer;Private home/residence","7","1","7","0","7",,,,,,
"2019","7","Michigan","Animal contact","Salmonella enterica","I 4,[5],12:i:-","Confirmed","Festival/Fair","4","0","4","0","4",,,,,,"Cattle;Pig"
"2019","7","Michigan","Food","Salmonella enterica","Agbeni","Confirmed","Grocery store/bakery/deli/convenience store","4","3","4","0","4","melon",,"Fruits",,,
"2019","7","Texas","Indeterminate/unknown","Salmonella enterica","unknown","Suspected","Unknown","2","0","0","0","0",,,,,,
"2019","7","Pennsylvania","Indeterminate/unknown","Salmonella enterica","Oranienburg","Confirmed","Private home/residence","2","0","2","0","2",,,,,,
"2019","8","Multistate","Food","Salmonella enterica","Dublin","Confirmed","Private home/residence","13","9","11","1","12","ground beef",,"Beef",,,
"2019","8","Colorado","Food","Salmonella enterica","Javiana","Confirmed","Restaurant: Fast-food (drive up service or pay at counter)","5","0","5","0","5",,,,,,
"2019","8","New York","Food","Salmonella enterica","Enteritidis","Confirmed","Other","20","1","20","0","20",,,,,,
"2019","8","California","Food","Salmonella enterica","Thompson","Confirmed","Restaurant: Fast-food (drive up service or pay at counter)","2","0","2","0","2",,,,,,
"2019","8","Pennsylvania","Indeterminate/unknown","Salmonella enterica","Enteritidis","Confirmed","Private home/residence","2","0","2","0","2",,,,,,
"2019","8","Minnesota","Animal contact","Salmonella enterica","Typhimurium","Confirmed","Veterinary clinic","2","1","2","0","2",,,,,,"Horse or pony"
"2019","8","Massachusetts","Indeterminate/unknown","Salmonella enterica","Enteritidis","Confirmed","Correctional/detention facility","4","2","3","0","4",,,,,,
"2019","8","Indiana","Indeterminate/unknown","Salmonella enterica","other","Confirmed","Unknown","5","2","5","0","5",,,,,,
"2019","8","Kentucky","Food","Salmonella enterica","Typhimurium","Suspected","Private home/residence","10","0","10","0","10",,,,,,
"2019","8","Iowa","Food","Salmonella enterica","Typhimurium","Confirmed","Restaurant: Sit-down dining;Restaurant: Fast-food (drive up service or pay at counter)","6","0","6","0","6",,,,,,
"2019","8","Wisconsin","Indeterminate/unknown","Salmonella enterica","Newport","Confirmed","Unknown","6","1","6","0","6",,,,,,
"2019","8","Texas","Person-to-person","Salmonella enterica","unknown","Suspected","Child daycare/preschool","2","0","2","0","2",,,,,,
"2019","8","Oregon","Food","Salmonella enterica","Enteritidis","Confirmed","Restaurant: Other;Restaurant: Sit-down dining","9","1","9","0","9","macaroni salad","Pasta","Multiple",,,
"2019","8","Nebraska","Indeterminate/unknown","Salmonella enterica","Newport","Confirmed","Child daycare/preschool","3","0","3","0","3",,,,,,
"2019","8","Kentucky","Food","Salmonella enterica","Enteritidis","Confirmed","Private home/residence","5","1","5","0","5","homemade ice cream made with raw eggs",,"Multiple",,,
"2019","8","Utah","Food","Salmonella enterica","Ohio","Confirmed","Restaurant: Sit-down dining","10","0","10","0","10",,,,,,
"2019","8","Hawaii","Food","Salmonella enterica","Reading","Confirmed","Other","26","1","26","0","26","Ahi Tuna",,"Fish",,,
"2019","8","Utah","Food","Salmonella enterica","Enteritidis","Suspected","Restaurant: Sit-down dining","2","0","2","0","2",,,,,,
"2019","8","Nebraska","Indeterminate/unknown","Salmonella enterica","Enteritidis","Confirmed","Festival/Fair","14","0","14","0","14",,,,,,
"2019","8","Nebraska","Indeterminate/unknown","Salmonella enterica","I 4,[5],12:i:-","Confirmed","Event space","4","0","2","0","2",,,,,,
"2019","8","Oregon","Food","Salmonella enterica","Enteritidis","Confirmed","Other","6","1","6","0","6","Green Crema;Al Pastor Seiten;Red Crema",,"Multiple",,,
"2019","8","Pennsylvania","Indeterminate/unknown","Salmonella enterica","Javiana","Confirmed","Private home/residence","2","1","2","0","2",,,,,,
"2019","8","California","Food","Salmonella enterica","Thompson","Confirmed","Restaurant: Fast-food (drive up service or pay at counter)","15","2","15","0","15","chicken","chicken","Chicken",,,
"2019","8","Oregon","Food","Salmonella enterica","Typhimurium","Confirmed","Restaurant: Sit-down dining","23","2","23","0","23",,,,,,
"2019","8","Illinois","Food","Salmonella enterica","Enteritidis","Confirmed","Restaurant: Sit-down dining","15","1","15","0","8",,,,,,
"2019","8","Georgia","Food","Salmonella enterica","Brandenburg","Confirmed","Restaurant: Other","2","0","2","0","2",,,,,,
"2019","8","Wisconsin","Indeterminate/unknown","Salmonella enterica","Typhimurium","Confirmed","Unknown","3","0","3","0","3",,,,,,
"2019","8","Wisconsin","Indeterminate/unknown","Salmonella enterica","I 4,[5],12:i:-","Confirmed","Unknown","5","1","5","0","5",,,,,,
"2019","8","Arizona","Food","Salmonella enterica","Enteritidis","Confirmed","Correctional/detention facility","3","0","3","0","3",,,,,,
"2019","8","Multistate","Food","Salmonella enterica","Enteritidis","Confirmed","Unknown;Restaurant: Sit-down dining","23","5","18","0","18",,,,,,
"2019","8","Multistate","Food","Salmonella enterica","Javiana","Confirmed","Restaurant: Sit-down dining;Unknown","45","6","34","0","35",,,,,,
"2019","9","Michigan","Food","Salmonella enterica","Enteritidis","Confirmed","Private home/residence","4","1","4","0","4","eggs, unspecified","egg","Eggs",,,
"2019","9","Michigan","Indeterminate/unknown","Salmonella enterica","Enteritidis","Confirmed","Other","2","1","2","0","2",,,,,,
"2019","9","Multistate","Food","Salmonella enterica","Enteritidis","Confirmed","Other","30","3","25","0","26","hummus",,"N/A",,,
"2019","9","Texas","Indeterminate/unknown","Salmonella enterica","unknown","Suspected","Unknown","2","0","2","0","2",,,,,,
"2019","9","Texas","Food","Salmonella enterica","Javiana","Confirmed","Restaurant: Sit-down dining","17","2","17","0","17","Fajita Chicken",,"Multiple",,,
"2019","9","Texas","Indeterminate/unknown","Salmonella enterica","unknown","Suspected","Restaurant","3","2","3","0","3",,,,,,
"2019","9","Tennessee","Food","Salmonella enterica","Javiana","Confirmed","Private home/residence;Caterer;Religious facility","13","2","13","0","13",,,,,,
"2019","9","Tennessee","Food","Salmonella enterica","Uganda","Confirmed","Restaurant: Other","18","1","17","0","17","deli meat, sliced roast beef","beef","Beef",,,
"2019","9","Multistate","Food","Salmonella enterica","Telelkebir","Confirmed","Unknown","12","3","9","0","11","oysters",,"Mollusks",,,
"2019","9","Virginia","Food","Salmonella enterica","Enteritidis","Confirmed","Other","18","0","15","0","15","hummus",,"N/A",,,
"2019","9","Kentucky","Food","Salmonella enterica","Javiana","Confirmed","Restaurant: Fast-food (drive up service or pay at counter)","16","4","9","0","8",,,,,,
"2019","9","South Carolina","Person-to-person","Salmonella enterica","Carrau","Confirmed","Child daycare/preschool","2","0","2","0","2",,,,,,
"2019","9","Kentucky","Food","Salmonella enterica","Enteritidis","Confirmed","Private home/residence","5","1","2","0","2","ice cream, homemade",,"Multiple",,,
"2019","9","Pennsylvania","Person-to-person","Salmonella enterica","Typhimurium","Suspected","Private home/residence","13","0","13","0","13",,,,,,
"2019","9","Maryland","Food","Salmonella enterica","Enteritidis","Confirmed","Caterer","25","3","25","0","25",,,,,,
"2019","9","Wisconsin","Animal contact","Salmonella enterica","Havana","Confirmed","Other","3","1","3","0","3",,,,,,"Poultry"
"2019","9","Pennsylvania","Indeterminate/unknown","Salmonella enterica","Javiana","Confirmed","Private home/residence","2","2","2","0","2",,,,,,
"2019","10","Arizona","Food","Salmonella enterica","Newport","Confirmed","Unknown","14","4","14","0","14","mixed cut fruit",,"Fruits",,,
"2019","10","Arizona","Food","Salmonella enterica","Newport","Confirmed","Unknown","4","2","4","0","4",,,,,,
"2019","10","Puerto Rico","Person-to-person","Salmonella enterica",,"Suspected","Private home/residence","2","0","2","0","2",,,,,,
"2019","10","Arkansas","Indeterminate/unknown","Salmonella enterica","Newport","Confirmed","Child daycare/preschool","8","1","7","0","7",,,,,,
"2019","10","South Carolina","Person-to-person","Salmonella enterica","Typhimurium","Confirmed","School/college/university","3","1","3","0","3",,,,,,
"2019","10","Kentucky","Food","Salmonella enterica","Enteritidis","Confirmed","Correctional/detention facility","17","1","17","0","17",,,,,,
"2019","10","Hawaii","Food","Salmonella enterica","Typhimurium","Confirmed","Caterer;Banquet Facility (food prepared and served on-site)","12","2","12","0","12",,,,,,
"2019","10","Massachusetts","Food","Salmonella enterica","Typhimurium","Confirmed","Private home/residence","10","2","4","0","10",,,,,,
"2019","10","Texas","Indeterminate/unknown","Salmonella enterica","unknown","Confirmed","Private home/residence","2",,"0",,"0",,,,,,
"2019","10","Virginia","Food","Salmonella enterica","Typhimurium","Confirmed","Restaurant: Fast-food (drive up service or pay at counter)","6","0","6","0","6",,,,,,
"2019","10","Florida","Food","Salmonella enterica","Enteritidis","Confirmed","Caterer","18","0","18","0","18",,,,,,
"2019","10","North Carolina","Person-to-person","Salmonella enterica","Newport","Confirmed","Child daycare/preschool","4","0","4","0","4",,,,,,
"2019","11","Multistate","Food","Salmonella enterica","Saintpaul","Confirmed","Private home/residence;Grocery store/bakery/deli/convenience store","97","20","88","0","83","strawberries","strawberries","Fruits",,,
"2019","11","Nebraska","Indeterminate/unknown","Salmonella enterica","Enteritidis","Confirmed","Correctional/detention facility","43","1","43","0","43",,,,,,
"2019","11","Texas","Food","Salmonella enterica","Saintpaul","Confirmed","Grocery store/bakery/deli/convenience store;Private home/residence","60","32","60","0","60",,,,,,
"2019","11","Kansas","Food","Salmonella enterica","Newport","Confirmed","Restaurant: Fast-food (drive up service or pay at counter)","15",,"0",,"0","guacamole",,"N/A",,,
"2019","11","New Hampshire","Food","Salmonella enterica","Enteritidis","Suspected","Private home/residence","4","0","4","0","4","turkey","turkey","Turkey",,,
"2019","11","Florida","Food","Salmonella enterica","Enteritidis","Confirmed","Private home/residence","48","34","48","0","48",,,,,,
"2019","11","Florida","Food","Salmonella enterica","Anatum","Confirmed","Private home/residence","8","1","8","0","8","turkey","turkey","Turkey",,,
"2019","11","Colorado","Food","Salmonella enterica","Braenderup","Suspected","Restaurant: Sit-down dining","3","0","3","0","3",,,,,,
"2019","11","Multistate","Food","Salmonella enterica","Braenderup","Confirmed","Restaurant: Fast-food (drive up service or pay at counter)","24","9","21","0","21","tomatoes, raw","tomato","Seeded Vegetables",,,
"2019","11","Multistate","Food","Salmonella enterica","Javiana","Confirmed","Other","163","73","110","0","99","mixed cut fruit",,"Fruits",,,
"2019","12","Indiana","Food","Salmonella enterica","Hvittingfoss","Confirmed",,"2","0","2","0","2",,,,,,
"2019","12","Virginia","Food","Salmonella enterica","Infantis","Confirmed","Religious facility","16","16","16","0","16",,,,,,
"2019","12","Minnesota","Food","Salmonella enterica","Enteritidis","Confirmed","Restaurant: Sit-down dining","2","0","2","0","2",,,,,,
"2019","12","Idaho","Food","Salmonella enterica","I 4,[5],12:i:-","Confirmed","Private home/residence","7","0","7","0","7",,,,,,
"2019","12","Texas","Food","Salmonella enterica","unknown","Suspected","Caterer","21","0","20","0","20",,,,,,
"2019","12","Idaho","Food","Salmonella enterica","Newport","Confirmed","Banquet Facility (food prepared and served on-site)","8","6","7","0","8",,,,,,
"2020","1","Multistate","Animal contact","Salmonella enterica","Anatum","Confirmed","Agricultural feed store;Private home/residence","41","3","23","0","23",,,,,,"Poultry"
"2020","1","New Mexico","Food","Salmonella enterica","Oranienburg","Confirmed","Restaurant: Buffet","18","2","18","0","10","ground beef","ground beef","Beef",,,
"2020","1","Wisconsin","Indeterminate/unknown","Salmonella enterica","Saintpaul","Confirmed","Child daycare/preschool","4","0","4","0","4",,,,,,
"2020","1","Idaho","Indeterminate/unknown","Salmonella enterica","Muenchen","Suspected","Private home/residence","2","0","2","0","2",,,,,,
"2020","1","Multistate","Food","Salmonella enterica","Stanley","Confirmed","Restaurant: Sit-down dining","55","6","48","0","55","Woodear Mushrooms","mushrooms","Fungi",,,
"2020","1","Multistate","Animal contact","Salmonella enterica","Agona","Confirmed","Agricultural feed store;Private home/residence","37","10","26","0","26",,,,,,"Poultry"
"2020","1","Kansas","Food","Salmonella enterica","Enteritidis","Confirmed","Restaurant: Sit-down dining","6",,"0","0","6","Grilled chicken",,"Chicken",,,
"2020","1","Multistate","Animal contact","Salmonella enterica","Muenster","Confirmed","Unknown","18","11","17","0","17",,,,,,"Lizard"
"2020","1","Missouri","Food","Salmonella enterica","Enteritidis","Confirmed","Restaurant: Other","5","0","5","0","5",,,,,,
"2020","2","Wisconsin","Food","Salmonella enterica","Muenster","Confirmed","Grocery store/bakery/deli/convenience store","8","1","5","0","5","pork, carnitas",,"Multiple",,,
"2020","2","Utah","Food","Salmonella enterica","I 4,[5],12:i:-","Confirmed","Restaurant: Buffet","3","0","3","0","3",,,,,,
"2020","2","Massachusetts","Food","Salmonella enterica","Infantis","Confirmed","Restaurant: Sit-down dining","8","1","8","0","8",,,,,,
"2020","2","Indiana","Food","Salmonella enterica","Baildon","Confirmed","Restaurant: Sit-down dining","6","3","5","0","6",,"tomato","Seeded Vegetables",,,
"2020","2","Multistate","Animal contact","Salmonella enterica","Infantis","Confirmed","Private home/residence;Agricultural feed store","32","5","17","0","18",,,,,,"Poultry"
"2020","2","Multistate","Animal contact","Salmonella enterica","Hadar","Confirmed","Private home/residence;Agricultural feed store","848","179","524","0","509",,,,,,"Poultry"
"2020","2","Colorado","Food","Salmonella enterica","unknown","Suspected","Restaurant: Other","2","0","0","0","0",,,,,,
"2020","2","Multistate","Food","Salmonella enterica","Berta","Confirmed","Unknown","13","1","8","0","8",,,,,,
"2020","2","California","Food","Salmonella enterica","I 4,[5],12:i:-","Confirmed","Private home/residence","41","4","41","0","41","whole pig","pork","Pork",,,
"2020","3","Wisconsin","Food","Salmonella enterica","Muenster","Confirmed","Grocery store/bakery/deli/convenience store","4","0","4","0","4","pork",,"Pork",,,
"2020","3","Arizona","Food","Salmonella enterica","Panama","Confirmed","Unknown","7","2","7","0","7",,,,,,
"2020","3","Multistate","Animal contact","Salmonella enterica","Braenderup","Confirmed","Private home/residence;Agricultural feed store","54","6","23","0","22",,,,,,"Poultry"
"2020","3","Multistate","Animal contact","Salmonella enterica","Enteritidis","Confirmed","Private home/residence;Agricultural feed store","133","28","79","0","72",,,,,,"Poultry"
"2020","3","Multistate","Animal contact","Salmonella enterica","Mbandaka","Confirmed","Agricultural feed store;Private home/residence","38","4","16","0","16",,,,,,"Poultry"
"2020","3","Multistate","Animal contact","Salmonella enterica","Enteritidis","Confirmed","Agricultural feed store;Private home/residence","66","11","47","0","45",,,,,,"Poultry"
"2020","3","Multistate","Animal contact","Salmonella enterica","Enteritidis","Confirmed","Private home/residence;Agricultural feed store","157","29","75","0","73",,,,,,"Poultry"
"2020","3","Multistate","Animal contact","Salmonella enterica","Enteritidis","Confirmed","Agricultural feed store;Private home/residence","35","7","22","0","21",,,,,,"Poultry"
"2020","4","Pennsylvania","Animal contact","Salmonella enterica","Enteritidis","Confirmed","Agricultural feed store;Private home/residence","2","0","2","0","2",,,,,,"Poultry"
"2020","4","Ohio","Person-to-person","Salmonella enterica","Agona","Confirmed","Other","2","0","2","0","2",,,,,,
"2020","4","Massachusetts","Indeterminate/unknown","Salmonella enterica","Enteritidis","Confirmed","Correctional/detention facility","7","1","7","0","7",,,,,,
"2020","4","Texas","Food","Salmonella enterica","Agona","Confirmed","Restaurant: Fast-food (drive up service or pay at counter);Other;Grocery store/bakery/deli/convenience store;Restaurant: Sit-down dining","33","0","28","0","28",,,,,,
"2020","4","Multistate","Animal contact","Salmonella enterica","Typhimurium","Confirmed","Agricultural feed store;Private home/residence","28","4","15","0","15",,,,,,"Poultry"
"2020","4","Multistate","Animal contact","Salmonella enterica","Thompson","Confirmed","Private home/residence;Agricultural feed store","22","3","16","0","14",,,,,,"Poultry"
"2020","4","Multistate","Animal contact","Salmonella enterica","Newport","Confirmed","Private home/residence;Agricultural feed store","28","7","12","0","12",,,,,,"Poultry"
"2020","4","Multistate","Animal contact","Salmonella enterica","Infantis","Confirmed","Agricultural feed store;Private home/residence","80","12","37","0","38",,,,,,"Poultry"
"2020","4","Multistate","Animal contact","Salmonella enterica","I 4,[5],12:i:-","Confirmed","Agricultural feed store;Private home/residence","54","14","34","1","36",,,,,,"Poultry"
"2020","4","Multistate","Animal contact","Salmonella enterica","Typhimurium","Confirmed","Unknown","49","11","42","0","44",,,,,,"Hedgehog"
"2020","4","Arizona","Food","Salmonella enterica","Oranienburg","Confirmed","Unknown","11","4","11","0","11",,,,,,
"2020","5","Multistate","Indeterminate/unknown","Salmonella enterica","Enteritidis","Suspected","Other","7","0","7","0","7",,,,,,
"2020","5","Minnesota","Food","Salmonella enterica","Enteritidis","Confirmed","Restaurant: Fast-food (drive up service or pay at counter)","2","0","2","0","2",,,,,,
"2020","5","Rhode Island","Food","Salmonella enterica","Enteritidis","Confirmed","Unknown","14","2","10","0","10",,,,,,
"2020","5","Pennsylvania","Indeterminate/unknown","Salmonella enterica","Enteritidis","Confirmed","Private home/residence","3","2","3","0","3",,,,,,
"2020","5","Multistate","Animal contact","Salmonella enterica","Muenchen","Confirmed","Private home/residence;Agricultural feed store","26","5","18","0","18",,,,,,"Poultry"
"2020","5","Multistate","Food","Salmonella enterica","Rubislaw","Confirmed","Private home/residence","37","14","33","0","34","Mango","mango","Fruits",,,
"2020","5","Multistate","Food","Salmonella enterica","Newport","Confirmed","Unknown","15","2","10","0","10",,,,,,
"2020","5","Connecticut","Food","Salmonella enterica","Agona","Confirmed","Festival/fair","2","2","2","0","2",,,,,,
"2020","5","Kentucky","Food","Salmonella enterica","Enteritidis","Confirmed","Correctional/detention facility","40","0","40","0","40",,,,,,
"2020","5","Florida","Food","Salmonella enterica","Oranienburg","Confirmed","Restaurant: Sit-down dining","13","1","13","0","13",,,,,,
"2020","6","Multistate","Food","Salmonella enterica","Thompson","Confirmed","Grocery store/bakery/deli/convenience store;Restaurant: Other;Restaurant: Sit-down dining","34","3","23","0","23","sushi",,"Multiple",,,
"2020","6","Multistate","Animal contact","Salmonella enterica","Sandiego","Confirmed","Private home/residence","17","5","12","0","11",,,,,,"Turtle"
"2020","6","Multistate","Food","Salmonella enterica","Enteritidis","Confirmed","Private home/residence","30","11","22","0","20","chicken",,"Chicken",,,
"2020","6","Georgia","Food","Salmonella enterica","Enteritidis","Confirmed","Correctional/detention facility","2","0","2","0","2","turkey;chicken","turkey;chicken","Multiple",,,
"2020","6","Multistate","Food","Salmonella enterica","Enteritidis","Confirmed","Private home/residence","101","28","90","0","88","peaches, unspecified","peaches","Fruits",,,
"2020","6","Multistate","Food","Salmonella enterica","Newport","Confirmed","Camp;Restaurant: Fast-food (drive up service or pay at counter);Long-term care/nursing home/assisted living facility;Restaurant: Other;Grocery store/bakery/deli/convenience store;Farm/dairy/agricultural setting;Private home/residence;Restaurant: Sit-down dining","1,132","167","705","0","708","Red Onion",,"Root/Underground",,,
"2020","6","Ohio","Food","Salmonella enterica","Enteritidis","Confirmed","Restaurant: Other","5","0","0","0","0","hummus",,"N/A",,,
"2020","6","Illinois","Food","Salmonella enterica","Enteritidis","Confirmed","Unknown","4","1","4","0","4","Garlic Bread;chicken alfredo",,"Multiple",,,
"2020","7","Illinois","Food","Salmonella enterica","Enteritidis","Confirmed","Restaurant: Sit-down dining","5","0","5","0","5",,,,,,
"2020","7","Michigan","Food","Salmonella enterica","Enteritidis","Confirmed","Private home/residence","7","2","7","0","7","pie, unspecified;cake, unspecified","egg","Eggs",,,
"2020","7","Multistate","Animal contact","Salmonella enterica","Typhimurium","Confirmed","Private home/residence;Agricultural feed store","43","5","16","0","19",,,,,,"Poultry"
"2020","7","Multistate","Food","Salmonella enterica","Stanley","Confirmed","Private home/residence;Restaurant: Sit-down dining","25","4","10","0","11",,,,,,
"2020","7","Multistate","Food","Salmonella enterica","Paratyphi B var. L(+) tartrate +","Confirmed","Restaurant: Fast-food (drive up service or pay at counter)","18","1","15","0","10","smoothie bowl;Smoothie","Cashews","Nuts-seeds",,,
"2020","7","Kentucky","Food","Salmonella enterica","Newport","Confirmed","Restaurant: Sit-down dining","6","2","4","0","6",,,,,,
"2020","7","Multistate","Food","Salmonella enterica","Newport","Confirmed","Private home/residence","80","17","60","0","62","Cantaloupe; Watermelon",,"Fruits",,,
"2020","7","Multistate","Food","Salmonella enterica","Saintpaul","Confirmed","Unknown","56","10","23","0","19",,,,,,
"2020","7","Multistate","Food","Salmonella enterica","Typhimurium","Confirmed","Unknown","26","2","8","0","8",,,,,,
"2020","7","Wisconsin","Food","Salmonella enterica","Enteritidis","Confirmed","Restaurant: Sit-down dining","4","2","4","0","4","chicken",,"Chicken",,,
"2020","7","Nebraska","Food","Salmonella enterica","Enteritidis","Confirmed","Private home/residence","7","0","7","0","7",,,,,,
"2020","7","Iowa","Food","Salmonella enterica","Montevideo","Confirmed","Restaurant: Sit-down dining","7","0","7","0","7",,,,,,
"2020","7","Kentucky","Food","Salmonella enterica","Enteritidis","Confirmed","Grocery store/bakery/deli/convenience store","14","1","14","0","14","Vegetable Lasagna",,"Multiple",,,
"2020","7","Pennsylvania","Indeterminate/unknown","Salmonella enterica","Typhimurium","Confirmed","Private home/residence","2","0","0","0","2",,,,,,
"2020","8","California","Food","Salmonella enterica","Newport","Confirmed","Restaurant: Sit-down dining","14","3","14","0","14","shrimp dishes","shrimp","Crustaceans",,,
"2020","8","Hawaii","Person-to-person","Salmonella enterica","Agona","Confirmed","Private home/residence","2","0","2","0","2",,,,,,
"2020","8","Multistate","Animal contact","Salmonella enterica","Typhimurium","Confirmed","Private home/residence;Other","43","14","38","1","36",,,,,,"Turtle"
"2020","8","New York","Food","Salmonella enterica","Enteritidis","Confirmed","Restaurant: Sit-down dining","2","0","0","0","0",,,,,,
"2020","8","Colorado","Food","Salmonella enterica","Javiana","Confirmed","Restaurant: Sit-down dining","17","3","17","0","17",,,,,,
"2020","8","Michigan","Food","Salmonella enterica","Enteritidis","Confirmed","Restaurant: Sit-down dining","4","0","3","0","3",,,,,,
"2020","8","Pennsylvania","Person-to-person","Salmonella enterica","Group B","Confirmed","Private home/residence","2","1","2","0","2",,,,,,
"2020","8","Multistate","Animal contact","Salmonella enterica","Liverpool","Confirmed","Private home/residence","15","1","4","1","4",,,,,,"Poultry"
"2020","8","Puerto Rico","Food","Salmonella enterica","unknown","Confirmed","Private home/residence","2","2","2","0","2","Eggs",,"Eggs",,,
"2020","8","Tennessee","Food","Salmonella enterica","Enteritidis","Suspected","Restaurant: Buffet","9","0","9","0","9","mayonnaise",,"Other",,,
"2020","9","Ohio","Food","Salmonella enterica",,"Confirmed","Private home/residence","5","1","3","0","5","soup unspecified",,"Multiple",,,
"2020","9","Puerto Rico","Person-to-person","Salmonella enterica","unknown","Confirmed","Private home/residence","4","0","4","0","4",,,,,,
"2020","9","Multistate","Food","Salmonella enterica","Typhimurium","Confirmed","Unknown","47","10","35","0","35",,,,,,
"2020","9","Multistate","Food","Salmonella enterica","Potsdam","Confirmed","Grocery store/bakery/deli/convenience store;Restaurant: Sit-down dining","7","1","4","0","4","smoked fish",,"Fish",,,
"2020","9","New York","Food","Salmonella enterica","Enteritidis","Confirmed","Restaurant: Sit-down dining","2","0","2","0","2","hummus","tahini;chick peas","Multiple",,,
"2020","10","Multistate","Food","Salmonella enterica","Dublin","Confirmed","Unknown","8","6","7","1","7",,,,,,
"2020","10","Illinois","Food","Salmonella enterica","other","Suspected","Restaurant: Sit-down dining","3","0","3","0","3",,,,,,
"2020","10","Michigan","Food","Salmonella enterica","Enteritidis","Confirmed","Restaurant: Sit-down dining","30","11","27","0","27",,,,,,
"2020","10","Ohio","Food","Salmonella enterica","Enteritidis","Confirmed","Caterer","5","2","5","0","5",,,,,,
"2020","10","South Carolina","Person-to-person","Salmonella enterica","Javiana","Suspected","School/college/university","6","0","6","0","6",,,,,,
"2020","11","Iowa","Indeterminate/unknown","Salmonella enterica","Braenderup","Confirmed","Other","13","1","12","0","12",,,,,,
"2020","11","Multistate","Food","Salmonella enterica","Miami","Confirmed","School/college/university;Restaurant: Sit-down dining;Hospital;Long-term care/nursing home/assisted living facility","65","28","54","0","55","tomatoes","tomato","Seeded Vegetables",,,
"2020","11","Multistate","Animal contact","Salmonella enterica","Ealing","Confirmed","Private home/residence;Other","15","2","12","0","13",,,,,,"Lizard"
"2020","11","Multistate","Food","Salmonella enterica","Braenderup","Confirmed","Unknown","36","12","28","0","28",,,,,,
"2020","11","Tennessee","Food","Salmonella enterica","Muenchen","Confirmed","Hotel/motel","99","4","99","0","99","meat chili","sausage, pork","Pork",,,
"2020","11","South Carolina","Person-to-person","Salmonella enterica","Newport","Confirmed","Child daycare/preschool","2","0","2","0","2",,,,,,
"2020","12","Multistate","Animal contact","Salmonella enterica","Uganda","Confirmed","Private home/residence","56","19","49","0","50",,,,,,"Lizard"
"2020","12","Multistate","Food","Salmonella enterica","Enteritidis","Confirmed","Private home/residence","26","13","22","0","18","chicken","chicken","Chicken",,,
"2020","12","Texas","Animal contact","Salmonella enterica",,"Suspected","Private home/residence","2","0","2","0","2",,,,,,"Lizard"
"2020","12","Colorado","Food","Salmonella enterica","Typhimurium","Confirmed","Private home/residence","3","2","3","0","3",,,,,,
"2020","12","Louisiana","Food","Salmonella enterica","other","Confirmed","Caterer","60","5","34","0","60",,,,,,
"2020","12","Puerto Rico","Food","Salmonella enterica","unknown","Suspected","Unknown","5","1","5","0","5","Roasted Pork","pork","Pork",,,
"2020","12","Kansas","Food","Salmonella enterica","Enteritidis","Confirmed","Correctional/detention facility","20","1","20","0","20","chicken enchiladas",,"Multiple",,,
"2020","12","Multistate","Food","Salmonella enterica","Hadar","Confirmed","Private home/residence","34","4","22","0","22","Ground turkey","ground turkey","Turkey",,,
"2020","12","Multistate","Animal contact","Salmonella enterica","Typhimurium","Confirmed","Private home/residence","29","13","25","0","26",,,,,,"Bird, not including poultry"
"2020","12","Multistate","Animal contact","Salmonella enterica","Hadar","Confirmed","Private home/residence;Agricultural feed store","364","109","267","0","269",,,,,,"Poultry"
"2020","12","Multistate","Animal contact","Salmonella enterica","Infantis","Confirmed","Agricultural feed store;Private home/residence","287","58","223","1","229",,,,,,"Poultry"
"2021","1","Multistate","Animal contact","Salmonella enterica","Muenster","Confirmed","Private home/residence","15","2","9","0","9",,,,,,"Lizard"
"2021","1","Puerto Rico","Food","Salmonella enterica","unknown","Confirmed","Unknown","2","2","2","0","2",,,,,,
"2021","1","Multistate","Food","Salmonella enterica","Oranienburg","Confirmed","Grocery store/bakery/deli/convenience store;Private home/residence","9","6","9","0","9","Hass avocado",,"Fruits",,,
"2021","1","Arizona","Food","Salmonella enterica","Braenderup","Confirmed","Restaurant: Sit-down dining","13","4","13","0","13",,,,,,
"2021","1","Tennessee","Environmental contamination other than food/water","Salmonella enterica","Javiana","Confirmed","Other healthcare facility","3","0","3","0","3",,,,,,
"2021","1","Multistate","Animal contact","Salmonella enterica","Lome","Confirmed","Private home/residence","14","4","10","0","10",,,,,,"Lizard"
"2021","1","Nevada","Indeterminate/unknown","Salmonella enterica","Anatum","Confirmed",,"5","4","5","0","5",,,,,,
"2021","2","Ohio","Food","Salmonella enterica","Reading","Confirmed","Private home/residence;Grocery store/bakery/deli/convenience store","3","3","3","0","3",,,,,,
"2021","2","Puerto Rico","Food","Salmonella enterica","unknown","Suspected","Restaurant: Fast-food (drive up service or pay at counter)","2","1","2","0","2",,,,,,
"2021","2","Multistate","Food","Salmonella enterica","Weltevreden","Confirmed","Private home/residence;Grocery store/bakery/deli/convenience store","9","3","9","0","5","shrimp cocktail","shrimp","Crustaceans",,,
"2021","2","Multistate","Food","Salmonella enterica","I 4,[5],12:i:-","Confirmed","Unknown","25","5","18","0","19",,,,,,
"2021","2","Multistate","Food","Salmonella enterica","Enteritidis","Confirmed","Private home/residence","36","12","32","0","34","frozen stuffed chicken","chicken","Chicken",,,
"2021","2","Multistate","Animal contact","Salmonella enterica","Poona","Confirmed","Private home/residence","56","22","46","0","46",,,,,,"Turtle"
"2021","2","Multistate","Animal contact","Salmonella enterica","Enteritidis","Confirmed","Private home/residence;Agricultural feed store","133","36","102","0","101",,,,,,"Poultry"
"2021","2","Multistate","Animal contact","Salmonella enterica","Enteritidis","Confirmed","Agricultural feed store;Private home/residence","21","6","11","0","11",,,,,,"Poultry"
"2021","2","Multistate","Indeterminate/unknown","Salmonella enterica","Braenderup","Confirmed","Unknown","13","0","8","0","8",,,,,,
"2021","2","Maine","Food","Salmonella enterica","Mbandaka","Confirmed","School/college/university","129","0","129","0","129","Pad Thai",,"Multiple",,,
"2021","3","Illinois","Person-to-person","Salmonella enterica","Panama","Confirmed","Child daycare/preschool","2","2","2","0","2",,,,,,
"2021","3","Louisiana","Food","Salmonella enterica","Typhimurium","Confirmed","Restaurant: Fast-food (drive up service or pay at counter);Private home/residence","11","6","11","0","11",,,,,,
"2021","3","Illinois","Food","Salmonella enterica","Enteritidis","Confirmed","Caterer","21","0","21","0","0","potato salad",,"Multiple",,,
"2021","3","Multistate","Animal contact","Salmonella enterica","Vitkin","Confirmed","Private home/residence","12","5","11","0","10",,,,,,"Lizard"
"2021","3","Minnesota","Food","Salmonella enterica","Javiana","Confirmed","Grocery store/bakery/deli/convenience store","4","1","3","0","4","Napa Cabbage Salad","cabbage","Vegetable Row Crops",,,
"2021","3","Massachusetts","Food","Salmonella enterica","Enteritidis","Confirmed","Restaurant: Sit-down dining","4","0","4","0","4",,,,,,
"2021","3","Multistate","Food","Salmonella enterica","Manhattan","Confirmed","Unknown","11","3","7","0","8",,,,,,
"2021","3","Multistate","Animal contact","Salmonella enterica","Enteritidis","Confirmed","Private home/residence;Agricultural feed store","92","15","65","1","66",,,,,,"Poultry"
"2021","3","Multistate","Animal contact","Salmonella enterica","Enteritidis","Confirmed","Private home/residence;Agricultural feed store","52","11","39","0","39",,,,,,"Poultry"
"2021","3","Multistate","Animal contact","Salmonella enterica","Infantis","Confirmed","Agricultural feed store;Private home/residence","52","13","39","0","38",,,,,,"Poultry"
"2021","3","Multistate","Animal contact","Salmonella enterica","Mbandaka","Confirmed","Agricultural feed store;Private home/residence","40","7","24","0","26",,,,,,"Poultry"
"2021","3","Multistate","Food","Salmonella enterica","Typhimurium","Confirmed","Unknown","83","23","48","0","45",,,,,,
"2021","4","Multistate","Food","Salmonella enterica","Enteritidis","Confirmed","Unknown","24","4","22","0","22",,,,,,
"2021","4","Minnesota","Food","Salmonella enterica","Braenderup","Confirmed","Restaurant: Sit-down dining","10","4","10","1","10",,,,,,
"2021","4","Alabama","Indeterminate/unknown","Salmonella enterica","Enteritidis","Confirmed","Restaurant","13","1","12","0","12",,,,,,
"2021","4","Florida","Food","Salmonella enterica","Enteritidis","Confirmed","Private home/residence","7","2","7","0","7",,,,,,
"2021","4","Colorado","Indeterminate/unknown","Salmonella enterica","Enteritidis","Suspected","Other","3","0","3","0","3",,,,,,
"2021","4","Multistate","Food","Salmonella enterica","Bareilly","Confirmed","Unknown","69","8","48","0","49",,,,,,
"2021","4","Minnesota","Food","Salmonella enterica","Enteritidis","Confirmed","Restaurant: Sit-down dining","8","1","8","0","8","Guacamole salad;chicken",,"Multiple",,,
"2021","4","Multistate","Indeterminate/unknown","Salmonella enterica","Miami","Confirmed","Private home/residence","6","2","5","0","4",,,,,,
"2021","4","Iowa","Food","Salmonella enterica","Hadar","Confirmed","Restaurant: Fast-food (drive up service or pay at counter)","10","0","10","0","10",,,,,,
"2021","4","Multistate","Animal contact","Salmonella enterica","Enteritidis","Confirmed","Private home/residence;Agricultural feed store","43","10","31","0","30",,,,,,"Poultry"
"2021","4","Multistate","Animal contact","Salmonella enterica","Muenchen","Confirmed","Private home/residence;Agricultural feed store","15","3","10","0","11",,,,,,"Poultry"
"2021","5","Multistate","Food","Salmonella enterica","Oranienburg","Confirmed","Unknown","1,040","260","778","0","0","onions",,"Root/Underground",,,
"2021","5","Ohio","Food","Salmonella enterica","Enteritidis","Confirmed","Other","3","1","3","0","3","shredded iceberg lettuce","iceberg lettuce","Vegetable Row Crops",,,
"2021","5","Indiana","Food","Salmonella enterica","Infantis","Confirmed","Unknown","26","13","24","0","24",,,,,,
"2021","5","Multistate","Food","Salmonella enterica","Brandenburg","Confirmed","Unknown","49","17","36","0","40",,,,,,
"2021","5","Multistate","Animal contact","Salmonella enterica","Enteritidis","Confirmed","Private home/residence;Agricultural feed store","28","5","15","0","17",,,,,,"Poultry"
"2021","5","Multistate","Food","Salmonella enterica","Thompson","Confirmed","Restaurant: Other;Grocery store/bakery/deli/convenience store;Private home/residence;Restaurant: Sit-down dining","115","20","112","0","112","Seafood",,"N/A",,,
"2021","5","Illinois","Food","Salmonella enterica","Anatum","Confirmed","Private home/residence","3","0","3","0","2",,,,,,
"2021","5","Multistate","Food","Salmonella enterica","Braenderup","Confirmed","Restaurant: Sit-down dining","10","2","9","0","9","chicken",,"Chicken",,,
"2021","5","Hawaii","Person-to-person","Salmonella enterica","other","Confirmed","Private home/residence","2","0","2","0","2",,,,,,
"2021","6","Illinois","Food","Salmonella enterica","other","Confirmed","Grocery store/bakery/deli/convenience store","4","1","4","0","4",,,,,,
"2021","6","Illinois","Person-to-person","Salmonella enterica","other","Confirmed","Long-term care/nursing home/assisted living facility","2","2","2","0","0",,,,,,
"2021","6","Colorado","Food","Salmonella enterica","unknown","Suspected","Restaurant: Sit-down dining","4","0","4","0","4",,,,,,
"2021","6","Multistate","Indeterminate/unknown","Salmonella enterica","Telelkebir","Confirmed","Private home/residence","16","6","12","0","12",,,,,,
"2021","6","Multistate","Food","Salmonella enterica","Typhimurium","Confirmed","Private home/residence","31","4","29","0","29","prepackaged leafy greens",,"Vegetable Row Crops",,,
"2021","6","Multistate","Food","Salmonella enterica","Brandenburg","Confirmed","Private home/residence","6","3","6","0","5",,,,,,
"2021","6","Minnesota","Food","Salmonella enterica","Enteritidis","Confirmed","Restaurant: Buffet","24","4","24","0","24","watermelon","watermelon","Fruits",,,
"2021","6","Virginia","Indeterminate/unknown","Salmonella enterica","Paratyphi B var. L(+) tartrate +","Confirmed","Child daycare/preschool","3","0","3","0","3",,,,,,
"2021","6","California","Food","Salmonella enterica","Enteritidis","Confirmed","Restaurant: Sit-down dining","2","0","2","0","2",,,,,,
"2021","7","Multistate","Food","Salmonella enterica","Typhimurium","Confirmed","Private home/residence","11","4","10","1","10","blackberries","blueberries","Fruits",,,
"2021","7","Wisconsin","Food","Salmonella enterica","Oranienburg","Confirmed","Farm/dairy/agricultural setting","8","2","8","0","8","peas, green",,"Seeded Vegetables",,,
"2021","7","Michigan","Food","Salmonella enterica","Typhimurium","Confirmed","Private home/residence","8","0","8","0","8","potato salad",,"Multiple",,,
"2021","7","Hawaii","Person-to-person","Salmonella enterica","Berta","Confirmed","Private home/residence","2","1","2","0","2",,,,,,
"2021","7","Minnesota","Food","Salmonella enterica","Typhimurium","Confirmed","Private home/residence","16","1","16","0","16",,,,,,
"2021","7","Kentucky","Food","Salmonella enterica","Enteritidis","Confirmed","Private home/residence","4","1","4","0","4","deli meat, sliced turkey",,"Turkey",,,
"2021","7","Virginia","Food","Salmonella enterica","Enteritidis","Confirmed","Restaurant: Sit-down dining","7","1","7","0","0",,,,,,
"2021","7","Utah","Food","Salmonella enterica","Enteritidis","Confirmed","Private home/residence","87","1","87","0","87","Chicken, frozen",,"Chicken",,,
"2021","7","Wisconsin","Food","Salmonella enterica","Enteritidis","Confirmed","Private home/residence","8","0","6","0","6","chicken, curry",,"Multiple",,,
"2021","7","Georgia","Indeterminate/unknown","Salmonella enterica","unknown","Suspected","Long-term care/nursing home/assisted living facility","6","1","6","0","6",,,,,,
"2021","7","Puerto Rico","Food","Salmonella enterica","unknown","Suspected","Other","27","2","27","0","27","turkey, stew",,"Turkey",,,
"2021","7","Colorado","Food","Salmonella enterica","Group B","Suspected","Restaurant: Fast-food (drive up service or pay at counter)","2","1","2","0","2",,,,,,
"2021","7","Multistate","Food","Salmonella enterica","Muenchen","Confirmed","Unknown","15","4","12","0","12",,,,,,
"2021","7","Maine","Food","Salmonella enterica","Saintpaul","Confirmed","Caterer;Grocery store/bakery/deli/convenience store;Restaurant: Other","5","2","5","0","5","crab","crab","Crustaceans",,,
"2021","7","Idaho","Food","Salmonella enterica","Saintpaul","Suspected","Restaurant: Sit-down dining","2","0","2","0","2","caesar salad","Sauces/ Dressings","Multiple",,,
"2021","7","California","Food","Salmonella enterica","Typhimurium","Confirmed",,"24","5","19","0","19",,,,,,
"2021","7","Multistate","Food","Salmonella enterica","Lomalinda","Confirmed","Unknown","10","4","10","1","10",,,,,,
"2021","7","Puerto Rico","Person-to-person","Salmonella enterica","unknown","Confirmed","Unknown","3","1","3","0","3",,,,,,
"2021","7","Illinois","Food","Salmonella enterica","Uganda","Confirmed","Caterer","3","2","2","0","2",,,,,,
"2021","8","Michigan","Indeterminate/unknown","Salmonella enterica","Typhimurium","Confirmed","Unknown","12","2","9","0","9",,,,,,
"2021","8","Multistate","Animal contact","Salmonella enterica","Sandiego","Confirmed","Private home/residence","9","2","5","0","7",,,,,,"Turtle"
"2021","8","Ohio","Food","Salmonella enterica","Newport","Confirmed","Restaurant: Sit-down dining;Restaurant: Buffet","5","0","5","0","5",,,,,,
"2021","8","South Dakota","Food","Salmonella enterica","Berta","Confirmed","Festival/fair;Unknown","13","2","13","0","13",,,,,,
"2021","8","Nebraska","Person-to-person","Salmonella enterica","Enteritidis","Confirmed","Other","9","4","9","0","9",,,,,,
"2021","8","Kentucky","Food","Salmonella enterica","Typhimurium","Confirmed","Restaurant: Sit-down dining","11","0","5","0","1",,,,,,
"2021","8","Multistate","Animal contact","Salmonella enterica","Indiana","Confirmed","Agricultural feed store;Private home/residence","8","1","5","0","5",,,,,,"Poultry"
"2021","8","Multistate","Food","Salmonella enterica","Enteritidis","Confirmed","Unknown;Restaurant: Other","17","2","13","0","13",,,,,,
"2021","8","Texas","Indeterminate/unknown","Salmonella enterica","unknown","Suspected","Correctional/detention facility","2","1","1","0","1",,,,,,
"2021","8","California","Food","Salmonella enterica","Javiana","Confirmed","Restaurant: Fast-food (drive up service or pay at counter)","8","1","8","0","8",,,,,,
"2021","8","Kansas","Food","Salmonella enterica","Enteritidis","Confirmed","Correctional/detention facility","21",,"0","0","21",,,,,,
"2021","8","Kansas","Food","Salmonella enterica","other","Confirmed","Restaurant: Sit-down dining","2","0","2","0","2",,,,,,
"2021","9","Connecticut","Food","Salmonella enterica","Enteritidis","Confirmed","Private home/residence","7","2","7","0","7",,,,,,
"2021","9","Connecticut","Food","Salmonella enterica","other","Confirmed","Other","5","1","4","0","4",,,,,,
"2021","9","Pennsylvania","Indeterminate/unknown","Salmonella enterica","Javiana","Confirmed","Private home/residence","2","0","2","0","2",,,,,,
"2021","9","Multistate","Food","Salmonella enterica","Saintpaul","Confirmed","Unknown","12","7","9","0","9",,,,,,
"2021","9","Texas","Food","Salmonella enterica","unknown","Suspected","Grocery store/bakery/deli/convenience store","30","1","1","0","1","Fried Chicken;potato salad",,"Multiple",,,
"2021","9","Multistate","Food","Salmonella enterica","I 4,[5],12:i:-","Confirmed","Unknown","36","7","29","0","29","Salame Sticks","salami, pork","Pork",,,
"2021","9","Illinois","Food","Salmonella enterica","Typhimurium","Confirmed","Restaurant: Sit-down dining","82","4","72","0","82",,,,,,
"2021","9","Multistate","Food","Salmonella enterica","Newport","Confirmed","Private home/residence","76","27","63","0","76","beef, jerky",,"Beef",,,
"2021","9","Illinois","Food","Salmonella enterica","Javiana","Confirmed","Restaurant: Sit-down dining","15","2","15","0","15",,,,,,
"2021","9","Pennsylvania","Indeterminate/unknown","Salmonella enterica","Newport","Confirmed","Private home/residence","2","0","2","0","2",,,,,,
"2021","9","Missouri","Indeterminate/unknown","Salmonella enterica","Thompson","Confirmed","Child daycare/preschool","2","1","2","0","2",,,,,,
"2021","10","Minnesota","Food","Salmonella enterica","I 4,[5],12:i:-","Confirmed","Restaurant: Other","3","0","3","0","3",,,,,,
"2021","10","Idaho","Food","Salmonella enterica","Enteritidis","Suspected","Farm/dairy/agricultural setting","2","0","2","0","2","Eggs","egg","Eggs",,,
"2021","10","North Carolina","Person-to-person","Salmonella enterica","unknown","Confirmed","Child daycare/preschool","2","0","2","0","2",,,,,,
"2021","10","Multistate","Food","Salmonella enterica","Javiana","Confirmed","Private home/residence;Long-term care/nursing home/assisted living facility;Grocery store/bakery/deli/convenience store;Other healthcare facility;Hospital","70","15","35","3","57","cut cantaloupe","cantaloupe","Fruits",,,
"2021","10","Colorado","Food","Salmonella enterica","I 4,[5],12:i:-","Confirmed","Private home/residence;Restaurant: Fast-food (drive up service or pay at counter)","25","5","25","0","25","beef, raw","ground beef","Beef",,,
"2021","10","Arizona","Food","Salmonella enterica","Panama","Confirmed","Restaurant: Sit-down dining","6","2","4","0","6",,,,,,
"2021","10","Multistate","Animal contact","Salmonella enterica","Subspecies IIIb","Confirmed","Residence - Single-family home;Residence - Multi-unit housing","20","5","14","0","15",,,,,,"Lizard"
"2021","11","Arizona","Food","Salmonella enterica","Poona","Confirmed","Long-term care/nursing home/assisted living facility","2","1","2","0","2",,,,,,
"2021","11","Oregon","Food","Salmonella enterica","I 4,[5],12:i:-","Confirmed","Unknown","2","1","1","0","0",,,,,,
"2021","11","Nebraska","Food","Salmonella enterica","Virchow","Confirmed","Restaurant: Fast-food (drive up service or pay at counter)","4","1","4","0","4",,,,,,
"2021","11","Utah","Person-to-person","Salmonella enterica","Typhi","Confirmed","Private home/residence","4","2","4","0","4",,,,,,
"2021","11","Alabama","Indeterminate/unknown","Salmonella enterica","Enteritidis","Suspected","Restaurant","3","0","3","0","3",,,,,,
"2021","11","Pennsylvania","Indeterminate/unknown","Salmonella enterica","Schwarzengrund","Confirmed","Religious facility","3","0","3","0","3",,,,,,
"2021","11","Minnesota","Food","Salmonella enterica","Enteritidis","Confirmed","Restaurant: Buffet","6","0","6","0","6",,,,,,
"2021","11","Connecticut","Food","Salmonella enterica","Typhimurium","Confirmed","Festival/fair;Restaurant: Fast-food (drive up service or pay at counter)","4","2","4","0","4",,,,,,
"2021","11","Washington","Food","Salmonella enterica","Enteritidis","Suspected","Private home/residence","5","2","5","0","5","Posole","turkey","Turkey",,,
"2021","12","Colorado","Food","Salmonella enterica","unknown","Suspected","Restaurant: Other","2","0","2","0","2",,,,,,
"2021","12","Minnesota","Indeterminate/unknown","Salmonella enterica","Newport","Confirmed","Other","2","0","2","0","2",,,,,,
"2021","12","Kentucky","Food","Salmonella enterica","Newport","Confirmed","Correctional/detention facility","5","2","5","0","5","beef",,"Beef",,,
"2021","12","Multistate","Animal contact","Salmonella enterica","Typhimurium","Confirmed","Private home/residence","13","4","11","0","11",,,,,,"Turtle"
"2021","12","Multistate","Food","Salmonella enterica","Saintpaul","Confirmed","Unknown","60","12","51","0","53","tomatoes",,"Seeded Vegetables",,,
"2021","12","Arizona","Food","Salmonella enterica","Infantis","Confirmed","Unknown","5","0","5","0","5",,,,,,
"2021","12","Multistate","Animal contact","Salmonella enterica","Poona","Confirmed","Unknown","28","5","16","0","17",,,,,,"Turtle"
"2021","12","Hawaii","Indeterminate/unknown","Salmonella enterica",,"Confirmed","Private home/residence","2","2","2","0","2",,,,,,
"2022","1","Multistate","Food","Salmonella enterica","Enteritidis","Confirmed","Hotel/motel","22","6","18","0","18",,,,,,
"2022","1","Multistate","Food","Salmonella enterica","Enteritidis","Confirmed","Correctional/detention facility;Private home/residence;Restaurant: Fast-food (drive up service or pay at counter)","44","10","35","0","34","chicken, raw",,"Chicken",,,
"2022","1","Multistate","Food","Salmonella enterica","Paratyphi B var. L(+) tartrate +","Confirmed","Unknown","14","3","14","0","14","tuna, raw","tuna","Fish",,,
"2022","1","Multistate","Animal contact","Salmonella enterica","Infantis","Confirmed","Agricultural feed store;Residence - Single-family home;Residence - Multi-unit housing","111","21","75","0","74",,,,,,"Poultry"
"2022","1","Nebraska","Food","Salmonella enterica","Enteritidis","Confirmed","Correctional/detention facility","15","3","15","0","15","Mechanically Separated Chicken (MSC)","chicken","Chicken",,,
"2022","1","Rhode Island","Food","Salmonella enterica","Enteritidis","Confirmed","Restaurant: Sit-down dining","2","0","2","0","2","chicken wrap","chicken","Chicken",,,
"2022","2","Kentucky","Person-to-person","Salmonella enterica","Typhi","Confirmed","Hospital","2","1","1","0","0",,,,,,
"2022","2","Multistate","Food","Salmonella enterica","Enteritidis","Confirmed","Private home/residence;Restaurant: Sit-down dining","50","11","38","0","35","chicken",,"Chicken",,,
"2022","2","Multistate","Food","Salmonella enterica","Senftenberg","Confirmed","Unknown","21","4","13","0","14","Peanut Butter",,"Nuts-seeds",,,
"2022","2","Multistate","Food","Salmonella enterica","Bareilly","Confirmed","Restaurant: Other","23","5","15","0","15",,,,,,
"2022","2","Multistate","Animal contact","Salmonella enterica","Enteritidis","Confirmed","Residence - Single-family home;Agricultural feed store;Residence - Multi-unit housing","322","52","179","1","179",,,,,,"Poultry"
"2022","2","Multistate","Animal contact","Salmonella enterica","Hadar","Confirmed","Residence - Single-family home;Agricultural feed store;Live animal market;Farm/dairy/agricultural setting;Residence - Multi-unit housing","273","65","159","1","173",,,,,,"Poultry"
"2022","2","Multistate","Animal contact","Salmonella enterica","Infantis","Confirmed","Agricultural feed store;Residence - Multi-unit housing;Residence - Single-family home","58","6","36","0","37",,,,,,"Poultry"
"2022","2","Washington","Food","Salmonella enterica","Dublin","Confirmed","Unknown","2","0","2","0","2","kitfo",,"Multiple",,,
"2022","2","Iowa","Food","Salmonella enterica","Hvittingfoss","Confirmed","Other;Private home/residence","11","0","11","0","11",,,,,,
"2022","2","Multistate","Food","Salmonella enterica","Typhimurium","Confirmed","Unknown","14","3","10","0","12",,,,,,
"2022","3","Multistate","Animal contact","Salmonella enterica","Muenchen","Confirmed","Residence - Multi-unit housing;Residence - Single-family home","12","5","10","0","11",,,,,,"Dog or puppy"
"2022","3","Colorado","Food","Salmonella enterica","Enteritidis","Confirmed","Other","11","1","11","0","11",,,,,,
"2022","3","Multistate","Food","Salmonella enterica","Typhimurium","Confirmed","Unknown","30","8","20","0","20",,,,,,
"2022","3","Multistate","Food","Salmonella enterica","Braenderup","Confirmed","Unknown","23","6","17","0","20",,,,,,
"2022","3","Multistate","Animal contact","Salmonella enterica","Enteritidis","Confirmed","Residence - Single-family home;Farm/dairy/agricultural setting;Residence - Multi-unit housing;Agricultural feed store","93","24","67","0","67",,,,,,"Poultry"
"2022","3","Multistate","Animal contact","Salmonella enterica","Enteritidis","Confirmed","Residence - Single-family home;Residence - Multi-unit housing","118","20","75","0","72",,,,,,"Poultry"
"2022","3","Multistate","Animal contact","Salmonella enterica","Indiana","Confirmed","Residence - Single-family home;Residence - Multi-unit housing","21","4","15","0","16",,,,,,"Poultry"
"2022","3","Pennsylvania","Indeterminate/unknown","Salmonella enterica","Agbeni","Confirmed","Unknown","5","4","5",,"0",,,,,,
"2022","3","Multistate","Animal contact","Salmonella enterica","Typhimurium","Confirmed","Residence - Single-family home;Residence - Multi-unit housing","43","6","28","0","26",,,,,,"Poultry"
"2022","3","New Hampshire","Food","Salmonella enterica","Enteritidis","Confirmed","Restaurant: Sit-down dining","22","1","15","0","15","Sichuan Pepper","pepper, ground","Herbs",,,
"2022","4","Pennsylvania","Indeterminate/unknown","Salmonella enterica","Enteritidis","Suspected","Unknown","2","1","2","0","2",,,,,,
"2022","4","Multistate","Food","Salmonella enterica","Bareilly","Confirmed","Restaurant: Other","18","2","15","0","15",,,,,,
"2022","4","Multistate","Food","Salmonella enterica","Uganda","Confirmed","Unknown","21","1","16","0","14",,,,,,
"2022","4","Multistate","Animal contact","Salmonella enterica","I 4,[5],12:i:-","Confirmed","Residence - Single-family home;Residence - Multi-unit housing","12","3","6","0","5",,,,,,"Poultry"
"2022","4","Multistate","Animal contact","Salmonella enterica","Mbandaka","Confirmed","Residence - Multi-unit housing;Residence - Single-family home","26","6","16","0","16",,,,,,"Poultry"
"2022","4","Multistate","Animal contact","Salmonella enterica","Typhimurium","Confirmed","Residence - Multi-unit housing;Agricultural feed store;Residence - Single-family home","100","22","66","0","70",,,,,,"Poultry"
"2022","4","Idaho","Food","Salmonella enterica","Newport","Suspected","Residence - Single-family home","2","0","2","0","2","ground beef",,"Beef",,,
"2022","4","Arkansas","Food","Salmonella enterica","Enteritidis","Confirmed","Restaurant: Other","10","0","9","0","9",,,,,,
"2022","5","New York","Indeterminate/unknown","Salmonella enterica","Enteritidis","Confirmed","Correctional/detention facility","16","1","16","0","16",,,,,,
"2022","5","Pennsylvania","Food","Salmonella enterica","Baildon","Confirmed","Restaurant: Sit-down dining","43","13","42","0","43","tomatoes;iceberg lettuce, unspecified",,"Multiple",,,
"2022","5","Kentucky","Food","Salmonella enterica","Enteritidis","Confirmed","Restaurant: Sit-down dining;Restaurant: Other","11","4","4","0","0",,,,,,
"2022","5","Pennsylvania","Indeterminate/unknown","Salmonella enterica","Enteritidis","Suspected","Unknown","7","0","7","0","7",,,,,,
"2022","5","Multistate","Food","Salmonella enterica","Newport","Confirmed","Unknown","58","14","42","0","43",,,,,,
"2022","5","Multistate","Food","Salmonella enterica","Brandenburg","Confirmed","Private home/residence;Restaurant: Fast-food (drive up service or pay at counter)","75","9","48","0","47","tomatoes;parsley",,"Multiple",,,
"2022","5","Alabama","Food","Salmonella enterica","Infantis","Confirmed","Restaurant: Sit-down dining","2","1","1","0","0",,,,,,
"2022","5","Multistate","Food","Salmonella enterica","Enteritidis","Confirmed","Unknown","31","3","15","0","17",,,,,,
"2022","5","Multistate","Food","Salmonella enterica","Senftenberg","Confirmed","Unknown","36","5","26","0","25","tomatoes","tomato","Seeded Vegetables",,,
"2022","5","Multistate","Animal contact","Salmonella enterica","Enteritidis","Confirmed","Residence - Multi-unit housing;Residence - Single-family home","45","5","20","0","22",,,,,,"Poultry"
"2022","5","Multistate","Animal contact","Salmonella enterica","Mbandaka","Confirmed","Residence - Single-family home;Residence - Multi-unit housing","8","3","6","0","6",,,,,,"Poultry"
"2022","5","Multistate","Animal contact","Salmonella enterica","Muenster","Confirmed","Residence - Multi-unit housing;Residence - Single-family home","16","6","16","0","16",,,,,,"Lizard"
"2022","5","Illinois","Food","Salmonella enterica","Typhimurium","Confirmed","Caterer","10","2","10","0","10",,,,,,
"2022","6","Pennsylvania","Indeterminate/unknown","Salmonella enterica","Typhi","Confirmed","Private home/residence","2","0","2","0","2",,,,,,
"2022","6","Kentucky","Food","Salmonella enterica","Enteritidis","Confirmed","Restaurant: Sit-down dining","6","1","5","0","5",,,,,,
"2022","6","Multistate","Food","Salmonella enterica","Newport","Confirmed","Unknown","24","7","13","0","0",,,,,,
"2022","6","California","Food","Salmonella enterica","Agona","Confirmed","Restaurant: Fast-food (drive up service or pay at counter)","11","2","11","0","11",,,,,,
"2022","6","Illinois","Food","Salmonella enterica","Anatum","Confirmed","Other","3","1","3","0","0",,,,,,
"2022","6","Georgia","Water","Salmonella enterica","Javiana","Confirmed","Subdivision/Neighborhood","2","0","2","0","2",,,,"Recreational water -- treated","Pool - Kiddie/Wading, Permanent",
"2022","6","Connecticut","Food","Salmonella enterica","Typhimurium","Confirmed","Restaurant: Fast-food (drive up service or pay at counter)","4","2","4","0","4",,,,,,
"2022","6","Multistate","Food","Salmonella enterica","Litchfield","Confirmed","Restaurant: Sit-down dining","39","15","32","0","32","Raw Salmon",,"Fish",,,
"2022","6","Maryland","Food","Salmonella enterica","Enteritidis","Confirmed","Restaurant: Other","4","3","4","0","4",,,,,,
"2022","6","Multistate","Food","Salmonella enterica","Enteritidis","Confirmed","Unknown","43","10","37","0","38",,,,,,
"2022","6","Multistate","Food","Salmonella enterica","Saintpaul","Confirmed","Unknown","49","7","33","0","34",,,,,,
"2022","7","Wisconsin","Food","Salmonella enterica","Newport","Confirmed","Farm/dairy/agricultural setting","14","4","14","0","14","Shelled peas","peas","Seeded Vegetables",,,
"2022","7","California","Food","Salmonella enterica","Enteritidis","Confirmed","Caterer","13","0","13","0","13",,,,,,
"2022","7","Arizona","Food","Salmonella enterica","Subspecies IIIb","Confirmed",,"8","5","8","0","8",,,,,,
"2022","7","Michigan","Food","Salmonella enterica","Enteritidis","Confirmed","Restaurant: Other","10","3","9","0","9",,,,,,
"2022","7","Idaho","Animal contact","Salmonella enterica","Muenchen","Confirmed","Residence - Single-family home","2","0","2","0","2",,,,,,"Lizard"
"2022","7","Colorado","Food","Salmonella enterica","Typhimurium","Confirmed","Restaurant: Sit-down dining","21","0","21","0","21",,,,,,
"2022","7","Multistate","Food","Salmonella enterica","Typhimurium","Confirmed","Residence - Single-family home","87","32","73","0","87","cantaloupe",,"Fruits",,,
"2022","7","Georgia","Food","Salmonella enterica","Newport","Confirmed","Unknown","5","0","5","0","5",,,,,,
"2022","7","Multistate","Food","Salmonella enterica","Newport","Confirmed","Restaurant: Sit-down dining;Private home/residence;Long-term care/nursing home/assisted living facility;Grocery store/bakery/deli/convenience store","73","9","55","0","54",,,,,,
"2022","7","Multistate","Food","Salmonella enterica","Javiana","Confirmed","Unknown","20","2","14","0","16",,,,,,
"2022","7","Illinois","Food","Salmonella enterica","Agona","Suspected","Grocery store/bakery/deli/convenience store","13","2","13","0","13","barbacoa","onion;garlic;beef","Multiple",,,
"2022","7","Multistate","Food","Salmonella enterica","Typhimurium","Confirmed","Unknown","20","1","7","0","7",,,,,,
"2022","7","Multistate","Food","Salmonella enterica","Mississippi","Confirmed","Private home/residence;Restaurant: Other;Caterer;Restaurant: Sit-down dining","102","23","84","0","19","tomatoes","tomato","Seeded Vegetables",,,
"2022","7","Colorado","Food","Salmonella enterica","Newport","Confirmed","Restaurant: Fast-food (drive up service or pay at counter)","6","3","6","0","6","Italian sub;Chicken Sandwich;roast beef, other",,"Multiple",,,
"2022","7","Colorado","Person-to-person","Salmonella enterica","Newport","Suspected","Hotel/motel","10","1","1","0","10",,,,,,
"2022","7","Pennsylvania","Indeterminate/unknown","Salmonella enterica","Typhimurium","Confirmed","Unknown","2","1","2","0","2",,,,,,
"2022","7","South Dakota","Food","Salmonella enterica","Enteritidis","Confirmed","Private home/residence","8","1","8","0","8",,,,,,
"2022","7","Utah","Indeterminate/unknown","Salmonella enterica","Typhimurium","Confirmed","Religious facility","17","1","17","0","17",,,,,,
"2022","7","Wisconsin","Food","Salmonella enterica","Hartford","Confirmed","Farm/dairy/agricultural setting","8","0","8","0","8",,,,,,
"2022","7","Alaska","Food","Salmonella enterica","Heidelberg","Confirmed","Festival/fair","3","1","3","0","3","chicken, grilled",,"Chicken",,,
"2022","7","New York","Food","Salmonella enterica","Enteritidis","Confirmed","Unknown","13","3","13","0","13",,,,,,
"2022","8","Oregon","Food","Salmonella enterica","Typhimurium","Confirmed",,"4","0","4","0","4",,,,,,
"2022","8","Illinois","Food","Salmonella enterica","Sandiego","Confirmed","Restaurant: Sit-down dining","3","0","3","0","2","chicken","chicken","Chicken",,,
"2022","8","Wisconsin","Food","Salmonella enterica","Infantis","Confirmed","Restaurant: Fast-food (drive up service or pay at counter)","10","4","8","0","8","pork",,"Pork",,,
"2022","8","Georgia","Food","Salmonella enterica","Enteritidis","Confirmed","Restaurant: Sit-down dining","28","5","28","0","28","ahi belly",,"Fish",,,
"2022","8","Multistate","Food","Salmonella enterica","IIIa","Confirmed","Unknown","16","9","11","0","12",,,,,,
"2022","8","Nebraska","Food","Salmonella enterica","other","Confirmed","Restaurant: Fast-food (drive up service or pay at counter)","20","5","20","0","20",,,,,,
"2022","8","Illinois","Food","Salmonella enterica","Newport","Confirmed","Restaurant: Other","9","1","7","0","4","Pork ramen",,"Multiple",,,
"2022","8","California","Food","Salmonella enterica","I 4,[5],12:i:-","Confirmed","Restaurant: Sit-down dining","38","4","33","0","38","pork","pork","Pork",,,
"2022","8","California","Food","Salmonella enterica","Typhimurium","Confirmed","Caterer","20","1","20","0","20","salad, unspecified;cheese dishes",,"Multiple",,,
"2022","9","Wisconsin","Food","Salmonella enterica","Typhimurium","Confirmed","Private home/residence","30","3","30","0","30","beef, laab","ground beef","Beef",,,
"2022","9","Texas","Food","Salmonella enterica","Saintpaul","Confirmed","Banquet Facility (food prepared and served on-site)","37","2","37","0","37",,,,,,
"2022","9","Massachusetts","Food","Salmonella enterica","Newport","Confirmed","Restaurant: Sit-down dining","6","0","0","0","0",,,,,,
"2022","9","Tennessee","Food","Salmonella enterica","Enteritidis","Confirmed","Restaurant: Sit-down dining","9","0","9","0","9","eggs, as composite food",,"Multiple",,,
"2022","9","Iowa","Indeterminate/unknown","Salmonella enterica","Typhimurium","Confirmed","Long-term care/nursing home/assisted living facility","4","0","4","0","4",,,,,,
"2022","9","Multistate","Food","Salmonella enterica","Newport","Confirmed","Private home/residence","22","10","20","0","22","ground beef","beef","Beef",,,
"2022","9","Colorado","Person-to-person","Salmonella enterica","Javiana","Confirmed","Long-term care/nursing home/assisted living facility","3","2","3","1","3",,,,,,
"2022","9","Multistate","Food","Salmonella enterica","Oranienburg","Confirmed","Unknown","25","5","20","0","17",,,,,,
"2022","9","Multistate","Food","Salmonella enterica","Javiana","Confirmed","Unknown","16","2","14","0","13",,,,,,
"2022","9","Multistate","Food","Salmonella enterica","Braenderup","Confirmed",,"22","11","20","0","20",,,,,,
"2022","9","Washington","Food","Salmonella enterica","Typhimurium","Confirmed","Restaurant: Sit-down dining","3","0","3","0","3",,,,,,
"2022","9","New York","Indeterminate/unknown","Salmonella enterica",,"Confirmed","Farm/dairy/agricultural setting","2","1","2","0","2",,,,,,
"2022","9","New York","Indeterminate/unknown","Salmonella enterica","Enteritidis","Confirmed","Restaurant","2","1","2","0","2",,,,,,
"2022","9","South Dakota","Indeterminate/unknown","Salmonella enterica","Typhimurium","Confirmed","Unknown","7","0","7","0","7",,,,,,
"2022","9","Multistate","Food","Salmonella enterica","Typhimurium","Confirmed","Grocery store/bakery/deli/convenience store","280","70","257","1","239","Submarine sandwiches",,"Multiple",,,
"2022","9","Illinois","Food","Salmonella enterica","Agbeni","Confirmed","Restaurant: Sit-down dining","2","2","2","0","2","salad bar",,,,,
"2022","9","California","Food","Salmonella enterica","I 4,[5],12:i:-","Confirmed","Restaurant: Sit-down dining","14","0","0","0","14",,,,,,
"2022","9","California","Food","Salmonella enterica","Newport","Confirmed","Restaurant: Sit-down dining","14","0",,"0","14",,,,,,
"2022","10","New York","Food","Salmonella enterica","Uganda","Confirmed","Event space","6","0","6","0","6",,,,,,
"2022","10","Ohio","Food","Salmonella enterica","Enteritidis","Confirmed","Private home/residence","9","3","9","1","9","Egg White;cookie dough;cookies","egg","Eggs",,,
"2022","10","Wisconsin","Food","Salmonella enterica","Derby","Confirmed","Private home/residence","2","0","2","0","2",,,,,,
"2022","10","Nebraska","Food","Salmonella enterica","Braenderup","Confirmed","Caterer;Restaurant: Sit-down dining","5","1","4","0","5",,,,,,
"2022","10","Pennsylvania","Indeterminate/unknown","Salmonella enterica","Muenchen","Confirmed","Unknown","4","3","4","0","4",,,,,,
"2022","10","Pennsylvania","Indeterminate/unknown","Salmonella enterica",,"Confirmed","Private home/residence","2","0","2","0","2",,,,,,
"2022","10","Illinois","Food","Salmonella enterica","other","Confirmed","Restaurant: Sit-down dining","13","0","13","0","13","roasted whole pig",,"Pork",,,
"2022","10","Indiana","Environmental contamination other than food/water","Salmonella enterica","Soerenga","Confirmed","Hospital","3","0","3","0","3",,,,,,
"2022","11","Pennsylvania","Food","Salmonella enterica","I 4,[5],12:i:-","Confirmed","Restaurant: Sit-down dining","6","1","6","0","6",,,,,,
"2022","11","Georgia","Food","Salmonella enterica","Enteritidis","Confirmed","Correctional/detention facility","188","0","188","0","188",,,,,,
"2022","11","Ohio","Food","Salmonella enterica","I 4,[5],12:i:-","Suspected","Private home/residence","25","2","2","0","2","turkey, unspecified",,"Turkey",,,
"2022","11","Vermont","Food","Salmonella enterica","Enteritidis","Confirmed","Private home/residence","3","0","3","0","3","turkey",,"Turkey",,,
"2022","11","Multistate","Animal contact","Salmonella enterica","Hadar","Confirmed","Residence - Multi-unit housing;Agricultural feed store;Residence - Single-family home","55","11","41","0","38",,,,,,"Poultry"
"2022","11","Illinois","Food","Salmonella enterica","Infantis","Confirmed","Restaurant: Other","9","4","9","0","9",,,,,,
"2022","11","California","Food","Salmonella enterica","Brandenburg","Confirmed","Private home/residence;Restaurant: Other","139","51","92","0","90","beef",,"Beef",,,
"2022","12","Multistate","Food","Salmonella enterica","Thompson","Confirmed","Unknown","9","1","8","0","6",,,,,,
"2022","12","Multistate","Food","Salmonella enterica","Typhimurium","Confirmed","Restaurant: Sit-down dining;Residence - Single-family home","63","10","59","0","60","alfalfa sprouts",,"Sprouts",,,
"2022","12","Colorado","Indeterminate/unknown","Salmonella enterica","Typhimurium","Confirmed","Office/indoor workplace","2","1","2","0","2",,,,,,
"2022","12","Colorado","Indeterminate/unknown","Salmonella enterica","Enteritidis","Confirmed","Unknown","3","3","3","0","3",,,,,,
"2022","12","Multistate","Food","Salmonella enterica","Infantis","Confirmed","Residence - Single-family home","14","3","13","0","13","Raw Flour","flour","Grains-beans",,,
"2022","12","Multistate","Food","Salmonella enterica","Enteritidis","Confirmed","Unknown","134","26","96","0","98","Eggs;chicken",,"Multiple",,,
"2022","12","Multistate","Food","Salmonella enterica","Agbeni","Confirmed","Residence - Single-family home;Restaurant: Other;Restaurant: Sit-down dining","9","6","8","0","9","oysters, raw",,"Mollusks",,,
"2023","1","Multistate","Food","Salmonella enterica","Hartford","Confirmed","Restaurant: Sit-down dining;Restaurant: Fast-food (drive up service or pay at counter);Residence - Single-family home;Unknown","54","12","47","0","47","tomatoes",,"Seeded Vegetables",,,
"2023","1","Iowa","Food","Salmonella enterica","Hartford","Confirmed","Restaurant: Sit-down dining","2","0","2","0","2",,,,,,
"2023","1","Idaho","Indeterminate/unknown","Salmonella enterica","I 4,[5],12:i:-","Suspected","Residence - Single-family home","2","0","2","0","2",,,,,,
"2023","1","Multistate","Animal contact","Salmonella enterica","Kiambu","Confirmed","Residence - Single-family home;Residence - Multi-unit housing","7","1","5","0","5",,,,,,"Dog or puppy"
"2023","1","Multistate","Animal contact","Salmonella enterica","Infantis","Confirmed","Residence - Multi-unit housing;Agricultural feed store;Residence - Single-family home","129","15","75","0","80",,,,,,"Poultry"
"2023","1","Georgia","Food","Salmonella enterica","Thompson","Confirmed","Grocery store/bakery/deli/convenience store","16","8","16","0","16","chicken salad",,"Multiple",,,
"2023","1","Idaho","Animal contact","Salmonella enterica","Infantis","Suspected","Residence - Single-family home","2","0","2","0","2",,,,,,"Cat or kitten"
"2023","1","Puerto Rico","Food","Salmonella enterica","unknown","Confirmed",,"2","1","2","0","2",,,,,,
"2023","2","Multistate","Food","Salmonella enterica","Enteritidis","Confirmed","Restaurant: Other","26","4","23","0","24","RAW COOKIE DOUGH",,"Multiple",,,
"2023","2","Tennessee","Person-to-person","Salmonella enterica","Enteritidis","Confirmed","Long-term care/nursing home/assisted living facility","3","2","3","0","3",,,,,,
"2023","2","Ohio","Person-to-person","Salmonella enterica","Enteritidis","Suspected","Other","2","1","2","0","2",,,,,,
"2023","2","Tennessee","Food","Salmonella enterica","Saintpaul","Suspected","Restaurant: Sit-down dining","14","0","14","0","14",,,,,,
"2023","2","Maryland","Food","Salmonella enterica","Oranienburg","Confirmed",,"11","7","11","0","11",,,,,,
"2023","2","Multistate","Animal contact","Salmonella enterica","Braenderup","Confirmed","Residence - Multi-unit housing;Residence - Single-family home","91","16","72","0","69",,,,,,"Poultry"
"2023","2","Multistate","Animal contact","Salmonella enterica","Enteritidis","Confirmed","Agricultural feed store;Residence - Multi-unit housing;Residence - Single-family home","35","6","24","0","23",,,,,,"Poultry"
"2023","3","Kansas","Food","Salmonella enterica","Enteritidis","Confirmed","Correctional/detention facility","61","0","61","0","61","Chili Macaroni","chicken","Chicken",,,
"2023","3","California","Food","Salmonella enterica","Mbandaka","Confirmed","Restaurant: Fast-food (drive up service or pay at counter)","51","0","35","0","35",,,,,,
"2023","3","Multistate","Food","Salmonella enterica","Berta","Confirmed","Unknown","37","6","30","0","32",,,,,,
"2023","3","Massachusetts","Indeterminate/unknown","Salmonella enterica","Berta","Confirmed","School/college/university","10","0","0","0","0",,,,,,
"2023","3","Georgia","Food","Salmonella enterica","Rubislaw","Confirmed","Religious facility","4","1","4","0","4",,,,,,
"2023","3","Colorado","Animal contact","Salmonella enterica","I 4,[5],12:i:-","Confirmed","Farm/dairy/agricultural setting","8","0","8","0","8",,,,,,"Pig"
"2023","3","Multistate","Animal contact","Salmonella enterica","Indiana","Confirmed","Residence - Multi-unit housing;Residence - Single-family home","37","7","22","0","24",,,,,,"Poultry"
"2023","3","Multistate","Animal contact","Salmonella enterica","Typhimurium","Confirmed","Residence - Multi-unit housing;Residence - Single-family home","74","18","52","0","55",,,,,,"Poultry"
"2023","3","Multistate","Animal contact","Salmonella enterica","Mbandaka","Confirmed","Residence - Multi-unit housing;Residence - Single-family home","63","14","37","0","40",,,,,,"Poultry"
"2023","3","Multistate","Animal contact","Salmonella enterica","Mbandaka","Confirmed","Residence - Single-family home;Residence - Multi-unit housing","93","18","65","0","61",,,,,,"Poultry"
"2023","3","Multistate","Animal contact","Salmonella enterica","Braenderup","Confirmed","Residence - Single-family home;Residence - Multi-unit housing","73","18","52","0","52",,,,,,"Poultry"
"2023","3","Multistate","Animal contact","Salmonella enterica","Enteritidis","Confirmed","Agricultural feed store;Residence - Multi-unit housing;Residence - Single-family home","25","4","17","0","17",,,,,,"Poultry"
"2023","3","Multistate","Animal contact","Salmonella enterica","Enteritidis","Confirmed","Residence - Multi-unit housing;Agricultural feed store;Residence - Single-family home","227","78","182","0","181",,,,,,"Poultry"
"2023","3","Multistate","Animal contact","Salmonella enterica","Enteritidis","Confirmed","Agricultural feed store;Residence - Single-family home;Residence - Multi-unit housing","120","30","92","0","90",,,,,,"Poultry"
"2023","3","Multistate","Food","Salmonella enterica","Bareilly","Confirmed",,"24","7","18","0","20",,,,,,
"2023","3","Multistate","Food","Salmonella enterica","Liverpool","Confirmed","Unknown","10","4","7","0","8",,,,,,
"2023","3","Utah","Food","Salmonella enterica","Typhimurium","Confirmed","Restaurant: Fast-food (drive up service or pay at counter)","5","0","5","0","5",,,,,,
"2023","3","Minnesota","Person-to-person","Salmonella enterica","I 4,[5],12:i:-","Confirmed","School/college/university","3","1","3","0","3",,,,,,
"2023","4","Multistate","Food","Salmonella enterica","Paratyphi B var. L(+) tartrate +","Confirmed","Unknown","37","10","31","0","31","fresh pico de gallo",,"N/A",,,
"2023","4","Ohio","Indeterminate/unknown","Salmonella enterica","Agama","Confirmed","Unknown","2","0","2","0","2",,,,,,
"2023","4","Maryland","Food","Salmonella enterica","Enteritidis","Confirmed","Restaurant: Sit-down dining","62","8","62","0","62",,,,,,
"2023","4","Ohio","Food","Salmonella enterica","Newport","Confirmed","Restaurant: Sit-down dining","11","4","11","0","11",,,,,,
"2023","4","Minnesota","Food","Salmonella enterica","Enteritidis","Confirmed","Residence - Single-family home","2","2","2","0","2","tuna cake","egg","Eggs",,,
"2023","4","Pennsylvania","Food","Salmonella enterica","Enteritidis","Confirmed","Restaurant: Other","2","1","2","0","2",,,,,,
"2023","4","Multistate","Food","Salmonella enterica","Enteritidis","Confirmed",,"13","3","12","0","12",,,,,,
"2023","4","Multistate","Food","Salmonella enterica","Newport","Confirmed","Unknown","13","1","11","0","10",,,,,,
"2023","4","Multistate","Food","Salmonella enterica","Typhimurium","Confirmed","Residence - Single-family home;Unknown","44","16","39","0","34","ground beef","ground beef","Beef",,,
"2023","4","Utah","Food","Salmonella enterica","I 4,[5],12:i:-","Confirmed","Grocery store/bakery/deli/convenience store","14","1","14","0","14","Whole Roast Pig",,"Pork",,,
"2023","4","Georgia","Food","Salmonella enterica","Muenchen","Suspected","Restaurant: Sit-down dining","5","1","5","0","5","crab claw;fried fish",,"Multiple",,,
"2023","4","Arizona","Food","Salmonella enterica","Braenderup","Confirmed",,"4","1","4","0","4",,,,,,
"2023","4","Multistate","Animal contact","Salmonella enterica","Typhimurium","Confirmed","Residence - Single-family home;Residence - Multi-unit housing","25","7","21","0","22",,,,,,"Poultry"
"2023","4","Multistate","Animal contact","Salmonella enterica","Typhimurium","Confirmed","Residence - Single-family home;Residence - Multi-unit housing","80","14","61","0","66",,,,,,"Poultry"
"2023","4","Georgia","Person-to-person","Salmonella enterica","Mississippi","Suspected","Child daycare/preschool","5","0","5","0","5",,,,,,
"2023","4","Multistate","Food","Salmonella enterica","Blockley","Confirmed","Unknown","21","4","17","0","18",,,,,,
"2023","4","Multistate","Food","Salmonella enterica","Braenderup","Confirmed","Unknown","26","9","21","0","22",,,,,,
"2023","4","Multistate","Food","Salmonella enterica","Saintpaul","Confirmed","Residence - Single-family home","18","17","17","0","17","ground beef","beef","Beef",,,
"2023","5","Washington","Food","Salmonella enterica","Enteritidis","Suspected","Residence - Single-family home;Campground","9",,"0",,"0","Whole roaster pig",,"Pork",,,
"2023","5","Kansas","Food","Salmonella enterica","I 4,[5],12:i:-","Confirmed","Restaurant: Sit-down dining","7","1","7","0","7",,,,,,
"2023","5","Arizona","Food","Salmonella enterica","Enteritidis","Confirmed",,"5","2","5","0","5",,,,,,
"2023","5","Georgia","Food","Salmonella enterica","I 4,[5],12:i:-","Suspected","Restaurant: Sit-down dining","6","1","6","0","6",,,,,,
"2023","5","New York","Indeterminate/unknown","Salmonella enterica","Paratyphi B var. L(+) tartrate +","Confirmed","Other","24","3","24","0","24",,,,,,
"2023","5","Multistate","Food","Salmonella enterica","Newport","Confirmed","Unknown","27","10","25","0","20",,,,,,
"2023","5","Idaho","Food","Salmonella enterica","Johannesburg","Confirmed","Residence - Single-family home","11","0","11","0","11","chicken, shredded",,"Chicken",,,
"2023","5","Minnesota","Food","Salmonella enterica","I 4,[5],12:i:-","Confirmed","Residence - Single-family home;Grocery store/bakery/deli/convenience store","3","0","3","0","3",,,,,,
"2023","5","Maryland","Food","Salmonella enterica","Enteritidis","Confirmed","Grocery store/bakery/deli/convenience store","63","8","63","0","63","chicken salad",,"Multiple",,,
"2023","5","Pennsylvania","Environmental contamination other than food/water","Salmonella enterica","Enteritidis","Confirmed","Residence - Single-family home","2","0","2","0","2",,,,,,
"2023","5","Kansas","Indeterminate/unknown","Salmonella enterica","I 4,[5],12:b:- var. L(+) tartrate +","Confirmed","Unknown","8","5","7",,"0",,,,,,
"2023","5","Oregon","Food","Salmonella enterica","Newport","Confirmed","Unknown","6","3","6","0","6",,,,,,
"2023","5","Multistate","Food","Salmonella enterica","Saintpaul","Confirmed",,"11","1","9","0","9",,,,,,
"2023","5","Massachusetts","Food","Salmonella enterica","Enteritidis","Confirmed","Restaurant: Fast-food (drive up service or pay at counter)","127","12","127","0","127",,,,,,
"2023","6","Multistate","Food","Salmonella enterica","Braenderup","Confirmed","Unknown","20","5","16","0","16",,,,,,
"2023","6","California","Food","Salmonella enterica","Enteritidis","Confirmed","Restaurant: Sit-down dining","15","3","15","0","15","eggs, other",,"Eggs",,,
"2023","6","Washington","Food","Salmonella enterica","Enteritidis","Confirmed","Food truck/street vendor","6","1","3","0","6",,,,,,
"2023","6","Pennsylvania","Food","Salmonella enterica","Group D1","Confirmed","Restaurant: Sit-down dining","2","0","2","0","2",,,,,,
"2023","6","Missouri","Food","Salmonella enterica","Infantis","Confirmed","Restaurant: Buffet;Restaurant: Sit-down dining","23","0","23","0","23",,,,,,
"2023","6","Massachusetts","Food","Salmonella enterica","Enteritidis","Confirmed","Restaurant: Fast-food (drive up service or pay at counter)","23","4","23","0","23",,,,,,
"2023","6","Multistate","Animal contact","Salmonella enterica","Poona","Confirmed","Residence - Multi-unit housing;Park/outdoor area;Residence - Single-family home;Other;Fairground","38","19","33","0","33",,,,,,"Turtle"
"2023","6","Kentucky","Food","Salmonella enterica","Panama","Confirmed","Food truck/street vendor","9","0","5","0","9",,,,,,
"2023","6","Michigan","Food","Salmonella enterica","Muenchen","Confirmed","Restaurant: Sit-down dining","3","1","3","0","3",,,,,,
"2023","6","Michigan","Food","Salmonella enterica","Schwarzengrund","Confirmed","Residence - Single-family home","14","0","3",,"0","pork","pork","Pork",,,
"2023","6","Minnesota","Indeterminate/unknown","Salmonella enterica","Typhimurium","Confirmed","Residence - Single-family home","5","1","4","0","5",,,,,,
"2023","6","Michigan","Food","Salmonella enterica","Enteritidis","Suspected","Unknown","2","1","2","0","2",,,,,,
"2023","6","Ohio","Food","Salmonella enterica","Enteritidis","Confirmed","Correctional/detention facility","9","1","9","0","9",,,,,,
"2023","7","Georgia","Food","Salmonella enterica","Rubislaw","Suspected","Restaurant: Sit-down dining","3","1","3","0","3",,,,,,
"2023","7","Alabama","Food","Salmonella enterica","Saintpaul","Confirmed","Restaurant: Sit-down dining","11","1","11","0","11","oysters",,"Mollusks",,,
"2023","7","Virginia","Food","Salmonella enterica","Typhimurium","Confirmed","Restaurant: Sit-down dining","91","20","91","0","91","Kurt;kitfo",,"Multiple",,,
"2023","7","Pennsylvania","Indeterminate/unknown","Salmonella enterica","Enteritidis","Suspected","Residence - Single-family home","2","0","2","0","2",,,,,,
"2023","7","Alaska","Food","Salmonella enterica","Enteritidis","Confirmed","Restaurant: Sit-down dining","24","1","24","0","24","egg, scrammbled;Stuffed French toast","egg","Eggs",,,
"2023","7","Minnesota","Person-to-person","Salmonella enterica","Reading","Suspected","Child daycare/preschool","17","0","17","0","17",,,,,,
"2023","7","Pennsylvania","Indeterminate/unknown","Salmonella enterica","unknown","Confirmed","Residence - Single-family home","2","0","2","0","2",,,,,,
"2023","7","Ohio","Food","Salmonella enterica","Enteritidis","Confirmed","Restaurant: Sit-down dining","5","1","4","0","4",,,,,,
"2023","7","Multistate","Food","Salmonella enterica","Enteritidis","Confirmed","Restaurant: Other;Unknown","29","7","24","0","25",,,,,,
"2023","7","Washington","Food","Salmonella enterica","Enteritidis","Confirmed","Long-term care/nursing home/assisted living facility","30","4","30","0","30",,,,,,
"2023","7","Iowa","Food","Salmonella enterica","Thompson","Confirmed","Food truck/street vendor","2","0","2","0","2",,,,,,
"2023","7","Kansas","Indeterminate/unknown","Salmonella enterica","Enteritidis","Confirmed","Unknown","3","1","3","0","3",,,,,,
"2023","7","Idaho","Indeterminate/unknown","Salmonella enterica","Typhimurium","Suspected","Residence - Single-family home","2","0","2","0","2",,,,,,
"2023","7","Multistate","Food","Salmonella enterica","Newport","Confirmed","Unknown","26","5","25","0","26","onions",,"Root/Underground",,,
"2023","7","Kansas","Food","Salmonella enterica","I 4,[5],12:i:-","Confirmed","Park/outdoor area","2","0","2","0","2",,,,,,
"2023","7","Massachusetts","Food","Salmonella enterica","Enteritidis","Confirmed","Restaurant: Fast-food (drive up service or pay at counter)","3","0","3","0","3",,,,,,
"2023","7","Multistate","Food","Salmonella enterica","Thompson","Confirmed","Unknown","19","2","13","0","12","chicken",,"Chicken",,,
"2023","7","Arizona","Food","Salmonella enterica","Infantis","Confirmed","Restaurant: Other;Hotel/motel","7","1","7","0","7",,,,,,
"2023","7","Multistate","Food","Salmonella enterica","Newport","Confirmed","Residence - Single-family home","11","5","8","0","11","cantaloupe",,"Fruits",,,
"2023","7","Wisconsin","Indeterminate/unknown","Salmonella enterica","Enteritidis","Confirmed","Campground","8","3","8","0","8",,,,,,
"2023","7","Multistate","Food","Salmonella enterica","Infantis","Confirmed",,"22","7","17","0","16",,,,,,
"2023","7","New York","Indeterminate/unknown","Salmonella enterica","Uganda","Confirmed","Park/outdoor area","2","1","2","0","2",,,,,,
"2023","7","Georgia","Indeterminate/unknown","Salmonella enterica","Newport","Confirmed","Child daycare/preschool","2","1","2","0","2",,,,,,
"2023","7","Multistate","Food","Salmonella enterica","Javiana","Confirmed","Unknown","18","6","14","0","14",,,,,,
"2023","8","Illinois","Food","Salmonella enterica","Newport","Confirmed","Restaurant: Sit-down dining","109","25","107","0","104","tomato (see fruit);iceberg lettuce, unspecified",,"Multiple",,,
"2023","8","Multistate","Animal contact","Salmonella enterica","Stanley","Confirmed","Residence - Single-family home;Residence - Multi-unit housing","48","20","48","0","48",,,,,,"Turtle"
"2023","8","Arizona","Food","Salmonella enterica","Typhimurium","Confirmed",,"6","2","6","0","6",,,,,,
"2023","8","Vermont","Person-to-person","Salmonella enterica","Typhimurium","Suspected","Residence - Single-family home","4",,"0",,"0",,,,,,
"2023","8","Hawaii","Food","Salmonella enterica","Sandiego","Confirmed","Caterer","22","3","22","0","22",,,,,,
"2023","8","Washington","Food","Salmonella enterica","I 4,[5],12:i:-","Confirmed","Restaurant: Sit-down dining","3","0","3","0","3","Banh Mi egg sandwich;Banh Mi chicken sandwich;Banh Mi pork Sandwich",,"Multiple",,,
"2023","8","Massachusetts","Food","Salmonella enterica","Enteritidis","Confirmed",,"8",,"0","0","8",,,,,,
"2023","8","Multistate","Food","Salmonella enterica","I 4,[5],12:i:-","Confirmed","Unknown","55","14","48","0","48",,,,,,
"2023","8","Kansas","Food","Salmonella enterica","Braenderup","Confirmed","Residence - Single-family home","5","2","3","0","3",,,,,,
"2023","8","Iowa","Food","Salmonella enterica","Oranienburg","Confirmed","Restaurant: Sit-down dining","8","2","8","0","8",,,,,,
"2023","8","Multistate","Food","Salmonella enterica","Uganda","Confirmed",,"24","6","20","0","20",,,,,,
"2023","8","Multistate","Food","Salmonella enterica","Thompson","Confirmed","Hospital;Unknown;Long-term care/nursing home/assisted living facility","80","18","72","1","71","Onions",,"Root/Underground",,,
"2023","8","Puerto Rico","Food","Salmonella enterica","other","Suspected","Residence - Single-family home","2","1","2","0","2",,,,,,
"2023","8","Pennsylvania","Indeterminate/unknown","Salmonella enterica","Johannesburg","Confirmed","Residence - Single-family home","2","1","2","0","2",,,,,,
"2023","8","Multistate","Food","Salmonella enterica","Braenderup","Confirmed","Unknown","11","3","7","0","7",,,,,,
"2023","8","Montana","Animal contact","Salmonella enterica","Braenderup","Confirmed","Fairground","3","1","3","0","3",,,,,,
"2023","8","Pennsylvania","Indeterminate/unknown","Salmonella enterica","Typhimurium","Confirmed","Residence - Single-family home","4","0","4","0","4",,,,,,
"2023","8","Utah","Food","Salmonella enterica","Enteritidis","Confirmed","Restaurant: Sit-down dining","18","2","17","0","17",,,,,,
"2023","8","Pennsylvania","Indeterminate/unknown","Salmonella enterica",,"Confirmed","Residence - Single-family home","2","0","2","0","2",,,,,,
"2023","9","Multistate","Food","Salmonella enterica","Newport","Confirmed","Office/indoor workplace;Restaurant: Fast-food (drive up service or pay at counter)","45","14","42","0","42","bite-sized tomatoes",,,,,
"2023","9","Virginia","Food","Salmonella enterica","Chester","Confirmed",,"10","0","10","0","10",,,,,,
"2023","9","Nebraska","Food","Salmonella enterica","Newport","Confirmed","Residence - Single-family home","8","1","8","0","8",,,,,,
"2023","9","Wisconsin","Food","Salmonella enterica","Enteritidis","Confirmed","Residence - Single-family home","5","0","0","0","0",,,,,,
"2023","9","Minnesota","Food","Salmonella enterica","Rissen","Confirmed",,"2","1","2","0","2",,,,,,
"2023","9","Florida","Food","Salmonella enterica","Enteritidis","Confirmed","School/college/university","3","1","3","0","3",,,,,,
"2023","9","North Carolina","Environmental contamination other than food/water","Salmonella enterica","Javiana","Confirmed","Child daycare/preschool","2","0","2","0","2",,,,,,
"2023","9","Kentucky","Food","Salmonella enterica","I 4,[5],12:i:-","Confirmed","Restaurant: Sit-down dining","13","4","13","0","13",,,,,,
"2023","9","Michigan","Food","Salmonella enterica","Enteritidis","Confirmed","Residence - Single-family home","22","1","22","0","22","Jerk Chicken","chicken","Chicken",,,
"2023","9","Pennsylvania","Food","Salmonella enterica","Enteritidis","Confirmed","Restaurant: Sit-down dining","3","3","3","0","3",,,,,,
"2023","9","Washington","Food","Salmonella enterica","I 4,[5],12:i:-","Confirmed","Park/outdoor area;Event space","2",,"0",,"0","Roasted pig","pork","Pork",,,
"2023","9","Illinois","Food","Salmonella enterica","Enteritidis","Confirmed","Restaurant: Sit-down dining","3","3","3","0","2",,,,,,
"2023","9","Illinois","Food","Salmonella enterica","Enteritidis","Confirmed","Restaurant: Sit-down dining","6","3","5","0","5","shrimp","shrimp","Crustaceans",,,
"2023","9","Kansas","Food","Salmonella enterica","Heidelberg","Confirmed","Restaurant: Sit-down dining","2","1","2","0","2",,,,,,
"2023","9","Kansas","Food","Salmonella enterica","Infantis","Confirmed","Long-term care/nursing home/assisted living facility","5","3","5","0","5",,,,,,
"2023","10","Multistate","Food","Salmonella enterica","Thompson","Confirmed",,"21","8","20","0","19",,,,,,
"2023","10","Pennsylvania","Indeterminate/unknown","Salmonella enterica","unknown","Suspected","Residence - Single-family home","2","1","2","0","2",,,,,,
"2023","10","Minnesota","Person-to-person","Salmonella enterica","Typhimurium","Suspected","Child daycare/preschool","4","0","0","0","0",,,,,,
"2023","10","Georgia","Indeterminate/unknown","Salmonella enterica","Javiana","Confirmed","Child daycare/preschool","3","2","3","0","3",,,,,,
"2023","10","Utah","Food","Salmonella enterica","Livingstone","Confirmed","Restaurant: Sit-down dining;Restaurant: Buffet","12","3","12","0","12",,,,,,
"2023","10","Iowa","Food","Salmonella enterica","Enteritidis","Confirmed","Restaurant: Sit-down dining","4","2","4","0","4","chicken parmesan",,"Multiple",,,
"2023","11","Connecticut","Food","Salmonella enterica","Enteritidis","Confirmed",,"21",,,"0","19",,,,,,
"2023","11","Idaho","Indeterminate/unknown","Salmonella enterica","Typhimurium","Suspected","Residence - Single-family home","2","0","2","0","2",,,,,,
"2023","11","Puerto Rico","Food","Salmonella enterica","unknown","Confirmed","Residence - Single-family home","2","0","2","0","2",,,,,,
"2023","11","Alabama","Food","Salmonella enterica",,"Suspected","Event space","4","1","4","0","4","macaroni and cheese",,"Multiple",,,
"2023","11","Utah","Indeterminate/unknown","Salmonella enterica","Marina","Confirmed","Hospital","3","3","3","1","3",,,,,,
"2023","11","Utah","Food","Salmonella enterica","Enteritidis","Confirmed","Restaurant: Fast-food (drive up service or pay at counter)","31","5","31","0","31","Romaine lettuce",,"Vegetable Row Crops",,,
"2023","11","Multistate","Food","Salmonella enterica","Braenderup","Confirmed","Unknown","77","15","60","0","58",,,,,,
"2023","11","Multistate","Food","Salmonella enterica","Newport","Confirmed","Unknown","57","18","49","0","44",,,,,,
"2023","11","Washington","Food","Salmonella enterica","Enteritidis","Confirmed","Residence - Single-family home;Residence - Multi-unit housing","7","1","7",,"0",,,,,,
"2023","12","Minnesota","Person-to-person","Salmonella enterica","I 4,[5],12:i:-","Confirmed","Child daycare/preschool","5","1","4","0","0",,,,,,
"2023","12","Idaho","Indeterminate/unknown","Salmonella enterica","Typhimurium","Confirmed","Residence - Single-family home","2","1","2","0","2",,,,,,
"2023","12","Massachusetts","Food","Salmonella enterica","Enteritidis","Confirmed",,"5","0","0","0","0",,,,,,
"2023","12","Illinois","Food","Salmonella enterica","Enteritidis","Confirmed","Restaurant: Fast-food (drive up service or pay at counter)","6","0","6","0","6",,,,,,
"2023","12","Washington","Food","Salmonella enterica","Newport","Confirmed","Caterer","15","1","14","0","13","Salmon with lemon caper butter sauce",,"Multiple",,,
"2023","12","Oregon","Food","Salmonella enterica","Newport","Confirmed","Unknown","11","0","11","0","11",,,,,,
"2023","12","North Carolina","Person-to-person","Salmonella enterica","Enteritidis","Confirmed","Restaurant","3","0","3","0","3",,,,,,
"2023","12","Hawaii","Food","Salmonella enterica","Enteritidis","Confirmed","Restaurant: Sit-down dining","4","0","4","0","4",,,,,,
"2023","12","South Dakota","Indeterminate/unknown","Salmonella enterica","Litchfield","Confirmed","Long-term care/nursing home/assisted living facility","3","1","3","0","3",,,,,,
"2023","12","Arizona","Food","Salmonella enterica","Javiana","Confirmed",,"3","1","3","0","3",,,,,,
"2023","12","Pennsylvania","Indeterminate/unknown","Salmonella enterica","Adelaide","Suspected","Residence - Single-family home","3","0","3","0","3",,,,,,
