State,Week Ending Date,Year,WeekOfYear,WeekIndex,Cases,Total Deaths,Percent of Expected Deaths,Pneumonia Deaths,Pneumonia and COVID-19 Deaths,Influenza Deaths,"Pneumonia, Influenza, or COVID-19 Deaths",Outbreak,Cases_lag_1w,Cases_lag_2w,Cases_lag_4w,Cases_lag_8w,Total Deaths_lag_1w,Total Deaths_lag_2w,Total Deaths_lag_4w,Total Deaths_lag_8w,Percent of Expected Deaths_lag_1w,Percent of Expected Deaths_lag_2w,Percent of Expected Deaths_lag_4w,Percent of Expected Deaths_lag_8w,Cases_rolling_mean_4w,Cases_rolling_std_4w,Total Deaths_rolling_mean_4w,Total Deaths_rolling_std_4w
AK,2020-02-29,2020,9,8,0.0,84.0,100.0,14.0,0.0,0.0,13.0,0,0.0,0.0,0.0,0.0,83.0,89.0,85.0,89.0,102.0,102.0,95.0,99.0,0.0,0.0,87.0,4.242640687119288
AK,2020-03-07,2020,10,9,0.0,79.0,92.0,14.0,0.0,0.0,13.0,0,0.0,0.0,0.0,0.0,84.0,83.0,92.0,105.0,100.0,102.0,123.0,115.0,0.0,0.0,83.75,4.112987559751023
AK,2020-03-14,2020,11,10,0.0,92.0,109.0,14.0,0.0,0.0,13.0,0,0.0,0.0,0.0,0.0,79.0,84.0,89.0,99.0,92.0,100.0,102.0,105.0,0.0,0.0,84.5,5.446711546122732
AK,2020-03-21,2020,12,11,0.0,69.0,87.0,14.0,0.0,0.0,13.0,0,0.0,0.0,0.0,0.0,92.0,79.0,83.0,97.0,109.0,92.0,102.0,118.0,0.0,0.0,81.0,9.626352718795768
AK,2020-03-28,2020,13,12,0.0,86.0,100.0,10.0,0.0,0.0,11.0,0,0.0,0.0,0.0,0.0,69.0,92.0,84.0,85.0,87.0,109.0,100.0,95.0,0.0,0.0,81.5,9.882644720249063
AK,2020-04-04,2020,14,13,0.0,98.0,113.0,14.0,0.0,0.0,13.0,0,0.0,0.0,0.0,0.0,86.0,69.0,79.0,92.0,100.0,87.0,92.0,123.0,0.0,0.0,86.25,12.500000000000002
AK,2020-04-11,2020,15,14,0.0,84.0,97.0,14.0,0.0,0.0,13.0,0,0.0,0.0,0.0,0.0,98.0,86.0,92.0,89.0,113.0,100.0,109.0,102.0,0.0,0.0,84.25,11.89887949906769
AK,2020-04-18,2020,16,15,0.0,80.0,103.0,14.0,0.0,0.0,13.0,0,0.0,0.0,0.0,0.0,84.0,98.0,69.0,83.0,97.0,113.0,87.0,102.0,0.0,0.0,87.0,7.745966692414835
AK,2020-04-25,2020,17,16,0.0,61.0,78.0,14.0,0.0,0.0,13.0,0,0.0,0.0,0.0,0.0,80.0,84.0,86.0,84.0,103.0,97.0,100.0,100.0,0.0,0.0,80.75,15.261607604268518
AK,2020-05-02,2020,18,17,0.0,87.0,98.0,14.0,0.0,0.0,13.0,0,0.0,0.0,0.0,0.0,61.0,80.0,98.0,79.0,78.0,103.0,113.0,92.0,0.0,0.0,78.0,11.69045194450012
AK,2020-05-09,2020,19,18,0.0,89.0,114.0,14.0,0.0,0.0,13.0,0,0.0,0.0,0.0,0.0,87.0,61.0,84.0,92.0,98.0,78.0,97.0,109.0,0.0,0.0,79.25,12.76388133236386
AK,2020-05-16,2020,20,19,0.0,84.0,109.0,14.0,0.0,0.0,13.0,0,0.0,0.0,0.0,0.0,89.0,87.0,80.0,69.0,114.0,98.0,103.0,87.0,0.0,0.0,80.25,12.996794476587935
AK,2020-05-23,2020,21,20,0.0,82.0,106.0,14.0,0.0,0.0,13.0,0,0.0,0.0,0.0,0.0,84.0,89.0,61.0,86.0,109.0,114.0,78.0,100.0,0.0,0.0,85.5,3.1091263510296008
AK,2020-05-30,2020,22,21,0.0,97.0,134.0,14.0,0.0,0.0,13.0,0,0.0,0.0,0.0,0.0,82.0,84.0,87.0,98.0,106.0,109.0,98.0,113.0,0.0,0.0,88.0,6.683312551921138
AK,2020-06-06,2020,23,22,0.0,79.0,93.0,14.0,0.0,0.0,13.0,0,0.0,0.0,0.0,0.0,97.0,82.0,89.0,84.0,134.0,106.0,114.0,97.0,0.0,0.0,85.5,7.93725393319377
AK,2020-06-13,2020,24,23,0.0,88.0,107.0,14.0,0.0,0.0,13.0,0,0.0,0.0,0.0,0.0,79.0,97.0,84.0,80.0,93.0,134.0,109.0,103.0,0.0,0.0,86.5,7.93725393319377
AK,2020-06-20,2020,25,24,0.0,92.0,108.0,14.0,0.0,0.0,13.0,0,0.0,0.0,0.0,0.0,88.0,79.0,82.0,61.0,107.0,93.0,106.0,78.0,0.0,0.0,89.0,7.615773105863907
AK,2020-06-27,2020,26,25,0.0,90.0,116.0,14.0,0.0,0.0,13.0,0,0.0,0.0,0.0,0.0,92.0,88.0,97.0,87.0,108.0,107.0,134.0,98.0,0.0,0.0,87.25,5.737304826019499
AK,2020-07-04,2020,27,26,0.0,84.0,100.0,14.0,0.0,0.0,13.0,0,0.0,0.0,0.0,0.0,90.0,92.0,79.0,89.0,116.0,108.0,93.0,114.0,0.0,0.0,88.5,3.415650255319862
AK,2020-07-11,2020,28,27,0.0,101.0,114.0,14.0,0.0,0.0,13.0,0,0.0,0.0,0.0,0.0,84.0,90.0,88.0,84.0,100.0,116.0,107.0,109.0,0.0,0.0,91.75,7.041543391425866
AK,2020-07-18,2020,29,28,0.0,89.0,118.0,14.0,0.0,0.0,13.0,0,0.0,0.0,0.0,0.0,101.0,84.0,92.0,82.0,114.0,100.0,108.0,106.0,0.0,0.0,91.0,7.164728420068222
AK,2020-07-25,2020,30,29,0.0,93.0,130.0,14.0,0.0,0.0,13.0,0,0.0,0.0,0.0,0.0,89.0,101.0,90.0,97.0,118.0,114.0,116.0,134.0,0.0,0.0,91.75,7.182153808805078
AK,2020-08-01,2020,31,30,0.0,114.0,151.0,14.0,0.0,0.0,13.0,0,0.0,0.0,0.0,0.0,93.0,89.0,84.0,79.0,130.0,118.0,100.0,93.0,0.0,0.0,99.25,11.026483271348727
AK,2020-08-08,2020,32,31,0.0,101.0,128.0,14.0,0.0,0.0,13.0,0,0.0,0.0,0.0,0.0,114.0,93.0,101.0,88.0,151.0,130.0,114.0,107.0,0.0,0.0,99.25,11.026483271348727
AK,2020-08-15,2020,33,32,0.0,74.0,82.0,14.0,0.0,0.0,13.0,0,0.0,0.0,0.0,0.0,101.0,114.0,89.0,92.0,128.0,151.0,118.0,108.0,0.0,0.0,95.5,16.743157806499145
AK,2020-08-22,2020,34,33,0.0,116.0,137.0,14.0,0.0,0.0,11.0,0,0.0,0.0,0.0,0.0,74.0,101.0,93.0,90.0,82.0,128.0,130.0,116.0,0.0,0.0,101.25,19.345542122153102
AK,2020-08-29,2020,35,34,0.0,93.0,117.0,14.0,0.0,0.0,13.0,0,0.0,0.0,0.0,0.0,116.0,74.0,114.0,84.0,137.0,82.0,151.0,100.0,0.0,0.0,96.0,17.4928556845359
AK,2020-09-05,2020,36,35,0.0,105.0,129.0,14.0,0.0,0.0,10.0,0,0.0,0.0,0.0,0.0,93.0,116.0,101.0,101.0,117.0,137.0,128.0,114.0,0.0,0.0,97.0,17.98147194568157
AK,2020-09-12,2020,37,36,0.0,87.0,109.0,14.0,0.0,0.0,13.0,0,0.0,0.0,0.0,0.0,105.0,93.0,74.0,89.0,129.0,117.0,82.0,118.0,0.0,0.0,100.25,12.893796958227625
AK,2020-09-19,2020,38,37,0.0,104.0,116.0,14.0,0.0,0.0,13.0,0,0.0,0.0,0.0,0.0,87.0,105.0,116.0,93.0,109.0,129.0,137.0,130.0,0.0,0.0,97.25,8.73212459828649
AK,2020-09-26,2020,39,38,0.0,114.0,123.0,14.0,0.0,0.0,13.0,0,0.0,0.0,0.0,0.0,104.0,87.0,93.0,114.0,116.0,109.0,117.0,151.0,0.0,0.0,102.5,11.269427669584642
AK,2020-10-03,2020,40,39,0.0,78.0,88.0,14.0,0.0,0.0,13.0,0,0.0,0.0,0.0,0.0,114.0,104.0,105.0,101.0,123.0,116.0,129.0,128.0,0.0,0.0,95.75,16.25576820700886
AK,2020-10-10,2020,41,40,0.0,117.0,138.0,11.0,0.0,0.0,13.0,0,0.0,0.0,0.0,0.0,78.0,114.0,87.0,74.0,88.0,123.0,109.0,82.0,0.0,0.0,103.25,17.727097901235833
AK,2020-10-17,2020,42,41,10.0,101.0,117.0,14.0,0.0,0.0,13.0,0,0.0,0.0,0.0,0.0,117.0,78.0,104.0,116.0,138.0,88.0,116.0,137.0,2.5,5.0,102.5,17.748239349298846
AK,2020-10-24,2020,43,42,0.0,102.0,119.0,14.0,0.0,0.0,11.0,0,10.0,0.0,0.0,0.0,101.0,117.0,114.0,93.0,117.0,138.0,123.0,117.0,2.5,5.0,99.5,16.09347693943108
AK,2020-10-31,2020,44,43,10.0,107.0,143.0,10.0,0.0,0.0,14.0,0,0.0,10.0,0.0,0.0,102.0,101.0,78.0,105.0,119.0,117.0,88.0,129.0,5.0,5.773502691896258,106.75,7.320063751999248
AK,2020-11-07,2020,45,44,0.0,114.0,127.0,14.0,0.0,0.0,10.0,0,10.0,0.0,0.0,0.0,107.0,102.0,117.0,87.0,143.0,119.0,138.0,109.0,5.0,5.773502691896258,106.0,5.944184833375666
AK,2020-11-14,2020,46,45,16.0,114.0,133.0,17.0,13.0,0.0,20.0,0,0.0,10.0,10.0,0.0,114.0,107.0,101.0,104.0,127.0,143.0,117.0,116.0,6.5,7.895146188218008,109.25,5.852349955359808
AK,2020-11-21,2020,47,46,15.0,122.0,140.0,14.0,0.0,0.0,17.0,0,16.0,0.0,0.0,0.0,114.0,114.0,102.0,114.0,133.0,127.0,119.0,123.0,10.25,7.320063751999251,114.25,6.130524719249835
AK,2020-11-28,2020,48,47,21.0,114.0,120.0,19.0,14.0,0.0,26.0,0,15.0,16.0,10.0,0.0,122.0,114.0,107.0,78.0,140.0,133.0,143.0,88.0,13.0,9.055385138137417,116.0,3.99999999999999
AK,2020-12-05,2020,49,48,31.0,118.0,145.0,21.0,18.0,0.0,35.0,1,21.0,15.0,0.0,0.0,114.0,122.0,114.0,117.0,120.0,140.0,127.0,138.0,20.75,7.320063751999251,117.0,3.8297084310253413
AK,2020-12-12,2020,50,49,24.0,135.0,135.0,17.0,12.0,0.0,29.0,1,31.0,21.0,16.0,10.0,118.0,114.0,114.0,101.0,145.0,120.0,133.0,117.0,22.75,6.652067347825037,122.25,9.105858919765152
AK,2020-12-19,2020,51,50,20.0,99.0,110.0,15.0,13.0,0.0,22.0,0,24.0,31.0,15.0,0.0,135.0,118.0,122.0,102.0,135.0,145.0,140.0,119.0,24.0,4.966554808583782,116.5,14.798648586948739
AK,2020-12-26,2020,52,51,24.0,115.0,136.0,16.0,11.0,0.0,29.0,1,20.0,24.0,21.0,10.0,99.0,135.0,114.0,107.0,110.0,135.0,120.0,143.0,24.75,4.5734742446707495,116.75,14.750706197783659
AK,2021-01-02,2021,53,52,10.0,105.0,124.0,14.0,0.0,0.0,14.0,0,24.0,20.0,31.0,0.0,115.0,99.0,118.0,114.0,136.0,110.0,145.0,127.0,19.5,6.6080758671996715,113.5,15.779733838059496
AK,2021-01-09,2021,1,53,13.0,113.0,126.0,14.0,0.0,0.0,15.0,0,10.0,24.0,24.0,16.0,105.0,115.0,135.0,114.0,124.0,136.0,135.0,133.0,16.75,6.396613687465165,108.0,7.393691004272933
AK,2021-01-16,2021,2,54,0.0,130.0,142.0,14.0,0.0,0.0,12.0,0,13.0,10.0,20.0,15.0,113.0,105.0,99.0,122.0,126.0,124.0,110.0,140.0,11.75,9.878427675158298,115.75,10.436314802968838
AK,2021-01-23,2021,3,55,0.0,97.0,103.0,14.0,0.0,0.0,13.0,0,0.0,13.0,24.0,21.0,130.0,113.0,115.0,114.0,142.0,126.0,136.0,120.0,5.75,6.7515430335097,111.25,14.103781998693348
AK,2021-01-30,2021,4,56,0.0,92.0,112.0,10.0,0.0,0.0,13.0,0,0.0,0.0,10.0,31.0,97.0,130.0,105.0,118.0,103.0,142.0,124.0,145.0,3.25,6.500000000000002,108.0,17.185265006200318
AK,2021-02-06,2021,5,57,0.0,87.0,97.0,14.0,0.0,0.0,13.0,0,0.0,0.0,13.0,24.0,92.0,97.0,113.0,135.0,112.0,103.0,126.0,135.0,0.0,0.0,101.5,19.433647796197874
AK,2021-02-13,2021,6,58,0.0,93.0,124.0,14.0,0.0,0.0,13.0,0,0.0,0.0,0.0,20.0,87.0,92.0,130.0,99.0,97.0,112.0,142.0,110.0,0.0,0.0,92.25,4.112987559751003
AK,2021-02-20,2021,7,59,0.0,88.0,101.0,14.0,0.0,0.0,13.0,0,0.0,0.0,0.0,24.0,93.0,87.0,97.0,115.0,124.0,97.0,103.0,136.0,0.0,0.0,90.0,2.943920288775925
AK,2021-02-27,2021,8,60,0.0,94.0,116.0,14.0,0.0,0.0,11.0,0,0.0,0.0,0.0,10.0,88.0,93.0,92.0,105.0,101.0,124.0,112.0,124.0,0.0,0.0,90.5,3.5118845842842266
AK,2021-03-06,2021,9,61,0.0,97.0,116.0,14.0,0.0,0.0,13.0,0,0.0,0.0,0.0,13.0,94.0,88.0,87.0,113.0,116.0,101.0,97.0,126.0,0.0,0.0,93.0,3.7416573867739213
AK,2021-03-13,2021,10,62,0.0,86.0,100.0,14.0,0.0,0.0,13.0,0,0.0,0.0,0.0,0.0,97.0,94.0,93.0,130.0,116.0,116.0,124.0,142.0,0.0,0.0,91.25,5.123475382979784
AK,2021-03-20,2021,11,63,0.0,101.0,120.0,14.0,0.0,0.0,13.0,0,0.0,0.0,0.0,0.0,86.0,97.0,88.0,97.0,100.0,116.0,101.0,103.0,0.0,0.0,94.5,6.350852961085873
AK,2021-03-27,2021,12,64,0.0,93.0,117.0,14.0,0.0,0.0,13.0,0,0.0,0.0,0.0,0.0,101.0,86.0,94.0,92.0,120.0,100.0,116.0,112.0,0.0,0.0,94.25,6.396613687465153
AK,2021-04-03,2021,13,65,0.0,89.0,104.0,14.0,0.0,0.0,13.0,0,0.0,0.0,0.0,0.0,93.0,101.0,97.0,87.0,117.0,120.0,116.0,97.0,0.0,0.0,92.25,6.499999999999989
AK,2021-04-10,2021,14,66,0.0,102.0,118.0,14.0,0.0,0.0,13.0,0,0.0,0.0,0.0,0.0,89.0,93.0,86.0,93.0,104.0,117.0,100.0,124.0,0.0,0.0,96.25,6.291528696058948
AK,2021-04-17,2021,15,67,0.0,95.0,110.0,14.0,0.0,0.0,13.0,0,0.0,0.0,0.0,0.0,102.0,89.0,101.0,88.0,118.0,104.0,120.0,101.0,0.0,0.0,94.75,5.4390562906935624
AK,2021-04-24,2021,16,68,0.0,84.0,108.0,14.0,0.0,0.0,13.0,0,0.0,0.0,0.0,0.0,95.0,102.0,93.0,94.0,110.0,118.0,117.0,116.0,0.0,0.0,92.5,7.767453465154021
AK,2021-05-01,2021,17,69,0.0,115.0,146.0,14.0,0.0,0.0,13.0,0,0.0,0.0,0.0,0.0,84.0,95.0,89.0,97.0,108.0,110.0,104.0,116.0,0.0,0.0,99.0,12.987173159185431
AK,2021-05-08,2021,18,70,13.0,92.0,104.0,10.0,0.0,0.0,14.0,0,0.0,0.0,0.0,0.0,115.0,84.0,102.0,86.0,146.0,108.0,118.0,100.0,3.25,6.500000000000002,96.5,13.178264933847192
AK,2021-05-15,2021,19,71,10.0,99.0,127.0,10.0,0.0,0.0,12.0,0,13.0,0.0,0.0,0.0,92.0,115.0,95.0,101.0,104.0,146.0,110.0,120.0,5.75,6.7515430335097,97.5,13.178264933847192
AK,2021-05-22,2021,20,72,0.0,97.0,126.0,14.0,0.0,0.0,13.0,0,10.0,13.0,0.0,0.0,99.0,92.0,84.0,93.0,127.0,104.0,108.0,117.0,5.75,6.7515430335097,100.75,9.945685831890454
AK,2021-05-29,2021,21,73,0.0,110.0,143.0,14.0,0.0,0.0,13.0,0,0.0,10.0,0.0,0.0,97.0,99.0,115.0,89.0,126.0,127.0,146.0,104.0,5.75,6.7515430335097,99.5,7.593857166596335
AK,2021-06-05,2021,22,74,0.0,83.0,115.0,14.0,0.0,0.0,13.0,0,0.0,0.0,13.0,0.0,110.0,97.0,92.0,102.0,143.0,126.0,104.0,118.0,2.5,5.000000000000003,97.25,11.08677891304172
AK,2021-06-12,2021,23,75,0.0,91.0,107.0,14.0,0.0,0.0,13.0,0,0.0,0.0,10.0,0.0,83.0,110.0,99.0,95.0,115.0,143.0,127.0,110.0,0.0,0.0,95.25,11.383467544352785
AK,2021-06-19,2021,24,76,0.0,108.0,131.0,14.0,0.0,0.0,13.0,0,0.0,0.0,0.0,0.0,91.0,83.0,97.0,84.0,107.0,115.0,126.0,108.0,0.0,0.0,98.0,13.140268896284677
AK,2021-06-26,2021,25,77,0.0,90.0,106.0,14.0,0.0,0.0,13.0,0,0.0,0.0,0.0,0.0,108.0,91.0,110.0,115.0,131.0,107.0,143.0,146.0,0.0,0.0,93.0,10.61445555206043
AK,2021-07-03,2021,26,78,0.0,107.0,138.0,14.0,0.0,0.0,13.0,0,0.0,0.0,0.0,13.0,90.0,108.0,83.0,92.0,106.0,131.0,115.0,104.0,0.0,0.0,99.0,9.831920802501745
AK,2021-07-10,2021,27,79,0.0,98.0,117.0,14.0,0.0,0.0,13.0,0,0.0,0.0,0.0,10.0,107.0,90.0,91.0,99.0,138.0,106.0,107.0,127.0,0.0,0.0,100.75,8.46069343099803
AK,2021-07-17,2021,28,80,0.0,111.0,126.0,14.0,0.0,0.0,13.0,0,0.0,0.0,0.0,0.0,98.0,107.0,108.0,97.0,117.0,138.0,131.0,126.0,0.0,0.0,101.5,9.398581453247782
AK,2021-07-24,2021,29,81,0.0,99.0,131.0,14.0,0.0,0.0,13.0,0,0.0,0.0,0.0,0.0,111.0,98.0,90.0,110.0,126.0,117.0,106.0,143.0,0.0,0.0,103.75,6.29152869605895
AK,2021-07-31,2021,30,82,16.0,115.0,160.0,13.0,12.0,0.0,17.0,0,0.0,0.0,0.0,0.0,99.0,111.0,107.0,83.0,131.0,126.0,138.0,115.0,4.0,8.000000000000002,105.75,8.539125638299659
AK,2021-08-07,2021,31,83,26.0,144.0,190.0,21.0,18.0,0.0,29.0,1,16.0,0.0,0.0,0.0,115.0,99.0,98.0,91.0,160.0,131.0,117.0,107.0,10.5,12.793227374930327,117.25,19.08533468399231
AK,2021-08-14,2021,32,84,23.0,116.0,147.0,18.0,14.0,0.0,27.0,0,26.0,16.0,0.0,0.0,144.0,115.0,111.0,108.0,190.0,160.0,126.0,131.0,16.25,11.61536338935062,118.5,18.69937610367433
AK,2021-08-21,2021,33,85,23.0,149.0,164.0,14.0,12.0,0.0,25.0,0,23.0,26.0,0.0,0.0,116.0,144.0,99.0,90.0,147.0,190.0,131.0,106.0,22.0,4.242640687119289,131.0,18.018509002319437
AK,2021-08-28,2021,34,86,22.0,135.0,159.0,15.0,12.0,0.0,25.0,0,23.0,23.0,16.0,0.0,149.0,116.0,115.0,107.0,164.0,147.0,160.0,138.0,23.5,1.732050807568887,136.0,14.537308324904346
AK,2021-09-04,2021,35,87,38.0,131.0,164.0,28.0,25.0,0.0,41.0,1,22.0,23.0,26.0,0.0,135.0,149.0,144.0,98.0,159.0,164.0,190.0,117.0,26.5,7.68114574786861,132.75,13.573871960498225
AK,2021-09-11,2021,36,88,31.0,131.0,160.0,24.0,21.0,0.0,34.0,1,38.0,22.0,23.0,0.0,131.0,135.0,116.0,111.0,164.0,159.0,147.0,126.0,28.5,7.505553499465137,136.5,8.544003745317525
AK,2021-09-18,2021,37,89,42.0,147.0,184.0,26.0,23.0,0.0,45.0,1,31.0,38.0,23.0,0.0,131.0,131.0,149.0,99.0,160.0,164.0,164.0,131.0,33.25,8.770214744615249,136.0,7.571877794400358
AK,2021-09-25,2021,38,90,55.0,153.0,171.0,36.0,31.0,0.0,60.0,1,42.0,31.0,22.0,16.0,147.0,131.0,135.0,115.0,184.0,160.0,159.0,160.0,41.5,10.082988974836118,140.5,11.239810200058237
AK,2021-10-02,2021,39,91,57.0,171.0,184.0,38.0,34.0,0.0,61.0,1,55.0,42.0,38.0,26.0,153.0,147.0,131.0,144.0,171.0,184.0,164.0,190.0,46.25,12.148388096094617,150.5,16.522711641858304
AK,2021-10-09,2021,40,92,43.0,150.0,170.0,31.0,28.0,0.0,46.0,1,57.0,55.0,31.0,23.0,171.0,153.0,131.0,116.0,184.0,171.0,160.0,147.0,49.25,7.847504911329039,155.25,10.781929326423908
AK,2021-10-16,2021,41,93,44.0,162.0,191.0,32.0,27.0,0.0,49.0,1,43.0,57.0,42.0,23.0,150.0,171.0,147.0,149.0,170.0,184.0,184.0,164.0,49.75,7.274384280931735,159.0,9.486832980505135
AK,2021-10-23,2021,42,94,50.0,171.0,198.0,34.0,32.0,0.0,52.0,1,44.0,43.0,55.0,22.0,162.0,150.0,153.0,135.0,191.0,170.0,171.0,159.0,48.5,6.454972243679032,163.5,9.949874371066196
AK,2021-10-30,2021,43,95,59.0,169.0,197.0,37.0,33.0,0.0,63.0,1,50.0,44.0,57.0,38.0,171.0,162.0,171.0,131.0,198.0,191.0,184.0,164.0,49.0,7.348469228349538,163.0,9.486832980505135
AK,2021-11-06,2021,44,96,38.0,150.0,201.0,33.0,24.0,0.0,47.0,1,59.0,50.0,43.0,31.0,169.0,171.0,150.0,131.0,197.0,198.0,170.0,160.0,47.75,8.95823643358446,163.0,9.486832980505135
AK,2021-11-13,2021,45,97,25.0,115.0,128.0,17.0,15.0,0.0,27.0,1,38.0,59.0,44.0,42.0,150.0,169.0,162.0,147.0,201.0,197.0,191.0,184.0,43.0,14.764823060233402,151.25,25.95348403072954
AK,2021-11-20,2021,46,98,25.0,131.0,153.0,13.0,11.0,0.0,27.0,1,25.0,38.0,50.0,55.0,115.0,150.0,171.0,153.0,128.0,201.0,198.0,171.0,36.75,16.04940289647354,141.25,23.386249521175188
AK,2021-11-27,2021,47,99,29.0,154.0,177.0,23.0,20.0,0.0,32.0,1,25.0,25.0,59.0,57.0,131.0,115.0,169.0,171.0,153.0,128.0,197.0,184.0,29.25,6.1305247192498395,137.5,18.046236911518882
AK,2021-12-04,2021,48,100,17.0,142.0,149.0,14.0,0.0,0.0,23.0,0,29.0,25.0,38.0,43.0,154.0,131.0,150.0,150.0,177.0,153.0,201.0,170.0,24.0,5.033222956847165,135.5,16.583123951776997
AK,2021-12-11,2021,49,101,17.0,128.0,157.0,21.0,10.0,0.0,28.0,0,17.0,29.0,25.0,44.0,142.0,154.0,115.0,162.0,149.0,177.0,128.0,191.0,22.0,5.999999999999999,138.75,11.814539065631516
AK,2021-12-18,2021,50,102,0.0,121.0,121.0,11.0,0.0,0.0,12.0,0,17.0,17.0,25.0,50.0,128.0,142.0,131.0,171.0,157.0,149.0,153.0,198.0,15.75,11.926860441876563,136.25,14.705441169852739
AK,2021-12-25,2021,51,103,10.0,115.0,128.0,11.0,0.0,0.0,15.0,0,0.0,17.0,29.0,59.0,121.0,128.0,154.0,169.0,121.0,157.0,177.0,197.0,11.0,8.04155872120988,126.5,11.61895003862225
AL,2020-02-29,2020,9,8,37.5,979.0,112.0,63.0,0.0,14.0,78.0,0,0.0,0.0,0.0,0.0,979.0,979.0,979.0,979.0,101.0,101.0,94.0,94.0,9.375,18.75,979.0,0.0
AL,2020-03-07,2020,10,9,0.0,979.0,101.0,58.0,0.0,13.0,71.0,0,37.5,0.0,0.0,0.0,979.0,979.0,979.0,979.0,112.0,101.0,101.0,96.0,9.375,18.75,979.0,0.0
AL,2020-03-14,2020,11,10,0.0,979.0,101.0,61.0,0.0,0.0,68.0,0,0.0,37.5,0.0,0.0,979.0,979.0,979.0,979.0,101.0,112.0,101.0,91.0,9.375,18.75,979.0,0.0
AL,2020-03-21,2020,12,11,37.5,979.0,103.0,71.0,18.0,0.0,79.0,0,0.0,0.0,0.0,37.5,979.0,979.0,979.0,979.0,101.0,101.0,101.0,94.0,18.75,21.650635094610966,979.0,0.0
AL,2020-03-28,2020,13,12,23.0,979.0,105.0,69.0,18.0,0.0,93.0,0,37.5,0.0,37.5,0.0,979.0,979.0,979.0,979.0,103.0,101.0,112.0,94.0,15.125,18.440783605910028,979.0,0.0
AL,2020-04-04,2020,14,13,49.0,979.0,112.0,65.0,11.0,0.0,106.0,0,23.0,37.5,0.0,0.0,979.0,979.0,979.0,979.0,105.0,103.0,101.0,101.0,27.375,21.124137063242767,979.0,0.0
AL,2020-04-11,2020,15,14,81.0,979.0,111.0,85.0,27.0,0.0,143.0,0,49.0,23.0,0.0,0.0,979.0,979.0,979.0,979.0,112.0,105.0,101.0,101.0,47.625,24.662302541868765,979.0,0.0
AL,2020-04-18,2020,16,15,89.0,979.0,117.0,94.0,26.0,0.0,157.0,0,81.0,49.0,37.5,0.0,979.0,979.0,979.0,979.0,111.0,112.0,103.0,101.0,60.5,30.391884881768465,979.0,0.0
AL,2020-04-25,2020,17,16,85.0,979.0,114.0,77.0,20.0,0.0,143.0,0,89.0,81.0,23.0,37.5,979.0,979.0,979.0,979.0,117.0,111.0,105.0,112.0,76.0,18.29389697868299,979.0,0.0
AL,2020-05-02,2020,18,17,81.0,979.0,116.0,87.0,26.0,0.0,143.0,0,85.0,89.0,49.0,0.0,979.0,979.0,979.0,979.0,114.0,117.0,112.0,101.0,84.0,3.8297084310253524,979.0,0.0
AL,2020-05-09,2020,19,18,116.0,979.0,116.0,93.0,34.0,0.0,175.0,0,81.0,85.0,81.0,0.0,979.0,979.0,979.0,979.0,116.0,114.0,111.0,101.0,92.75,15.840349322747484,979.0,0.0
AL,2020-05-16,2020,20,19,96.0,979.0,115.0,89.0,30.0,0.0,156.0,0,116.0,81.0,89.0,37.5,979.0,979.0,979.0,979.0,116.0,116.0,117.0,103.0,94.5,15.673757260678329,979.0,0.0
AL,2020-05-23,2020,21,20,82.0,979.0,118.0,83.0,24.0,0.0,141.0,0,96.0,116.0,85.0,23.0,979.0,979.0,979.0,979.0,115.0,116.0,114.0,105.0,93.75,16.33758448078132,979.0,0.0
AL,2020-05-30,2020,22,21,103.0,979.0,114.0,95.0,30.0,0.0,169.0,0,82.0,96.0,81.0,49.0,979.0,979.0,979.0,979.0,118.0,115.0,116.0,112.0,99.25,14.174507634012077,979.0,0.0
AL,2020-06-06,2020,23,22,91.0,979.0,116.0,86.0,33.0,0.0,145.0,0,103.0,82.0,116.0,81.0,979.0,979.0,979.0,979.0,114.0,118.0,116.0,111.0,93.0,8.831760866327848,979.0,0.0
AL,2020-06-13,2020,24,23,81.0,979.0,120.0,76.0,29.0,0.0,128.0,0,91.0,103.0,96.0,89.0,979.0,979.0,979.0,979.0,116.0,114.0,115.0,117.0,89.25,10.210288928331071,979.0,0.0
AL,2020-06-20,2020,25,24,88.0,979.0,112.0,80.0,25.0,0.0,143.0,0,81.0,91.0,82.0,85.0,979.0,979.0,979.0,979.0,120.0,116.0,118.0,114.0,90.75,9.178779875342912,979.0,0.0
AL,2020-06-27,2020,26,25,103.0,979.0,124.0,83.0,31.0,0.0,155.0,0,88.0,81.0,103.0,81.0,979.0,979.0,979.0,979.0,112.0,120.0,114.0,116.0,90.75,9.178779875342912,979.0,0.0
AL,2020-07-04,2020,27,26,125.0,979.0,122.0,94.0,48.0,0.0,171.0,0,103.0,88.0,91.0,116.0,979.0,979.0,979.0,979.0,124.0,112.0,116.0,116.0,99.25,19.465781943365815,979.0,0.0
AL,2020-07-11,2020,28,27,135.0,979.0,127.0,95.0,36.0,0.0,194.0,0,125.0,103.0,81.0,96.0,979.0,979.0,979.0,979.0,122.0,124.0,120.0,115.0,112.75,21.234798484249072,979.0,0.0
AL,2020-07-18,2020,29,28,192.0,979.0,134.0,102.0,45.0,0.0,249.0,0,135.0,125.0,88.0,82.0,979.0,979.0,979.0,979.0,127.0,122.0,112.0,118.0,138.75,37.93305506634901,979.0,0.0
AL,2020-07-25,2020,30,29,251.0,979.0,143.0,137.0,89.0,0.0,300.0,0,192.0,135.0,103.0,103.0,979.0,979.0,979.0,979.0,134.0,127.0,124.0,114.0,175.75,58.202949524343985,979.0,0.0
AL,2020-08-01,2020,31,30,263.0,979.0,141.0,158.0,95.0,0.0,327.0,0,251.0,192.0,125.0,91.0,979.0,979.0,979.0,979.0,143.0,134.0,122.0,116.0,210.25,58.987993128545526,979.0,0.0
AL,2020-08-08,2020,32,31,264.0,979.0,143.0,135.0,87.0,0.0,313.0,0,263.0,251.0,135.0,81.0,979.0,979.0,979.0,979.0,141.0,143.0,127.0,120.0,242.5,34.18089134784717,979.0,0.0
AL,2020-08-15,2020,33,32,230.0,979.0,137.0,140.0,83.0,0.0,287.0,0,264.0,263.0,192.0,88.0,979.0,979.0,979.0,979.0,143.0,141.0,134.0,112.0,252.0,15.811388300841912,979.0,0.0
AL,2020-08-22,2020,34,33,209.0,979.0,140.0,118.0,64.0,0.0,263.0,0,230.0,264.0,251.0,103.0,979.0,979.0,979.0,979.0,137.0,143.0,143.0,124.0,241.5,26.814175355583856,979.0,0.0
AL,2020-08-29,2020,35,34,185.0,979.0,127.0,130.0,71.0,0.0,244.0,0,209.0,230.0,263.0,125.0,979.0,979.0,979.0,979.0,140.0,137.0,141.0,122.0,222.0,33.496268448888465,979.0,0.0
AL,2020-09-05,2020,36,35,156.0,979.0,125.0,110.0,58.0,0.0,208.0,0,185.0,209.0,264.0,135.0,979.0,979.0,979.0,979.0,127.0,140.0,143.0,127.0,195.0,31.843366656181328,979.0,0.0
AL,2020-09-12,2020,37,36,138.0,979.0,128.0,110.0,50.0,0.0,198.0,0,156.0,185.0,230.0,192.0,979.0,979.0,979.0,979.0,125.0,127.0,137.0,134.0,172.0,31.358146203711314,979.0,0.0
AL,2020-09-19,2020,38,37,139.0,979.0,125.0,98.0,46.0,0.0,191.0,0,138.0,156.0,209.0,251.0,979.0,979.0,979.0,979.0,128.0,125.0,140.0,143.0,154.5,21.946905628508713,979.0,0.0
AL,2020-09-26,2020,39,38,105.0,979.0,119.0,78.0,31.0,0.0,152.0,0,139.0,138.0,185.0,263.0,979.0,979.0,979.0,979.0,125.0,128.0,127.0,141.0,134.5,21.330729007701564,979.0,0.0
AL,2020-10-03,2020,40,39,111.0,979.0,116.0,92.0,36.0,0.0,167.0,0,105.0,139.0,156.0,264.0,979.0,979.0,979.0,979.0,119.0,125.0,125.0,143.0,123.25,17.783419243778766,979.0,0.0
AL,2020-10-10,2020,41,40,137.0,979.0,127.0,102.0,50.0,0.0,190.0,0,111.0,105.0,138.0,230.0,979.0,979.0,979.0,979.0,116.0,119.0,128.0,137.0,123.0,17.51190071541829,979.0,0.0
AL,2020-10-17,2020,42,41,126.0,979.0,121.0,88.0,41.0,0.0,173.0,0,137.0,111.0,139.0,209.0,979.0,979.0,979.0,979.0,127.0,116.0,125.0,140.0,119.75,14.500000000000032,979.0,0.0
AL,2020-10-24,2020,43,42,119.0,979.0,118.0,102.0,35.0,0.0,187.0,0,126.0,137.0,105.0,185.0,979.0,979.0,979.0,979.0,121.0,127.0,119.0,127.0,123.25,11.026483271348768,979.0,0.0
AL,2020-10-31,2020,44,43,131.0,979.0,123.0,104.0,47.0,0.0,188.0,0,119.0,126.0,111.0,156.0,979.0,979.0,979.0,979.0,118.0,121.0,116.0,125.0,128.25,7.632168761236934,979.0,0.0
AL,2020-11-07,2020,45,44,151.0,979.0,128.0,103.0,50.0,0.0,204.0,0,131.0,119.0,137.0,138.0,979.0,979.0,979.0,979.0,123.0,118.0,127.0,128.0,131.75,13.744695946679489,979.0,0.0
AL,2020-11-14,2020,46,45,176.0,979.0,122.0,115.0,61.0,0.0,230.0,0,151.0,131.0,126.0,139.0,979.0,979.0,979.0,979.0,128.0,123.0,121.0,125.0,144.25,24.944939366532864,979.0,0.0
AL,2020-11-21,2020,47,46,168.0,979.0,125.0,98.0,46.0,0.0,220.0,0,176.0,151.0,119.0,105.0,979.0,979.0,979.0,979.0,122.0,128.0,118.0,119.0,156.5,19.941581348194727,979.0,0.0
AL,2020-11-28,2020,48,47,202.0,979.0,126.0,107.0,56.0,0.0,254.0,0,168.0,176.0,131.0,111.0,979.0,979.0,979.0,979.0,125.0,122.0,123.0,116.0,174.25,21.234798484249097,979.0,0.0
AL,2020-12-05,2020,49,48,251.0,979.0,127.0,126.0,71.0,0.0,306.0,0,202.0,168.0,151.0,137.0,979.0,979.0,979.0,979.0,126.0,125.0,128.0,127.0,199.25,37.42882133686109,979.0,0.0
AL,2020-12-12,2020,50,49,378.0,979.0,147.0,195.0,130.0,0.0,443.0,1,251.0,202.0,176.0,126.0,979.0,979.0,979.0,979.0,127.0,126.0,122.0,121.0,249.75,92.03758290321768,979.0,0.0
AL,2020-12-19,2020,51,50,390.0,979.0,144.0,210.0,144.0,0.0,456.0,1,378.0,251.0,168.0,119.0,979.0,979.0,979.0,979.0,147.0,127.0,125.0,118.0,305.25,93.23581214676402,979.0,0.0
AL,2020-12-26,2020,52,51,452.0,979.0,152.0,193.0,137.0,0.0,509.0,1,390.0,378.0,202.0,131.0,979.0,979.0,979.0,979.0,144.0,147.0,126.0,123.0,367.75,84.3183451766775,979.0,0.0
AL,2021-01-02,2021,53,52,508.0,979.0,169.0,245.0,181.0,0.0,576.0,1,452.0,390.0,251.0,151.0,979.0,979.0,979.0,979.0,152.0,144.0,127.0,128.0,432.0,60.15535443056309,979.0,0.0
AL,2021-01-09,2021,1,53,548.0,979.0,158.0,251.0,186.0,0.0,613.0,1,508.0,452.0,378.0,176.0,979.0,979.0,979.0,979.0,169.0,152.0,147.0,122.0,474.5,68.72893616713898,979.0,0.0
AL,2021-01-16,2021,2,54,596.0,979.0,156.0,304.0,240.0,0.0,663.0,1,548.0,508.0,390.0,168.0,979.0,979.0,979.0,979.0,158.0,169.0,144.0,125.0,526.0,61.057350089894975,979.0,0.0
AL,2021-01-23,2021,3,55,583.0,979.0,156.0,260.0,207.0,0.0,636.0,1,596.0,548.0,452.0,202.0,979.0,979.0,979.0,979.0,156.0,158.0,152.0,126.0,558.75,39.440884033364824,979.0,0.0
AL,2021-01-30,2021,4,56,490.0,979.0,146.0,241.0,179.0,0.0,552.0,1,583.0,596.0,508.0,251.0,979.0,979.0,979.0,979.0,156.0,156.0,169.0,127.0,554.25,47.38758627882762,979.0,0.0
AL,2021-02-06,2021,5,57,347.0,979.0,138.0,183.0,123.0,0.0,408.0,1,490.0,583.0,548.0,378.0,979.0,979.0,979.0,979.0,146.0,156.0,158.0,147.0,504.0,114.81869766433223,979.0,0.0
AL,2021-02-13,2021,6,58,265.0,979.0,129.0,150.0,104.0,0.0,312.0,0,347.0,490.0,596.0,390.0,979.0,979.0,979.0,979.0,138.0,146.0,156.0,144.0,421.25,142.38065177544314,979.0,0.0
AL,2021-02-20,2021,7,59,214.0,979.0,123.0,122.0,65.0,0.0,273.0,0,265.0,347.0,583.0,452.0,979.0,979.0,979.0,979.0,129.0,138.0,156.0,152.0,329.0,120.5072611920128,979.0,0.0
AL,2021-02-27,2021,8,60,170.0,979.0,121.0,121.0,64.0,0.0,227.0,0,214.0,265.0,490.0,508.0,979.0,979.0,979.0,979.0,123.0,129.0,146.0,169.0,249.0,75.99561390852321,979.0,0.0
AL,2021-03-06,2021,9,61,110.0,979.0,112.0,80.0,35.0,0.0,156.0,0,170.0,214.0,347.0,548.0,979.0,979.0,979.0,979.0,121.0,123.0,138.0,158.0,189.75,65.82995771936457,979.0,0.0
AL,2021-03-13,2021,10,62,104.0,979.0,114.0,96.0,42.0,0.0,158.0,0,110.0,170.0,265.0,596.0,979.0,979.0,979.0,979.0,112.0,121.0,129.0,156.0,149.5,52.31634543811326,979.0,0.0
AL,2021-03-20,2021,11,63,81.0,979.0,98.0,70.0,27.0,0.0,124.0,0,104.0,110.0,214.0,583.0,979.0,979.0,979.0,979.0,114.0,112.0,123.0,156.0,116.25,37.95062581829177,979.0,0.0
AL,2021-03-27,2021,12,64,78.0,979.0,116.0,80.0,34.0,0.0,124.0,0,81.0,104.0,170.0,490.0,979.0,979.0,979.0,979.0,98.0,114.0,121.0,146.0,93.25,16.111590031195778,979.0,0.0
AL,2021-04-03,2021,13,65,67.0,979.0,108.0,78.0,23.0,0.0,122.0,0,78.0,81.0,110.0,347.0,979.0,979.0,979.0,979.0,116.0,98.0,112.0,138.0,82.5,15.545631755147827,979.0,0.0
AL,2021-04-10,2021,14,66,53.0,979.0,117.0,67.0,17.0,0.0,104.0,0,67.0,78.0,104.0,265.0,979.0,979.0,979.0,979.0,108.0,116.0,114.0,129.0,69.75,12.68529332205844,979.0,0.0
AL,2021-04-17,2021,15,67,43.0,979.0,114.0,64.0,16.0,0.0,91.0,0,53.0,67.0,81.0,214.0,979.0,979.0,979.0,979.0,117.0,108.0,98.0,123.0,60.25,15.392097539538282,979.0,0.0
AL,2021-04-24,2021,16,68,45.0,979.0,113.0,61.0,18.0,0.0,98.0,0,43.0,53.0,78.0,170.0,979.0,979.0,979.0,979.0,114.0,117.0,116.0,121.0,52.0,10.893423092245177,979.0,0.0
AL,2021-05-01,2021,17,69,46.0,979.0,119.0,73.0,19.0,0.0,100.0,0,45.0,43.0,67.0,110.0,979.0,979.0,979.0,979.0,113.0,114.0,108.0,112.0,46.75,4.349329450232584,979.0,0.0
AL,2021-05-08,2021,18,70,63.0,979.0,116.0,74.0,29.0,0.0,108.0,0,46.0,45.0,53.0,104.0,979.0,979.0,979.0,979.0,119.0,113.0,117.0,114.0,49.25,9.251126057584942,979.0,0.0
AL,2021-05-15,2021,19,71,50.0,979.0,109.0,57.0,16.0,0.0,91.0,0,63.0,46.0,43.0,81.0,979.0,979.0,979.0,979.0,116.0,119.0,114.0,98.0,51.0,8.286535263103662,979.0,0.0
AL,2021-05-22,2021,20,72,50.0,979.0,110.0,58.0,17.0,0.0,92.0,0,50.0,63.0,45.0,78.0,979.0,979.0,979.0,979.0,109.0,116.0,113.0,116.0,52.25,7.410578025138152,979.0,0.0
AL,2021-05-29,2021,21,73,33.0,979.0,110.0,59.0,12.0,0.0,80.0,0,50.0,50.0,46.0,67.0,979.0,979.0,979.0,979.0,110.0,109.0,119.0,108.0,49.0,12.301761391497038,979.0,0.0
AL,2021-06-05,2021,22,74,36.0,979.0,111.0,60.0,11.0,0.0,85.0,0,33.0,50.0,63.0,53.0,979.0,979.0,979.0,979.0,110.0,110.0,116.0,117.0,42.25,9.032349269892476,979.0,0.0
AL,2021-06-12,2021,23,75,34.0,979.0,110.0,60.0,10.0,0.0,84.0,0,36.0,33.0,50.0,43.0,979.0,979.0,979.0,979.0,111.0,110.0,109.0,114.0,38.25,7.932002689526806,979.0,0.0
AL,2021-06-19,2021,24,76,24.0,979.0,120.0,67.0,11.0,0.0,80.0,0,34.0,36.0,50.0,45.0,979.0,979.0,979.0,979.0,110.0,111.0,110.0,113.0,31.75,5.315072906366745,979.0,0.0
AL,2021-06-26,2021,25,77,36.0,979.0,110.0,69.0,10.0,0.0,96.0,0,24.0,34.0,33.0,46.0,979.0,979.0,979.0,979.0,120.0,110.0,110.0,119.0,32.5,5.744562646537492,979.0,0.0
AL,2021-07-03,2021,26,78,22.0,979.0,114.0,55.0,10.0,0.0,67.0,0,36.0,24.0,36.0,63.0,979.0,979.0,979.0,979.0,110.0,120.0,111.0,116.0,29.0,7.0237691685680534,979.0,0.0
AL,2021-07-10,2021,27,79,37.0,979.0,115.0,75.0,14.0,0.0,98.0,0,22.0,36.0,34.0,50.0,979.0,979.0,979.0,979.0,114.0,110.0,110.0,109.0,29.75,7.847504911328643,979.0,0.0
AL,2021-07-17,2021,28,80,43.0,979.0,106.0,72.0,18.0,0.0,97.0,0,37.0,22.0,24.0,50.0,979.0,979.0,979.0,979.0,115.0,114.0,120.0,110.0,34.5,8.88819441731524,979.0,0.0
AL,2021-07-24,2021,29,81,63.0,979.0,115.0,71.0,24.0,0.0,110.0,0,43.0,37.0,36.0,33.0,979.0,979.0,979.0,979.0,106.0,115.0,110.0,110.0,41.25,16.97792684634946,979.0,0.0
AL,2021-07-31,2021,30,82,109.0,979.0,125.0,97.0,40.0,0.0,166.0,0,63.0,43.0,22.0,36.0,979.0,979.0,979.0,979.0,115.0,106.0,114.0,111.0,63.0,32.61901286060009,979.0,0.0
AL,2021-08-07,2021,31,83,226.0,979.0,138.0,134.0,90.0,0.0,270.0,0,109.0,63.0,37.0,34.0,979.0,979.0,979.0,979.0,125.0,115.0,115.0,110.0,110.25,81.96493152562255,979.0,0.0
AL,2021-08-14,2021,32,84,345.0,979.0,149.0,176.0,140.0,0.0,381.0,1,226.0,109.0,43.0,24.0,979.0,979.0,979.0,979.0,138.0,125.0,106.0,120.0,185.75,126.41037668377278,979.0,0.0
AL,2021-08-21,2021,33,85,420.0,979.0,166.0,203.0,146.0,0.0,477.0,1,345.0,226.0,63.0,36.0,979.0,979.0,979.0,979.0,149.0,138.0,115.0,110.0,275.0,136.4819890437318,979.0,0.0
AL,2021-08-28,2021,34,86,477.0,979.0,174.0,235.0,169.0,0.0,543.0,1,420.0,345.0,109.0,22.0,979.0,979.0,979.0,979.0,166.0,149.0,125.0,114.0,367.0,108.43431191278891,979.0,0.0
AL,2021-09-04,2021,35,87,497.0,979.0,168.0,244.0,190.0,0.0,551.0,1,477.0,420.0,226.0,37.0,979.0,979.0,979.0,979.0,174.0,166.0,138.0,115.0,434.75,68.14873439763937,979.0,0.0
AL,2021-09-11,2021,36,88,548.0,979.0,180.0,278.0,215.0,0.0,611.0,1,497.0,477.0,345.0,43.0,979.0,979.0,979.0,979.0,168.0,174.0,149.0,106.0,485.5,52.9181758314979,979.0,0.0
AL,2021-09-18,2021,37,89,474.0,979.0,165.0,243.0,191.0,0.0,526.0,1,548.0,497.0,420.0,63.0,979.0,979.0,979.0,979.0,180.0,168.0,166.0,115.0,499.0,34.224747381585274,979.0,0.0
AL,2021-09-25,2021,38,90,410.0,979.0,151.0,179.0,137.0,0.0,452.0,1,474.0,548.0,477.0,109.0,979.0,979.0,979.0,979.0,165.0,180.0,174.0,125.0,482.25,57.23853597009618,979.0,0.0
AL,2021-10-02,2021,39,91,366.0,979.0,151.0,204.0,160.0,0.0,411.0,1,410.0,474.0,497.0,226.0,979.0,979.0,979.0,979.0,151.0,165.0,168.0,138.0,449.5,79.23593460882081,979.0,0.0
AL,2021-10-09,2021,40,92,259.0,979.0,144.0,170.0,113.0,0.0,317.0,0,366.0,410.0,548.0,345.0,979.0,979.0,979.0,979.0,151.0,151.0,180.0,149.0,377.25,90.44841992354903,979.0,0.0
AL,2021-10-16,2021,41,93,217.0,979.0,135.0,139.0,83.0,0.0,274.0,0,259.0,366.0,474.0,420.0,979.0,979.0,979.0,979.0,144.0,151.0,165.0,166.0,313.0,90.09254501159717,979.0,0.0
AL,2021-10-23,2021,42,94,157.0,979.0,123.0,107.0,53.0,0.0,211.0,0,217.0,259.0,410.0,477.0,979.0,979.0,979.0,979.0,135.0,144.0,151.0,174.0,249.75,88.08092869628474,979.0,0.0
AL,2021-10-30,2021,43,95,99.0,979.0,115.0,93.0,39.0,0.0,156.0,0,157.0,217.0,366.0,497.0,979.0,979.0,979.0,979.0,123.0,135.0,151.0,168.0,183.0,69.91423317179411,979.0,0.0
AL,2021-11-06,2021,44,96,85.0,979.0,125.0,82.0,25.0,0.0,143.0,0,99.0,157.0,259.0,548.0,979.0,979.0,979.0,979.0,115.0,123.0,144.0,180.0,139.5,60.34069936618232,979.0,0.0
AL,2021-11-13,2021,45,97,86.0,979.0,118.0,84.0,33.0,0.0,138.0,0,85.0,99.0,217.0,474.0,979.0,979.0,979.0,979.0,125.0,115.0,135.0,165.0,106.75,34.1015639915043,979.0,0.0
AL,2021-11-20,2021,46,98,51.0,979.0,108.0,61.0,13.0,0.0,99.0,0,86.0,85.0,157.0,410.0,979.0,979.0,979.0,979.0,118.0,125.0,123.0,151.0,80.25,20.516253719104338,979.0,0.0
AL,2021-11-27,2021,47,99,59.0,979.0,117.0,90.0,31.0,0.0,119.0,0,51.0,86.0,99.0,366.0,979.0,979.0,979.0,979.0,108.0,118.0,115.0,151.0,70.25,17.91414710966343,979.0,0.0
AL,2021-12-04,2021,48,100,69.0,979.0,120.0,72.0,17.0,0.0,124.0,0,59.0,51.0,85.0,259.0,979.0,979.0,979.0,979.0,117.0,108.0,125.0,144.0,66.25,15.085865349171364,979.0,0.0
AL,2021-12-11,2021,49,101,56.0,979.0,117.0,77.0,19.0,0.0,115.0,0,69.0,59.0,86.0,217.0,979.0,979.0,979.0,979.0,120.0,117.0,118.0,135.0,58.75,7.588368291887869,979.0,0.0
AL,2021-12-18,2021,50,102,71.0,979.0,106.0,86.0,28.0,0.0,129.0,0,56.0,69.0,51.0,157.0,979.0,979.0,979.0,979.0,117.0,120.0,108.0,123.0,63.75,7.3654599313278375,979.0,0.0
AL,2021-12-25,2021,51,103,74.0,979.0,104.0,78.0,18.0,0.0,135.0,0,71.0,56.0,59.0,99.0,979.0,979.0,979.0,979.0,106.0,117.0,117.0,115.0,67.5,7.937253933193514,979.0,0.0
AR,2020-02-29,2020,9,8,0.0,656.0,103.0,32.0,0.0,0.0,39.0,0,0.0,0.0,0.0,0.0,697.0,688.0,681.0,672.0,102.0,102.0,105.0,97.0,0.0,0.0,678.5,17.97220075561145
AR,2020-03-07,2020,10,9,0.0,697.0,106.0,42.0,0.0,0.0,51.0,0,0.0,0.0,0.0,0.0,656.0,697.0,673.0,686.0,103.0,102.0,102.0,102.0,0.0,0.0,684.5,19.4679223339318
AR,2020-03-14,2020,11,10,0.0,628.0,98.0,37.0,0.0,0.0,41.0,0,0.0,0.0,0.0,0.0,697.0,656.0,688.0,658.0,106.0,103.0,102.0,95.0,0.0,0.0,669.5,33.749074061372426
AR,2020-03-21,2020,12,11,0.0,640.0,102.0,55.0,0.0,11.0,66.0,0,0.0,0.0,0.0,0.0,628.0,697.0,697.0,616.0,98.0,106.0,102.0,94.0,0.0,0.0,655.25,30.103986446980766
AR,2020-03-28,2020,13,12,27.0,641.0,102.0,41.0,16.0,0.0,51.0,0,0.0,0.0,0.0,0.0,640.0,628.0,656.0,681.0,102.0,98.0,103.0,105.0,6.75,13.5,651.5,30.903074280724915
AR,2020-04-04,2020,14,13,11.0,606.0,99.0,52.0,16.0,0.0,61.0,0,27.0,0.0,0.0,0.0,641.0,640.0,697.0,673.0,102.0,102.0,106.0,102.0,9.5,12.767145334803704,628.75,16.276260831857826
AR,2020-04-11,2020,15,14,14.0,636.0,101.0,59.0,16.0,0.0,70.0,0,11.0,27.0,0.0,0.0,606.0,641.0,628.0,688.0,99.0,102.0,98.0,102.0,13.0,11.105554165971787,630.75,16.640813281407528
AR,2020-04-18,2020,16,15,12.0,637.0,109.0,49.0,16.0,0.0,56.0,0,14.0,11.0,0.0,0.0,636.0,606.0,640.0,697.0,101.0,99.0,102.0,102.0,16.0,7.438637868140466,630.0,16.145174717749857
AR,2020-04-25,2020,17,16,14.0,615.0,104.0,46.0,16.0,0.0,56.0,0,12.0,14.0,27.0,0.0,637.0,636.0,641.0,656.0,109.0,101.0,102.0,103.0,12.75,1.5000000000000007,623.5,15.459624833740396
AR,2020-05-02,2020,18,17,22.0,630.0,105.0,40.0,16.0,0.0,59.0,0,14.0,12.0,11.0,0.0,615.0,637.0,606.0,697.0,104.0,109.0,99.0,106.0,15.5,4.43471156521669,629.5,10.148891565092343
AR,2020-05-09,2020,19,18,24.0,661.0,111.0,45.0,16.0,0.0,63.0,0,22.0,14.0,14.0,0.0,630.0,615.0,636.0,628.0,105.0,104.0,101.0,98.0,18.0,5.887840577551898,635.75,19.172462891692753
AR,2020-05-16,2020,20,19,27.0,583.0,98.0,34.0,16.0,0.0,39.0,0,24.0,22.0,12.0,0.0,661.0,630.0,637.0,640.0,111.0,105.0,109.0,102.0,21.75,5.560275772537426,622.25,32.428125652484695
AR,2020-05-23,2020,21,20,20.0,642.0,108.0,43.0,16.0,0.0,57.0,0,27.0,24.0,14.0,27.0,583.0,661.0,615.0,641.0,98.0,111.0,104.0,102.0,23.25,2.9860788111948198,629.0,33.21646178227501
AR,2020-05-30,2020,22,21,19.0,610.0,105.0,37.0,12.0,0.0,44.0,0,20.0,27.0,22.0,11.0,642.0,583.0,630.0,606.0,108.0,98.0,105.0,99.0,22.5,3.696845502136473,624.0,34.49637662132072
AR,2020-06-06,2020,23,22,26.0,649.0,114.0,39.0,11.0,0.0,54.0,0,19.0,20.0,24.0,14.0,610.0,642.0,661.0,636.0,105.0,108.0,111.0,101.0,23.0,4.08248290463863,621.0,30.495901363953855
AR,2020-06-13,2020,24,23,34.0,652.0,106.0,50.0,17.0,0.0,67.0,0,26.0,19.0,27.0,12.0,649.0,610.0,583.0,637.0,114.0,105.0,98.0,109.0,24.75,6.898067362191626,638.25,19.29378138157482
AR,2020-06-20,2020,25,24,45.0,708.0,125.0,46.0,16.0,0.0,75.0,0,34.0,26.0,20.0,14.0,652.0,649.0,642.0,615.0,106.0,114.0,108.0,104.0,31.0,11.16542281629615,654.75,40.32679010285847
AR,2020-06-27,2020,26,25,47.0,663.0,116.0,54.0,21.0,0.0,80.0,0,45.0,34.0,19.0,22.0,708.0,652.0,610.0,630.0,125.0,106.0,105.0,105.0,38.0,9.83192080250175,668.0,27.3373980717503
AR,2020-07-04,2020,27,26,41.0,687.0,117.0,45.0,17.0,0.0,69.0,0,47.0,45.0,26.0,24.0,663.0,708.0,649.0,661.0,116.0,125.0,114.0,111.0,41.75,5.737304826019502,677.5,25.039968051097897
AR,2020-07-11,2020,28,27,47.0,661.0,113.0,53.0,23.0,0.0,77.0,0,41.0,47.0,34.0,27.0,687.0,663.0,652.0,583.0,117.0,116.0,106.0,98.0,45.0,2.828427124746189,679.75,22.231734075415787
AR,2020-07-18,2020,29,28,57.0,695.0,120.0,58.0,25.0,0.0,91.0,0,47.0,41.0,45.0,20.0,661.0,687.0,708.0,642.0,113.0,117.0,125.0,108.0,48.0,6.633249580710799,676.5,17.07825127659944
AR,2020-07-25,2020,30,29,74.0,714.0,129.0,74.0,36.0,0.0,112.0,0,57.0,47.0,47.0,19.0,695.0,661.0,663.0,610.0,120.0,113.0,116.0,105.0,54.75,14.430869689661812,689.25,21.975364995072784
AR,2020-08-01,2020,31,30,88.0,750.0,138.0,85.0,44.0,0.0,129.0,0,74.0,57.0,41.0,26.0,714.0,695.0,687.0,649.0,129.0,120.0,117.0,114.0,66.5,18.156725108528427,705.0,37.15732319027664
AR,2020-08-08,2020,32,31,91.0,736.0,127.0,80.0,42.0,0.0,129.0,0,88.0,74.0,47.0,34.0,750.0,714.0,661.0,652.0,138.0,129.0,113.0,106.0,77.5,15.545631755148023,723.75,24.226363050748475
AR,2020-08-15,2020,33,32,92.0,766.0,135.0,78.0,34.0,0.0,136.0,0,91.0,88.0,57.0,45.0,736.0,750.0,695.0,708.0,127.0,138.0,120.0,125.0,86.25,8.341662504161464,741.5,22.052966542697536
AR,2020-08-22,2020,34,33,99.0,750.0,132.0,93.0,49.0,0.0,143.0,0,92.0,91.0,74.0,47.0,766.0,736.0,714.0,663.0,135.0,127.0,129.0,116.0,92.5,4.654746681256314,750.5,12.261049438499843
AR,2020-08-29,2020,35,34,95.0,739.0,132.0,83.0,42.0,0.0,136.0,0,99.0,92.0,88.0,41.0,750.0,766.0,750.0,687.0,132.0,135.0,138.0,117.0,94.25,3.593976442141304,747.75,13.57387196049837
AR,2020-09-05,2020,36,35,88.0,713.0,127.0,76.0,42.0,0.0,122.0,0,95.0,99.0,91.0,47.0,739.0,750.0,736.0,661.0,132.0,132.0,127.0,113.0,93.5,4.654746681256313,742.0,22.28601953392912
AR,2020-09-12,2020,37,36,105.0,722.0,117.0,87.0,49.0,0.0,143.0,0,88.0,95.0,92.0,57.0,713.0,739.0,766.0,695.0,127.0,132.0,135.0,120.0,96.75,7.135591542869215,731.0,16.63329993316631
AR,2020-09-19,2020,38,37,81.0,736.0,125.0,76.0,35.0,0.0,122.0,0,105.0,88.0,99.0,74.0,722.0,713.0,750.0,714.0,117.0,127.0,132.0,129.0,92.25,10.242883708539635,727.5,12.17921727096355
AR,2020-09-26,2020,39,38,94.0,746.0,127.0,83.0,47.0,0.0,130.0,0,81.0,105.0,95.0,88.0,736.0,722.0,739.0,750.0,125.0,117.0,132.0,138.0,92.0,10.16530045465127,729.25,14.637281168304568
AR,2020-10-03,2020,40,39,116.0,784.0,140.0,96.0,56.0,0.0,156.0,0,94.0,81.0,88.0,91.0,746.0,736.0,713.0,736.0,127.0,125.0,127.0,127.0,99.0,14.988884770611412,747.0,26.558112382722864
AR,2020-10-10,2020,41,40,140.0,785.0,139.0,110.0,81.0,0.0,169.0,0,116.0,94.0,105.0,92.0,784.0,746.0,722.0,766.0,140.0,127.0,117.0,135.0,107.75,25.90205912020638,762.75,25.447658700425407
AR,2020-10-17,2020,42,41,147.0,778.0,133.0,110.0,68.0,0.0,190.0,0,140.0,116.0,81.0,99.0,785.0,784.0,736.0,750.0,139.0,140.0,125.0,132.0,124.25,24.143667216615345,773.25,18.427786989580092
AR,2020-10-24,2020,43,42,148.0,794.0,127.0,123.0,79.0,0.0,192.0,0,147.0,140.0,94.0,95.0,778.0,785.0,746.0,739.0,133.0,139.0,127.0,132.0,137.75,14.93039405597409,785.25,6.601767440113056
AR,2020-10-31,2020,44,43,147.0,790.0,130.0,102.0,65.0,0.0,186.0,0,148.0,147.0,116.0,88.0,794.0,778.0,784.0,713.0,127.0,133.0,140.0,127.0,145.5,3.696845502136447,786.75,6.898067362191888
AR,2020-11-07,2020,45,44,150.0,845.0,141.0,91.0,57.0,0.0,184.0,0,147.0,148.0,140.0,105.0,790.0,794.0,785.0,722.0,130.0,127.0,139.0,117.0,148.0,1.4142135623730197,801.75,29.624033036258524
AR,2020-11-14,2020,46,45,195.0,893.0,139.0,120.0,77.0,0.0,238.0,1,150.0,147.0,147.0,81.0,845.0,790.0,778.0,736.0,141.0,130.0,133.0,125.0,160.0,23.36664289109584,830.5,48.610698410946576
AR,2020-11-21,2020,47,46,198.0,876.0,140.0,115.0,73.0,0.0,240.0,1,195.0,150.0,148.0,94.0,893.0,845.0,794.0,746.0,139.0,141.0,127.0,127.0,172.5,27.766886753829635,851.0,45.26219909225215
AR,2020-11-28,2020,48,47,232.0,833.0,131.0,134.0,100.0,0.0,266.0,1,198.0,195.0,147.0,116.0,876.0,893.0,790.0,784.0,140.0,139.0,130.0,140.0,193.75,33.64892271678248,861.75,27.608875384557127
AR,2020-12-05,2020,49,48,266.0,944.0,148.0,156.0,116.0,0.0,306.0,1,232.0,198.0,150.0,140.0,833.0,876.0,845.0,785.0,131.0,140.0,141.0,139.0,222.75,33.36040567299304,886.5,45.90206967011404
AR,2020-12-12,2020,50,49,222.0,912.0,135.0,140.0,93.0,0.0,269.0,1,266.0,232.0,195.0,147.0,944.0,833.0,893.0,778.0,148.0,131.0,139.0,133.0,229.5,28.207563997386696,891.25,47.74498228435462
AR,2020-12-19,2020,51,50,260.0,936.0,143.0,164.0,124.0,0.0,300.0,1,222.0,266.0,198.0,148.0,912.0,944.0,876.0,794.0,135.0,148.0,140.0,127.0,245.0,21.32291412229262,906.25,50.69105772553317
AR,2020-12-26,2020,52,51,255.0,922.0,131.0,153.0,111.0,0.0,297.0,1,260.0,222.0,232.0,147.0,936.0,912.0,833.0,790.0,143.0,135.0,131.0,130.0,250.75,19.687136240025684,928.5,14.271183085738544
AR,2021-01-02,2021,53,52,281.0,967.0,138.0,199.0,149.0,0.0,332.0,1,255.0,260.0,266.0,150.0,922.0,936.0,944.0,845.0,131.0,143.0,148.0,141.0,254.5,24.41993720985647,934.25,23.949599857478546
AR,2021-01-09,2021,1,53,263.0,963.0,139.0,181.0,130.0,0.0,314.0,1,281.0,255.0,222.0,195.0,967.0,922.0,912.0,893.0,138.0,131.0,135.0,139.0,264.75,11.324751652906103,947.0,21.61789382278803
AR,2021-01-16,2021,2,54,305.0,964.0,143.0,196.0,152.0,0.0,349.0,1,263.0,281.0,260.0,198.0,963.0,967.0,936.0,876.0,139.0,138.0,143.0,140.0,276.0,22.18107301281883,954.0,21.400934559032784
AR,2021-01-23,2021,3,55,291.0,984.0,142.0,204.0,152.0,0.0,343.0,1,305.0,263.0,255.0,232.0,964.0,963.0,922.0,833.0,143.0,139.0,131.0,131.0,285.0,17.663521732655685,969.5,9.814954576223856
AR,2021-01-30,2021,4,56,222.0,873.0,133.0,146.0,117.0,0.0,251.0,1,291.0,305.0,281.0,266.0,984.0,964.0,967.0,944.0,142.0,143.0,138.0,148.0,270.25,36.60031875999624,946.0,49.61854492022116
AR,2021-02-06,2021,5,57,172.0,865.0,133.0,146.0,96.0,0.0,223.0,0,222.0,291.0,263.0,222.0,873.0,984.0,963.0,912.0,133.0,142.0,139.0,135.0,247.5,62.04568209526483,921.5,61.25629219380928
AR,2021-02-13,2021,6,58,132.0,803.0,122.0,112.0,74.0,0.0,171.0,0,172.0,222.0,305.0,260.0,865.0,873.0,964.0,936.0,133.0,133.0,143.0,143.0,204.25,68.55836929215864,881.25,75.30548895443594
AR,2021-02-20,2021,7,59,100.0,772.0,115.0,83.0,43.0,0.0,140.0,0,132.0,172.0,291.0,255.0,803.0,865.0,984.0,922.0,122.0,133.0,142.0,131.0,156.5,52.67194066420312,828.25,48.83560859318407
AR,2021-02-27,2021,8,60,88.0,789.0,115.0,91.0,51.0,0.0,129.0,0,100.0,132.0,222.0,281.0,772.0,803.0,873.0,967.0,115.0,122.0,133.0,138.0,123.0,37.576588456111885,807.25,40.53290844075558
AR,2021-03-06,2021,9,61,74.0,742.0,116.0,76.0,42.0,0.0,108.0,0,88.0,100.0,172.0,263.0,789.0,772.0,865.0,963.0,115.0,115.0,133.0,139.0,98.5,24.731895735399416,776.5,26.26150541508759
AR,2021-03-13,2021,10,62,53.0,718.0,109.0,59.0,28.0,0.0,85.0,0,74.0,88.0,132.0,305.0,742.0,789.0,803.0,964.0,116.0,115.0,122.0,143.0,78.75,20.188693205191225,755.25,31.53173005085524
AR,2021-03-20,2021,11,63,41.0,644.0,100.0,54.0,19.0,0.0,76.0,0,53.0,74.0,100.0,291.0,718.0,742.0,772.0,984.0,109.0,116.0,115.0,142.0,64.0,21.023796041628664,723.25,60.50550939101887
AR,2021-03-27,2021,12,64,35.0,700.0,111.0,38.0,15.0,0.0,58.0,0,41.0,53.0,88.0,222.0,644.0,718.0,789.0,873.0,100.0,109.0,115.0,133.0,50.75,17.21191447805854,701.0,41.7133072292285
AR,2021-04-03,2021,13,65,21.0,601.0,95.0,39.0,10.0,0.0,50.0,0,35.0,41.0,74.0,172.0,700.0,644.0,742.0,865.0,111.0,100.0,116.0,133.0,37.5,13.30413469565011,665.75,53.443895816079944
AR,2021-04-10,2021,14,66,27.0,693.0,114.0,50.0,14.0,0.0,63.0,0,21.0,35.0,53.0,132.0,601.0,700.0,718.0,803.0,95.0,111.0,109.0,122.0,31.0,8.79393730551534,659.5,46.278144589716156
AR,2021-04-17,2021,15,67,17.0,611.0,97.0,39.0,10.0,0.0,46.0,0,27.0,21.0,41.0,100.0,693.0,601.0,644.0,772.0,114.0,95.0,100.0,115.0,25.0,7.831560082980556,651.25,52.48730005121882
AR,2021-04-24,2021,16,68,15.0,659.0,112.0,32.0,16.0,0.0,43.0,0,17.0,27.0,35.0,88.0,611.0,693.0,700.0,789.0,97.0,114.0,111.0,115.0,20.0,5.2915026221292845,641.0,42.92629341868075
AR,2021-05-01,2021,17,69,20.0,651.0,110.0,39.0,16.0,0.0,50.0,0,15.0,17.0,21.0,74.0,659.0,611.0,601.0,742.0,112.0,97.0,95.0,116.0,19.75,5.251983752196348,653.5,33.6798653995728
AR,2021-05-08,2021,18,70,22.0,695.0,116.0,56.0,11.0,0.0,67.0,0,20.0,15.0,27.0,53.0,651.0,659.0,693.0,718.0,110.0,112.0,114.0,109.0,18.5,3.1091263510297806,654.0,34.46737587922828
AR,2021-05-15,2021,19,71,29.0,688.0,115.0,49.0,15.0,0.0,63.0,0,22.0,20.0,17.0,41.0,695.0,651.0,611.0,644.0,116.0,110.0,97.0,100.0,21.5,5.802298395176497,673.25,21.515498289992575
AR,2021-05-22,2021,20,72,20.0,678.0,114.0,29.0,16.0,0.0,42.0,0,29.0,22.0,15.0,35.0,688.0,695.0,659.0,700.0,115.0,116.0,112.0,111.0,22.75,4.272001872658893,678.0,19.304576314093854
AR,2021-05-29,2021,21,73,15.0,648.0,109.0,42.0,16.0,0.0,53.0,0,20.0,29.0,20.0,21.0,678.0,688.0,651.0,601.0,114.0,115.0,110.0,95.0,21.5,5.802298395176497,677.25,20.7103033938828
AR,2021-06-05,2021,22,74,21.0,672.0,116.0,49.0,14.0,0.0,56.0,0,15.0,20.0,22.0,27.0,648.0,678.0,695.0,693.0,109.0,114.0,116.0,114.0,21.25,5.79511288357133,671.5,17.000000000000206
AR,2021-06-12,2021,23,75,21.0,660.0,116.0,41.0,16.0,0.0,54.0,0,21.0,15.0,29.0,17.0,672.0,648.0,688.0,611.0,116.0,109.0,115.0,97.0,19.25,2.8722813232692044,664.5,13.304134695650333
AR,2021-06-19,2021,24,76,32.0,692.0,113.0,50.0,15.0,0.0,67.0,0,21.0,21.0,20.0,15.0,660.0,672.0,678.0,659.0,116.0,116.0,114.0,112.0,22.25,7.088723439378989,668.0,18.761663039293904
AR,2021-06-26,2021,25,77,34.0,660.0,116.0,54.0,21.0,0.0,67.0,0,32.0,21.0,15.0,20.0,692.0,660.0,648.0,651.0,113.0,116.0,109.0,110.0,27.0,6.976149845485527,671.0,15.099668870541734
AR,2021-07-03,2021,26,78,44.0,688.0,120.0,45.0,23.0,0.0,66.0,0,34.0,32.0,21.0,22.0,660.0,692.0,672.0,695.0,116.0,113.0,116.0,116.0,32.75,9.429563439877148,675.0,17.397317800933394
AR,2021-07-10,2021,27,79,61.0,683.0,117.0,61.0,32.0,0.0,90.0,0,44.0,34.0,21.0,29.0,688.0,660.0,660.0,688.0,120.0,116.0,116.0,115.0,42.75,13.25078614020068,680.75,14.314910641239571
AR,2021-07-17,2021,28,80,76.0,720.0,123.0,91.0,45.0,0.0,122.0,0,61.0,44.0,32.0,20.0,683.0,688.0,692.0,678.0,117.0,120.0,113.0,114.0,53.75,18.5539753152795,687.75,24.71672847823259
AR,2021-07-24,2021,29,81,117.0,731.0,126.0,101.0,63.0,0.0,155.0,0,76.0,61.0,34.0,15.0,720.0,683.0,660.0,648.0,123.0,117.0,116.0,109.0,74.5,31.203632267200366,705.5,23.614967005411504
AR,2021-07-31,2021,30,82,142.0,841.0,152.0,98.0,67.0,0.0,173.0,0,117.0,76.0,44.0,21.0,731.0,720.0,688.0,672.0,126.0,123.0,120.0,116.0,99.0,37.175260590882225,743.75,68.00673986206567
AR,2021-08-07,2021,31,83,190.0,899.0,165.0,143.0,112.0,0.0,222.0,1,142.0,117.0,61.0,21.0,841.0,731.0,683.0,660.0,152.0,126.0,117.0,116.0,131.25,47.689097286486785,797.75,86.83845154461629
AR,2021-08-14,2021,32,84,233.0,900.0,155.0,162.0,130.0,0.0,265.0,1,190.0,142.0,76.0,32.0,899.0,841.0,720.0,692.0,165.0,152.0,123.0,113.0,170.5,51.51375220915933,842.75,79.4412781031793
AR,2021-08-21,2021,33,85,232.0,857.0,151.0,177.0,143.0,0.0,266.0,1,233.0,190.0,117.0,34.0,900.0,899.0,731.0,660.0,155.0,165.0,126.0,116.0,199.25,43.1074239545812,874.25,29.88171124060123
AR,2021-08-28,2021,34,86,218.0,903.0,159.0,146.0,114.0,0.0,250.0,1,232.0,233.0,142.0,44.0,857.0,900.0,841.0,688.0,151.0,155.0,152.0,120.0,218.25,20.03954423966109,889.75,21.899391163531007
AR,2021-09-04,2021,35,87,221.0,864.0,155.0,169.0,129.0,0.0,262.0,1,218.0,232.0,190.0,61.0,903.0,857.0,899.0,683.0,159.0,151.0,165.0,117.0,226.0,7.615773105863958,881.0,23.874672772626777
AR,2021-09-11,2021,36,88,191.0,841.0,149.0,130.0,108.0,0.0,213.0,1,221.0,218.0,233.0,76.0,864.0,903.0,900.0,720.0,155.0,159.0,155.0,123.0,215.5,17.40689518552923,866.25,26.323310328806908
AR,2021-09-18,2021,37,89,174.0,882.0,143.0,133.0,93.0,0.0,214.0,1,191.0,221.0,232.0,117.0,841.0,864.0,857.0,731.0,149.0,155.0,151.0,126.0,201.0,22.494443758404,872.5,26.36285265292824
AR,2021-09-25,2021,38,90,163.0,796.0,135.0,139.0,103.0,0.0,199.0,0,174.0,191.0,218.0,142.0,882.0,841.0,903.0,841.0,143.0,149.0,159.0,152.0,187.25,25.276800957927158,845.75,37.16965608306512
AR,2021-10-02,2021,39,91,148.0,821.0,139.0,118.0,76.0,0.0,190.0,0,163.0,174.0,221.0,190.0,796.0,882.0,864.0,899.0,135.0,143.0,155.0,165.0,169.0,18.12916618784955,835.0,36.340977789083674
AR,2021-10-09,2021,40,92,122.0,830.0,148.0,112.0,72.0,0.0,163.0,0,148.0,163.0,191.0,233.0,821.0,796.0,841.0,900.0,139.0,135.0,149.0,155.0,151.75,22.51480994071829,832.25,36.15130242006051
AR,2021-10-16,2021,41,93,91.0,743.0,132.0,83.0,55.0,0.0,120.0,0,122.0,148.0,174.0,232.0,830.0,821.0,882.0,857.0,148.0,139.0,143.0,151.0,131.0,31.591137997862642,797.5,39.076847365159914
AR,2021-10-23,2021,42,94,78.0,740.0,127.0,82.0,44.0,0.0,116.0,0,91.0,122.0,163.0,218.0,743.0,830.0,796.0,903.0,132.0,148.0,135.0,159.0,109.75,31.47882886428063,783.5,48.651824220680616
AR,2021-10-30,2021,43,95,74.0,739.0,118.0,85.0,47.0,0.0,112.0,0,78.0,91.0,148.0,221.0,740.0,743.0,821.0,864.0,127.0,132.0,139.0,155.0,91.25,21.746647251166493,763.0,44.698993277254075
AR,2021-11-06,2021,44,96,56.0,712.0,117.0,56.0,23.0,0.0,89.0,0,74.0,78.0,122.0,191.0,739.0,740.0,830.0,841.0,118.0,127.0,148.0,149.0,74.75,14.453949863849234,733.5,14.433756729740784
AR,2021-11-13,2021,45,97,49.0,757.0,126.0,67.0,25.0,0.0,91.0,0,56.0,74.0,91.0,174.0,712.0,739.0,743.0,882.0,117.0,118.0,132.0,143.0,64.25,13.961255912942331,737.0,18.601075237738378
AR,2021-11-20,2021,46,98,47.0,748.0,116.0,64.0,25.0,0.0,86.0,0,49.0,56.0,78.0,163.0,757.0,712.0,740.0,796.0,126.0,117.0,127.0,135.0,56.5,12.288205727444529,739.0,19.44222209522368
AR,2021-11-27,2021,47,99,57.0,755.0,120.0,76.0,30.0,0.0,104.0,0,47.0,49.0,74.0,148.0,748.0,757.0,739.0,821.0,116.0,126.0,118.0,139.0,52.25,4.991659710624034,743.0,21.02379604162873
AR,2021-12-04,2021,48,100,87.0,805.0,126.0,84.0,45.0,0.0,126.0,0,57.0,47.0,56.0,122.0,755.0,748.0,712.0,830.0,120.0,116.0,117.0,148.0,60.0,18.511257835886443,766.25,26.119915773218008
AR,2021-12-11,2021,49,101,67.0,796.0,124.0,83.0,41.0,0.0,109.0,0,87.0,57.0,49.0,91.0,805.0,755.0,757.0,743.0,126.0,120.0,126.0,132.0,64.5,17.07825127659935,776.0,28.670542373662947
AR,2021-12-18,2021,50,102,100.0,821.0,121.0,119.0,58.0,0.0,161.0,0,67.0,87.0,47.0,78.0,796.0,805.0,748.0,740.0,124.0,126.0,116.0,127.0,77.75,19.379972480200635,794.25,28.13509078239015
AR,2021-12-25,2021,51,103,73.0,759.0,116.0,82.0,39.0,0.0,117.0,0,100.0,67.0,57.0,74.0,821.0,796.0,755.0,739.0,121.0,124.0,120.0,118.0,81.75,14.773286702694177,795.25,26.285293733695813
AZ,2020-02-29,2020,9,8,0.0,592.0,110.0,80.0,0.0,15.0,95.0,0,0.0,0.0,0.0,0.0,592.0,592.0,592.0,592.0,112.0,111.0,99.0,96.0,0.0,0.0,592.0,0.0
AZ,2020-03-07,2020,10,9,0.0,592.0,112.0,77.0,0.0,14.0,91.0,0,0.0,0.0,0.0,0.0,592.0,592.0,592.0,592.0,110.0,112.0,102.0,103.0,0.0,0.0,592.0,0.0
AZ,2020-03-14,2020,11,10,40.0,592.0,110.0,82.0,25.5,11.0,93.0,0,0.0,0.0,0.0,0.0,592.0,592.0,592.0,592.0,112.0,110.0,111.0,105.0,10.0,20.0,592.0,0.0
AZ,2020-03-21,2020,12,11,40.0,592.0,107.0,102.0,25.5,0.0,112.0,0,40.0,0.0,0.0,0.0,592.0,592.0,592.0,592.0,110.0,112.0,112.0,100.0,20.0,23.094010767585033,592.0,0.0
AZ,2020-03-28,2020,13,12,31.0,592.0,112.0,117.0,19.0,0.0,134.0,0,40.0,40.0,0.0,0.0,592.0,592.0,592.0,592.0,107.0,110.0,110.0,99.0,27.75,18.980252896102307,592.0,0.0
AZ,2020-04-04,2020,14,13,58.0,592.0,111.0,124.0,32.0,0.0,154.0,0,31.0,40.0,0.0,0.0,592.0,592.0,592.0,592.0,112.0,107.0,112.0,102.0,42.25,11.324751652906125,592.0,0.0
AZ,2020-04-11,2020,15,14,91.0,592.0,115.0,149.0,52.0,0.0,192.0,0,58.0,31.0,40.0,0.0,592.0,592.0,592.0,592.0,111.0,112.0,110.0,111.0,55.0,26.49528259898354,592.0,0.0
AZ,2020-04-18,2020,16,15,96.0,592.0,114.0,117.0,43.0,0.0,171.0,0,91.0,58.0,40.0,0.0,592.0,592.0,592.0,592.0,115.0,111.0,107.0,112.0,69.0,30.430248109405877,592.0,0.0
AZ,2020-04-25,2020,17,16,106.0,592.0,119.0,119.0,42.0,0.0,184.0,0,96.0,91.0,31.0,0.0,592.0,592.0,592.0,592.0,114.0,115.0,112.0,110.0,87.75,20.79062288629179,592.0,0.0
AZ,2020-05-02,2020,18,17,106.0,592.0,121.0,125.0,46.0,0.0,185.0,0,106.0,96.0,58.0,0.0,592.0,592.0,592.0,592.0,119.0,114.0,111.0,112.0,99.75,7.499999999999991,592.0,0.0
AZ,2020-05-09,2020,19,18,126.0,592.0,124.0,138.0,71.0,0.0,193.0,0,106.0,106.0,91.0,40.0,592.0,592.0,592.0,592.0,121.0,119.0,115.0,110.0,108.5,12.58305739211791,592.0,0.0
AZ,2020-05-16,2020,20,19,118.0,592.0,121.0,128.0,69.0,0.0,177.0,0,126.0,106.0,96.0,40.0,592.0,592.0,592.0,592.0,124.0,121.0,114.0,107.0,114.0,9.797958971132703,592.0,0.0
AZ,2020-05-23,2020,21,20,99.0,592.0,119.0,116.0,52.0,0.0,163.0,0,118.0,126.0,106.0,31.0,592.0,592.0,592.0,592.0,121.0,124.0,119.0,112.0,112.25,12.065791865158836,592.0,0.0
AZ,2020-05-30,2020,22,21,116.0,592.0,117.0,121.0,52.0,0.0,186.0,0,99.0,118.0,106.0,58.0,592.0,592.0,592.0,592.0,119.0,121.0,121.0,111.0,114.75,11.354147553500724,592.0,0.0
AZ,2020-06-06,2020,23,22,132.0,592.0,127.0,137.0,72.0,0.0,197.0,0,116.0,99.0,126.0,91.0,592.0,592.0,592.0,592.0,117.0,119.0,124.0,115.0,116.25,13.524668819112225,592.0,0.0
AZ,2020-06-13,2020,24,23,173.0,592.0,130.0,158.0,99.0,0.0,232.0,0,132.0,116.0,118.0,96.0,592.0,592.0,592.0,592.0,127.0,117.0,121.0,114.0,130.0,31.67543738187893,592.0,0.0
AZ,2020-06-20,2020,25,24,207.0,592.0,144.0,168.0,107.0,0.0,269.0,0,173.0,132.0,99.0,106.0,592.0,592.0,592.0,592.0,130.0,127.0,119.0,119.0,157.0,41.0771631607312,592.0,0.0
AZ,2020-06-27,2020,26,25,258.0,592.0,145.0,200.0,137.0,0.0,322.0,0,207.0,173.0,116.0,106.0,592.0,592.0,592.0,592.0,144.0,130.0,117.0,121.0,192.5,53.3572862878164,592.0,0.0
AZ,2020-07-04,2020,27,26,388.0,592.0,159.0,275.0,213.0,0.0,450.0,0,258.0,207.0,132.0,126.0,592.0,592.0,592.0,592.0,145.0,144.0,127.0,124.0,256.5,94.36983981477698,592.0,0.0
AZ,2020-07-11,2020,28,27,508.0,592.0,179.0,412.0,310.0,0.0,610.0,1,388.0,258.0,173.0,118.0,592.0,592.0,592.0,592.0,159.0,145.0,130.0,121.0,340.25,135.32768871643873,592.0,0.0
AZ,2020-07-18,2020,29,28,548.0,592.0,179.0,410.0,339.0,0.0,620.0,1,508.0,388.0,207.0,99.0,592.0,592.0,592.0,592.0,179.0,159.0,144.0,119.0,425.5,130.73510112692256,592.0,0.0
AZ,2020-07-25,2020,30,29,477.0,592.0,177.0,346.0,284.0,0.0,539.0,1,548.0,508.0,258.0,116.0,592.0,592.0,592.0,592.0,179.0,179.0,145.0,117.0,480.25,68.02144269762785,592.0,0.0
AZ,2020-08-01,2020,31,30,390.0,592.0,166.0,285.0,222.0,0.0,453.0,0,477.0,548.0,388.0,132.0,592.0,592.0,592.0,592.0,177.0,179.0,159.0,127.0,480.75,67.11867599011968,592.0,0.0
AZ,2020-08-08,2020,32,31,305.0,592.0,149.0,231.0,181.0,0.0,356.0,0,390.0,477.0,508.0,173.0,592.0,592.0,592.0,592.0,166.0,177.0,179.0,130.0,430.0,105.44824955082629,592.0,0.0
AZ,2020-08-15,2020,33,32,249.0,592.0,150.0,206.0,145.0,0.0,310.0,0,305.0,390.0,548.0,207.0,592.0,592.0,592.0,592.0,149.0,166.0,179.0,144.0,355.25,99.74091437318992,592.0,0.0
AZ,2020-08-22,2020,34,33,174.0,592.0,143.0,144.0,92.0,0.0,226.0,0,249.0,305.0,477.0,258.0,592.0,592.0,592.0,592.0,150.0,149.0,177.0,145.0,279.5,91.1427451857799,592.0,0.0
AZ,2020-08-29,2020,35,34,129.0,592.0,134.0,126.0,71.0,0.0,184.0,0,174.0,249.0,390.0,388.0,592.0,592.0,592.0,592.0,143.0,150.0,166.0,159.0,214.25,78.16808811785027,592.0,0.0
AZ,2020-09-05,2020,36,35,96.0,592.0,118.0,123.0,60.0,0.0,159.0,0,129.0,174.0,305.0,508.0,592.0,592.0,592.0,592.0,134.0,143.0,149.0,179.0,162.0,66.22688275919383,592.0,0.0
AZ,2020-09-12,2020,37,36,61.0,592.0,121.0,88.0,36.0,0.0,113.0,0,96.0,129.0,249.0,548.0,592.0,592.0,592.0,592.0,118.0,134.0,150.0,179.0,115.0,48.14561246884294,592.0,0.0
AZ,2020-09-19,2020,38,37,66.0,592.0,119.0,77.0,29.0,0.0,114.0,0,61.0,96.0,174.0,477.0,592.0,592.0,592.0,592.0,121.0,118.0,143.0,177.0,88.0,31.40063693621524,592.0,0.0
AZ,2020-09-26,2020,39,38,56.0,592.0,119.0,79.0,27.0,0.0,108.0,0,66.0,61.0,129.0,390.0,592.0,592.0,592.0,592.0,119.0,121.0,134.0,166.0,69.75,17.96988221070665,592.0,0.0
AZ,2020-10-03,2020,40,39,35.0,592.0,114.0,82.0,18.0,0.0,99.0,0,56.0,66.0,96.0,305.0,592.0,592.0,592.0,592.0,119.0,119.0,118.0,149.0,54.5,13.625955623979968,592.0,0.0
AZ,2020-10-10,2020,41,40,53.0,592.0,116.0,79.0,28.0,0.0,104.0,0,35.0,56.0,61.0,249.0,592.0,592.0,592.0,592.0,114.0,119.0,121.0,150.0,52.5,12.922847983320265,592.0,0.0
AZ,2020-10-17,2020,42,41,47.0,592.0,113.0,81.0,27.0,0.0,101.0,0,53.0,35.0,66.0,174.0,592.0,592.0,592.0,592.0,116.0,114.0,119.0,143.0,47.75,9.287087810503603,592.0,0.0
AZ,2020-10-24,2020,43,42,63.0,592.0,123.0,93.0,35.0,0.0,121.0,0,47.0,53.0,56.0,129.0,592.0,592.0,592.0,592.0,113.0,116.0,119.0,134.0,49.5,11.704699910719823,592.0,0.0
AZ,2020-10-31,2020,44,43,82.0,592.0,122.0,100.0,39.0,0.0,143.0,0,63.0,47.0,35.0,96.0,592.0,592.0,592.0,592.0,123.0,113.0,114.0,118.0,61.25,15.326991442115157,592.0,0.0
AZ,2020-11-07,2020,45,44,125.0,592.0,124.0,132.0,63.0,0.0,194.0,0,82.0,63.0,53.0,61.0,592.0,592.0,592.0,592.0,122.0,123.0,116.0,121.0,79.25,33.68852425777465,592.0,0.0
AZ,2020-11-14,2020,46,45,124.0,592.0,109.0,122.0,65.0,0.0,181.0,0,125.0,82.0,47.0,66.0,592.0,592.0,592.0,592.0,124.0,122.0,113.0,119.0,98.5,31.01075082397508,592.0,0.0
AZ,2020-11-21,2020,47,46,203.0,592.0,133.0,191.0,111.0,0.0,283.0,0,124.0,125.0,63.0,56.0,592.0,592.0,592.0,592.0,109.0,124.0,123.0,119.0,133.5,50.48101953539903,592.0,0.0
AZ,2020-11-28,2020,48,47,307.0,592.0,135.0,244.0,183.0,0.0,368.0,0,203.0,124.0,82.0,35.0,592.0,592.0,592.0,592.0,133.0,109.0,122.0,114.0,189.75,86.48458436815973,592.0,0.0
AZ,2020-12-05,2020,49,48,416.0,592.0,145.0,322.0,255.0,0.0,483.0,0,307.0,203.0,125.0,53.0,592.0,592.0,592.0,592.0,135.0,133.0,124.0,116.0,262.5,126.83979396598426,592.0,0.0
AZ,2020-12-12,2020,50,49,574.0,592.0,172.0,444.0,354.0,0.0,664.0,1,416.0,307.0,124.0,47.0,592.0,592.0,592.0,592.0,145.0,135.0,109.0,113.0,375.0,158.6295474788141,592.0,0.0
AZ,2020-12-19,2020,51,50,734.0,592.0,167.0,561.0,457.0,0.0,838.0,1,574.0,416.0,203.0,63.0,592.0,592.0,592.0,592.0,172.0,145.0,133.0,123.0,507.75,186.45531189358306,592.0,0.0
AZ,2020-12-26,2020,52,51,765.0,592.0,173.0,596.0,500.0,0.0,861.0,1,734.0,574.0,307.0,82.0,592.0,592.0,592.0,592.0,167.0,172.0,135.0,122.0,622.25,160.9686822542406,592.0,0.0
AZ,2021-01-02,2021,53,52,883.0,592.0,180.0,639.0,546.0,0.0,978.0,1,765.0,734.0,416.0,125.0,592.0,592.0,592.0,592.0,173.0,167.0,145.0,124.0,739.0,127.36038107145674,592.0,0.0
AZ,2021-01-09,2021,1,53,942.0,592.0,180.0,663.0,577.0,0.0,101.0,1,883.0,765.0,574.0,124.0,592.0,592.0,592.0,592.0,180.0,173.0,172.0,109.0,831.0,97.9625778890423,592.0,0.0
AZ,2021-01-16,2021,2,54,996.0,592.0,182.0,685.0,599.0,0.0,101.0,1,942.0,883.0,734.0,203.0,592.0,592.0,592.0,592.0,180.0,180.0,167.0,133.0,896.5,99.07068183877614,592.0,0.0
AZ,2021-01-23,2021,3,55,959.0,592.0,191.0,657.0,571.0,0.0,101.0,1,996.0,942.0,765.0,307.0,592.0,592.0,592.0,592.0,182.0,180.0,173.0,135.0,945.0,47.08148963941851,592.0,0.0
AZ,2021-01-30,2021,4,56,776.0,592.0,164.0,539.0,469.0,0.0,846.0,1,959.0,996.0,883.0,416.0,592.0,592.0,592.0,592.0,191.0,182.0,180.0,145.0,918.25,97.47606543830817,592.0,0.0
AZ,2021-02-06,2021,5,57,660.0,592.0,156.0,470.0,389.0,0.0,741.0,1,776.0,959.0,942.0,574.0,592.0,592.0,592.0,592.0,164.0,191.0,180.0,172.0,847.75,157.853043471874,592.0,0.0
AZ,2021-02-13,2021,6,58,505.0,592.0,140.0,384.0,316.0,0.0,573.0,1,660.0,776.0,996.0,734.0,592.0,592.0,592.0,592.0,156.0,164.0,182.0,167.0,725.0,191.4697539212569,592.0,0.0
AZ,2021-02-20,2021,7,59,338.0,592.0,131.0,270.0,211.0,0.0,397.0,0,505.0,660.0,959.0,765.0,592.0,592.0,592.0,592.0,140.0,156.0,191.0,173.0,569.75,190.24961673198368,592.0,0.0
AZ,2021-02-27,2021,8,60,237.0,592.0,126.0,207.0,150.0,0.0,294.0,0,338.0,505.0,776.0,883.0,592.0,592.0,592.0,592.0,131.0,140.0,164.0,180.0,435.0,186.3133561145488,592.0,0.0
AZ,2021-03-06,2021,9,61,184.0,592.0,121.0,175.0,107.0,0.0,252.0,0,237.0,338.0,660.0,942.0,592.0,592.0,592.0,592.0,126.0,131.0,156.0,180.0,316.0,141.26806669119063,592.0,0.0
AZ,2021-03-13,2021,10,62,129.0,592.0,114.0,152.0,76.0,0.0,205.0,0,184.0,237.0,505.0,996.0,592.0,592.0,592.0,592.0,121.0,126.0,140.0,182.0,222.0,89.02059686761643,592.0,0.0
AZ,2021-03-20,2021,11,63,122.0,592.0,113.0,114.0,57.0,0.0,179.0,0,129.0,184.0,338.0,959.0,592.0,592.0,592.0,592.0,114.0,121.0,131.0,191.0,168.0,53.70909296075183,592.0,0.0
AZ,2021-03-27,2021,12,64,75.0,592.0,107.0,95.0,37.0,0.0,133.0,0,122.0,129.0,237.0,776.0,592.0,592.0,592.0,592.0,113.0,114.0,126.0,164.0,127.5,44.65049458479359,592.0,0.0
AZ,2021-04-03,2021,13,65,56.0,592.0,113.0,73.0,23.0,0.0,106.0,0,75.0,122.0,184.0,660.0,592.0,592.0,592.0,592.0,107.0,113.0,121.0,156.0,95.5,35.61366778827124,592.0,0.0
AZ,2021-04-10,2021,14,66,64.0,592.0,104.0,101.0,33.0,0.0,132.0,0,56.0,75.0,129.0,505.0,592.0,592.0,592.0,592.0,113.0,107.0,114.0,140.0,79.25,29.545163168726653,592.0,0.0
AZ,2021-04-17,2021,15,67,57.0,592.0,109.0,85.0,36.0,0.0,106.0,0,64.0,56.0,122.0,338.0,592.0,592.0,592.0,592.0,104.0,113.0,113.0,131.0,63.0,8.755950357710006,592.0,0.0
AZ,2021-04-24,2021,16,68,43.0,592.0,109.0,101.0,25.0,0.0,119.0,0,57.0,64.0,75.0,237.0,592.0,592.0,592.0,592.0,109.0,104.0,107.0,126.0,55.0,8.755950357710006,592.0,0.0
AZ,2021-05-01,2021,17,69,54.0,592.0,110.0,95.0,28.0,0.0,121.0,0,43.0,57.0,56.0,184.0,592.0,592.0,592.0,592.0,109.0,109.0,113.0,121.0,54.5,8.736894948054982,592.0,0.0
AZ,2021-05-08,2021,18,70,63.0,592.0,122.0,91.0,34.0,0.0,120.0,0,54.0,43.0,64.0,129.0,592.0,592.0,592.0,592.0,110.0,109.0,104.0,114.0,54.25,8.381527307121019,592.0,0.0
AZ,2021-05-15,2021,19,71,57.0,592.0,115.0,72.0,28.0,0.0,101.0,0,63.0,54.0,57.0,122.0,592.0,592.0,592.0,592.0,122.0,110.0,109.0,113.0,54.25,8.381527307121019,592.0,0.0
AZ,2021-05-22,2021,20,72,54.0,592.0,116.0,99.0,42.0,0.0,111.0,0,57.0,63.0,43.0,75.0,592.0,592.0,592.0,592.0,115.0,122.0,109.0,107.0,57.0,4.2426406871210895,592.0,0.0
AZ,2021-05-29,2021,21,73,48.0,592.0,115.0,97.0,30.0,0.0,115.0,0,54.0,57.0,54.0,56.0,592.0,592.0,592.0,592.0,116.0,115.0,110.0,113.0,55.5,6.244997998399624,592.0,0.0
AZ,2021-06-05,2021,22,74,41.0,592.0,120.0,99.0,26.0,0.0,114.0,0,48.0,54.0,63.0,64.0,592.0,592.0,592.0,592.0,115.0,116.0,122.0,104.0,50.0,7.071067811866558,592.0,0.0
AZ,2021-06-12,2021,23,75,35.0,592.0,118.0,72.0,18.0,0.0,89.0,0,41.0,48.0,57.0,57.0,592.0,592.0,592.0,592.0,120.0,115.0,115.0,109.0,44.5,8.266397845092422,592.0,0.0
AZ,2021-06-19,2021,24,76,44.0,592.0,120.0,76.0,24.0,0.0,96.0,0,35.0,41.0,54.0,43.0,592.0,592.0,592.0,592.0,118.0,120.0,116.0,109.0,42.0,5.477225575053058,592.0,0.0
AZ,2021-06-26,2021,25,77,46.0,592.0,129.0,91.0,27.0,0.0,110.0,0,44.0,35.0,48.0,54.0,592.0,592.0,592.0,592.0,120.0,118.0,115.0,110.0,41.5,4.795831523314315,592.0,0.0
AZ,2021-07-03,2021,26,78,41.0,592.0,119.0,78.0,24.0,0.0,95.0,0,46.0,44.0,41.0,63.0,592.0,592.0,592.0,592.0,129.0,120.0,120.0,122.0,41.5,4.795831523314315,592.0,0.0
AZ,2021-07-10,2021,27,79,41.0,592.0,117.0,75.0,22.0,0.0,94.0,0,41.0,46.0,35.0,57.0,592.0,592.0,592.0,592.0,119.0,129.0,118.0,115.0,43.0,2.449489742786303,592.0,0.0
AZ,2021-07-17,2021,28,80,56.0,592.0,125.0,77.0,27.0,0.0,106.0,0,41.0,41.0,44.0,54.0,592.0,592.0,592.0,592.0,117.0,119.0,120.0,116.0,46.0,7.071067811866558,592.0,0.0
AZ,2021-07-24,2021,29,81,70.0,592.0,113.0,92.0,41.0,0.0,121.0,0,56.0,41.0,46.0,48.0,592.0,592.0,592.0,592.0,125.0,117.0,129.0,115.0,52.0,13.92838827718467,592.0,0.0
AZ,2021-07-31,2021,30,82,110.0,592.0,124.0,134.0,69.0,0.0,175.0,0,70.0,56.0,41.0,41.0,592.0,592.0,592.0,592.0,113.0,125.0,119.0,120.0,69.25,29.635283025475147,592.0,0.0
AZ,2021-08-07,2021,31,83,127.0,592.0,140.0,133.0,72.0,0.0,188.0,0,110.0,70.0,41.0,35.0,592.0,592.0,592.0,592.0,124.0,113.0,117.0,118.0,90.75,33.28037459725098,592.0,0.0
AZ,2021-08-14,2021,32,84,162.0,592.0,138.0,161.0,93.0,0.0,230.0,0,127.0,110.0,56.0,44.0,592.0,592.0,592.0,592.0,140.0,124.0,125.0,120.0,117.25,38.22193959843851,592.0,0.0
AZ,2021-08-21,2021,33,85,180.0,592.0,147.0,167.0,109.0,0.0,238.0,0,162.0,127.0,70.0,46.0,592.0,592.0,592.0,592.0,138.0,140.0,113.0,129.0,144.75,31.951786595849093,592.0,0.0
AZ,2021-08-28,2021,34,86,214.0,592.0,152.0,195.0,127.0,0.0,282.0,0,180.0,162.0,110.0,41.0,592.0,592.0,592.0,592.0,147.0,138.0,124.0,119.0,170.75,36.27097094555573,592.0,0.0
AZ,2021-09-04,2021,35,87,274.0,592.0,149.0,248.0,181.0,0.0,342.0,0,214.0,180.0,127.0,41.0,592.0,592.0,592.0,592.0,152.0,147.0,140.0,117.0,207.5,49.29841106296782,592.0,0.0
AZ,2021-09-11,2021,36,88,281.0,592.0,147.0,230.0,179.0,0.0,332.0,0,274.0,214.0,162.0,56.0,592.0,592.0,592.0,592.0,149.0,152.0,138.0,125.0,237.25,48.58926493235601,592.0,0.0
AZ,2021-09-18,2021,37,89,266.0,592.0,153.0,226.0,155.0,0.0,337.0,0,281.0,274.0,180.0,70.0,592.0,592.0,592.0,592.0,147.0,149.0,147.0,113.0,258.75,30.45625277891797,592.0,0.0
AZ,2021-09-25,2021,38,90,286.0,592.0,149.0,255.0,188.0,0.0,353.0,0,266.0,281.0,214.0,110.0,592.0,592.0,592.0,592.0,153.0,147.0,152.0,124.0,276.75,8.693867570497511,592.0,0.0
AZ,2021-10-02,2021,39,91,272.0,592.0,150.0,246.0,164.0,0.0,354.0,0,286.0,266.0,274.0,127.0,592.0,592.0,592.0,592.0,149.0,153.0,149.0,140.0,276.25,8.958236433585295,592.0,0.0
AZ,2021-10-09,2021,40,92,245.0,592.0,148.0,238.0,163.0,0.0,320.0,0,272.0,286.0,281.0,162.0,592.0,592.0,592.0,592.0,150.0,149.0,147.0,138.0,267.25,17.036725037401265,592.0,0.0
AZ,2021-10-16,2021,41,93,263.0,592.0,145.0,231.0,171.0,0.0,324.0,0,245.0,272.0,266.0,180.0,592.0,592.0,592.0,592.0,148.0,150.0,153.0,147.0,266.5,17.17556403731811,592.0,0.0
AZ,2021-10-23,2021,42,94,231.0,592.0,134.0,209.0,145.0,0.0,295.0,0,263.0,245.0,286.0,214.0,592.0,592.0,592.0,592.0,145.0,148.0,149.0,152.0,252.75,18.33712082089266,592.0,0.0
AZ,2021-10-30,2021,43,95,279.0,592.0,152.0,237.0,166.0,0.0,350.0,0,231.0,263.0,272.0,274.0,592.0,592.0,592.0,592.0,134.0,145.0,150.0,149.0,254.5,20.936411663256635,592.0,0.0
AZ,2021-11-06,2021,44,96,268.0,592.0,146.0,231.0,166.0,0.0,333.0,0,279.0,231.0,245.0,281.0,592.0,592.0,592.0,592.0,152.0,134.0,148.0,147.0,260.25,20.613506898795308,592.0,0.0
AZ,2021-11-13,2021,45,97,353.0,592.0,150.0,278.0,210.0,0.0,421.0,0,268.0,279.0,263.0,266.0,592.0,592.0,592.0,592.0,146.0,152.0,145.0,153.0,282.75,51.136255892142536,592.0,0.0
AZ,2021-11-20,2021,46,98,380.0,592.0,154.0,310.0,235.0,0.0,455.0,0,353.0,268.0,231.0,286.0,592.0,592.0,592.0,592.0,150.0,146.0,134.0,149.0,320.0,54.99696961348582,592.0,0.0
AZ,2021-11-27,2021,47,99,450.0,592.0,158.0,356.0,281.0,0.0,525.0,0,380.0,353.0,279.0,272.0,592.0,592.0,592.0,592.0,154.0,150.0,152.0,150.0,362.75,75.23906343560293,592.0,0.0
AZ,2021-12-04,2021,48,100,469.0,592.0,163.0,358.0,277.0,0.0,551.0,1,450.0,380.0,268.0,245.0,592.0,592.0,592.0,592.0,158.0,154.0,146.0,148.0,413.0,55.35943159631141,592.0,0.0
AZ,2021-12-11,2021,49,101,542.0,592.0,168.0,375.0,309.0,0.0,609.0,1,469.0,450.0,353.0,263.0,592.0,592.0,592.0,592.0,163.0,158.0,150.0,145.0,460.25,66.59516999502803,592.0,0.0
AZ,2021-12-18,2021,50,102,483.0,592.0,160.0,373.0,305.0,0.0,551.0,1,542.0,469.0,380.0,231.0,592.0,592.0,592.0,592.0,168.0,163.0,154.0,134.0,486.0,39.70726214015117,592.0,0.0
AZ,2021-12-25,2021,51,103,482.0,592.0,158.0,393.0,307.0,0.0,572.0,1,483.0,542.0,450.0,279.0,592.0,592.0,592.0,592.0,160.0,168.0,158.0,152.0,494.0,32.629230249374295,592.0,0.0
CA,2020-02-29,2020,9,8,0.0,0.0,99.0,435.0,0.0,71.0,506.0,0,124.0,0.0,0.0,0.0,0.0,0.0,0.0,0.0,103.0,99.0,98.0,94.0,62.0,71.59143337951359,0.0,0.0
CA,2020-03-07,2020,10,9,124.0,0.0,101.0,482.0,60.0,56.0,540.0,0,0.0,124.0,124.0,0.0,0.0,0.0,0.0,0.0,99.0,103.0,105.0,93.0,62.0,71.59143337951359,0.0,0.0
CA,2020-03-14,2020,11,10,124.0,0.0,98.0,429.0,60.0,54.0,488.0,0,124.0,0.0,0.0,124.0,0.0,0.0,0.0,0.0,101.0,99.0,99.0,97.0,93.0,61.99999999999999,0.0,0.0
CA,2020-03-21,2020,12,11,44.0,0.0,105.0,487.0,19.0,43.0,555.0,0,124.0,124.0,124.0,0.0,0.0,0.0,0.0,0.0,98.0,101.0,103.0,102.0,73.0,61.56839015815393,0.0,0.0
CA,2020-03-28,2020,13,12,132.0,0.0,106.0,582.0,71.0,28.0,671.0,0,44.0,124.0,0.0,0.0,0.0,0.0,0.0,0.0,105.0,98.0,99.0,98.0,106.0,41.50501977672901,0.0,0.0
CA,2020-04-04,2020,14,13,290.0,0.0,113.0,632.0,158.0,24.0,788.0,0,132.0,44.0,124.0,124.0,0.0,0.0,0.0,0.0,106.0,105.0,101.0,105.0,147.5,102.9741067777073,0.0,0.0
CA,2020-04-11,2020,15,14,382.0,0.0,118.0,646.0,222.0,13.5,811.0,0,290.0,132.0,124.0,0.0,0.0,0.0,0.0,0.0,113.0,106.0,98.0,99.0,212.0,152.32421562793837,0.0,0.0
CA,2020-04-18,2020,16,15,537.0,0.0,120.0,739.0,327.0,13.5,956.0,0,382.0,290.0,44.0,124.0,0.0,0.0,0.0,0.0,118.0,113.0,105.0,103.0,335.25,169.55505497232062,0.0,0.0
CA,2020-04-25,2020,17,16,532.0,0.0,115.0,680.0,297.0,13.5,918.0,0,537.0,382.0,132.0,0.0,0.0,0.0,0.0,0.0,120.0,118.0,106.0,99.0,435.25,120.61889017341632,0.0,0.0
CA,2020-05-02,2020,18,17,543.0,0.0,113.0,630.0,294.0,0.0,879.0,0,532.0,537.0,290.0,124.0,0.0,0.0,0.0,0.0,115.0,120.0,113.0,101.0,498.5,77.79674371934426,0.0,0.0
CA,2020-05-09,2020,19,18,553.0,0.0,115.0,628.0,299.0,13.5,882.0,0,543.0,532.0,382.0,124.0,0.0,0.0,0.0,0.0,113.0,115.0,118.0,98.0,541.25,9.032349269892661,0.0,0.0
CA,2020-05-16,2020,20,19,505.0,0.0,115.0,579.0,273.0,13.5,812.0,0,553.0,543.0,537.0,44.0,0.0,0.0,0.0,0.0,115.0,113.0,120.0,105.0,533.25,20.6942020865748,0.0,0.0
CA,2020-05-23,2020,21,20,487.0,0.0,112.0,563.0,268.0,13.5,785.0,0,505.0,553.0,532.0,132.0,0.0,0.0,0.0,0.0,115.0,115.0,115.0,106.0,522.0,31.176914536239735,0.0,0.0
CA,2020-05-30,2020,22,21,464.0,0.0,113.0,574.0,262.0,13.5,777.0,0,487.0,505.0,543.0,290.0,0.0,0.0,0.0,0.0,112.0,115.0,113.0,113.0,502.25,37.76572520156334,0.0,0.0
CA,2020-06-06,2020,23,22,448.0,0.0,110.0,534.0,252.0,13.5,731.0,0,464.0,487.0,553.0,382.0,0.0,0.0,0.0,0.0,113.0,112.0,115.0,118.0,476.0,25.099800796022183,0.0,0.0
CA,2020-06-13,2020,24,23,447.0,0.0,112.0,535.0,243.0,13.5,740.0,0,448.0,464.0,505.0,537.0,0.0,0.0,0.0,0.0,110.0,113.0,115.0,120.0,461.5,18.699376103674215,0.0,0.0
CA,2020-06-20,2020,25,24,459.0,0.0,110.0,509.0,226.0,13.5,743.0,0,447.0,448.0,487.0,532.0,0.0,0.0,0.0,0.0,112.0,110.0,112.0,115.0,454.5,8.346656017032346,0.0,0.0
CA,2020-06-27,2020,26,25,496.0,0.0,118.0,562.0,264.0,13.5,795.0,0,459.0,447.0,464.0,543.0,0.0,0.0,0.0,0.0,110.0,112.0,113.0,113.0,462.5,22.985502677412324,0.0,0.0
CA,2020-07-04,2020,27,26,646.0,0.0,121.0,613.0,345.0,0.0,914.0,1,496.0,459.0,448.0,553.0,0.0,0.0,0.0,0.0,118.0,110.0,110.0,115.0,512.0,91.7351259514769,0.0,0.0
CA,2020-07-11,2020,28,27,739.0,0.0,125.0,723.0,397.0,0.0,471.0,1,646.0,496.0,447.0,505.0,0.0,0.0,0.0,0.0,121.0,118.0,112.0,115.0,585.0,130.68282213053098,0.0,0.0
CA,2020-07-18,2020,29,28,893.0,0.0,131.0,757.0,477.0,0.0,471.0,1,739.0,646.0,459.0,487.0,0.0,0.0,0.0,0.0,125.0,121.0,110.0,112.0,693.5,166.466212788061,0.0,0.0
CA,2020-07-25,2020,30,29,124.0,0.0,130.0,873.0,563.0,13.5,471.0,0,893.0,739.0,496.0,464.0,0.0,0.0,0.0,0.0,131.0,125.0,118.0,113.0,600.5,333.59706233718543,0.0,0.0
CA,2020-08-01,2020,31,30,124.0,0.0,134.0,880.0,573.0,0.0,471.0,0,124.0,893.0,646.0,448.0,0.0,0.0,0.0,0.0,130.0,131.0,121.0,110.0,470.0,404.4428266145909,0.0,0.0
CA,2020-08-08,2020,32,31,998.0,0.0,133.0,859.0,579.0,0.0,471.0,1,124.0,124.0,739.0,447.0,0.0,0.0,0.0,0.0,134.0,130.0,125.0,112.0,534.75,476.22639924024935,0.0,0.0
CA,2020-08-15,2020,33,32,878.0,0.0,134.0,811.0,505.0,0.0,471.0,1,998.0,124.0,893.0,459.0,0.0,0.0,0.0,0.0,133.0,134.0,131.0,110.0,531.0,472.5096118951797,0.0,0.0
CA,2020-08-22,2020,34,33,830.0,0.0,138.0,730.0,469.0,0.0,471.0,1,878.0,998.0,124.0,496.0,0.0,0.0,0.0,0.0,134.0,133.0,130.0,118.0,707.5,395.36438888701144,0.0,0.0
CA,2020-08-29,2020,35,34,728.0,0.0,122.0,675.0,406.0,13.5,998.0,1,830.0,878.0,124.0,646.0,0.0,0.0,0.0,0.0,138.0,134.0,134.0,121.0,858.5,112.07586716149038,0.0,0.0
CA,2020-09-05,2020,36,35,614.0,0.0,120.0,637.0,355.0,0.0,896.0,0,728.0,830.0,998.0,739.0,0.0,0.0,0.0,0.0,122.0,138.0,133.0,125.0,762.5,117.10251918724907,0.0,0.0
CA,2020-09-12,2020,37,36,530.0,0.0,124.0,592.0,295.0,0.0,827.0,0,614.0,728.0,878.0,893.0,0.0,0.0,0.0,0.0,120.0,122.0,134.0,131.0,675.5,131.1220805204068,0.0,0.0
CA,2020-09-19,2020,38,37,482.0,0.0,120.0,521.0,269.0,0.0,734.0,0,530.0,614.0,830.0,124.0,0.0,0.0,0.0,0.0,124.0,120.0,138.0,130.0,588.5,107.8192932642393,0.0,0.0
CA,2020-09-26,2020,39,38,453.0,0.0,114.0,541.0,265.0,0.0,729.0,0,482.0,530.0,728.0,124.0,0.0,0.0,0.0,0.0,120.0,124.0,122.0,134.0,519.75,70.4006392016439,0.0,0.0
CA,2020-10-03,2020,40,39,346.0,0.0,117.0,491.0,194.0,0.0,643.0,0,453.0,482.0,614.0,998.0,0.0,0.0,0.0,0.0,114.0,120.0,120.0,133.0,452.75,77.92892060504049,0.0,0.0
CA,2020-10-10,2020,41,40,375.0,0.0,114.0,522.0,224.0,13.5,674.0,0,346.0,453.0,530.0,878.0,0.0,0.0,0.0,0.0,117.0,114.0,124.0,134.0,414.0,64.00520812142325,0.0,0.0
CA,2020-10-17,2020,42,41,305.0,0.0,113.0,448.0,165.0,13.5,589.0,0,375.0,346.0,482.0,830.0,0.0,0.0,0.0,0.0,114.0,117.0,120.0,138.0,369.75,62.489332422956025,0.0,0.0
CA,2020-10-24,2020,43,42,296.0,0.0,107.0,422.0,168.0,0.0,550.0,0,305.0,375.0,453.0,728.0,0.0,0.0,0.0,0.0,113.0,114.0,114.0,122.0,330.5,36.79220932027191,0.0,0.0
CA,2020-10-31,2020,44,43,325.0,0.0,111.0,442.0,171.0,13.5,597.0,0,296.0,305.0,346.0,614.0,0.0,0.0,0.0,0.0,107.0,113.0,117.0,120.0,325.25,35.31170721824,0.0,0.0
CA,2020-11-07,2020,45,44,355.0,0.0,115.0,483.0,205.0,0.0,633.0,0,325.0,296.0,375.0,530.0,0.0,0.0,0.0,0.0,111.0,107.0,114.0,124.0,320.25,26.145426623663457,0.0,0.0
CA,2020-11-14,2020,46,45,451.0,0.0,120.0,518.0,217.0,0.0,752.0,0,355.0,325.0,305.0,482.0,0.0,0.0,0.0,0.0,115.0,111.0,113.0,120.0,356.75,67.29227295908527,0.0,0.0
CA,2020-11-21,2020,47,46,627.0,0.0,123.0,694.0,350.0,13.5,972.0,0,451.0,355.0,296.0,453.0,0.0,0.0,0.0,0.0,120.0,115.0,107.0,114.0,439.5,136.06248564538294,0.0,0.0
CA,2020-11-28,2020,48,47,854.0,0.0,126.0,774.0,454.0,13.5,471.0,1,627.0,451.0,325.0,346.0,0.0,0.0,0.0,0.0,123.0,120.0,111.0,117.0,571.75,219.30097279006014,0.0,0.0
CA,2020-12-05,2020,49,48,124.0,0.0,133.0,398.0,736.0,0.0,471.0,0,854.0,627.0,355.0,375.0,0.0,0.0,0.0,0.0,126.0,123.0,115.0,114.0,514.0,307.91665539016674,0.0,0.0
CA,2020-12-12,2020,50,49,124.0,0.0,152.0,398.0,60.0,13.5,471.0,0,124.0,854.0,451.0,305.0,0.0,0.0,0.0,0.0,133.0,126.0,120.0,113.0,432.25,367.80282308142597,0.0,0.0
CA,2020-12-19,2020,51,50,124.0,0.0,168.0,398.0,60.0,13.5,471.0,0,124.0,124.0,627.0,296.0,0.0,0.0,0.0,0.0,152.0,133.0,123.0,107.0,306.5,365.00000000000006,0.0,0.0
CA,2020-12-26,2020,52,51,124.0,0.0,181.0,398.0,60.0,13.5,471.0,0,124.0,124.0,854.0,325.0,0.0,0.0,0.0,0.0,168.0,152.0,126.0,111.0,124.0,0.0,0.0,0.0
CA,2021-01-02,2021,53,52,124.0,0.0,193.0,398.0,60.0,13.5,471.0,0,124.0,124.0,124.0,355.0,0.0,0.0,0.0,0.0,181.0,168.0,133.0,115.0,124.0,0.0,0.0,0.0
CA,2021-01-09,2021,1,53,124.0,0.0,190.0,398.0,60.0,13.5,471.0,0,124.0,124.0,124.0,451.0,0.0,0.0,0.0,0.0,193.0,181.0,152.0,120.0,124.0,0.0,0.0,0.0
CA,2021-01-16,2021,2,54,124.0,0.0,184.0,398.0,60.0,13.5,471.0,0,124.0,124.0,124.0,627.0,0.0,0.0,0.0,0.0,190.0,193.0,168.0,123.0,124.0,0.0,0.0,0.0
CA,2021-01-23,2021,3,55,124.0,0.0,174.0,398.0,60.0,13.5,471.0,0,124.0,124.0,124.0,854.0,0.0,0.0,0.0,0.0,184.0,190.0,181.0,126.0,124.0,0.0,0.0,0.0
CA,2021-01-30,2021,4,56,124.0,0.0,168.0,398.0,60.0,13.5,471.0,0,124.0,124.0,124.0,124.0,0.0,0.0,0.0,0.0,174.0,184.0,193.0,133.0,124.0,0.0,0.0,0.0
CA,2021-02-06,2021,5,57,124.0,0.0,151.0,398.0,60.0,13.5,471.0,0,124.0,124.0,124.0,124.0,0.0,0.0,0.0,0.0,168.0,174.0,190.0,152.0,124.0,0.0,0.0,0.0
CA,2021-02-13,2021,6,58,124.0,0.0,140.0,398.0,60.0,13.5,471.0,0,124.0,124.0,124.0,124.0,0.0,0.0,0.0,0.0,151.0,168.0,184.0,168.0,124.0,0.0,0.0,0.0
CA,2021-02-20,2021,7,59,124.0,0.0,125.0,398.0,60.0,13.5,471.0,0,124.0,124.0,124.0,124.0,0.0,0.0,0.0,0.0,140.0,151.0,174.0,181.0,124.0,0.0,0.0,0.0
CA,2021-02-27,2021,8,60,124.0,0.0,120.0,398.0,744.0,13.5,471.0,0,124.0,124.0,124.0,124.0,0.0,0.0,0.0,0.0,125.0,140.0,168.0,193.0,124.0,0.0,0.0,0.0
CA,2021-03-06,2021,9,61,839.0,0.0,113.0,843.0,541.0,13.5,471.0,1,124.0,124.0,124.0,124.0,0.0,0.0,0.0,0.0,120.0,125.0,151.0,190.0,302.75,357.50000000000006,0.0,0.0
CA,2021-03-13,2021,10,62,608.0,0.0,110.0,694.0,387.0,0.0,915.0,0,839.0,124.0,124.0,124.0,0.0,0.0,0.0,0.0,113.0,120.0,140.0,184.0,423.75,358.73887903785027,0.0,0.0
CA,2021-03-20,2021,11,63,501.0,0.0,108.0,615.0,311.0,0.0,805.0,0,608.0,839.0,124.0,124.0,0.0,0.0,0.0,0.0,110.0,113.0,125.0,174.0,518.0,298.14202432174284,0.0,0.0
CA,2021-03-27,2021,12,64,369.0,0.0,108.0,512.0,210.0,13.5,672.0,0,501.0,608.0,124.0,124.0,0.0,0.0,0.0,0.0,108.0,110.0,120.0,168.0,579.25,198.8506558534152,0.0,0.0
CA,2021-04-03,2021,13,65,283.0,0.0,108.0,437.0,149.0,13.5,573.0,0,369.0,501.0,839.0,124.0,0.0,0.0,0.0,0.0,108.0,108.0,113.0,151.0,440.25,143.3349806106894,0.0,0.0
CA,2021-04-10,2021,14,66,269.0,0.0,102.0,417.0,156.0,0.0,530.0,0,283.0,369.0,608.0,124.0,0.0,0.0,0.0,0.0,108.0,108.0,110.0,140.0,355.5,106.60050031152153,0.0,0.0
CA,2021-04-17,2021,15,67,234.0,0.0,104.0,417.0,137.0,0.0,514.0,0,269.0,283.0,501.0,124.0,0.0,0.0,0.0,0.0,102.0,108.0,108.0,125.0,288.75,57.33163757182155,0.0,0.0
CA,2021-04-24,2021,16,68,221.0,0.0,106.0,382.0,111.0,0.0,492.0,0,234.0,269.0,369.0,124.0,0.0,0.0,0.0,0.0,104.0,102.0,108.0,120.0,251.75,29.067450295247788,0.0,0.0
CA,2021-05-01,2021,17,69,197.0,0.0,104.0,386.0,102.0,0.0,481.0,0,221.0,234.0,283.0,839.0,0.0,0.0,0.0,0.0,106.0,104.0,108.0,113.0,230.25,30.037476591751748,0.0,0.0
CA,2021-05-08,2021,18,70,183.0,0.0,106.0,362.0,96.0,13.5,450.0,0,197.0,221.0,269.0,608.0,0.0,0.0,0.0,0.0,104.0,106.0,102.0,110.0,208.75,23.012677665438407,0.0,0.0
CA,2021-05-15,2021,19,71,155.0,0.0,106.0,347.0,82.0,13.5,421.0,0,183.0,197.0,234.0,501.0,0.0,0.0,0.0,0.0,106.0,104.0,104.0,108.0,189.0,27.568097504181072,0.0,0.0
CA,2021-05-22,2021,20,72,154.0,0.0,107.0,345.0,81.0,0.0,418.0,0,155.0,183.0,221.0,369.0,0.0,0.0,0.0,0.0,106.0,106.0,106.0,108.0,172.25,21.281838892978712,0.0,0.0
CA,2021-05-29,2021,21,73,144.0,0.0,108.0,320.0,77.0,0.0,387.0,0,154.0,155.0,197.0,283.0,0.0,0.0,0.0,0.0,107.0,106.0,104.0,108.0,159.0,16.753109164173118,0.0,0.0
CA,2021-06-05,2021,22,74,115.0,0.0,105.0,317.0,58.0,0.0,374.0,0,144.0,154.0,183.0,269.0,0.0,0.0,0.0,0.0,108.0,107.0,106.0,102.0,142.0,18.672618098882154,0.0,0.0
CA,2021-06-12,2021,23,75,107.0,0.0,104.0,319.0,47.0,0.0,379.0,0,115.0,144.0,155.0,234.0,0.0,0.0,0.0,0.0,105.0,108.0,106.0,104.0,130.0,22.553639765383796,0.0,0.0
CA,2021-06-19,2021,24,76,112.0,0.0,110.0,315.0,57.0,0.0,370.0,0,107.0,115.0,154.0,221.0,0.0,0.0,0.0,0.0,104.0,105.0,107.0,106.0,119.5,16.663332999934354,0.0,0.0
CA,2021-06-26,2021,25,77,88.0,0.0,108.0,320.0,49.0,0.0,359.0,0,112.0,107.0,144.0,197.0,0.0,0.0,0.0,0.0,110.0,104.0,108.0,104.0,105.5,12.124355652983564,0.0,0.0
CA,2021-07-03,2021,26,78,98.0,0.0,109.0,318.0,54.0,0.0,362.0,0,88.0,112.0,115.0,183.0,0.0,0.0,0.0,0.0,108.0,110.0,105.0,106.0,101.25,10.563301251662182,0.0,0.0
CA,2021-07-10,2021,27,79,124.0,0.0,108.0,315.0,71.0,0.0,368.0,0,98.0,88.0,107.0,155.0,0.0,0.0,0.0,0.0,109.0,108.0,104.0,106.0,105.5,15.779733838060592,0.0,0.0
CA,2021-07-17,2021,28,80,150.0,0.0,109.0,352.0,80.0,13.5,422.0,0,124.0,98.0,112.0,154.0,0.0,0.0,0.0,0.0,108.0,109.0,110.0,107.0,115.0,27.83283432686476,0.0,0.0
CA,2021-07-24,2021,29,81,213.0,0.0,115.0,379.0,121.0,0.0,471.0,0,150.0,124.0,88.0,144.0,0.0,0.0,0.0,0.0,109.0,108.0,108.0,108.0,146.25,49.304327058248155,0.0,0.0
CA,2021-07-31,2021,30,82,295.0,0.0,115.0,429.0,169.0,0.0,555.0,0,213.0,150.0,98.0,115.0,0.0,0.0,0.0,0.0,115.0,109.0,109.0,105.0,195.5,76.13365440679547,0.0,0.0
CA,2021-08-07,2021,31,83,436.0,0.0,121.0,544.0,266.0,0.0,714.0,0,295.0,213.0,124.0,107.0,0.0,0.0,0.0,0.0,115.0,115.0,108.0,104.0,273.5,123.53272171102427,0.0,0.0
CA,2021-08-14,2021,32,84,677.0,0.0,127.0,724.0,428.0,0.0,973.0,1,436.0,295.0,150.0,112.0,0.0,0.0,0.0,0.0,121.0,115.0,109.0,110.0,405.25,203.2311901915321,0.0,0.0
CA,2021-08-21,2021,33,85,852.0,0.0,133.0,809.0,511.0,13.5,471.0,1,677.0,436.0,213.0,88.0,0.0,0.0,0.0,0.0,127.0,121.0,115.0,108.0,565.0,247.96101844174356,0.0,0.0
CA,2021-08-28,2021,34,86,124.0,0.0,136.0,944.0,646.0,0.0,471.0,0,852.0,677.0,295.0,98.0,0.0,0.0,0.0,0.0,133.0,127.0,115.0,109.0,522.25,315.5549344673075,0.0,0.0
CA,2021-09-04,2021,35,87,124.0,0.0,133.0,398.0,703.0,0.0,471.0,0,124.0,852.0,436.0,124.0,0.0,0.0,0.0,0.0,136.0,133.0,121.0,108.0,444.25,376.63100863665846,0.0,0.0
CA,2021-09-11,2021,36,88,124.0,0.0,137.0,398.0,791.0,0.0,471.0,0,124.0,124.0,677.0,150.0,0.0,0.0,0.0,0.0,133.0,136.0,127.0,109.0,306.0,364.00000000000006,0.0,0.0
CA,2021-09-18,2021,37,89,996.0,0.0,133.0,961.0,659.0,13.5,471.0,1,124.0,124.0,852.0,213.0,0.0,0.0,0.0,0.0,137.0,133.0,133.0,115.0,342.0,436.00000000000006,0.0,0.0
CA,2021-09-25,2021,38,90,914.0,0.0,132.0,907.0,607.0,0.0,471.0,1,996.0,124.0,124.0,295.0,0.0,0.0,0.0,0.0,133.0,137.0,136.0,115.0,539.5,480.9445567491816,0.0,0.0
CA,2021-10-02,2021,39,91,828.0,0.0,126.0,839.0,567.0,0.0,471.0,1,914.0,996.0,124.0,436.0,0.0,0.0,0.0,0.0,132.0,133.0,133.0,121.0,715.5,400.2545023690136,0.0,0.0
CA,2021-10-09,2021,40,92,709.0,0.0,126.0,768.0,472.0,0.0,471.0,1,828.0,914.0,124.0,677.0,0.0,0.0,0.0,0.0,126.0,132.0,137.0,127.0,861.75,122.77995221805028,0.0,0.0
CA,2021-10-16,2021,41,93,569.0,0.0,123.0,679.0,384.0,13.5,865.0,0,709.0,828.0,996.0,852.0,0.0,0.0,0.0,0.0,126.0,126.0,133.0,133.0,755.0,149.80209166318977,0.0,0.0
CA,2021-10-23,2021,42,94,588.0,0.0,127.0,711.0,402.0,0.0,897.0,0,569.0,709.0,914.0,124.0,0.0,0.0,0.0,0.0,123.0,126.0,132.0,136.0,673.5,120.22340315706718,0.0,0.0
CA,2021-10-30,2021,43,95,589.0,0.0,122.0,666.0,380.0,13.5,876.0,0,588.0,569.0,828.0,124.0,0.0,0.0,0.0,0.0,127.0,123.0,126.0,133.0,613.75,64.16320336974074,0.0,0.0
CA,2021-11-06,2021,44,96,576.0,0.0,121.0,686.0,364.0,0.0,898.0,0,589.0,588.0,709.0,124.0,0.0,0.0,0.0,0.0,122.0,127.0,126.0,137.0,580.5,9.67815409397424,0.0,0.0
CA,2021-11-13,2021,45,97,601.0,0.0,119.0,705.0,398.0,13.5,910.0,0,576.0,589.0,569.0,996.0,0.0,0.0,0.0,0.0,121.0,122.0,123.0,133.0,588.5,10.21436896403183,0.0,0.0
CA,2021-11-20,2021,46,98,591.0,0.0,121.0,716.0,404.0,0.0,903.0,0,601.0,576.0,588.0,914.0,0.0,0.0,0.0,0.0,119.0,121.0,127.0,132.0,589.25,10.275375094534347,0.0,0.0
CA,2021-11-27,2021,47,99,529.0,0.0,116.0,663.0,337.0,0.0,855.0,0,591.0,601.0,589.0,828.0,0.0,0.0,0.0,0.0,121.0,119.0,122.0,126.0,574.25,31.86821823280017,0.0,0.0
CA,2021-12-04,2021,48,100,515.0,0.0,120.0,664.0,319.0,13.5,862.0,0,529.0,591.0,576.0,709.0,0.0,0.0,0.0,0.0,116.0,121.0,121.0,126.0,559.0,43.29742101634588,0.0,0.0
CA,2021-12-11,2021,49,101,459.0,0.0,116.0,658.0,317.0,13.5,802.0,0,515.0,529.0,601.0,569.0,0.0,0.0,0.0,0.0,120.0,116.0,119.0,123.0,523.5,54.21869296346704,0.0,0.0
CA,2021-12-18,2021,50,102,544.0,0.0,123.0,738.0,356.0,0.0,926.0,0,459.0,515.0,591.0,588.0,0.0,0.0,0.0,0.0,116.0,120.0,121.0,127.0,511.75,37.10682776345494,0.0,0.0
CA,2021-12-25,2021,51,103,523.0,0.0,121.0,703.0,334.0,13.5,894.0,0,544.0,459.0,529.0,589.0,0.0,0.0,0.0,0.0,123.0,116.0,116.0,122.0,510.25,36.289346462380806,0.0,0.0
CO,2020-02-29,2020,9,8,0.0,842.0,108.0,57.0,0.0,16.0,73.0,0,0.0,0.0,0.0,0.0,881.0,807.0,793.0,854.0,110.0,98.0,98.0,103.0,0.0,0.0,844.25,30.280631873636104
CO,2020-03-07,2020,10,9,0.0,821.0,101.0,51.0,0.0,10.0,61.0,0,0.0,0.0,0.0,0.0,842.0,881.0,847.0,872.0,108.0,110.0,104.0,103.0,0.0,0.0,837.75,32.22188697143605
CO,2020-03-14,2020,11,10,33.0,822.0,102.0,37.0,0.0,11.0,50.0,0,0.0,0.0,0.0,0.0,821.0,842.0,807.0,848.0,101.0,108.0,98.0,105.0,8.25,16.5,841.5,28.05352027821108
CO,2020-03-21,2020,12,11,17.0,891.0,111.0,70.0,10.0,11.0,88.0,0,33.0,0.0,0.0,0.0,822.0,821.0,881.0,853.0,102.0,101.0,110.0,109.0,12.5,15.84297951775486,844.0,32.79227551319569
CO,2020-03-28,2020,13,12,47.0,860.0,113.0,91.0,28.0,0.0,117.0,0,17.0,33.0,0.0,0.0,891.0,822.0,842.0,793.0,111.0,102.0,108.0,98.0,24.25,20.2875166871979,848.5,33.650160970392605
CO,2020-04-04,2020,14,13,129.0,967.0,126.0,159.0,86.0,0.0,207.0,0,47.0,17.0,0.0,0.0,860.0,891.0,821.0,847.0,113.0,111.0,101.0,104.0,56.5,49.863146043278626,885.0,61.51964455900789
CO,2020-04-11,2020,15,14,214.0,866.0,139.0,190.0,123.0,0.0,283.0,1,129.0,47.0,33.0,0.0,967.0,860.0,822.0,807.0,126.0,113.0,102.0,98.0,101.75,88.54895068077694,896.0,49.200271001963685
CO,2020-04-18,2020,16,15,218.0,866.0,143.0,161.0,118.0,0.0,261.0,1,214.0,129.0,17.0,0.0,866.0,967.0,891.0,881.0,139.0,126.0,111.0,110.0,152.0,81.14595902857188,889.75,51.57761142201141
CO,2020-04-25,2020,17,16,224.0,866.0,145.0,163.0,111.0,0.0,276.0,1,218.0,214.0,47.0,0.0,866.0,866.0,860.0,842.0,143.0,139.0,113.0,108.0,196.25,45.02129125943265,891.25,50.500000000000014
CO,2020-05-02,2020,18,17,189.0,999.0,135.0,138.0,90.0,0.0,237.0,0,224.0,218.0,129.0,0.0,866.0,866.0,967.0,821.0,145.0,143.0,126.0,101.0,211.25,15.39209753953849,899.25,66.5
CO,2020-05-09,2020,19,18,139.0,906.0,122.0,109.0,65.0,0.0,183.0,0,189.0,224.0,214.0,33.0,999.0,866.0,866.0,822.0,135.0,145.0,139.0,102.0,192.5,38.80292085225888,909.25,62.734227765497636
CO,2020-05-16,2020,20,19,97.0,887.0,123.0,88.0,45.0,0.0,140.0,0,139.0,189.0,218.0,17.0,906.0,999.0,866.0,891.0,122.0,135.0,143.0,111.0,162.25,55.75766016133269,914.5,58.65435476870694
CO,2020-05-23,2020,21,20,93.0,847.0,113.0,64.0,28.0,0.0,129.0,0,97.0,139.0,224.0,47.0,887.0,906.0,866.0,860.0,123.0,122.0,145.0,113.0,129.5,44.79211240088296,909.75,64.38102722593565
CO,2020-05-30,2020,22,21,75.0,834.0,117.0,66.0,39.0,0.0,102.0,0,93.0,97.0,189.0,129.0,847.0,887.0,999.0,967.0,113.0,123.0,135.0,126.0,101.0,27.080128015453198,868.5,33.66996683495052
CO,2020-06-06,2020,23,22,63.0,820.0,113.0,57.0,32.0,0.0,88.0,0,75.0,93.0,139.0,214.0,834.0,847.0,906.0,866.0,117.0,113.0,122.0,139.0,82.0,15.874507866387537,847.0,28.855964143772216
CO,2020-06-13,2020,24,23,59.0,816.0,115.0,63.0,34.0,0.0,88.0,0,63.0,75.0,97.0,218.0,820.0,834.0,887.0,866.0,113.0,117.0,123.0,143.0,72.5,15.26433752247374,829.25,14.127396551853915
CO,2020-06-20,2020,25,24,38.0,863.0,121.0,59.0,19.0,0.0,78.0,0,59.0,63.0,93.0,224.0,816.0,820.0,847.0,866.0,115.0,113.0,113.0,145.0,58.75,15.413738460650395,833.25,21.281838892977905
CO,2020-06-27,2020,26,25,22.0,877.0,128.0,44.0,22.0,0.0,57.0,0,38.0,59.0,75.0,189.0,863.0,816.0,834.0,999.0,121.0,115.0,117.0,135.0,45.5,19.122412679017952,844.0,30.60501048303475
CO,2020-07-04,2020,27,26,25.0,788.0,109.0,42.0,14.0,0.0,53.0,0,22.0,38.0,63.0,139.0,877.0,863.0,820.0,906.0,128.0,121.0,113.0,122.0,36.0,16.83250823060346,836.0,41.28760911782937
CO,2020-07-11,2020,28,27,28.0,815.0,118.0,40.0,11.0,0.0,57.0,0,25.0,22.0,59.0,97.0,788.0,877.0,816.0,887.0,109.0,128.0,115.0,123.0,28.25,6.946221994724888,835.75,41.451779213925185
CO,2020-07-18,2020,29,28,43.0,808.0,118.0,56.0,22.0,0.0,77.0,0,28.0,25.0,38.0,93.0,815.0,788.0,863.0,847.0,118.0,109.0,121.0,113.0,29.5,9.327379053088805,822.0,38.410068124559906
CO,2020-07-25,2020,30,29,33.0,833.0,120.0,60.0,24.0,0.0,69.0,0,43.0,28.0,22.0,75.0,808.0,815.0,877.0,834.0,118.0,118.0,128.0,117.0,32.25,7.889866919029738,811.0,18.601075237738254
CO,2020-08-01,2020,31,30,36.0,813.0,114.0,51.0,18.0,0.0,69.0,0,33.0,43.0,25.0,63.0,833.0,808.0,788.0,820.0,120.0,118.0,109.0,113.0,35.0,6.271629240742246,817.25,10.904891868637035
CO,2020-08-08,2020,32,31,39.0,841.0,120.0,51.0,20.0,0.0,70.0,0,36.0,33.0,28.0,59.0,813.0,833.0,815.0,816.0,114.0,120.0,118.0,115.0,37.75,4.272001872658744,823.75,15.777093099385139
CO,2020-08-15,2020,33,32,28.0,836.0,119.0,40.0,18.0,0.0,50.0,0,39.0,36.0,43.0,38.0,841.0,813.0,808.0,863.0,120.0,114.0,118.0,121.0,34.0,4.690415759823409,830.75,12.2848144742469
CO,2020-08-22,2020,34,33,19.0,863.0,119.0,41.0,12.0,0.0,48.0,0,28.0,39.0,33.0,22.0,836.0,841.0,833.0,877.0,119.0,120.0,120.0,128.0,30.5,8.962886439832491,838.25,20.516253719104423
CO,2020-08-29,2020,35,34,29.0,817.0,116.0,41.0,22.0,0.0,61.0,0,19.0,28.0,36.0,25.0,863.0,836.0,813.0,788.0,119.0,119.0,114.0,109.0,28.75,8.180260794538674,839.25,18.909873963972707
CO,2020-09-05,2020,36,35,20.0,743.0,102.0,25.0,22.0,0.0,39.0,0,29.0,19.0,39.0,28.0,817.0,863.0,841.0,815.0,116.0,119.0,120.0,118.0,24.0,5.228129047119357,814.75,51.42227143952315
CO,2020-09-12,2020,37,36,33.0,850.0,116.0,53.0,13.0,0.0,73.0,0,20.0,29.0,28.0,43.0,743.0,817.0,836.0,808.0,102.0,116.0,119.0,118.0,25.25,6.849574196011493,818.25,53.7734444994305
CO,2020-09-19,2020,38,37,21.0,804.0,110.0,33.0,22.0,0.0,46.0,0,33.0,20.0,19.0,33.0,850.0,743.0,863.0,833.0,116.0,102.0,119.0,120.0,25.75,6.291528696058943,803.5,44.73998956936251
CO,2020-09-26,2020,39,38,24.0,838.0,118.0,49.0,10.0,0.0,63.0,0,21.0,33.0,29.0,36.0,804.0,850.0,817.0,813.0,110.0,116.0,116.0,114.0,24.5,5.916079783099601,808.75,47.96787119173276
CO,2020-10-03,2020,40,39,35.0,782.0,105.0,52.0,13.0,0.0,74.0,0,24.0,21.0,20.0,39.0,838.0,804.0,743.0,841.0,118.0,110.0,102.0,120.0,28.25,6.800735254367709,818.5,31.171568242016097
CO,2020-10-10,2020,41,40,38.0,801.0,106.0,50.0,17.0,0.0,71.0,0,35.0,24.0,33.0,28.0,782.0,838.0,850.0,836.0,105.0,118.0,116.0,119.0,29.5,8.266397845091486,806.25,23.30057223903882
CO,2020-10-17,2020,42,41,41.0,867.0,115.0,64.0,22.0,0.0,83.0,0,38.0,35.0,21.0,19.0,801.0,782.0,804.0,863.0,106.0,105.0,110.0,119.0,34.5,7.41619848709565,822.0,37.95611501018863
CO,2020-10-24,2020,43,42,62.0,869.0,112.0,68.0,29.0,0.0,101.0,0,41.0,38.0,24.0,29.0,867.0,801.0,838.0,817.0,115.0,106.0,118.0,116.0,44.0,12.247448713915883,829.75,44.85067818142033
CO,2020-10-31,2020,44,43,96.0,907.0,123.0,75.0,43.0,0.0,128.0,0,62.0,41.0,35.0,20.0,869.0,867.0,782.0,743.0,112.0,115.0,105.0,102.0,59.25,26.725456029785533,861.0,44.03029260255566
CO,2020-11-07,2020,45,44,167.0,866.0,133.0,107.0,73.0,0.0,201.0,0,96.0,62.0,38.0,33.0,907.0,869.0,801.0,850.0,123.0,112.0,106.0,116.0,91.5,55.19963767997033,877.25,19.872510326243845
CO,2020-11-14,2020,46,45,228.0,866.0,135.0,145.0,114.0,0.0,259.0,1,167.0,96.0,41.0,21.0,866.0,907.0,867.0,804.0,133.0,123.0,115.0,110.0,138.25,74.11871108791176,877.0,20.04993765576346
CO,2020-11-21,2020,47,46,267.0,866.0,149.0,137.0,113.0,0.0,291.0,1,228.0,167.0,62.0,24.0,866.0,866.0,869.0,838.0,135.0,133.0,112.0,118.0,189.5,74.69270379361026,876.25,20.50000000000004
CO,2020-11-28,2020,48,47,348.0,866.0,163.0,197.0,163.0,0.0,382.0,1,267.0,228.0,96.0,35.0,866.0,866.0,907.0,782.0,149.0,135.0,123.0,105.0,252.5,75.80897044545588,866.0,0.0
CO,2020-12-05,2020,49,48,448.0,866.0,169.0,275.0,230.0,0.0,493.0,1,348.0,267.0,167.0,38.0,866.0,866.0,866.0,801.0,163.0,149.0,133.0,106.0,322.75,97.31520949985158,866.0,0.0
CO,2020-12-12,2020,50,49,428.0,866.0,162.0,260.0,211.0,0.0,478.0,1,448.0,348.0,228.0,41.0,866.0,866.0,866.0,867.0,169.0,163.0,135.0,115.0,372.75,82.68564970215007,866.0,0.0
CO,2020-12-19,2020,51,50,402.0,866.0,153.0,221.0,195.0,0.0,428.0,1,428.0,448.0,267.0,62.0,866.0,866.0,866.0,869.0,162.0,169.0,149.0,112.0,406.5,43.3089675086658,866.0,0.0
CO,2020-12-26,2020,52,51,308.0,866.0,136.0,178.0,149.0,0.0,337.0,1,402.0,428.0,348.0,96.0,866.0,866.0,866.0,907.0,153.0,162.0,163.0,123.0,396.5,61.932759236664644,866.0,0.0
CO,2021-01-02,2021,53,52,263.0,866.0,136.0,177.0,141.0,0.0,299.0,1,308.0,402.0,448.0,167.0,866.0,866.0,866.0,866.0,136.0,153.0,169.0,133.0,350.25,77.71904528492358,866.0,0.0
CO,2021-01-09,2021,1,53,211.0,866.0,130.0,137.0,101.0,0.0,247.0,1,263.0,308.0,428.0,228.0,866.0,866.0,866.0,866.0,136.0,136.0,162.0,135.0,296.0,81.02263058347752,866.0,0.0
CO,2021-01-16,2021,2,54,165.0,866.0,119.0,117.0,80.0,0.0,202.0,0,211.0,263.0,402.0,267.0,866.0,866.0,866.0,866.0,130.0,136.0,153.0,149.0,236.75,62.120179222750714,866.0,0.0
CO,2021-01-23,2021,3,55,158.0,985.0,121.0,107.0,80.0,0.0,185.0,0,165.0,211.0,308.0,348.0,866.0,866.0,866.0,866.0,119.0,130.0,136.0,163.0,199.25,48.56867989421443,895.75,59.500000000000014
CO,2021-01-30,2021,4,56,141.0,932.0,119.0,98.0,65.0,0.0,176.0,0,158.0,165.0,263.0,448.0,985.0,866.0,866.0,866.0,121.0,119.0,136.0,169.0,168.75,29.91515780781825,912.25,57.621610529383865
CO,2021-02-06,2021,5,57,118.0,931.0,115.0,94.0,63.0,0.0,149.0,0,141.0,158.0,211.0,428.0,932.0,985.0,866.0,866.0,119.0,121.0,130.0,162.0,145.5,20.92048437935099,928.5,48.7066046171701
CO,2021-02-13,2021,6,58,100.0,833.0,103.0,91.0,52.0,0.0,139.0,0,118.0,141.0,165.0,402.0,931.0,932.0,866.0,866.0,115.0,119.0,119.0,153.0,129.25,25.473842793474816,920.25,63.40018401655736
CO,2021-02-20,2021,7,59,65.0,894.0,108.0,79.0,36.0,0.0,108.0,0,100.0,118.0,158.0,308.0,833.0,931.0,985.0,866.0,103.0,115.0,121.0,136.0,106.0,32.07283377979983,897.5,46.49372717546603
CO,2021-02-27,2021,8,60,59.0,872.0,108.0,62.0,32.0,0.0,89.0,0,65.0,100.0,141.0,263.0,894.0,833.0,932.0,866.0,108.0,103.0,119.0,136.0,85.5,28.21937868439586,882.5,41.00812927538475
CO,2021-03-06,2021,9,61,51.0,867.0,111.0,53.0,23.0,0.0,81.0,0,59.0,65.0,118.0,211.0,872.0,894.0,931.0,866.0,108.0,108.0,115.0,130.0,68.75,21.608254595562986,866.5,25.225648323350093
CO,2021-03-13,2021,10,62,50.0,842.0,104.0,57.0,26.0,0.0,81.0,0,51.0,59.0,100.0,165.0,867.0,872.0,833.0,866.0,111.0,108.0,103.0,119.0,56.25,7.08872343937907,868.75,21.344398172198144
CO,2021-03-20,2021,11,63,45.0,897.0,112.0,56.0,19.0,0.0,82.0,0,50.0,51.0,65.0,158.0,842.0,867.0,894.0,985.0,104.0,111.0,108.0,121.0,51.25,5.795112883571429,869.5,22.54624876411452
CO,2021-03-27,2021,12,64,43.0,884.0,110.0,55.0,22.0,0.0,76.0,0,45.0,50.0,59.0,141.0,897.0,842.0,872.0,932.0,112.0,104.0,108.0,119.0,47.25,3.8622100754191107,872.5,23.75570107012916
CO,2021-04-03,2021,13,65,48.0,837.0,110.0,63.0,26.0,0.0,85.0,0,43.0,45.0,51.0,118.0,884.0,897.0,867.0,931.0,110.0,112.0,111.0,115.0,46.5,3.109126351029963,865.0,29.98888683051333
CO,2021-04-10,2021,14,66,26.0,802.0,105.0,54.0,13.0,0.0,67.0,0,48.0,43.0,50.0,100.0,837.0,884.0,842.0,833.0,110.0,110.0,104.0,103.0,40.5,9.882644720249175,855.0,43.734044709661475
CO,2021-04-17,2021,15,67,62.0,867.0,110.0,65.0,27.0,0.0,100.0,0,26.0,48.0,45.0,65.0,802.0,837.0,897.0,894.0,105.0,110.0,112.0,108.0,44.75,14.863265679744439,847.5,36.02314071075243
CO,2021-04-24,2021,16,68,56.0,833.0,108.0,61.0,33.0,0.0,84.0,0,62.0,26.0,43.0,59.0,867.0,802.0,884.0,872.0,110.0,105.0,110.0,108.0,48.0,15.748015748023692,834.75,26.587904518157675
CO,2021-05-01,2021,17,69,54.0,844.0,114.0,57.0,30.0,0.0,81.0,0,56.0,62.0,48.0,51.0,833.0,867.0,837.0,867.0,108.0,110.0,110.0,111.0,49.5,16.031219541881466,836.5,27.01234285778761
CO,2021-05-08,2021,18,70,72.0,846.0,115.0,71.0,44.0,0.0,100.0,0,54.0,56.0,26.0,50.0,844.0,833.0,802.0,842.0,114.0,108.0,105.0,104.0,61.0,8.082903768654894,847.5,14.200938936093953
CO,2021-05-15,2021,19,71,93.0,874.0,117.0,83.0,58.0,0.0,118.0,0,72.0,54.0,62.0,45.0,846.0,844.0,867.0,897.0,115.0,114.0,110.0,112.0,68.75,18.062391868188506,849.25,17.46186320719153
CO,2021-05-22,2021,20,72,69.0,844.0,117.0,65.0,40.0,0.0,94.0,0,93.0,72.0,56.0,43.0,874.0,846.0,833.0,884.0,117.0,115.0,108.0,110.0,72.0,16.06237840420908,852.0,14.69693845669916
CO,2021-05-29,2021,21,73,63.0,818.0,109.0,66.0,32.0,0.0,97.0,0,69.0,93.0,54.0,48.0,844.0,874.0,844.0,837.0,117.0,117.0,114.0,110.0,74.25,13.047988350699972,845.5,22.883764259113253
CO,2021-06-05,2021,22,74,69.0,827.0,116.0,57.0,38.0,0.0,88.0,0,63.0,69.0,72.0,26.0,818.0,844.0,846.0,802.0,109.0,117.0,115.0,105.0,73.5,13.304134695650154,840.75,24.64920553148389
CO,2021-06-12,2021,23,75,48.0,883.0,122.0,61.0,38.0,0.0,71.0,0,69.0,63.0,93.0,62.0,827.0,818.0,874.0,867.0,116.0,109.0,117.0,110.0,62.25,9.912113800799615,843.0,28.76340267307288
CO,2021-06-19,2021,24,76,42.0,842.0,118.0,58.0,29.0,0.0,72.0,0,48.0,69.0,69.0,56.0,883.0,827.0,844.0,833.0,122.0,116.0,117.0,108.0,55.5,12.609520212918579,842.5,28.757607689096858
CO,2021-06-26,2021,25,77,43.0,800.0,112.0,49.0,18.0,0.0,74.0,0,42.0,48.0,63.0,54.0,842.0,883.0,818.0,844.0,118.0,122.0,109.0,114.0,50.5,12.609520212918579,838.0,34.66987164671947
CO,2021-07-03,2021,26,78,44.0,849.0,124.0,59.0,29.0,0.0,74.0,0,43.0,42.0,69.0,72.0,800.0,842.0,827.0,846.0,112.0,118.0,116.0,115.0,44.25,2.629955639677004,843.5,34.0832314586905
CO,2021-07-10,2021,27,79,55.0,837.0,116.0,73.0,37.0,0.0,91.0,0,44.0,43.0,48.0,93.0,849.0,800.0,883.0,874.0,124.0,112.0,122.0,117.0,46.0,6.055300708195166,832.0,21.893682498230774
CO,2021-07-17,2021,28,80,38.0,841.0,121.0,50.0,19.0,0.0,69.0,0,55.0,44.0,42.0,69.0,837.0,849.0,842.0,844.0,116.0,124.0,118.0,117.0,45.0,7.16472842006838,831.75,21.746647251166554
CO,2021-07-24,2021,29,81,45.0,863.0,126.0,71.0,35.0,0.0,81.0,0,38.0,55.0,43.0,63.0,841.0,837.0,800.0,818.0,121.0,116.0,112.0,109.0,45.5,7.04745817062215,847.5,11.474609652039115
CO,2021-07-31,2021,30,82,44.0,835.0,120.0,60.0,24.0,0.0,80.0,0,45.0,38.0,44.0,69.0,863.0,841.0,849.0,827.0,126.0,121.0,124.0,116.0,45.5,7.04745817062215,844.0,12.909944487358157
CO,2021-08-07,2021,31,83,42.0,843.0,118.0,76.0,28.0,0.0,90.0,0,44.0,45.0,55.0,48.0,835.0,863.0,837.0,883.0,120.0,126.0,116.0,122.0,42.25,3.0956959368348125,845.5,12.151817422372227
CO,2021-08-14,2021,32,84,64.0,904.0,129.0,72.0,43.0,0.0,93.0,0,42.0,44.0,38.0,42.0,843.0,835.0,841.0,842.0,118.0,120.0,121.0,118.0,48.75,10.242883708539745,861.25,30.836936726378468
CO,2021-08-21,2021,33,85,88.0,914.0,130.0,90.0,53.0,0.0,125.0,0,64.0,42.0,45.0,43.0,904.0,843.0,863.0,800.0,129.0,118.0,126.0,112.0,59.5,21.439838307848056,874.0,40.75127809856606
CO,2021-08-28,2021,34,86,96.0,926.0,128.0,80.0,55.0,0.0,121.0,0,88.0,64.0,44.0,44.0,914.0,904.0,835.0,849.0,130.0,129.0,120.0,124.0,72.5,24.46085307860982,896.75,36.94477861168841
CO,2021-09-04,2021,35,87,106.0,911.0,129.0,95.0,66.0,0.0,135.0,0,96.0,88.0,42.0,55.0,926.0,914.0,843.0,837.0,128.0,130.0,118.0,116.0,88.5,17.916472867168977,913.75,9.17877987534311
CO,2021-09-11,2021,36,88,101.0,922.0,126.0,86.0,59.0,0.0,128.0,0,106.0,96.0,64.0,38.0,911.0,926.0,904.0,841.0,129.0,128.0,129.0,121.0,97.75,7.675719293113104,918.25,6.946221994725167
CO,2021-09-18,2021,37,89,122.0,979.0,133.0,110.0,74.0,0.0,158.0,0,101.0,106.0,88.0,45.0,922.0,911.0,914.0,863.0,126.0,129.0,130.0,126.0,106.25,11.265729744080884,934.5,30.33699611585395
CO,2021-09-25,2021,38,90,130.0,967.0,132.0,116.0,83.0,0.0,163.0,0,122.0,101.0,96.0,44.0,979.0,922.0,926.0,835.0,133.0,126.0,128.0,120.0,114.75,13.549292724468513,944.75,33.29038900343467
CO,2021-10-02,2021,39,91,157.0,866.0,145.0,145.0,103.0,0.0,199.0,0,130.0,122.0,106.0,42.0,967.0,979.0,911.0,843.0,132.0,133.0,129.0,118.0,127.5,23.158871590242374,933.5,51.25426811495804
CO,2021-10-09,2021,40,92,171.0,991.0,133.0,131.0,105.0,0.0,197.0,0,157.0,130.0,101.0,64.0,866.0,967.0,922.0,904.0,145.0,132.0,126.0,129.0,145.0,22.905603390146013,950.75,57.34326464372257
CO,2021-10-16,2021,41,93,157.0,866.0,137.0,133.0,99.0,0.0,191.0,0,171.0,157.0,122.0,88.0,991.0,866.0,979.0,914.0,133.0,145.0,133.0,130.0,153.75,17.153716798408496,922.5,65.97221637426878
CO,2021-10-23,2021,42,94,196.0,866.0,139.0,155.0,114.0,0.0,237.0,0,157.0,171.0,130.0,96.0,866.0,991.0,967.0,926.0,137.0,133.0,132.0,128.0,170.25,18.391574157749577,897.25,62.50000000000003
CO,2021-10-30,2021,43,95,218.0,866.0,137.0,165.0,134.0,0.0,249.0,1,196.0,157.0,157.0,106.0,866.0,866.0,866.0,911.0,139.0,137.0,145.0,129.0,185.5,27.0123428577876,897.25,62.50000000000003
CO,2021-11-06,2021,44,96,254.0,866.0,158.0,194.0,146.0,0.0,302.0,1,218.0,196.0,171.0,101.0,866.0,866.0,991.0,922.0,137.0,139.0,133.0,126.0,206.25,40.61506288722615,866.0,0.0
CO,2021-11-13,2021,45,97,285.0,866.0,148.0,222.0,179.0,0.0,328.0,1,254.0,218.0,157.0,122.0,866.0,866.0,866.0,979.0,158.0,137.0,137.0,133.0,238.25,39.27997793617849,866.0,0.0
CO,2021-11-20,2021,46,98,291.0,866.0,151.0,216.0,173.0,0.0,334.0,1,285.0,254.0,196.0,130.0,866.0,866.0,866.0,967.0,148.0,158.0,139.0,132.0,262.0,33.51616525399848,866.0,0.0
CO,2021-11-27,2021,47,99,278.0,866.0,156.0,199.0,158.0,0.0,319.0,1,291.0,285.0,218.0,157.0,866.0,866.0,866.0,866.0,151.0,148.0,137.0,145.0,277.0,16.227548592850827,866.0,0.0
CO,2021-12-04,2021,48,100,293.0,866.0,156.0,227.0,180.0,0.0,341.0,1,278.0,291.0,254.0,171.0,866.0,866.0,866.0,991.0,156.0,151.0,158.0,133.0,286.75,6.751543033509796,866.0,0.0
CO,2021-12-11,2021,49,101,285.0,866.0,152.0,216.0,185.0,0.0,316.0,1,293.0,278.0,285.0,157.0,866.0,866.0,866.0,866.0,156.0,156.0,148.0,137.0,286.75,6.751543033509796,866.0,0.0
CO,2021-12-18,2021,50,102,252.0,866.0,146.0,190.0,153.0,0.0,289.0,1,285.0,293.0,291.0,196.0,866.0,866.0,866.0,866.0,152.0,156.0,151.0,139.0,277.0,17.7576274691563,866.0,0.0
CO,2021-12-25,2021,51,103,213.0,866.0,140.0,169.0,137.0,0.0,248.0,1,252.0,285.0,278.0,218.0,866.0,866.0,866.0,866.0,146.0,152.0,156.0,137.0,260.75,36.44516428828386,866.0,0.0
CT,2020-02-29,2020,9,8,0.0,638.0,101.0,60.0,0.0,0.0,68.0,0,0.0,0.0,0.0,0.0,653.0,635.0,686.0,633.0,98.0,96.0,104.0,96.0,0.0,0.0,644.5,9.327379053088762
CT,2020-03-07,2020,10,9,0.0,625.0,99.0,40.0,0.0,0.0,42.0,0,0.0,0.0,0.0,0.0,638.0,653.0,652.0,631.0,101.0,98.0,93.0,91.0,0.0,0.0,637.75,11.586630226256425
CT,2020-03-14,2020,11,10,0.0,632.0,101.0,36.0,0.0,0.0,41.0,0,0.0,0.0,0.0,0.0,625.0,638.0,635.0,639.0,99.0,101.0,96.0,96.0,0.0,0.0,637.0,11.916375287812942
CT,2020-03-21,2020,12,11,11.0,665.0,104.0,45.0,15.0,0.0,56.0,0,0.0,0.0,0.0,0.0,632.0,625.0,653.0,653.0,101.0,99.0,98.0,95.0,2.75,5.5,640.0,17.492855684535876
CT,2020-03-28,2020,13,12,49.0,751.0,119.0,50.0,13.0,0.0,90.0,0,11.0,0.0,0.0,0.0,665.0,632.0,638.0,686.0,104.0,101.0,101.0,104.0,15.0,23.25224003546038,668.25,57.85830392720939
CT,2020-04-04,2020,14,13,215.0,891.0,137.0,88.0,34.0,0.0,270.0,0,49.0,11.0,0.0,0.0,751.0,665.0,625.0,652.0,119.0,104.0,99.0,93.0,68.75,99.73423016530818,734.75,115.61538248289745
CT,2020-04-11,2020,15,14,526.0,632.0,194.0,160.0,120.0,0.0,568.0,1,215.0,49.0,0.0,0.0,891.0,751.0,632.0,635.0,137.0,119.0,101.0,96.0,200.25,234.53695515490375,734.75,115.61538248289745
CT,2020-04-18,2020,16,15,686.0,632.0,234.0,163.0,127.0,0.0,724.0,1,526.0,215.0,11.0,0.0,632.0,891.0,665.0,653.0,194.0,137.0,104.0,98.0,369.0,289.3982262097218,726.5,123.18143799561146
CT,2020-04-25,2020,17,16,686.0,632.0,213.0,183.0,147.0,0.0,722.0,1,686.0,526.0,49.0,0.0,632.0,632.0,751.0,638.0,234.0,194.0,119.0,101.0,528.25,222.03659608271786,696.75,129.5
CT,2020-05-02,2020,18,17,577.0,632.0,200.0,169.0,131.0,0.0,615.0,1,686.0,686.0,215.0,0.0,632.0,632.0,891.0,625.0,213.0,234.0,137.0,99.0,618.75,80.39641368452536,632.0,0.0
CT,2020-05-09,2020,19,18,468.0,632.0,182.0,151.0,118.0,0.0,501.0,1,577.0,686.0,526.0,0.0,632.0,632.0,632.0,632.0,200.0,213.0,194.0,101.0,604.25,104.35955474544087,632.0,0.0
CT,2020-05-16,2020,20,19,384.0,954.0,170.0,112.0,86.0,0.0,410.0,1,468.0,577.0,686.0,11.0,632.0,632.0,632.0,665.0,182.0,200.0,234.0,104.0,528.75,131.2742041174376,712.5,161.0
CT,2020-05-23,2020,21,20,284.0,823.0,142.0,91.0,58.0,0.0,317.0,1,384.0,468.0,686.0,49.0,954.0,632.0,632.0,751.0,170.0,182.0,213.0,119.0,428.25,124.4625110893504,760.25,157.45131522685563
CT,2020-05-30,2020,22,21,212.0,759.0,135.0,68.0,44.0,0.0,236.0,0,284.0,384.0,577.0,215.0,823.0,954.0,632.0,891.0,142.0,170.0,200.0,137.0,337.0,112.25566058481566,792.0,134.03233440728644
CT,2020-06-06,2020,23,22,120.0,669.0,111.0,50.0,19.0,0.0,151.0,0,212.0,284.0,468.0,526.0,759.0,823.0,632.0,632.0,135.0,142.0,182.0,194.0,250.0,111.73778829623099,801.25,119.83426054346893
CT,2020-06-13,2020,24,23,87.0,636.0,115.0,33.0,17.0,0.0,103.0,0,120.0,212.0,384.0,686.0,669.0,759.0,954.0,632.0,111.0,135.0,170.0,234.0,175.75,89.47392543827132,721.75,85.19536372362055
CT,2020-06-20,2020,25,24,44.0,581.0,103.0,29.0,15.0,0.0,66.0,0,87.0,120.0,284.0,686.0,636.0,669.0,823.0,632.0,115.0,111.0,142.0,213.0,115.75,71.31327599636224,661.25,74.59390055493813
CT,2020-06-27,2020,26,25,44.0,598.0,105.0,42.0,16.0,0.0,70.0,0,44.0,87.0,212.0,577.0,581.0,636.0,759.0,632.0,103.0,115.0,135.0,200.0,73.75,36.899638661284115,621.0,39.40389151678631
CT,2020-07-04,2020,27,26,24.0,553.0,95.0,22.0,15.0,0.0,45.0,0,44.0,44.0,120.0,468.0,598.0,581.0,669.0,632.0,105.0,103.0,111.0,182.0,49.75,26.562818625539975,592.0,34.70830832332028
CT,2020-07-11,2020,28,27,25.0,611.0,107.0,29.0,15.0,0.0,48.0,0,24.0,44.0,87.0,384.0,553.0,598.0,636.0,954.0,95.0,105.0,115.0,170.0,34.25,11.2657297440808,585.75,25.05161338783055
CT,2020-07-18,2020,29,28,15.0,569.0,100.0,26.0,15.0,0.0,38.0,0,25.0,24.0,44.0,284.0,611.0,553.0,581.0,823.0,107.0,95.0,103.0,142.0,27.0,12.192894105447929,582.75,26.487418396916883
CT,2020-07-25,2020,30,29,15.0,586.0,105.0,17.0,15.0,0.0,30.0,0,15.0,25.0,44.0,212.0,569.0,611.0,598.0,759.0,100.0,107.0,105.0,135.0,19.75,5.500000000000017,579.75,24.81095188285469
CT,2020-08-01,2020,31,30,10.0,555.0,96.0,19.0,15.0,0.0,27.0,0,15.0,15.0,24.0,120.0,586.0,569.0,553.0,669.0,105.0,100.0,95.0,111.0,16.25,6.291528696058972,580.25,24.10221289978711
CT,2020-08-08,2020,32,31,25.0,593.0,106.0,25.0,0.0,0.0,34.0,0,10.0,15.0,25.0,87.0,555.0,586.0,611.0,636.0,96.0,105.0,107.0,115.0,16.25,6.291528696058972,575.75,17.11480840286166
CT,2020-08-15,2020,33,32,25.0,574.0,106.0,22.0,15.0,0.0,25.0,0,25.0,10.0,15.0,44.0,593.0,555.0,569.0,581.0,106.0,96.0,100.0,103.0,18.75,7.5000000000000115,577.0,16.63329993316612
CT,2020-08-22,2020,34,33,25.0,571.0,103.0,18.0,15.0,0.0,21.0,0,25.0,25.0,15.0,44.0,574.0,593.0,586.0,598.0,106.0,106.0,105.0,105.0,21.25,7.5000000000000115,573.25,15.585784121007967
CT,2020-08-29,2020,35,34,25.0,532.0,95.0,27.0,15.0,0.0,31.0,0,25.0,25.0,10.0,24.0,571.0,574.0,555.0,553.0,103.0,106.0,96.0,95.0,25.0,0.0,567.5,25.592967784139407
CT,2020-09-05,2020,36,35,25.0,574.0,101.0,28.0,15.0,0.0,34.0,0,25.0,25.0,25.0,25.0,532.0,571.0,593.0,611.0,95.0,103.0,106.0,107.0,25.0,0.0,562.75,20.54872258803446
CT,2020-09-12,2020,37,36,25.0,571.0,100.0,25.0,15.0,0.0,32.0,0,25.0,25.0,25.0,15.0,574.0,532.0,574.0,569.0,101.0,95.0,106.0,100.0,25.0,0.0,562.0,20.04993765576336
CT,2020-09-19,2020,38,37,12.0,579.0,100.0,29.0,15.0,0.0,36.0,0,25.0,25.0,25.0,15.0,571.0,574.0,571.0,586.0,100.0,101.0,103.0,105.0,21.75,6.500000000000013,564.0,21.58703314492285
CT,2020-09-26,2020,39,38,25.0,644.0,114.0,28.0,0.0,0.0,35.0,0,12.0,25.0,25.0,10.0,579.0,571.0,532.0,555.0,100.0,100.0,95.0,96.0,21.75,6.500000000000013,592.0,34.82336380458765
CT,2020-10-03,2020,40,39,16.0,623.0,106.0,23.0,15.0,0.0,34.0,0,25.0,12.0,25.0,25.0,644.0,579.0,574.0,593.0,114.0,100.0,101.0,106.0,19.5,6.557438524302014,604.25,34.998809503562626
CT,2020-10-10,2020,41,40,17.0,637.0,109.0,30.0,15.0,0.0,42.0,0,16.0,25.0,25.0,25.0,623.0,644.0,571.0,574.0,106.0,114.0,100.0,106.0,17.5,5.446711546122747,620.75,29.17047594172342
CT,2020-10-17,2020,42,41,31.0,619.0,104.0,34.0,15.0,0.0,60.0,0,17.0,16.0,12.0,25.0,637.0,623.0,579.0,571.0,109.0,106.0,100.0,103.0,22.25,7.088723439378925,630.75,11.729592206608544
CT,2020-10-24,2020,43,42,32.0,683.0,120.0,38.0,15.0,0.0,63.0,0,31.0,17.0,25.0,25.0,619.0,637.0,644.0,532.0,104.0,109.0,114.0,95.0,24.0,8.679477710861034,640.5,29.365512652316006
CT,2020-10-31,2020,44,43,62.0,639.0,105.0,46.0,22.0,0.0,86.0,0,32.0,31.0,16.0,25.0,683.0,619.0,623.0,574.0,120.0,104.0,106.0,101.0,35.5,18.947295321496423,644.5,27.196813538844303
CT,2020-11-07,2020,45,44,68.0,727.0,123.0,55.0,23.0,0.0,100.0,0,62.0,32.0,17.0,25.0,639.0,683.0,637.0,571.0,105.0,120.0,109.0,100.0,48.25,19.500000000000007,667.0,48.11098280711656
CT,2020-11-14,2020,46,45,79.0,685.0,109.0,59.0,28.0,0.0,110.0,0,68.0,62.0,31.0,12.0,727.0,639.0,619.0,579.0,123.0,105.0,104.0,100.0,60.25,20.105969262883107,683.5,35.93976442141302
CT,2020-11-21,2020,47,46,130.0,759.0,123.0,78.0,51.0,0.0,157.0,0,79.0,68.0,32.0,25.0,685.0,727.0,683.0,644.0,109.0,123.0,120.0,114.0,84.75,30.977142110487428,702.5,52.06086181896466
CT,2020-11-28,2020,48,47,165.0,757.0,120.0,83.0,56.0,0.0,192.0,0,130.0,79.0,62.0,16.0,759.0,685.0,639.0,623.0,123.0,109.0,105.0,106.0,110.5,45.273244490169546,732.0,34.583232931581165
CT,2020-12-05,2020,49,48,218.0,844.0,133.0,111.0,87.0,0.0,242.0,0,165.0,130.0,68.0,17.0,757.0,759.0,727.0,637.0,120.0,123.0,123.0,109.0,148.0,58.52065162544473,761.25,65.02499519415592
CT,2020-12-12,2020,50,49,227.0,846.0,132.0,104.0,73.0,0.0,258.0,0,218.0,165.0,79.0,31.0,844.0,757.0,685.0,619.0,133.0,120.0,109.0,104.0,185.0,45.745673748089736,801.5,50.24274408641845
CT,2020-12-19,2020,51,50,253.0,871.0,133.0,115.0,91.0,0.0,277.0,1,227.0,218.0,130.0,32.0,846.0,844.0,759.0,683.0,132.0,133.0,123.0,120.0,215.75,36.94477861168837,829.5,49.869830559166765
CT,2020-12-26,2020,52,51,239.0,920.0,147.0,128.0,86.0,0.0,281.0,1,253.0,227.0,165.0,62.0,871.0,846.0,757.0,639.0,133.0,132.0,120.0,105.0,234.25,15.173990905493515,870.25,35.36830030785579
CT,2021-01-02,2021,53,52,298.0,918.0,147.0,146.0,116.0,0.0,328.0,1,239.0,253.0,218.0,68.0,920.0,871.0,844.0,727.0,147.0,133.0,133.0,123.0,254.25,31.041638702448253,888.75,36.39940475703788
CT,2021-01-09,2021,1,53,242.0,860.0,130.0,132.0,99.0,0.0,275.0,1,298.0,239.0,227.0,79.0,918.0,920.0,846.0,685.0,147.0,147.0,132.0,109.0,258.0,27.337398071750233,892.25,31.2236555621963
CT,2021-01-16,2021,2,54,249.0,869.0,125.0,117.0,94.0,0.0,272.0,1,242.0,298.0,253.0,130.0,860.0,918.0,871.0,759.0,130.0,147.0,133.0,123.0,257.0,27.65260686927485,891.75,31.68990375498173
CT,2021-01-23,2021,3,55,252.0,862.0,129.0,108.0,83.0,0.0,277.0,1,249.0,242.0,239.0,165.0,869.0,860.0,920.0,757.0,125.0,130.0,147.0,120.0,260.25,25.51306854666186,877.25,27.439327008268123
CT,2021-01-30,2021,4,56,185.0,827.0,120.0,92.0,70.0,0.0,207.0,0,252.0,249.0,298.0,218.0,862.0,869.0,918.0,844.0,129.0,125.0,147.0,133.0,232.0,31.612233918743122,854.5,18.734993995195328
CT,2021-02-06,2021,5,57,178.0,786.0,119.0,104.0,78.0,0.0,204.0,0,185.0,252.0,242.0,227.0,827.0,862.0,860.0,846.0,120.0,129.0,130.0,132.0,216.0,39.95831160930935,836.0,38.061353978368544
CT,2021-02-13,2021,6,58,144.0,734.0,105.0,88.0,62.0,0.0,170.0,0,178.0,185.0,249.0,253.0,786.0,827.0,869.0,871.0,119.0,120.0,125.0,133.0,189.75,45.19863567262475,802.25,55.09007775150323
CT,2021-02-20,2021,7,59,91.0,683.0,103.0,67.0,36.0,0.0,122.0,0,144.0,178.0,252.0,239.0,734.0,786.0,862.0,920.0,105.0,119.0,129.0,147.0,149.5,42.914643965279105,757.5,62.56996084384268
CT,2021-02-27,2021,8,60,81.0,676.0,102.0,64.0,42.0,0.0,103.0,0,91.0,144.0,185.0,298.0,683.0,734.0,827.0,918.0,103.0,105.0,120.0,147.0,123.5,45.65449959569519,719.75,51.175352140133576
CT,2021-03-06,2021,9,61,66.0,648.0,102.0,56.0,25.0,0.0,97.0,0,81.0,91.0,178.0,242.0,676.0,683.0,786.0,860.0,102.0,103.0,119.0,130.0,95.5,33.92639090737473,685.25,35.845734288289776
CT,2021-03-13,2021,10,62,64.0,646.0,102.0,55.0,32.0,0.0,87.0,0,66.0,81.0,144.0,249.0,648.0,676.0,734.0,869.0,102.0,102.0,105.0,125.0,75.5,12.81925634868623,663.25,18.99780689097226
CT,2021-03-20,2021,11,63,52.0,644.0,102.0,46.0,23.0,0.0,75.0,0,64.0,66.0,91.0,252.0,646.0,648.0,683.0,862.0,102.0,102.0,103.0,129.0,65.75,11.89887949906764,653.5,15.088627063675233
CT,2021-03-27,2021,12,64,47.0,665.0,104.0,33.0,14.0,0.0,66.0,0,52.0,64.0,81.0,185.0,644.0,646.0,676.0,827.0,102.0,102.0,102.0,120.0,57.25,9.215023964519325,650.75,9.63932916061448
CT,2021-04-03,2021,13,65,49.0,614.0,97.0,40.0,17.0,0.0,72.0,0,47.0,52.0,66.0,178.0,665.0,644.0,648.0,786.0,104.0,102.0,102.0,119.0,53.0,7.61577310586383,642.25,21.077238908358126
CT,2021-04-10,2021,14,66,39.0,581.0,89.0,34.0,18.0,0.0,55.0,0,49.0,47.0,64.0,144.0,614.0,665.0,646.0,734.0,97.0,104.0,102.0,105.0,46.75,5.560275772537318,626.0,36.578682316343844
CT,2021-04-17,2021,15,67,44.0,608.0,94.0,34.0,17.0,0.0,61.0,0,39.0,49.0,52.0,91.0,581.0,614.0,644.0,683.0,89.0,97.0,102.0,103.0,44.75,4.349329450233159,617.0,35.07135583350045
CT,2021-04-24,2021,16,68,50.0,608.0,102.0,48.0,22.0,0.0,76.0,0,44.0,39.0,47.0,81.0,608.0,581.0,665.0,676.0,94.0,89.0,104.0,102.0,45.5,5.066228051190103,602.75,14.773286702694353
CT,2021-05-01,2021,17,69,48.0,635.0,101.0,48.0,20.0,0.0,76.0,0,50.0,44.0,49.0,66.0,608.0,608.0,614.0,648.0,102.0,94.0,97.0,102.0,45.25,4.856267428111033,608.0,22.045407685048733
CT,2021-05-08,2021,18,70,39.0,635.0,109.0,41.0,17.0,0.0,63.0,0,48.0,50.0,39.0,64.0,635.0,608.0,581.0,646.0,101.0,102.0,89.0,102.0,45.25,4.856267428111033,621.5,15.58845726812008
CT,2021-05-15,2021,19,71,35.0,571.0,99.0,37.0,14.0,0.0,58.0,0,39.0,48.0,44.0,52.0,635.0,635.0,608.0,644.0,109.0,101.0,94.0,102.0,43.0,7.164728420068142,612.25,30.302640149003615
CT,2021-05-22,2021,20,72,18.0,598.0,107.0,25.0,10.0,0.0,33.0,0,35.0,39.0,50.0,47.0,571.0,635.0,608.0,665.0,99.0,109.0,102.0,104.0,35.0,12.569805089976485,609.75,31.170231525180224
CT,2021-05-29,2021,21,73,16.0,624.0,108.0,31.0,15.0,0.0,39.0,0,18.0,35.0,48.0,49.0,598.0,571.0,635.0,614.0,107.0,99.0,101.0,97.0,27.0,11.69045194450007,607.0,28.57738033247051
CT,2021-06-05,2021,22,74,10.0,558.0,100.0,28.0,15.0,0.0,32.0,0,16.0,18.0,39.0,39.0,624.0,598.0,635.0,581.0,108.0,107.0,109.0,89.0,19.75,10.719919153923945,587.75,29.352739792621374
CT,2021-06-12,2021,23,75,10.0,584.0,97.0,32.0,15.0,0.0,36.0,0,10.0,16.0,35.0,44.0,558.0,624.0,571.0,608.0,100.0,108.0,99.0,94.0,13.5,4.123105625617517,591.0,27.543904346818216
CT,2021-06-19,2021,24,76,25.0,575.0,104.0,33.0,15.0,0.0,34.0,0,10.0,10.0,18.0,50.0,584.0,558.0,598.0,608.0,97.0,100.0,107.0,102.0,15.25,7.088723439378829,585.25,27.992558534963145
CT,2021-06-26,2021,25,77,25.0,595.0,106.0,23.0,0.0,0.0,26.0,0,25.0,10.0,16.0,48.0,575.0,584.0,624.0,635.0,104.0,97.0,108.0,101.0,17.5,8.660254037844318,578.0,15.641824275533581
CT,2021-07-03,2021,26,78,25.0,607.0,107.0,24.0,15.0,0.0,25.0,0,25.0,25.0,10.0,39.0,595.0,575.0,558.0,635.0,106.0,104.0,100.0,109.0,21.25,7.499999999999921,590.25,13.841363131329903
CT,2021-07-10,2021,27,79,25.0,612.0,105.0,22.0,15.0,0.0,24.0,0,25.0,25.0,10.0,35.0,607.0,595.0,584.0,571.0,107.0,106.0,97.0,99.0,25.0,0.0,597.25,16.459546368799835
CT,2021-07-17,2021,28,80,25.0,582.0,102.0,18.0,15.0,0.0,21.0,0,25.0,25.0,25.0,18.0,612.0,607.0,575.0,598.0,105.0,107.0,104.0,107.0,25.0,0.0,599.0,13.391539617733974
CT,2021-07-24,2021,29,81,25.0,615.0,108.0,31.0,15.0,0.0,35.0,0,25.0,25.0,25.0,16.0,582.0,612.0,595.0,624.0,102.0,105.0,106.0,108.0,25.0,0.0,604.0,15.033296378373075
CT,2021-07-31,2021,30,82,25.0,572.0,102.0,22.0,15.0,0.0,26.0,0,25.0,25.0,25.0,10.0,615.0,582.0,607.0,558.0,108.0,102.0,107.0,100.0,25.0,0.0,595.25,21.500000000000117
CT,2021-08-07,2021,31,83,14.0,613.0,106.0,41.0,15.0,0.0,48.0,0,25.0,25.0,25.0,10.0,572.0,615.0,612.0,584.0,102.0,108.0,105.0,97.0,22.25,5.4999999999998925,595.5,21.76388445720735
CT,2021-08-14,2021,32,84,28.0,650.0,116.0,43.0,17.0,0.0,54.0,0,14.0,25.0,25.0,25.0,613.0,572.0,582.0,575.0,106.0,102.0,102.0,104.0,23.0,6.16441400296888,612.5,31.90088817990295
CT,2021-08-21,2021,33,85,23.0,634.0,117.0,45.0,10.0,0.0,58.0,0,28.0,14.0,25.0,25.0,650.0,613.0,615.0,595.0,116.0,106.0,108.0,106.0,22.5,6.02771377334161,617.25,33.75771516754857
CT,2021-08-28,2021,34,86,37.0,630.0,114.0,45.0,18.0,0.0,64.0,0,23.0,28.0,25.0,25.0,634.0,650.0,572.0,607.0,117.0,116.0,102.0,107.0,25.5,9.609023536932987,631.75,15.195942440884384
CT,2021-09-04,2021,35,87,45.0,629.0,112.0,49.0,22.0,0.0,72.0,0,37.0,23.0,14.0,25.0,630.0,634.0,613.0,612.0,114.0,117.0,106.0,105.0,33.25,9.742518497116928,635.75,9.742518497117224
CT,2021-09-11,2021,36,88,41.0,644.0,113.0,45.0,22.0,0.0,64.0,0,45.0,37.0,28.0,25.0,629.0,630.0,650.0,582.0,112.0,114.0,116.0,102.0,36.5,9.57427107756332,634.25,6.849574196011841
CT,2021-09-18,2021,37,89,46.0,685.0,120.0,53.0,28.0,0.0,71.0,0,41.0,45.0,23.0,25.0,644.0,629.0,634.0,615.0,113.0,112.0,117.0,108.0,42.25,4.112987559750879,647.0,26.242459234352843
CT,2021-09-25,2021,38,90,46.0,674.0,117.0,61.0,26.0,0.0,81.0,0,46.0,41.0,37.0,25.0,685.0,644.0,630.0,572.0,120.0,113.0,114.0,102.0,44.5,2.3804761428473697,658.0,25.961509971494426
CT,2021-10-02,2021,39,91,42.0,636.0,113.0,49.0,26.0,0.0,65.0,0,46.0,46.0,45.0,14.0,674.0,685.0,629.0,613.0,117.0,120.0,112.0,106.0,43.75,2.6299556396763606,659.75,23.471614061812435
CT,2021-10-09,2021,40,92,35.0,627.0,107.0,53.0,15.0,0.0,73.0,0,42.0,46.0,41.0,28.0,636.0,674.0,644.0,650.0,113.0,117.0,113.0,116.0,42.25,5.188127472091014,655.5,28.313718700775976
CT,2021-10-16,2021,41,93,34.0,630.0,108.0,46.0,18.0,0.0,62.0,0,35.0,42.0,46.0,23.0,627.0,636.0,685.0,634.0,107.0,113.0,120.0,117.0,39.25,5.7373048260193995,641.75,21.823152842795288
CT,2021-10-23,2021,42,94,42.0,678.0,114.0,59.0,16.0,0.0,85.0,0,34.0,35.0,46.0,37.0,630.0,627.0,674.0,630.0,108.0,107.0,117.0,114.0,38.25,4.349329450233161,642.75,23.79600806858167
CT,2021-10-30,2021,43,95,25.0,659.0,116.0,46.0,12.0,0.0,59.0,0,42.0,34.0,42.0,45.0,678.0,630.0,636.0,629.0,114.0,108.0,113.0,112.0,34.0,6.976149845485366,648.5,24.392621835301018
CT,2021-11-06,2021,44,96,31.0,681.0,112.0,43.0,11.0,0.0,63.0,0,25.0,42.0,35.0,41.0,659.0,678.0,627.0,644.0,116.0,114.0,107.0,113.0,33.0,7.071067811865392,662.0,23.452078799117245
CT,2021-11-13,2021,45,97,38.0,685.0,116.0,48.0,17.0,0.0,69.0,0,31.0,25.0,34.0,46.0,681.0,659.0,630.0,685.0,112.0,116.0,108.0,120.0,34.0,7.527726527090732,675.75,11.528949070347728
CT,2021-11-20,2021,46,98,35.0,680.0,108.0,54.0,15.0,0.0,74.0,0,38.0,31.0,42.0,46.0,685.0,681.0,678.0,674.0,116.0,112.0,114.0,117.0,32.25,5.619905100029017,676.25,11.701139545645619
CT,2021-11-27,2021,47,99,52.0,712.0,116.0,67.0,23.0,0.0,96.0,0,35.0,38.0,25.0,42.0,680.0,685.0,659.0,636.0,108.0,116.0,116.0,113.0,39.0,9.128709291752704,689.5,15.154757228892574
CT,2021-12-04,2021,48,100,50.0,768.0,121.0,70.0,28.0,0.0,92.0,0,52.0,35.0,31.0,35.0,712.0,680.0,681.0,627.0,116.0,108.0,112.0,107.0,43.75,8.499999999999932,711.25,40.35983977503715
CT,2021-12-11,2021,49,101,83.0,750.0,118.0,70.0,36.0,0.0,118.0,0,50.0,52.0,38.0,34.0,768.0,712.0,685.0,630.0,121.0,116.0,116.0,108.0,55.0,20.149441679609858,727.5,39.340394846349355
CT,2021-12-18,2021,50,102,80.0,718.0,112.0,85.0,48.0,0.0,117.0,0,83.0,50.0,35.0,42.0,750.0,768.0,680.0,678.0,118.0,121.0,108.0,114.0,66.25,17.67059704707226,737.0,26.558112382722857
CT,2021-12-25,2021,51,103,110.0,756.0,116.0,82.0,57.0,0.0,136.0,0,80.0,83.0,52.0,25.0,718.0,750.0,712.0,659.0,112.0,118.0,116.0,116.0,80.75,24.540782383616033,748.0,21.354156504062704
DC,2020-02-29,2020,9,8,0.0,135.0,111.0,14.0,0.0,0.0,14.0,0,0.0,0.0,0.0,0.0,104.0,122.0,143.0,132.0,94.0,94.0,110.0,95.0,0.0,0.0,123.0,13.784048752090222
DC,2020-03-07,2020,10,9,0.0,118.0,96.0,13.0,0.0,0.0,14.0,0,0.0,0.0,0.0,0.0,135.0,104.0,131.0,128.0,111.0,94.0,101.0,95.0,0.0,0.0,119.75,12.763881332363859
DC,2020-03-14,2020,11,10,0.0,114.0,97.0,14.0,0.0,0.0,14.0,0,0.0,0.0,0.0,0.0,118.0,135.0,122.0,140.0,96.0,111.0,94.0,120.0,0.0,0.0,117.75,12.919623317522326
DC,2020-03-21,2020,12,11,0.0,129.0,110.0,10.0,0.0,0.0,11.0,0,0.0,0.0,0.0,0.0,114.0,118.0,104.0,131.0,97.0,96.0,94.0,106.0,0.0,0.0,124.0,9.695359714832657
DC,2020-03-28,2020,13,12,0.0,130.0,107.0,20.0,0.0,0.0,23.0,0,0.0,0.0,0.0,0.0,129.0,114.0,135.0,143.0,110.0,97.0,111.0,110.0,0.0,0.0,122.75,7.973915809270456
DC,2020-04-04,2020,14,13,25.0,156.0,134.0,37.0,25.0,0.0,37.0,0,0.0,0.0,0.0,0.0,130.0,129.0,118.0,131.0,107.0,110.0,96.0,101.0,6.25,12.5,132.25,17.44276354251241
DC,2020-04-11,2020,15,14,37.0,194.0,170.0,49.0,37.0,0.0,50.0,1,25.0,0.0,0.0,0.0,156.0,130.0,114.0,122.0,134.0,107.0,97.0,94.0,15.5,18.556220879622373,152.25,30.510927004381013
DC,2020-04-18,2020,16,15,59.0,202.0,170.0,68.0,57.0,0.0,70.0,1,37.0,25.0,0.0,0.0,194.0,156.0,129.0,104.0,170.0,134.0,110.0,94.0,30.25,24.595053703268604,170.5,33.64025366531392
DC,2020-04-25,2020,17,16,90.0,242.0,190.0,99.0,90.0,0.0,99.0,1,59.0,37.0,0.0,0.0,202.0,194.0,130.0,135.0,170.0,170.0,107.0,111.0,52.75,28.54674529025448,198.5,35.26565846069894
DC,2020-05-02,2020,18,17,75.0,215.0,178.0,80.0,74.0,0.0,81.0,1,90.0,59.0,25.0,0.0,242.0,202.0,156.0,118.0,190.0,170.0,134.0,96.0,65.25,22.691775308835282,213.25,21.02974084481309
DC,2020-05-09,2020,19,18,86.0,214.0,194.0,93.0,86.0,0.0,93.0,1,75.0,90.0,37.0,0.0,215.0,242.0,194.0,114.0,178.0,190.0,170.0,97.0,77.5,13.868429375143139,218.25,16.899211026948368
DC,2020-05-16,2020,20,19,71.0,185.0,174.0,80.0,71.0,0.0,80.0,1,86.0,75.0,59.0,0.0,214.0,215.0,202.0,129.0,194.0,178.0,170.0,110.0,80.5,8.962886439832488,214.0,23.28089345364563
DC,2020-05-23,2020,21,20,49.0,181.0,167.0,51.0,46.0,0.0,55.0,1,71.0,86.0,90.0,0.0,185.0,214.0,242.0,130.0,174.0,194.0,190.0,107.0,70.25,15.521490478258407,198.75,18.26426383223077
DC,2020-05-30,2020,22,21,42.0,169.0,148.0,47.0,41.0,0.0,48.0,1,49.0,71.0,75.0,25.0,181.0,185.0,215.0,156.0,167.0,174.0,178.0,134.0,62.0,20.21550560007507,187.25,19.08533468399231
DC,2020-06-06,2020,23,22,38.0,149.0,133.0,41.0,36.0,0.0,43.0,1,42.0,49.0,86.0,37.0,169.0,181.0,214.0,194.0,148.0,167.0,194.0,170.0,50.0,14.719601443879737,171.0,16.165807537309526
DC,2020-06-13,2020,24,23,30.0,147.0,136.0,35.0,30.0,0.0,35.0,0,38.0,42.0,71.0,59.0,149.0,169.0,185.0,202.0,133.0,148.0,174.0,170.0,39.75,7.932002689527181,161.5,16.360521589077372
DC,2020-06-20,2020,25,24,28.0,132.0,121.0,33.0,21.0,0.0,40.0,0,30.0,38.0,49.0,90.0,147.0,149.0,181.0,242.0,136.0,133.0,167.0,190.0,34.5,6.608075867199652,149.25,15.195942440884238
DC,2020-06-27,2020,26,25,19.0,130.0,115.0,26.0,18.0,0.0,27.0,0,28.0,30.0,42.0,75.0,132.0,147.0,169.0,215.0,121.0,136.0,148.0,178.0,28.75,7.804912982645382,139.5,9.882644720249065
DC,2020-07-04,2020,27,26,16.0,122.0,117.0,18.0,13.0,0.0,21.0,0,19.0,28.0,38.0,86.0,130.0,132.0,149.0,214.0,115.0,121.0,133.0,194.0,23.25,6.800735254367704,132.75,10.436314802968852
DC,2020-07-11,2020,28,27,0.0,138.0,121.0,14.0,0.0,0.0,10.0,0,16.0,19.0,30.0,71.0,122.0,130.0,147.0,185.0,117.0,115.0,136.0,174.0,15.75,11.672617529928742,130.5,6.608075867199678
DC,2020-07-18,2020,29,28,13.0,121.0,101.0,14.0,0.0,0.0,18.0,0,0.0,16.0,28.0,49.0,138.0,122.0,132.0,181.0,121.0,117.0,121.0,167.0,12.0,8.366600265340743,127.75,7.932002689527203
DC,2020-07-25,2020,30,29,0.0,123.0,115.0,11.0,0.0,0.0,12.0,0,13.0,0.0,19.0,42.0,121.0,138.0,130.0,169.0,101.0,121.0,115.0,148.0,7.25,8.460693430998024,126.0,8.041558721209887
DC,2020-08-01,2020,31,30,10.0,130.0,116.0,10.0,0.0,0.0,15.0,0,0.0,13.0,16.0,38.0,123.0,121.0,122.0,149.0,115.0,101.0,117.0,133.0,5.75,6.751543033509682,128.0,7.702813338860904
DC,2020-08-08,2020,32,31,0.0,118.0,107.0,12.0,0.0,0.0,14.0,0,10.0,0.0,0.0,30.0,130.0,123.0,138.0,147.0,116.0,115.0,121.0,136.0,5.75,6.751543033509682,123.0,5.099019513592799
DC,2020-08-15,2020,33,32,0.0,117.0,101.0,14.0,0.0,0.0,14.0,0,0.0,10.0,13.0,28.0,118.0,130.0,121.0,132.0,107.0,116.0,101.0,121.0,2.5,4.999999999999979,122.0,5.944184833375682
DC,2020-08-22,2020,34,33,11.0,113.0,103.0,16.0,10.0,0.0,17.0,0,0.0,0.0,0.0,19.0,117.0,118.0,123.0,130.0,101.0,107.0,115.0,115.0,5.25,6.0759087111860435,119.5,7.325753658611982
DC,2020-08-29,2020,35,34,0.0,140.0,127.0,15.0,0.0,0.0,15.0,0,11.0,0.0,10.0,16.0,113.0,117.0,130.0,122.0,103.0,101.0,116.0,117.0,2.75,5.4999999999999805,122.0,12.192894105447929
DC,2020-09-05,2020,36,35,0.0,143.0,127.0,15.0,0.0,0.0,15.0,0,0.0,11.0,0.0,0.0,140.0,113.0,118.0,138.0,127.0,103.0,107.0,121.0,2.75,5.4999999999999805,128.25,15.435349040433138
DC,2020-09-12,2020,37,36,0.0,125.0,110.0,14.0,0.0,0.0,17.0,0,0.0,0.0,0.0,13.0,143.0,140.0,117.0,121.0,127.0,127.0,101.0,101.0,2.75,5.4999999999999805,130.25,13.93735986476636
DC,2020-09-19,2020,38,37,0.0,109.0,94.0,14.0,0.0,0.0,14.0,0,0.0,0.0,11.0,0.0,125.0,143.0,113.0,123.0,110.0,127.0,103.0,115.0,0.0,0.0,129.25,15.62849960808779
DC,2020-09-26,2020,39,38,0.0,112.0,92.0,14.0,0.0,0.0,16.0,0,0.0,0.0,0.0,10.0,109.0,125.0,140.0,130.0,94.0,110.0,127.0,116.0,0.0,0.0,122.25,15.478479684172266
DC,2020-10-03,2020,40,39,10.0,138.0,131.0,20.0,0.0,0.0,21.0,0,0.0,0.0,0.0,0.0,112.0,109.0,143.0,118.0,92.0,94.0,127.0,107.0,2.5,4.999999999999979,121.0,13.291601358251265
DC,2020-10-10,2020,41,40,14.0,146.0,117.0,20.0,13.0,0.0,21.0,0,10.0,0.0,0.0,0.0,138.0,112.0,125.0,117.0,131.0,92.0,110.0,101.0,6.0,7.118052168020859,126.25,18.518009252256757
DC,2020-10-17,2020,42,41,0.0,118.0,94.0,14.0,0.0,0.0,14.0,0,14.0,10.0,0.0,11.0,146.0,138.0,109.0,113.0,117.0,131.0,94.0,103.0,6.0,7.118052168020859,128.5,16.114175953695767
DC,2020-10-24,2020,43,42,0.0,105.0,85.0,14.0,0.0,0.0,14.0,0,0.0,14.0,0.0,0.0,118.0,146.0,112.0,140.0,94.0,117.0,92.0,127.0,6.0,7.118052168020859,126.75,18.679311193581707
DC,2020-10-31,2020,44,43,0.0,128.0,108.0,14.0,0.0,0.0,16.0,0,0.0,0.0,10.0,0.0,105.0,118.0,138.0,143.0,85.0,94.0,131.0,127.0,3.5,6.999999999999984,124.25,17.28920665232118
DC,2020-11-07,2020,45,44,12.0,137.0,106.0,15.0,0.0,0.0,19.0,0,0.0,0.0,14.0,0.0,128.0,105.0,146.0,125.0,108.0,85.0,117.0,110.0,3.0,5.999999999999981,122.0,13.735598518691019
DC,2020-11-14,2020,46,45,10.0,130.0,120.0,18.0,0.0,0.0,21.0,0,12.0,0.0,0.0,0.0,137.0,128.0,118.0,109.0,106.0,108.0,94.0,94.0,5.5,6.403124237432832,125.0,13.880441875771352
DC,2020-11-21,2020,47,46,16.0,135.0,114.0,19.0,14.0,0.0,21.0,0,10.0,12.0,0.0,0.0,130.0,137.0,105.0,112.0,120.0,106.0,85.0,92.0,9.5,6.8068592855540295,132.5,4.203173404306204
DC,2020-11-28,2020,48,47,15.0,120.0,105.0,22.0,12.0,0.0,25.0,0,16.0,10.0,0.0,10.0,135.0,130.0,128.0,138.0,114.0,120.0,108.0,131.0,13.25,2.753785273643012,130.5,7.593857166596367
DC,2020-12-05,2020,49,48,20.0,153.0,124.0,26.0,17.0,0.0,29.0,0,15.0,16.0,12.0,14.0,120.0,135.0,137.0,146.0,105.0,114.0,106.0,117.0,15.25,4.112987559750996,134.5,13.820274961085264
DC,2020-12-12,2020,50,49,21.0,175.0,142.0,24.0,19.0,0.0,26.0,0,20.0,15.0,10.0,0.0,153.0,120.0,130.0,118.0,124.0,105.0,120.0,94.0,18.0,2.943920288775913,145.75,23.71181140275876
DC,2020-12-19,2020,51,50,34.0,144.0,109.0,38.0,29.0,0.0,43.0,1,21.0,20.0,16.0,0.0,175.0,153.0,135.0,105.0,142.0,124.0,114.0,85.0,22.5,8.103497187428799,148.0,22.75961335348209
DC,2020-12-26,2020,52,51,40.0,165.0,129.0,38.0,35.0,0.0,43.0,1,34.0,21.0,15.0,0.0,144.0,175.0,120.0,128.0,109.0,142.0,105.0,108.0,28.75,9.844626283748228,159.25,13.573871960498234
DC,2021-01-02,2021,53,52,36.0,178.0,139.0,43.0,32.0,0.0,47.0,1,40.0,34.0,20.0,12.0,165.0,144.0,153.0,137.0,129.0,109.0,124.0,106.0,32.75,8.220908303425668,165.5,15.373136743466945
DC,2021-01-09,2021,1,53,37.0,173.0,124.0,30.0,25.0,0.0,42.0,1,36.0,40.0,21.0,10.0,178.0,165.0,175.0,130.0,139.0,129.0,142.0,120.0,36.75,2.4999999999999565,165.0,14.988884770611415
DC,2021-01-16,2021,2,54,41.0,172.0,127.0,31.0,25.0,0.0,47.0,1,37.0,36.0,34.0,16.0,173.0,178.0,144.0,135.0,124.0,139.0,109.0,114.0,38.5,2.380476142847572,172.0,5.354126134736351
DC,2021-01-23,2021,3,55,38.0,164.0,140.0,24.0,18.0,0.0,44.0,1,41.0,37.0,40.0,15.0,172.0,173.0,165.0,120.0,127.0,124.0,129.0,105.0,38.0,2.1602468994692376,171.75,5.7951128835712495
DC,2021-01-30,2021,4,56,50.0,181.0,146.0,41.0,38.0,0.0,53.0,1,38.0,41.0,36.0,20.0,164.0,172.0,178.0,153.0,140.0,127.0,139.0,124.0,41.5,5.916079783099598,172.5,6.952217871538082
DC,2021-02-06,2021,5,57,43.0,164.0,126.0,37.0,31.0,0.0,49.0,1,50.0,38.0,37.0,21.0,181.0,164.0,173.0,175.0,146.0,140.0,124.0,142.0,43.0,5.099019513592765,170.25,8.098353742170906
DC,2021-02-13,2021,6,58,32.0,153.0,118.0,18.0,0.0,0.0,42.0,0,43.0,50.0,41.0,34.0,164.0,181.0,172.0,144.0,126.0,146.0,127.0,109.0,40.75,7.63216876123686,165.5,11.561430130683089
DC,2021-02-20,2021,7,59,23.0,167.0,128.0,22.0,12.0,0.0,33.0,0,32.0,43.0,38.0,40.0,153.0,164.0,164.0,165.0,118.0,126.0,140.0,129.0,37.0,11.916375287812977,166.25,11.528949070347513
DC,2021-02-27,2021,8,60,30.0,144.0,130.0,27.0,22.0,0.0,35.0,0,23.0,32.0,50.0,36.0,167.0,153.0,181.0,178.0,128.0,118.0,146.0,139.0,32.0,8.286535263104023,157.0,10.55146119422962
DC,2021-03-06,2021,9,61,22.0,134.0,110.0,16.0,11.0,0.0,27.0,0,30.0,23.0,43.0,37.0,144.0,167.0,164.0,173.0,130.0,128.0,126.0,124.0,26.75,4.9916597106239555,149.5,14.011899704655807
DC,2021-03-13,2021,10,62,13.0,125.0,102.0,15.0,0.0,0.0,21.0,0,22.0,30.0,32.0,41.0,134.0,144.0,153.0,172.0,110.0,130.0,118.0,127.0,22.0,6.976149845485433,142.5,18.08314132002513
DC,2021-03-20,2021,11,63,10.0,145.0,123.0,14.0,0.0,0.0,14.0,0,13.0,22.0,23.0,38.0,125.0,134.0,167.0,164.0,102.0,110.0,128.0,140.0,18.75,9.069178573608514,137.0,9.416297927883704
DC,2021-03-27,2021,12,64,12.0,135.0,115.0,13.0,0.0,0.0,19.0,0,10.0,13.0,30.0,50.0,145.0,125.0,144.0,181.0,123.0,102.0,130.0,146.0,14.25,5.315072906367304,134.75,8.1802607945387
DC,2021-04-03,2021,13,65,16.0,126.0,104.0,13.0,0.0,0.0,25.0,0,12.0,10.0,22.0,43.0,135.0,145.0,134.0,164.0,115.0,123.0,110.0,126.0,12.75,2.4999999999999543,132.75,9.322910847298012
DC,2021-04-10,2021,14,66,16.0,158.0,135.0,14.0,0.0,0.0,23.0,0,16.0,12.0,13.0,32.0,126.0,135.0,125.0,153.0,104.0,115.0,102.0,118.0,13.5,2.9999999999999623,141.0,13.735598518691017
DC,2021-04-17,2021,15,67,19.0,121.0,106.0,21.0,12.0,0.0,28.0,0,16.0,16.0,10.0,23.0,158.0,126.0,145.0,167.0,135.0,104.0,123.0,128.0,15.75,2.8722813232689752,135.0,16.391054470859
DC,2021-04-24,2021,16,68,12.0,127.0,107.0,20.0,0.0,0.0,23.0,0,19.0,16.0,12.0,30.0,121.0,158.0,135.0,144.0,106.0,135.0,115.0,130.0,15.75,2.8722813232689752,133.0,16.872067646458355
DC,2021-05-01,2021,17,69,0.0,121.0,95.0,15.0,0.0,0.0,17.0,0,12.0,19.0,16.0,22.0,127.0,121.0,126.0,134.0,107.0,106.0,104.0,110.0,11.75,8.341662504161452,131.75,17.72709790123584
DC,2021-05-08,2021,18,70,0.0,125.0,104.0,16.0,0.0,0.0,18.0,0,0.0,12.0,16.0,13.0,121.0,127.0,158.0,125.0,95.0,107.0,135.0,102.0,7.75,9.394147114027955,123.5,3.0000000000000315
DC,2021-05-15,2021,19,71,14.0,125.0,113.0,17.0,10.0,0.0,21.0,0,0.0,0.0,19.0,10.0,125.0,121.0,121.0,145.0,104.0,95.0,106.0,123.0,6.5,7.549834435270735,124.5,2.5166114784236218
DC,2021-05-22,2021,20,72,11.0,132.0,124.0,17.0,0.0,0.0,21.0,0,14.0,0.0,12.0,12.0,125.0,125.0,127.0,135.0,113.0,104.0,107.0,115.0,6.25,7.320063751999235,125.75,4.573474244670768
DC,2021-05-29,2021,21,73,0.0,119.0,109.0,14.0,0.0,0.0,11.0,0,11.0,14.0,0.0,16.0,132.0,125.0,121.0,126.0,124.0,113.0,95.0,104.0,6.25,7.320063751999235,125.25,5.315072906367342
DC,2021-06-05,2021,22,74,0.0,125.0,110.0,14.0,0.0,0.0,10.0,0,0.0,11.0,0.0,16.0,119.0,132.0,125.0,158.0,109.0,124.0,104.0,135.0,6.25,7.320063751999235,125.25,5.315072906367342
DC,2021-06-12,2021,23,75,0.0,139.0,124.0,10.0,0.0,0.0,10.0,0,0.0,0.0,14.0,19.0,125.0,119.0,125.0,121.0,110.0,109.0,113.0,106.0,2.75,5.499999999999979,128.75,8.655441448399202
DC,2021-06-19,2021,24,76,0.0,128.0,119.0,14.0,0.0,0.0,14.0,0,0.0,0.0,11.0,12.0,139.0,125.0,132.0,127.0,124.0,110.0,124.0,107.0,0.0,0.0,127.75,8.381527307120118
DC,2021-06-26,2021,25,77,0.0,115.0,106.0,12.0,0.0,0.0,12.0,0,0.0,0.0,0.0,0.0,128.0,139.0,119.0,121.0,119.0,124.0,109.0,95.0,0.0,0.0,126.75,9.878427675158306
DC,2021-07-03,2021,26,78,0.0,108.0,95.0,14.0,0.0,0.0,14.0,0,0.0,0.0,0.0,0.0,115.0,128.0,125.0,125.0,106.0,119.0,110.0,104.0,0.0,0.0,122.5,13.771952173409073
DC,2021-07-10,2021,27,79,0.0,149.0,143.0,19.0,0.0,0.0,21.0,0,0.0,0.0,0.0,14.0,108.0,115.0,139.0,125.0,95.0,106.0,124.0,113.0,0.0,0.0,125.0,18.018509002319444
DC,2021-07-17,2021,28,80,0.0,126.0,111.0,14.0,0.0,0.0,14.0,0,0.0,0.0,0.0,11.0,149.0,108.0,128.0,132.0,143.0,95.0,119.0,124.0,0.0,0.0,124.5,17.935068069752813
DC,2021-07-24,2021,29,81,0.0,136.0,114.0,14.0,0.0,0.0,10.0,0,0.0,0.0,0.0,0.0,126.0,149.0,115.0,119.0,111.0,143.0,106.0,109.0,0.0,0.0,129.75,17.289206652321177
DC,2021-07-31,2021,30,82,0.0,104.0,97.0,14.0,0.0,0.0,14.0,0,0.0,0.0,0.0,0.0,136.0,126.0,108.0,125.0,114.0,111.0,95.0,110.0,0.0,0.0,128.75,18.997806890972093
DC,2021-08-07,2021,31,83,0.0,127.0,114.0,10.0,0.0,0.0,11.0,0,0.0,0.0,0.0,0.0,104.0,136.0,149.0,139.0,97.0,114.0,143.0,124.0,0.0,0.0,123.25,13.598406769422175
DC,2021-08-14,2021,32,84,0.0,145.0,131.0,14.0,0.0,0.0,11.0,0,0.0,0.0,0.0,0.0,127.0,104.0,126.0,128.0,114.0,97.0,111.0,119.0,0.0,0.0,128.0,17.606816861659013
DC,2021-08-21,2021,33,85,13.0,132.0,114.0,20.0,11.0,0.0,22.0,0,0.0,0.0,0.0,0.0,145.0,127.0,136.0,115.0,131.0,114.0,114.0,106.0,3.25,6.499999999999982,127.0,17.10750322714179
DC,2021-08-28,2021,34,86,11.0,119.0,108.0,13.0,0.0,0.0,16.0,0,13.0,0.0,0.0,0.0,132.0,145.0,104.0,108.0,114.0,131.0,97.0,95.0,6.0,6.976149845485433,130.75,10.904891868637069
DC,2021-09-04,2021,35,87,14.0,136.0,123.0,17.0,12.0,0.0,19.0,0,11.0,13.0,0.0,0.0,119.0,132.0,127.0,149.0,108.0,114.0,114.0,143.0,9.5,6.45497224367901,133.0,10.801234497346442
DC,2021-09-11,2021,36,88,0.0,111.0,98.0,12.0,0.0,0.0,14.0,0,14.0,11.0,0.0,0.0,136.0,119.0,145.0,126.0,123.0,108.0,131.0,111.0,9.5,6.45497224367901,124.5,11.561430130683092
DC,2021-09-18,2021,37,89,10.0,132.0,117.0,14.0,0.0,0.0,13.0,0,0.0,14.0,13.0,0.0,111.0,136.0,132.0,136.0,98.0,123.0,114.0,114.0,8.75,6.075908711186043,124.5,11.561430130683092
DC,2021-09-25,2021,38,90,10.0,128.0,110.0,11.0,0.0,0.0,15.0,0,10.0,0.0,11.0,0.0,132.0,111.0,119.0,104.0,117.0,98.0,108.0,97.0,8.5,5.97215762238962,126.75,10.996211468804466
DC,2021-10-02,2021,39,91,13.0,141.0,116.0,16.0,12.0,0.0,17.0,0,10.0,10.0,14.0,0.0,128.0,132.0,136.0,127.0,110.0,117.0,123.0,114.0,8.25,5.678908345800253,128.0,12.569805089976542
DC,2021-10-09,2021,40,92,0.0,158.0,150.0,13.0,0.0,0.0,15.0,0,13.0,10.0,0.0,0.0,141.0,128.0,111.0,145.0,116.0,110.0,98.0,131.0,8.25,5.678908345800253,139.75,13.32603967176046
DC,2021-10-16,2021,41,93,0.0,130.0,104.0,13.0,0.0,0.0,15.0,0,0.0,13.0,10.0,13.0,158.0,141.0,132.0,132.0,150.0,116.0,117.0,114.0,5.75,6.751543033509681,139.25,13.744695946679467
DC,2021-10-23,2021,42,94,0.0,135.0,108.0,15.0,0.0,0.0,15.0,0,0.0,0.0,10.0,11.0,130.0,158.0,128.0,119.0,104.0,150.0,110.0,108.0,3.25,6.499999999999982,141.0,12.192894105447934
DC,2021-10-30,2021,43,95,10.0,142.0,115.0,13.0,0.0,0.0,14.0,0,0.0,0.0,13.0,14.0,135.0,130.0,141.0,136.0,108.0,104.0,116.0,123.0,2.5,4.999999999999977,141.25,12.20314167199033
DC,2021-11-06,2021,44,96,0.0,133.0,112.0,11.0,0.0,0.0,13.0,0,10.0,0.0,0.0,0.0,142.0,135.0,158.0,111.0,115.0,108.0,150.0,98.0,2.5,4.999999999999977,135.0,5.0990195135928085
DC,2021-11-13,2021,45,97,0.0,143.0,111.0,12.0,0.0,0.0,13.0,0,0.0,10.0,0.0,10.0,133.0,142.0,130.0,132.0,112.0,115.0,104.0,117.0,2.5,4.999999999999977,138.25,4.991659710624007
DC,2021-11-20,2021,46,98,0.0,121.0,112.0,10.0,0.0,0.0,10.0,0,0.0,0.0,0.0,10.0,143.0,133.0,135.0,128.0,111.0,112.0,108.0,110.0,2.5,4.999999999999977,134.75,10.210288928331083
DC,2021-11-27,2021,47,99,0.0,133.0,112.0,14.0,0.0,0.0,14.0,0,0.0,0.0,10.0,13.0,121.0,143.0,142.0,141.0,112.0,111.0,115.0,116.0,0.0,0.0,132.5,9.000000000000018
DC,2021-12-04,2021,48,100,0.0,135.0,118.0,14.0,0.0,0.0,11.0,0,0.0,0.0,0.0,0.0,133.0,121.0,133.0,158.0,112.0,112.0,112.0,150.0,0.0,0.0,133.0,9.092121131323921
DC,2021-12-11,2021,49,101,11.0,152.0,123.0,20.0,10.0,0.0,21.0,0,0.0,0.0,0.0,0.0,135.0,133.0,143.0,130.0,118.0,112.0,111.0,104.0,2.75,5.49999999999998,135.25,12.763881332363875
DC,2021-12-18,2021,50,102,0.0,121.0,98.0,14.0,0.0,0.0,18.0,0,11.0,0.0,0.0,0.0,152.0,135.0,121.0,135.0,123.0,118.0,112.0,108.0,2.75,5.49999999999998,135.25,12.763881332363875
DC,2021-12-25,2021,51,103,15.0,138.0,105.0,20.0,14.0,0.0,21.0,0,0.0,11.0,0.0,10.0,121.0,152.0,133.0,142.0,98.0,123.0,112.0,115.0,6.5,7.681145747868594,136.5,12.714820748507114
DE,2020-02-29,2020,9,8,0.0,164.0,91.0,10.0,0.0,0.0,12.0,0,0.0,0.0,0.0,0.0,194.0,202.0,183.0,199.0,100.0,103.0,99.0,99.0,0.0,0.0,187.75,16.5
DE,2020-03-07,2020,10,9,0.0,200.0,108.0,14.0,0.0,0.0,16.0,0,0.0,0.0,0.0,0.0,164.0,194.0,191.0,194.0,91.0,100.0,102.0,98.0,0.0,0.0,190.0,17.663521732655695
DE,2020-03-14,2020,11,10,0.0,189.0,102.0,10.0,0.0,0.0,13.0,0,0.0,0.0,0.0,0.0,200.0,164.0,202.0,190.0,108.0,91.0,103.0,93.0,0.0,0.0,186.75,15.819292019556375
DE,2020-03-21,2020,12,11,0.0,221.0,117.0,17.0,0.0,0.0,19.0,0,0.0,0.0,0.0,0.0,189.0,200.0,194.0,190.0,102.0,108.0,100.0,97.0,0.0,0.0,193.5,23.727621035409342
DE,2020-03-28,2020,13,12,14.0,188.0,93.0,12.0,0.0,0.0,19.0,0,0.0,0.0,0.0,0.0,221.0,189.0,164.0,183.0,117.0,102.0,91.0,99.0,3.5,7.0,199.5,15.329709716755888
DE,2020-04-04,2020,14,13,14.0,214.0,125.0,20.0,0.0,0.0,25.0,0,14.0,0.0,0.0,0.0,188.0,221.0,200.0,191.0,93.0,117.0,108.0,102.0,7.0,8.082903768654761,203.0,16.990193249832874
DE,2020-04-11,2020,15,14,25.0,219.0,122.0,22.0,12.0,0.0,35.0,0,14.0,14.0,0.0,0.0,214.0,188.0,189.0,202.0,125.0,93.0,102.0,103.0,13.25,10.242883708539633,210.5,15.286159317064131
DE,2020-04-18,2020,16,15,43.0,229.0,120.0,30.0,19.0,0.0,54.0,0,25.0,14.0,0.0,0.0,219.0,214.0,221.0,194.0,122.0,125.0,117.0,100.0,24.0,13.686976778431871,212.5,17.483325389257804
DE,2020-04-25,2020,17,16,64.0,285.0,171.0,38.0,27.0,0.0,75.0,1,43.0,25.0,14.0,0.0,229.0,219.0,188.0,164.0,120.0,122.0,93.0,91.0,36.5,21.88606862823929,236.75,32.76558153510072
DE,2020-05-02,2020,18,17,76.0,251.0,159.0,39.0,31.0,0.0,84.0,1,64.0,43.0,14.0,0.0,285.0,229.0,214.0,200.0,171.0,120.0,125.0,108.0,52.0,22.58317958127243,246.0,29.234682599040934
DE,2020-05-09,2020,19,18,65.0,271.0,166.0,37.0,28.0,0.0,74.0,1,76.0,64.0,25.0,0.0,251.0,285.0,219.0,189.0,159.0,171.0,122.0,102.0,62.0,13.784048752090222,259.0,24.385788210895846
DE,2020-05-16,2020,20,19,81.0,276.0,167.0,30.0,22.0,0.0,89.0,1,65.0,76.0,43.0,0.0,271.0,251.0,229.0,221.0,166.0,159.0,120.0,117.0,71.5,8.346656017032613,270.75,14.384598244882158
DE,2020-05-23,2020,21,20,51.0,222.0,130.0,27.0,18.0,0.0,60.0,1,81.0,65.0,64.0,14.0,276.0,271.0,285.0,188.0,167.0,166.0,171.0,93.0,68.25,13.301002468485851,255.0,24.508501926202403
DE,2020-05-30,2020,22,21,51.0,226.0,138.0,27.0,17.0,0.0,61.0,1,51.0,81.0,76.0,14.0,222.0,276.0,251.0,214.0,130.0,167.0,159.0,125.0,62.0,14.282856857085703,248.75,28.698141635536846
DE,2020-06-06,2020,23,22,25.0,182.0,108.0,16.0,10.0,0.0,31.0,0,51.0,51.0,65.0,25.0,226.0,222.0,271.0,219.0,138.0,130.0,166.0,122.0,52.0,22.891046284519195,226.5,38.51839387444221
DE,2020-06-13,2020,24,23,22.0,200.0,124.0,13.0,0.0,0.0,26.0,0,25.0,51.0,81.0,43.0,182.0,226.0,276.0,229.0,108.0,138.0,167.0,120.0,37.25,15.92430008927656,207.5,20.485767417079277
DE,2020-06-20,2020,25,24,14.0,162.0,96.0,10.0,0.0,0.0,18.0,0,22.0,25.0,51.0,64.0,200.0,182.0,222.0,285.0,124.0,108.0,130.0,171.0,28.0,16.020819787597222,192.5,27.196813538844342
DE,2020-06-27,2020,26,25,10.0,201.0,117.0,16.0,0.0,0.0,20.0,0,14.0,22.0,51.0,76.0,162.0,200.0,226.0,251.0,96.0,124.0,138.0,159.0,17.75,6.946221994724906,186.25,18.373440976946412
DE,2020-07-04,2020,27,26,14.0,201.0,112.0,15.0,0.0,0.0,19.0,0,10.0,14.0,25.0,65.0,201.0,162.0,182.0,271.0,117.0,96.0,108.0,166.0,15.0,5.033222956847173,191.0,19.339079605813723
DE,2020-07-11,2020,28,27,14.0,194.0,117.0,12.0,0.0,0.0,16.0,0,14.0,10.0,22.0,81.0,201.0,201.0,200.0,276.0,112.0,117.0,124.0,167.0,13.0,2.000000000000016,189.5,18.627936010197164
DE,2020-07-18,2020,29,28,14.0,191.0,105.0,14.0,0.0,0.0,16.0,0,14.0,14.0,14.0,51.0,194.0,201.0,162.0,222.0,117.0,112.0,96.0,130.0,13.0,2.000000000000016,196.75,5.057996968497869
DE,2020-07-25,2020,30,29,10.0,201.0,123.0,15.0,0.0,0.0,13.0,0,14.0,14.0,10.0,51.0,191.0,194.0,201.0,226.0,105.0,117.0,117.0,138.0,13.0,2.000000000000016,196.75,5.057996968497869
DE,2020-08-01,2020,31,30,14.0,195.0,124.0,15.0,0.0,0.0,10.0,0,10.0,14.0,14.0,25.0,201.0,191.0,201.0,182.0,123.0,105.0,112.0,108.0,13.0,2.000000000000016,195.25,4.1932485418030785
DE,2020-08-08,2020,32,31,14.0,197.0,110.0,13.0,0.0,0.0,17.0,0,14.0,10.0,14.0,22.0,195.0,201.0,194.0,200.0,124.0,123.0,117.0,124.0,13.0,2.000000000000016,196.0,4.163331998932303
DE,2020-08-15,2020,33,32,14.0,189.0,112.0,10.0,0.0,0.0,13.0,0,14.0,14.0,14.0,14.0,197.0,195.0,191.0,162.0,110.0,124.0,105.0,96.0,13.0,2.000000000000016,195.5,5.000000000000031
DE,2020-08-22,2020,34,33,14.0,194.0,113.0,15.0,0.0,0.0,12.0,0,14.0,14.0,10.0,10.0,189.0,197.0,201.0,201.0,112.0,110.0,123.0,117.0,14.0,0.0,193.75,3.4034296427770663
DE,2020-08-29,2020,35,34,14.0,190.0,111.0,15.0,0.0,0.0,18.0,0,14.0,14.0,14.0,14.0,194.0,189.0,195.0,201.0,113.0,112.0,124.0,112.0,14.0,0.0,192.5,3.6968455021365143
DE,2020-09-05,2020,36,35,14.0,208.0,124.0,12.0,0.0,0.0,16.0,0,14.0,14.0,14.0,14.0,190.0,194.0,197.0,194.0,111.0,113.0,110.0,117.0,14.0,0.0,195.25,8.770214744615263
DE,2020-09-12,2020,37,36,14.0,198.0,118.0,12.0,0.0,0.0,17.0,0,14.0,14.0,14.0,14.0,208.0,190.0,189.0,191.0,124.0,111.0,112.0,105.0,14.0,0.0,197.5,7.7244201508376635
DE,2020-09-19,2020,38,37,14.0,161.0,98.0,15.0,0.0,0.0,11.0,0,14.0,14.0,14.0,10.0,198.0,208.0,194.0,201.0,118.0,124.0,113.0,123.0,14.0,0.0,189.25,20.221688027132327
DE,2020-09-26,2020,39,38,14.0,202.0,114.0,13.0,0.0,0.0,19.0,0,14.0,14.0,14.0,14.0,161.0,198.0,190.0,195.0,98.0,118.0,111.0,124.0,14.0,0.0,192.25,21.234798484249076
DE,2020-10-03,2020,40,39,13.0,202.0,118.0,14.0,0.0,0.0,21.0,0,14.0,14.0,14.0,14.0,202.0,161.0,208.0,197.0,114.0,98.0,124.0,110.0,13.75,0.5000000000000651,190.75,19.92276754536545
DE,2020-10-10,2020,41,40,12.0,203.0,114.0,14.0,0.0,0.0,20.0,0,13.0,14.0,14.0,14.0,202.0,202.0,198.0,189.0,118.0,114.0,118.0,112.0,13.25,0.957427107756372,192.0,20.67204231161821
DE,2020-10-17,2020,42,41,17.0,203.0,124.0,11.0,0.0,0.0,21.0,0,12.0,13.0,14.0,14.0,203.0,202.0,161.0,194.0,114.0,118.0,98.0,113.0,14.0,2.160246899469302,202.5,0.5773502691897365
DE,2020-10-24,2020,43,42,20.0,215.0,132.0,14.0,0.0,0.0,26.0,0,17.0,12.0,14.0,14.0,203.0,203.0,202.0,190.0,124.0,114.0,114.0,111.0,15.5,3.6968455021364814,205.75,6.184658438426504
DE,2020-10-31,2020,44,43,25.0,195.0,116.0,17.0,12.0,0.0,30.0,0,20.0,17.0,13.0,14.0,215.0,203.0,202.0,208.0,132.0,124.0,118.0,124.0,18.5,5.446711546122737,204.0,8.24621125123533
DE,2020-11-07,2020,45,44,16.0,199.0,114.0,13.0,0.0,0.0,21.0,0,25.0,20.0,12.0,14.0,195.0,215.0,203.0,198.0,116.0,132.0,114.0,118.0,19.5,4.0414518843273886,203.0,8.640987597877157
DE,2020-11-14,2020,46,45,18.0,172.0,87.0,15.0,10.0,0.0,23.0,0,16.0,25.0,17.0,14.0,199.0,195.0,203.0,161.0,114.0,116.0,124.0,98.0,19.75,3.8622100754188313,195.25,17.74589154330283
DE,2020-11-21,2020,47,46,24.0,232.0,127.0,16.0,10.0,0.0,30.0,0,18.0,16.0,20.0,14.0,172.0,199.0,215.0,202.0,87.0,114.0,132.0,114.0,20.75,4.425306015783925,199.5,24.718414188616553
DE,2020-11-28,2020,48,47,28.0,199.0,110.0,26.0,18.0,0.0,36.0,0,24.0,18.0,25.0,13.0,232.0,172.0,195.0,202.0,127.0,87.0,116.0,118.0,21.5,5.507570547286108,200.5,24.556058315617353
DE,2020-12-05,2020,49,48,42.0,231.0,123.0,36.0,19.0,0.0,59.0,0,28.0,24.0,16.0,12.0,199.0,232.0,199.0,203.0,110.0,127.0,114.0,114.0,28.0,10.198039027185573,208.5,28.75760768909681
DE,2020-12-12,2020,50,49,52.0,277.0,142.0,35.0,23.0,0.0,64.0,1,42.0,28.0,18.0,17.0,231.0,199.0,172.0,203.0,123.0,110.0,87.0,124.0,36.5,12.897028081435407,234.75,32.066337489647935
DE,2020-12-19,2020,51,50,69.0,281.0,145.0,39.0,28.0,0.0,80.0,1,52.0,42.0,24.0,20.0,277.0,231.0,232.0,215.0,142.0,123.0,127.0,132.0,47.75,17.250603854165032,247.0,39.22584182228174
DE,2020-12-26,2020,52,51,77.0,289.0,152.0,42.0,30.0,0.0,90.0,1,69.0,52.0,28.0,25.0,281.0,277.0,199.0,195.0,145.0,142.0,110.0,116.0,60.0,15.895492023421822,269.5,26.147020225384523
DE,2021-01-02,2021,53,52,71.0,285.0,150.0,34.0,28.0,0.0,77.0,1,77.0,69.0,42.0,16.0,289.0,281.0,231.0,199.0,152.0,145.0,123.0,114.0,67.25,10.719919153924005,283.0,5.163977794943306
DE,2021-01-09,2021,1,53,66.0,276.0,137.0,45.0,33.0,0.0,78.0,1,71.0,77.0,52.0,18.0,285.0,289.0,277.0,172.0,150.0,152.0,142.0,87.0,70.75,4.645786621588795,282.75,5.560275772537503
DE,2021-01-16,2021,2,54,79.0,288.0,145.0,50.0,42.0,0.0,87.0,1,66.0,71.0,69.0,24.0,276.0,285.0,281.0,232.0,137.0,150.0,145.0,127.0,73.25,5.909032633745288,284.5,5.916079783099692
DE,2021-01-23,2021,3,55,90.0,284.0,139.0,51.0,44.0,0.0,97.0,1,79.0,66.0,77.0,28.0,288.0,276.0,289.0,199.0,145.0,137.0,152.0,110.0,76.5,10.472185381603344,283.25,5.123475382979887
DE,2021-01-30,2021,4,56,65.0,265.0,135.0,48.0,37.0,0.0,76.0,1,90.0,79.0,71.0,42.0,284.0,288.0,285.0,231.0,139.0,145.0,150.0,123.0,75.0,11.860297916438135,278.25,10.144785195688849
DE,2021-02-06,2021,5,57,51.0,262.0,142.0,33.0,23.0,0.0,61.0,1,65.0,90.0,66.0,52.0,265.0,284.0,276.0,277.0,135.0,139.0,137.0,142.0,71.25,16.93861466196887,274.75,13.149778198382954
DE,2021-02-13,2021,6,58,51.0,234.0,125.0,34.0,23.0,0.0,62.0,1,51.0,65.0,79.0,69.0,262.0,265.0,288.0,281.0,142.0,135.0,145.0,145.0,64.25,18.391574157749524,261.25,20.61350689879496
DE,2021-02-20,2021,7,59,23.0,205.0,104.0,17.0,12.0,0.0,28.0,0,51.0,51.0,90.0,77.0,234.0,262.0,284.0,289.0,125.0,142.0,139.0,152.0,47.5,17.616280348965084,241.5,28.053520278211085
DE,2021-02-27,2021,8,60,26.0,214.0,111.0,25.0,18.0,0.0,33.0,0,23.0,51.0,65.0,71.0,205.0,234.0,265.0,285.0,104.0,125.0,135.0,150.0,37.75,15.348724159790397,228.75,25.263610193319572
DE,2021-03-06,2021,9,61,22.0,217.0,120.0,21.0,10.0,0.0,33.0,0,26.0,23.0,51.0,66.0,214.0,205.0,262.0,276.0,111.0,104.0,142.0,137.0,30.5,13.771952173409067,217.5,12.124355652982159
DE,2021-03-13,2021,10,62,24.0,204.0,110.0,21.0,14.0,0.0,31.0,0,22.0,26.0,51.0,79.0,217.0,214.0,234.0,288.0,120.0,111.0,125.0,145.0,23.75,1.7078251276599576,210.0,6.480740698407892
DE,2021-03-20,2021,11,63,12.0,228.0,123.0,14.0,0.0,0.0,21.0,0,24.0,22.0,23.0,90.0,204.0,217.0,205.0,284.0,110.0,120.0,104.0,139.0,21.0,6.218252702059217,215.75,9.87842767515832
DE,2021-03-27,2021,12,64,10.0,206.0,109.0,13.0,0.0,0.0,18.0,0,12.0,24.0,26.0,65.0,228.0,204.0,214.0,265.0,123.0,110.0,111.0,135.0,17.0,7.0237691685684975,213.75,11.086778913041748
DE,2021-04-03,2021,13,65,10.0,160.0,79.0,15.0,0.0,0.0,16.0,0,10.0,12.0,22.0,51.0,206.0,228.0,217.0,262.0,109.0,123.0,120.0,142.0,14.0,6.733003292241391,199.5,28.4897642437888
DE,2021-04-10,2021,14,66,19.0,191.0,112.0,15.0,0.0,0.0,30.0,0,10.0,10.0,24.0,51.0,160.0,206.0,204.0,234.0,79.0,109.0,110.0,125.0,12.75,4.272001872658774,196.25,28.546745290254492
DE,2021-04-17,2021,15,67,22.0,208.0,116.0,20.0,12.0,0.0,30.0,0,19.0,10.0,12.0,23.0,191.0,160.0,228.0,205.0,112.0,79.0,123.0,104.0,15.25,6.1846584384264975,191.25,22.17167863138318
DE,2021-04-24,2021,16,68,10.0,209.0,109.0,14.0,0.0,0.0,17.0,0,22.0,19.0,10.0,26.0,208.0,191.0,206.0,214.0,116.0,112.0,109.0,111.0,15.25,6.1846584384264975,192.0,22.876479915697992
DE,2021-05-01,2021,17,69,16.0,205.0,123.0,11.0,0.0,0.0,18.0,0,10.0,22.0,10.0,22.0,209.0,208.0,160.0,217.0,109.0,116.0,79.0,120.0,16.75,5.123475382979806,203.25,8.341662504161485
DE,2021-05-08,2021,18,70,12.0,192.0,122.0,11.0,0.0,0.0,17.0,0,16.0,10.0,19.0,24.0,205.0,209.0,191.0,204.0,123.0,109.0,112.0,110.0,15.0,5.2915026221291885,203.5,7.8528126595931855
DE,2021-05-15,2021,19,71,12.0,205.0,125.0,15.0,0.0,0.0,16.0,0,12.0,16.0,22.0,12.0,192.0,205.0,208.0,228.0,122.0,123.0,116.0,123.0,12.5,2.516611478423598,202.75,7.410578025138593
DE,2021-05-22,2021,20,72,14.0,215.0,130.0,12.0,0.0,0.0,15.0,0,12.0,12.0,10.0,10.0,205.0,192.0,209.0,206.0,125.0,122.0,109.0,109.0,13.5,1.9148542155126955,204.25,9.429563439877109
DE,2021-05-29,2021,21,73,14.0,200.0,117.0,15.0,0.0,0.0,19.0,0,14.0,12.0,16.0,10.0,215.0,205.0,205.0,160.0,130.0,125.0,123.0,79.0,13.0,1.1547005383792832,203.0,9.626352718795786
DE,2021-06-05,2021,22,74,14.0,173.0,105.0,15.0,0.0,0.0,13.0,0,14.0,14.0,12.0,19.0,200.0,215.0,192.0,191.0,117.0,130.0,122.0,112.0,13.5,1.0000000000000364,198.25,17.95132307101625
DE,2021-06-12,2021,23,75,14.0,192.0,114.0,13.0,0.0,0.0,15.0,0,14.0,14.0,12.0,22.0,173.0,200.0,205.0,208.0,105.0,117.0,125.0,116.0,14.0,0.0,195.0,17.49285568453591
DE,2021-06-19,2021,24,76,14.0,167.0,104.0,11.0,0.0,0.0,14.0,0,14.0,14.0,14.0,10.0,192.0,173.0,215.0,209.0,114.0,105.0,130.0,109.0,14.0,0.0,183.0,15.55634918610406
DE,2021-06-26,2021,25,77,14.0,207.0,123.0,15.0,0.0,0.0,18.0,0,14.0,14.0,14.0,16.0,167.0,192.0,200.0,205.0,104.0,114.0,117.0,123.0,14.0,0.0,184.75,18.264263832230792
DE,2021-07-03,2021,26,78,14.0,201.0,117.0,12.0,0.0,0.0,14.0,0,14.0,14.0,14.0,12.0,207.0,167.0,173.0,192.0,123.0,104.0,105.0,122.0,14.0,0.0,191.75,17.61391495380855
DE,2021-07-10,2021,27,79,14.0,174.0,97.0,15.0,0.0,0.0,18.0,0,14.0,14.0,14.0,12.0,201.0,207.0,192.0,205.0,117.0,123.0,114.0,125.0,14.0,0.0,187.25,19.704060495238043
DE,2021-07-17,2021,28,80,14.0,169.0,102.0,15.0,0.0,0.0,11.0,0,14.0,14.0,14.0,14.0,174.0,201.0,167.0,215.0,97.0,117.0,104.0,130.0,14.0,0.0,187.75,19.03286631067429
DE,2021-07-24,2021,29,81,14.0,180.0,99.0,17.0,0.0,0.0,19.0,0,14.0,14.0,14.0,14.0,169.0,174.0,207.0,200.0,102.0,97.0,123.0,117.0,14.0,0.0,181.0,14.071247279470304
DE,2021-07-31,2021,30,82,14.0,180.0,110.0,15.0,0.0,0.0,18.0,0,14.0,14.0,14.0,14.0,180.0,169.0,201.0,173.0,99.0,102.0,117.0,105.0,14.0,0.0,175.75,5.315072906367372
DE,2021-08-07,2021,31,83,14.0,189.0,120.0,15.0,0.0,0.0,13.0,0,14.0,14.0,14.0,14.0,180.0,180.0,174.0,192.0,110.0,99.0,97.0,114.0,14.0,0.0,179.5,8.185352771872479
DE,2021-08-14,2021,32,84,14.0,242.0,135.0,15.0,0.0,0.0,10.0,0,14.0,14.0,14.0,14.0,189.0,180.0,169.0,167.0,120.0,110.0,102.0,104.0,14.0,0.0,197.75,29.803523281652463
DE,2021-08-21,2021,33,85,19.0,218.0,130.0,19.0,12.0,0.0,26.0,0,14.0,14.0,14.0,14.0,242.0,189.0,180.0,207.0,135.0,120.0,99.0,123.0,15.25,2.5000000000000147,207.25,28.276904592499758
DE,2021-08-28,2021,34,86,18.0,202.0,117.0,22.0,13.0,0.0,27.0,0,19.0,14.0,14.0,14.0,218.0,242.0,180.0,201.0,130.0,135.0,110.0,117.0,16.25,2.6299556396765977,212.75,22.823598898216453
DE,2021-09-04,2021,35,87,20.0,200.0,117.0,22.0,15.0,0.0,27.0,0,18.0,19.0,14.0,14.0,202.0,218.0,189.0,174.0,117.0,130.0,120.0,97.0,17.75,2.6299556396765977,215.5,19.416487838947614
DE,2021-09-11,2021,36,88,26.0,219.0,131.0,23.0,17.0,0.0,32.0,0,20.0,18.0,14.0,14.0,200.0,202.0,242.0,169.0,117.0,117.0,135.0,102.0,20.75,3.5939764421413147,209.75,10.144785195688828
DE,2021-09-18,2021,37,89,39.0,211.0,126.0,42.0,35.0,0.0,46.0,0,26.0,20.0,19.0,14.0,219.0,200.0,218.0,180.0,131.0,117.0,130.0,99.0,25.75,9.46484724300046,208.0,8.755950357709162
DE,2021-09-25,2021,38,90,34.0,241.0,146.0,28.0,21.0,0.0,41.0,0,39.0,26.0,18.0,14.0,211.0,219.0,202.0,180.0,126.0,131.0,117.0,110.0,29.75,8.421203397773192,217.75,17.34694977990849
DE,2021-10-02,2021,39,91,29.0,217.0,123.0,30.0,19.0,0.0,40.0,0,34.0,39.0,20.0,14.0,241.0,211.0,200.0,189.0,146.0,126.0,117.0,120.0,32.0,5.715476066494089,222.0,13.114877048604024
DE,2021-10-09,2021,40,92,33.0,205.0,119.0,34.0,24.0,0.0,43.0,0,29.0,34.0,26.0,14.0,217.0,241.0,219.0,242.0,123.0,146.0,131.0,135.0,33.75,4.112987559751033,218.5,15.779733838059519
DE,2021-10-16,2021,41,93,24.0,233.0,131.0,23.0,13.0,0.0,34.0,0,33.0,29.0,39.0,19.0,205.0,217.0,211.0,218.0,119.0,123.0,126.0,130.0,30.0,4.5460605656619615,224.0,16.124515496597116
DE,2021-10-23,2021,42,94,34.0,252.0,153.0,26.0,21.0,0.0,39.0,0,24.0,33.0,34.0,18.0,233.0,205.0,241.0,202.0,131.0,119.0,146.0,117.0,30.0,4.5460605656619615,226.75,20.369503348551902
DE,2021-10-30,2021,43,95,17.0,240.0,147.0,21.0,13.0,0.0,25.0,0,34.0,24.0,29.0,20.0,252.0,233.0,217.0,200.0,153.0,131.0,123.0,117.0,27.0,8.041558721209885,232.5,19.94158134819471
DE,2021-11-06,2021,44,96,27.0,200.0,119.0,24.0,20.0,0.0,31.0,0,17.0,34.0,33.0,26.0,240.0,252.0,205.0,219.0,147.0,153.0,119.0,131.0,25.5,7.047458170621997,231.25,22.26170104312188
DE,2021-11-13,2021,45,97,17.0,241.0,138.0,20.0,11.0,0.0,26.0,0,27.0,17.0,24.0,39.0,200.0,240.0,233.0,211.0,119.0,147.0,131.0,126.0,23.75,8.301606270274853,233.25,22.823598898216453
DE,2021-11-20,2021,46,98,21.0,193.0,98.0,15.0,10.0,0.0,26.0,0,17.0,27.0,34.0,34.0,241.0,200.0,252.0,241.0,138.0,119.0,153.0,146.0,20.5,4.725815626252617,218.5,25.566905692059557
DE,2021-11-27,2021,47,99,24.0,234.0,128.0,25.0,14.0,0.0,35.0,0,21.0,17.0,17.0,29.0,193.0,241.0,240.0,217.0,98.0,138.0,147.0,123.0,22.25,4.272001872658775,217.0,24.01388487243718
DE,2021-12-04,2021,48,100,27.0,250.0,138.0,28.0,19.0,0.0,36.0,0,24.0,21.0,27.0,33.0,234.0,193.0,200.0,205.0,128.0,98.0,119.0,119.0,22.25,4.272001872658775,229.5,25.199206336708322
DE,2021-12-11,2021,49,101,27.0,232.0,124.0,35.0,17.0,0.0,45.0,0,27.0,24.0,17.0,24.0,250.0,234.0,241.0,233.0,138.0,128.0,138.0,131.0,24.75,2.872281323269028,227.25,24.21260002560652
DE,2021-12-18,2021,50,102,44.0,253.0,130.0,41.0,28.0,0.0,57.0,0,27.0,27.0,21.0,34.0,232.0,250.0,193.0,252.0,124.0,138.0,98.0,153.0,30.5,9.110433579144303,242.25,10.781929326423954
DE,2021-12-25,2021,51,103,31.0,240.0,124.0,30.0,21.0,0.0,40.0,0,44.0,27.0,24.0,17.0,253.0,232.0,234.0,240.0,130.0,124.0,128.0,147.0,32.25,8.057087976847885,243.75,9.60468635614932
FL,2020-02-29,2020,9,8,0.0,0.0,104.0,268.0,0.0,33.0,301.0,0,0.0,0.0,0.0,0.0,0.0,0.0,0.0,0.0,104.0,100.0,99.0,101.0,0.0,0.0,0.0,0.0
FL,2020-03-07,2020,10,9,113.5,0.0,107.0,268.0,64.0,29.0,298.0,0,0.0,0.0,0.0,0.0,0.0,0.0,0.0,0.0,104.0,104.0,100.0,100.0,28.375,56.75,0.0,0.0
FL,2020-03-14,2020,11,10,113.5,0.0,106.0,305.0,64.0,24.0,330.0,0,113.5,0.0,0.0,0.0,0.0,0.0,0.0,0.0,107.0,104.0,100.0,100.0,56.75,65.52925555302252,0.0,0.0
FL,2020-03-21,2020,12,11,17.0,0.0,103.0,365.0,64.0,23.0,396.0,0,113.5,113.5,0.0,0.0,0.0,0.0,0.0,0.0,106.0,107.0,104.0,102.0,61.0,61.017756978331036,0.0,0.0
FL,2020-03-28,2020,13,12,93.0,0.0,106.0,370.0,45.0,19.0,436.0,0,17.0,113.5,0.0,0.0,0.0,0.0,0.0,0.0,103.0,106.0,104.0,99.0,84.25,45.86302068842245,0.0,0.0
FL,2020-04-04,2020,14,13,219.0,0.0,108.0,485.0,143.0,16.0,575.0,0,93.0,17.0,113.5,0.0,0.0,0.0,0.0,0.0,106.0,103.0,107.0,100.0,110.625,83.32604134762833,0.0,0.0
FL,2020-04-11,2020,15,14,305.0,0.0,110.0,438.0,159.0,10.0,594.0,0,219.0,93.0,113.5,0.0,0.0,0.0,0.0,0.0,108.0,106.0,106.0,100.0,158.5,128.36796069632535,0.0,0.0
FL,2020-04-18,2020,16,15,311.0,0.0,110.0,442.0,156.0,21.0,601.0,0,305.0,219.0,17.0,0.0,0.0,0.0,0.0,0.0,110.0,108.0,103.0,104.0,232.0,101.75133086762715,0.0,0.0
FL,2020-04-25,2020,17,16,326.0,0.0,114.0,438.0,165.0,21.0,603.0,0,311.0,305.0,93.0,0.0,0.0,0.0,0.0,0.0,110.0,110.0,106.0,104.0,290.25,48.31407662369221,0.0,0.0
FL,2020-05-02,2020,18,17,308.0,0.0,110.0,420.0,170.0,21.0,560.0,0,326.0,311.0,219.0,113.5,0.0,0.0,0.0,0.0,114.0,110.0,108.0,107.0,312.5,9.327379053088945,0.0,0.0
FL,2020-05-09,2020,19,18,290.0,0.0,112.0,385.0,141.0,21.0,539.0,0,308.0,326.0,305.0,113.5,0.0,0.0,0.0,0.0,110.0,114.0,110.0,106.0,308.75,14.77328670269424,0.0,0.0
FL,2020-05-16,2020,20,19,257.0,0.0,110.0,373.0,132.0,0.0,498.0,0,290.0,308.0,311.0,17.0,0.0,0.0,0.0,0.0,112.0,110.0,110.0,103.0,295.25,29.432125305522916,0.0,0.0
FL,2020-05-23,2020,21,20,236.0,0.0,115.0,339.0,117.0,21.0,461.0,0,257.0,290.0,326.0,93.0,0.0,0.0,0.0,0.0,110.0,112.0,114.0,106.0,272.75,32.345787979271776,0.0,0.0
FL,2020-05-30,2020,22,21,230.0,0.0,108.0,333.0,112.0,21.0,452.0,0,236.0,257.0,308.0,219.0,0.0,0.0,0.0,0.0,115.0,110.0,110.0,108.0,253.25,27.0970478096785,0.0,0.0
FL,2020-06-06,2020,23,22,223.0,0.0,109.0,329.0,99.0,0.0,453.0,0,230.0,236.0,290.0,305.0,0.0,0.0,0.0,0.0,108.0,115.0,112.0,110.0,236.5,14.662878298615263,0.0,0.0
FL,2020-06-13,2020,24,23,193.0,0.0,113.0,313.0,101.0,21.0,405.0,0,223.0,230.0,257.0,311.0,0.0,0.0,0.0,0.0,109.0,108.0,110.0,110.0,220.5,19.087517736293936,0.0,0.0
FL,2020-06-20,2020,25,24,221.0,0.0,114.0,341.0,114.0,21.0,449.0,0,193.0,223.0,236.0,326.0,0.0,0.0,0.0,0.0,113.0,109.0,115.0,114.0,216.75,16.29672768789292,0.0,0.0
FL,2020-06-27,2020,26,25,324.0,0.0,119.0,387.0,178.0,0.0,533.0,0,221.0,193.0,230.0,308.0,0.0,0.0,0.0,0.0,114.0,113.0,108.0,110.0,240.25,57.48840462794796,0.0,0.0
FL,2020-07-04,2020,27,26,466.0,0.0,121.0,459.0,226.0,21.0,700.0,0,324.0,221.0,223.0,290.0,0.0,0.0,0.0,0.0,119.0,114.0,109.0,112.0,301.0,123.58263092630239,0.0,0.0
FL,2020-07-11,2020,28,27,785.0,0.0,136.0,599.0,369.0,21.0,372.0,1,466.0,324.0,193.0,257.0,0.0,0.0,0.0,0.0,121.0,119.0,113.0,110.0,449.0,245.48862838564776,0.0,0.0
FL,2020-07-18,2020,29,28,113.5,0.0,148.0,825.0,570.0,21.0,372.0,0,785.0,466.0,221.0,236.0,0.0,0.0,0.0,0.0,136.0,121.0,114.0,115.0,422.125,281.94632320118427,0.0,0.0
FL,2020-07-25,2020,30,29,113.5,0.0,154.0,936.0,729.0,21.0,372.0,0,113.5,785.0,324.0,230.0,0.0,0.0,0.0,0.0,148.0,136.0,119.0,108.0,369.5,323.0193492656438,0.0,0.0
FL,2020-08-01,2020,31,30,113.5,0.0,154.0,311.5,772.0,21.0,372.0,0,113.5,113.5,466.0,223.0,0.0,0.0,0.0,0.0,154.0,148.0,121.0,109.0,281.375,335.75,0.0,0.0
FL,2020-08-08,2020,32,31,113.5,0.0,149.0,311.5,835.0,21.0,372.0,0,113.5,113.5,785.0,193.0,0.0,0.0,0.0,0.0,154.0,154.0,136.0,113.0,113.5,0.0,0.0,0.0
FL,2020-08-15,2020,33,32,113.5,0.0,150.0,919.0,680.0,21.0,372.0,0,113.5,113.5,113.5,221.0,0.0,0.0,0.0,0.0,149.0,154.0,148.0,114.0,113.5,0.0,0.0,0.0
FL,2020-08-22,2020,34,33,960.0,0.0,141.0,836.0,573.0,21.0,372.0,1,113.5,113.5,113.5,324.0,0.0,0.0,0.0,0.0,150.0,149.0,154.0,119.0,325.125,423.25,0.0,0.0
FL,2020-08-29,2020,35,34,808.0,0.0,137.0,682.0,472.0,21.0,372.0,1,960.0,113.5,113.5,466.0,0.0,0.0,0.0,0.0,141.0,150.0,154.0,121.0,498.75,449.1555966477541,0.0,0.0
FL,2020-09-05,2020,36,35,658.0,0.0,127.0,621.0,389.0,21.0,892.0,1,808.0,960.0,113.5,785.0,0.0,0.0,0.0,0.0,137.0,141.0,149.0,136.0,634.875,368.8021996951754,0.0,0.0
FL,2020-09-12,2020,37,36,525.0,0.0,118.0,570.0,320.0,21.0,776.0,0,658.0,808.0,113.5,113.5,0.0,0.0,0.0,0.0,127.0,137.0,150.0,148.0,737.75,187.92972977507665,0.0,0.0
FL,2020-09-19,2020,38,37,436.0,0.0,122.0,487.0,273.0,0.0,650.0,0,525.0,658.0,960.0,113.5,0.0,0.0,0.0,0.0,118.0,127.0,141.0,154.0,606.75,162.24133258821564,0.0,0.0
FL,2020-09-26,2020,39,38,424.0,0.0,118.0,463.0,250.0,0.0,637.0,0,436.0,525.0,808.0,113.5,0.0,0.0,0.0,0.0,122.0,118.0,137.0,154.0,510.75,108.01041616436814,0.0,0.0
FL,2020-10-03,2020,40,39,321.0,0.0,113.0,390.0,179.0,21.0,533.0,0,424.0,436.0,658.0,113.5,0.0,0.0,0.0,0.0,118.0,122.0,127.0,149.0,426.5,83.52444751887516,0.0,0.0
FL,2020-10-10,2020,41,40,338.0,0.0,118.0,429.0,207.0,21.0,560.0,0,321.0,424.0,525.0,113.5,0.0,0.0,0.0,0.0,113.0,118.0,118.0,150.0,379.75,58.642277127228496,0.0,0.0
FL,2020-10-17,2020,42,41,332.0,0.0,117.0,428.0,198.0,0.0,562.0,0,338.0,321.0,436.0,960.0,0.0,0.0,0.0,0.0,118.0,113.0,122.0,141.0,353.75,47.35944115661276,0.0,0.0
FL,2020-10-24,2020,43,42,292.0,0.0,114.0,395.0,167.0,21.0,521.0,0,332.0,338.0,424.0,808.0,0.0,0.0,0.0,0.0,117.0,118.0,118.0,137.0,320.75,20.418537329266904,0.0,0.0
FL,2020-10-31,2020,44,43,309.0,0.0,110.0,402.0,177.0,0.0,534.0,0,292.0,332.0,321.0,658.0,0.0,0.0,0.0,0.0,114.0,117.0,113.0,127.0,317.75,21.23479848424906,0.0,0.0
FL,2020-11-07,2020,45,44,304.0,0.0,110.0,411.0,204.0,21.0,514.0,0,309.0,292.0,338.0,525.0,0.0,0.0,0.0,0.0,110.0,114.0,118.0,118.0,309.25,16.76056880498589,0.0,0.0
FL,2020-11-14,2020,46,45,402.0,0.0,112.0,493.0,275.0,21.0,622.0,0,304.0,309.0,332.0,436.0,0.0,0.0,0.0,0.0,110.0,110.0,117.0,122.0,326.75,50.67132654009892,0.0,0.0
FL,2020-11-21,2020,47,46,406.0,0.0,116.0,508.0,271.0,21.0,645.0,0,402.0,304.0,292.0,424.0,0.0,0.0,0.0,0.0,112.0,110.0,114.0,118.0,355.25,56.35231435649589,0.0,0.0
FL,2020-11-28,2020,48,47,499.0,0.0,116.0,578.0,332.0,21.0,745.0,0,406.0,402.0,309.0,321.0,0.0,0.0,0.0,0.0,116.0,112.0,110.0,113.0,402.75,79.63824458135676,0.0,0.0
FL,2020-12-05,2020,49,48,594.0,0.0,120.0,626.0,385.0,21.0,841.0,1,499.0,406.0,304.0,338.0,0.0,0.0,0.0,0.0,116.0,116.0,110.0,118.0,475.25,90.97023322677221,0.0,0.0
FL,2020-12-12,2020,50,49,584.0,0.0,120.0,651.0,394.0,21.0,844.0,1,594.0,499.0,402.0,332.0,0.0,0.0,0.0,0.0,120.0,116.0,112.0,117.0,520.75,87.57235103996388,0.0,0.0
FL,2020-12-19,2020,51,50,659.0,0.0,120.0,656.0,403.0,21.0,915.0,1,584.0,594.0,406.0,292.0,0.0,0.0,0.0,0.0,120.0,120.0,116.0,114.0,584.0,65.70134448142339,0.0,0.0
FL,2020-12-26,2020,52,51,784.0,0.0,121.0,774.0,530.0,21.0,372.0,1,659.0,584.0,499.0,309.0,0.0,0.0,0.0,0.0,120.0,120.0,116.0,110.0,655.25,92.04844738868039,0.0,0.0
FL,2021-01-02,2021,53,52,951.0,0.0,135.0,911.0,646.0,21.0,372.0,1,784.0,659.0,594.0,304.0,0.0,0.0,0.0,0.0,121.0,120.0,120.0,110.0,744.5,160.49195203083133,0.0,0.0
FL,2021-01-09,2021,1,53,113.5,0.0,128.0,997.0,733.0,21.0,372.0,0,951.0,784.0,584.0,402.0,0.0,0.0,0.0,0.0,135.0,121.0,120.0,112.0,626.875,362.55169171673526,0.0,0.0
FL,2021-01-16,2021,2,54,113.5,0.0,134.0,311.5,838.0,21.0,372.0,0,113.5,951.0,659.0,406.0,0.0,0.0,0.0,0.0,128.0,135.0,120.0,116.0,490.5,440.6285283546675,0.0,0.0
FL,2021-01-23,2021,3,55,113.5,0.0,129.0,311.5,796.0,21.0,372.0,0,113.5,113.5,784.0,499.0,0.0,0.0,0.0,0.0,134.0,128.0,121.0,116.0,322.875,418.75,0.0,0.0
FL,2021-01-30,2021,4,56,113.5,0.0,128.0,977.0,714.0,21.0,372.0,0,113.5,113.5,951.0,594.0,0.0,0.0,0.0,0.0,129.0,134.0,135.0,120.0,113.5,0.0,0.0,0.0
FL,2021-02-06,2021,5,57,113.5,0.0,125.0,989.0,711.0,21.0,372.0,0,113.5,113.5,113.5,584.0,0.0,0.0,0.0,0.0,128.0,129.0,128.0,120.0,113.5,0.0,0.0,0.0
FL,2021-02-13,2021,6,58,883.0,0.0,125.0,848.0,591.0,0.0,372.0,1,113.5,113.5,113.5,659.0,0.0,0.0,0.0,0.0,125.0,128.0,134.0,120.0,305.875,384.75,0.0,0.0
FL,2021-02-20,2021,7,59,735.0,0.0,117.0,728.0,498.0,21.0,967.0,1,883.0,113.5,113.5,784.0,0.0,0.0,0.0,0.0,125.0,125.0,129.0,121.0,461.25,406.06742051043693,0.0,0.0
FL,2021-02-27,2021,8,60,607.0,0.0,115.0,648.0,403.0,21.0,854.0,1,735.0,883.0,113.5,951.0,0.0,0.0,0.0,0.0,117.0,125.0,128.0,135.0,584.625,333.716290432457,0.0,0.0
FL,2021-03-06,2021,9,61,526.0,0.0,114.0,596.0,345.0,21.0,778.0,0,607.0,735.0,113.5,113.5,0.0,0.0,0.0,0.0,115.0,117.0,125.0,128.0,687.75,156.03284910556496,0.0,0.0
FL,2021-03-13,2021,10,62,441.0,0.0,110.0,527.0,304.0,0.0,664.0,0,526.0,607.0,883.0,113.5,0.0,0.0,0.0,0.0,114.0,115.0,125.0,134.0,577.25,125.11428109266078,0.0,0.0
FL,2021-03-20,2021,11,63,396.0,0.0,109.0,501.0,274.0,21.0,624.0,0,441.0,526.0,735.0,113.5,0.0,0.0,0.0,0.0,110.0,114.0,117.0,129.0,492.5,93.44695464986181,0.0,0.0
FL,2021-03-27,2021,12,64,350.0,0.0,111.0,489.0,247.0,21.0,593.0,0,396.0,441.0,607.0,113.5,0.0,0.0,0.0,0.0,109.0,110.0,115.0,128.0,428.25,75.01277668948578,0.0,0.0
FL,2021-04-03,2021,13,65,364.0,0.0,106.0,457.0,251.0,21.0,572.0,0,350.0,396.0,526.0,113.5,0.0,0.0,0.0,0.0,111.0,109.0,114.0,125.0,387.75,40.38460927960877,0.0,0.0
FL,2021-04-10,2021,14,66,309.0,0.0,113.0,456.0,208.0,21.0,558.0,0,364.0,350.0,441.0,883.0,0.0,0.0,0.0,0.0,106.0,111.0,110.0,125.0,354.75,36.068222394050174,0.0,0.0
FL,2021-04-17,2021,15,67,347.0,0.0,112.0,449.0,218.0,21.0,578.0,0,309.0,364.0,396.0,735.0,0.0,0.0,0.0,0.0,113.0,106.0,109.0,117.0,342.5,23.530122538284044,0.0,0.0
FL,2021-04-24,2021,16,68,390.0,0.0,118.0,499.0,276.0,21.0,615.0,0,347.0,309.0,350.0,607.0,0.0,0.0,0.0,0.0,112.0,113.0,111.0,115.0,352.5,33.96566894183983,0.0,0.0
FL,2021-05-01,2021,17,69,345.0,0.0,112.0,438.0,233.0,0.0,550.0,0,390.0,347.0,364.0,526.0,0.0,0.0,0.0,0.0,118.0,112.0,106.0,114.0,347.75,33.139855159611,0.0,0.0
FL,2021-05-08,2021,18,70,353.0,0.0,116.0,480.0,253.0,21.0,581.0,0,345.0,390.0,309.0,441.0,0.0,0.0,0.0,0.0,112.0,118.0,113.0,110.0,358.75,21.108844907605185,0.0,0.0
FL,2021-05-15,2021,19,71,326.0,0.0,115.0,410.0,224.0,21.0,513.0,0,353.0,345.0,347.0,396.0,0.0,0.0,0.0,0.0,116.0,112.0,112.0,109.0,353.5,26.83902631120081,0.0,0.0
FL,2021-05-22,2021,20,72,286.0,0.0,117.0,421.0,206.0,21.0,502.0,0,326.0,353.0,390.0,350.0,0.0,0.0,0.0,0.0,115.0,116.0,118.0,111.0,327.5,29.89425808858053,0.0,0.0
FL,2021-05-29,2021,21,73,243.0,0.0,119.0,359.0,170.0,21.0,433.0,0,286.0,326.0,345.0,364.0,0.0,0.0,0.0,0.0,117.0,115.0,112.0,106.0,302.0,48.0069439421701,0.0,0.0
FL,2021-06-05,2021,22,74,266.0,0.0,112.0,376.0,189.0,0.0,453.0,0,243.0,286.0,353.0,309.0,0.0,0.0,0.0,0.0,119.0,117.0,116.0,113.0,280.25,35.198248062462746,0.0,0.0
FL,2021-06-12,2021,23,75,196.0,0.0,113.0,359.0,132.0,0.0,423.0,0,266.0,243.0,326.0,347.0,0.0,0.0,0.0,0.0,112.0,119.0,115.0,112.0,247.75,38.715845162758136,0.0,0.0
FL,2021-06-19,2021,24,76,183.0,0.0,117.0,341.0,121.0,21.0,404.0,0,196.0,266.0,286.0,390.0,0.0,0.0,0.0,0.0,113.0,112.0,117.0,118.0,222.0,39.046980250291604,0.0,0.0
FL,2021-06-26,2021,25,77,161.0,0.0,116.0,317.0,104.0,0.0,374.0,0,183.0,196.0,243.0,345.0,0.0,0.0,0.0,0.0,117.0,113.0,119.0,112.0,201.5,45.36151085079357,0.0,0.0
FL,2021-07-03,2021,26,78,187.0,0.0,116.0,357.0,123.0,0.0,421.0,0,161.0,183.0,266.0,353.0,0.0,0.0,0.0,0.0,116.0,117.0,112.0,116.0,181.75,14.86326567974423,0.0,0.0
FL,2021-07-10,2021,27,79,223.0,0.0,115.0,382.0,147.0,21.0,458.0,0,187.0,161.0,196.0,326.0,0.0,0.0,0.0,0.0,116.0,116.0,113.0,115.0,188.5,25.683976846794245,0.0,0.0
FL,2021-07-17,2021,28,80,304.0,0.0,120.0,440.0,202.0,21.0,543.0,0,223.0,187.0,183.0,286.0,0.0,0.0,0.0,0.0,115.0,116.0,117.0,117.0,218.75,62.259537421988576,0.0,0.0
FL,2021-07-24,2021,29,81,485.0,0.0,131.0,551.0,305.0,21.0,731.0,0,304.0,223.0,161.0,243.0,0.0,0.0,0.0,0.0,120.0,115.0,116.0,119.0,299.75,132.83918849496183,0.0,0.0
FL,2021-07-31,2021,30,82,900.0,0.0,143.0,867.0,606.0,21.0,372.0,1,485.0,304.0,187.0,266.0,0.0,0.0,0.0,0.0,131.0,120.0,116.0,112.0,478.0,301.9017500225308,0.0,0.0
FL,2021-08-07,2021,31,83,113.5,0.0,159.0,311.5,64.0,21.0,372.0,0,900.0,485.0,223.0,196.0,0.0,0.0,0.0,0.0,143.0,131.0,115.0,113.0,450.625,335.7934322863785,0.0,0.0
FL,2021-08-14,2021,32,84,113.5,0.0,177.0,311.5,64.0,21.0,372.0,0,113.5,900.0,304.0,183.0,0.0,0.0,0.0,0.0,159.0,143.0,120.0,117.0,403.0,374.76815054999895,0.0,0.0
FL,2021-08-21,2021,33,85,113.5,0.0,195.0,311.5,64.0,21.0,372.0,0,113.5,113.5,485.0,161.0,0.0,0.0,0.0,0.0,177.0,159.0,131.0,116.0,310.125,393.25,0.0,0.0
FL,2021-08-28,2021,34,86,113.5,0.0,200.0,311.5,64.0,0.0,372.0,0,113.5,113.5,900.0,187.0,0.0,0.0,0.0,0.0,195.0,177.0,143.0,116.0,113.5,0.0,0.0,0.0
FL,2021-09-04,2021,35,87,113.5,0.0,196.0,311.5,64.0,21.0,372.0,0,113.5,113.5,113.5,223.0,0.0,0.0,0.0,0.0,200.0,195.0,159.0,115.0,113.5,0.0,0.0,0.0
FL,2021-09-11,2021,36,88,113.5,0.0,182.0,311.5,64.0,21.0,372.0,0,113.5,113.5,113.5,304.0,0.0,0.0,0.0,0.0,196.0,200.0,177.0,120.0,113.5,0.0,0.0,0.0
FL,2021-09-18,2021,37,89,113.5,0.0,164.0,311.5,64.0,21.0,372.0,0,113.5,113.5,113.5,485.0,0.0,0.0,0.0,0.0,182.0,196.0,195.0,131.0,113.5,0.0,0.0,0.0
FL,2021-09-25,2021,38,90,113.5,0.0,153.0,311.5,64.0,21.0,372.0,0,113.5,113.5,113.5,900.0,0.0,0.0,0.0,0.0,164.0,182.0,200.0,143.0,113.5,0.0,0.0,0.0
FL,2021-10-02,2021,39,91,113.5,0.0,145.0,311.5,820.0,0.0,372.0,0,113.5,113.5,113.5,113.5,0.0,0.0,0.0,0.0,153.0,164.0,196.0,159.0,113.5,0.0,0.0,0.0
FL,2021-10-09,2021,40,92,851.0,0.0,133.0,820.0,597.0,21.0,372.0,1,113.5,113.5,113.5,113.5,0.0,0.0,0.0,0.0,145.0,153.0,182.0,177.0,297.875,368.75,0.0,0.0
FL,2021-10-16,2021,41,93,630.0,0.0,129.0,699.0,443.0,21.0,886.0,1,851.0,113.5,113.5,113.5,0.0,0.0,0.0,0.0,133.0,145.0,164.0,195.0,427.0,373.0726024069131,0.0,0.0
FL,2021-10-23,2021,42,94,489.0,0.0,123.0,536.0,308.0,21.0,718.0,0,630.0,851.0,113.5,113.5,0.0,0.0,0.0,0.0,129.0,133.0,153.0,200.0,520.875,309.76398946079365,0.0,0.0
FL,2021-10-30,2021,43,95,344.0,0.0,120.0,495.0,221.0,0.0,618.0,0,489.0,630.0,113.5,113.5,0.0,0.0,0.0,0.0,123.0,129.0,145.0,196.0,578.5,215.95447051018263,0.0,0.0
FL,2021-11-06,2021,44,96,293.0,0.0,117.0,449.0,197.0,0.0,545.0,0,344.0,489.0,851.0,113.5,0.0,0.0,0.0,0.0,120.0,123.0,133.0,182.0,439.0,152.01096451681812,0.0,0.0
FL,2021-11-13,2021,45,97,230.0,0.0,117.0,380.0,153.0,21.0,458.0,0,293.0,344.0,630.0,113.5,0.0,0.0,0.0,0.0,117.0,120.0,129.0,164.0,339.0,110.33585092797355,0.0,0.0
FL,2021-11-20,2021,46,98,185.0,0.0,115.0,331.0,122.0,21.0,395.0,0,230.0,293.0,489.0,113.5,0.0,0.0,0.0,0.0,117.0,117.0,123.0,153.0,263.0,69.84268036093691,0.0,0.0
FL,2021-11-27,2021,47,99,156.0,0.0,110.0,312.0,96.0,0.0,372.0,0,185.0,230.0,344.0,113.5,0.0,0.0,0.0,0.0,115.0,117.0,120.0,145.0,216.0,59.68249324550711,0.0,0.0
FL,2021-12-04,2021,48,100,169.0,0.0,116.0,342.0,105.0,21.0,413.0,0,156.0,185.0,293.0,851.0,0.0,0.0,0.0,0.0,110.0,115.0,117.0,133.0,185.0,32.2593655651606,0.0,0.0
FL,2021-12-11,2021,49,101,170.0,0.0,113.0,387.0,116.0,21.0,444.0,0,169.0,156.0,230.0,630.0,0.0,0.0,0.0,0.0,116.0,110.0,117.0,129.0,170.0,11.860297916438245,0.0,0.0
FL,2021-12-18,2021,50,102,158.0,0.0,107.0,327.0,93.0,21.0,395.0,0,170.0,169.0,185.0,489.0,0.0,0.0,0.0,0.0,113.0,116.0,115.0,123.0,163.25,7.274384280931919,0.0,0.0
FL,2021-12-25,2021,51,103,191.0,0.0,110.0,352.0,110.0,21.0,437.0,0,158.0,170.0,156.0,344.0,0.0,0.0,0.0,0.0,107.0,113.0,110.0,120.0,172.0,13.784048752090325,0.0,0.0
GA,2020-02-29,2020,9,8,0.0,685.0,113.0,90.0,0.0,0.0,99.0,0,0.0,51.0,0.0,0.0,685.0,685.0,685.0,685.0,104.0,102.0,101.0,97.0,12.75,25.5,685.0,0.0
GA,2020-03-07,2020,10,9,51.0,685.0,104.0,87.0,36.5,0.0,99.0,0,0.0,0.0,0.0,0.0,685.0,685.0,685.0,685.0,113.0,104.0,100.0,97.0,25.5,29.444863728670914,685.0,0.0
GA,2020-03-14,2020,11,10,51.0,685.0,105.0,105.0,36.5,0.0,110.0,0,51.0,0.0,51.0,0.0,685.0,685.0,685.0,685.0,104.0,113.0,102.0,95.0,25.5,29.444863728670914,685.0,0.0
GA,2020-03-21,2020,12,11,43.0,685.0,106.0,134.0,20.0,0.0,164.0,0,51.0,51.0,0.0,0.0,685.0,685.0,685.0,685.0,105.0,104.0,104.0,103.0,36.25,24.45914961727002,685.0,0.0
GA,2020-03-28,2020,13,12,98.0,685.0,110.0,159.0,44.0,0.0,219.0,0,43.0,51.0,0.0,0.0,685.0,685.0,685.0,685.0,106.0,105.0,113.0,101.0,60.75,25.11805459558257,685.0,0.0
GA,2020-04-04,2020,14,13,221.0,685.0,125.0,235.0,108.0,0.0,352.0,0,98.0,43.0,51.0,0.0,685.0,685.0,685.0,685.0,110.0,106.0,104.0,100.0,103.25,82.16396209206727,685.0,0.0
GA,2020-04-11,2020,15,14,218.0,685.0,126.0,226.0,99.0,0.0,350.0,0,221.0,98.0,51.0,51.0,685.0,685.0,685.0,685.0,125.0,110.0,105.0,102.0,145.0,88.91569040388767,685.0,0.0
GA,2020-04-18,2020,16,15,269.0,685.0,124.0,213.0,113.0,0.0,372.0,0,218.0,221.0,43.0,0.0,685.0,685.0,685.0,685.0,126.0,125.0,106.0,104.0,201.5,72.84915922644544,685.0,0.0
GA,2020-04-25,2020,17,16,260.0,685.0,123.0,220.0,118.0,0.0,363.0,0,269.0,218.0,98.0,0.0,685.0,685.0,685.0,685.0,124.0,126.0,110.0,113.0,242.0,26.267851073127396,685.0,0.0
GA,2020-05-02,2020,18,17,275.0,685.0,120.0,206.0,132.0,0.0,350.0,0,260.0,269.0,221.0,51.0,685.0,685.0,685.0,685.0,123.0,124.0,125.0,104.0,255.5,25.748786379167466,685.0,0.0
GA,2020-05-09,2020,19,18,211.0,685.0,125.0,188.0,93.0,0.0,308.0,0,275.0,260.0,218.0,51.0,685.0,685.0,685.0,685.0,120.0,123.0,126.0,105.0,253.75,29.159046623646667,685.0,0.0
GA,2020-05-16,2020,20,19,198.0,685.0,125.0,156.0,96.0,0.0,259.0,0,211.0,275.0,269.0,43.0,685.0,685.0,685.0,685.0,125.0,120.0,124.0,106.0,236.0,37.26481808175999,685.0,0.0
GA,2020-05-23,2020,21,20,156.0,685.0,124.0,149.0,72.0,0.0,233.0,0,198.0,211.0,260.0,98.0,685.0,685.0,685.0,685.0,125.0,125.0,123.0,110.0,210.0,49.28150430604434,685.0,0.0
GA,2020-05-30,2020,22,21,145.0,685.0,113.0,116.0,47.0,0.0,214.0,0,156.0,198.0,275.0,221.0,685.0,685.0,685.0,685.0,124.0,125.0,120.0,125.0,177.5,31.942656954820357,685.0,0.0
GA,2020-06-06,2020,23,22,123.0,685.0,114.0,139.0,54.0,0.0,209.0,0,145.0,156.0,211.0,218.0,685.0,685.0,685.0,685.0,113.0,124.0,125.0,126.0,155.5,31.48015247739439,685.0,0.0
GA,2020-06-13,2020,24,23,119.0,685.0,114.0,135.0,57.0,0.0,197.0,0,123.0,145.0,198.0,269.0,685.0,685.0,685.0,685.0,114.0,113.0,125.0,124.0,135.75,17.6894507169292,685.0,0.0
GA,2020-06-20,2020,25,24,96.0,685.0,114.0,111.0,31.0,0.0,176.0,0,119.0,123.0,156.0,260.0,685.0,685.0,685.0,685.0,114.0,114.0,124.0,123.0,120.75,20.07278422807028,685.0,0.0
GA,2020-06-27,2020,26,25,129.0,685.0,120.0,124.0,50.0,0.0,203.0,0,96.0,119.0,145.0,275.0,685.0,685.0,685.0,685.0,114.0,114.0,113.0,120.0,116.75,14.430869689661824,685.0,0.0
GA,2020-07-04,2020,27,26,151.0,685.0,124.0,115.0,54.0,0.0,212.0,0,129.0,96.0,123.0,211.0,685.0,685.0,685.0,685.0,120.0,114.0,114.0,125.0,123.75,22.823598898216446,685.0,0.0
GA,2020-07-11,2020,28,27,226.0,685.0,130.0,166.0,97.0,0.0,295.0,0,151.0,129.0,119.0,198.0,685.0,685.0,685.0,685.0,124.0,120.0,114.0,125.0,150.5,55.175477644813675,685.0,0.0
GA,2020-07-18,2020,29,28,300.0,685.0,140.0,211.0,135.0,0.0,376.0,0,226.0,151.0,96.0,156.0,685.0,685.0,685.0,685.0,130.0,124.0,114.0,124.0,201.5,77.69384359994899,685.0,0.0
GA,2020-07-25,2020,30,29,377.0,685.0,140.0,257.0,173.0,0.0,461.0,0,300.0,226.0,129.0,145.0,685.0,685.0,685.0,685.0,140.0,130.0,120.0,113.0,263.5,97.08587264204134,685.0,0.0
GA,2020-08-01,2020,31,30,420.0,685.0,142.0,260.0,189.0,0.0,491.0,0,377.0,300.0,151.0,123.0,685.0,685.0,685.0,685.0,140.0,140.0,124.0,114.0,330.75,85.6791495444876,685.0,0.0
GA,2020-08-08,2020,32,31,474.0,685.0,143.0,294.0,220.0,0.0,548.0,0,420.0,377.0,226.0,119.0,685.0,685.0,685.0,685.0,142.0,140.0,130.0,114.0,392.75,73.47278407682671,685.0,0.0
GA,2020-08-15,2020,33,32,427.0,685.0,141.0,306.0,211.0,0.0,522.0,0,474.0,420.0,300.0,96.0,685.0,685.0,685.0,685.0,143.0,142.0,140.0,114.0,424.5,39.71985229915473,685.0,0.0
GA,2020-08-22,2020,34,33,415.0,685.0,146.0,293.0,210.0,0.0,500.0,0,427.0,474.0,377.0,129.0,685.0,685.0,685.0,685.0,141.0,143.0,140.0,120.0,434.0,27.117030319217,685.0,0.0
GA,2020-08-29,2020,35,34,347.0,685.0,138.0,267.0,175.0,0.0,439.0,0,415.0,427.0,420.0,151.0,685.0,685.0,685.0,685.0,146.0,141.0,142.0,124.0,415.75,52.43011221298947,685.0,0.0
GA,2020-09-05,2020,36,35,261.0,685.0,135.0,222.0,138.0,0.0,345.0,0,347.0,415.0,474.0,226.0,685.0,685.0,685.0,685.0,138.0,146.0,143.0,130.0,362.5,76.28673978265599,685.0,0.0
GA,2020-09-12,2020,37,36,262.0,685.0,132.0,213.0,136.0,0.0,340.0,0,261.0,347.0,427.0,300.0,685.0,685.0,685.0,685.0,135.0,138.0,141.0,140.0,321.25,74.37013289396938,685.0,0.0
GA,2020-09-19,2020,38,37,226.0,685.0,125.0,207.0,121.0,0.0,312.0,0,262.0,261.0,415.0,377.0,685.0,685.0,685.0,685.0,132.0,135.0,146.0,140.0,274.0,51.46519859736934,685.0,0.0
GA,2020-09-26,2020,39,38,220.0,685.0,128.0,185.0,108.0,0.0,297.0,0,226.0,262.0,347.0,420.0,685.0,685.0,685.0,685.0,125.0,132.0,138.0,142.0,242.25,22.366269246345034,685.0,0.0
GA,2020-10-03,2020,40,39,167.0,685.0,122.0,150.0,82.0,0.0,235.0,0,220.0,226.0,261.0,474.0,685.0,685.0,685.0,685.0,128.0,125.0,135.0,143.0,218.75,39.16950344336777,685.0,0.0
GA,2020-10-10,2020,41,40,167.0,685.0,121.0,146.0,84.0,0.0,229.0,0,167.0,220.0,262.0,427.0,685.0,685.0,685.0,685.0,122.0,128.0,132.0,141.0,195.0,32.424270744819125,685.0,0.0
GA,2020-10-17,2020,42,41,155.0,685.0,121.0,177.0,88.0,0.0,244.0,0,167.0,167.0,226.0,415.0,685.0,685.0,685.0,685.0,121.0,122.0,125.0,146.0,177.25,29.05598045153527,685.0,0.0
GA,2020-10-24,2020,43,42,174.0,685.0,124.0,151.0,83.0,0.0,242.0,0,155.0,167.0,220.0,347.0,685.0,685.0,685.0,685.0,121.0,121.0,128.0,138.0,165.75,7.889866919029731,685.0,0.0
GA,2020-10-31,2020,44,43,205.0,685.0,119.0,191.0,110.0,0.0,286.0,0,174.0,155.0,167.0,261.0,685.0,685.0,685.0,685.0,124.0,121.0,122.0,135.0,175.25,21.328775554791378,685.0,0.0
GA,2020-11-07,2020,45,44,216.0,685.0,124.0,181.0,115.0,0.0,282.0,0,205.0,174.0,167.0,262.0,685.0,685.0,685.0,685.0,119.0,124.0,121.0,132.0,187.5,28.0297461042134,685.0,0.0
GA,2020-11-14,2020,46,45,233.0,685.0,125.0,195.0,123.0,0.0,306.0,0,216.0,205.0,155.0,226.0,685.0,685.0,685.0,685.0,124.0,119.0,121.0,125.0,207.0,24.83277404291889,685.0,0.0
GA,2020-11-21,2020,47,46,221.0,685.0,116.0,202.0,132.0,0.0,291.0,0,233.0,216.0,174.0,220.0,685.0,685.0,685.0,685.0,125.0,124.0,124.0,128.0,218.75,11.615363389350598,685.0,0.0
GA,2020-11-28,2020,48,47,252.0,685.0,123.0,202.0,131.0,0.0,324.0,0,221.0,233.0,205.0,167.0,685.0,685.0,685.0,685.0,116.0,125.0,119.0,122.0,230.5,16.01041327803042,685.0,0.0
GA,2020-12-05,2020,49,48,295.0,685.0,128.0,230.0,152.0,0.0,373.0,0,252.0,221.0,216.0,167.0,685.0,685.0,685.0,685.0,123.0,116.0,124.0,121.0,250.25,32.44867742553871,685.0,0.0
GA,2020-12-12,2020,50,49,343.0,685.0,130.0,273.0,182.0,0.0,434.0,0,295.0,252.0,233.0,155.0,685.0,685.0,685.0,685.0,128.0,123.0,125.0,121.0,277.75,53.036936814513204,685.0,0.0
GA,2020-12-19,2020,51,50,386.0,685.0,138.0,301.0,207.0,0.0,481.0,0,343.0,295.0,221.0,174.0,685.0,685.0,685.0,685.0,130.0,128.0,116.0,124.0,319.0,58.10909280540064,685.0,0.0
GA,2020-12-26,2020,52,51,497.0,685.0,137.0,373.0,273.0,0.0,598.0,0,386.0,343.0,252.0,205.0,685.0,685.0,685.0,685.0,138.0,130.0,123.0,119.0,380.25,86.25301927082513,685.0,0.0
GA,2021-01-02,2021,53,52,687.0,685.0,157.0,478.0,380.0,0.0,786.0,1,497.0,386.0,295.0,216.0,685.0,685.0,685.0,685.0,137.0,138.0,128.0,124.0,478.25,153.54776672640557,685.0,0.0
GA,2021-01-09,2021,1,53,839.0,685.0,155.0,593.0,500.0,0.0,932.0,1,687.0,497.0,343.0,233.0,685.0,685.0,685.0,685.0,157.0,137.0,130.0,125.0,602.25,200.89362856994742,685.0,0.0
GA,2021-01-16,2021,2,54,992.0,685.0,167.0,649.0,557.0,0.0,130.0,1,839.0,687.0,386.0,221.0,685.0,685.0,685.0,685.0,155.0,157.0,138.0,116.0,753.75,211.6654199438349,685.0,0.0
GA,2021-01-23,2021,3,55,931.0,685.0,161.0,614.0,526.0,0.0,130.0,1,992.0,839.0,497.0,252.0,685.0,685.0,685.0,685.0,167.0,155.0,137.0,123.0,862.25,132.68352070497167,685.0,0.0
GA,2021-01-30,2021,4,56,885.0,685.0,156.0,586.0,490.0,0.0,981.0,1,931.0,992.0,687.0,295.0,685.0,685.0,685.0,685.0,161.0,167.0,157.0,128.0,911.75,65.36755056346111,685.0,0.0
GA,2021-02-06,2021,5,57,724.0,685.0,152.0,473.0,402.0,0.0,795.0,1,885.0,931.0,839.0,343.0,685.0,685.0,685.0,685.0,156.0,161.0,155.0,130.0,883.0,114.70251377658052,685.0,0.0
GA,2021-02-13,2021,6,58,486.0,685.0,135.0,356.0,279.0,0.0,564.0,0,724.0,885.0,992.0,386.0,685.0,685.0,685.0,685.0,152.0,156.0,167.0,138.0,756.5,200.98839104120742,685.0,0.0
GA,2021-02-20,2021,7,59,410.0,685.0,132.0,322.0,233.0,0.0,499.0,0,486.0,724.0,931.0,497.0,685.0,685.0,685.0,685.0,135.0,152.0,161.0,137.0,626.25,218.28173690592314,685.0,0.0
GA,2021-02-27,2021,8,60,318.0,685.0,125.0,269.0,168.0,0.0,421.0,0,410.0,486.0,885.0,687.0,685.0,685.0,685.0,685.0,132.0,135.0,156.0,157.0,484.5,173.81503578996453,685.0,0.0
GA,2021-03-06,2021,9,61,258.0,685.0,118.0,204.0,149.0,0.0,313.0,0,318.0,410.0,724.0,839.0,685.0,685.0,685.0,685.0,125.0,132.0,152.0,155.0,368.0,100.47885349664368,685.0,0.0
GA,2021-03-13,2021,10,62,186.0,685.0,119.0,185.0,108.0,0.0,263.0,0,258.0,318.0,486.0,992.0,685.0,685.0,685.0,685.0,118.0,125.0,135.0,167.0,293.0,94.84724561103492,685.0,0.0
GA,2021-03-20,2021,11,63,173.0,685.0,113.0,182.0,103.0,0.0,252.0,0,186.0,258.0,410.0,931.0,685.0,685.0,685.0,685.0,119.0,118.0,132.0,161.0,233.75,67.4703638644404,685.0,0.0
GA,2021-03-27,2021,12,64,120.0,685.0,112.0,140.0,62.0,0.0,198.0,0,173.0,186.0,318.0,885.0,685.0,685.0,685.0,685.0,113.0,119.0,125.0,156.0,184.25,56.85288031401737,685.0,0.0
GA,2021-04-03,2021,13,65,138.0,685.0,103.0,140.0,64.0,0.0,214.0,0,120.0,173.0,258.0,724.0,685.0,685.0,685.0,685.0,112.0,113.0,118.0,152.0,154.25,30.53276928154378,685.0,0.0
GA,2021-04-10,2021,14,66,124.0,685.0,120.0,157.0,68.0,0.0,213.0,0,138.0,120.0,186.0,486.0,685.0,685.0,685.0,685.0,103.0,112.0,119.0,135.0,138.75,24.102212899786814,685.0,0.0
GA,2021-04-17,2021,15,67,123.0,685.0,116.0,126.0,61.0,0.0,188.0,0,124.0,138.0,173.0,410.0,685.0,685.0,685.0,685.0,120.0,103.0,113.0,132.0,126.25,8.015609770939646,685.0,0.0
GA,2021-04-24,2021,16,68,121.0,685.0,116.0,124.0,53.0,0.0,192.0,0,123.0,124.0,120.0,318.0,685.0,685.0,685.0,685.0,116.0,120.0,112.0,125.0,126.5,7.7674534651529425,685.0,0.0
GA,2021-05-01,2021,17,69,111.0,685.0,110.0,116.0,50.0,0.0,178.0,0,121.0,123.0,138.0,258.0,685.0,685.0,685.0,685.0,116.0,116.0,103.0,118.0,119.75,5.965176722723014,685.0,0.0
GA,2021-05-08,2021,18,70,112.0,685.0,110.0,115.0,58.0,0.0,169.0,0,111.0,121.0,124.0,186.0,685.0,685.0,685.0,685.0,110.0,116.0,120.0,119.0,116.75,6.130524719248465,685.0,0.0
GA,2021-05-15,2021,19,71,72.0,685.0,112.0,96.0,37.0,0.0,131.0,0,112.0,111.0,123.0,173.0,685.0,685.0,685.0,685.0,110.0,110.0,116.0,113.0,104.0,21.802140567690056,685.0,0.0
GA,2021-05-22,2021,20,72,90.0,685.0,121.0,120.0,50.0,0.0,160.0,0,72.0,112.0,121.0,120.0,685.0,685.0,685.0,685.0,112.0,110.0,116.0,112.0,96.25,19.08533468399187,685.0,0.0
GA,2021-05-29,2021,21,73,81.0,685.0,121.0,119.0,44.0,0.0,156.0,0,90.0,72.0,111.0,138.0,685.0,685.0,685.0,685.0,121.0,112.0,110.0,103.0,88.75,17.15371679840795,685.0,0.0
GA,2021-06-05,2021,22,74,70.0,685.0,112.0,114.0,39.0,0.0,145.0,0,81.0,90.0,112.0,124.0,685.0,685.0,685.0,685.0,121.0,121.0,110.0,120.0,78.25,9.178779875341986,685.0,0.0
GA,2021-06-12,2021,23,75,69.0,685.0,113.0,109.0,32.0,0.0,147.0,0,70.0,81.0,72.0,123.0,685.0,685.0,685.0,685.0,112.0,121.0,112.0,116.0,77.5,9.949874371065349,685.0,0.0
GA,2021-06-19,2021,24,76,43.0,685.0,112.0,94.0,24.0,0.0,113.0,0,69.0,70.0,90.0,121.0,685.0,685.0,685.0,685.0,113.0,112.0,121.0,116.0,65.75,16.11159003119544,685.0,0.0
GA,2021-06-26,2021,25,77,40.0,685.0,113.0,89.0,19.0,0.0,111.0,0,43.0,69.0,81.0,111.0,685.0,685.0,685.0,685.0,112.0,113.0,121.0,110.0,55.5,16.21727474022633,685.0,0.0
GA,2021-07-03,2021,26,78,41.0,685.0,116.0,84.0,21.0,0.0,104.0,0,40.0,43.0,70.0,112.0,685.0,685.0,685.0,685.0,113.0,112.0,112.0,110.0,48.25,13.889444433333164,685.0,0.0
GA,2021-07-10,2021,27,79,39.0,685.0,116.0,93.0,16.0,0.0,116.0,0,41.0,40.0,69.0,72.0,685.0,685.0,685.0,685.0,116.0,113.0,113.0,112.0,40.75,1.7078251276549457,685.0,0.0
GA,2021-07-17,2021,28,80,51.0,685.0,114.0,92.0,20.0,0.0,123.0,0,39.0,41.0,43.0,90.0,685.0,685.0,685.0,685.0,116.0,116.0,112.0,121.0,42.75,5.560275772535894,685.0,0.0
GA,2021-07-24,2021,29,81,77.0,685.0,116.0,126.0,47.0,0.0,156.0,0,51.0,39.0,40.0,81.0,685.0,685.0,685.0,685.0,114.0,116.0,113.0,121.0,52.0,17.47378989610772,685.0,0.0
GA,2021-07-31,2021,30,82,121.0,685.0,125.0,145.0,67.0,0.0,199.0,0,77.0,51.0,41.0,70.0,685.0,685.0,685.0,685.0,116.0,114.0,116.0,112.0,72.0,36.31345021705663,685.0,0.0
GA,2021-08-07,2021,31,83,258.0,685.0,133.0,215.0,125.0,0.0,348.0,0,121.0,77.0,39.0,69.0,685.0,685.0,685.0,685.0,125.0,116.0,116.0,113.0,126.75,92.14617011393717,685.0,0.0
GA,2021-08-14,2021,32,84,478.0,685.0,153.0,354.0,272.0,0.0,560.0,0,258.0,121.0,51.0,43.0,685.0,685.0,685.0,685.0,133.0,125.0,114.0,112.0,233.5,180.30437228937808,685.0,0.0
GA,2021-08-21,2021,33,85,699.0,685.0,160.0,479.0,391.0,0.0,788.0,1,478.0,258.0,77.0,40.0,685.0,685.0,685.0,685.0,153.0,133.0,116.0,113.0,389.0,253.64410762588852,685.0,0.0
GA,2021-08-28,2021,34,86,886.0,685.0,184.0,555.0,477.0,0.0,964.0,1,699.0,478.0,121.0,41.0,685.0,685.0,685.0,685.0,160.0,153.0,125.0,116.0,580.25,271.95878977031305,685.0,0.0
GA,2021-09-04,2021,35,87,51.0,685.0,189.0,651.0,573.0,0.0,130.0,0,886.0,699.0,258.0,39.0,685.0,685.0,685.0,685.0,184.0,160.0,133.0,116.0,528.5,359.3665723649506,685.0,0.0
GA,2021-09-11,2021,36,88,969.0,685.0,196.0,664.0,576.0,0.0,130.0,1,51.0,886.0,478.0,51.0,685.0,685.0,685.0,685.0,189.0,184.0,153.0,114.0,651.25,415.7935184680011,685.0,0.0
GA,2021-09-18,2021,37,89,929.0,685.0,179.0,666.0,583.0,0.0,130.0,1,969.0,51.0,699.0,77.0,685.0,685.0,685.0,685.0,196.0,189.0,160.0,116.0,708.75,439.80781787806666,685.0,0.0
GA,2021-09-25,2021,38,90,801.0,685.0,176.0,560.0,481.0,0.0,881.0,1,929.0,969.0,886.0,121.0,685.0,685.0,685.0,685.0,179.0,196.0,184.0,125.0,687.5,430.34056281043274,685.0,0.0
GA,2021-10-02,2021,39,91,626.0,685.0,157.0,474.0,404.0,0.0,697.0,1,801.0,929.0,51.0,258.0,685.0,685.0,685.0,685.0,176.0,179.0,189.0,133.0,831.25,154.4590021116715,685.0,0.0
GA,2021-10-09,2021,40,92,490.0,685.0,140.0,387.0,311.0,0.0,566.0,0,626.0,801.0,969.0,478.0,685.0,685.0,685.0,685.0,157.0,176.0,196.0,153.0,711.5,192.9499071434518,685.0,0.0
GA,2021-10-16,2021,41,93,365.0,685.0,138.0,292.0,218.0,0.0,439.0,0,490.0,626.0,929.0,699.0,685.0,685.0,685.0,685.0,140.0,157.0,179.0,160.0,570.5,187.01247730209522,685.0,0.0
GA,2021-10-23,2021,42,94,302.0,685.0,133.0,248.0,176.0,0.0,376.0,0,365.0,490.0,801.0,886.0,685.0,685.0,685.0,685.0,138.0,140.0,176.0,184.0,445.75,143.33265503715478,685.0,0.0
GA,2021-10-30,2021,43,95,236.0,685.0,130.0,204.0,135.0,0.0,306.0,0,302.0,365.0,626.0,51.0,685.0,685.0,685.0,685.0,133.0,138.0,157.0,189.0,348.25,108.18618211213489,685.0,0.0
GA,2021-11-06,2021,44,96,171.0,685.0,121.0,188.0,103.0,0.0,257.0,0,236.0,302.0,490.0,969.0,685.0,685.0,685.0,685.0,130.0,133.0,140.0,196.0,268.5,83.66002629691204,685.0,0.0
GA,2021-11-13,2021,45,97,148.0,685.0,130.0,153.0,70.0,0.0,231.0,0,171.0,236.0,365.0,929.0,685.0,685.0,685.0,685.0,121.0,130.0,138.0,179.0,214.25,69.3607718142372,685.0,0.0
GA,2021-11-20,2021,46,98,125.0,685.0,121.0,163.0,74.0,0.0,215.0,0,148.0,171.0,302.0,801.0,685.0,685.0,685.0,685.0,130.0,121.0,133.0,176.0,170.0,47.84001114827088,685.0,0.0
GA,2021-11-27,2021,47,99,89.0,685.0,114.0,112.0,41.0,0.0,160.0,0,125.0,148.0,236.0,626.0,685.0,685.0,685.0,685.0,121.0,130.0,130.0,157.0,133.25,34.97022543059569,685.0,0.0
GA,2021-12-04,2021,48,100,116.0,685.0,120.0,137.0,60.0,0.0,195.0,0,89.0,125.0,171.0,490.0,685.0,685.0,685.0,685.0,114.0,121.0,121.0,140.0,119.5,24.392621835301245,685.0,0.0
GA,2021-12-11,2021,49,101,96.0,685.0,122.0,143.0,48.0,0.0,193.0,0,116.0,89.0,148.0,365.0,685.0,685.0,685.0,685.0,120.0,114.0,130.0,138.0,106.5,16.822603841261174,685.0,0.0
GA,2021-12-18,2021,50,102,140.0,685.0,115.0,154.0,73.0,0.0,223.0,0,96.0,116.0,125.0,302.0,685.0,685.0,685.0,685.0,122.0,120.0,121.0,133.0,110.25,22.896506283710952,685.0,0.0
GA,2021-12-25,2021,51,103,132.0,685.0,121.0,158.0,71.0,0.0,220.0,0,140.0,96.0,89.0,236.0,685.0,685.0,685.0,685.0,115.0,122.0,114.0,130.0,121.0,19.425069712445012,685.0,0.0
HI,2020-02-29,2020,9,8,0.0,238.0,104.0,14.0,0.0,0.0,17.0,0,0.0,0.0,0.0,0.0,250.0,281.0,242.0,242.0,108.0,116.0,102.0,99.0,0.0,0.0,251.25,20.774583830568865
HI,2020-03-07,2020,10,9,0.0,239.0,95.0,19.0,0.0,0.0,23.0,0,0.0,0.0,0.0,0.0,238.0,250.0,236.0,242.0,104.0,108.0,110.0,101.0,0.0,0.0,252.0,20.08316044185609
HI,2020-03-14,2020,11,10,0.0,243.0,98.0,18.0,0.0,0.0,20.0,0,0.0,0.0,0.0,0.0,239.0,238.0,281.0,215.0,95.0,104.0,116.0,85.0,0.0,0.0,242.5,5.446711546122739
HI,2020-03-21,2020,12,11,0.0,212.0,95.0,16.0,0.0,0.0,18.0,0,0.0,0.0,0.0,0.0,243.0,239.0,250.0,242.0,98.0,95.0,108.0,108.0,0.0,0.0,233.0,14.165686240583854
HI,2020-03-28,2020,13,12,0.0,235.0,98.0,15.0,0.0,0.0,17.0,0,0.0,0.0,0.0,0.0,212.0,243.0,238.0,242.0,95.0,98.0,104.0,102.0,0.0,0.0,232.25,13.88944443333378
HI,2020-04-04,2020,14,13,10.0,235.0,101.0,14.0,0.0,0.0,20.0,0,0.0,0.0,0.0,0.0,235.0,212.0,239.0,236.0,98.0,95.0,95.0,110.0,2.5,5.0,231.25,13.375973484822207
HI,2020-04-11,2020,15,14,10.0,221.0,99.0,18.0,0.0,0.0,20.0,0,10.0,0.0,0.0,0.0,235.0,235.0,243.0,281.0,101.0,98.0,98.0,116.0,5.0,5.773502691896258,225.75,11.295279249904956
HI,2020-04-18,2020,16,15,10.0,211.0,101.0,17.0,0.0,0.0,10.0,0,10.0,10.0,0.0,0.0,221.0,235.0,212.0,250.0,99.0,101.0,95.0,108.0,7.5,5.0,225.5,11.704699910719631
HI,2020-04-25,2020,17,16,10.0,200.0,92.0,17.0,0.0,0.0,12.0,0,10.0,10.0,0.0,0.0,211.0,221.0,235.0,238.0,101.0,99.0,98.0,104.0,10.0,0.0,216.75,14.885675440951061
HI,2020-05-02,2020,18,17,10.0,223.0,102.0,18.0,0.0,0.0,19.0,0,10.0,10.0,10.0,0.0,200.0,211.0,235.0,239.0,92.0,101.0,101.0,95.0,10.0,0.0,213.75,10.563301251660558
HI,2020-05-09,2020,19,18,0.0,210.0,93.0,12.0,0.0,0.0,12.0,0,10.0,10.0,10.0,0.0,223.0,200.0,221.0,243.0,102.0,92.0,99.0,98.0,7.5,5.0,211.0,9.416297927883702
HI,2020-05-16,2020,20,19,0.0,230.0,102.0,13.0,0.0,0.0,13.0,0,0.0,10.0,10.0,0.0,210.0,223.0,211.0,212.0,93.0,102.0,101.0,95.0,5.0,5.773502691896258,215.75,13.375973484822213
HI,2020-05-23,2020,21,20,0.0,210.0,95.0,11.0,0.0,0.0,12.0,0,0.0,0.0,10.0,0.0,230.0,210.0,200.0,235.0,102.0,93.0,92.0,98.0,2.5,5.0,218.25,9.945685831890474
HI,2020-05-30,2020,22,21,0.0,200.0,96.0,11.0,0.0,0.0,11.0,0,0.0,0.0,10.0,10.0,210.0,230.0,223.0,235.0,95.0,102.0,102.0,101.0,0.0,0.0,212.5,12.583057392117924
HI,2020-06-06,2020,23,22,0.0,217.0,102.0,11.0,0.0,0.0,11.0,0,0.0,0.0,0.0,10.0,200.0,210.0,210.0,221.0,96.0,95.0,93.0,99.0,0.0,0.0,214.25,12.606215398233795
HI,2020-06-13,2020,24,23,0.0,203.0,85.0,10.0,0.0,0.0,10.0,0,0.0,0.0,0.0,10.0,217.0,200.0,230.0,211.0,102.0,96.0,102.0,101.0,0.0,0.0,207.5,7.593857166596355
HI,2020-06-20,2020,25,24,0.0,246.0,107.0,12.0,0.0,0.0,12.0,0,0.0,0.0,0.0,10.0,203.0,217.0,210.0,200.0,85.0,102.0,95.0,92.0,0.0,0.0,216.5,21.015867021530823
HI,2020-06-27,2020,26,25,10.0,236.0,110.0,17.0,0.0,0.0,10.0,0,0.0,0.0,0.0,10.0,246.0,203.0,200.0,223.0,107.0,85.0,96.0,102.0,2.5,5.0,225.5,19.22671752189299
HI,2020-07-04,2020,27,26,10.0,207.0,100.0,17.0,0.0,0.0,20.0,0,10.0,0.0,0.0,0.0,236.0,246.0,217.0,210.0,110.0,107.0,102.0,93.0,5.0,5.773502691896258,223.0,21.244607158837596
HI,2020-07-11,2020,28,27,10.0,239.0,105.0,17.0,0.0,0.0,20.0,0,10.0,10.0,0.0,0.0,207.0,236.0,203.0,230.0,100.0,110.0,85.0,102.0,7.5,5.0,232.0,17.185265006200332
HI,2020-07-18,2020,29,28,10.0,227.0,108.0,15.0,0.0,0.0,17.0,0,10.0,10.0,0.0,0.0,239.0,207.0,246.0,210.0,105.0,100.0,107.0,95.0,10.0,0.0,227.25,14.430869689661826
HI,2020-07-25,2020,30,29,10.0,219.0,99.0,17.0,0.0,0.0,10.0,0,10.0,10.0,10.0,0.0,227.0,239.0,236.0,200.0,108.0,105.0,110.0,96.0,10.0,0.0,223.0,13.466006584482788
HI,2020-08-01,2020,31,30,10.0,217.0,108.0,11.0,0.0,0.0,12.0,0,10.0,10.0,10.0,0.0,219.0,227.0,207.0,217.0,99.0,108.0,100.0,102.0,10.0,0.0,225.5,9.98331942124798
HI,2020-08-08,2020,32,31,10.0,231.0,109.0,12.0,0.0,0.0,14.0,0,10.0,10.0,10.0,0.0,217.0,219.0,239.0,203.0,108.0,99.0,105.0,85.0,10.0,0.0,223.5,6.608075867199703
HI,2020-08-15,2020,33,32,13.0,223.0,108.0,16.0,0.0,0.0,25.0,0,10.0,10.0,10.0,0.0,231.0,217.0,227.0,246.0,109.0,108.0,108.0,107.0,10.75,1.5,222.5,6.191391873668939
HI,2020-08-22,2020,34,33,14.0,242.0,116.0,17.0,0.0,0.0,25.0,0,13.0,10.0,10.0,10.0,223.0,231.0,219.0,236.0,108.0,109.0,99.0,110.0,11.75,2.0615528128088303,228.25,10.812801055539085
HI,2020-08-29,2020,35,34,35.0,255.0,118.0,28.0,19.0,0.0,44.0,1,14.0,13.0,10.0,10.0,242.0,223.0,217.0,207.0,116.0,108.0,108.0,100.0,18.0,11.460075625114056,237.75,13.889444433333797
HI,2020-09-05,2020,36,35,31.0,235.0,112.0,18.0,12.0,0.0,37.0,1,35.0,14.0,10.0,10.0,255.0,242.0,231.0,239.0,118.0,116.0,109.0,105.0,23.25,11.383467544352788,238.75,13.375973484822223
HI,2020-09-12,2020,37,36,34.0,274.0,116.0,31.0,18.0,0.0,47.0,1,31.0,35.0,13.0,10.0,235.0,255.0,223.0,227.0,112.0,118.0,108.0,108.0,28.5,9.814954576223638,251.5,17.136705245369285
HI,2020-09-19,2020,38,37,32.0,242.0,114.0,23.0,11.0,0.0,44.0,1,34.0,31.0,14.0,10.0,274.0,235.0,242.0,219.0,116.0,112.0,116.0,99.0,33.0,1.8257418583505456,251.5,17.136705245369285
HI,2020-09-26,2020,39,38,26.0,242.0,117.0,21.0,14.0,0.0,33.0,0,32.0,34.0,35.0,10.0,242.0,274.0,255.0,217.0,114.0,116.0,118.0,108.0,30.75,3.403429642777019,248.25,17.48094200360306
HI,2020-10-03,2020,40,39,20.0,214.0,99.0,23.0,12.0,0.0,32.0,0,26.0,32.0,31.0,10.0,242.0,242.0,235.0,231.0,117.0,114.0,112.0,109.0,28.0,6.324555320336757,243.0,24.522098876999372
HI,2020-10-10,2020,41,40,20.0,231.0,117.0,22.0,10.0,0.0,32.0,0,20.0,26.0,34.0,13.0,214.0,242.0,274.0,223.0,99.0,117.0,116.0,108.0,24.5,5.744562646538027,232.25,13.225606476327165
HI,2020-10-17,2020,42,41,18.0,237.0,110.0,19.0,0.0,0.0,28.0,0,20.0,20.0,32.0,14.0,231.0,214.0,242.0,242.0,117.0,99.0,114.0,116.0,21.0,3.4641016151377517,231.0,12.192894105447937
HI,2020-10-24,2020,43,42,14.0,237.0,122.0,12.0,0.0,0.0,21.0,0,18.0,20.0,26.0,35.0,237.0,231.0,242.0,255.0,110.0,117.0,117.0,118.0,18.0,2.8284271247461863,229.75,10.87428158546579
HI,2020-10-31,2020,44,43,11.0,238.0,113.0,19.0,0.0,0.0,22.0,0,14.0,18.0,20.0,31.0,237.0,237.0,214.0,235.0,122.0,110.0,99.0,112.0,15.75,4.031128874149272,235.75,3.2015621187164833
HI,2020-11-07,2020,45,44,10.0,236.0,106.0,15.0,0.0,0.0,17.0,0,11.0,14.0,20.0,34.0,238.0,237.0,231.0,274.0,113.0,122.0,117.0,116.0,13.25,3.5939764421413005,237.0,0.8164965809279509
HI,2020-11-14,2020,46,45,10.0,249.0,117.0,15.0,0.0,0.0,20.0,0,10.0,11.0,18.0,32.0,236.0,238.0,237.0,242.0,106.0,113.0,110.0,114.0,11.25,1.8929694486000839,240.0,6.055300708195014
HI,2020-11-21,2020,47,46,10.0,224.0,105.0,15.0,0.0,0.0,19.0,0,10.0,10.0,14.0,26.0,249.0,236.0,237.0,242.0,117.0,106.0,122.0,117.0,10.25,0.49999999999997335,236.75,10.242883708539653
HI,2020-11-28,2020,48,47,10.0,216.0,95.0,17.0,0.0,0.0,19.0,0,10.0,10.0,11.0,20.0,224.0,249.0,238.0,214.0,105.0,117.0,113.0,99.0,10.0,0.0,231.25,14.40775254275745
HI,2020-12-05,2020,49,48,13.0,237.0,103.0,24.0,11.0,0.0,26.0,0,10.0,10.0,10.0,20.0,216.0,224.0,236.0,231.0,95.0,105.0,106.0,117.0,10.75,1.4999999999999911,231.5,14.525839046333965
HI,2020-12-12,2020,50,49,10.0,212.0,94.0,13.0,0.0,0.0,16.0,0,13.0,10.0,10.0,18.0,237.0,216.0,249.0,237.0,103.0,95.0,117.0,110.0,10.75,1.4999999999999911,222.25,11.026483271348743
HI,2020-12-19,2020,51,50,10.0,249.0,106.0,14.0,0.0,0.0,18.0,0,10.0,13.0,10.0,14.0,212.0,237.0,224.0,237.0,94.0,103.0,105.0,122.0,10.75,1.4999999999999911,228.5,17.521415467935242
HI,2020-12-26,2020,52,51,10.0,198.0,82.0,16.0,0.0,0.0,20.0,0,10.0,10.0,10.0,11.0,249.0,212.0,216.0,238.0,106.0,94.0,95.0,113.0,10.75,1.4999999999999911,224.0,23.19482700948641
HI,2021-01-02,2021,53,52,10.0,225.0,94.0,12.0,0.0,0.0,15.0,0,10.0,10.0,13.0,10.0,198.0,249.0,237.0,236.0,82.0,106.0,103.0,106.0,10.0,0.0,221.0,21.679483388678808
HI,2021-01-09,2021,1,53,10.0,215.0,88.0,21.0,0.0,0.0,28.0,0,10.0,10.0,10.0,10.0,225.0,198.0,212.0,249.0,94.0,82.0,94.0,117.0,10.0,0.0,221.75,21.31314148594712
HI,2021-01-16,2021,2,54,12.0,247.0,103.0,24.0,0.0,0.0,27.0,0,10.0,10.0,10.0,10.0,215.0,225.0,249.0,224.0,88.0,94.0,106.0,105.0,10.5,0.9999999999999867,221.25,20.467453839368172
HI,2021-01-23,2021,3,55,14.0,205.0,81.0,21.0,0.0,0.0,26.0,0,12.0,10.0,10.0,10.0,247.0,215.0,198.0,216.0,103.0,88.0,82.0,95.0,11.5,1.9148542155126695,223.0,17.96292478040998
HI,2021-01-30,2021,4,56,10.0,228.0,102.0,16.0,0.0,0.0,21.0,0,14.0,12.0,10.0,13.0,205.0,247.0,225.0,237.0,81.0,103.0,94.0,103.0,11.5,1.9148542155126695,223.75,18.136059844041842
HI,2021-02-06,2021,5,57,10.0,237.0,100.0,15.0,0.0,0.0,17.0,0,10.0,14.0,10.0,10.0,228.0,205.0,215.0,212.0,102.0,81.0,88.0,94.0,11.5,1.9148542155126695,229.25,17.93274472392148
HI,2021-02-13,2021,6,58,10.0,265.0,124.0,24.0,0.0,0.0,26.0,0,10.0,10.0,12.0,10.0,237.0,228.0,247.0,249.0,100.0,102.0,103.0,106.0,11.0,1.9999999999999936,233.75,24.81095188285475
HI,2021-02-20,2021,7,59,10.0,251.0,104.0,14.0,0.0,0.0,17.0,0,10.0,10.0,14.0,10.0,265.0,237.0,205.0,198.0,124.0,100.0,81.0,82.0,10.0,0.0,245.25,16.214705259938178
HI,2021-02-27,2021,8,60,10.0,262.0,113.0,12.0,0.0,0.0,16.0,0,10.0,10.0,10.0,10.0,251.0,265.0,228.0,225.0,104.0,124.0,102.0,94.0,10.0,0.0,253.75,12.685293322058692
HI,2021-03-06,2021,9,61,10.0,231.0,101.0,17.0,0.0,0.0,19.0,0,10.0,10.0,10.0,10.0,262.0,251.0,237.0,215.0,113.0,104.0,100.0,88.0,10.0,0.0,252.25,15.39209753953849
HI,2021-03-13,2021,10,62,10.0,253.0,100.0,17.0,0.0,0.0,11.0,0,10.0,10.0,10.0,12.0,231.0,262.0,265.0,247.0,101.0,113.0,124.0,103.0,10.0,0.0,249.25,13.073510112692261
HI,2021-03-20,2021,11,63,10.0,234.0,94.0,19.0,0.0,0.0,22.0,0,10.0,10.0,10.0,14.0,253.0,231.0,251.0,205.0,100.0,101.0,104.0,81.0,10.0,0.0,245.0,14.944341180973266
HI,2021-03-27,2021,12,64,10.0,241.0,108.0,12.0,0.0,0.0,13.0,0,10.0,10.0,10.0,10.0,234.0,253.0,262.0,228.0,94.0,100.0,113.0,102.0,10.0,0.0,239.75,9.776672917374984
HI,2021-04-03,2021,13,65,10.0,250.0,104.0,12.0,0.0,0.0,14.0,0,10.0,10.0,10.0,10.0,241.0,234.0,231.0,237.0,108.0,94.0,101.0,100.0,10.0,0.0,244.5,8.660254037844398
HI,2021-04-10,2021,14,66,10.0,249.0,107.0,16.0,0.0,0.0,17.0,0,10.0,10.0,10.0,10.0,250.0,241.0,253.0,265.0,104.0,108.0,100.0,124.0,10.0,0.0,243.5,7.505553499465147
HI,2021-04-17,2021,15,67,10.0,217.0,98.0,19.0,0.0,0.0,19.0,0,10.0,10.0,10.0,10.0,249.0,250.0,234.0,251.0,107.0,104.0,94.0,104.0,10.0,0.0,239.25,15.370426148939401
HI,2021-04-24,2021,16,68,10.0,253.0,121.0,19.0,0.0,0.0,22.0,0,10.0,10.0,10.0,10.0,217.0,249.0,241.0,262.0,98.0,107.0,108.0,113.0,10.0,0.0,242.25,16.918924315688635
HI,2021-05-01,2021,17,69,10.0,234.0,108.0,13.0,0.0,0.0,14.0,0,10.0,10.0,10.0,10.0,253.0,217.0,250.0,231.0,121.0,98.0,104.0,101.0,10.0,0.0,238.25,16.357974609753295
HI,2021-05-08,2021,18,70,10.0,236.0,108.0,24.0,0.0,0.0,26.0,0,10.0,10.0,10.0,10.0,234.0,253.0,249.0,253.0,108.0,121.0,107.0,100.0,10.0,0.0,235.0,14.719601443879748
HI,2021-05-15,2021,19,71,10.0,229.0,102.0,14.0,0.0,0.0,14.0,0,10.0,10.0,10.0,10.0,236.0,234.0,217.0,234.0,108.0,108.0,98.0,94.0,10.0,0.0,238.0,10.4243305140746
HI,2021-05-22,2021,20,72,10.0,254.0,112.0,15.0,0.0,0.0,16.0,0,10.0,10.0,10.0,10.0,229.0,236.0,253.0,241.0,102.0,108.0,121.0,108.0,10.0,0.0,238.25,10.904891868637065
HI,2021-05-29,2021,21,73,10.0,211.0,96.0,10.0,0.0,0.0,13.0,0,10.0,10.0,10.0,10.0,254.0,229.0,234.0,250.0,112.0,102.0,108.0,104.0,10.0,0.0,232.5,17.7857620959388
HI,2021-06-05,2021,22,74,10.0,210.0,101.0,13.0,0.0,0.0,14.0,0,10.0,10.0,10.0,10.0,211.0,254.0,236.0,249.0,96.0,112.0,108.0,107.0,10.0,0.0,226.0,20.607442021431645
HI,2021-06-12,2021,23,75,10.0,222.0,104.0,17.0,0.0,0.0,20.0,0,10.0,10.0,10.0,10.0,210.0,211.0,229.0,217.0,101.0,96.0,102.0,98.0,10.0,0.0,224.25,20.564937798755114
HI,2021-06-19,2021,24,76,10.0,231.0,97.0,17.0,0.0,0.0,10.0,0,10.0,10.0,10.0,10.0,222.0,210.0,254.0,253.0,104.0,101.0,112.0,121.0,10.0,0.0,218.5,9.94987437106621
HI,2021-06-26,2021,25,77,10.0,227.0,99.0,16.0,0.0,0.0,19.0,0,10.0,10.0,10.0,10.0,231.0,222.0,211.0,234.0,97.0,104.0,96.0,108.0,10.0,0.0,222.5,9.11043357914431
HI,2021-07-03,2021,26,78,10.0,211.0,99.0,10.0,0.0,0.0,11.0,0,10.0,10.0,10.0,10.0,227.0,231.0,210.0,236.0,99.0,97.0,101.0,108.0,10.0,0.0,222.75,8.655441448399202
HI,2021-07-10,2021,27,79,10.0,235.0,114.0,19.0,0.0,0.0,19.0,0,10.0,10.0,10.0,10.0,211.0,227.0,222.0,229.0,99.0,99.0,104.0,102.0,10.0,0.0,226.0,10.519822558706343
HI,2021-07-17,2021,28,80,10.0,238.0,104.0,12.0,0.0,0.0,12.0,0,10.0,10.0,10.0,10.0,235.0,211.0,231.0,254.0,114.0,99.0,97.0,112.0,10.0,0.0,227.75,12.093386622447833
HI,2021-07-24,2021,29,81,10.0,226.0,108.0,15.0,0.0,0.0,17.0,0,10.0,10.0,10.0,10.0,238.0,235.0,227.0,211.0,104.0,114.0,99.0,96.0,10.0,0.0,227.5,12.12435565298215
HI,2021-07-31,2021,30,82,10.0,232.0,105.0,17.0,0.0,0.0,21.0,0,10.0,10.0,10.0,10.0,226.0,238.0,211.0,210.0,108.0,104.0,99.0,101.0,10.0,0.0,232.75,5.123475382979818
HI,2021-08-07,2021,31,83,17.0,217.0,108.0,15.0,0.0,0.0,23.0,0,10.0,10.0,10.0,10.0,232.0,226.0,235.0,222.0,105.0,108.0,114.0,104.0,11.75,3.499999999999996,228.25,8.958236433584469
HI,2021-08-14,2021,32,84,25.0,279.0,132.0,31.0,16.0,0.0,40.0,0,17.0,10.0,10.0,10.0,217.0,232.0,238.0,231.0,108.0,105.0,104.0,97.0,15.5,7.141428428542848,238.5,27.69476484825246
HI,2021-08-21,2021,33,85,35.0,302.0,146.0,34.0,21.0,0.0,48.0,1,25.0,17.0,10.0,10.0,279.0,217.0,226.0,227.0,132.0,108.0,108.0,99.0,21.75,10.750968948580091,257.5,39.719852299154724
HI,2021-08-28,2021,34,86,53.0,315.0,151.0,32.0,26.0,0.0,59.0,1,35.0,25.0,10.0,10.0,302.0,279.0,232.0,211.0,146.0,132.0,105.0,99.0,32.5,15.524174696260022,278.25,43.461668935588136
HI,2021-09-04,2021,35,87,60.0,307.0,141.0,50.0,32.0,0.0,78.0,1,53.0,35.0,17.0,10.0,315.0,302.0,217.0,235.0,151.0,146.0,108.0,114.0,43.25,16.09088769044973,300.75,15.456929406148769
HI,2021-09-11,2021,36,88,66.0,312.0,149.0,48.0,40.0,0.0,74.0,1,60.0,53.0,25.0,10.0,307.0,315.0,279.0,238.0,141.0,151.0,132.0,104.0,53.5,13.428824718989123,309.0,5.715476066494072
HI,2021-09-18,2021,37,89,58.0,267.0,113.0,51.0,37.0,0.0,72.0,1,66.0,60.0,35.0,10.0,312.0,307.0,302.0,226.0,149.0,141.0,146.0,108.0,59.25,5.377421934967224,300.25,22.410934831014963
HI,2021-09-25,2021,38,90,58.0,317.0,149.0,53.0,33.0,0.0,78.0,1,58.0,66.0,53.0,10.0,267.0,312.0,315.0,232.0,113.0,149.0,151.0,105.0,60.5,3.785938897200179,300.75,22.867371223353732
HI,2021-10-02,2021,39,91,39.0,266.0,129.0,48.0,29.0,0.0,58.0,1,58.0,58.0,60.0,17.0,317.0,267.0,307.0,217.0,149.0,113.0,141.0,108.0,55.25,11.470977871713174,290.5,27.790885796126275
HI,2021-10-09,2021,40,92,21.0,272.0,126.0,30.0,15.0,0.0,36.0,0,39.0,58.0,66.0,25.0,266.0,317.0,312.0,279.0,129.0,149.0,149.0,132.0,44.0,17.75762746915627,280.5,24.474476501040826
HI,2021-10-16,2021,41,93,31.0,262.0,133.0,22.0,16.0,0.0,37.0,1,21.0,39.0,58.0,35.0,272.0,266.0,267.0,302.0,126.0,129.0,113.0,146.0,37.25,15.671098663888671,279.25,25.499999999999993
HI,2021-10-23,2021,42,94,17.0,261.0,121.0,24.0,11.0,0.0,30.0,0,31.0,21.0,58.0,53.0,262.0,272.0,317.0,315.0,133.0,126.0,149.0,151.0,27.0,9.933109617167558,265.25,4.991659710623975
HI,2021-10-30,2021,43,95,16.0,244.0,126.0,26.0,12.0,0.0,30.0,0,17.0,31.0,39.0,60.0,261.0,262.0,266.0,307.0,121.0,133.0,129.0,141.0,21.25,6.849574196011502,259.75,11.615363389350616
HI,2021-11-06,2021,44,96,14.0,258.0,122.0,21.0,0.0,0.0,27.0,0,16.0,17.0,21.0,66.0,244.0,261.0,272.0,312.0,126.0,121.0,126.0,149.0,19.5,7.767453465154024,256.25,8.34166250416146
HI,2021-11-13,2021,45,97,10.0,251.0,113.0,18.0,0.0,0.0,22.0,0,14.0,16.0,31.0,58.0,258.0,244.0,262.0,267.0,122.0,126.0,133.0,113.0,14.25,3.0956959368344403,253.5,7.593857166596341
HI,2021-11-20,2021,46,98,11.0,238.0,112.0,15.0,0.0,0.0,21.0,0,10.0,14.0,17.0,58.0,251.0,258.0,261.0,317.0,113.0,122.0,121.0,149.0,12.75,2.7537852736430386,247.75,8.655441448399188
HI,2021-11-27,2021,47,99,10.0,227.0,106.0,21.0,0.0,0.0,24.0,0,11.0,10.0,16.0,39.0,238.0,251.0,244.0,266.0,112.0,113.0,126.0,129.0,11.25,1.8929694486000728,243.5,13.771952173409062
HI,2021-12-04,2021,48,100,10.0,250.0,110.0,15.0,0.0,0.0,19.0,0,10.0,11.0,14.0,21.0,227.0,238.0,258.0,272.0,106.0,112.0,122.0,126.0,10.25,0.4999999999999307,241.5,11.328430311977614
HI,2021-12-11,2021,49,101,10.0,236.0,103.0,17.0,0.0,0.0,18.0,0,10.0,10.0,10.0,31.0,250.0,227.0,251.0,262.0,110.0,106.0,113.0,133.0,10.25,0.4999999999999307,237.75,9.464847243000452
HI,2021-12-18,2021,50,102,10.0,252.0,112.0,23.0,0.0,0.0,24.0,0,10.0,10.0,11.0,17.0,236.0,250.0,238.0,261.0,103.0,110.0,112.0,121.0,10.0,0.0,241.25,11.87083260208258
HI,2021-12-25,2021,51,103,10.0,250.0,106.0,20.0,0.0,0.0,26.0,0,10.0,10.0,10.0,16.0,252.0,236.0,227.0,244.0,112.0,103.0,106.0,126.0,10.0,0.0,247.0,7.393691004272943
IA,2020-02-29,2020,9,8,0.0,642.0,105.0,36.0,0.0,0.0,44.0,0,0.0,0.0,0.0,0.0,643.0,600.0,615.0,665.0,100.0,92.0,97.0,102.0,0.0,0.0,630.5,20.5020324195757
IA,2020-03-07,2020,10,9,0.0,624.0,104.0,42.0,0.0,13.0,55.0,0,0.0,0.0,0.0,0.0,642.0,643.0,637.0,647.0,105.0,100.0,103.0,98.0,0.0,0.0,627.25,20.15564437074637
IA,2020-03-14,2020,11,10,0.0,636.0,104.0,51.0,0.0,17.0,68.0,0,0.0,0.0,0.0,0.0,624.0,642.0,600.0,620.0,104.0,105.0,92.0,95.0,0.0,0.0,636.25,8.732124598286457
IA,2020-03-21,2020,12,11,0.0,598.0,96.0,35.0,0.0,16.0,51.0,0,0.0,0.0,0.0,0.0,636.0,624.0,643.0,640.0,104.0,104.0,100.0,101.0,0.0,0.0,625.0,19.493588689617912
IA,2020-03-28,2020,13,12,28.0,595.0,102.0,51.0,0.0,0.0,61.0,0,0.0,0.0,0.0,0.0,598.0,636.0,642.0,615.0,96.0,104.0,105.0,97.0,7.0,14.0,613.25,19.98958061924595
IA,2020-04-04,2020,14,13,17.0,608.0,104.0,58.0,14.0,0.0,73.0,0,28.0,0.0,0.0,0.0,595.0,598.0,624.0,637.0,102.0,96.0,104.0,103.0,11.25,13.744695946679455,609.25,18.679311193581693
IA,2020-04-11,2020,15,14,22.0,597.0,100.0,41.0,14.0,0.0,57.0,0,17.0,28.0,0.0,0.0,608.0,595.0,636.0,600.0,104.0,102.0,104.0,92.0,16.75,12.0381338531629,599.5,5.802298395176409
IA,2020-04-18,2020,16,15,36.0,633.0,109.0,45.0,14.0,0.0,75.0,0,22.0,17.0,0.0,0.0,597.0,608.0,598.0,643.0,100.0,104.0,96.0,100.0,25.75,8.180260794538684,608.25,17.461863207191456
IA,2020-04-25,2020,17,16,52.0,587.0,101.0,42.0,12.0,0.0,82.0,0,36.0,22.0,28.0,0.0,633.0,597.0,595.0,642.0,109.0,100.0,102.0,105.0,31.75,15.713582235335986,606.25,19.788464653260327
IA,2020-05-02,2020,18,17,69.0,673.0,114.0,45.0,16.0,0.0,99.0,0,52.0,36.0,17.0,0.0,587.0,633.0,608.0,624.0,101.0,109.0,104.0,104.0,44.75,20.2875166871979,622.5,39.034173062416315
IA,2020-05-09,2020,19,18,92.0,702.0,126.0,59.0,25.0,0.0,126.0,0,69.0,52.0,22.0,0.0,673.0,587.0,597.0,636.0,114.0,101.0,100.0,104.0,62.25,23.97741993348464,648.75,49.949140800084514
IA,2020-05-16,2020,20,19,103.0,674.0,124.0,62.0,33.0,0.0,132.0,0,92.0,69.0,36.0,0.0,702.0,673.0,633.0,598.0,126.0,114.0,109.0,96.0,79.0,22.90560339014597,659.0,49.84643083177237
IA,2020-05-23,2020,21,20,101.0,619.0,110.0,58.0,35.0,0.0,124.0,0,103.0,92.0,52.0,28.0,674.0,702.0,587.0,595.0,124.0,126.0,101.0,102.0,91.25,15.58578412100805,667.0,34.70830832332033
IA,2020-05-30,2020,22,21,91.0,632.0,119.0,45.0,24.0,0.0,112.0,0,101.0,103.0,69.0,17.0,619.0,674.0,673.0,608.0,110.0,124.0,114.0,104.0,96.75,6.130524719249838,656.75,38.22193959843832
IA,2020-06-06,2020,23,22,70.0,600.0,108.0,49.0,22.0,0.0,97.0,0,91.0,101.0,92.0,22.0,632.0,619.0,702.0,597.0,119.0,110.0,126.0,100.0,91.25,15.107944929738126,631.25,31.383382014478084
IA,2020-06-13,2020,24,23,40.0,589.0,104.0,40.0,16.0,0.0,64.0,0,70.0,91.0,103.0,36.0,600.0,632.0,674.0,633.0,108.0,119.0,124.0,109.0,75.5,26.962937525425524,610.0,19.200694431886216
IA,2020-06-20,2020,25,24,32.0,575.0,106.0,37.0,13.0,0.0,56.0,0,40.0,70.0,101.0,52.0,589.0,600.0,619.0,587.0,104.0,108.0,110.0,101.0,58.25,27.280945731407478,599.0,24.262453846770455
IA,2020-06-27,2020,26,25,20.0,552.0,101.0,22.0,14.0,0.0,37.0,0,32.0,40.0,91.0,69.0,575.0,589.0,632.0,673.0,106.0,104.0,119.0,114.0,40.5,21.31509637166422,579.0,20.70426687102604
IA,2020-07-04,2020,27,26,21.0,596.0,113.0,28.0,14.0,0.0,44.0,0,20.0,32.0,70.0,92.0,552.0,575.0,600.0,702.0,101.0,106.0,108.0,126.0,28.25,9.53502316025853,578.0,19.407902170679506
IA,2020-07-11,2020,28,27,26.0,567.0,102.0,25.0,14.0,0.0,47.0,0,21.0,20.0,40.0,103.0,596.0,552.0,589.0,674.0,113.0,101.0,104.0,124.0,24.75,5.499999999999991,572.5,18.33939293797189
IA,2020-07-18,2020,29,28,42.0,601.0,119.0,31.0,13.0,0.0,60.0,0,26.0,21.0,32.0,101.0,567.0,596.0,575.0,619.0,102.0,113.0,106.0,110.0,27.25,10.17758976051468,579.0,23.423634787681156
IA,2020-07-25,2020,30,29,47.0,651.0,119.0,35.0,11.0,0.0,71.0,0,42.0,26.0,20.0,91.0,601.0,567.0,552.0,632.0,119.0,102.0,101.0,119.0,34.0,12.463279397226607,603.75,34.88433268197439
IA,2020-08-01,2020,31,30,51.0,650.0,124.0,48.0,22.0,0.0,77.0,0,47.0,42.0,21.0,70.0,651.0,601.0,596.0,600.0,119.0,119.0,113.0,108.0,41.5,10.969655114602885,617.25,40.827890793753554
IA,2020-08-08,2020,32,31,53.0,649.0,122.0,49.0,15.0,0.0,87.0,0,51.0,47.0,26.0,40.0,650.0,651.0,567.0,589.0,124.0,119.0,102.0,104.0,48.25,4.856267428111145,637.75,24.513601666557822
IA,2020-08-15,2020,33,32,57.0,669.0,130.0,46.0,14.0,0.0,89.0,0,53.0,51.0,42.0,32.0,649.0,650.0,601.0,575.0,122.0,124.0,119.0,106.0,52.0,4.163331998932253,654.75,9.53502316025852
IA,2020-08-22,2020,34,33,63.0,625.0,115.0,48.0,17.0,0.0,94.0,0,57.0,53.0,47.0,20.0,669.0,649.0,651.0,552.0,130.0,122.0,119.0,101.0,56.0,5.291502622129172,648.25,18.02544497832623
IA,2020-08-29,2020,35,34,77.0,691.0,129.0,58.0,30.0,0.0,105.0,0,63.0,57.0,51.0,21.0,625.0,669.0,650.0,596.0,115.0,130.0,124.0,113.0,62.5,10.503967504392483,658.5,28.16025568065745
IA,2020-09-05,2020,36,35,59.0,597.0,110.0,42.0,18.0,0.0,83.0,0,77.0,63.0,53.0,26.0,691.0,625.0,649.0,567.0,129.0,115.0,122.0,102.0,64.0,9.018499505645785,645.5,42.406760467328
IA,2020-09-12,2020,37,36,61.0,637.0,116.0,50.0,23.0,0.0,88.0,0,59.0,77.0,57.0,42.0,597.0,691.0,669.0,601.0,110.0,129.0,130.0,119.0,65.0,8.164965809277255,637.5,39.40812099047605
IA,2020-09-19,2020,38,37,48.0,642.0,118.0,37.0,14.0,0.0,71.0,0,61.0,59.0,63.0,47.0,637.0,597.0,625.0,651.0,116.0,110.0,115.0,119.0,61.25,11.954775893619528,641.75,38.51731212498262
IA,2020-09-26,2020,39,38,57.0,641.0,114.0,57.0,15.0,0.0,99.0,0,48.0,61.0,77.0,51.0,642.0,637.0,691.0,650.0,118.0,116.0,129.0,124.0,56.25,5.737304826019496,629.25,21.60825459556293
IA,2020-10-03,2020,40,39,83.0,680.0,113.0,52.0,20.0,0.0,115.0,0,57.0,48.0,59.0,53.0,641.0,642.0,597.0,649.0,114.0,118.0,110.0,122.0,62.25,14.86326567974436,650.0,20.116328359486143
IA,2020-10-10,2020,41,40,100.0,733.0,131.0,63.0,32.0,0.0,131.0,0,83.0,57.0,61.0,57.0,680.0,641.0,637.0,669.0,113.0,114.0,116.0,130.0,72.0,23.84673283002656,674.0,43.32051092342593
IA,2020-10-17,2020,42,41,115.0,688.0,117.0,70.0,45.0,0.0,140.0,0,100.0,83.0,48.0,63.0,733.0,680.0,642.0,625.0,131.0,113.0,118.0,115.0,88.75,24.878035828149027,685.5,37.740340927624544
IA,2020-10-24,2020,43,42,130.0,750.0,127.0,75.0,44.0,0.0,162.0,0,115.0,100.0,57.0,77.0,688.0,733.0,641.0,691.0,117.0,131.0,114.0,129.0,107.0,20.149441679609886,712.75,34.07222720437666
IA,2020-10-31,2020,44,43,137.0,759.0,126.0,75.0,44.0,0.0,169.0,0,130.0,115.0,83.0,59.0,750.0,688.0,680.0,597.0,127.0,117.0,113.0,110.0,120.5,16.46207763315433,732.5,31.56474826976024
IA,2020-11-07,2020,45,44,257.0,860.0,146.0,116.0,86.0,0.0,287.0,1,137.0,130.0,100.0,61.0,759.0,750.0,733.0,637.0,126.0,127.0,131.0,116.0,159.75,65.47964060174226,764.25,71.21036909514417
IA,2020-11-14,2020,46,45,308.0,905.0,150.0,139.0,96.0,0.0,351.0,1,257.0,137.0,115.0,48.0,860.0,759.0,688.0,642.0,146.0,126.0,117.0,118.0,208.0,88.55506761332182,818.5,76.23866035898935
IA,2020-11-21,2020,47,46,424.0,998.0,163.0,191.0,152.0,0.0,463.0,1,308.0,257.0,130.0,57.0,905.0,860.0,750.0,641.0,150.0,146.0,127.0,114.0,281.5,119.00840306465759,880.5,99.31263766510281
IA,2020-11-28,2020,48,47,402.0,976.0,167.0,188.0,158.0,0.0,432.0,1,424.0,308.0,137.0,83.0,998.0,905.0,759.0,680.0,163.0,150.0,126.0,113.0,347.75,78.6823783744916,934.75,63.7043954527472
IA,2020-12-05,2020,49,48,411.0,622.0,163.0,203.0,160.0,0.0,454.0,1,402.0,424.0,257.0,100.0,976.0,998.0,860.0,733.0,167.0,163.0,146.0,131.0,386.25,52.94257895745792,875.25,173.4346658927601
IA,2020-12-12,2020,50,49,335.0,950.0,159.0,162.0,130.0,0.0,367.0,1,411.0,402.0,308.0,115.0,622.0,976.0,905.0,688.0,163.0,167.0,150.0,117.0,393.0,39.70726214015095,886.5,177.42134407486978
IA,2020-12-19,2020,51,50,297.0,864.0,138.0,134.0,98.0,0.0,333.0,1,335.0,411.0,424.0,130.0,950.0,622.0,998.0,750.0,159.0,163.0,163.0,127.0,361.25,54.62828937464543,853.0,161.2658260967483
IA,2020-12-26,2020,52,51,231.0,834.0,134.0,116.0,77.0,0.0,270.0,1,297.0,335.0,402.0,137.0,864.0,950.0,976.0,759.0,138.0,159.0,167.0,126.0,318.5,75.15982969645421,817.5,139.2970447161987
IA,2021-01-02,2021,53,52,191.0,743.0,120.0,113.0,79.0,0.0,225.0,1,231.0,297.0,411.0,257.0,834.0,864.0,622.0,860.0,134.0,138.0,163.0,146.0,263.5,64.67096205665518,847.75,85.40247849643083
IA,2021-01-09,2021,1,53,214.0,801.0,123.0,108.0,86.0,0.0,236.0,1,191.0,231.0,335.0,308.0,743.0,834.0,950.0,905.0,120.0,134.0,159.0,150.0,233.25,45.55125318437098,810.5,51.836280730777695
IA,2021-01-16,2021,2,54,164.0,754.0,114.0,88.0,56.0,0.0,197.0,0,214.0,191.0,297.0,424.0,801.0,743.0,864.0,998.0,123.0,120.0,138.0,163.0,200.0,29.063149634316435,783.0,42.292631351887536
IA,2021-01-23,2021,3,55,137.0,747.0,115.0,90.0,50.0,0.0,177.0,0,164.0,214.0,231.0,402.0,754.0,801.0,834.0,976.0,114.0,123.0,134.0,167.0,176.5,33.33166662499793,761.25,26.88710967483601
IA,2021-01-30,2021,4,56,114.0,645.0,102.0,61.0,36.0,0.0,139.0,0,137.0,164.0,191.0,411.0,747.0,754.0,743.0,622.0,115.0,114.0,120.0,163.0,157.25,42.99903099683372,736.75,65.69817349059252
IA,2021-02-06,2021,5,57,94.0,648.0,102.0,70.0,36.0,0.0,128.0,0,114.0,137.0,214.0,335.0,645.0,747.0,801.0,950.0,102.0,115.0,123.0,159.0,127.25,30.148244835589804,698.5,60.124870062229625
IA,2021-02-13,2021,6,58,74.0,611.0,98.0,57.0,36.0,0.0,95.0,0,94.0,114.0,164.0,297.0,648.0,645.0,754.0,864.0,102.0,102.0,114.0,138.0,104.75,26.99845674601916,662.75,58.61953599270465
IA,2021-02-20,2021,7,59,60.0,656.0,101.0,49.0,22.0,0.0,87.0,0,74.0,94.0,137.0,231.0,611.0,648.0,747.0,834.0,98.0,102.0,115.0,134.0,85.5,23.572582944316206,640.0,19.88299105600886
IA,2021-02-27,2021,8,60,53.0,585.0,91.0,52.0,22.0,0.0,83.0,0,60.0,74.0,114.0,191.0,656.0,611.0,645.0,743.0,101.0,98.0,102.0,120.0,70.25,18.080837001274784,625.0,33.095820481343694
IA,2021-03-06,2021,9,61,44.0,618.0,101.0,46.0,16.0,0.0,74.0,0,53.0,60.0,94.0,214.0,585.0,656.0,648.0,801.0,91.0,101.0,102.0,123.0,57.75,12.658988901172187,617.5,29.331439332793217
IA,2021-03-13,2021,10,62,42.0,558.0,93.0,40.0,17.0,0.0,65.0,0,44.0,53.0,74.0,164.0,618.0,585.0,611.0,754.0,101.0,91.0,98.0,114.0,49.75,8.341662504161505,604.25,42.33497372149881
IA,2021-03-20,2021,11,63,36.0,504.0,83.0,34.0,14.0,0.0,56.0,0,42.0,44.0,60.0,137.0,558.0,618.0,656.0,747.0,93.0,101.0,101.0,115.0,43.75,7.041543391425916,566.25,48.21047603996454
IA,2021-03-27,2021,12,64,30.0,563.0,91.0,38.0,15.0,0.0,53.0,0,36.0,42.0,53.0,114.0,504.0,558.0,585.0,645.0,83.0,93.0,91.0,102.0,38.0,6.324555320336809,560.75,46.585942085569066
IA,2021-04-03,2021,13,65,20.0,572.0,98.0,33.0,12.0,0.0,42.0,0,30.0,36.0,44.0,94.0,563.0,504.0,618.0,648.0,91.0,83.0,101.0,102.0,32.0,9.380831519646893,549.25,30.71780157064187
IA,2021-04-10,2021,14,66,32.0,626.0,107.0,53.0,13.0,0.0,72.0,0,20.0,30.0,42.0,74.0,572.0,563.0,558.0,611.0,98.0,91.0,93.0,98.0,29.5,6.8068592855540935,566.25,49.96248592694317
IA,2021-04-17,2021,15,67,26.0,571.0,96.0,35.0,14.0,0.0,53.0,0,32.0,20.0,36.0,60.0,626.0,572.0,504.0,656.0,107.0,98.0,83.0,101.0,27.0,5.291502622129243,583.0,28.948229652260157
IA,2021-04-24,2021,16,68,29.0,612.0,105.0,38.0,13.0,0.0,54.0,0,26.0,32.0,30.0,53.0,571.0,626.0,563.0,585.0,96.0,107.0,91.0,91.0,26.75,5.123475382979863,595.25,28.016364265669115
IA,2021-05-01,2021,17,69,23.0,633.0,109.0,35.0,10.0,0.0,48.0,0,29.0,26.0,20.0,44.0,612.0,571.0,572.0,618.0,105.0,96.0,98.0,101.0,27.5,3.8729833462075005,610.5,27.74286695110405
IA,2021-05-08,2021,18,70,21.0,567.0,96.0,32.0,14.0,0.0,45.0,0,23.0,29.0,32.0,42.0,633.0,612.0,626.0,558.0,109.0,105.0,107.0,93.0,24.75,3.500000000000093,595.75,32.09750769140799
IA,2021-05-15,2021,19,71,31.0,555.0,100.0,33.0,11.0,0.0,53.0,0,21.0,23.0,26.0,36.0,567.0,633.0,571.0,504.0,96.0,109.0,96.0,83.0,26.0,4.760952285695302,591.75,36.8544434227407
IA,2021-05-22,2021,20,72,18.0,531.0,98.0,28.0,10.0,0.0,36.0,0,31.0,21.0,29.0,30.0,555.0,567.0,612.0,563.0,100.0,96.0,105.0,91.0,23.25,5.560275772537484,571.5,43.646305685590335
IA,2021-05-29,2021,21,73,22.0,582.0,104.0,29.0,10.0,0.0,41.0,0,18.0,31.0,23.0,20.0,531.0,555.0,633.0,572.0,98.0,100.0,109.0,98.0,23.0,5.597618541248947,558.75,21.54646142641513
IA,2021-06-05,2021,22,74,15.0,555.0,104.0,33.0,14.0,0.0,42.0,0,22.0,18.0,21.0,32.0,582.0,531.0,567.0,626.0,104.0,98.0,96.0,107.0,21.5,6.952217871538117,555.75,20.83866598417459
IA,2021-06-12,2021,23,75,28.0,573.0,103.0,33.0,14.0,0.0,40.0,0,15.0,22.0,31.0,26.0,555.0,582.0,555.0,571.0,104.0,104.0,100.0,96.0,20.75,5.61990510002918,560.25,22.499999999999893
IA,2021-06-19,2021,24,76,13.0,596.0,105.0,30.0,14.0,0.0,36.0,0,28.0,15.0,18.0,29.0,573.0,555.0,531.0,612.0,103.0,104.0,98.0,105.0,19.5,6.855654600401092,576.5,17.17556403731753
IA,2021-06-26,2021,25,77,10.0,586.0,108.0,40.0,14.0,0.0,46.0,0,13.0,28.0,22.0,23.0,596.0,573.0,582.0,633.0,105.0,103.0,104.0,109.0,16.5,7.937253933193813,577.5,17.71063710504684
IA,2021-07-03,2021,26,78,28.0,545.0,100.0,32.0,14.0,0.0,37.0,0,10.0,13.0,15.0,21.0,586.0,596.0,555.0,567.0,108.0,105.0,104.0,96.0,19.75,9.604686356149307,575.0,22.10580617545223
IA,2021-07-10,2021,27,79,12.0,574.0,109.0,29.0,14.0,0.0,38.0,0,28.0,10.0,28.0,31.0,545.0,586.0,573.0,555.0,100.0,108.0,103.0,100.0,15.75,8.261355820929191,575.25,22.08128921357013
IA,2021-07-17,2021,28,80,15.0,568.0,103.0,32.0,14.0,0.0,40.0,0,12.0,28.0,13.0,18.0,574.0,545.0,596.0,531.0,109.0,100.0,105.0,98.0,16.25,8.098353742170934,568.25,17.211914478058375
IA,2021-07-24,2021,29,81,15.0,610.0,120.0,45.0,14.0,0.0,52.0,0,15.0,12.0,10.0,22.0,568.0,574.0,586.0,582.0,103.0,109.0,108.0,104.0,17.5,7.141428428542896,574.25,26.91189328159569
IA,2021-07-31,2021,30,82,16.0,551.0,101.0,30.0,10.0,0.0,36.0,0,15.0,15.0,28.0,15.0,610.0,568.0,545.0,555.0,120.0,103.0,100.0,104.0,14.5,1.732050807569066,575.75,24.824383174612723
IA,2021-08-07,2021,31,83,27.0,609.0,117.0,29.0,14.0,0.0,49.0,0,16.0,15.0,12.0,28.0,551.0,610.0,574.0,573.0,101.0,120.0,109.0,103.0,18.25,5.852349955359869,584.5,29.692872320923446
IA,2021-08-14,2021,32,84,35.0,571.0,108.0,49.0,17.0,0.0,67.0,0,27.0,16.0,15.0,13.0,609.0,551.0,568.0,596.0,117.0,101.0,103.0,105.0,23.25,9.53502316025857,585.25,29.170475941723364
IA,2021-08-21,2021,33,85,48.0,648.0,126.0,47.0,23.0,0.0,72.0,0,35.0,27.0,15.0,10.0,571.0,609.0,610.0,586.0,108.0,117.0,120.0,108.0,31.5,13.478377746103844,594.75,42.88259165053649
IA,2021-08-28,2021,34,86,53.0,680.0,125.0,55.0,27.0,0.0,81.0,0,48.0,35.0,16.0,28.0,648.0,571.0,551.0,545.0,126.0,108.0,101.0,100.0,40.75,11.898879499067718,627.0,47.29341039369714
IA,2021-09-04,2021,35,87,78.0,654.0,122.0,72.0,40.0,0.0,110.0,0,53.0,48.0,27.0,12.0,680.0,648.0,609.0,574.0,125.0,126.0,117.0,109.0,53.5,18.009256878986818,638.25,46.93523907115698
IA,2021-09-11,2021,36,88,73.0,697.0,129.0,63.0,28.0,0.0,108.0,0,78.0,53.0,35.0,15.0,654.0,680.0,571.0,568.0,122.0,125.0,108.0,103.0,63.0,14.71960144387977,669.75,22.867371223353633
IA,2021-09-18,2021,37,89,95.0,672.0,122.0,70.0,45.0,0.0,120.0,0,73.0,78.0,48.0,15.0,697.0,654.0,648.0,610.0,129.0,122.0,126.0,120.0,74.75,17.28920665232119,675.75,17.858238061652717
IA,2021-09-25,2021,38,90,98.0,728.0,134.0,71.0,43.0,0.0,127.0,0,95.0,73.0,53.0,16.0,672.0,697.0,680.0,551.0,122.0,129.0,125.0,101.0,86.0,12.355835328567123,687.75,32.107891034240495
IA,2021-10-02,2021,39,91,103.0,737.0,131.0,75.0,49.0,0.0,130.0,0,98.0,95.0,78.0,27.0,728.0,672.0,654.0,609.0,134.0,122.0,122.0,117.0,92.25,13.250786140200665,708.5,29.76015232935916
IA,2021-10-09,2021,40,92,117.0,721.0,120.0,93.0,59.0,0.0,152.0,0,103.0,98.0,73.0,35.0,737.0,728.0,697.0,571.0,131.0,134.0,129.0,108.0,103.25,9.742518497117022,714.5,29.080348461919453
IA,2021-10-16,2021,41,93,112.0,674.0,121.0,78.0,52.0,0.0,139.0,0,117.0,103.0,95.0,48.0,721.0,737.0,672.0,648.0,120.0,131.0,122.0,126.0,107.5,8.582928793055858,715.0,28.106938645110294
IA,2021-10-23,2021,42,94,105.0,756.0,128.0,68.0,37.0,0.0,136.0,0,112.0,117.0,98.0,53.0,674.0,721.0,728.0,680.0,121.0,120.0,134.0,125.0,109.25,6.4485140407177495,722.0,35.052341814301954
IA,2021-10-30,2021,43,95,88.0,747.0,126.0,73.0,39.0,0.0,122.0,0,105.0,112.0,103.0,78.0,756.0,674.0,737.0,654.0,128.0,121.0,131.0,122.0,105.5,12.66227994214841,724.5,36.79220932027134
IA,2021-11-06,2021,44,96,88.0,668.0,111.0,72.0,42.0,0.0,118.0,0,88.0,105.0,117.0,73.0,747.0,756.0,721.0,697.0,126.0,128.0,120.0,129.0,98.25,12.175795661885948,711.25,46.686007896727766
IA,2021-11-13,2021,45,97,92.0,717.0,122.0,75.0,42.0,0.0,126.0,0,88.0,88.0,112.0,95.0,668.0,747.0,674.0,672.0,111.0,126.0,121.0,122.0,93.25,8.057087976847923,722.0,39.67366884975468
IA,2021-11-20,2021,46,98,114.0,775.0,129.0,89.0,52.0,0.0,151.0,0,92.0,88.0,105.0,98.0,717.0,668.0,756.0,728.0,122.0,111.0,128.0,134.0,95.5,12.47664484814196,726.75,45.770259630754346
IA,2021-11-27,2021,47,99,98.0,747.0,122.0,72.0,40.0,0.0,130.0,0,114.0,92.0,88.0,103.0,775.0,717.0,747.0,737.0,129.0,122.0,126.0,131.0,98.0,11.430952132988194,726.75,45.770259630754346
IA,2021-12-04,2021,48,100,105.0,754.0,129.0,94.0,48.0,0.0,152.0,0,98.0,114.0,88.0,117.0,747.0,775.0,668.0,721.0,122.0,129.0,111.0,120.0,102.25,9.464847243000493,748.25,23.991317874041997
IA,2021-12-11,2021,49,101,126.0,824.0,134.0,100.0,65.0,0.0,161.0,0,105.0,98.0,92.0,112.0,754.0,747.0,717.0,674.0,129.0,122.0,122.0,121.0,110.75,12.093386622447852,775.0,34.76588366008638
IA,2021-12-18,2021,50,102,134.0,775.0,130.0,102.0,66.0,0.0,171.0,0,126.0,105.0,114.0,105.0,824.0,754.0,775.0,756.0,134.0,129.0,129.0,128.0,115.75,17.017148213885132,775.0,34.76588366008638
IA,2021-12-25,2021,51,103,148.0,820.0,131.0,121.0,75.0,0.0,196.0,0,134.0,126.0,98.0,88.0,775.0,824.0,747.0,747.0,130.0,134.0,122.0,126.0,128.25,17.969882210706537,793.25,34.32564638866971
ID,2020-02-29,2020,9,8,0.0,290.0,99.0,17.0,0.0,0.0,20.0,0,0.0,0.0,0.0,0.0,318.0,279.0,249.0,278.0,110.0,89.0,88.0,94.0,0.0,0.0,294.75,16.520189667999187
ID,2020-03-07,2020,10,9,0.0,278.0,96.0,17.0,0.0,0.0,20.0,0,0.0,0.0,0.0,0.0,290.0,318.0,292.0,292.0,99.0,110.0,104.0,96.0,0.0,0.0,291.25,18.643586922406694
ID,2020-03-14,2020,11,10,0.0,282.0,104.0,18.0,0.0,0.0,21.0,0,0.0,0.0,0.0,0.0,278.0,290.0,279.0,293.0,96.0,99.0,89.0,109.0,0.0,0.0,292.0,18.03699901129159
ID,2020-03-21,2020,12,11,0.0,308.0,103.0,22.0,0.0,0.0,26.0,0,0.0,0.0,0.0,0.0,282.0,278.0,318.0,275.0,104.0,96.0,110.0,100.0,0.0,0.0,289.5,13.304134695650088
ID,2020-03-28,2020,13,12,17.0,332.0,127.0,15.0,0.0,0.0,21.0,0,0.0,0.0,0.0,0.0,308.0,282.0,290.0,249.0,103.0,104.0,99.0,88.0,4.25,8.5,300.0,25.139610179953085
ID,2020-04-04,2020,14,13,17.0,271.0,94.0,15.0,0.0,0.0,22.0,0,17.0,0.0,0.0,0.0,332.0,308.0,278.0,292.0,127.0,103.0,96.0,104.0,8.5,9.814954576223638,298.25,27.32977619130218
ID,2020-04-11,2020,15,14,22.0,306.0,107.0,18.0,0.0,0.0,35.0,0,17.0,17.0,0.0,0.0,271.0,332.0,282.0,279.0,94.0,127.0,104.0,89.0,14.0,9.626352718795768,304.25,25.11805459558258
ID,2020-04-18,2020,16,15,12.0,283.0,101.0,13.0,0.0,0.0,20.0,0,22.0,17.0,0.0,0.0,306.0,271.0,308.0,318.0,107.0,94.0,103.0,110.0,17.0,4.0824829046386295,298.0,26.919633479426633
ID,2020-04-25,2020,17,16,12.0,262.0,101.0,15.0,0.0,0.0,24.0,0,12.0,22.0,17.0,0.0,283.0,306.0,332.0,290.0,101.0,107.0,127.0,99.0,15.75,4.78713553878169,280.5,19.052558883257674
ID,2020-05-02,2020,18,17,17.0,252.0,96.0,14.0,0.0,0.0,16.0,0,12.0,12.0,17.0,0.0,262.0,283.0,271.0,278.0,101.0,101.0,94.0,96.0,15.75,4.78713553878169,275.75,23.949599857478503
ID,2020-05-09,2020,19,18,17.0,304.0,117.0,16.5,0.0,0.0,13.0,0,17.0,12.0,22.0,0.0,252.0,262.0,306.0,282.0,96.0,101.0,107.0,104.0,14.5,2.886751345948128,275.25,23.11384866265246
ID,2020-05-16,2020,20,19,17.0,269.0,99.0,11.0,0.0,0.0,15.0,0,17.0,17.0,12.0,0.0,304.0,252.0,283.0,308.0,117.0,96.0,101.0,103.0,15.75,2.4999999999999987,271.75,22.603465810947394
ID,2020-05-23,2020,21,20,17.0,262.0,98.0,11.0,0.0,0.0,17.0,0,17.0,17.0,12.0,17.0,269.0,304.0,262.0,332.0,99.0,117.0,101.0,127.0,17.0,0.0,271.75,22.603465810947394
ID,2020-05-30,2020,22,21,17.0,279.0,103.0,16.5,0.0,0.0,12.0,0,17.0,17.0,17.0,17.0,262.0,269.0,252.0,271.0,98.0,99.0,96.0,94.0,17.0,0.0,278.5,18.375708603116994
ID,2020-06-06,2020,23,22,17.0,294.0,111.0,16.5,0.0,0.0,21.0,0,17.0,17.0,17.0,22.0,279.0,262.0,304.0,306.0,103.0,98.0,117.0,107.0,17.0,0.0,276.0,13.880441875771385
ID,2020-06-13,2020,24,23,17.0,286.0,107.0,10.0,0.0,0.0,13.0,0,17.0,17.0,17.0,12.0,294.0,279.0,269.0,283.0,111.0,103.0,99.0,101.0,17.0,0.0,280.25,13.622897391279677
ID,2020-06-20,2020,25,24,0.0,282.0,104.0,12.0,0.0,0.0,12.0,0,17.0,17.0,17.0,12.0,286.0,294.0,262.0,262.0,107.0,111.0,98.0,101.0,12.75,8.5,285.25,6.500000000000107
ID,2020-06-27,2020,26,25,17.0,296.0,117.0,14.0,0.0,0.0,17.0,0,0.0,17.0,17.0,17.0,282.0,286.0,279.0,252.0,104.0,107.0,103.0,96.0,12.75,8.5,289.5,6.60807586719978
ID,2020-07-04,2020,27,26,17.0,281.0,107.0,15.0,0.0,0.0,19.0,0,17.0,0.0,17.0,17.0,296.0,282.0,294.0,304.0,117.0,104.0,111.0,117.0,12.75,8.5,286.25,6.849574196011613
ID,2020-07-11,2020,28,27,15.0,287.0,111.0,16.5,0.0,0.0,20.0,0,17.0,17.0,17.0,17.0,281.0,296.0,286.0,269.0,107.0,117.0,107.0,99.0,12.25,8.220908303425682,286.5,6.855654600401151
ID,2020-07-18,2020,29,28,26.0,312.0,125.0,16.0,0.0,0.0,38.0,0,15.0,17.0,0.0,17.0,287.0,281.0,282.0,262.0,111.0,107.0,104.0,98.0,18.75,4.924428900898052,294.0,13.490737563232097
ID,2020-07-25,2020,30,29,45.0,328.0,131.0,27.0,23.0,0.0,49.0,0,26.0,15.0,17.0,17.0,312.0,287.0,296.0,279.0,125.0,111.0,117.0,103.0,25.75,13.696106502701172,302.0,21.9241115365405
ID,2020-08-01,2020,31,30,50.0,327.0,131.0,33.0,22.0,0.0,61.0,0,45.0,26.0,17.0,17.0,328.0,312.0,281.0,294.0,131.0,125.0,107.0,111.0,34.0,16.350331291240963,313.5,19.122412679017998
ID,2020-08-08,2020,32,31,40.0,312.0,118.0,22.0,15.0,0.0,47.0,0,50.0,45.0,15.0,17.0,327.0,328.0,287.0,286.0,131.0,131.0,111.0,107.0,40.25,10.340051579497398,319.75,8.958236433584558
ID,2020-08-15,2020,33,32,33.0,319.0,130.0,23.0,12.0,0.0,44.0,0,40.0,50.0,26.0,0.0,312.0,327.0,312.0,282.0,118.0,131.0,125.0,104.0,42.0,7.25718035235908,321.5,7.505553499465256
ID,2020-08-22,2020,34,33,57.0,360.0,142.0,30.0,23.0,0.0,64.0,0,33.0,40.0,45.0,17.0,319.0,312.0,328.0,296.0,130.0,118.0,131.0,117.0,45.0,10.614455552060438,329.5,21.236760581595348
ID,2020-08-29,2020,35,34,28.0,327.0,127.0,24.0,11.0,0.0,41.0,0,57.0,33.0,50.0,17.0,360.0,319.0,327.0,281.0,142.0,130.0,131.0,107.0,39.5,12.662279942148386,329.5,21.236760581595348
ID,2020-09-05,2020,36,35,38.0,352.0,133.0,31.0,17.0,0.0,52.0,0,28.0,57.0,40.0,15.0,327.0,360.0,312.0,287.0,127.0,142.0,118.0,111.0,39.0,12.675435561221029,339.5,19.604421270043538
ID,2020-09-12,2020,37,36,25.0,321.0,125.0,19.0,11.0,0.0,33.0,0,38.0,28.0,33.0,26.0,352.0,327.0,319.0,312.0,133.0,127.0,130.0,125.0,37.0,14.445299120013633,340.0,18.920887928424555
ID,2020-09-19,2020,38,37,18.0,320.0,115.0,12.0,0.0,0.0,25.0,0,25.0,38.0,57.0,45.0,321.0,352.0,360.0,328.0,125.0,133.0,142.0,131.0,27.25,8.301606270274847,330.0,14.988884770611474
ID,2020-09-26,2020,39,38,25.0,292.0,107.0,18.0,13.0,0.0,30.0,0,18.0,25.0,28.0,50.0,320.0,321.0,327.0,327.0,115.0,125.0,127.0,131.0,26.5,8.34665601703261,321.25,24.513601666557868
ID,2020-10-03,2020,40,39,31.0,328.0,125.0,23.0,14.0,0.0,40.0,0,25.0,18.0,38.0,40.0,292.0,320.0,352.0,312.0,107.0,115.0,133.0,118.0,24.75,5.315072906367324,315.25,15.90335394395373
ID,2020-10-10,2020,41,40,25.0,300.0,119.0,17.0,14.0,0.0,28.0,0,31.0,25.0,25.0,33.0,328.0,292.0,321.0,319.0,125.0,107.0,125.0,130.0,24.75,5.315072906367324,310.0,16.81269361722471
ID,2020-10-17,2020,42,41,37.0,326.0,116.0,23.0,13.0,0.0,47.0,0,25.0,31.0,18.0,57.0,300.0,328.0,320.0,360.0,119.0,125.0,115.0,142.0,29.5,5.744562646538028,311.5,18.211717839530365
ID,2020-10-24,2020,43,42,42.0,341.0,126.0,31.0,21.0,0.0,52.0,0,37.0,25.0,25.0,28.0,326.0,300.0,292.0,327.0,116.0,119.0,107.0,127.0,33.75,7.365459931328117,323.75,17.173137938847066
ID,2020-10-31,2020,44,43,69.0,351.0,131.0,41.0,27.0,0.0,83.0,0,42.0,37.0,31.0,38.0,341.0,326.0,328.0,352.0,126.0,116.0,125.0,133.0,43.25,18.589871794429712,329.5,22.188585654190202
ID,2020-11-07,2020,45,44,76.0,365.0,133.0,42.0,33.0,0.0,85.0,0,69.0,42.0,25.0,25.0,351.0,341.0,300.0,321.0,131.0,126.0,119.0,125.0,56.0,19.37352144896052,345.75,16.439282222773667
ID,2020-11-14,2020,46,45,83.0,410.0,150.0,47.0,34.0,0.0,96.0,0,76.0,69.0,37.0,18.0,365.0,351.0,326.0,320.0,133.0,131.0,116.0,115.0,67.5,17.935068069752806,366.75,30.467195473164292
ID,2020-11-21,2020,47,46,91.0,391.0,162.0,51.0,38.0,0.0,104.0,1,83.0,76.0,42.0,25.0,410.0,365.0,341.0,292.0,150.0,133.0,126.0,107.0,79.75,9.429563439877088,379.25,26.361272098794277
ID,2020-11-28,2020,48,47,99.0,424.0,158.0,57.0,47.0,0.0,109.0,1,91.0,83.0,69.0,31.0,391.0,410.0,351.0,328.0,162.0,150.0,131.0,125.0,87.25,9.945685831890462,397.5,25.540817005987417
ID,2020-12-05,2020,49,48,128.0,397.0,153.0,56.0,48.0,0.0,136.0,1,99.0,91.0,76.0,25.0,424.0,391.0,365.0,300.0,158.0,162.0,133.0,119.0,100.25,19.619293225462194,405.5,14.662878298615277
ID,2020-12-12,2020,50,49,99.0,373.0,130.0,52.0,41.0,0.0,110.0,1,128.0,99.0,83.0,37.0,397.0,424.0,410.0,326.0,153.0,158.0,150.0,116.0,104.25,16.276260831857748,396.25,21.124630174277677
ID,2020-12-19,2020,51,50,101.0,394.0,136.0,56.0,46.0,0.0,111.0,1,99.0,128.0,91.0,42.0,373.0,397.0,391.0,341.0,130.0,153.0,162.0,126.0,106.75,14.198004554631378,397.0,20.92844953645642
ID,2020-12-26,2020,52,51,98.0,390.0,140.0,64.0,53.0,0.0,110.0,1,101.0,99.0,99.0,69.0,394.0,373.0,424.0,351.0,136.0,130.0,158.0,131.0,106.5,14.38749456993816,388.5,10.723805294763743
ID,2021-01-02,2021,53,52,81.0,349.0,125.0,47.0,39.0,0.0,89.0,0,98.0,101.0,128.0,76.0,390.0,394.0,397.0,365.0,140.0,136.0,153.0,133.0,94.75,9.251126057585275,376.5,20.4694894904588
ID,2021-01-09,2021,1,53,78.0,389.0,131.0,51.0,38.0,0.0,91.0,0,81.0,98.0,99.0,83.0,349.0,390.0,373.0,410.0,125.0,140.0,130.0,150.0,89.5,11.676186592091327,380.5,21.11081871142542
ID,2021-01-16,2021,2,54,55.0,341.0,112.0,30.0,22.0,0.0,63.0,0,78.0,81.0,101.0,91.0,389.0,349.0,394.0,391.0,131.0,125.0,136.0,162.0,78.0,17.68238294649979,367.25,25.90205912020644
ID,2021-01-23,2021,3,55,64.0,339.0,126.0,46.0,38.0,0.0,72.0,0,55.0,78.0,98.0,99.0,341.0,389.0,390.0,424.0,112.0,131.0,140.0,158.0,69.5,12.179217270963404,354.5,23.402279091290875
ID,2021-01-30,2021,4,56,41.0,284.0,103.0,35.0,25.0,0.0,51.0,0,64.0,55.0,81.0,128.0,339.0,341.0,349.0,397.0,126.0,112.0,125.0,153.0,59.5,15.545631755148024,338.25,42.92143986401205
ID,2021-02-06,2021,5,57,39.0,328.0,116.0,31.0,18.0,0.0,52.0,0,41.0,64.0,78.0,99.0,284.0,339.0,389.0,373.0,103.0,126.0,131.0,130.0,49.75,11.87083260208258,323.0,26.620793877468593
ID,2021-02-13,2021,6,58,25.0,305.0,108.0,15.0,13.0,0.0,27.0,0,39.0,41.0,55.0,101.0,328.0,284.0,341.0,394.0,116.0,103.0,112.0,136.0,42.25,16.152915113584505,314.0,24.508501926202452
ID,2021-02-20,2021,7,59,28.0,298.0,95.0,27.0,13.0,0.0,42.0,0,25.0,39.0,64.0,98.0,305.0,328.0,339.0,390.0,108.0,116.0,126.0,140.0,33.25,7.932002689527196,303.75,18.373440976946487
ID,2021-02-27,2021,8,60,25.0,302.0,104.0,19.0,12.0,0.0,32.0,0,28.0,25.0,41.0,81.0,298.0,305.0,284.0,349.0,95.0,108.0,103.0,125.0,29.25,6.652067347825035,308.25,13.475286020464885
ID,2021-03-06,2021,9,61,23.0,307.0,105.0,22.0,13.0,0.0,32.0,0,25.0,28.0,39.0,78.0,302.0,298.0,328.0,389.0,104.0,95.0,116.0,131.0,25.25,2.0615528128088303,303.0,3.915780041490643
ID,2021-03-13,2021,10,62,13.0,310.0,107.0,21.0,0.0,0.0,27.0,0,23.0,25.0,25.0,55.0,307.0,302.0,305.0,341.0,105.0,104.0,108.0,112.0,22.25,6.499999999999999,304.25,5.315072906367622
ID,2021-03-20,2021,11,63,17.0,292.0,107.0,20.0,11.0,0.0,26.0,0,13.0,23.0,28.0,64.0,310.0,307.0,298.0,339.0,107.0,105.0,95.0,126.0,19.5,5.507570547286101,302.75,7.889866919029948
ID,2021-03-27,2021,12,64,12.0,300.0,100.0,17.0,0.0,0.0,22.0,0,17.0,13.0,25.0,41.0,292.0,310.0,302.0,284.0,107.0,107.0,104.0,103.0,16.25,4.991659710623979,302.25,8.015609770940893
ID,2021-04-03,2021,13,65,21.0,322.0,123.0,19.0,11.0,0.0,29.0,0,12.0,17.0,23.0,39.0,300.0,292.0,307.0,328.0,100.0,107.0,105.0,116.0,15.75,4.112987559751021,306.0,12.961481396815838
ID,2021-04-10,2021,14,66,27.0,342.0,119.0,33.0,14.0,0.0,46.0,0,21.0,12.0,13.0,25.0,322.0,300.0,310.0,305.0,123.0,100.0,107.0,108.0,19.25,6.344288770224759,314.0,22.568414506414406
ID,2021-04-17,2021,15,67,23.0,278.0,97.0,22.0,12.0,0.0,33.0,0,27.0,21.0,17.0,28.0,342.0,322.0,292.0,298.0,119.0,123.0,107.0,95.0,20.75,6.344288770224759,310.5,27.634519475950174
ID,2021-04-24,2021,16,68,15.0,281.0,101.0,21.0,0.0,0.0,27.0,0,23.0,27.0,12.0,25.0,278.0,342.0,300.0,302.0,97.0,119.0,100.0,104.0,21.5,4.999999999999999,305.75,31.415229852201776
ID,2021-05-01,2021,17,69,13.0,274.0,105.0,20.0,0.0,0.0,25.0,0,15.0,23.0,21.0,23.0,281.0,278.0,322.0,307.0,101.0,97.0,123.0,105.0,19.5,6.608075867199669,293.75,32.294220329134276
ID,2021-05-08,2021,18,70,12.0,275.0,105.0,12.0,0.0,0.0,17.0,0,13.0,15.0,27.0,13.0,274.0,281.0,342.0,310.0,105.0,101.0,119.0,107.0,15.75,4.991659710623978,277.0,3.162277660168861
ID,2021-05-15,2021,19,71,21.0,288.0,111.0,20.0,14.0,0.0,27.0,0,12.0,13.0,23.0,17.0,275.0,274.0,278.0,292.0,105.0,105.0,97.0,107.0,15.25,4.031128874149274,279.5,6.4549722436792605
ID,2021-05-22,2021,20,72,17.0,326.0,120.0,17.0,12.0,0.0,22.0,0,21.0,12.0,15.0,12.0,288.0,275.0,281.0,300.0,111.0,105.0,101.0,100.0,15.75,4.112987559751021,290.75,24.349880218733514
ID,2021-05-29,2021,21,73,17.0,322.0,121.0,17.0,0.0,0.0,25.0,0,17.0,21.0,13.0,21.0,326.0,288.0,274.0,322.0,120.0,111.0,105.0,123.0,16.75,3.6855573979159955,302.75,25.157835094989192
ID,2021-06-05,2021,22,74,12.0,292.0,107.0,16.0,0.0,0.0,21.0,0,17.0,17.0,12.0,27.0,322.0,326.0,275.0,342.0,121.0,120.0,105.0,119.0,16.75,3.6855573979159955,307.0,19.765289440498208
ID,2021-06-12,2021,23,75,15.0,324.0,123.0,24.0,0.0,0.0,30.0,0,12.0,17.0,21.0,23.0,292.0,322.0,288.0,278.0,107.0,121.0,111.0,97.0,15.25,2.362907813126302,316.0,16.083117442419866
ID,2021-06-19,2021,24,76,12.0,316.0,118.0,19.0,0.0,0.0,25.0,0,15.0,12.0,17.0,15.0,324.0,292.0,326.0,281.0,123.0,107.0,120.0,101.0,14.0,2.449489742783176,313.5,14.730919862656352
ID,2021-06-26,2021,25,77,14.0,294.0,109.0,17.0,10.0,0.0,21.0,0,12.0,15.0,17.0,13.0,316.0,324.0,322.0,274.0,118.0,123.0,121.0,105.0,13.25,1.499999999999997,306.5,15.947831618541027
ID,2021-07-03,2021,26,78,17.0,313.0,124.0,14.0,0.0,0.0,18.0,0,14.0,12.0,12.0,12.0,294.0,316.0,292.0,275.0,109.0,118.0,107.0,105.0,14.5,2.081665999466131,311.75,12.711543310445709
ID,2021-07-10,2021,27,79,17.0,290.0,110.0,16.0,0.0,0.0,19.0,0,17.0,14.0,15.0,21.0,313.0,294.0,324.0,288.0,124.0,109.0,123.0,111.0,15.0,2.4494897427831765,303.25,13.149778198383064
ID,2021-07-17,2021,28,80,10.0,299.0,116.0,11.0,0.0,0.0,15.0,0,17.0,17.0,12.0,17.0,290.0,313.0,316.0,326.0,110.0,124.0,118.0,120.0,14.5,3.3166247903553985,299.0,10.033277962195134
ID,2021-07-24,2021,29,81,18.0,323.0,129.0,20.0,12.0,0.0,26.0,0,10.0,17.0,14.0,17.0,299.0,290.0,294.0,322.0,116.0,110.0,109.0,121.0,15.5,3.6968455021364712,306.25,14.637281168304574
ID,2021-07-31,2021,30,82,20.0,337.0,135.0,18.0,0.0,0.0,29.0,0,18.0,10.0,17.0,12.0,323.0,299.0,313.0,292.0,129.0,116.0,124.0,107.0,16.25,4.349329450233295,312.25,21.59282288168927
ID,2021-08-07,2021,31,83,31.0,335.0,135.0,32.0,17.0,0.0,46.0,0,20.0,18.0,17.0,15.0,337.0,323.0,290.0,324.0,135.0,129.0,110.0,123.0,19.75,8.65544144839919,323.5,17.464249196573082
ID,2021-08-14,2021,32,84,43.0,331.0,125.0,33.0,25.0,0.0,51.0,0,31.0,20.0,10.0,12.0,335.0,337.0,299.0,316.0,135.0,135.0,116.0,118.0,28.0,11.51810169544733,331.5,6.1913918736691755
ID,2021-08-21,2021,33,85,46.0,346.0,141.0,41.0,28.0,0.0,59.0,0,43.0,31.0,18.0,14.0,331.0,335.0,323.0,294.0,125.0,135.0,129.0,109.0,35.0,11.916375287812986,337.25,6.344288770225035
ID,2021-08-28,2021,34,86,77.0,361.0,142.0,51.0,43.0,0.0,85.0,0,46.0,43.0,20.0,17.0,346.0,331.0,337.0,313.0,141.0,125.0,135.0,124.0,49.25,19.60229578391266,343.25,13.425721582097687
ID,2021-09-04,2021,35,87,93.0,410.0,159.0,68.0,57.0,0.0,104.0,1,77.0,46.0,31.0,17.0,361.0,346.0,335.0,290.0,142.0,141.0,135.0,110.0,64.75,24.308777564218786,362.0,34.26368339802368
ID,2021-09-11,2021,36,88,114.0,398.0,150.0,88.0,81.0,0.0,121.0,1,93.0,77.0,43.0,10.0,410.0,361.0,331.0,299.0,159.0,142.0,125.0,116.0,82.5,28.664728616658255,378.75,30.192438346932782
ID,2021-09-18,2021,37,89,151.0,465.0,180.0,95.0,80.0,0.0,166.0,1,114.0,93.0,46.0,18.0,398.0,410.0,346.0,323.0,150.0,159.0,141.0,129.0,108.75,31.983068437325812,408.5,43.05422937025664
ID,2021-09-25,2021,38,90,179.0,515.0,185.0,106.0,101.0,0.0,184.0,1,151.0,114.0,77.0,20.0,465.0,398.0,361.0,337.0,180.0,150.0,142.0,135.0,134.25,38.27422979847755,447.0,53.90732788777426
ID,2021-10-02,2021,39,91,191.0,509.0,186.0,116.0,104.0,0.0,203.0,1,179.0,151.0,93.0,31.0,515.0,465.0,410.0,335.0,185.0,180.0,159.0,135.0,158.75,34.218659626973505,471.75,53.98379386445533
ID,2021-10-09,2021,40,92,175.0,499.0,190.0,114.0,104.0,0.0,185.0,1,191.0,179.0,114.0,43.0,509.0,515.0,398.0,331.0,186.0,185.0,150.0,125.0,174.0,16.772994167212172,497.0,22.33084563259242
ID,2021-10-16,2021,41,93,141.0,477.0,190.0,107.0,90.0,0.0,158.0,1,175.0,191.0,151.0,46.0,499.0,509.0,465.0,346.0,190.0,186.0,180.0,141.0,171.5,21.439838307848007,500.0,16.693312034065375
ID,2021-10-23,2021,42,94,128.0,469.0,167.0,87.0,77.0,0.0,138.0,1,141.0,175.0,179.0,77.0,477.0,499.0,515.0,361.0,190.0,190.0,185.0,142.0,158.75,29.238958029770263,488.5,18.645821694596137
ID,2021-10-30,2021,43,95,136.0,443.0,164.0,91.0,78.0,0.0,149.0,1,128.0,141.0,191.0,93.0,469.0,477.0,509.0,410.0,167.0,190.0,186.0,159.0,145.0,20.70426687102605,472.0,23.122860261366288
ID,2021-11-06,2021,44,96,105.0,429.0,160.0,73.0,64.0,0.0,114.0,1,136.0,128.0,175.0,114.0,443.0,469.0,499.0,398.0,164.0,167.0,190.0,150.0,127.5,15.926916420533725,454.5,22.353224972398774
ID,2021-11-13,2021,45,97,100.0,415.0,151.0,73.0,65.0,0.0,108.0,1,105.0,136.0,141.0,151.0,429.0,443.0,477.0,465.0,160.0,164.0,190.0,180.0,117.25,17.46186320719146,439.0,23.03620339089478
ID,2021-11-20,2021,46,98,61.0,401.0,147.0,49.0,39.0,0.0,71.0,0,100.0,105.0,128.0,179.0,415.0,429.0,469.0,515.0,151.0,160.0,167.0,185.0,100.5,30.77336510685824,422.0,18.07392228230143
ID,2021-11-27,2021,47,99,51.0,381.0,158.0,46.0,33.0,0.0,64.0,0,61.0,100.0,136.0,191.0,401.0,415.0,443.0,509.0,147.0,151.0,164.0,186.0,79.25,27.232027712481006,406.5,20.485767417079405
ID,2021-12-04,2021,48,100,61.0,349.0,130.0,48.0,35.0,0.0,74.0,0,51.0,61.0,105.0,175.0,381.0,401.0,429.0,499.0,158.0,147.0,160.0,190.0,68.25,21.68524844220145,386.5,28.62982128247873
ID,2021-12-11,2021,49,101,42.0,370.0,142.0,45.0,30.0,0.0,57.0,0,61.0,51.0,100.0,141.0,349.0,381.0,415.0,477.0,130.0,158.0,151.0,190.0,53.75,9.142392101268333,375.25,21.70061443062551
ID,2021-12-18,2021,50,102,47.0,360.0,126.0,41.0,27.0,0.0,61.0,0,42.0,61.0,61.0,128.0,370.0,349.0,401.0,469.0,142.0,130.0,147.0,167.0,50.25,8.057087976847898,365.0,13.686976778432081
ID,2021-12-25,2021,51,103,55.0,399.0,137.0,43.0,30.0,0.0,70.0,0,47.0,42.0,51.0,136.0,360.0,370.0,381.0,443.0,126.0,142.0,158.0,164.0,51.25,8.421203397773203,369.5,21.455380055672258
IL,2020-02-29,2020,9,8,0.0,0.0,104.0,140.0,0.0,19.0,159.0,0,0.0,0.0,0.0,0.0,0.0,0.0,0.0,0.0,101.0,101.0,97.0,95.0,0.0,0.0,0.0,0.0
IL,2020-03-07,2020,10,9,0.0,0.0,106.0,173.0,0.0,27.0,200.0,0,0.0,0.0,0.0,0.0,0.0,0.0,0.0,0.0,104.0,101.0,99.0,95.0,0.0,0.0,0.0,0.0
IL,2020-03-14,2020,11,10,69.0,0.0,103.0,167.0,32.0,20.0,187.0,0,0.0,0.0,0.0,0.0,0.0,0.0,0.0,0.0,106.0,104.0,101.0,97.0,17.25,34.5,0.0,0.0
IL,2020-03-21,2020,12,11,14.0,0.0,106.0,169.0,32.0,22.0,200.0,0,69.0,0.0,0.0,0.0,0.0,0.0,0.0,0.0,103.0,106.0,101.0,98.0,20.75,32.836717253708535,0.0,0.0
IL,2020-03-28,2020,13,12,73.0,0.0,111.0,235.0,44.0,16.0,279.0,0,14.0,69.0,0.0,0.0,0.0,0.0,0.0,0.0,106.0,103.0,104.0,97.0,39.0,37.425481515495115,0.0,0.0
IL,2020-04-04,2020,14,13,299.0,0.0,125.0,370.0,177.0,0.0,498.0,0,73.0,14.0,0.0,0.0,0.0,0.0,0.0,0.0,111.0,106.0,106.0,99.0,113.75,126.39982858638166,0.0,0.0
IL,2020-04-11,2020,15,14,469.0,0.0,138.0,423.0,251.0,0.0,646.0,0,299.0,73.0,69.0,0.0,0.0,0.0,0.0,0.0,125.0,111.0,103.0,101.0,213.75,209.8656316154061,0.0,0.0
IL,2020-04-18,2020,16,15,591.0,0.0,145.0,506.0,325.0,0.0,777.0,1,469.0,299.0,14.0,0.0,0.0,0.0,0.0,0.0,138.0,125.0,106.0,101.0,358.0,224.58554420680477,0.0,0.0
IL,2020-04-25,2020,17,16,677.0,0.0,150.0,459.0,326.0,0.0,811.0,1,591.0,469.0,73.0,0.0,0.0,0.0,0.0,0.0,145.0,138.0,111.0,104.0,509.0,163.95934455427258,0.0,0.0
IL,2020-05-02,2020,18,17,741.0,0.0,146.0,529.0,376.0,0.0,894.0,1,677.0,591.0,299.0,0.0,0.0,0.0,0.0,0.0,150.0,145.0,125.0,106.0,619.5,117.65911212764894,0.0,0.0
IL,2020-05-09,2020,19,18,789.0,0.0,152.0,528.0,398.0,0.0,919.0,1,741.0,677.0,469.0,69.0,0.0,0.0,0.0,0.0,146.0,150.0,138.0,103.0,699.5,85.65628990331068,0.0,0.0
IL,2020-05-16,2020,20,19,699.0,0.0,145.0,434.0,318.0,0.0,817.0,1,789.0,741.0,591.0,14.0,0.0,0.0,0.0,0.0,152.0,146.0,145.0,106.0,726.5,49.406477308142534,0.0,0.0
IL,2020-05-23,2020,21,20,574.0,0.0,134.0,430.0,302.0,0.0,703.0,1,699.0,789.0,677.0,73.0,0.0,0.0,0.0,0.0,145.0,152.0,150.0,111.0,700.75,92.15340471192589,0.0,0.0
IL,2020-05-30,2020,22,21,470.0,0.0,130.0,301.0,209.0,0.0,562.0,0,574.0,699.0,741.0,299.0,0.0,0.0,0.0,0.0,134.0,145.0,146.0,125.0,633.0,139.93093534550061,0.0,0.0
IL,2020-06-06,2020,23,22,430.0,0.0,130.0,310.0,203.0,0.0,537.0,0,470.0,574.0,789.0,469.0,0.0,0.0,0.0,0.0,130.0,134.0,152.0,138.0,543.25,120.27018195158213,0.0,0.0
IL,2020-06-13,2020,24,23,319.0,0.0,121.0,262.0,166.0,0.0,415.0,0,430.0,470.0,699.0,591.0,0.0,0.0,0.0,0.0,130.0,130.0,145.0,145.0,448.25,105.39568302354706,0.0,0.0
IL,2020-06-20,2020,25,24,270.0,0.0,118.0,208.0,120.0,0.0,358.0,0,319.0,430.0,574.0,677.0,0.0,0.0,0.0,0.0,121.0,130.0,134.0,150.0,372.25,93.4179675794045,0.0,0.0
IL,2020-06-27,2020,26,25,150.0,0.0,113.0,138.0,54.0,0.0,234.0,0,270.0,319.0,470.0,741.0,0.0,0.0,0.0,0.0,118.0,121.0,130.0,146.0,292.25,116.07576548674291,0.0,0.0
IL,2020-07-04,2020,27,26,147.0,0.0,115.0,156.0,63.0,0.0,240.0,0,150.0,270.0,430.0,789.0,0.0,0.0,0.0,0.0,113.0,118.0,130.0,152.0,221.5,86.64294547163091,0.0,0.0
IL,2020-07-11,2020,28,27,111.0,0.0,115.0,152.0,45.0,0.0,218.0,0,147.0,150.0,319.0,699.0,0.0,0.0,0.0,0.0,115.0,113.0,121.0,145.0,169.5,69.30367955599476,0.0,0.0
IL,2020-07-18,2020,29,28,89.0,0.0,110.0,115.0,33.0,0.0,171.0,0,111.0,147.0,270.0,574.0,0.0,0.0,0.0,0.0,115.0,115.0,118.0,134.0,124.25,29.432125305522977,0.0,0.0
IL,2020-07-25,2020,30,29,82.0,0.0,108.0,134.0,38.0,0.0,179.0,0,89.0,111.0,150.0,470.0,0.0,0.0,0.0,0.0,110.0,115.0,113.0,130.0,107.25,29.238958029770362,0.0,0.0
IL,2020-08-01,2020,31,30,90.0,0.0,109.0,124.0,38.0,0.0,176.0,0,82.0,89.0,147.0,430.0,0.0,0.0,0.0,0.0,108.0,110.0,115.0,130.0,93.0,12.516655570345968,0.0,0.0
IL,2020-08-08,2020,32,31,98.0,0.0,113.0,138.0,40.0,0.0,196.0,0,90.0,82.0,111.0,319.0,0.0,0.0,0.0,0.0,109.0,108.0,115.0,121.0,89.75,6.551081335678312,0.0,0.0
IL,2020-08-15,2020,33,32,104.0,0.0,115.0,148.0,40.0,0.0,212.0,0,98.0,90.0,89.0,270.0,0.0,0.0,0.0,0.0,113.0,109.0,110.0,118.0,93.5,9.574271077563697,0.0,0.0
IL,2020-08-22,2020,34,33,98.0,0.0,114.0,141.0,41.0,0.0,198.0,0,104.0,98.0,82.0,150.0,0.0,0.0,0.0,0.0,115.0,113.0,108.0,113.0,97.5,5.744562646538558,0.0,0.0
IL,2020-08-29,2020,35,34,132.0,0.0,112.0,157.0,61.0,0.0,228.0,0,98.0,104.0,90.0,147.0,0.0,0.0,0.0,0.0,114.0,115.0,109.0,115.0,108.0,16.248076809272106,0.0,0.0
IL,2020-09-05,2020,36,35,119.0,0.0,115.0,148.0,50.0,0.0,218.0,0,132.0,98.0,98.0,111.0,0.0,0.0,0.0,0.0,112.0,114.0,113.0,115.0,113.25,15.305227865014167,0.0,0.0
IL,2020-09-12,2020,37,36,119.0,0.0,105.0,134.0,57.0,0.0,196.0,0,119.0,132.0,104.0,89.0,0.0,0.0,0.0,0.0,115.0,112.0,115.0,110.0,117.0,14.071247279470507,0.0,0.0
IL,2020-09-19,2020,38,37,131.0,0.0,104.0,154.0,52.0,0.0,234.0,0,119.0,119.0,98.0,82.0,0.0,0.0,0.0,0.0,105.0,115.0,114.0,108.0,125.25,7.228416147400908,0.0,0.0
IL,2020-09-26,2020,39,38,142.0,0.0,116.0,172.0,66.0,0.0,249.0,0,131.0,119.0,132.0,90.0,0.0,0.0,0.0,0.0,104.0,105.0,112.0,109.0,127.75,11.05667219374827,0.0,0.0
IL,2020-10-03,2020,40,39,150.0,0.0,106.0,169.0,63.0,0.0,257.0,0,142.0,131.0,119.0,98.0,0.0,0.0,0.0,0.0,116.0,104.0,115.0,113.0,135.5,13.478377746104051,0.0,0.0
IL,2020-10-10,2020,41,40,189.0,0.0,120.0,200.0,88.0,0.0,301.0,0,150.0,142.0,119.0,104.0,0.0,0.0,0.0,0.0,106.0,116.0,105.0,115.0,153.0,25.23225449036754,0.0,0.0
IL,2020-10-17,2020,42,41,229.0,0.0,112.0,212.0,102.0,0.0,340.0,0,189.0,150.0,131.0,98.0,0.0,0.0,0.0,0.0,120.0,106.0,104.0,114.0,177.5,40.00416644967546,0.0,0.0
IL,2020-10-24,2020,43,42,266.0,0.0,112.0,240.0,125.0,0.0,381.0,0,229.0,189.0,142.0,132.0,0.0,0.0,0.0,0.0,112.0,120.0,116.0,112.0,208.5,50.096573402446126,0.0,0.0
IL,2020-10-31,2020,44,43,333.0,0.0,120.0,238.0,140.0,0.0,431.0,0,266.0,229.0,150.0,119.0,0.0,0.0,0.0,0.0,112.0,112.0,106.0,115.0,254.25,61.19572425150856,0.0,0.0
IL,2020-11-07,2020,45,44,513.0,0.0,130.0,343.0,239.0,0.0,617.0,1,333.0,266.0,189.0,119.0,0.0,0.0,0.0,0.0,120.0,112.0,120.0,105.0,335.25,126.07504379006446,0.0,0.0
IL,2020-11-14,2020,46,45,675.0,0.0,140.0,424.0,320.0,0.0,779.0,1,513.0,333.0,229.0,131.0,0.0,0.0,0.0,0.0,130.0,120.0,112.0,104.0,446.75,184.47831850924922,0.0,0.0
IL,2020-11-21,2020,47,46,941.0,0.0,155.0,562.0,459.0,0.0,164.0,1,675.0,513.0,266.0,142.0,0.0,0.0,0.0,0.0,140.0,130.0,112.0,116.0,615.5,258.07169546465184,0.0,0.0
IL,2020-11-28,2020,48,47,941.0,0.0,151.0,570.0,467.0,0.0,164.0,1,941.0,675.0,333.0,150.0,0.0,0.0,0.0,0.0,155.0,140.0,120.0,106.0,767.5,210.97472202454335,0.0,0.0
IL,2020-12-05,2020,49,48,69.0,0.0,155.0,600.0,493.0,0.0,164.0,0,941.0,941.0,513.0,189.0,0.0,0.0,0.0,0.0,151.0,155.0,130.0,120.0,656.5,411.2497213778185,0.0,0.0
IL,2020-12-12,2020,50,49,69.0,0.0,156.0,576.0,458.0,0.0,164.0,0,69.0,941.0,675.0,229.0,0.0,0.0,0.0,0.0,155.0,151.0,140.0,112.0,505.0,503.44943473335366,0.0,0.0
IL,2020-12-19,2020,51,50,923.0,0.0,149.0,591.0,465.0,0.0,164.0,1,69.0,69.0,941.0,266.0,0.0,0.0,0.0,0.0,156.0,155.0,155.0,112.0,500.5,498.3074686710338,0.0,0.0
IL,2020-12-26,2020,52,51,875.0,0.0,138.0,556.0,430.0,0.0,164.0,1,923.0,69.0,941.0,333.0,0.0,0.0,0.0,0.0,149.0,156.0,151.0,120.0,484.0,479.60122324003027,0.0,0.0
IL,2021-01-02,2021,53,52,802.0,0.0,138.0,471.0,369.0,0.0,904.0,1,875.0,923.0,69.0,513.0,0.0,0.0,0.0,0.0,138.0,149.0,155.0,130.0,667.25,401.9240185242313,0.0,0.0
IL,2021-01-09,2021,1,53,646.0,0.0,121.0,451.0,333.0,0.0,764.0,1,802.0,875.0,69.0,675.0,0.0,0.0,0.0,0.0,138.0,138.0,156.0,140.0,811.5,121.03029923673377,0.0,0.0
IL,2021-01-16,2021,2,54,568.0,0.0,115.0,444.0,322.0,0.0,690.0,1,646.0,802.0,923.0,941.0,0.0,0.0,0.0,0.0,121.0,138.0,149.0,155.0,722.75,140.5924962435762,0.0,0.0
IL,2021-01-23,2021,3,55,477.0,0.0,113.0,397.0,277.0,0.0,597.0,0,568.0,646.0,875.0,941.0,0.0,0.0,0.0,0.0,115.0,121.0,138.0,151.0,623.25,137.73253065271106,0.0,0.0
IL,2021-01-30,2021,4,56,445.0,0.0,115.0,364.0,246.0,0.0,564.0,0,477.0,568.0,802.0,69.0,0.0,0.0,0.0,0.0,113.0,115.0,138.0,155.0,534.0,91.04943712072021,0.0,0.0
IL,2021-02-06,2021,5,57,347.0,0.0,116.0,304.0,188.0,0.0,463.0,0,445.0,477.0,646.0,69.0,0.0,0.0,0.0,0.0,115.0,113.0,121.0,156.0,459.25,91.18616488627346,0.0,0.0
IL,2021-02-13,2021,6,58,330.0,0.0,109.0,279.0,182.0,0.0,427.0,0,347.0,445.0,568.0,923.0,0.0,0.0,0.0,0.0,116.0,115.0,115.0,149.0,399.75,72.25591094621015,0.0,0.0
IL,2021-02-20,2021,7,59,222.0,0.0,111.0,235.0,121.0,0.0,336.0,0,330.0,347.0,477.0,875.0,0.0,0.0,0.0,0.0,109.0,116.0,113.0,138.0,336.0,91.34914704947525,0.0,0.0
IL,2021-02-27,2021,8,60,212.0,0.0,106.0,219.0,129.0,0.0,303.0,0,222.0,330.0,445.0,802.0,0.0,0.0,0.0,0.0,111.0,109.0,115.0,138.0,277.75,70.60866330226992,0.0,0.0
IL,2021-03-06,2021,9,61,145.0,0.0,102.0,188.0,89.0,0.0,244.0,0,212.0,222.0,347.0,646.0,0.0,0.0,0.0,0.0,106.0,111.0,116.0,121.0,227.25,76.55662392416905,0.0,0.0
IL,2021-03-13,2021,10,62,124.0,0.0,100.0,162.0,69.0,0.0,217.0,0,145.0,212.0,330.0,568.0,0.0,0.0,0.0,0.0,102.0,106.0,109.0,115.0,175.75,48.568679894214256,0.0,0.0
IL,2021-03-20,2021,11,63,120.0,0.0,100.0,155.0,67.0,0.0,208.0,0,124.0,145.0,222.0,477.0,0.0,0.0,0.0,0.0,100.0,102.0,111.0,113.0,150.25,42.601838770957436,0.0,0.0
IL,2021-03-27,2021,12,64,121.0,0.0,99.0,163.0,64.0,0.0,220.0,0,120.0,124.0,212.0,445.0,0.0,0.0,0.0,0.0,100.0,100.0,106.0,115.0,127.5,11.789826122550982,0.0,0.0
IL,2021-04-03,2021,13,65,119.0,0.0,105.0,169.0,70.0,0.0,218.0,0,121.0,120.0,145.0,347.0,0.0,0.0,0.0,0.0,99.0,100.0,102.0,116.0,121.0,2.1602468994659434,0.0,0.0
IL,2021-04-10,2021,14,66,133.0,0.0,106.0,155.0,72.0,0.0,216.0,0,119.0,121.0,124.0,330.0,0.0,0.0,0.0,0.0,105.0,99.0,100.0,109.0,123.25,6.551081335676746,0.0,0.0
IL,2021-04-17,2021,15,67,180.0,0.0,102.0,206.0,121.0,0.0,265.0,0,133.0,119.0,120.0,222.0,0.0,0.0,0.0,0.0,106.0,105.0,100.0,111.0,138.25,28.511693507518146,0.0,0.0
IL,2021-04-24,2021,16,68,200.0,0.0,111.0,213.0,126.0,0.0,287.0,0,180.0,133.0,121.0,212.0,0.0,0.0,0.0,0.0,102.0,106.0,99.0,106.0,158.0,38.27096375408715,0.0,0.0
IL,2021-05-01,2021,17,69,197.0,0.0,111.0,228.0,132.0,0.0,293.0,0,200.0,180.0,119.0,145.0,0.0,0.0,0.0,0.0,111.0,102.0,105.0,102.0,177.5,30.94618985701878,0.0,0.0
IL,2021-05-08,2021,18,70,211.0,0.0,106.0,216.0,130.0,0.0,297.0,0,197.0,200.0,133.0,124.0,0.0,0.0,0.0,0.0,111.0,111.0,106.0,100.0,197.0,12.832251036612865,0.0,0.0
IL,2021-05-15,2021,19,71,179.0,0.0,110.0,183.0,101.0,0.0,261.0,0,211.0,197.0,180.0,120.0,0.0,0.0,0.0,0.0,106.0,111.0,102.0,100.0,196.75,13.275918047351198,0.0,0.0
IL,2021-05-22,2021,20,72,188.0,0.0,113.0,206.0,121.0,0.0,273.0,0,179.0,211.0,200.0,121.0,0.0,0.0,0.0,0.0,110.0,106.0,111.0,99.0,193.75,13.64734406395564,0.0,0.0
IL,2021-05-29,2021,21,73,127.0,0.0,103.0,156.0,75.0,0.0,208.0,0,188.0,179.0,197.0,119.0,0.0,0.0,0.0,0.0,113.0,110.0,111.0,105.0,176.25,35.49060908653609,0.0,0.0
IL,2021-06-05,2021,22,74,120.0,0.0,112.0,165.0,74.0,0.0,211.0,0,127.0,188.0,211.0,133.0,0.0,0.0,0.0,0.0,103.0,113.0,106.0,106.0,153.5,34.952348514322345,0.0,0.0
IL,2021-06-12,2021,23,75,103.0,0.0,110.0,169.0,75.0,0.0,197.0,0,120.0,127.0,179.0,180.0,0.0,0.0,0.0,0.0,112.0,103.0,110.0,102.0,134.5,37.06300941190086,0.0,0.0
IL,2021-06-19,2021,24,76,72.0,0.0,108.0,121.0,42.0,0.0,151.0,0,103.0,120.0,188.0,200.0,0.0,0.0,0.0,0.0,110.0,112.0,113.0,111.0,105.5,24.501700621249096,0.0,0.0
IL,2021-06-26,2021,25,77,62.0,0.0,105.0,109.0,35.0,0.0,136.0,0,72.0,103.0,127.0,197.0,0.0,0.0,0.0,0.0,108.0,110.0,103.0,111.0,89.25,26.924276530050932,0.0,0.0
IL,2021-07-03,2021,26,78,45.0,0.0,109.0,106.0,23.0,0.0,128.0,0,62.0,72.0,120.0,211.0,0.0,0.0,0.0,0.0,105.0,108.0,112.0,106.0,70.5,24.365275838099013,0.0,0.0
IL,2021-07-10,2021,27,79,45.0,0.0,111.0,117.0,28.0,0.0,134.0,0,45.0,62.0,103.0,179.0,0.0,0.0,0.0,0.0,109.0,105.0,110.0,110.0,56.0,13.341664064125764,0.0,0.0
IL,2021-07-17,2021,28,80,43.0,0.0,111.0,126.0,22.0,0.0,147.0,0,45.0,45.0,72.0,188.0,0.0,0.0,0.0,0.0,111.0,109.0,108.0,113.0,48.75,8.883505314156762,0.0,0.0
IL,2021-07-24,2021,29,81,45.0,0.0,109.0,95.0,17.0,0.0,123.0,0,43.0,45.0,62.0,127.0,0.0,0.0,0.0,0.0,111.0,111.0,105.0,103.0,44.5,0.9999999999923974,0.0,0.0
IL,2021-07-31,2021,30,82,77.0,0.0,110.0,140.0,40.0,0.0,177.0,0,45.0,43.0,45.0,120.0,0.0,0.0,0.0,0.0,109.0,111.0,109.0,112.0,52.5,16.360521589076903,0.0,0.0
IL,2021-08-07,2021,31,83,96.0,0.0,112.0,150.0,60.0,0.0,186.0,0,77.0,45.0,45.0,103.0,0.0,0.0,0.0,0.0,110.0,109.0,111.0,110.0,65.25,25.74716812907104,0.0,0.0
IL,2021-08-14,2021,32,84,121.0,0.0,115.0,178.0,75.0,0.0,224.0,0,96.0,77.0,43.0,72.0,0.0,0.0,0.0,0.0,112.0,110.0,111.0,108.0,84.75,32.04554051138241,0.0,0.0
IL,2021-08-21,2021,33,85,200.0,0.0,122.0,242.0,131.0,0.0,311.0,0,121.0,96.0,45.0,62.0,0.0,0.0,0.0,0.0,115.0,112.0,109.0,105.0,123.5,54.08943211632612,0.0,0.0
IL,2021-08-28,2021,34,86,224.0,0.0,122.0,241.0,138.0,0.0,327.0,0,200.0,121.0,77.0,45.0,0.0,0.0,0.0,0.0,122.0,115.0,110.0,109.0,160.25,61.40778995100419,0.0,0.0
IL,2021-09-04,2021,35,87,253.0,0.0,125.0,253.0,164.0,0.0,342.0,0,224.0,200.0,96.0,45.0,0.0,0.0,0.0,0.0,122.0,122.0,112.0,111.0,199.5,56.64215155988796,0.0,0.0
IL,2021-09-11,2021,36,88,295.0,0.0,124.0,284.0,187.0,0.0,392.0,0,253.0,224.0,121.0,43.0,0.0,0.0,0.0,0.0,125.0,122.0,115.0,111.0,243.0,40.88194385463243,0.0,0.0
IL,2021-09-18,2021,37,89,280.0,0.0,116.0,268.0,173.0,0.0,375.0,0,295.0,253.0,200.0,45.0,0.0,0.0,0.0,0.0,124.0,125.0,122.0,109.0,263.0,31.272991542223547,0.0,0.0
IL,2021-09-25,2021,38,90,238.0,0.0,116.0,244.0,152.0,0.0,330.0,0,280.0,295.0,224.0,77.0,0.0,0.0,0.0,0.0,116.0,124.0,122.0,110.0,266.5,25.748786379167182,0.0,0.0
IL,2021-10-02,2021,39,91,249.0,0.0,119.0,265.0,159.0,0.0,355.0,0,238.0,280.0,253.0,96.0,0.0,0.0,0.0,0.0,116.0,116.0,125.0,112.0,265.5,26.51414716712543,0.0,0.0
IL,2021-10-09,2021,40,92,205.0,0.0,116.0,225.0,139.0,0.0,291.0,0,249.0,238.0,295.0,121.0,0.0,0.0,0.0,0.0,119.0,116.0,124.0,115.0,243.0,30.951575081084087,0.0,0.0
IL,2021-10-16,2021,41,93,211.0,0.0,113.0,214.0,128.0,0.0,297.0,0,205.0,249.0,280.0,200.0,0.0,0.0,0.0,0.0,116.0,119.0,116.0,122.0,225.75,21.124630174277257,0.0,0.0
IL,2021-10-23,2021,42,94,198.0,0.0,119.0,233.0,135.0,0.0,296.0,0,211.0,205.0,238.0,224.0,0.0,0.0,0.0,0.0,113.0,116.0,116.0,122.0,215.75,22.79437065008197,0.0,0.0
IL,2021-10-30,2021,43,95,184.0,0.0,114.0,223.0,112.0,0.0,295.0,0,198.0,211.0,249.0,253.0,0.0,0.0,0.0,0.0,119.0,113.0,119.0,125.0,199.5,11.618950038621602,0.0,0.0
IL,2021-11-06,2021,44,96,156.0,0.0,116.0,206.0,99.0,0.0,263.0,0,184.0,198.0,205.0,295.0,0.0,0.0,0.0,0.0,114.0,119.0,116.0,124.0,187.25,23.57081528783674,0.0,0.0
IL,2021-11-13,2021,45,97,164.0,0.0,116.0,229.0,98.0,0.0,296.0,0,156.0,184.0,211.0,280.0,0.0,0.0,0.0,0.0,116.0,114.0,113.0,116.0,175.5,19.070046320516674,0.0,0.0
IL,2021-11-20,2021,46,98,193.0,0.0,115.0,217.0,115.0,0.0,295.0,0,164.0,156.0,198.0,238.0,0.0,0.0,0.0,0.0,116.0,116.0,119.0,116.0,174.25,17.173137938846573,0.0,0.0
IL,2021-11-27,2021,47,99,233.0,0.0,123.0,242.0,132.0,0.0,343.0,0,193.0,164.0,184.0,249.0,0.0,0.0,0.0,0.0,115.0,116.0,114.0,119.0,186.5,34.83771902215545,0.0,0.0
IL,2021-12-04,2021,48,100,284.0,0.0,123.0,301.0,181.0,0.0,404.0,0,233.0,193.0,156.0,205.0,0.0,0.0,0.0,0.0,123.0,115.0,116.0,116.0,218.5,52.02883815731411,0.0,0.0
IL,2021-12-11,2021,49,101,365.0,0.0,126.0,324.0,223.0,0.0,468.0,0,284.0,233.0,164.0,211.0,0.0,0.0,0.0,0.0,123.0,123.0,116.0,113.0,268.75,74.19063283191474,0.0,0.0
IL,2021-12-18,2021,50,102,452.0,0.0,124.0,395.0,283.0,0.0,566.0,0,365.0,284.0,193.0,198.0,0.0,0.0,0.0,0.0,126.0,123.0,115.0,119.0,333.5,95.89056262218918,0.0,0.0
IL,2021-12-25,2021,51,103,554.0,0.0,134.0,481.0,354.0,0.0,682.0,1,452.0,365.0,233.0,184.0,0.0,0.0,0.0,0.0,124.0,126.0,123.0,114.0,413.75,115.96659001626281,0.0,0.0
IN,2020-02-29,2020,9,8,0.0,455.0,110.0,105.0,0.0,18.0,123.0,0,0.0,0.0,0.0,0.0,455.0,455.0,455.0,455.0,103.0,106.0,100.0,102.0,0.0,0.0,455.0,0.0
IN,2020-03-07,2020,10,9,0.0,455.0,102.0,96.0,0.0,14.0,110.0,0,0.0,0.0,0.0,0.0,455.0,455.0,455.0,455.0,110.0,103.0,96.0,96.0,0.0,0.0,455.0,0.0
IN,2020-03-14,2020,11,10,0.0,455.0,104.0,114.0,0.0,15.0,129.0,0,0.0,0.0,0.0,0.0,455.0,455.0,455.0,455.0,102.0,110.0,106.0,99.0,0.0,0.0,455.0,0.0
IN,2020-03-21,2020,12,11,15.0,455.0,100.0,94.0,26.0,14.0,115.0,0,0.0,0.0,0.0,0.0,455.0,455.0,455.0,455.0,104.0,102.0,103.0,102.0,3.75,7.5,455.0,0.0
IN,2020-03-28,2020,13,12,52.0,455.0,111.0,132.0,25.0,15.0,172.0,0,15.0,0.0,0.0,0.0,455.0,455.0,455.0,455.0,100.0,104.0,110.0,100.0,16.75,24.540782383616055,455.0,0.0
IN,2020-04-04,2020,14,13,160.0,455.0,119.0,219.0,92.0,0.0,292.0,0,52.0,15.0,0.0,0.0,455.0,455.0,455.0,455.0,111.0,100.0,102.0,96.0,56.75,72.21899565442138,455.0,0.0
IN,2020-04-11,2020,15,14,238.0,455.0,126.0,240.0,125.0,0.0,356.0,0,160.0,52.0,0.0,0.0,455.0,455.0,455.0,455.0,119.0,111.0,104.0,106.0,116.25,101.84424382359563,455.0,0.0
IN,2020-04-18,2020,16,15,274.0,455.0,120.0,221.0,130.0,0.0,365.0,0,238.0,160.0,15.0,0.0,455.0,455.0,455.0,455.0,126.0,119.0,100.0,103.0,181.0,98.28529900244492,455.0,0.0
IN,2020-04-25,2020,17,16,312.0,455.0,128.0,229.0,130.0,0.0,412.0,0,274.0,238.0,52.0,0.0,455.0,455.0,455.0,455.0,120.0,126.0,111.0,110.0,246.0,64.8074069840786,455.0,0.0
IN,2020-05-02,2020,18,17,294.0,455.0,123.0,223.0,115.0,0.0,406.0,0,312.0,274.0,160.0,0.0,455.0,455.0,455.0,455.0,128.0,120.0,119.0,102.0,279.5,31.722757341273656,455.0,0.0
IN,2020-05-09,2020,19,18,263.0,455.0,125.0,179.0,101.0,0.0,341.0,0,294.0,312.0,238.0,0.0,455.0,455.0,455.0,455.0,123.0,128.0,126.0,104.0,285.75,21.700614430625343,455.0,0.0
IN,2020-05-16,2020,20,19,257.0,455.0,131.0,155.0,81.0,0.0,332.0,0,263.0,294.0,274.0,15.0,455.0,455.0,455.0,455.0,125.0,123.0,120.0,100.0,281.5,26.006409466386007,455.0,0.0
IN,2020-05-23,2020,21,20,201.0,455.0,120.0,141.0,69.0,0.0,273.0,0,257.0,263.0,312.0,52.0,455.0,455.0,455.0,455.0,131.0,125.0,128.0,111.0,253.75,38.72445394493422,455.0,0.0
IN,2020-05-30,2020,22,21,146.0,455.0,118.0,134.0,65.0,0.0,215.0,0,201.0,257.0,294.0,160.0,455.0,455.0,455.0,455.0,120.0,131.0,123.0,119.0,216.75,54.81103903412157,455.0,0.0
IN,2020-06-06,2020,23,22,139.0,455.0,115.0,124.0,61.0,0.0,203.0,0,146.0,201.0,263.0,238.0,455.0,455.0,455.0,455.0,118.0,120.0,125.0,126.0,185.75,54.999242419024874,455.0,0.0
IN,2020-06-13,2020,24,23,127.0,455.0,116.0,116.0,56.0,0.0,187.0,0,139.0,146.0,257.0,274.0,455.0,455.0,455.0,455.0,115.0,118.0,131.0,120.0,153.25,32.78592177546126,455.0,0.0
IN,2020-06-20,2020,25,24,115.0,455.0,115.0,113.0,43.0,0.0,185.0,0,127.0,139.0,201.0,312.0,455.0,455.0,455.0,455.0,116.0,115.0,120.0,128.0,131.75,13.64734406395612,455.0,0.0
IN,2020-06-27,2020,26,25,83.0,455.0,113.0,102.0,22.0,0.0,163.0,0,115.0,127.0,146.0,294.0,455.0,455.0,455.0,455.0,115.0,116.0,118.0,123.0,116.0,24.083189157584556,455.0,0.0
IN,2020-07-04,2020,27,26,66.0,455.0,112.0,93.0,19.0,0.0,140.0,0,83.0,115.0,139.0,263.0,455.0,455.0,455.0,455.0,113.0,115.0,115.0,125.0,97.75,28.158776015066152,455.0,0.0
IN,2020-07-11,2020,28,27,82.0,455.0,118.0,103.0,38.0,0.0,147.0,0,66.0,83.0,127.0,257.0,455.0,455.0,455.0,455.0,112.0,113.0,116.0,131.0,86.5,20.53452377501521,455.0,0.0
IN,2020-07-18,2020,29,28,64.0,455.0,115.0,96.0,24.0,0.0,137.0,0,82.0,66.0,115.0,201.0,455.0,455.0,455.0,455.0,118.0,112.0,115.0,120.0,73.75,10.144785195688712,455.0,0.0
IN,2020-07-25,2020,30,29,77.0,455.0,113.0,103.0,31.0,0.0,150.0,0,64.0,82.0,83.0,146.0,455.0,455.0,455.0,455.0,115.0,118.0,113.0,118.0,72.25,8.655441448399085,455.0,0.0
IN,2020-08-01,2020,31,30,79.0,455.0,116.0,102.0,34.0,0.0,147.0,0,77.0,64.0,66.0,139.0,455.0,455.0,455.0,455.0,113.0,115.0,112.0,115.0,75.5,7.9372539331936585,455.0,0.0
IN,2020-08-08,2020,32,31,77.0,455.0,114.0,108.0,37.0,0.0,148.0,0,79.0,77.0,82.0,127.0,455.0,455.0,455.0,455.0,116.0,113.0,118.0,116.0,74.25,6.898067362191495,455.0,0.0
IN,2020-08-15,2020,33,32,102.0,455.0,116.0,107.0,38.0,0.0,171.0,0,77.0,79.0,64.0,115.0,455.0,455.0,455.0,455.0,114.0,116.0,115.0,115.0,83.75,12.203141671990242,455.0,0.0
IN,2020-08-22,2020,34,33,98.0,455.0,116.0,120.0,50.0,0.0,168.0,0,102.0,77.0,77.0,83.0,455.0,455.0,455.0,455.0,116.0,114.0,113.0,113.0,89.0,12.832251036613366,455.0,0.0
IN,2020-08-29,2020,35,34,79.0,455.0,113.0,103.0,37.0,0.0,145.0,0,98.0,102.0,79.0,66.0,455.0,455.0,455.0,455.0,116.0,116.0,116.0,112.0,89.0,12.832251036613366,455.0,0.0
IN,2020-09-05,2020,36,35,74.0,455.0,106.0,114.0,41.0,0.0,147.0,0,79.0,98.0,77.0,82.0,455.0,455.0,455.0,455.0,113.0,116.0,114.0,118.0,88.25,13.817259737974995,455.0,0.0
IN,2020-09-12,2020,37,36,90.0,455.0,111.0,117.0,46.0,0.0,161.0,0,74.0,79.0,102.0,64.0,455.0,455.0,455.0,455.0,106.0,113.0,116.0,115.0,85.25,10.812801055538978,455.0,0.0
IN,2020-09-19,2020,38,37,99.0,455.0,119.0,117.0,45.0,0.0,171.0,0,90.0,74.0,98.0,77.0,455.0,455.0,455.0,455.0,111.0,106.0,116.0,113.0,85.5,11.21011448053341,455.0,0.0
IN,2020-09-26,2020,39,38,101.0,455.0,118.0,110.0,41.0,0.0,170.0,0,99.0,90.0,79.0,79.0,455.0,455.0,455.0,455.0,119.0,111.0,113.0,116.0,91.0,12.301761391497214,455.0,0.0
IN,2020-10-03,2020,40,39,148.0,455.0,117.0,151.0,72.0,0.0,227.0,0,101.0,99.0,74.0,77.0,455.0,455.0,455.0,455.0,118.0,119.0,106.0,114.0,109.5,26.108746937887783,455.0,0.0
IN,2020-10-10,2020,41,40,142.0,455.0,120.0,150.0,73.0,0.0,219.0,0,148.0,101.0,90.0,102.0,455.0,455.0,455.0,455.0,117.0,118.0,111.0,116.0,122.5,26.108746937887783,455.0,0.0
IN,2020-10-17,2020,42,41,202.0,455.0,124.0,180.0,104.0,0.0,278.0,0,142.0,148.0,99.0,98.0,455.0,455.0,455.0,455.0,120.0,117.0,119.0,116.0,148.25,41.47589661478095,455.0,0.0
IN,2020-10-24,2020,43,42,209.0,455.0,118.0,167.0,94.0,0.0,282.0,0,202.0,142.0,101.0,79.0,455.0,455.0,455.0,455.0,124.0,120.0,118.0,113.0,175.25,35.13189434118232,455.0,0.0
IN,2020-10-31,2020,44,43,264.0,455.0,124.0,217.0,136.0,0.0,345.0,0,209.0,202.0,148.0,74.0,455.0,455.0,455.0,455.0,118.0,124.0,117.0,106.0,204.25,49.90908400949334,455.0,0.0
IN,2020-11-07,2020,45,44,336.0,455.0,134.0,224.0,163.0,0.0,397.0,0,264.0,209.0,142.0,90.0,455.0,455.0,455.0,455.0,124.0,118.0,120.0,111.0,252.75,62.0396378669852,455.0,0.0
IN,2020-11-14,2020,46,45,378.0,455.0,134.0,253.0,189.0,0.0,442.0,1,336.0,264.0,202.0,99.0,455.0,455.0,455.0,455.0,134.0,124.0,124.0,119.0,296.75,75.088281375991,455.0,0.0
IN,2020-11-21,2020,47,46,543.0,455.0,151.0,338.0,268.0,0.0,614.0,1,378.0,336.0,209.0,101.0,455.0,455.0,455.0,455.0,134.0,134.0,118.0,118.0,380.25,118.27193242692873,455.0,0.0
IN,2020-11-28,2020,48,47,614.0,455.0,159.0,372.0,298.0,0.0,689.0,1,543.0,378.0,264.0,148.0,455.0,455.0,455.0,455.0,151.0,134.0,124.0,117.0,467.75,132.24314727047295,455.0,0.0
IN,2020-12-05,2020,49,48,640.0,455.0,145.0,394.0,305.0,0.0,730.0,1,614.0,543.0,336.0,142.0,455.0,455.0,455.0,455.0,159.0,151.0,134.0,120.0,543.75,117.85973301627091,455.0,0.0
IN,2020-12-12,2020,50,49,741.0,455.0,159.0,428.0,342.0,0.0,828.0,1,640.0,614.0,378.0,202.0,455.0,455.0,455.0,455.0,145.0,159.0,134.0,124.0,634.5,81.98577112320564,455.0,0.0
IN,2020-12-19,2020,51,50,690.0,455.0,152.0,435.0,351.0,0.0,775.0,1,741.0,640.0,543.0,209.0,455.0,455.0,455.0,455.0,159.0,145.0,151.0,118.0,671.25,56.18644557779624,455.0,0.0
IN,2020-12-26,2020,52,51,616.0,455.0,145.0,365.0,290.0,0.0,691.0,1,690.0,741.0,614.0,264.0,455.0,455.0,455.0,455.0,152.0,159.0,159.0,124.0,671.75,55.51201071239742,455.0,0.0
IN,2021-01-02,2021,53,52,662.0,455.0,148.0,436.0,363.0,0.0,735.0,1,616.0,690.0,640.0,336.0,455.0,455.0,455.0,455.0,145.0,152.0,145.0,134.0,677.25,52.31554899517598,455.0,0.0
IN,2021-01-09,2021,1,53,556.0,455.0,138.0,365.0,284.0,0.0,637.0,1,662.0,616.0,741.0,378.0,455.0,455.0,455.0,455.0,148.0,145.0,159.0,134.0,631.0,58.57189314566039,455.0,0.0
IN,2021-01-16,2021,2,54,488.0,455.0,132.0,338.0,257.0,0.0,569.0,1,556.0,662.0,690.0,543.0,455.0,455.0,455.0,455.0,138.0,148.0,152.0,151.0,580.5,75.40778032360672,455.0,0.0
IN,2021-01-23,2021,3,55,428.0,455.0,127.0,286.0,208.0,0.0,506.0,1,488.0,556.0,616.0,614.0,455.0,455.0,455.0,455.0,132.0,138.0,145.0,159.0,533.5,100.36433629531953,455.0,0.0
IN,2021-01-30,2021,4,56,379.0,455.0,116.0,271.0,199.0,0.0,453.0,1,428.0,488.0,662.0,640.0,455.0,455.0,455.0,455.0,127.0,132.0,148.0,145.0,462.75,76.49564257742612,455.0,0.0
IN,2021-02-06,2021,5,57,294.0,455.0,116.0,232.0,164.0,0.0,362.0,0,379.0,428.0,556.0,741.0,455.0,455.0,455.0,455.0,116.0,127.0,138.0,159.0,397.25,82.00558924040887,455.0,0.0
IN,2021-02-13,2021,6,58,196.0,455.0,106.0,170.0,106.0,0.0,260.0,0,294.0,379.0,488.0,690.0,455.0,455.0,455.0,455.0,116.0,116.0,132.0,152.0,324.25,101.85733486925064,455.0,0.0
IN,2021-02-20,2021,7,59,159.0,455.0,109.0,123.0,74.0,0.0,208.0,0,196.0,294.0,428.0,616.0,455.0,455.0,455.0,455.0,106.0,116.0,127.0,145.0,257.0,99.2941757271459,455.0,0.0
IN,2021-02-27,2021,8,60,131.0,455.0,105.0,118.0,56.0,0.0,193.0,0,159.0,196.0,379.0,662.0,455.0,455.0,455.0,455.0,109.0,106.0,116.0,148.0,195.0,71.16647150636783,455.0,0.0
IN,2021-03-06,2021,9,61,109.0,455.0,107.0,106.0,47.0,0.0,169.0,0,131.0,159.0,294.0,556.0,455.0,455.0,455.0,455.0,105.0,109.0,116.0,138.0,148.75,37.56217068629905,455.0,0.0
IN,2021-03-13,2021,10,62,81.0,455.0,103.0,107.0,45.0,0.0,144.0,0,109.0,131.0,196.0,488.0,455.0,455.0,455.0,455.0,107.0,105.0,106.0,132.0,120.0,33.08574718314011,455.0,0.0
IN,2021-03-20,2021,11,63,60.0,455.0,97.0,97.0,31.0,0.0,126.0,0,81.0,109.0,159.0,428.0,455.0,455.0,455.0,455.0,103.0,107.0,109.0,127.0,95.25,31.15953572610901,455.0,0.0
IN,2021-03-27,2021,12,64,56.0,455.0,98.0,92.0,26.0,0.0,122.0,0,60.0,81.0,131.0,379.0,455.0,455.0,455.0,455.0,97.0,103.0,105.0,116.0,76.5,24.283053075481746,455.0,0.0
IN,2021-04-03,2021,13,65,61.0,455.0,96.0,90.0,28.0,0.0,123.0,0,56.0,60.0,109.0,294.0,455.0,455.0,455.0,455.0,98.0,97.0,107.0,116.0,64.5,11.210114480533354,455.0,0.0
IN,2021-04-10,2021,14,66,59.0,455.0,104.0,90.0,26.0,0.0,124.0,0,61.0,56.0,81.0,196.0,455.0,455.0,455.0,455.0,96.0,98.0,103.0,106.0,59.0,2.160246899468581,455.0,0.0
IN,2021-04-17,2021,15,67,80.0,455.0,108.0,98.0,37.0,0.0,141.0,0,59.0,61.0,60.0,159.0,455.0,455.0,455.0,455.0,104.0,96.0,97.0,109.0,64.0,10.862780491200077,455.0,0.0
IN,2021-04-24,2021,16,68,58.0,455.0,102.0,104.0,39.0,0.0,123.0,0,80.0,59.0,56.0,131.0,455.0,455.0,455.0,455.0,108.0,104.0,98.0,105.0,64.5,10.408329997330519,455.0,0.0
IN,2021-05-01,2021,17,69,76.0,455.0,110.0,114.0,53.0,0.0,137.0,0,58.0,80.0,61.0,109.0,455.0,455.0,455.0,455.0,102.0,108.0,96.0,107.0,68.25,11.383467544352655,455.0,0.0
IN,2021-05-08,2021,18,70,84.0,455.0,106.0,104.0,46.0,0.0,142.0,0,76.0,58.0,59.0,81.0,455.0,455.0,455.0,455.0,110.0,102.0,104.0,103.0,74.5,11.474609652038872,455.0,0.0
IN,2021-05-15,2021,19,71,83.0,455.0,102.0,101.0,45.0,0.0,139.0,0,84.0,76.0,80.0,60.0,455.0,455.0,455.0,455.0,106.0,110.0,108.0,97.0,75.25,12.038133853162774,455.0,0.0
IN,2021-05-22,2021,20,72,86.0,455.0,113.0,104.0,47.0,0.0,143.0,0,83.0,84.0,58.0,56.0,455.0,455.0,455.0,455.0,102.0,106.0,102.0,98.0,82.25,4.349329450232948,455.0,0.0
IN,2021-05-29,2021,21,73,77.0,455.0,109.0,96.0,47.0,0.0,126.0,0,86.0,83.0,76.0,61.0,455.0,455.0,455.0,455.0,113.0,102.0,110.0,96.0,82.5,3.8729833462070253,455.0,0.0
IN,2021-06-05,2021,22,74,73.0,455.0,120.0,107.0,51.0,0.0,129.0,0,77.0,86.0,84.0,59.0,455.0,455.0,455.0,455.0,109.0,113.0,106.0,104.0,79.75,5.8523499553595535,455.0,0.0
IN,2021-06-12,2021,23,75,56.0,455.0,108.0,99.0,30.0,0.0,126.0,0,73.0,77.0,83.0,80.0,455.0,455.0,455.0,455.0,120.0,109.0,102.0,108.0,73.0,12.569805089976416,455.0,0.0
IN,2021-06-19,2021,24,76,49.0,455.0,118.0,104.0,32.0,0.0,121.0,0,56.0,73.0,86.0,58.0,455.0,455.0,455.0,455.0,108.0,120.0,113.0,102.0,63.75,13.400870618483353,455.0,0.0
IN,2021-06-26,2021,25,77,45.0,455.0,109.0,96.0,27.0,0.0,114.0,0,49.0,56.0,77.0,76.0,455.0,455.0,455.0,455.0,118.0,108.0,109.0,110.0,55.75,12.365947867699578,455.0,0.0
IN,2021-07-03,2021,26,78,32.0,455.0,107.0,91.0,22.0,0.0,101.0,0,45.0,49.0,73.0,84.0,455.0,455.0,455.0,455.0,109.0,118.0,120.0,106.0,45.5,10.08298897483597,455.0,0.0
IN,2021-07-10,2021,27,79,38.0,455.0,111.0,84.0,24.0,0.0,98.0,0,32.0,45.0,56.0,83.0,455.0,455.0,455.0,455.0,107.0,109.0,108.0,102.0,41.0,7.527726527090615,455.0,0.0
IN,2021-07-17,2021,28,80,32.0,455.0,113.0,95.0,19.0,0.0,108.0,0,38.0,32.0,49.0,86.0,455.0,455.0,455.0,455.0,111.0,107.0,118.0,113.0,36.75,6.184658438426254,455.0,0.0
IN,2021-07-24,2021,29,81,31.0,455.0,105.0,78.0,18.0,0.0,91.0,0,32.0,38.0,45.0,77.0,455.0,455.0,455.0,455.0,113.0,111.0,109.0,109.0,33.25,3.2015621187159673,455.0,0.0
IN,2021-07-31,2021,30,82,51.0,455.0,116.0,106.0,34.0,0.0,123.0,0,31.0,32.0,32.0,73.0,455.0,455.0,455.0,455.0,105.0,113.0,107.0,120.0,38.0,9.201449161228016,455.0,0.0
IN,2021-08-07,2021,31,83,77.0,455.0,115.0,115.0,49.0,0.0,143.0,0,51.0,31.0,38.0,56.0,455.0,455.0,455.0,455.0,116.0,105.0,111.0,108.0,47.75,21.561926320870864,455.0,0.0
IN,2021-08-14,2021,32,84,109.0,455.0,122.0,140.0,69.0,0.0,180.0,0,77.0,51.0,32.0,49.0,455.0,455.0,455.0,455.0,115.0,116.0,113.0,118.0,67.0,33.74413529291666,455.0,0.0
IN,2021-08-21,2021,33,85,167.0,455.0,126.0,168.0,102.0,0.0,233.0,0,109.0,77.0,31.0,45.0,455.0,455.0,455.0,455.0,122.0,115.0,105.0,109.0,101.0,49.98666488841463,455.0,0.0
IN,2021-08-28,2021,34,86,204.0,455.0,133.0,195.0,127.0,0.0,272.0,0,167.0,109.0,51.0,32.0,455.0,455.0,455.0,455.0,126.0,122.0,116.0,107.0,139.25,57.0168103866453,455.0,0.0
IN,2021-09-04,2021,35,87,227.0,455.0,128.0,197.0,136.0,0.0,288.0,0,204.0,167.0,77.0,38.0,455.0,455.0,455.0,455.0,133.0,126.0,115.0,111.0,176.75,51.48705338885362,455.0,0.0
IN,2021-09-11,2021,36,88,312.0,455.0,140.0,266.0,202.0,0.0,376.0,0,227.0,204.0,109.0,32.0,455.0,455.0,455.0,455.0,128.0,133.0,122.0,113.0,227.5,61.51693533762332,455.0,0.0
IN,2021-09-18,2021,37,89,327.0,455.0,141.0,307.0,230.0,0.0,405.0,0,312.0,227.0,167.0,31.0,455.0,455.0,455.0,455.0,140.0,128.0,126.0,105.0,267.5,61.081912216301774,455.0,0.0
IN,2021-09-25,2021,38,90,335.0,455.0,146.0,290.0,216.0,0.0,410.0,0,327.0,312.0,204.0,51.0,455.0,455.0,455.0,455.0,141.0,140.0,133.0,116.0,300.25,49.75523423051416,455.0,0.0
IN,2021-10-02,2021,39,91,303.0,455.0,138.0,285.0,214.0,0.0,374.0,0,335.0,327.0,227.0,77.0,455.0,455.0,455.0,455.0,146.0,141.0,128.0,115.0,319.25,14.43086968966163,455.0,0.0
IN,2021-10-09,2021,40,92,276.0,455.0,134.0,264.0,181.0,0.0,359.0,0,303.0,335.0,312.0,109.0,455.0,455.0,455.0,455.0,138.0,146.0,140.0,122.0,310.25,26.57536453183653,455.0,0.0
IN,2021-10-16,2021,41,93,248.0,455.0,134.0,220.0,156.0,0.0,312.0,0,276.0,303.0,327.0,167.0,455.0,455.0,455.0,455.0,134.0,138.0,141.0,126.0,290.5,37.20663023351253,455.0,0.0
IN,2021-10-23,2021,42,94,225.0,455.0,127.0,222.0,155.0,0.0,292.0,0,248.0,276.0,335.0,204.0,455.0,455.0,455.0,455.0,134.0,134.0,146.0,133.0,263.0,33.85262175962146,455.0,0.0
IN,2021-10-30,2021,43,95,192.0,455.0,128.0,197.0,133.0,0.0,257.0,0,225.0,248.0,303.0,227.0,455.0,455.0,455.0,455.0,127.0,134.0,138.0,128.0,235.25,35.58440669731611,455.0,0.0
IN,2021-11-06,2021,44,96,203.0,455.0,124.0,190.0,133.0,0.0,260.0,0,192.0,225.0,276.0,312.0,455.0,455.0,455.0,455.0,128.0,127.0,134.0,140.0,217.0,24.80591327351865,455.0,0.0
IN,2021-11-13,2021,45,97,197.0,455.0,131.0,181.0,114.0,0.0,264.0,0,203.0,192.0,248.0,327.0,455.0,455.0,455.0,455.0,124.0,128.0,134.0,141.0,204.25,14.545904349105582,455.0,0.0
IN,2021-11-20,2021,46,98,201.0,455.0,129.0,200.0,138.0,0.0,264.0,0,197.0,203.0,225.0,335.0,455.0,455.0,455.0,455.0,131.0,124.0,127.0,146.0,198.25,4.856267428110681,455.0,0.0
IN,2021-11-27,2021,47,99,244.0,455.0,132.0,211.0,140.0,0.0,315.0,0,201.0,197.0,192.0,303.0,455.0,455.0,455.0,455.0,129.0,131.0,128.0,138.0,211.25,21.975364995072596,455.0,0.0
IN,2021-12-04,2021,48,100,301.0,455.0,134.0,274.0,193.0,0.0,382.0,0,244.0,201.0,203.0,276.0,455.0,455.0,455.0,455.0,132.0,129.0,124.0,134.0,235.75,48.424339610021136,455.0,0.0
IN,2021-12-11,2021,49,101,400.0,455.0,138.0,332.0,256.0,0.0,478.0,1,301.0,244.0,197.0,248.0,455.0,455.0,455.0,455.0,134.0,132.0,131.0,134.0,286.5,86.04068804931767,455.0,0.0
IN,2021-12-18,2021,50,102,432.0,455.0,141.0,370.0,295.0,0.0,508.0,1,400.0,301.0,201.0,225.0,455.0,455.0,455.0,455.0,138.0,134.0,129.0,127.0,344.25,87.04165669379229,455.0,0.0
IN,2021-12-25,2021,51,103,471.0,455.0,139.0,375.0,291.0,0.0,555.0,1,432.0,400.0,244.0,192.0,455.0,455.0,455.0,455.0,141.0,138.0,132.0,128.0,401.0,72.71405182860688,455.0,0.0
KS,2020-02-29,2020,9,8,0.0,548.0,100.0,33.0,0.0,14.0,47.0,0,0.0,0.0,0.0,0.0,559.0,575.0,549.0,591.0,98.0,101.0,98.0,100.0,0.0,0.0,546.25,30.890937182286986
KS,2020-03-07,2020,10,9,0.0,575.0,102.0,43.0,0.0,14.0,57.0,0,0.0,0.0,0.0,23.0,548.0,559.0,503.0,560.0,100.0,98.0,91.0,97.0,0.0,0.0,564.25,13.200378782444133
KS,2020-03-14,2020,11,10,23.0,522.0,94.0,47.0,0.0,0.0,55.0,0,0.0,0.0,0.0,0.0,575.0,548.0,575.0,576.0,102.0,100.0,101.0,104.0,5.75,11.5,551.0,22.286019533929057
KS,2020-03-21,2020,12,11,23.0,515.0,96.0,27.0,0.0,15.0,43.0,0,23.0,0.0,0.0,0.0,522.0,575.0,559.0,571.0,94.0,102.0,98.0,100.0,11.5,13.279056191361393,540.0,27.313000567495347
KS,2020-03-28,2020,13,12,23.0,523.0,100.0,43.0,13.0,0.0,48.0,0,23.0,23.0,0.0,0.0,515.0,522.0,548.0,549.0,96.0,94.0,100.0,98.0,17.25,11.5,533.75,27.729346668586842
KS,2020-04-04,2020,14,13,21.0,550.0,109.0,43.0,13.0,0.0,55.0,0,23.0,23.0,0.0,0.0,523.0,515.0,575.0,503.0,100.0,96.0,102.0,91.0,22.5,1.0,527.5,15.416441439796285
KS,2020-04-11,2020,15,14,37.0,525.0,103.0,57.0,14.0,0.0,81.0,0,21.0,23.0,23.0,0.0,550.0,523.0,522.0,575.0,109.0,100.0,94.0,101.0,26.0,7.393691004272944,528.25,15.129992289048538
KS,2020-04-18,2020,16,15,42.0,546.0,112.0,44.0,21.0,0.0,66.0,0,37.0,21.0,23.0,0.0,525.0,550.0,515.0,559.0,103.0,109.0,96.0,98.0,30.75,10.3400515794974,536.0,13.976170195491152
KS,2020-04-25,2020,17,16,22.0,541.0,112.0,42.0,13.0,0.0,52.0,0,42.0,37.0,23.0,0.0,546.0,525.0,523.0,548.0,112.0,103.0,100.0,100.0,30.5,10.598742063723098,540.5,10.969655114602965
KS,2020-05-02,2020,18,17,26.0,526.0,108.0,35.0,13.0,0.0,48.0,0,22.0,42.0,21.0,0.0,541.0,546.0,550.0,575.0,112.0,112.0,109.0,102.0,31.75,9.322910847297997,534.5,10.598742063723185
KS,2020-05-09,2020,19,18,34.0,507.0,103.0,40.0,15.0,0.0,59.0,0,26.0,22.0,37.0,23.0,526.0,541.0,525.0,522.0,108.0,112.0,103.0,94.0,31.0,8.86942313043338,530.0,17.53092505640632
KS,2020-05-16,2020,20,19,27.0,530.0,113.0,35.0,13.0,0.0,56.0,0,34.0,26.0,42.0,23.0,507.0,526.0,546.0,515.0,103.0,108.0,112.0,96.0,27.25,4.991659710623979,526.0,14.165686240583907
KS,2020-05-23,2020,21,20,10.0,520.0,108.0,25.0,13.0,0.0,30.0,0,27.0,34.0,22.0,23.0,530.0,507.0,541.0,523.0,113.0,103.0,112.0,100.0,24.25,10.1447851956888,520.75,10.045728777279836
KS,2020-05-30,2020,22,21,14.0,506.0,107.0,23.0,13.0,0.0,33.0,0,10.0,27.0,26.0,21.0,520.0,530.0,526.0,550.0,108.0,113.0,108.0,109.0,21.25,11.176612486199325,515.75,11.441882129556667
KS,2020-06-06,2020,23,22,18.0,499.0,103.0,30.0,13.0,0.0,41.0,0,14.0,10.0,34.0,37.0,506.0,520.0,507.0,525.0,107.0,108.0,103.0,103.0,17.25,7.274384280931732,513.75,13.913422775626954
KS,2020-06-13,2020,24,23,23.0,516.0,110.0,33.0,13.0,0.0,38.0,0,18.0,14.0,27.0,42.0,499.0,506.0,530.0,546.0,103.0,107.0,113.0,112.0,16.25,5.560275772537426,510.25,9.535023160258609
KS,2020-06-20,2020,25,24,20.0,508.0,107.0,34.0,14.0,0.0,40.0,0,23.0,18.0,10.0,22.0,516.0,499.0,520.0,541.0,110.0,103.0,108.0,112.0,18.75,3.774917217635375,507.25,6.994045086119196
KS,2020-06-27,2020,26,25,17.0,521.0,104.0,31.0,11.0,0.0,37.0,0,20.0,23.0,14.0,26.0,508.0,516.0,506.0,526.0,107.0,110.0,107.0,108.0,19.5,2.645751311064591,511.0,9.626352718795836
KS,2020-07-04,2020,27,26,12.0,562.0,117.0,28.0,13.0,0.0,32.0,0,17.0,20.0,18.0,34.0,521.0,508.0,499.0,507.0,104.0,107.0,103.0,103.0,18.0,4.69041575982343,526.75,24.10221289978719
KS,2020-07-11,2020,28,27,16.0,504.0,107.0,14.0,0.0,0.0,30.0,0,12.0,17.0,23.0,27.0,562.0,521.0,516.0,530.0,117.0,104.0,110.0,113.0,16.25,3.3040379335998344,523.75,26.512575632455405
KS,2020-07-18,2020,29,28,24.0,518.0,108.0,25.0,13.0,0.0,40.0,0,16.0,12.0,20.0,10.0,504.0,562.0,508.0,520.0,107.0,117.0,107.0,108.0,17.25,4.9916597106239795,526.25,24.958298553119928
KS,2020-07-25,2020,30,29,35.0,540.0,114.0,35.0,13.0,0.0,57.0,0,24.0,16.0,17.0,14.0,518.0,504.0,521.0,506.0,108.0,107.0,104.0,107.0,21.75,10.1447851956888,531.0,25.42964149701423
KS,2020-08-01,2020,31,30,40.0,543.0,119.0,40.0,19.0,0.0,61.0,0,35.0,24.0,12.0,18.0,540.0,518.0,562.0,499.0,114.0,108.0,117.0,103.0,28.75,10.812801055539063,526.25,18.55397531527951
KS,2020-08-08,2020,32,31,37.0,601.0,129.0,44.0,16.0,0.0,65.0,0,40.0,35.0,16.0,23.0,543.0,540.0,504.0,516.0,119.0,114.0,107.0,110.0,34.0,6.97614984548545,550.5,35.46359635833158
KS,2020-08-15,2020,33,32,40.0,577.0,124.0,41.0,15.0,0.0,66.0,0,37.0,40.0,24.0,20.0,601.0,543.0,518.0,508.0,129.0,119.0,108.0,107.0,38.0,2.449489742783176,565.25,29.14761282392325
KS,2020-08-22,2020,34,33,40.0,514.0,112.0,36.0,12.0,0.0,64.0,0,40.0,37.0,35.0,17.0,577.0,601.0,540.0,521.0,124.0,129.0,114.0,104.0,39.25,1.499999999999997,558.75,38.16084380618439
KS,2020-08-29,2020,35,34,51.0,532.0,117.0,35.0,15.0,0.0,71.0,0,40.0,40.0,40.0,12.0,514.0,577.0,543.0,562.0,112.0,124.0,119.0,117.0,42.0,6.164414002968976,556.0,40.024992192379024
KS,2020-09-05,2020,36,35,39.0,566.0,118.0,53.0,15.0,0.0,77.0,0,51.0,40.0,37.0,16.0,532.0,514.0,601.0,504.0,117.0,112.0,129.0,107.0,42.5,5.686240703077327,547.25,29.29590415058053
KS,2020-09-12,2020,37,36,56.0,581.0,122.0,39.0,19.0,0.0,76.0,0,39.0,51.0,40.0,24.0,566.0,532.0,577.0,518.0,118.0,117.0,124.0,108.0,46.5,8.346656017032608,548.25,30.685229888878702
KS,2020-09-19,2020,38,37,51.0,553.0,112.0,41.0,17.0,0.0,75.0,0,56.0,39.0,40.0,35.0,581.0,566.0,514.0,540.0,122.0,118.0,112.0,114.0,49.25,7.2284161474004796,558.0,20.768565991260328
KS,2020-09-26,2020,39,38,57.0,601.0,124.0,43.0,25.0,0.0,75.0,0,51.0,56.0,51.0,40.0,553.0,581.0,532.0,543.0,112.0,122.0,117.0,119.0,50.75,8.261355820929152,575.25,20.6296711882021
KS,2020-10-03,2020,40,39,69.0,580.0,117.0,48.0,31.0,0.0,86.0,0,57.0,51.0,39.0,37.0,601.0,553.0,566.0,601.0,124.0,112.0,118.0,129.0,58.25,7.6321687612368745,578.75,19.70406049523809
KS,2020-10-10,2020,41,40,84.0,638.0,136.0,51.0,29.0,0.0,106.0,0,69.0,57.0,56.0,40.0,580.0,601.0,581.0,577.0,117.0,124.0,122.0,124.0,65.25,14.568802284333465,593.0,35.86084215408225
KS,2020-10-17,2020,42,41,98.0,636.0,128.0,67.0,44.0,0.0,121.0,0,84.0,69.0,51.0,40.0,638.0,580.0,553.0,514.0,136.0,117.0,112.0,112.0,77.0,17.832554500127006,613.75,28.194266556636446
KS,2020-10-24,2020,43,42,119.0,658.0,134.0,72.0,45.0,0.0,146.0,0,98.0,84.0,57.0,51.0,636.0,638.0,601.0,532.0,128.0,136.0,124.0,117.0,92.5,21.268129521265692,628.0,33.50621832834419
KS,2020-10-31,2020,44,43,89.0,577.0,112.0,68.0,47.0,0.0,110.0,0,119.0,98.0,69.0,39.0,658.0,636.0,580.0,566.0,134.0,128.0,117.0,118.0,97.5,15.459624833740303,627.25,34.94161797436788
KS,2020-11-07,2020,45,44,140.0,679.0,133.0,82.0,56.0,0.0,166.0,0,89.0,119.0,84.0,56.0,577.0,658.0,638.0,581.0,112.0,134.0,136.0,122.0,111.5,22.78157149978903,637.5,43.988634895845564
KS,2020-11-14,2020,46,45,160.0,719.0,143.0,106.0,78.0,0.0,188.0,1,140.0,89.0,98.0,51.0,679.0,577.0,636.0,553.0,133.0,112.0,128.0,112.0,127.0,30.364452901377952,658.25,59.785031571456095
KS,2020-11-21,2020,47,46,239.0,782.0,149.0,125.0,103.0,0.0,261.0,1,160.0,140.0,119.0,57.0,719.0,679.0,658.0,601.0,143.0,133.0,134.0,124.0,157.0,62.30569797378086,689.25,86.00920493373563
KS,2020-11-28,2020,48,47,280.0,814.0,162.0,136.0,116.0,0.0,300.0,1,239.0,160.0,89.0,69.0,782.0,719.0,577.0,580.0,149.0,143.0,112.0,117.0,204.75,65.90586721478851,748.5,60.863234660452754
KS,2020-12-05,2020,49,48,311.0,870.0,168.0,164.0,138.0,0.0,337.0,1,280.0,239.0,140.0,84.0,814.0,782.0,679.0,638.0,162.0,149.0,133.0,136.0,247.5,65.36308846232203,796.25,63.04694018480732
KS,2020-12-12,2020,50,49,330.0,880.0,161.0,175.0,148.0,0.0,357.0,1,311.0,280.0,160.0,98.0,870.0,814.0,719.0,636.0,168.0,162.0,143.0,128.0,290.0,39.75759885439093,836.5,46.51523048063582
KS,2020-12-19,2020,51,50,318.0,931.0,177.0,176.0,144.0,0.0,350.0,1,330.0,311.0,239.0,119.0,880.0,870.0,782.0,658.0,161.0,168.0,149.0,134.0,309.75,21.328775554791388,873.75,47.96092159247992
KS,2020-12-26,2020,52,51,288.0,855.0,151.0,125.0,101.0,0.0,312.0,1,318.0,330.0,280.0,89.0,931.0,880.0,814.0,577.0,177.0,161.0,162.0,112.0,311.75,17.67059704707229,884.0,32.97473780537672
KS,2021-01-02,2021,53,52,250.0,811.0,144.0,151.0,124.0,0.0,277.0,1,288.0,318.0,311.0,140.0,855.0,931.0,870.0,679.0,151.0,177.0,168.0,133.0,296.5,35.679125549822544,869.25,50.0824320495721
KS,2021-01-09,2021,1,53,258.0,789.0,134.0,114.0,94.0,0.0,278.0,1,250.0,288.0,330.0,160.0,811.0,855.0,880.0,719.0,144.0,151.0,161.0,143.0,278.5,30.999999999999993,846.5,62.66046068561369
KS,2021-01-16,2021,2,54,217.0,787.0,136.0,132.0,98.0,0.0,251.0,1,258.0,250.0,318.0,239.0,789.0,811.0,931.0,782.0,134.0,144.0,177.0,149.0,253.25,29.18190078341938,810.5,31.59641329855875
KS,2021-01-23,2021,3,55,191.0,675.0,122.0,106.0,79.0,0.0,218.0,1,217.0,258.0,288.0,280.0,787.0,789.0,855.0,814.0,136.0,134.0,151.0,162.0,229.0,30.930028559098773,765.5,61.30524719249844
KS,2021-01-30,2021,4,56,164.0,691.0,121.0,88.0,65.0,0.0,187.0,1,191.0,217.0,250.0,311.0,675.0,787.0,811.0,870.0,122.0,136.0,144.0,168.0,207.5,40.020827910809956,735.5,60.97813815896103
KS,2021-02-06,2021,5,57,107.0,681.0,122.0,77.0,42.0,0.0,142.0,0,164.0,191.0,258.0,330.0,691.0,675.0,789.0,880.0,121.0,122.0,134.0,161.0,169.75,47.09830145557267,708.5,52.747827759381124
KS,2021-02-13,2021,6,58,78.0,583.0,105.0,63.0,36.0,0.0,106.0,0,107.0,164.0,217.0,318.0,681.0,691.0,787.0,931.0,122.0,121.0,136.0,177.0,135.0,51.67204273105524,657.5,50.10322677566126
KS,2021-02-20,2021,7,59,65.0,588.0,103.0,55.0,28.0,0.0,92.0,0,78.0,107.0,191.0,288.0,583.0,681.0,675.0,855.0,105.0,122.0,122.0,151.0,103.5,43.98863489584552,635.75,58.202949524344035
KS,2021-02-27,2021,8,60,53.0,595.0,105.0,47.0,21.0,0.0,79.0,0,65.0,78.0,164.0,250.0,588.0,583.0,691.0,811.0,103.0,105.0,121.0,144.0,75.75,23.200215516240323,611.75,46.42826007221615
KS,2021-03-06,2021,9,61,33.0,553.0,101.0,50.0,16.0,0.0,67.0,0,53.0,65.0,107.0,258.0,595.0,588.0,681.0,789.0,105.0,103.0,122.0,134.0,57.25,19.12023361084617,579.75,18.500000000000156
KS,2021-03-13,2021,10,62,30.0,528.0,94.0,33.0,18.0,0.0,45.0,0,33.0,53.0,78.0,217.0,553.0,595.0,583.0,787.0,101.0,105.0,105.0,136.0,45.25,16.6608323121425,566.0,31.294301930756315
KS,2021-03-20,2021,11,63,22.0,507.0,92.0,22.0,13.0,0.0,38.0,0,30.0,33.0,65.0,191.0,528.0,553.0,588.0,675.0,94.0,101.0,103.0,122.0,34.5,13.178264933847132,545.75,37.836270076916115
KS,2021-03-27,2021,12,64,28.0,521.0,97.0,28.0,10.0,0.0,46.0,0,22.0,30.0,53.0,164.0,507.0,528.0,595.0,691.0,92.0,94.0,105.0,121.0,28.25,4.645786621588596,527.25,19.259196937221237
KS,2021-04-03,2021,13,65,27.0,522.0,100.0,36.0,12.0,0.0,52.0,0,28.0,22.0,33.0,107.0,521.0,507.0,553.0,681.0,97.0,92.0,101.0,122.0,26.75,3.4034296427767656,519.5,8.888194417315866
KS,2021-04-10,2021,14,66,17.0,507.0,101.0,25.0,13.0,0.0,36.0,0,27.0,28.0,30.0,78.0,522.0,521.0,528.0,583.0,100.0,97.0,94.0,105.0,23.5,5.066228051190048,514.25,8.381527307120388
KS,2021-04-17,2021,15,67,19.0,496.0,97.0,32.0,13.0,0.0,42.0,0,17.0,27.0,22.0,65.0,507.0,522.0,507.0,588.0,101.0,100.0,92.0,103.0,22.75,5.560275772537269,511.5,12.396235987858221
KS,2021-04-24,2021,16,68,19.0,529.0,108.0,44.0,11.0,0.0,53.0,0,19.0,17.0,28.0,53.0,496.0,507.0,521.0,595.0,97.0,101.0,97.0,105.0,20.5,4.434711565216493,513.5,14.843629385475037
KS,2021-05-01,2021,17,69,22.0,513.0,106.0,32.0,10.0,0.0,44.0,0,19.0,19.0,27.0,33.0,529.0,496.0,522.0,553.0,108.0,97.0,100.0,101.0,19.25,2.061552812808406,511.25,13.768926368215425
KS,2021-05-08,2021,18,70,14.0,513.0,105.0,30.0,13.0,0.0,40.0,0,22.0,19.0,17.0,30.0,513.0,529.0,507.0,528.0,106.0,108.0,101.0,94.0,18.5,3.3166247903551365,512.75,13.475286020464951
KS,2021-05-15,2021,19,71,20.0,511.0,104.0,26.0,13.0,0.0,37.0,0,14.0,22.0,19.0,22.0,513.0,513.0,496.0,507.0,105.0,106.0,97.0,92.0,18.75,3.403429642776766,516.5,8.38649708360636
KS,2021-05-22,2021,20,72,25.0,555.0,118.0,42.0,13.0,0.0,60.0,0,20.0,14.0,19.0,28.0,511.0,513.0,529.0,521.0,104.0,105.0,108.0,97.0,20.25,4.645786621588596,523.0,21.354156504062725
KS,2021-05-29,2021,21,73,13.0,482.0,100.0,22.0,13.0,0.0,28.0,0,25.0,20.0,22.0,27.0,555.0,511.0,513.0,522.0,118.0,104.0,106.0,100.0,18.0,5.597618541248732,515.25,30.048571790796835
KS,2021-06-05,2021,22,74,14.0,519.0,109.0,36.0,13.0,0.0,45.0,0,13.0,25.0,14.0,17.0,482.0,555.0,513.0,507.0,100.0,118.0,105.0,101.0,18.0,5.597618541248732,516.75,30.048571790796835
KS,2021-06-12,2021,23,75,14.0,539.0,112.0,31.0,13.0,0.0,37.0,0,14.0,13.0,20.0,19.0,519.0,482.0,511.0,496.0,109.0,100.0,104.0,97.0,16.5,5.686240703077173,523.75,31.48941621137709
KS,2021-06-19,2021,24,76,23.0,502.0,107.0,23.0,13.0,0.0,28.0,0,14.0,14.0,25.0,19.0,539.0,519.0,555.0,529.0,112.0,109.0,118.0,108.0,16.0,4.690415759823243,510.5,24.283053075481927
KS,2021-06-26,2021,25,77,11.0,513.0,108.0,24.0,13.0,0.0,31.0,0,23.0,14.0,13.0,22.0,502.0,539.0,482.0,513.0,107.0,112.0,100.0,106.0,15.5,5.196152422706463,518.25,15.521490478258594
KS,2021-07-03,2021,26,78,24.0,534.0,107.0,33.0,13.0,0.0,49.0,0,11.0,23.0,14.0,14.0,513.0,502.0,519.0,513.0,108.0,107.0,109.0,105.0,18.0,6.480740698407725,522.0,17.454703282114888
KS,2021-07-10,2021,27,79,23.0,541.0,113.0,43.0,13.0,0.0,57.0,0,24.0,11.0,14.0,20.0,534.0,513.0,539.0,511.0,107.0,108.0,112.0,104.0,20.25,6.18465843842635,522.5,18.119970566569332
KS,2021-07-17,2021,28,80,17.0,540.0,114.0,36.0,13.0,0.0,47.0,0,23.0,24.0,23.0,25.0,541.0,534.0,502.0,555.0,113.0,107.0,107.0,118.0,18.75,6.020797289396002,532.0,13.038404810405495
KS,2021-07-24,2021,29,81,29.0,533.0,111.0,33.0,13.0,0.0,49.0,0,17.0,23.0,11.0,13.0,540.0,541.0,513.0,482.0,114.0,113.0,108.0,100.0,23.25,4.924428900897875,537.0,4.082482904639241
KS,2021-07-31,2021,30,82,48.0,532.0,113.0,45.0,27.0,0.0,66.0,0,29.0,17.0,24.0,14.0,533.0,540.0,534.0,519.0,111.0,114.0,107.0,109.0,29.25,13.425721582097488,536.5,4.6547466812568485
KS,2021-08-07,2021,31,83,89.0,605.0,133.0,67.0,52.0,0.0,104.0,0,48.0,29.0,23.0,14.0,532.0,533.0,541.0,539.0,113.0,111.0,113.0,112.0,45.75,31.531730050855096,552.5,35.180487015768726
KS,2021-08-14,2021,32,84,83.0,570.0,123.0,76.0,52.0,0.0,107.0,0,89.0,48.0,17.0,23.0,605.0,532.0,540.0,502.0,133.0,113.0,114.0,107.0,62.25,28.605069480775576,560.0,34.82336380458774
KS,2021-08-21,2021,33,85,86.0,625.0,134.0,72.0,47.0,0.0,112.0,0,83.0,89.0,29.0,11.0,570.0,605.0,533.0,513.0,123.0,133.0,111.0,108.0,76.5,19.157244060667974,583.0,40.89824772122483
KS,2021-08-28,2021,34,86,107.0,628.0,137.0,81.0,67.0,0.0,122.0,0,86.0,83.0,48.0,24.0,625.0,570.0,532.0,534.0,134.0,123.0,113.0,107.0,91.25,10.781929326423839,607.0,26.695817400234663
KS,2021-09-04,2021,35,87,110.0,655.0,145.0,93.0,68.0,0.0,135.0,0,107.0,86.0,89.0,23.0,628.0,625.0,605.0,541.0,137.0,134.0,133.0,113.0,96.5,13.964240043768884,619.5,35.65108693995185
KS,2021-09-11,2021,36,88,113.0,612.0,127.0,85.0,58.0,0.0,140.0,0,110.0,107.0,83.0,17.0,655.0,628.0,570.0,540.0,145.0,137.0,123.0,114.0,104.0,12.247448713915826,630.0,18.05547008526795
KS,2021-09-18,2021,37,89,109.0,650.0,136.0,80.0,62.0,0.0,127.0,0,113.0,110.0,86.0,29.0,612.0,655.0,625.0,533.0,127.0,145.0,134.0,111.0,109.75,2.4999999999996816,636.25,19.972898304118825
KS,2021-09-25,2021,38,90,116.0,653.0,133.0,86.0,57.0,0.0,145.0,0,109.0,113.0,107.0,48.0,650.0,612.0,628.0,532.0,136.0,127.0,137.0,113.0,112.0,3.162277660168126,642.5,20.436894741292587
KS,2021-10-02,2021,39,91,91.0,629.0,130.0,73.0,43.0,0.0,122.0,0,116.0,109.0,110.0,89.0,653.0,650.0,655.0,605.0,133.0,136.0,145.0,133.0,107.25,11.20639698267609,636.0,19.235384061671507
KS,2021-10-09,2021,40,92,80.0,582.0,118.0,69.0,49.0,0.0,100.0,0,91.0,116.0,113.0,83.0,629.0,653.0,612.0,570.0,130.0,133.0,127.0,123.0,99.0,16.472198800807732,628.5,32.787192621510094
KS,2021-10-16,2021,41,93,68.0,601.0,128.0,72.0,38.0,0.0,102.0,0,80.0,91.0,109.0,86.0,582.0,629.0,650.0,625.0,118.0,130.0,136.0,134.0,88.75,20.45116133621752,616.25,31.191612120354943
KS,2021-10-23,2021,42,94,81.0,634.0,127.0,69.0,49.0,0.0,101.0,0,68.0,80.0,116.0,107.0,601.0,582.0,653.0,628.0,128.0,118.0,133.0,137.0,80.0,9.416297927883607,611.5,24.44722206441201
KS,2021-10-30,2021,43,95,65.0,600.0,123.0,56.0,35.0,0.0,86.0,0,81.0,68.0,91.0,110.0,634.0,601.0,629.0,655.0,127.0,128.0,130.0,145.0,73.5,8.185352771872354,604.25,21.66987155784131
KS,2021-11-06,2021,44,96,80.0,635.0,124.0,60.0,37.0,0.0,103.0,0,65.0,81.0,80.0,113.0,600.0,634.0,582.0,612.0,123.0,127.0,118.0,127.0,73.5,8.185352771872354,617.5,19.638397762207426
KS,2021-11-13,2021,45,97,66.0,622.0,122.0,62.0,31.0,0.0,97.0,0,80.0,65.0,68.0,109.0,635.0,600.0,601.0,650.0,124.0,123.0,128.0,136.0,73.0,8.679477710860933,622.75,16.27626083185796
KS,2021-11-20,2021,46,98,90.0,575.0,114.0,66.0,45.0,0.0,111.0,0,66.0,80.0,81.0,116.0,622.0,635.0,634.0,653.0,122.0,124.0,127.0,133.0,75.25,11.982626312012394,608.0,26.318561257535976
KS,2021-11-27,2021,47,99,78.0,648.0,123.0,80.0,46.0,0.0,113.0,0,90.0,66.0,65.0,91.0,575.0,622.0,600.0,629.0,114.0,122.0,123.0,130.0,78.5,9.848857801796024,620.0,31.82242395963378
KS,2021-12-04,2021,48,100,93.0,628.0,125.0,74.0,47.0,0.0,120.0,0,78.0,90.0,80.0,80.0,648.0,575.0,635.0,582.0,123.0,114.0,124.0,118.0,81.75,12.338962679253001,618.25,30.901725949640323
KS,2021-12-11,2021,49,101,119.0,692.0,133.0,105.0,70.0,0.0,155.0,0,93.0,78.0,66.0,68.0,628.0,648.0,622.0,601.0,125.0,123.0,122.0,128.0,95.0,17.262676501632022,635.75,48.52748362182685
KS,2021-12-18,2021,50,102,133.0,721.0,132.0,102.0,72.0,0.0,163.0,0,119.0,93.0,90.0,81.0,692.0,628.0,575.0,634.0,133.0,125.0,114.0,127.0,105.75,24.837807203267058,672.25,42.082260712403205
KS,2021-12-25,2021,51,103,122.0,726.0,138.0,91.0,59.0,0.0,154.0,0,133.0,119.0,78.0,65.0,721.0,692.0,648.0,600.0,132.0,133.0,123.0,123.0,116.75,16.938614661968817,691.75,45.065692790266446
KY,2020-02-29,2020,9,8,0.0,960.0,103.0,86.0,0.0,10.0,96.0,0,0.0,0.0,0.0,0.0,992.0,955.0,978.0,960.0,99.0,99.0,99.0,106.0,0.0,0.0,965.75,17.632829230349472
KY,2020-03-07,2020,10,9,0.0,960.0,100.0,79.0,0.0,0.0,84.0,0,0.0,0.0,0.0,0.0,960.0,992.0,956.0,960.0,103.0,99.0,95.0,96.0,0.0,0.0,966.75,16.99754884289693
KY,2020-03-14,2020,11,10,0.0,960.0,107.0,86.0,0.0,14.0,100.0,0,0.0,0.0,0.0,0.0,960.0,960.0,955.0,960.0,100.0,103.0,99.0,101.0,0.0,0.0,968.0,16.000000000000004
KY,2020-03-21,2020,12,11,44.0,949.0,99.0,82.0,22.0,15.0,100.0,0,0.0,0.0,0.0,0.0,960.0,960.0,992.0,944.0,107.0,100.0,99.0,94.0,11.0,22.0,957.25,5.500000000000011
KY,2020-03-28,2020,13,12,44.0,937.0,97.0,75.0,22.0,0.0,85.0,0,44.0,0.0,0.0,0.0,949.0,960.0,960.0,978.0,99.0,107.0,103.0,99.0,22.0,25.403411844343534,951.5,10.969655114602904
KY,2020-04-04,2020,14,13,47.0,960.0,112.0,113.0,32.0,0.0,133.0,0,44.0,44.0,0.0,0.0,937.0,949.0,960.0,956.0,97.0,99.0,100.0,95.0,33.75,22.544400635190993,951.5,10.969655114602904
KY,2020-04-11,2020,15,14,53.0,960.0,108.0,112.0,34.0,0.0,136.0,0,47.0,44.0,0.0,0.0,960.0,937.0,960.0,955.0,112.0,97.0,107.0,99.0,47.0,4.242640687119294,951.5,10.969655114602904
KY,2020-04-18,2020,16,15,59.0,960.0,102.0,97.0,29.0,0.0,127.0,0,53.0,47.0,44.0,0.0,960.0,960.0,949.0,992.0,108.0,112.0,99.0,99.0,50.75,6.652067347825041,954.25,11.50000000000001
KY,2020-04-25,2020,17,16,67.0,975.0,104.0,114.0,35.0,0.0,147.0,0,59.0,53.0,44.0,0.0,960.0,960.0,937.0,960.0,102.0,108.0,97.0,103.0,56.5,8.544003745317536,963.75,7.500000000000015
KY,2020-05-02,2020,18,17,49.0,998.0,111.0,84.0,15.0,0.0,119.0,0,67.0,59.0,47.0,0.0,975.0,960.0,960.0,960.0,104.0,102.0,112.0,100.0,57.0,7.831560082980491,973.25,17.951323071016247
KY,2020-05-09,2020,19,18,63.0,960.0,111.0,98.0,26.0,0.0,135.0,0,49.0,67.0,53.0,0.0,998.0,975.0,960.0,960.0,111.0,104.0,108.0,107.0,59.5,7.724420150837649,973.25,17.951323071016247
KY,2020-05-16,2020,20,19,51.0,995.0,111.0,85.0,21.0,0.0,115.0,0,63.0,49.0,59.0,44.0,960.0,998.0,960.0,949.0,111.0,111.0,102.0,99.0,57.5,8.850612031567838,982.0,17.869900204906962
KY,2020-05-23,2020,21,20,49.0,998.0,113.0,92.0,30.0,0.0,111.0,0,51.0,63.0,67.0,44.0,995.0,960.0,975.0,937.0,111.0,111.0,104.0,97.0,53.0,6.73300329224139,987.75,18.553975315279484
KY,2020-05-30,2020,22,21,44.0,987.0,116.0,91.0,20.0,0.0,115.0,0,49.0,51.0,49.0,47.0,998.0,995.0,998.0,960.0,113.0,111.0,111.0,112.0,51.75,8.057087976847884,985.0,17.301252363147988
KY,2020-06-06,2020,23,22,39.0,918.0,103.0,95.0,17.0,0.0,117.0,0,44.0,49.0,63.0,53.0,987.0,998.0,960.0,960.0,116.0,113.0,111.0,108.0,45.75,5.3774219349672325,974.5,37.951723720186074
KY,2020-06-13,2020,24,23,43.0,960.0,110.0,89.0,24.0,0.0,108.0,0,39.0,44.0,51.0,59.0,918.0,987.0,995.0,960.0,103.0,116.0,111.0,102.0,43.75,4.11298755975103,965.75,35.612497806247745
KY,2020-06-20,2020,25,24,26.0,966.0,111.0,95.0,13.0,0.0,109.0,0,43.0,39.0,49.0,67.0,960.0,918.0,998.0,975.0,110.0,103.0,113.0,104.0,38.0,8.286535263104039,957.75,28.917987481842516
KY,2020-06-27,2020,26,25,37.0,937.0,107.0,95.0,15.0,0.0,117.0,0,26.0,43.0,44.0,49.0,966.0,960.0,987.0,998.0,111.0,110.0,116.0,111.0,36.25,7.274384280931736,945.25,22.05107707119996
KY,2020-07-04,2020,27,26,36.0,993.0,111.0,62.0,10.0,0.0,88.0,0,37.0,26.0,39.0,63.0,937.0,966.0,918.0,960.0,107.0,111.0,103.0,111.0,35.5,7.047458170621997,964.0,23.021728866442675
KY,2020-07-11,2020,28,27,36.0,960.0,121.0,82.0,16.0,0.0,102.0,0,36.0,37.0,43.0,51.0,993.0,937.0,960.0,995.0,111.0,107.0,110.0,111.0,33.75,5.188127472091134,964.0,23.021728866442675
KY,2020-07-18,2020,29,28,38.0,936.0,110.0,72.0,13.0,0.0,98.0,0,36.0,36.0,26.0,49.0,960.0,993.0,966.0,998.0,121.0,111.0,111.0,113.0,36.75,0.957427107756374,956.5,26.739483914241877
KY,2020-07-25,2020,30,29,49.0,968.0,113.0,90.0,18.0,0.0,121.0,0,38.0,36.0,37.0,44.0,936.0,960.0,937.0,987.0,110.0,121.0,107.0,116.0,39.75,6.238322424070973,964.25,23.500000000000004
KY,2020-08-01,2020,31,30,47.0,960.0,121.0,77.0,20.0,0.0,104.0,0,49.0,38.0,36.0,39.0,968.0,936.0,993.0,918.0,113.0,110.0,111.0,103.0,42.5,6.454972243679034,956.0,13.856406460551014
KY,2020-08-08,2020,32,31,54.0,960.0,115.0,97.0,26.0,0.0,125.0,0,47.0,49.0,36.0,43.0,960.0,968.0,960.0,960.0,121.0,113.0,121.0,110.0,47.0,6.683312551921147,956.0,13.856406460551014
KY,2020-08-15,2020,33,32,64.0,960.0,118.0,90.0,31.0,0.0,123.0,0,54.0,47.0,38.0,26.0,960.0,960.0,936.0,966.0,115.0,121.0,110.0,111.0,53.5,7.59385716659635,962.0,4.000000000000009
KY,2020-08-22,2020,34,33,77.0,960.0,126.0,107.0,36.0,0.0,148.0,0,64.0,54.0,49.0,37.0,960.0,960.0,968.0,937.0,118.0,115.0,113.0,107.0,60.5,13.025615788386618,960.0,0.0
KY,2020-08-29,2020,35,34,72.0,960.0,116.0,92.0,33.0,0.0,131.0,0,77.0,64.0,47.0,36.0,960.0,960.0,960.0,993.0,126.0,118.0,121.0,111.0,66.75,10.045728777279763,960.0,0.0
KY,2020-09-05,2020,36,35,86.0,960.0,124.0,90.0,30.0,0.0,146.0,0,72.0,77.0,54.0,36.0,960.0,960.0,960.0,960.0,116.0,126.0,115.0,121.0,74.75,9.215023964519395,960.0,0.0
KY,2020-09-12,2020,37,36,72.0,960.0,114.0,95.0,39.0,0.0,128.0,0,86.0,72.0,64.0,38.0,960.0,960.0,960.0,936.0,124.0,116.0,118.0,110.0,76.75,6.601767440112793,960.0,0.0
KY,2020-09-19,2020,38,37,62.0,960.0,117.0,85.0,28.0,0.0,119.0,0,72.0,86.0,77.0,49.0,960.0,960.0,960.0,968.0,114.0,124.0,126.0,113.0,73.0,9.8657657246325,960.0,0.0
KY,2020-09-26,2020,39,38,71.0,960.0,120.0,100.0,30.0,0.0,141.0,0,62.0,72.0,72.0,47.0,960.0,960.0,960.0,960.0,117.0,114.0,116.0,121.0,72.75,9.91211380079951,960.0,0.0
KY,2020-10-03,2020,40,39,63.0,960.0,115.0,84.0,26.0,0.0,122.0,0,71.0,62.0,86.0,54.0,960.0,960.0,960.0,960.0,120.0,117.0,124.0,115.0,67.0,5.22812904711938,960.0,0.0
KY,2020-10-10,2020,41,40,91.0,960.0,120.0,86.0,37.0,0.0,140.0,0,63.0,71.0,72.0,64.0,960.0,960.0,960.0,960.0,115.0,120.0,114.0,118.0,71.75,13.450526631573455,960.0,0.0
KY,2020-10-17,2020,42,41,105.0,960.0,124.0,131.0,57.0,0.0,179.0,0,91.0,63.0,62.0,77.0,960.0,960.0,960.0,960.0,120.0,115.0,117.0,126.0,82.5,19.070046320517072,960.0,0.0
KY,2020-10-24,2020,43,42,142.0,960.0,128.0,127.0,64.0,0.0,205.0,0,105.0,91.0,71.0,72.0,960.0,960.0,960.0,960.0,124.0,120.0,120.0,116.0,100.25,32.85701345730213,960.0,0.0
KY,2020-10-31,2020,44,43,135.0,960.0,122.0,131.0,68.0,0.0,199.0,0,142.0,105.0,63.0,86.0,960.0,960.0,960.0,960.0,128.0,124.0,115.0,124.0,118.25,24.2401182615377,960.0,0.0
KY,2020-11-07,2020,45,44,169.0,960.0,132.0,147.0,80.0,0.0,236.0,0,135.0,142.0,91.0,72.0,960.0,960.0,960.0,960.0,122.0,128.0,120.0,114.0,137.75,26.29797203841645,960.0,0.0
KY,2020-11-14,2020,46,45,197.0,960.0,125.0,168.0,96.0,0.0,269.0,0,169.0,135.0,105.0,62.0,960.0,960.0,960.0,960.0,132.0,122.0,124.0,117.0,160.75,28.265113951064606,960.0,0.0
KY,2020-11-21,2020,47,46,300.0,960.0,137.0,219.0,155.0,0.0,365.0,1,197.0,169.0,142.0,71.0,960.0,960.0,960.0,960.0,125.0,132.0,128.0,120.0,200.25,71.16822792979089,960.0,0.0
KY,2020-11-28,2020,48,47,286.0,960.0,142.0,210.0,150.0,0.0,346.0,1,300.0,197.0,135.0,63.0,960.0,960.0,960.0,960.0,137.0,125.0,122.0,115.0,238.0,64.78168465443505,960.0,0.0
KY,2020-12-05,2020,49,48,353.0,960.0,144.0,250.0,174.0,0.0,429.0,1,286.0,300.0,169.0,91.0,960.0,960.0,960.0,960.0,142.0,137.0,132.0,120.0,284.0,64.78168465443505,960.0,0.0
KY,2020-12-12,2020,50,49,367.0,960.0,142.0,235.0,165.0,0.0,437.0,1,353.0,286.0,197.0,105.0,960.0,960.0,960.0,960.0,144.0,142.0,125.0,124.0,326.5,39.517928420739196,960.0,0.0
KY,2020-12-19,2020,51,50,367.0,960.0,139.0,257.0,177.0,0.0,447.0,1,367.0,353.0,300.0,142.0,960.0,960.0,960.0,960.0,142.0,144.0,137.0,128.0,343.25,38.73306081372863,960.0,0.0
KY,2020-12-26,2020,52,51,389.0,960.0,144.0,264.0,192.0,0.0,461.0,1,367.0,367.0,286.0,135.0,960.0,960.0,960.0,960.0,139.0,142.0,142.0,122.0,369.0,14.877275736280959,960.0,0.0
KY,2021-01-02,2021,53,52,352.0,960.0,136.0,237.0,161.0,0.0,428.0,1,389.0,367.0,353.0,169.0,960.0,960.0,960.0,960.0,144.0,139.0,144.0,132.0,368.75,15.239750654128196,960.0,0.0
KY,2021-01-09,2021,1,53,339.0,960.0,126.0,232.0,166.0,0.0,405.0,1,352.0,389.0,367.0,197.0,960.0,960.0,960.0,960.0,136.0,144.0,142.0,125.0,361.75,21.468969855739875,960.0,0.0
KY,2021-01-16,2021,2,54,326.0,960.0,127.0,236.0,176.0,0.0,387.0,1,339.0,352.0,367.0,300.0,960.0,960.0,960.0,960.0,126.0,136.0,139.0,137.0,351.5,27.16001963671358,960.0,0.0
KY,2021-01-23,2021,3,55,306.0,960.0,129.0,238.0,165.0,0.0,380.0,1,326.0,339.0,389.0,286.0,960.0,960.0,960.0,960.0,127.0,126.0,144.0,142.0,330.75,19.619293225462208,960.0,0.0
KY,2021-01-30,2021,4,56,270.0,960.0,126.0,223.0,155.0,0.0,338.0,1,306.0,326.0,352.0,353.0,960.0,960.0,960.0,960.0,129.0,127.0,136.0,144.0,310.25,30.070749907509807,960.0,0.0
KY,2021-02-06,2021,5,57,230.0,960.0,118.0,179.0,127.0,0.0,283.0,0,270.0,306.0,339.0,367.0,960.0,960.0,960.0,960.0,126.0,129.0,126.0,142.0,283.0,42.25320500664222,960.0,0.0
KY,2021-02-13,2021,6,58,200.0,960.0,116.0,178.0,118.0,0.0,261.0,0,230.0,270.0,326.0,367.0,960.0,960.0,960.0,960.0,118.0,126.0,127.0,139.0,251.5,46.28534685333292,960.0,0.0
KY,2021-02-20,2021,7,59,172.0,960.0,118.0,170.0,104.0,0.0,239.0,0,200.0,230.0,306.0,389.0,960.0,960.0,960.0,960.0,116.0,118.0,129.0,144.0,218.0,41.9841239835568,960.0,0.0
KY,2021-02-27,2021,8,60,162.0,960.0,111.0,159.0,89.0,0.0,232.0,0,172.0,200.0,270.0,352.0,960.0,960.0,960.0,960.0,118.0,116.0,126.0,136.0,191.0,30.572318634128305,960.0,0.0
KY,2021-03-06,2021,9,61,105.0,960.0,108.0,133.0,57.0,0.0,181.0,0,162.0,172.0,230.0,339.0,960.0,960.0,960.0,960.0,111.0,118.0,118.0,126.0,159.75,39.8862967279073,960.0,0.0
KY,2021-03-13,2021,10,62,108.0,960.0,113.0,128.0,59.0,0.0,177.0,0,105.0,162.0,200.0,326.0,960.0,960.0,960.0,960.0,108.0,111.0,116.0,127.0,136.75,35.18877661982585,960.0,0.0
KY,2021-03-20,2021,11,63,78.0,960.0,107.0,92.0,41.0,0.0,129.0,0,108.0,105.0,172.0,306.0,960.0,960.0,960.0,960.0,113.0,108.0,118.0,129.0,113.25,35.18877661982585,960.0,0.0
KY,2021-03-27,2021,12,64,83.0,960.0,108.0,103.0,47.0,0.0,140.0,0,78.0,108.0,162.0,270.0,960.0,960.0,960.0,960.0,107.0,113.0,111.0,126.0,93.5,15.198684153570738,960.0,0.0
KY,2021-04-03,2021,13,65,57.0,989.0,103.0,102.0,32.0,0.0,127.0,0,83.0,78.0,105.0,230.0,960.0,960.0,960.0,960.0,108.0,107.0,108.0,118.0,81.5,20.952326839757017,967.25,14.500000000000004
KY,2021-04-10,2021,14,66,54.0,960.0,114.0,78.0,20.0,0.0,112.0,0,57.0,83.0,108.0,200.0,989.0,960.0,960.0,960.0,103.0,108.0,113.0,116.0,68.0,14.628738838327877,967.25,14.500000000000004
KY,2021-04-17,2021,15,67,60.0,960.0,110.0,95.0,31.0,0.0,124.0,0,54.0,57.0,78.0,172.0,960.0,989.0,960.0,960.0,114.0,103.0,107.0,118.0,63.5,13.228756555323047,967.25,14.500000000000004
KY,2021-04-24,2021,16,68,61.0,960.0,110.0,91.0,34.0,0.0,118.0,0,60.0,54.0,83.0,162.0,960.0,960.0,960.0,960.0,110.0,114.0,108.0,111.0,58.0,3.162277660168769,967.25,14.500000000000004
KY,2021-05-01,2021,17,69,39.0,960.0,108.0,90.0,25.0,0.0,104.0,0,61.0,60.0,57.0,105.0,960.0,960.0,989.0,960.0,110.0,110.0,103.0,108.0,53.5,10.148891565092342,960.0,0.0
KY,2021-05-08,2021,18,70,54.0,973.0,108.0,89.0,31.0,0.0,112.0,0,39.0,61.0,54.0,108.0,960.0,960.0,960.0,960.0,108.0,110.0,114.0,113.0,53.5,10.148891565092342,963.25,6.500000000000006
KY,2021-05-15,2021,19,71,51.0,957.0,106.0,88.0,31.0,0.0,108.0,0,54.0,39.0,60.0,78.0,973.0,960.0,960.0,960.0,108.0,108.0,110.0,107.0,51.25,9.178779875343045,962.5,7.1414284285428575
KY,2021-05-22,2021,20,72,42.0,960.0,117.0,80.0,19.0,0.0,103.0,0,51.0,54.0,61.0,83.0,957.0,973.0,960.0,960.0,106.0,108.0,110.0,108.0,46.5,7.1414284285430245,962.5,7.1414284285428575
KY,2021-05-29,2021,21,73,64.0,960.0,119.0,95.0,33.0,0.0,126.0,0,42.0,51.0,39.0,57.0,960.0,957.0,960.0,989.0,117.0,106.0,108.0,103.0,52.75,9.069178573608664,962.5,7.1414284285428575
KY,2021-06-05,2021,22,74,43.0,981.0,115.0,78.0,22.0,0.0,99.0,0,64.0,42.0,54.0,54.0,960.0,960.0,973.0,960.0,119.0,117.0,108.0,114.0,50.0,10.165300454651394,964.5,11.090536506409423
KY,2021-06-12,2021,23,75,41.0,960.0,114.0,85.0,22.0,0.0,104.0,0,43.0,64.0,51.0,60.0,981.0,960.0,957.0,960.0,115.0,119.0,106.0,110.0,47.5,11.030261405182978,965.25,10.500000000000005
KY,2021-06-19,2021,24,76,33.0,960.0,119.0,83.0,17.0,0.0,99.0,0,41.0,43.0,42.0,61.0,960.0,981.0,960.0,960.0,114.0,115.0,117.0,110.0,45.25,13.225606476327245,965.25,10.500000000000005
KY,2021-06-26,2021,25,77,33.0,960.0,116.0,92.0,18.0,0.0,107.0,0,33.0,41.0,64.0,39.0,960.0,960.0,960.0,960.0,119.0,114.0,119.0,108.0,37.5,5.259911279353404,965.25,10.500000000000005
KY,2021-07-03,2021,26,78,31.0,988.0,113.0,77.0,16.0,0.0,92.0,0,33.0,33.0,43.0,54.0,960.0,960.0,981.0,973.0,116.0,119.0,115.0,108.0,34.5,4.434711565216972,967.0,14.000000000000004
KY,2021-07-10,2021,27,79,31.0,990.0,111.0,80.0,15.0,0.0,96.0,0,31.0,33.0,41.0,51.0,988.0,960.0,960.0,957.0,113.0,116.0,114.0,106.0,32.0,1.154700538380335,974.5,16.763054614240204
KY,2021-07-17,2021,28,80,35.0,960.0,117.0,84.0,20.0,0.0,99.0,0,31.0,31.0,33.0,42.0,990.0,988.0,960.0,960.0,111.0,113.0,119.0,117.0,32.5,1.9148542155133295,974.5,16.763054614240204
KY,2021-07-24,2021,29,81,49.0,960.0,120.0,73.0,22.0,0.0,100.0,0,35.0,31.0,33.0,64.0,960.0,990.0,960.0,960.0,117.0,111.0,116.0,119.0,36.5,8.544003745317676,974.5,16.763054614240204
KY,2021-07-31,2021,30,82,78.0,960.0,120.0,109.0,47.0,0.0,141.0,0,49.0,35.0,31.0,43.0,960.0,960.0,988.0,981.0,120.0,117.0,113.0,115.0,48.25,21.281838892977955,967.5,14.999999999999995
KY,2021-08-07,2021,31,83,90.0,960.0,128.0,131.0,53.0,0.0,168.0,0,78.0,49.0,31.0,41.0,960.0,960.0,990.0,960.0,120.0,120.0,111.0,114.0,63.0,25.39028685672277,960.0,0.0
KY,2021-08-14,2021,32,84,150.0,960.0,127.0,155.0,90.0,0.0,215.0,0,90.0,78.0,35.0,33.0,960.0,960.0,960.0,960.0,128.0,120.0,117.0,119.0,91.75,42.476464071294856,960.0,0.0
KY,2021-08-21,2021,33,85,220.0,960.0,139.0,190.0,128.0,0.0,283.0,0,150.0,90.0,49.0,33.0,960.0,960.0,960.0,960.0,127.0,128.0,120.0,116.0,134.5,65.12296062065977,960.0,0.0
KY,2021-08-28,2021,34,86,275.0,960.0,148.0,245.0,170.0,0.0,350.0,1,220.0,150.0,78.0,31.0,960.0,960.0,960.0,988.0,139.0,127.0,120.0,113.0,183.75,80.76457556792253,960.0,0.0
KY,2021-09-04,2021,35,87,380.0,960.0,163.0,315.0,249.0,0.0,447.0,1,275.0,220.0,90.0,31.0,960.0,960.0,960.0,990.0,148.0,139.0,128.0,111.0,256.25,97.07170888918496,960.0,0.0
KY,2021-09-11,2021,36,88,380.0,960.0,163.0,307.0,234.0,0.0,453.0,1,380.0,275.0,150.0,35.0,960.0,960.0,960.0,960.0,163.0,148.0,127.0,117.0,313.75,79.72609359550988,960.0,0.0
KY,2021-09-18,2021,37,89,431.0,960.0,158.0,303.0,247.0,0.0,487.0,1,380.0,380.0,220.0,49.0,960.0,960.0,960.0,960.0,163.0,163.0,139.0,120.0,366.5,65.56675987114203,960.0,0.0
KY,2021-09-25,2021,38,90,442.0,960.0,167.0,332.0,270.0,0.0,504.0,1,431.0,380.0,275.0,78.0,960.0,960.0,960.0,960.0,158.0,163.0,148.0,120.0,408.25,32.92795165205393,960.0,0.0
KY,2021-10-02,2021,39,91,452.0,960.0,161.0,344.0,286.0,0.0,512.0,1,442.0,431.0,380.0,90.0,960.0,960.0,960.0,960.0,167.0,158.0,163.0,128.0,426.25,32.00390601161053,960.0,0.0
KY,2021-10-09,2021,40,92,320.0,960.0,147.0,280.0,207.0,0.0,393.0,1,452.0,442.0,380.0,150.0,960.0,960.0,960.0,960.0,161.0,167.0,163.0,127.0,411.25,61.43492492060197,960.0,0.0
KY,2021-10-16,2021,41,93,307.0,960.0,145.0,281.0,205.0,0.0,383.0,1,320.0,452.0,431.0,220.0,960.0,960.0,960.0,960.0,147.0,161.0,158.0,139.0,380.25,77.36655177357548,960.0,0.0
KY,2021-10-23,2021,42,94,229.0,960.0,131.0,209.0,131.0,0.0,307.0,0,307.0,320.0,442.0,275.0,960.0,960.0,960.0,960.0,145.0,147.0,167.0,148.0,327.0,92.51666516543567,960.0,0.0
KY,2021-10-30,2021,43,95,177.0,960.0,123.0,187.0,114.0,0.0,250.0,0,229.0,307.0,452.0,380.0,960.0,960.0,960.0,960.0,131.0,145.0,161.0,163.0,258.25,67.44565713718467,960.0,0.0
KY,2021-11-06,2021,44,96,156.0,960.0,127.0,157.0,90.0,0.0,224.0,0,177.0,229.0,320.0,380.0,960.0,960.0,960.0,960.0,123.0,131.0,147.0,163.0,217.25,67.24271955634553,960.0,0.0
KY,2021-11-13,2021,45,97,118.0,960.0,127.0,139.0,72.0,0.0,186.0,0,156.0,177.0,307.0,431.0,960.0,960.0,960.0,960.0,127.0,123.0,145.0,158.0,170.0,46.29614814791113,960.0,0.0
KY,2021-11-20,2021,46,98,117.0,960.0,125.0,133.0,64.0,0.0,186.0,0,118.0,156.0,229.0,442.0,960.0,960.0,960.0,960.0,127.0,127.0,131.0,167.0,142.0,29.563490998189007,960.0,0.0
KY,2021-11-27,2021,47,99,135.0,960.0,125.0,141.0,68.0,0.0,208.0,0,117.0,118.0,177.0,452.0,960.0,960.0,960.0,960.0,125.0,127.0,123.0,161.0,131.5,18.303005217723197,960.0,0.0
KY,2021-12-04,2021,48,100,153.0,960.0,127.0,169.0,90.0,0.0,232.0,0,135.0,117.0,156.0,320.0,960.0,960.0,960.0,960.0,125.0,125.0,127.0,147.0,130.75,16.977926846349717,960.0,0.0
KY,2021-12-11,2021,49,101,173.0,960.0,139.0,187.0,115.0,0.0,245.0,0,153.0,135.0,118.0,307.0,960.0,960.0,960.0,960.0,127.0,125.0,127.0,145.0,144.5,24.02082429892868,960.0,0.0
KY,2021-12-18,2021,50,102,213.0,960.0,123.0,203.0,125.0,0.0,291.0,0,173.0,153.0,117.0,229.0,960.0,960.0,960.0,960.0,139.0,127.0,125.0,131.0,168.5,33.481338085566456,960.0,0.0
KY,2021-12-25,2021,51,103,231.0,960.0,132.0,208.0,131.0,0.0,308.0,0,213.0,173.0,135.0,177.0,960.0,960.0,960.0,960.0,123.0,139.0,125.0,123.0,192.5,35.791060336346604,960.0,0.0
LA,2020-02-29,2020,9,8,36.0,993.0,113.0,49.0,23.0,11.0,60.0,0,36.0,0.0,0.0,0.0,950.0,951.0,977.0,927.0,102.0,102.0,102.0,94.0,18.0,20.784609690826528,962.5,20.502032419575713
LA,2020-03-07,2020,10,9,36.0,964.0,110.0,49.0,23.0,0.0,58.0,0,36.0,36.0,0.0,0.0,993.0,950.0,956.0,967.0,113.0,102.0,98.0,97.0,27.0,18.0,964.5,20.04162335407656
LA,2020-03-14,2020,11,10,0.0,994.0,109.0,44.0,0.0,0.0,50.0,0,36.0,36.0,0.0,0.0,964.0,993.0,951.0,960.0,110.0,113.0,102.0,95.0,27.0,18.0,975.25,21.838421798899912
LA,2020-03-21,2020,12,11,41.0,955.0,105.0,71.0,21.0,0.0,96.0,0,0.0,36.0,36.0,0.0,994.0,964.0,950.0,970.0,109.0,110.0,102.0,102.0,28.25,18.980252896102307,976.5,19.974984355438185
LA,2020-03-28,2020,13,12,193.0,935.0,137.0,121.0,63.0,0.0,255.0,0,41.0,0.0,36.0,0.0,955.0,994.0,993.0,977.0,105.0,109.0,113.0,102.0,67.5,85.63683008301199,962.0,24.5356882927706
LA,2020-04-04,2020,14,13,393.0,935.0,153.0,228.0,163.0,0.0,460.0,1,193.0,41.0,36.0,0.0,935.0,955.0,964.0,956.0,137.0,105.0,110.0,98.0,156.75,178.04189581855914,954.75,27.813366091383724
LA,2020-04-11,2020,15,14,458.0,935.0,181.0,243.0,185.0,0.0,517.0,1,393.0,193.0,0.0,0.0,935.0,935.0,994.0,951.0,153.0,137.0,109.0,102.0,271.25,190.47025139550445,940.0,10.000000000000002
LA,2020-04-18,2020,16,15,395.0,935.0,160.0,235.0,181.0,0.0,452.0,1,458.0,393.0,41.0,36.0,935.0,935.0,955.0,950.0,181.0,153.0,105.0,102.0,359.75,115.1907837748605,935.0,0.0
LA,2020-04-25,2020,17,16,338.0,935.0,138.0,216.0,175.0,0.0,379.0,1,395.0,458.0,193.0,36.0,935.0,935.0,935.0,993.0,160.0,181.0,137.0,113.0,396.0,49.05099387372289,935.0,0.0
LA,2020-05-02,2020,18,17,268.0,935.0,138.0,183.0,130.0,0.0,322.0,1,338.0,395.0,393.0,36.0,935.0,935.0,935.0,964.0,138.0,160.0,153.0,110.0,364.75,81.0077156819028,935.0,0.0
LA,2020-05-09,2020,19,18,244.0,935.0,128.0,175.0,139.0,0.0,282.0,0,268.0,338.0,458.0,0.0,935.0,935.0,935.0,994.0,138.0,138.0,181.0,109.0,311.25,68.61183085542416,935.0,0.0
LA,2020-05-16,2020,20,19,171.0,935.0,129.0,140.0,95.0,0.0,216.0,0,244.0,268.0,395.0,41.0,935.0,935.0,935.0,955.0,128.0,138.0,160.0,105.0,255.25,68.88335551253776,935.0,0.0
LA,2020-05-23,2020,21,20,131.0,935.0,125.0,94.0,64.0,0.0,161.0,0,171.0,244.0,338.0,193.0,935.0,935.0,935.0,935.0,129.0,128.0,138.0,137.0,203.5,63.542636604619,935.0,0.0
LA,2020-05-30,2020,22,21,121.0,935.0,123.0,92.0,51.0,0.0,162.0,0,131.0,171.0,268.0,393.0,935.0,935.0,935.0,935.0,125.0,129.0,138.0,153.0,166.75,55.84726194422307,935.0,0.0
LA,2020-06-06,2020,23,22,104.0,935.0,115.0,99.0,60.0,0.0,143.0,0,121.0,131.0,244.0,458.0,935.0,935.0,935.0,935.0,123.0,125.0,128.0,181.0,131.75,28.44146034694186,935.0,0.0
LA,2020-06-13,2020,24,23,73.0,951.0,115.0,63.0,34.0,0.0,102.0,0,104.0,121.0,171.0,395.0,935.0,935.0,935.0,935.0,115.0,123.0,129.0,160.0,107.25,25.408331966765015,939.0,8.000000000000002
LA,2020-06-20,2020,25,24,86.0,935.0,123.0,75.0,50.0,0.0,111.0,0,73.0,104.0,131.0,338.0,951.0,935.0,935.0,935.0,115.0,115.0,125.0,138.0,96.0,20.960279896349974,939.0,8.000000000000002
LA,2020-06-27,2020,26,25,74.0,998.0,119.0,60.0,33.0,0.0,101.0,0,86.0,73.0,121.0,268.0,935.0,951.0,935.0,935.0,123.0,115.0,123.0,138.0,84.25,14.430869689661796,954.75,29.803523281652446
LA,2020-07-04,2020,27,26,86.0,985.0,119.0,81.0,44.0,0.0,123.0,0,74.0,86.0,104.0,244.0,998.0,935.0,935.0,935.0,119.0,123.0,115.0,128.0,79.75,7.22841614740045,967.25,29.23895802977024
LA,2020-07-11,2020,28,27,120.0,935.0,126.0,104.0,59.0,0.0,165.0,0,86.0,74.0,73.0,171.0,985.0,998.0,951.0,935.0,119.0,119.0,115.0,129.0,91.5,19.824227601599,963.25,33.049205739321465
LA,2020-07-18,2020,29,28,160.0,935.0,140.0,123.0,80.0,0.0,203.0,0,120.0,86.0,86.0,131.0,935.0,985.0,935.0,935.0,126.0,119.0,123.0,125.0,110.0,38.60915262818735,963.25,33.049205739321465
LA,2020-07-25,2020,30,29,228.0,935.0,147.0,149.0,107.0,0.0,270.0,0,160.0,120.0,74.0,121.0,935.0,935.0,998.0,935.0,140.0,126.0,119.0,123.0,148.5,61.02185400876203,947.5,24.999999999999964
LA,2020-08-01,2020,31,30,239.0,935.0,145.0,160.0,109.0,0.0,290.0,0,228.0,160.0,86.0,104.0,935.0,935.0,985.0,935.0,147.0,140.0,119.0,115.0,186.75,56.57664417996764,935.0,0.0
LA,2020-08-08,2020,32,31,253.0,935.0,149.0,183.0,134.0,0.0,302.0,0,239.0,228.0,120.0,73.0,935.0,935.0,935.0,951.0,145.0,147.0,126.0,115.0,220.0,41.28760911782936,935.0,0.0
LA,2020-08-15,2020,33,32,203.0,935.0,140.0,170.0,121.0,0.0,252.0,0,253.0,239.0,160.0,86.0,935.0,935.0,935.0,935.0,149.0,145.0,140.0,123.0,230.75,21.140403654298233,935.0,0.0
LA,2020-08-22,2020,34,33,200.0,935.0,135.0,131.0,102.0,0.0,229.0,0,203.0,253.0,228.0,74.0,935.0,935.0,935.0,998.0,140.0,149.0,147.0,119.0,223.75,26.348624252510785,935.0,0.0
LA,2020-08-29,2020,35,34,164.0,935.0,132.0,120.0,87.0,0.0,197.0,0,200.0,203.0,239.0,86.0,935.0,935.0,935.0,985.0,135.0,140.0,145.0,119.0,205.0,36.57868231634375,935.0,0.0
LA,2020-09-05,2020,36,35,117.0,935.0,136.0,96.0,62.0,0.0,151.0,0,164.0,200.0,253.0,120.0,935.0,935.0,935.0,935.0,132.0,135.0,149.0,126.0,171.0,40.12480529547775,935.0,0.0
LA,2020-09-12,2020,37,36,120.0,935.0,116.0,109.0,66.0,0.0,163.0,0,117.0,164.0,203.0,160.0,935.0,935.0,935.0,935.0,136.0,132.0,140.0,140.0,150.25,39.51687403291577,935.0,0.0
LA,2020-09-19,2020,38,37,95.0,935.0,120.0,76.0,41.0,0.0,131.0,0,120.0,117.0,200.0,228.0,935.0,935.0,935.0,935.0,116.0,136.0,135.0,147.0,124.0,28.90213371592715,935.0,0.0
LA,2020-09-26,2020,39,38,80.0,991.0,124.0,80.0,40.0,0.0,120.0,0,95.0,120.0,164.0,239.0,935.0,935.0,935.0,935.0,120.0,116.0,132.0,145.0,103.0,18.95608961081723,949.0,27.999999999999968
LA,2020-10-03,2020,40,39,74.0,935.0,128.0,81.0,48.0,0.0,107.0,0,80.0,95.0,117.0,253.0,991.0,935.0,935.0,935.0,124.0,120.0,136.0,149.0,92.25,20.49999999999999,949.0,27.999999999999968
LA,2020-10-10,2020,41,40,86.0,935.0,123.0,84.0,44.0,0.0,126.0,0,74.0,80.0,120.0,203.0,935.0,991.0,935.0,935.0,128.0,124.0,116.0,140.0,83.75,8.958236433584434,949.0,27.999999999999968
LA,2020-10-17,2020,42,41,76.0,991.0,113.0,81.0,41.0,0.0,116.0,0,86.0,74.0,95.0,200.0,935.0,935.0,935.0,935.0,123.0,128.0,120.0,135.0,79.0,5.291502622129138,963.0,32.33161507461902
LA,2020-10-24,2020,43,42,71.0,935.0,119.0,79.0,37.0,0.0,113.0,0,76.0,86.0,80.0,164.0,991.0,935.0,991.0,935.0,113.0,123.0,124.0,132.0,76.75,6.499999999999965,949.0,27.999999999999968
LA,2020-10-31,2020,44,43,79.0,951.0,110.0,74.0,36.0,0.0,117.0,0,71.0,76.0,74.0,117.0,935.0,991.0,935.0,935.0,119.0,113.0,128.0,136.0,78.0,6.271629240742223,953.0,26.432303468798644
LA,2020-11-07,2020,45,44,89.0,935.0,114.0,90.0,49.0,0.0,130.0,0,79.0,71.0,86.0,120.0,951.0,935.0,935.0,935.0,110.0,119.0,123.0,116.0,78.75,7.588368291888111,953.0,26.432303468798644
LA,2020-11-14,2020,46,45,77.0,935.0,117.0,73.0,38.0,0.0,112.0,0,89.0,79.0,76.0,95.0,935.0,951.0,991.0,935.0,114.0,110.0,113.0,120.0,79.0,7.4833147735478525,939.0,7.999999999999919
LA,2020-11-21,2020,47,46,122.0,935.0,119.0,105.0,73.0,0.0,154.0,0,77.0,89.0,71.0,80.0,935.0,935.0,935.0,991.0,117.0,114.0,119.0,124.0,91.75,20.838665984174696,939.0,7.999999999999919
LA,2020-11-28,2020,48,47,150.0,935.0,117.0,122.0,90.0,0.0,182.0,0,122.0,77.0,79.0,74.0,935.0,935.0,951.0,935.0,119.0,117.0,110.0,128.0,109.5,33.03028912982748,935.0,0.0
LA,2020-12-05,2020,49,48,167.0,935.0,113.0,132.0,93.0,0.0,208.0,0,150.0,122.0,89.0,86.0,935.0,935.0,935.0,935.0,117.0,119.0,114.0,123.0,129.0,39.319206502674994,935.0,0.0
LA,2020-12-12,2020,50,49,243.0,935.0,131.0,157.0,120.0,0.0,280.0,0,167.0,150.0,77.0,76.0,935.0,935.0,935.0,991.0,113.0,117.0,117.0,113.0,170.5,51.771935769616846,935.0,0.0
LA,2020-12-19,2020,51,50,231.0,935.0,125.0,172.0,138.0,0.0,266.0,0,243.0,167.0,122.0,71.0,935.0,935.0,935.0,935.0,131.0,113.0,119.0,119.0,197.75,46.11127844681819,935.0,0.0
LA,2020-12-26,2020,52,51,251.0,935.0,129.0,183.0,139.0,0.0,295.0,0,231.0,243.0,150.0,79.0,935.0,935.0,935.0,951.0,125.0,131.0,117.0,110.0,223.0,38.22738983155053,935.0,0.0
LA,2021-01-02,2021,53,52,260.0,935.0,130.0,188.0,140.0,0.0,308.0,1,251.0,231.0,167.0,89.0,935.0,935.0,935.0,935.0,129.0,125.0,113.0,114.0,246.25,12.311918344975066,935.0,0.0
LA,2021-01-09,2021,1,53,322.0,935.0,142.0,195.0,160.0,0.0,357.0,1,260.0,251.0,243.0,77.0,935.0,935.0,935.0,935.0,130.0,129.0,131.0,117.0,266.0,39.25132694147634,935.0,0.0
LA,2021-01-16,2021,2,54,349.0,935.0,142.0,244.0,194.0,0.0,400.0,1,322.0,260.0,231.0,122.0,935.0,935.0,935.0,935.0,142.0,130.0,125.0,119.0,295.5,47.627023141629714,935.0,0.0
LA,2021-01-23,2021,3,55,320.0,935.0,135.0,228.0,174.0,0.0,374.0,1,349.0,322.0,251.0,150.0,935.0,935.0,935.0,935.0,142.0,142.0,129.0,117.0,312.75,37.57104381479616,935.0,0.0
LA,2021-01-30,2021,4,56,243.0,935.0,132.0,157.0,123.0,0.0,278.0,0,320.0,349.0,260.0,167.0,935.0,935.0,935.0,935.0,135.0,142.0,130.0,113.0,308.5,45.625285387235294,935.0,0.0
LA,2021-02-06,2021,5,57,227.0,935.0,125.0,170.0,128.0,0.0,269.0,0,243.0,320.0,322.0,243.0,935.0,935.0,935.0,935.0,132.0,135.0,142.0,131.0,284.75,59.016240702595304,935.0,0.0
LA,2021-02-13,2021,6,58,167.0,935.0,120.0,124.0,86.0,0.0,205.0,0,227.0,243.0,349.0,231.0,935.0,935.0,935.0,935.0,125.0,132.0,142.0,125.0,239.25,62.9940473378239,935.0,0.0
LA,2021-02-20,2021,7,59,156.0,935.0,125.0,108.0,79.0,0.0,185.0,0,167.0,227.0,320.0,251.0,935.0,935.0,935.0,935.0,120.0,125.0,135.0,129.0,198.25,43.16924059250211,935.0,0.0
LA,2021-02-27,2021,8,60,95.0,935.0,119.0,75.0,46.0,0.0,124.0,0,156.0,167.0,243.0,260.0,935.0,935.0,935.0,935.0,125.0,120.0,132.0,130.0,161.25,54.07633493497872,935.0,0.0
LA,2021-03-06,2021,9,61,82.0,935.0,123.0,96.0,51.0,0.0,127.0,0,95.0,156.0,227.0,322.0,935.0,935.0,935.0,935.0,119.0,125.0,125.0,142.0,125.0,42.71611717685335,935.0,0.0
LA,2021-03-13,2021,10,62,106.0,935.0,120.0,82.0,53.0,0.0,135.0,0,82.0,95.0,167.0,349.0,935.0,935.0,935.0,935.0,123.0,119.0,120.0,142.0,109.75,32.35609164696296,935.0,0.0
LA,2021-03-20,2021,11,63,58.0,935.0,110.0,54.0,28.0,0.0,85.0,0,106.0,82.0,156.0,320.0,935.0,935.0,935.0,935.0,120.0,123.0,125.0,135.0,85.25,20.64582282206257,935.0,0.0
LA,2021-03-27,2021,12,64,63.0,935.0,113.0,69.0,28.0,0.0,104.0,0,58.0,106.0,95.0,243.0,935.0,935.0,935.0,935.0,110.0,120.0,119.0,132.0,77.25,21.77728174038256,935.0,0.0
LA,2021-04-03,2021,13,65,55.0,993.0,111.0,62.0,23.0,0.0,94.0,0,63.0,58.0,82.0,227.0,935.0,935.0,935.0,935.0,113.0,110.0,123.0,125.0,70.5,23.895606290697035,949.5,28.99999999999998
LA,2021-04-10,2021,14,66,34.0,973.0,107.0,48.0,13.0,0.0,69.0,0,55.0,63.0,106.0,167.0,993.0,935.0,935.0,935.0,111.0,113.0,120.0,120.0,52.5,12.767145334803692,959.0,28.89059824002724
LA,2021-04-17,2021,15,67,50.0,974.0,115.0,66.0,26.0,0.0,90.0,0,34.0,55.0,58.0,156.0,973.0,993.0,935.0,935.0,107.0,111.0,110.0,125.0,50.5,12.233832869001699,968.75,24.308777564218754
LA,2021-04-24,2021,16,68,36.0,935.0,118.0,59.0,22.0,0.0,74.0,0,50.0,34.0,63.0,95.0,974.0,973.0,935.0,935.0,115.0,107.0,113.0,119.0,43.75,10.340051579497382,968.75,24.308777564218754
LA,2021-05-01,2021,17,69,45.0,935.0,111.0,52.0,18.0,0.0,79.0,0,36.0,50.0,55.0,82.0,935.0,974.0,993.0,935.0,118.0,115.0,111.0,123.0,41.25,7.544313531837494,954.25,22.231734075415662
LA,2021-05-08,2021,18,70,27.0,959.0,113.0,49.0,19.0,0.0,57.0,0,45.0,36.0,34.0,106.0,935.0,935.0,973.0,935.0,111.0,118.0,107.0,120.0,39.5,10.148891565092203,950.75,19.189841062395434
LA,2021-05-15,2021,19,71,42.0,939.0,107.0,62.0,22.0,0.0,82.0,0,27.0,45.0,50.0,58.0,959.0,935.0,974.0,935.0,113.0,111.0,115.0,110.0,37.5,7.93725393319375,942.0,11.489125293075968
LA,2021-05-22,2021,20,72,38.0,968.0,113.0,44.0,18.0,0.0,64.0,0,42.0,27.0,36.0,63.0,939.0,959.0,935.0,935.0,107.0,113.0,118.0,113.0,38.0,7.874007874011789,950.25,15.8192920195563
LA,2021-05-29,2021,21,73,47.0,934.0,111.0,59.0,26.0,0.0,80.0,0,38.0,42.0,45.0,55.0,968.0,939.0,935.0,993.0,113.0,107.0,111.0,111.0,38.5,8.504900548115362,950.0,16.145174717749708
LA,2021-06-05,2021,22,74,38.0,935.0,117.0,55.0,24.0,0.0,70.0,0,47.0,38.0,27.0,34.0,934.0,968.0,959.0,973.0,111.0,113.0,113.0,107.0,41.25,4.272001872658725,944.0,16.145174717749708
LA,2021-06-12,2021,23,75,30.0,994.0,112.0,34.0,16.0,0.0,48.0,0,38.0,47.0,42.0,50.0,935.0,934.0,939.0,974.0,117.0,111.0,107.0,115.0,38.25,6.946221994724878,957.75,28.87184326178936
LA,2021-06-19,2021,24,76,24.0,971.0,117.0,51.0,14.0,0.0,61.0,0,30.0,38.0,38.0,36.0,994.0,935.0,968.0,935.0,112.0,117.0,113.0,118.0,34.75,9.979144919948451,958.5,29.26317367158476
LA,2021-06-26,2021,25,77,36.0,991.0,121.0,60.0,20.0,0.0,76.0,0,24.0,30.0,47.0,45.0,971.0,994.0,934.0,935.0,117.0,112.0,111.0,111.0,32.0,6.324555320336732,972.75,27.15848547569124
LA,2021-07-03,2021,26,78,25.0,938.0,112.0,45.0,14.0,0.0,56.0,0,36.0,24.0,38.0,27.0,991.0,971.0,935.0,959.0,121.0,117.0,117.0,113.0,28.75,5.499999999999969,973.5,25.774664562964386
LA,2021-07-10,2021,27,79,25.0,991.0,120.0,38.0,15.0,0.0,48.0,0,25.0,36.0,30.0,42.0,938.0,991.0,994.0,939.0,112.0,121.0,112.0,107.0,27.5,5.6862407030772975,972.75,25.011663945714048
LA,2021-07-17,2021,28,80,57.0,935.0,123.0,71.0,30.0,0.0,98.0,0,25.0,25.0,24.0,38.0,991.0,938.0,971.0,968.0,120.0,112.0,117.0,113.0,35.75,15.085865349171488,963.75,31.489416211376998
LA,2021-07-24,2021,29,81,95.0,935.0,133.0,77.0,42.0,0.0,131.0,0,57.0,25.0,36.0,47.0,935.0,991.0,991.0,934.0,123.0,120.0,121.0,111.0,50.5,33.2816265628149,949.75,27.536339626028703
LA,2021-07-31,2021,30,82,162.0,935.0,144.0,122.0,83.0,0.0,201.0,0,95.0,57.0,25.0,38.0,935.0,935.0,938.0,935.0,133.0,123.0,112.0,117.0,84.75,58.914486051111965,949.0,27.999999999999975
LA,2021-08-07,2021,31,83,314.0,935.0,159.0,210.0,171.0,0.0,353.0,1,162.0,95.0,25.0,30.0,935.0,935.0,991.0,994.0,144.0,133.0,120.0,112.0,157.0,113.31078207008075,935.0,0.0
LA,2021-08-14,2021,32,84,408.0,935.0,167.0,276.0,231.0,0.0,453.0,1,314.0,162.0,57.0,24.0,935.0,935.0,935.0,971.0,159.0,144.0,123.0,117.0,244.75,142.26588956363832,935.0,0.0
LA,2021-08-21,2021,33,85,432.0,935.0,168.0,283.0,245.0,0.0,470.0,1,408.0,314.0,95.0,36.0,935.0,935.0,935.0,991.0,167.0,159.0,133.0,121.0,329.0,122.4254875424231,935.0,0.0
LA,2021-08-28,2021,34,86,461.0,935.0,170.0,294.0,251.0,0.0,504.0,1,432.0,408.0,162.0,25.0,935.0,935.0,935.0,938.0,168.0,167.0,144.0,112.0,403.75,63.63633658008078,935.0,0.0
LA,2021-09-04,2021,35,87,410.0,935.0,173.0,287.0,246.0,0.0,451.0,1,461.0,432.0,314.0,25.0,935.0,935.0,935.0,991.0,170.0,168.0,159.0,120.0,427.75,24.68974145942656,935.0,0.0
LA,2021-09-11,2021,36,88,314.0,935.0,157.0,225.0,183.0,0.0,356.0,1,410.0,461.0,408.0,57.0,935.0,935.0,935.0,935.0,173.0,170.0,167.0,123.0,404.25,63.68869601428493,935.0,0.0
LA,2021-09-18,2021,37,89,326.0,935.0,148.0,237.0,193.0,0.0,370.0,1,314.0,410.0,432.0,95.0,935.0,935.0,935.0,935.0,157.0,173.0,168.0,133.0,377.75,70.0303505631665,935.0,0.0
LA,2021-09-25,2021,38,90,226.0,935.0,140.0,174.0,137.0,0.0,263.0,0,326.0,314.0,461.0,162.0,935.0,935.0,935.0,935.0,148.0,157.0,170.0,144.0,319.0,75.2861208988748,935.0,0.0
LA,2021-10-02,2021,39,91,161.0,935.0,143.0,132.0,95.0,0.0,198.0,0,226.0,326.0,410.0,314.0,935.0,935.0,935.0,935.0,140.0,148.0,173.0,159.0,256.75,77.86045209218858,935.0,0.0
LA,2021-10-09,2021,40,92,135.0,935.0,136.0,101.0,71.0,0.0,166.0,0,161.0,226.0,314.0,408.0,935.0,935.0,935.0,935.0,143.0,140.0,157.0,167.0,212.0,85.09210695867543,935.0,0.0
LA,2021-10-16,2021,41,93,114.0,935.0,123.0,94.0,61.0,0.0,147.0,0,135.0,161.0,326.0,432.0,935.0,935.0,935.0,935.0,136.0,143.0,148.0,168.0,159.0,48.62783839187858,935.0,0.0
LA,2021-10-23,2021,42,94,65.0,984.0,113.0,70.0,41.0,0.0,94.0,0,114.0,135.0,226.0,461.0,935.0,935.0,935.0,935.0,123.0,136.0,140.0,170.0,118.75,40.66427588600745,947.25,24.49999999999997
LA,2021-10-30,2021,43,95,60.0,986.0,117.0,66.0,31.0,0.0,95.0,0,65.0,114.0,161.0,410.0,984.0,935.0,935.0,935.0,113.0,123.0,143.0,173.0,93.5,36.86461718233344,960.0,28.87905815638727
LA,2021-11-06,2021,44,96,55.0,935.0,121.0,65.0,29.0,0.0,91.0,0,60.0,65.0,135.0,314.0,986.0,984.0,935.0,935.0,117.0,113.0,136.0,157.0,73.5,27.30689778548015,960.0,28.87905815638727
LA,2021-11-13,2021,45,97,40.0,991.0,107.0,60.0,25.0,0.0,75.0,0,55.0,60.0,114.0,326.0,935.0,986.0,935.0,935.0,121.0,117.0,123.0,148.0,55.0,10.801234497346153,974.0,26.166135875720435
LA,2021-11-20,2021,46,98,44.0,935.0,113.0,46.0,15.0,0.0,75.0,0,40.0,55.0,65.0,226.0,991.0,935.0,984.0,935.0,107.0,121.0,113.0,140.0,49.75,9.322910847297672,961.75,30.955613384328164
LA,2021-11-27,2021,47,99,35.0,988.0,110.0,58.0,21.0,0.0,72.0,0,44.0,40.0,60.0,161.0,935.0,991.0,986.0,935.0,113.0,107.0,117.0,143.0,43.5,8.504900548115025,962.25,31.489416211376962
LA,2021-12-04,2021,48,100,43.0,935.0,108.0,54.0,18.0,0.0,79.0,0,35.0,44.0,55.0,135.0,988.0,935.0,935.0,935.0,110.0,113.0,121.0,136.0,40.5,4.041451884326628,962.25,31.489416211376962
LA,2021-12-11,2021,49,101,40.0,935.0,104.0,61.0,23.0,0.0,81.0,0,43.0,35.0,40.0,114.0,935.0,988.0,991.0,935.0,108.0,110.0,107.0,123.0,40.5,4.041451884326628,948.25,26.499999999999932
LA,2021-12-18,2021,50,102,27.0,996.0,105.0,53.0,18.0,0.0,63.0,0,40.0,43.0,44.0,65.0,935.0,935.0,935.0,984.0,104.0,108.0,113.0,113.0,36.25,6.994045086118661,963.5,33.07063148273198
LA,2021-12-25,2021,51,103,38.0,935.0,105.0,65.0,20.0,0.0,84.0,0,27.0,40.0,35.0,60.0,996.0,935.0,988.0,986.0,105.0,104.0,110.0,117.0,37.0,6.976149845485015,950.25,30.49999999999996
MA,2020-02-29,2020,9,8,0.0,969.0,102.0,100.0,0.0,22.0,122.0,0,37.0,0.0,0.0,0.0,969.0,969.0,969.0,969.0,94.0,96.0,94.0,97.0,9.25,18.5,969.0,0.0
MA,2020-03-07,2020,10,9,37.0,969.0,99.0,87.0,20.0,18.0,106.0,0,0.0,37.0,0.0,0.0,969.0,969.0,969.0,969.0,102.0,94.0,97.0,94.0,18.5,21.361959960016154,969.0,0.0
MA,2020-03-14,2020,11,10,0.0,969.0,113.0,94.0,0.0,16.0,110.0,0,37.0,0.0,0.0,0.0,969.0,969.0,969.0,969.0,99.0,102.0,96.0,92.0,18.5,21.361959960016154,969.0,0.0
MA,2020-03-21,2020,12,11,37.0,969.0,102.0,107.0,20.0,12.0,122.0,0,0.0,37.0,37.0,0.0,969.0,969.0,969.0,969.0,113.0,99.0,94.0,104.0,18.5,21.361959960016154,969.0,0.0
MA,2020-03-28,2020,13,12,52.0,969.0,106.0,135.0,22.0,11.0,174.0,0,37.0,0.0,0.0,0.0,969.0,969.0,969.0,969.0,102.0,113.0,102.0,94.0,31.5,22.15851980616034,969.0,0.0
MA,2020-04-04,2020,14,13,230.0,969.0,129.0,255.0,123.0,11.0,372.0,0,52.0,37.0,37.0,0.0,969.0,969.0,969.0,969.0,106.0,102.0,99.0,97.0,79.75,102.52276170034958,969.0,0.0
MA,2020-04-11,2020,15,14,649.0,969.0,172.0,378.0,245.0,0.0,784.0,1,230.0,52.0,0.0,0.0,969.0,969.0,969.0,969.0,129.0,106.0,113.0,96.0,242.0,285.14206985290684,969.0,0.0
MA,2020-04-18,2020,16,15,37.0,969.0,217.0,505.0,370.0,0.0,97.0,0,649.0,230.0,37.0,37.0,969.0,969.0,969.0,969.0,172.0,129.0,102.0,94.0,242.0,285.14206985290684,969.0,0.0
MA,2020-04-25,2020,17,16,37.0,969.0,228.0,571.0,453.0,0.0,97.0,0,37.0,649.0,52.0,0.0,969.0,969.0,969.0,969.0,217.0,172.0,106.0,102.0,238.25,288.55198838337606,969.0,0.0
MA,2020-05-02,2020,18,17,37.0,969.0,203.0,503.0,411.0,0.0,97.0,0,37.0,37.0,230.0,37.0,969.0,969.0,969.0,969.0,228.0,217.0,129.0,99.0,190.0,306.0,969.0,0.0
MA,2020-05-09,2020,19,18,945.0,969.0,191.0,440.0,362.0,0.0,97.0,1,37.0,37.0,649.0,0.0,969.0,969.0,969.0,969.0,203.0,228.0,172.0,113.0,264.0,454.0,969.0,0.0
MA,2020-05-16,2020,20,19,789.0,969.0,173.0,321.0,242.0,0.0,868.0,1,945.0,37.0,37.0,37.0,969.0,969.0,969.0,969.0,191.0,203.0,217.0,102.0,452.0,483.4142461009329,969.0,0.0
MA,2020-05-23,2020,21,20,531.0,969.0,148.0,244.0,179.0,0.0,596.0,1,789.0,945.0,37.0,52.0,969.0,969.0,969.0,969.0,173.0,191.0,228.0,106.0,575.5,397.5235842060191,969.0,0.0
MA,2020-05-30,2020,22,21,393.0,969.0,123.0,201.0,151.0,0.0,443.0,1,531.0,789.0,37.0,230.0,969.0,969.0,969.0,969.0,148.0,173.0,203.0,129.0,664.5,248.807154237976,969.0,0.0
MA,2020-06-06,2020,23,22,245.0,969.0,115.0,150.0,91.0,0.0,305.0,0,393.0,531.0,945.0,649.0,969.0,969.0,969.0,969.0,123.0,148.0,191.0,172.0,489.5,231.31147831441479,969.0,0.0
MA,2020-06-13,2020,24,23,182.0,969.0,106.0,132.0,73.0,0.0,241.0,0,245.0,393.0,789.0,37.0,969.0,969.0,969.0,969.0,115.0,123.0,173.0,217.0,337.75,156.26766566802397,969.0,0.0
MA,2020-06-20,2020,25,24,132.0,969.0,106.0,98.0,40.0,0.0,190.0,0,182.0,245.0,531.0,37.0,969.0,969.0,969.0,969.0,106.0,115.0,148.0,228.0,238.0,113.20482910783142,969.0,0.0
MA,2020-06-27,2020,26,25,97.0,969.0,101.0,75.0,24.0,0.0,148.0,0,132.0,182.0,393.0,37.0,969.0,969.0,969.0,969.0,106.0,106.0,123.0,203.0,164.0,64.28582010573288,969.0,0.0
MA,2020-07-04,2020,27,26,69.0,969.0,94.0,82.0,27.0,0.0,124.0,0,97.0,132.0,245.0,945.0,969.0,969.0,969.0,969.0,101.0,106.0,115.0,191.0,120.0,48.71002634639659,969.0,0.0
MA,2020-07-11,2020,28,27,59.0,969.0,96.0,51.0,14.0,0.0,97.0,0,69.0,97.0,182.0,789.0,969.0,969.0,969.0,969.0,94.0,101.0,106.0,173.0,89.25,32.724863126782516,969.0,0.0
MA,2020-07-18,2020,29,28,35.0,969.0,103.0,55.0,10.0,0.0,80.0,0,59.0,69.0,132.0,531.0,969.0,969.0,969.0,969.0,96.0,94.0,106.0,148.0,65.0,25.664502073226554,969.0,0.0
MA,2020-07-25,2020,30,29,37.0,969.0,102.0,54.0,11.0,0.0,80.0,0,35.0,59.0,97.0,393.0,969.0,969.0,969.0,969.0,103.0,96.0,101.0,123.0,50.0,16.693312034064725,969.0,0.0
MA,2020-08-01,2020,31,30,32.0,969.0,95.0,51.0,20.0,0.0,75.0,0,37.0,35.0,69.0,245.0,969.0,969.0,969.0,969.0,102.0,103.0,94.0,115.0,40.75,12.338962679252397,969.0,0.0
MA,2020-08-08,2020,32,31,28.0,996.0,93.0,48.0,20.0,0.0,73.0,0,32.0,37.0,59.0,182.0,969.0,969.0,969.0,969.0,95.0,102.0,96.0,106.0,33.0,3.9157800414881336,975.75,13.5
MA,2020-08-15,2020,33,32,23.0,969.0,99.0,53.0,20.0,0.0,72.0,0,28.0,32.0,35.0,132.0,996.0,969.0,969.0,969.0,93.0,95.0,103.0,106.0,30.0,5.944184833374281,975.75,13.5
MA,2020-08-22,2020,34,33,33.0,969.0,99.0,56.0,20.0,0.0,82.0,0,23.0,28.0,37.0,97.0,969.0,996.0,969.0,969.0,99.0,93.0,102.0,101.0,29.0,4.546060565660136,975.75,13.5
MA,2020-08-29,2020,35,34,26.0,969.0,100.0,60.0,20.0,0.0,80.0,0,33.0,23.0,32.0,69.0,969.0,969.0,969.0,969.0,99.0,99.0,95.0,94.0,27.5,4.2031734043041995,975.75,13.5
MA,2020-09-05,2020,36,35,19.0,969.0,96.0,42.0,20.0,0.0,57.0,0,26.0,33.0,28.0,59.0,969.0,969.0,996.0,969.0,100.0,99.0,93.0,96.0,25.25,5.909032633743881,969.0,0.0
MA,2020-09-12,2020,37,36,22.0,969.0,94.0,42.0,20.0,0.0,56.0,0,19.0,26.0,23.0,35.0,969.0,969.0,969.0,969.0,96.0,100.0,99.0,103.0,25.0,6.055300708193619,969.0,0.0
MA,2020-09-19,2020,38,37,27.0,969.0,103.0,67.0,20.0,0.0,86.0,0,22.0,19.0,33.0,37.0,969.0,969.0,969.0,969.0,94.0,96.0,99.0,102.0,23.5,3.696845502134238,969.0,0.0
MA,2020-09-26,2020,39,38,24.0,969.0,105.0,59.0,20.0,0.0,76.0,0,27.0,22.0,26.0,32.0,969.0,969.0,969.0,969.0,103.0,94.0,100.0,95.0,23.0,3.3665016461182393,969.0,0.0
MA,2020-10-03,2020,40,39,27.0,969.0,98.0,71.0,10.0,0.0,88.0,0,24.0,27.0,19.0,28.0,969.0,969.0,969.0,996.0,105.0,103.0,96.0,93.0,25.0,2.449489742779807,969.0,0.0
MA,2020-10-10,2020,41,40,28.0,969.0,102.0,80.0,13.0,0.0,95.0,0,27.0,24.0,22.0,23.0,969.0,969.0,969.0,969.0,98.0,105.0,94.0,99.0,26.5,1.7320508075641097,969.0,0.0
MA,2020-10-17,2020,42,41,46.0,969.0,99.0,76.0,16.0,0.0,106.0,0,28.0,27.0,27.0,33.0,969.0,969.0,969.0,969.0,102.0,98.0,103.0,99.0,31.25,9.979144919947641,969.0,0.0
MA,2020-10-24,2020,43,42,59.0,969.0,106.0,77.0,20.0,0.0,116.0,0,46.0,28.0,24.0,26.0,969.0,969.0,969.0,969.0,99.0,102.0,105.0,100.0,40.0,15.383974345618565,969.0,0.0
MA,2020-10-31,2020,44,43,54.0,969.0,95.0,89.0,23.0,0.0,120.0,0,59.0,46.0,27.0,19.0,969.0,969.0,969.0,969.0,106.0,99.0,98.0,96.0,46.75,13.598406769421562,969.0,0.0
MA,2020-11-07,2020,45,44,80.0,969.0,110.0,103.0,33.0,0.0,152.0,0,54.0,59.0,28.0,22.0,969.0,969.0,969.0,969.0,95.0,106.0,102.0,94.0,59.75,14.52297031142907,969.0,0.0
MA,2020-11-14,2020,46,45,91.0,969.0,106.0,120.0,34.0,0.0,178.0,0,80.0,54.0,46.0,27.0,969.0,969.0,969.0,969.0,110.0,95.0,99.0,103.0,71.0,17.454703282114256,969.0,0.0
MA,2020-11-21,2020,47,46,117.0,969.0,103.0,95.0,45.0,0.0,169.0,0,91.0,80.0,59.0,24.0,969.0,969.0,969.0,969.0,106.0,110.0,106.0,105.0,85.5,26.108746937887506,969.0,0.0
MA,2020-11-28,2020,48,47,153.0,969.0,108.0,138.0,69.0,0.0,223.0,0,117.0,91.0,54.0,27.0,969.0,969.0,969.0,969.0,103.0,106.0,95.0,98.0,110.25,32.44867742553848,969.0,0.0
MA,2020-12-05,2020,49,48,215.0,969.0,108.0,159.0,96.0,0.0,278.0,0,153.0,117.0,80.0,28.0,969.0,969.0,969.0,969.0,108.0,103.0,110.0,102.0,144.0,53.72770855588995,969.0,0.0
MA,2020-12-12,2020,50,49,257.0,969.0,117.0,175.0,108.0,0.0,325.0,0,215.0,153.0,91.0,46.0,969.0,969.0,969.0,969.0,108.0,108.0,106.0,99.0,185.5,62.532658134236684,969.0,0.0
MA,2020-12-19,2020,51,50,293.0,969.0,116.0,188.0,122.0,0.0,359.0,1,257.0,215.0,117.0,59.0,969.0,969.0,969.0,969.0,117.0,108.0,103.0,106.0,229.5,60.14149981501944,969.0,0.0
MA,2020-12-26,2020,52,51,361.0,969.0,127.0,233.0,166.0,0.0,428.0,1,293.0,257.0,153.0,54.0,969.0,969.0,969.0,969.0,116.0,117.0,108.0,95.0,281.5,61.84658438426477,969.0,0.0
MA,2021-01-02,2021,53,52,385.0,969.0,125.0,241.0,179.0,0.0,447.0,1,361.0,293.0,215.0,80.0,969.0,969.0,969.0,969.0,127.0,116.0,108.0,110.0,324.0,59.273377947720476,969.0,0.0
MA,2021-01-09,2021,1,53,391.0,969.0,122.0,262.0,186.0,0.0,467.0,1,385.0,361.0,257.0,91.0,969.0,969.0,969.0,969.0,125.0,127.0,117.0,106.0,357.5,44.911023145771054,969.0,0.0
MA,2021-01-16,2021,2,54,396.0,969.0,116.0,244.0,193.0,0.0,448.0,1,391.0,385.0,293.0,117.0,969.0,969.0,969.0,969.0,122.0,125.0,116.0,103.0,383.25,15.499999999999472,969.0,0.0
MA,2021-01-23,2021,3,55,394.0,969.0,118.0,233.0,171.0,0.0,457.0,1,396.0,391.0,361.0,153.0,969.0,969.0,969.0,969.0,116.0,122.0,127.0,108.0,391.5,4.795831523310996,969.0,0.0
MA,2021-01-30,2021,4,56,369.0,969.0,125.0,232.0,176.0,0.0,425.0,1,394.0,396.0,385.0,215.0,969.0,969.0,969.0,969.0,118.0,116.0,125.0,108.0,387.5,12.50333288900671,969.0,0.0
MA,2021-02-06,2021,5,57,296.0,969.0,118.0,201.0,129.0,0.0,368.0,1,369.0,394.0,391.0,257.0,969.0,969.0,969.0,969.0,125.0,118.0,122.0,117.0,363.75,46.80722878644547,969.0,0.0
MA,2021-02-13,2021,6,58,206.0,969.0,108.0,163.0,100.0,0.0,269.0,0,296.0,369.0,396.0,293.0,969.0,969.0,969.0,969.0,118.0,125.0,116.0,116.0,316.25,84.44475511638748,969.0,0.0
MA,2021-02-20,2021,7,59,184.0,969.0,103.0,173.0,108.0,0.0,249.0,0,206.0,296.0,394.0,361.0,969.0,969.0,969.0,969.0,108.0,118.0,118.0,127.0,263.75,85.26967026244823,969.0,0.0
MA,2021-02-27,2021,8,60,164.0,969.0,103.0,139.0,89.0,0.0,214.0,0,184.0,206.0,369.0,385.0,969.0,969.0,969.0,969.0,103.0,108.0,125.0,125.0,212.5,58.24946351684264,969.0,0.0
MA,2021-03-06,2021,9,61,115.0,969.0,98.0,95.0,52.0,0.0,158.0,0,164.0,184.0,296.0,391.0,969.0,969.0,969.0,969.0,103.0,103.0,118.0,122.0,167.25,38.827610450983386,969.0,0.0
MA,2021-03-13,2021,10,62,92.0,969.0,99.0,96.0,45.0,0.0,143.0,0,115.0,164.0,206.0,396.0,969.0,969.0,969.0,969.0,98.0,103.0,108.0,116.0,138.75,42.56269884926606,969.0,0.0
MA,2021-03-20,2021,11,63,88.0,969.0,104.0,92.0,40.0,0.0,141.0,0,92.0,115.0,184.0,394.0,969.0,969.0,969.0,969.0,99.0,98.0,103.0,118.0,114.75,34.92253331780664,969.0,0.0
MA,2021-03-27,2021,12,64,79.0,969.0,102.0,102.0,47.0,0.0,134.0,0,88.0,92.0,164.0,369.0,969.0,969.0,969.0,969.0,104.0,99.0,103.0,125.0,93.5,15.32970971675528,969.0,0.0
MA,2021-04-03,2021,13,65,78.0,969.0,93.0,103.0,36.0,0.0,145.0,0,79.0,88.0,115.0,296.0,969.0,969.0,969.0,969.0,102.0,104.0,98.0,118.0,84.25,6.849574196010137,969.0,0.0
MA,2021-04-10,2021,14,66,61.0,969.0,93.0,67.0,31.0,0.0,97.0,0,78.0,79.0,92.0,206.0,969.0,969.0,969.0,969.0,93.0,102.0,99.0,108.0,76.5,11.269427669583814,969.0,0.0
MA,2021-04-17,2021,15,67,61.0,969.0,96.0,80.0,36.0,0.0,106.0,0,61.0,78.0,88.0,184.0,969.0,969.0,969.0,969.0,93.0,93.0,104.0,103.0,69.75,10.111874208077419,969.0,0.0
MA,2021-04-24,2021,16,68,59.0,969.0,96.0,82.0,31.0,0.0,110.0,0,61.0,61.0,79.0,164.0,969.0,969.0,969.0,969.0,96.0,93.0,102.0,103.0,64.75,8.883505314156569,969.0,0.0
MA,2021-05-01,2021,17,69,66.0,969.0,100.0,93.0,41.0,0.0,118.0,0,59.0,61.0,78.0,115.0,969.0,969.0,969.0,969.0,96.0,96.0,93.0,98.0,61.75,2.9860788111916974,969.0,0.0
MA,2021-05-08,2021,18,70,54.0,969.0,100.0,78.0,25.0,0.0,107.0,0,66.0,59.0,61.0,92.0,969.0,969.0,969.0,969.0,100.0,96.0,93.0,99.0,60.0,4.966554808581903,969.0,0.0
MA,2021-05-15,2021,19,71,51.0,969.0,102.0,76.0,20.0,0.0,107.0,0,54.0,66.0,61.0,88.0,969.0,969.0,969.0,969.0,100.0,100.0,96.0,104.0,57.5,6.557438524300578,969.0,0.0
MA,2021-05-22,2021,20,72,50.0,969.0,107.0,80.0,27.0,0.0,103.0,0,51.0,54.0,59.0,79.0,969.0,969.0,969.0,969.0,102.0,100.0,96.0,102.0,55.25,7.365459931326852,969.0,0.0
MA,2021-05-29,2021,21,73,32.0,969.0,100.0,69.0,19.0,0.0,82.0,0,50.0,51.0,66.0,78.0,969.0,969.0,969.0,969.0,107.0,102.0,100.0,93.0,46.75,9.979144919947533,969.0,0.0
MA,2021-06-05,2021,22,74,27.0,969.0,97.0,55.0,19.0,0.0,63.0,0,32.0,50.0,54.0,61.0,969.0,969.0,969.0,969.0,100.0,107.0,100.0,93.0,40.0,12.30176139149653,969.0,0.0
MA,2021-06-12,2021,23,75,23.0,969.0,100.0,65.0,13.0,0.0,75.0,0,27.0,32.0,51.0,61.0,969.0,969.0,969.0,969.0,97.0,100.0,102.0,96.0,33.0,11.916375287812203,969.0,0.0
MA,2021-06-19,2021,24,76,18.0,969.0,95.0,47.0,20.0,0.0,61.0,0,23.0,27.0,50.0,59.0,969.0,969.0,969.0,969.0,100.0,97.0,107.0,96.0,25.0,5.9441848333741,969.0,0.0
MA,2021-06-26,2021,25,77,37.0,969.0,100.0,55.0,20.0,0.0,58.0,0,18.0,23.0,32.0,66.0,969.0,969.0,969.0,969.0,95.0,100.0,100.0,100.0,26.25,8.057087976846722,969.0,0.0
MA,2021-07-03,2021,26,78,16.0,969.0,99.0,51.0,20.0,0.0,60.0,0,37.0,18.0,27.0,54.0,969.0,969.0,969.0,969.0,100.0,95.0,97.0,100.0,23.5,9.469248474226877,969.0,0.0
MA,2021-07-10,2021,27,79,37.0,969.0,102.0,60.0,20.0,0.0,63.0,0,16.0,37.0,23.0,51.0,969.0,969.0,969.0,969.0,99.0,100.0,100.0,102.0,27.0,11.57583690278942,969.0,0.0
MA,2021-07-17,2021,28,80,13.0,969.0,95.0,62.0,20.0,0.0,70.0,0,37.0,16.0,18.0,50.0,969.0,969.0,969.0,969.0,102.0,99.0,95.0,107.0,25.75,13.047988350699175,969.0,0.0
MA,2021-07-24,2021,29,81,25.0,969.0,108.0,72.0,11.0,0.0,86.0,0,13.0,37.0,37.0,32.0,969.0,969.0,969.0,969.0,95.0,102.0,100.0,100.0,22.75,10.781929326423048,969.0,0.0
MA,2021-07-31,2021,30,82,17.0,969.0,105.0,59.0,11.0,0.0,65.0,0,25.0,13.0,16.0,27.0,969.0,969.0,969.0,969.0,108.0,95.0,99.0,97.0,23.0,10.583005244257482,969.0,0.0
MA,2021-08-07,2021,31,83,18.0,969.0,106.0,58.0,14.0,0.0,62.0,0,17.0,25.0,37.0,23.0,969.0,969.0,969.0,969.0,105.0,108.0,102.0,100.0,18.25,4.991659710622111,969.0,0.0
MA,2021-08-14,2021,32,84,39.0,969.0,103.0,69.0,22.0,0.0,86.0,0,18.0,17.0,13.0,18.0,969.0,969.0,969.0,969.0,106.0,105.0,95.0,95.0,24.75,10.144785195687883,969.0,0.0
MA,2021-08-21,2021,33,85,34.0,969.0,107.0,79.0,21.0,0.0,92.0,0,39.0,18.0,25.0,37.0,969.0,969.0,969.0,969.0,103.0,106.0,108.0,100.0,27.0,11.165422816295315,969.0,0.0
MA,2021-08-28,2021,34,86,47.0,969.0,109.0,100.0,25.0,0.0,122.0,0,34.0,39.0,17.0,16.0,969.0,969.0,969.0,969.0,107.0,103.0,105.0,99.0,34.5,12.23383286900095,969.0,0.0
MA,2021-09-04,2021,35,87,67.0,969.0,109.0,87.0,38.0,0.0,116.0,0,47.0,34.0,18.0,37.0,969.0,969.0,969.0,969.0,109.0,107.0,106.0,102.0,46.75,14.522970311428995,969.0,0.0
MA,2021-09-11,2021,36,88,77.0,969.0,114.0,98.0,46.0,0.0,129.0,0,67.0,47.0,39.0,13.0,969.0,969.0,969.0,969.0,109.0,109.0,103.0,95.0,56.25,19.379972480200138,969.0,0.0
MA,2021-09-18,2021,37,89,74.0,969.0,107.0,99.0,45.0,0.0,128.0,0,77.0,67.0,34.0,25.0,969.0,969.0,969.0,969.0,114.0,109.0,107.0,108.0,66.25,13.49999999999931,969.0,0.0
MA,2021-09-25,2021,38,90,88.0,969.0,110.0,93.0,47.0,0.0,134.0,0,74.0,77.0,47.0,17.0,969.0,969.0,969.0,969.0,107.0,114.0,109.0,105.0,76.5,8.736894948053036,969.0,0.0
MA,2021-10-02,2021,39,91,100.0,969.0,113.0,104.0,55.0,0.0,149.0,0,88.0,74.0,67.0,18.0,969.0,969.0,969.0,969.0,110.0,107.0,109.0,106.0,84.75,11.81453906563073,969.0,0.0
MA,2021-10-09,2021,40,92,84.0,969.0,106.0,107.0,45.0,0.0,147.0,0,100.0,88.0,77.0,39.0,969.0,969.0,969.0,969.0,113.0,110.0,114.0,103.0,86.5,10.754843869933584,969.0,0.0
MA,2021-10-16,2021,41,93,69.0,969.0,115.0,107.0,37.0,0.0,139.0,0,84.0,100.0,74.0,34.0,969.0,969.0,969.0,969.0,106.0,113.0,107.0,107.0,85.25,12.789970028632384,969.0,0.0
MA,2021-10-23,2021,42,94,78.0,969.0,108.0,97.0,34.0,0.0,141.0,0,69.0,84.0,88.0,47.0,969.0,969.0,969.0,969.0,115.0,106.0,110.0,109.0,82.75,13.047988350699171,969.0,0.0
MA,2021-10-30,2021,43,95,64.0,969.0,111.0,113.0,41.0,0.0,136.0,0,78.0,69.0,100.0,67.0,969.0,969.0,969.0,969.0,108.0,115.0,113.0,109.0,73.75,8.958236433583414,969.0,0.0
MA,2021-11-06,2021,44,96,76.0,969.0,113.0,104.0,44.0,0.0,136.0,0,64.0,78.0,84.0,77.0,969.0,969.0,969.0,969.0,111.0,108.0,106.0,114.0,71.75,6.44851404071625,969.0,0.0
MA,2021-11-13,2021,45,97,73.0,969.0,116.0,101.0,44.0,0.0,131.0,0,76.0,64.0,69.0,74.0,969.0,969.0,969.0,969.0,113.0,111.0,115.0,107.0,72.75,6.184658438424978,969.0,0.0
MA,2021-11-20,2021,46,98,72.0,969.0,109.0,99.0,39.0,0.0,133.0,0,73.0,76.0,78.0,88.0,969.0,969.0,969.0,969.0,116.0,113.0,108.0,110.0,71.25,5.123475382977973,969.0,0.0
MA,2021-11-27,2021,47,99,102.0,969.0,108.0,118.0,55.0,0.0,165.0,0,72.0,73.0,64.0,100.0,969.0,969.0,969.0,969.0,109.0,116.0,111.0,113.0,80.75,14.268263150549004,969.0,0.0
MA,2021-12-04,2021,48,100,139.0,969.0,115.0,159.0,71.0,0.0,227.0,0,102.0,72.0,76.0,84.0,969.0,969.0,969.0,969.0,108.0,109.0,113.0,106.0,96.5,31.564748269759967,969.0,0.0
MA,2021-12-11,2021,49,101,145.0,969.0,118.0,146.0,73.0,0.0,221.0,0,139.0,102.0,73.0,69.0,969.0,969.0,969.0,969.0,115.0,108.0,116.0,115.0,114.5,34.122328955294286,969.0,0.0
MA,2021-12-18,2021,50,102,170.0,969.0,118.0,161.0,103.0,0.0,234.0,0,145.0,139.0,72.0,78.0,969.0,969.0,969.0,969.0,118.0,115.0,109.0,108.0,139.0,28.0832096931004,969.0,0.0
MA,2021-12-25,2021,51,103,187.0,969.0,115.0,176.0,113.0,0.0,251.0,0,170.0,145.0,102.0,64.0,969.0,969.0,969.0,969.0,118.0,118.0,108.0,111.0,160.25,22.3215142855493,969.0,0.0
MD,2020-02-29,2020,9,8,0.0,957.0,106.0,75.0,0.0,11.0,86.0,0,0.0,0.0,0.0,0.0,973.0,957.0,957.0,957.0,94.0,99.0,99.0,99.0,0.0,0.0,961.0,7.9999999999999805
MD,2020-03-07,2020,10,9,0.0,957.0,104.0,82.0,0.0,11.0,93.0,0,0.0,0.0,0.0,0.0,957.0,973.0,957.0,957.0,106.0,94.0,96.0,95.0,0.0,0.0,961.0,7.9999999999999805
MD,2020-03-14,2020,11,10,0.0,957.0,101.0,65.0,0.0,13.0,78.0,0,0.0,0.0,0.0,0.0,957.0,957.0,957.0,988.0,104.0,106.0,99.0,94.0,0.0,0.0,961.0,7.9999999999999805
MD,2020-03-21,2020,12,11,41.0,957.0,107.0,80.0,20.0,0.0,91.0,0,0.0,0.0,0.0,0.0,957.0,957.0,973.0,957.0,101.0,104.0,94.0,96.0,10.25,20.5,957.0,0.0
MD,2020-03-28,2020,13,12,18.0,957.0,108.0,101.0,10.0,10.0,119.0,0,41.0,0.0,0.0,0.0,957.0,957.0,957.0,957.0,107.0,101.0,106.0,99.0,14.75,19.448650338776723,957.0,0.0
MD,2020-04-04,2020,14,13,86.0,957.0,121.0,156.0,41.0,0.0,207.0,0,18.0,41.0,0.0,0.0,957.0,957.0,957.0,957.0,108.0,107.0,104.0,96.0,36.25,37.16965608306503,957.0,0.0
MD,2020-04-11,2020,15,14,212.0,957.0,135.0,180.0,90.0,10.0,308.0,0,86.0,18.0,0.0,0.0,957.0,957.0,957.0,957.0,121.0,108.0,101.0,99.0,89.25,86.5693363726441,957.0,0.0
MD,2020-04-18,2020,16,15,299.0,957.0,143.0,209.0,118.0,0.0,391.0,1,212.0,86.0,41.0,0.0,957.0,957.0,957.0,973.0,135.0,121.0,107.0,94.0,153.75,125.84216304561839,957.0,0.0
MD,2020-04-25,2020,17,16,392.0,957.0,164.0,206.0,124.0,0.0,476.0,1,299.0,212.0,18.0,0.0,957.0,957.0,957.0,957.0,143.0,135.0,108.0,106.0,247.25,130.2238457426289,957.0,0.0
MD,2020-05-02,2020,18,17,426.0,957.0,160.0,226.0,147.0,0.0,506.0,1,392.0,299.0,86.0,0.0,957.0,957.0,957.0,957.0,164.0,143.0,121.0,104.0,332.25,96.47927238531602,957.0,0.0
MD,2020-05-09,2020,19,18,414.0,957.0,159.0,215.0,160.0,0.0,471.0,1,426.0,392.0,212.0,0.0,957.0,957.0,957.0,957.0,160.0,164.0,135.0,101.0,382.75,57.58110222402257,957.0,0.0
MD,2020-05-16,2020,20,19,390.0,957.0,158.0,187.0,134.0,0.0,443.0,1,414.0,426.0,299.0,41.0,957.0,957.0,957.0,957.0,159.0,160.0,143.0,107.0,405.5,17.46424919657307,957.0,0.0
MD,2020-05-23,2020,21,20,298.0,957.0,147.0,176.0,111.0,0.0,364.0,1,390.0,414.0,392.0,18.0,957.0,957.0,957.0,957.0,158.0,159.0,164.0,108.0,382.0,57.96550698475778,957.0,0.0
MD,2020-05-30,2020,22,21,292.0,957.0,145.0,165.0,104.0,0.0,353.0,1,298.0,390.0,426.0,86.0,957.0,957.0,957.0,957.0,147.0,158.0,160.0,121.0,348.5,62.59659202651,957.0,0.0
MD,2020-06-06,2020,23,22,234.0,957.0,125.0,158.0,104.0,0.0,288.0,1,292.0,298.0,414.0,212.0,957.0,957.0,957.0,957.0,145.0,147.0,159.0,135.0,303.5,64.48514040717704,957.0,0.0
MD,2020-06-13,2020,24,23,191.0,957.0,126.0,128.0,75.0,0.0,245.0,0,234.0,292.0,390.0,299.0,957.0,957.0,957.0,957.0,125.0,145.0,158.0,143.0,253.75,50.822403196490725,957.0,0.0
MD,2020-06-20,2020,25,24,135.0,957.0,119.0,117.0,45.0,0.0,207.0,0,191.0,234.0,298.0,392.0,957.0,957.0,957.0,957.0,126.0,125.0,147.0,164.0,213.0,66.45800679125631,957.0,0.0
MD,2020-06-27,2020,26,25,115.0,957.0,111.0,92.0,40.0,0.0,167.0,0,135.0,191.0,292.0,426.0,957.0,957.0,957.0,957.0,119.0,126.0,145.0,160.0,168.75,54.1009858197304,957.0,0.0
MD,2020-07-04,2020,27,26,91.0,957.0,115.0,79.0,29.0,0.0,141.0,0,115.0,135.0,234.0,414.0,957.0,957.0,957.0,957.0,111.0,119.0,125.0,159.0,133.0,42.6458282445853,957.0,0.0
MD,2020-07-11,2020,28,27,74.0,957.0,115.0,73.0,20.0,0.0,128.0,0,91.0,115.0,191.0,390.0,957.0,957.0,957.0,957.0,115.0,111.0,126.0,158.0,103.75,26.775299562594437,957.0,0.0
MD,2020-07-18,2020,29,28,62.0,957.0,112.0,74.0,25.0,0.0,111.0,0,74.0,91.0,135.0,298.0,957.0,957.0,957.0,957.0,115.0,115.0,119.0,147.0,85.5,22.985502677412484,957.0,0.0
MD,2020-07-25,2020,30,29,67.0,957.0,113.0,74.0,31.0,0.0,110.0,0,62.0,74.0,115.0,292.0,957.0,957.0,957.0,957.0,112.0,115.0,111.0,145.0,73.5,12.66227994214851,957.0,0.0
MD,2020-08-01,2020,31,30,79.0,957.0,119.0,81.0,25.0,0.0,135.0,0,67.0,62.0,91.0,234.0,957.0,957.0,957.0,957.0,113.0,112.0,115.0,125.0,70.5,7.505553499465346,957.0,0.0
MD,2020-08-08,2020,32,31,72.0,957.0,113.0,73.0,20.0,0.0,125.0,0,79.0,67.0,74.0,191.0,957.0,957.0,957.0,957.0,119.0,113.0,115.0,126.0,70.0,7.257180352359299,957.0,0.0
MD,2020-08-15,2020,33,32,61.0,957.0,117.0,74.0,23.0,0.0,112.0,0,72.0,79.0,62.0,135.0,957.0,957.0,957.0,957.0,113.0,119.0,112.0,119.0,69.75,7.632168761237082,957.0,0.0
MD,2020-08-22,2020,34,33,59.0,957.0,113.0,64.0,16.0,0.0,107.0,0,61.0,72.0,67.0,115.0,957.0,957.0,957.0,957.0,117.0,113.0,113.0,111.0,67.75,9.42956343987726,957.0,0.0
MD,2020-08-29,2020,35,34,57.0,957.0,116.0,71.0,16.0,0.0,112.0,0,59.0,61.0,79.0,91.0,957.0,957.0,957.0,957.0,113.0,117.0,119.0,115.0,62.25,6.701989754294604,957.0,0.0
MD,2020-09-05,2020,36,35,55.0,957.0,114.0,71.0,23.0,0.0,103.0,0,57.0,59.0,72.0,74.0,957.0,957.0,957.0,957.0,116.0,113.0,113.0,115.0,58.0,2.5819888974722276,957.0,0.0
MD,2020-09-12,2020,37,36,38.0,996.0,110.0,45.0,12.0,0.0,71.0,0,55.0,57.0,61.0,62.0,957.0,957.0,957.0,957.0,114.0,116.0,117.0,112.0,52.25,9.639329160614334,966.75,19.499999999999993
MD,2020-09-19,2020,38,37,49.0,991.0,110.0,64.0,23.0,0.0,90.0,0,38.0,55.0,59.0,67.0,996.0,957.0,957.0,957.0,110.0,114.0,113.0,113.0,49.75,8.539125638299852,975.25,21.171915359740122
MD,2020-09-26,2020,39,38,49.0,957.0,119.0,94.0,19.0,0.0,124.0,0,49.0,38.0,57.0,79.0,991.0,996.0,957.0,957.0,110.0,110.0,116.0,119.0,47.75,7.088723439379137,975.25,21.171915359740122
MD,2020-10-03,2020,40,39,41.0,957.0,116.0,60.0,16.0,0.0,85.0,0,49.0,49.0,55.0,72.0,957.0,991.0,957.0,957.0,119.0,110.0,114.0,113.0,44.25,5.619905100029407,975.25,21.171915359740122
MD,2020-10-10,2020,41,40,51.0,957.0,119.0,92.0,20.0,0.0,123.0,0,41.0,49.0,38.0,61.0,957.0,957.0,996.0,957.0,116.0,119.0,110.0,117.0,47.5,4.43471156521705,965.5,17.0
MD,2020-10-17,2020,42,41,43.0,957.0,110.0,72.0,16.0,0.0,100.0,0,51.0,41.0,49.0,59.0,957.0,957.0,991.0,957.0,119.0,116.0,110.0,113.0,46.0,4.760952285695568,957.0,0.0
MD,2020-10-24,2020,43,42,63.0,957.0,112.0,90.0,31.0,0.0,123.0,0,43.0,51.0,49.0,57.0,957.0,957.0,957.0,957.0,110.0,119.0,119.0,116.0,49.5,9.983319421248117,957.0,0.0
MD,2020-10-31,2020,44,43,65.0,957.0,113.0,81.0,24.0,0.0,122.0,0,63.0,43.0,41.0,55.0,957.0,957.0,957.0,957.0,112.0,110.0,116.0,114.0,55.5,10.376254944182406,957.0,0.0
MD,2020-11-07,2020,45,44,79.0,957.0,112.0,77.0,26.0,0.0,130.0,0,65.0,63.0,51.0,38.0,957.0,957.0,957.0,996.0,113.0,112.0,119.0,110.0,62.5,14.821156050277247,957.0,0.0
MD,2020-11-14,2020,46,45,103.0,957.0,112.0,98.0,43.0,0.0,158.0,0,79.0,65.0,43.0,49.0,957.0,957.0,957.0,991.0,112.0,113.0,110.0,110.0,77.5,18.430047929038867,957.0,0.0
MD,2020-11-21,2020,47,46,159.0,957.0,125.0,115.0,54.0,0.0,221.0,0,103.0,79.0,63.0,49.0,957.0,957.0,957.0,957.0,112.0,112.0,112.0,119.0,101.5,41.420606787765315,957.0,0.0
MD,2020-11-28,2020,48,47,236.0,957.0,118.0,152.0,93.0,0.0,295.0,1,159.0,103.0,65.0,41.0,957.0,957.0,957.0,957.0,125.0,112.0,113.0,116.0,144.25,69.74895459192682,957.0,0.0
MD,2020-12-05,2020,49,48,263.0,957.0,128.0,158.0,111.0,0.0,310.0,1,236.0,159.0,79.0,51.0,957.0,957.0,957.0,957.0,118.0,125.0,112.0,119.0,190.25,72.97202660380668,957.0,0.0
MD,2020-12-12,2020,50,49,352.0,957.0,137.0,205.0,145.0,0.0,412.0,1,263.0,236.0,103.0,43.0,957.0,957.0,957.0,957.0,128.0,118.0,112.0,110.0,252.5,79.63458210266862,957.0,0.0
MD,2020-12-19,2020,51,50,370.0,957.0,138.0,210.0,162.0,0.0,418.0,1,352.0,263.0,159.0,63.0,957.0,957.0,957.0,957.0,137.0,128.0,125.0,112.0,305.25,65.7235371334603,957.0,0.0
MD,2020-12-26,2020,52,51,327.0,957.0,130.0,192.0,143.0,0.0,376.0,1,370.0,352.0,236.0,65.0,957.0,957.0,957.0,957.0,138.0,137.0,118.0,113.0,328.0,46.783187863448,957.0,0.0
MD,2021-01-02,2021,53,52,349.0,957.0,144.0,208.0,149.0,0.0,408.0,1,327.0,370.0,263.0,79.0,957.0,957.0,957.0,957.0,130.0,138.0,128.0,112.0,349.5,17.63519208854843,957.0,0.0
MD,2021-01-09,2021,1,53,311.0,957.0,129.0,220.0,133.0,0.0,398.0,1,349.0,327.0,352.0,103.0,957.0,957.0,957.0,957.0,144.0,130.0,137.0,112.0,339.25,25.74716812907136,957.0,0.0
MD,2021-01-16,2021,2,54,337.0,957.0,131.0,194.0,139.0,0.0,392.0,1,311.0,349.0,370.0,159.0,957.0,957.0,957.0,957.0,129.0,144.0,138.0,125.0,331.0,16.0831174424198,957.0,0.0
MD,2021-01-23,2021,3,55,348.0,957.0,129.0,210.0,147.0,0.0,411.0,1,337.0,311.0,327.0,236.0,957.0,957.0,957.0,957.0,131.0,129.0,130.0,118.0,336.25,17.68945071692923,957.0,0.0
MD,2021-01-30,2021,4,56,300.0,957.0,127.0,184.0,128.0,0.0,356.0,1,348.0,337.0,349.0,263.0,957.0,957.0,957.0,957.0,129.0,131.0,144.0,128.0,324.0,22.286019533929068,957.0,0.0
MD,2021-02-06,2021,5,57,246.0,957.0,121.0,174.0,109.0,0.0,311.0,1,300.0,348.0,311.0,352.0,957.0,957.0,957.0,957.0,127.0,129.0,129.0,137.0,307.75,46.00271731104589,957.0,0.0
MD,2021-02-13,2021,6,58,250.0,957.0,123.0,171.0,117.0,0.0,304.0,1,246.0,300.0,337.0,370.0,957.0,957.0,957.0,957.0,121.0,127.0,131.0,138.0,286.0,48.08326112068524,957.0,0.0
MD,2021-02-20,2021,7,59,201.0,957.0,113.0,135.0,92.0,0.0,244.0,0,250.0,246.0,348.0,327.0,957.0,957.0,957.0,957.0,123.0,121.0,129.0,130.0,249.25,40.47530111067737,957.0,0.0
MD,2021-02-27,2021,8,60,162.0,957.0,114.0,147.0,81.0,0.0,228.0,0,201.0,250.0,300.0,349.0,957.0,957.0,957.0,957.0,113.0,123.0,127.0,144.0,214.75,41.596273871586156,957.0,0.0
MD,2021-03-06,2021,9,61,100.0,957.0,112.0,106.0,36.0,0.0,171.0,0,162.0,201.0,246.0,311.0,957.0,957.0,957.0,957.0,114.0,113.0,121.0,129.0,178.25,63.384409229189274,957.0,0.0
MD,2021-03-13,2021,10,62,115.0,957.0,109.0,97.0,47.0,0.0,165.0,0,100.0,162.0,250.0,337.0,957.0,957.0,957.0,957.0,112.0,114.0,123.0,131.0,144.5,46.0036230457269,957.0,0.0
MD,2021-03-20,2021,11,63,124.0,957.0,114.0,117.0,47.0,0.0,194.0,0,115.0,100.0,201.0,348.0,957.0,957.0,957.0,957.0,109.0,112.0,113.0,129.0,125.25,26.424420523447655,957.0,0.0
MD,2021-03-27,2021,12,64,96.0,957.0,112.0,92.0,41.0,0.0,147.0,0,124.0,115.0,162.0,300.0,957.0,957.0,957.0,957.0,114.0,109.0,114.0,127.0,108.75,13.047988350699953,957.0,0.0
MD,2021-04-03,2021,13,65,122.0,957.0,105.0,110.0,51.0,0.0,182.0,0,96.0,124.0,100.0,246.0,957.0,957.0,957.0,957.0,112.0,114.0,112.0,121.0,114.25,12.763881332363926,957.0,0.0
MD,2021-04-10,2021,14,66,129.0,957.0,117.0,113.0,61.0,0.0,181.0,0,122.0,96.0,115.0,250.0,957.0,957.0,957.0,957.0,105.0,112.0,109.0,123.0,117.75,14.795832746644182,957.0,0.0
MD,2021-04-17,2021,15,67,119.0,957.0,104.0,101.0,48.0,0.0,172.0,0,129.0,122.0,124.0,201.0,957.0,957.0,957.0,957.0,117.0,105.0,114.0,113.0,116.5,14.294521094927772,957.0,0.0
MD,2021-04-24,2021,16,68,132.0,957.0,116.0,104.0,61.0,0.0,175.0,0,119.0,129.0,96.0,162.0,957.0,957.0,957.0,957.0,104.0,117.0,112.0,114.0,125.5,6.027713773341853,957.0,0.0
MD,2021-05-01,2021,17,69,120.0,957.0,115.0,103.0,54.0,0.0,169.0,0,132.0,119.0,122.0,100.0,957.0,957.0,957.0,957.0,116.0,104.0,105.0,112.0,125.0,6.480740698407995,957.0,0.0
MD,2021-05-08,2021,18,70,88.0,957.0,107.0,71.0,36.0,0.0,123.0,0,120.0,132.0,129.0,115.0,957.0,957.0,957.0,957.0,115.0,116.0,117.0,109.0,114.75,18.786076404259312,957.0,0.0
MD,2021-05-15,2021,19,71,79.0,957.0,116.0,89.0,32.0,0.0,136.0,0,88.0,120.0,119.0,124.0,957.0,957.0,957.0,957.0,107.0,115.0,104.0,114.0,104.75,25.289984842489233,957.0,0.0
MD,2021-05-22,2021,20,72,82.0,957.0,112.0,81.0,37.0,0.0,126.0,0,79.0,88.0,132.0,96.0,957.0,957.0,957.0,957.0,116.0,107.0,116.0,112.0,92.25,18.874586088176923,957.0,0.0
MD,2021-05-29,2021,21,73,63.0,957.0,114.0,64.0,24.0,0.0,103.0,0,82.0,79.0,120.0,122.0,957.0,957.0,957.0,957.0,112.0,116.0,115.0,105.0,78.0,10.6770782520314,957.0,0.0
MD,2021-06-05,2021,22,74,37.0,957.0,117.0,69.0,15.0,0.0,91.0,0,63.0,82.0,88.0,129.0,957.0,957.0,957.0,957.0,114.0,112.0,107.0,117.0,65.25,20.59732992404603,957.0,0.0
MD,2021-06-12,2021,23,75,31.0,901.0,97.0,64.0,12.0,0.0,83.0,0,37.0,63.0,79.0,119.0,957.0,957.0,957.0,957.0,117.0,114.0,116.0,104.0,53.25,23.66960075708929,943.0,28.0
MD,2021-06-19,2021,24,76,26.0,950.0,103.0,56.0,14.0,0.0,68.0,0,31.0,37.0,82.0,132.0,901.0,957.0,957.0,957.0,97.0,117.0,112.0,116.0,39.25,16.45954636879974,941.25,27.035470527931757
MD,2021-06-26,2021,25,77,25.0,918.0,102.0,63.0,10.0,0.0,78.0,0,26.0,31.0,63.0,120.0,950.0,901.0,957.0,957.0,103.0,97.0,114.0,115.0,29.75,5.500000000000174,931.5,26.488991424111767
MD,2021-07-03,2021,26,78,15.0,980.0,106.0,55.0,20.0,0.0,65.0,0,25.0,26.0,37.0,88.0,918.0,950.0,957.0,957.0,102.0,103.0,117.0,107.0,24.25,6.70198975429451,937.25,34.99880950356264
MD,2021-07-10,2021,27,79,41.0,884.0,97.0,54.0,20.0,0.0,58.0,0,15.0,25.0,31.0,79.0,980.0,918.0,901.0,957.0,106.0,102.0,97.0,116.0,26.75,10.71991915392409,933.0,41.32795663954365
MD,2021-07-17,2021,28,80,17.0,940.0,105.0,70.0,10.0,0.0,77.0,0,41.0,15.0,26.0,82.0,884.0,980.0,950.0,957.0,97.0,106.0,103.0,112.0,24.5,11.818065267490638,930.5,40.24508251534176
MD,2021-07-24,2021,29,81,19.0,931.0,102.0,61.0,20.0,0.0,75.0,0,17.0,41.0,25.0,63.0,940.0,884.0,918.0,957.0,105.0,97.0,102.0,114.0,23.0,12.110601416390047,933.75,39.415521477374035
MD,2021-07-31,2021,30,82,20.0,958.0,108.0,63.0,20.0,0.0,76.0,0,19.0,17.0,15.0,37.0,931.0,940.0,980.0,957.0,102.0,105.0,106.0,117.0,24.25,11.2361025271222,928.25,31.563428204173267
MD,2021-08-07,2021,31,83,28.0,953.0,106.0,66.0,12.0,0.0,82.0,0,20.0,19.0,41.0,31.0,958.0,931.0,884.0,901.0,108.0,102.0,97.0,97.0,21.0,4.830458915396678,945.5,12.288205727444526
MD,2021-08-14,2021,32,84,32.0,972.0,109.0,69.0,15.0,0.0,86.0,0,28.0,20.0,17.0,26.0,953.0,958.0,940.0,950.0,106.0,108.0,105.0,103.0,24.75,6.29152869605911,953.5,17.019596548292995
MD,2021-08-21,2021,33,85,60.0,945.0,104.0,74.0,27.0,0.0,107.0,0,32.0,28.0,19.0,25.0,972.0,953.0,931.0,918.0,109.0,106.0,102.0,102.0,35.0,17.39731780093324,957.0,11.34313301811571
MD,2021-08-28,2021,34,86,69.0,998.0,112.0,85.0,30.0,0.0,124.0,0,60.0,32.0,20.0,15.0,945.0,972.0,958.0,980.0,104.0,109.0,108.0,106.0,47.25,20.320351046836482,967.0,23.565511522844858
MD,2021-09-04,2021,35,87,90.0,957.0,124.0,82.0,40.0,0.0,132.0,0,69.0,60.0,28.0,41.0,998.0,945.0,953.0,884.0,112.0,104.0,106.0,97.0,62.75,24.046829312822137,968.0,22.847319317591737
MD,2021-09-11,2021,36,88,115.0,957.0,117.0,114.0,55.0,0.0,174.0,0,90.0,69.0,32.0,17.0,957.0,998.0,972.0,940.0,124.0,112.0,109.0,105.0,83.5,24.474476501040872,964.25,23.20021551624037
MD,2021-09-18,2021,37,89,112.0,957.0,125.0,122.0,55.0,0.0,179.0,0,115.0,90.0,60.0,19.0,957.0,957.0,945.0,931.0,117.0,124.0,104.0,102.0,96.5,21.455380055672176,967.25,20.500000000000014
MD,2021-09-25,2021,38,90,128.0,957.0,123.0,136.0,72.0,0.0,192.0,0,112.0,115.0,69.0,20.0,957.0,957.0,998.0,958.0,125.0,117.0,112.0,108.0,111.25,15.777093099385217,957.0,0.0
MD,2021-10-02,2021,39,91,93.0,957.0,124.0,109.0,47.0,0.0,155.0,0,128.0,112.0,90.0,28.0,957.0,957.0,957.0,953.0,123.0,125.0,124.0,106.0,112.0,14.445299120013702,957.0,0.0
MD,2021-10-09,2021,40,92,121.0,957.0,126.0,119.0,63.0,0.0,177.0,0,93.0,128.0,115.0,32.0,957.0,957.0,957.0,972.0,124.0,123.0,117.0,109.0,113.5,15.154757228892473,957.0,0.0
MD,2021-10-16,2021,41,93,122.0,957.0,119.0,110.0,60.0,0.0,172.0,0,121.0,93.0,112.0,60.0,957.0,957.0,957.0,945.0,126.0,124.0,125.0,104.0,116.0,15.641824275533486,957.0,0.0
MD,2021-10-23,2021,42,94,116.0,957.0,118.0,139.0,66.0,0.0,189.0,0,122.0,121.0,128.0,69.0,957.0,957.0,957.0,998.0,119.0,126.0,123.0,112.0,113.0,13.589211407093078,957.0,0.0
MD,2021-10-30,2021,43,95,99.0,957.0,110.0,117.0,49.0,0.0,167.0,0,116.0,122.0,93.0,90.0,957.0,957.0,957.0,957.0,118.0,119.0,124.0,124.0,114.5,10.66145706114641,957.0,0.0
MD,2021-11-06,2021,44,96,95.0,957.0,113.0,99.0,47.0,0.0,147.0,0,99.0,116.0,121.0,115.0,957.0,957.0,957.0,957.0,110.0,118.0,126.0,117.0,108.0,13.038404810405371,957.0,0.0
MD,2021-11-13,2021,45,97,78.0,957.0,113.0,98.0,38.0,0.0,138.0,0,95.0,99.0,122.0,112.0,957.0,957.0,957.0,957.0,113.0,110.0,119.0,125.0,97.0,15.59914527573018,957.0,0.0
MD,2021-11-20,2021,46,98,66.0,957.0,108.0,104.0,40.0,0.0,130.0,0,78.0,95.0,116.0,128.0,957.0,957.0,957.0,957.0,113.0,113.0,118.0,123.0,84.5,15.329709716755955,957.0,0.0
MD,2021-11-27,2021,47,99,73.0,957.0,111.0,84.0,40.0,0.0,119.0,0,66.0,78.0,99.0,93.0,957.0,957.0,957.0,957.0,108.0,113.0,110.0,124.0,78.0,12.355835328567172,957.0,0.0
MD,2021-12-04,2021,48,100,87.0,957.0,110.0,100.0,47.0,0.0,141.0,0,73.0,66.0,95.0,121.0,957.0,957.0,957.0,957.0,111.0,108.0,113.0,126.0,76.0,8.831760866327958,957.0,0.0
MD,2021-12-11,2021,49,101,118.0,957.0,120.0,122.0,64.0,0.0,176.0,0,87.0,73.0,78.0,122.0,957.0,957.0,957.0,957.0,110.0,111.0,113.0,119.0,86.0,23.05066882616067,957.0,0.0
MD,2021-12-18,2021,50,102,171.0,957.0,121.0,148.0,95.0,0.0,226.0,0,118.0,87.0,66.0,116.0,957.0,957.0,957.0,957.0,120.0,110.0,108.0,118.0,112.25,43.44632704076761,957.0,0.0
MD,2021-12-25,2021,51,103,197.0,957.0,124.0,151.0,94.0,0.0,254.0,0,171.0,118.0,73.0,99.0,957.0,957.0,957.0,957.0,121.0,120.0,111.0,110.0,143.25,49.86899504368088,957.0,0.0
ME,2020-02-29,2020,9,8,0.0,292.0,104.0,25.0,0.0,0.0,28.0,0,0.0,0.0,0.0,0.0,299.0,329.0,288.0,320.0,99.0,114.0,104.0,108.0,0.0,0.0,309.0,16.713268182295565
ME,2020-03-07,2020,10,9,0.0,313.0,103.0,30.0,0.0,0.0,32.0,0,0.0,0.0,0.0,0.0,292.0,299.0,316.0,318.0,104.0,99.0,107.0,109.0,0.0,0.0,308.25,16.357974609753292
ME,2020-03-14,2020,11,10,0.0,301.0,98.0,29.0,0.0,0.0,35.0,0,0.0,0.0,0.0,0.0,313.0,292.0,329.0,295.0,103.0,104.0,114.0,96.0,0.0,0.0,301.25,8.732124598286482
ME,2020-03-21,2020,12,11,0.0,277.0,95.0,16.0,0.0,0.0,18.0,0,0.0,0.0,0.0,0.0,301.0,313.0,299.0,308.0,98.0,103.0,99.0,101.0,0.0,0.0,295.75,15.173990905493513
ME,2020-03-28,2020,13,12,14.5,279.0,90.0,31.0,0.0,0.0,33.0,0,0.0,0.0,0.0,0.0,277.0,301.0,292.0,288.0,95.0,98.0,104.0,104.0,3.625,7.25,292.5,17.464249196572975
ME,2020-04-04,2020,14,13,14.5,300.0,100.0,35.0,0.0,0.0,41.0,0,14.5,0.0,0.0,0.0,279.0,277.0,313.0,316.0,90.0,95.0,103.0,107.0,7.25,8.371578903249572,289.25,13.022416570411702
ME,2020-04-11,2020,15,14,12.0,304.0,100.0,31.0,0.0,0.0,39.0,0,14.5,14.5,0.0,0.0,300.0,279.0,301.0,329.0,100.0,90.0,98.0,114.0,10.25,6.934214687571574,290.0,13.976170195491083
ME,2020-04-18,2020,16,15,11.0,310.0,112.0,23.0,0.0,0.0,35.0,0,12.0,14.5,0.0,0.0,304.0,300.0,277.0,299.0,100.0,100.0,95.0,99.0,13.0,1.779513042005219,298.25,13.475286020464775
ME,2020-04-25,2020,17,16,18.0,285.0,97.0,16.0,0.0,0.0,32.0,0,11.0,12.0,14.5,0.0,310.0,304.0,279.0,292.0,112.0,100.0,90.0,104.0,13.875,3.119161212035484,299.75,10.657548185832113
ME,2020-05-02,2020,18,17,14.5,277.0,104.0,13.0,0.0,0.0,20.0,0,18.0,11.0,14.5,0.0,285.0,310.0,300.0,313.0,97.0,112.0,100.0,103.0,13.875,3.119161212035484,294.0,15.55634918610405
ME,2020-05-09,2020,19,18,14.5,293.0,109.0,23.0,0.0,0.0,29.0,0,14.5,18.0,12.0,0.0,277.0,285.0,304.0,301.0,104.0,97.0,100.0,98.0,14.5,2.8577380332470415,291.25,14.103781998693359
ME,2020-05-16,2020,20,19,10.0,256.0,98.0,19.0,0.0,0.0,17.0,0,14.5,14.5,11.0,0.0,293.0,277.0,310.0,277.0,109.0,104.0,112.0,95.0,14.25,3.2787192621510006,277.75,15.903353943953674
ME,2020-05-23,2020,21,20,14.5,267.0,100.0,15.0,0.0,0.0,21.0,0,10.0,14.5,18.0,14.5,256.0,293.0,285.0,279.0,98.0,109.0,97.0,90.0,13.375,2.2500000000000004,273.25,15.71358223533599
ME,2020-05-30,2020,22,21,13.0,302.0,116.0,19.0,0.0,0.0,30.0,0,14.5,10.0,14.5,14.5,267.0,256.0,277.0,300.0,100.0,98.0,104.0,100.0,13.0,2.1213203435596433,279.5,21.579311079519353
ME,2020-06-06,2020,23,22,14.5,255.0,101.0,11.0,0.0,0.0,16.0,0,13.0,14.5,14.5,12.0,302.0,267.0,293.0,304.0,116.0,100.0,109.0,100.0,13.0,2.1213203435596433,270.0,22.015146301277827
ME,2020-06-13,2020,24,23,14.5,254.0,97.0,10.0,0.0,0.0,12.0,0,14.5,13.0,10.0,11.0,255.0,302.0,256.0,310.0,101.0,116.0,98.0,112.0,14.125,0.7500000000000016,269.5,22.4573670169353
ME,2020-06-20,2020,25,24,14.5,275.0,103.0,16.0,0.0,0.0,17.0,0,14.5,14.5,14.5,18.0,254.0,255.0,267.0,285.0,97.0,101.0,100.0,97.0,14.125,0.7500000000000016,271.5,22.51666049839541
ME,2020-06-27,2020,26,25,14.5,299.0,111.0,15.0,0.0,0.0,18.0,0,14.5,14.5,13.0,14.5,275.0,254.0,302.0,277.0,103.0,97.0,116.0,104.0,14.5,0.0,270.75,21.171915359740137
ME,2020-07-04,2020,27,26,14.5,280.0,106.0,19.0,0.0,0.0,25.0,0,14.5,14.5,14.5,14.5,299.0,275.0,255.0,293.0,111.0,103.0,101.0,109.0,14.5,0.0,277.0,18.493242008906936
ME,2020-07-11,2020,28,27,14.5,289.0,111.0,12.0,0.0,0.0,18.0,0,14.5,14.5,14.5,10.0,280.0,299.0,254.0,256.0,106.0,111.0,97.0,98.0,14.5,0.0,285.75,10.563301251660556
ME,2020-07-18,2020,29,28,14.5,294.0,108.0,11.0,0.0,0.0,16.0,0,14.5,14.5,14.5,14.5,289.0,280.0,275.0,267.0,111.0,106.0,103.0,100.0,14.5,0.0,290.5,8.103497187428825
ME,2020-07-25,2020,30,29,14.5,282.0,112.0,18.0,0.0,0.0,20.0,0,14.5,14.5,14.5,13.0,294.0,289.0,299.0,302.0,108.0,111.0,111.0,116.0,14.5,0.0,286.25,6.448514040717725
ME,2020-08-01,2020,31,30,14.5,283.0,105.0,12.0,0.0,0.0,15.0,0,14.5,14.5,14.5,14.5,282.0,294.0,280.0,255.0,112.0,108.0,106.0,101.0,14.5,0.0,287.0,5.597618541248917
ME,2020-08-08,2020,32,31,14.5,276.0,101.0,15.0,0.0,0.0,16.0,0,14.5,14.5,14.5,14.5,283.0,282.0,289.0,254.0,105.0,112.0,111.0,97.0,14.5,0.0,283.75,7.500000000000017
ME,2020-08-15,2020,33,32,14.5,280.0,105.0,14.0,0.0,0.0,16.0,0,14.5,14.5,14.5,14.5,276.0,283.0,294.0,275.0,101.0,105.0,108.0,103.0,14.5,0.0,280.25,3.0956959368344807
ME,2020-08-22,2020,34,33,14.5,312.0,119.0,13.0,0.0,0.0,16.0,0,14.5,14.5,14.5,14.5,280.0,276.0,282.0,299.0,105.0,101.0,112.0,111.0,14.5,0.0,287.75,16.41899306697379
ME,2020-08-29,2020,35,34,14.5,285.0,109.0,12.0,0.0,0.0,13.0,0,14.5,14.5,14.5,14.5,312.0,280.0,283.0,280.0,119.0,105.0,105.0,106.0,14.5,0.0,288.25,16.25576820700886
ME,2020-09-05,2020,36,35,14.5,289.0,108.0,13.0,0.0,0.0,14.0,0,14.5,14.5,14.5,14.5,285.0,312.0,276.0,289.0,109.0,119.0,101.0,111.0,14.5,0.0,291.5,14.153915830374766
ME,2020-09-12,2020,37,36,14.5,319.0,117.0,19.0,0.0,0.0,22.0,0,14.5,14.5,14.5,14.5,289.0,285.0,280.0,294.0,108.0,109.0,105.0,108.0,14.5,0.0,301.25,16.78044496827583
ME,2020-09-19,2020,38,37,14.5,299.0,107.0,16.0,0.0,0.0,18.0,0,14.5,14.5,14.5,14.5,319.0,289.0,312.0,282.0,117.0,108.0,119.0,112.0,14.5,0.0,298.0,15.1877143331927
ME,2020-09-26,2020,39,38,14.5,309.0,108.0,10.0,0.0,0.0,11.0,0,14.5,14.5,14.5,14.5,299.0,319.0,285.0,283.0,107.0,117.0,109.0,105.0,14.5,0.0,304.0,12.909944487358072
ME,2020-10-03,2020,40,39,14.5,289.0,105.0,13.0,0.0,0.0,15.0,0,14.5,14.5,14.5,14.5,309.0,299.0,289.0,276.0,108.0,107.0,108.0,101.0,14.5,0.0,304.0,12.909944487358072
ME,2020-10-10,2020,41,40,14.5,302.0,106.0,23.0,0.0,0.0,26.0,0,14.5,14.5,14.5,14.5,289.0,309.0,319.0,280.0,105.0,108.0,117.0,105.0,14.5,0.0,299.75,8.301606270274872
ME,2020-10-17,2020,42,41,14.5,275.0,98.0,12.0,0.0,0.0,12.0,0,14.5,14.5,14.5,14.5,302.0,289.0,299.0,312.0,106.0,105.0,107.0,119.0,14.5,0.0,293.75,14.99722196497295
ME,2020-10-24,2020,43,42,14.5,275.0,102.0,12.0,0.0,0.0,14.0,0,14.5,14.5,14.5,14.5,275.0,302.0,309.0,285.0,98.0,106.0,108.0,109.0,14.5,0.0,285.25,12.97112177107287
ME,2020-10-31,2020,44,43,14.5,275.0,96.0,14.0,0.0,0.0,16.0,0,14.5,14.5,14.5,14.5,275.0,275.0,289.0,289.0,102.0,98.0,105.0,108.0,14.5,0.0,281.75,13.500000000000021
ME,2020-11-07,2020,45,44,14.5,334.0,119.0,21.0,0.0,0.0,26.0,0,14.5,14.5,14.5,14.5,275.0,275.0,302.0,319.0,96.0,102.0,106.0,117.0,14.5,0.0,289.75,29.50000000000001
ME,2020-11-14,2020,46,45,16.0,323.0,109.0,28.0,0.0,0.0,38.0,0,14.5,14.5,14.5,14.5,334.0,275.0,275.0,299.0,119.0,96.0,98.0,107.0,14.875,0.7500000000000016,301.75,31.212978070027226
ME,2020-11-21,2020,47,46,21.0,307.0,105.0,23.0,0.0,0.0,40.0,0,16.0,14.5,14.5,14.5,323.0,334.0,275.0,309.0,109.0,119.0,102.0,108.0,16.5,3.0822070014844885,309.75,25.68235451303742
ME,2020-11-28,2020,48,47,31.0,349.0,120.0,23.0,0.0,0.0,48.0,0,21.0,16.0,14.5,14.5,307.0,323.0,275.0,289.0,105.0,109.0,96.0,105.0,20.625,7.454025757937787,328.25,17.727097901235854
ME,2020-12-05,2020,49,48,47.0,342.0,118.0,22.0,0.0,0.0,65.0,1,31.0,21.0,14.5,14.5,349.0,307.0,334.0,302.0,120.0,105.0,119.0,106.0,28.75,13.671747023210555,330.25,18.99780689097211
ME,2020-12-12,2020,50,49,49.0,353.0,124.0,28.0,12.0,0.0,65.0,1,47.0,31.0,16.0,14.5,342.0,349.0,323.0,275.0,118.0,120.0,109.0,98.0,37.0,13.366625103842281,337.75,20.99801577927465
ME,2020-12-19,2020,51,50,28.0,324.0,112.0,24.0,0.0,0.0,44.0,0,49.0,47.0,21.0,14.5,353.0,342.0,307.0,275.0,124.0,118.0,105.0,102.0,38.75,10.781929326423912,342.0,12.832251036613458
ME,2020-12-26,2020,52,51,46.0,347.0,121.0,29.0,12.0,0.0,63.0,1,28.0,49.0,31.0,14.5,324.0,353.0,349.0,275.0,112.0,124.0,120.0,96.0,42.5,9.746794344808963,341.5,12.503332889007389
ME,2021-01-02,2021,53,52,57.0,355.0,124.0,29.0,13.0,0.0,73.0,1,46.0,28.0,47.0,14.5,347.0,324.0,342.0,334.0,121.0,112.0,118.0,119.0,45.0,12.247448713915889,344.75,14.244882121894419
ME,2021-01-09,2021,1,53,49.0,345.0,116.0,25.0,0.0,0.0,69.0,1,57.0,46.0,49.0,16.0,355.0,347.0,353.0,323.0,124.0,121.0,124.0,109.0,45.0,12.24744871391589,342.75,13.225606476327172
ME,2021-01-16,2021,2,54,72.0,362.0,124.0,40.0,18.0,0.0,94.0,1,49.0,57.0,28.0,21.0,345.0,355.0,324.0,307.0,116.0,124.0,112.0,105.0,56.0,11.633285577743434,352.25,7.804912982645433
ME,2021-01-23,2021,3,55,55.0,335.0,109.0,28.0,11.0,0.0,72.0,1,72.0,49.0,46.0,31.0,362.0,345.0,347.0,349.0,124.0,116.0,121.0,120.0,58.25,9.776672917374977,349.25,11.786291472158121
ME,2021-01-30,2021,4,56,56.0,356.0,117.0,32.0,22.0,0.0,66.0,1,55.0,72.0,57.0,47.0,335.0,362.0,355.0,342.0,109.0,124.0,124.0,118.0,58.0,9.831920802501752,349.5,11.958260743101421
ME,2021-02-06,2021,5,57,32.0,302.0,109.0,19.0,0.0,0.0,44.0,0,56.0,55.0,49.0,49.0,356.0,335.0,345.0,353.0,117.0,109.0,116.0,124.0,53.75,16.45954636879968,338.75,27.097047809678465
ME,2021-02-13,2021,6,58,26.0,327.0,111.0,27.0,0.0,0.0,44.0,0,32.0,56.0,72.0,28.0,302.0,356.0,362.0,324.0,109.0,117.0,124.0,112.0,42.25,15.499999999999998,330.0,22.31591360442141
ME,2021-02-20,2021,7,59,25.0,289.0,100.0,18.0,0.0,0.0,41.0,0,26.0,32.0,55.0,46.0,327.0,302.0,335.0,347.0,111.0,109.0,109.0,121.0,34.75,14.499999999999998,318.5,29.557852876463592
ME,2021-02-27,2021,8,60,13.0,280.0,93.0,19.0,0.0,0.0,28.0,0,25.0,26.0,56.0,57.0,289.0,327.0,356.0,355.0,100.0,111.0,117.0,124.0,24.0,7.958224257542213,299.5,20.43689474129245
ME,2021-03-06,2021,9,61,14.5,327.0,116.0,14.0,0.0,0.0,19.0,0,13.0,25.0,32.0,49.0,280.0,289.0,302.0,345.0,93.0,100.0,109.0,116.0,19.625,6.823672031978088,305.75,24.81095188285475
ME,2021-03-13,2021,10,62,14.5,284.0,94.0,17.0,0.0,0.0,19.0,0,14.5,13.0,26.0,72.0,327.0,280.0,327.0,362.0,116.0,93.0,111.0,124.0,16.75,5.545268253204705,295.0,21.648710508172698
ME,2021-03-20,2021,11,63,11.0,246.0,80.0,17.0,0.0,0.0,23.0,0,14.5,14.5,25.0,55.0,284.0,327.0,289.0,335.0,94.0,116.0,100.0,109.0,13.25,1.6583123951776886,284.25,33.210189199501215
ME,2021-03-27,2021,12,64,11.0,265.0,91.0,22.0,0.0,0.0,30.0,0,11.0,14.5,13.0,56.0,246.0,284.0,280.0,356.0,80.0,94.0,93.0,117.0,12.75,2.020725942163681,280.5,34.66506406552088
ME,2021-04-03,2021,13,65,10.0,309.0,100.0,16.0,0.0,0.0,24.0,0,11.0,11.0,14.5,32.0,265.0,246.0,327.0,302.0,91.0,80.0,116.0,109.0,11.625,1.9737865470544922,276.0,26.91963347942663
ME,2021-04-10,2021,14,66,11.0,287.0,96.0,16.0,0.0,0.0,23.0,0,10.0,11.0,14.5,26.0,309.0,265.0,284.0,327.0,100.0,91.0,94.0,111.0,10.75,0.499999999999961,276.75,27.256497696268077
ME,2021-04-17,2021,15,67,13.0,307.0,101.0,19.0,0.0,0.0,28.0,0,11.0,10.0,11.0,25.0,287.0,309.0,246.0,289.0,96.0,100.0,80.0,100.0,11.25,1.2583057392117762,292.0,20.55885859347904
ME,2021-04-24,2021,16,68,17.0,290.0,105.0,16.0,0.0,0.0,30.0,0,13.0,11.0,11.0,13.0,307.0,287.0,265.0,280.0,101.0,96.0,91.0,93.0,12.75,3.0956959368344457,298.25,11.354147553500745
ME,2021-05-01,2021,17,69,13.0,303.0,103.0,13.0,0.0,0.0,21.0,0,17.0,13.0,10.0,14.5,290.0,307.0,309.0,327.0,105.0,101.0,100.0,116.0,13.5,2.5166114784235756,296.75,9.742518497117006
ME,2021-05-08,2021,18,70,16.0,298.0,111.0,19.0,0.0,0.0,33.0,0,13.0,17.0,11.0,14.5,303.0,290.0,287.0,284.0,103.0,105.0,96.0,94.0,14.75,2.0615528128088205,299.5,7.325753658611992
ME,2021-05-15,2021,19,71,16.0,293.0,109.0,20.0,0.0,0.0,31.0,0,16.0,13.0,13.0,11.0,298.0,303.0,307.0,246.0,111.0,103.0,101.0,80.0,15.5,1.7320508075688656,296.0,5.71547606649411
ME,2021-05-22,2021,20,72,14.0,336.0,129.0,25.0,0.0,0.0,35.0,0,16.0,16.0,17.0,11.0,293.0,298.0,290.0,265.0,109.0,111.0,105.0,91.0,14.75,1.4999999999999865,307.5,19.433647796197885
ME,2021-05-29,2021,21,73,14.5,312.0,117.0,17.0,0.0,0.0,21.0,0,14.0,16.0,13.0,10.0,336.0,293.0,303.0,309.0,129.0,109.0,103.0,100.0,15.125,1.0307764064043954,309.75,19.25919693722111
ME,2021-06-05,2021,22,74,10.0,294.0,113.0,17.0,0.0,0.0,24.0,0,14.5,14.0,16.0,11.0,312.0,336.0,298.0,287.0,117.0,129.0,111.0,96.0,13.625,2.561737691489892,308.75,20.15564437074638
ME,2021-06-12,2021,23,75,12.0,325.0,128.0,14.0,0.0,0.0,22.0,0,10.0,14.5,16.0,13.0,294.0,312.0,293.0,307.0,113.0,117.0,109.0,101.0,12.625,2.056493779875501,316.75,18.062391868188453
ME,2021-06-19,2021,24,76,14.5,294.0,113.0,20.0,0.0,0.0,22.0,0,12.0,10.0,14.0,17.0,325.0,294.0,336.0,290.0,128.0,113.0,129.0,105.0,12.75,2.1794494717703277,306.25,15.107944929738132
ME,2021-06-26,2021,25,77,14.5,316.0,118.0,17.0,0.0,0.0,23.0,0,14.5,12.0,14.5,13.0,294.0,325.0,312.0,303.0,113.0,128.0,117.0,103.0,12.75,2.1794494717703277,307.25,15.734781006843834
ME,2021-07-03,2021,26,78,14.5,314.0,117.0,19.0,0.0,0.0,22.0,0,14.5,14.5,10.0,16.0,316.0,294.0,294.0,298.0,118.0,113.0,113.0,111.0,13.875,1.2499999999999845,312.25,13.073510112692254
ME,2021-07-10,2021,27,79,14.5,318.0,120.0,14.0,0.0,0.0,15.0,0,14.5,14.5,12.0,16.0,314.0,316.0,325.0,293.0,117.0,118.0,128.0,109.0,14.5,0.0,310.5,11.120551545074852
ME,2021-07-17,2021,28,80,14.5,305.0,118.0,23.0,0.0,0.0,25.0,0,14.5,14.5,14.5,14.0,318.0,314.0,294.0,336.0,120.0,117.0,113.0,129.0,14.5,0.0,313.25,5.737304826019502
ME,2021-07-24,2021,29,81,14.5,285.0,104.0,15.0,0.0,0.0,18.0,0,14.5,14.5,14.5,14.5,305.0,318.0,316.0,312.0,118.0,120.0,118.0,117.0,14.5,0.0,305.5,14.708274315273467
ME,2021-07-31,2021,30,82,14.5,285.0,113.0,11.0,0.0,0.0,12.0,0,14.5,14.5,14.5,10.0,285.0,305.0,314.0,294.0,104.0,118.0,117.0,113.0,14.5,0.0,298.25,16.194134740701646
ME,2021-08-07,2021,31,83,14.5,276.0,102.0,19.0,0.0,0.0,10.0,0,14.5,14.5,14.5,12.0,285.0,285.0,318.0,325.0,113.0,104.0,120.0,128.0,14.5,0.0,287.75,12.257650672131271
ME,2021-08-14,2021,32,84,14.5,318.0,117.0,23.0,0.0,0.0,24.0,0,14.5,14.5,14.5,14.5,276.0,285.0,305.0,294.0,102.0,113.0,118.0,113.0,14.5,0.0,291.0,18.493242008906932
ME,2021-08-21,2021,33,85,10.0,306.0,114.0,23.0,0.0,0.0,31.0,0,14.5,14.5,14.5,14.5,318.0,276.0,285.0,316.0,117.0,102.0,104.0,118.0,13.375,2.249999999999991,296.25,19.18984106239549
ME,2021-08-28,2021,34,86,18.0,303.0,116.0,22.0,0.0,0.0,33.0,0,10.0,14.5,14.5,14.5,306.0,318.0,285.0,314.0,114.0,117.0,113.0,117.0,14.25,3.278719262150995,300.75,17.72709790123584
ME,2021-09-04,2021,35,87,19.0,320.0,122.0,26.0,0.0,0.0,38.0,0,18.0,10.0,14.5,14.5,303.0,306.0,276.0,318.0,116.0,114.0,102.0,120.0,15.375,4.069705149024922,311.75,8.500000000000009
ME,2021-09-11,2021,36,88,36.0,335.0,125.0,37.0,16.0,0.0,57.0,0,19.0,18.0,14.5,14.5,320.0,303.0,318.0,305.0,122.0,116.0,117.0,118.0,20.75,10.935416468216166,316.0,14.674240468703427
ME,2021-09-18,2021,37,89,29.0,331.0,121.0,24.0,11.0,0.0,43.0,0,36.0,19.0,10.0,14.5,335.0,320.0,306.0,285.0,125.0,122.0,114.0,104.0,25.5,8.582928793055821,322.25,14.314910641239324
ME,2021-09-25,2021,38,90,39.0,344.0,123.0,29.0,13.0,0.0,55.0,0,29.0,36.0,18.0,14.5,331.0,335.0,303.0,285.0,121.0,125.0,116.0,113.0,30.75,8.883505314157619,332.5,9.9498743710662
ME,2021-10-02,2021,39,91,25.0,348.0,122.0,34.0,12.0,0.0,47.0,0,39.0,29.0,19.0,14.5,344.0,331.0,320.0,276.0,123.0,121.0,122.0,102.0,32.25,6.3966136874651625,339.5,7.852812659593156
ME,2021-10-09,2021,40,92,37.0,363.0,132.0,28.0,13.0,0.0,52.0,0,25.0,39.0,36.0,14.5,348.0,344.0,335.0,318.0,122.0,123.0,125.0,117.0,32.5,6.60807586719967,346.5,13.178264933847192
ME,2021-10-16,2021,41,93,32.0,380.0,133.0,28.0,0.0,0.0,54.0,0,37.0,25.0,29.0,10.0,363.0,348.0,331.0,306.0,132.0,122.0,121.0,114.0,33.25,6.238322424070967,358.75,16.35797460975328
ME,2021-10-23,2021,42,94,39.0,343.0,122.0,28.0,14.0,0.0,53.0,0,32.0,37.0,39.0,18.0,380.0,363.0,344.0,303.0,133.0,132.0,123.0,116.0,33.25,6.238322424070967,358.5,16.663332999933306
ME,2021-10-30,2021,43,95,35.0,357.0,132.0,31.0,13.0,0.0,53.0,0,39.0,32.0,25.0,19.0,343.0,380.0,348.0,320.0,122.0,133.0,122.0,122.0,35.75,2.9860788111948193,360.75,15.326991442114995
ME,2021-11-06,2021,44,96,42.0,398.0,139.0,43.0,16.0,0.0,69.0,1,35.0,39.0,37.0,36.0,357.0,343.0,363.0,335.0,132.0,122.0,132.0,125.0,37.0,4.396968652757639,369.5,24.365275838099315
ME,2021-11-13,2021,45,97,53.0,390.0,139.0,30.0,16.0,0.0,67.0,1,42.0,35.0,32.0,29.0,398.0,357.0,380.0,331.0,139.0,132.0,133.0,121.0,42.25,7.719024117939608,372.0,26.242459234352758
ME,2021-11-20,2021,46,98,56.0,374.0,127.0,41.0,21.0,0.0,76.0,1,53.0,42.0,39.0,39.0,390.0,398.0,343.0,344.0,139.0,139.0,122.0,123.0,46.5,9.746794344808963,379.75,18.15443012967724
ME,2021-11-27,2021,47,99,64.0,398.0,136.0,30.0,13.0,0.0,81.0,1,56.0,53.0,35.0,25.0,374.0,390.0,357.0,348.0,127.0,139.0,132.0,122.0,53.75,9.105858919765156,390.0,11.313708498984749
ME,2021-12-04,2021,48,100,56.0,371.0,127.0,37.0,12.0,0.0,81.0,1,64.0,56.0,42.0,37.0,398.0,374.0,398.0,363.0,136.0,127.0,139.0,132.0,57.25,4.716990566028301,383.25,12.893796958227611
ME,2021-12-11,2021,49,101,76.0,436.0,151.0,40.0,16.0,0.0,100.0,1,56.0,64.0,53.0,32.0,371.0,398.0,390.0,380.0,127.0,136.0,139.0,133.0,63.0,9.451631252505216,394.75,30.037476591751172
ME,2021-12-18,2021,50,102,86.0,415.0,145.0,43.0,22.0,0.0,107.0,1,76.0,56.0,56.0,39.0,436.0,371.0,374.0,343.0,151.0,127.0,127.0,122.0,70.5,13.203534880225574,405.0,27.483328279765036
ME,2021-12-25,2021,51,103,76.0,402.0,139.0,39.0,23.0,0.0,92.0,1,86.0,76.0,64.0,35.0,415.0,436.0,398.0,357.0,145.0,151.0,136.0,132.0,73.5,12.583057392117917,406.0,27.215191835933584
MI,2020-02-29,2020,9,8,61.0,344.0,99.0,102.0,27.0,27.0,129.0,0,0.0,61.0,0.0,0.0,344.0,344.0,344.0,344.0,105.0,103.0,102.0,96.0,30.5,35.21836642056717,344.0,0.0
MI,2020-03-07,2020,10,9,0.0,344.0,100.0,112.0,0.0,27.0,139.0,0,61.0,0.0,0.0,0.0,344.0,344.0,344.0,344.0,99.0,105.0,95.0,101.0,30.5,35.21836642056717,344.0,0.0
MI,2020-03-14,2020,11,10,61.0,344.0,99.0,135.0,27.0,26.0,161.0,0,0.0,61.0,61.0,0.0,344.0,344.0,344.0,344.0,100.0,99.0,103.0,94.0,30.5,35.21836642056717,344.0,0.0
MI,2020-03-21,2020,12,11,22.0,344.0,105.0,133.0,27.0,30.0,178.0,0,61.0,0.0,0.0,0.0,344.0,344.0,344.0,344.0,99.0,100.0,105.0,100.0,36.0,30.23243291566195,344.0,0.0
MI,2020-03-28,2020,13,12,239.0,344.0,126.0,282.0,123.0,25.0,422.0,0,22.0,61.0,61.0,0.0,344.0,344.0,344.0,344.0,105.0,99.0,99.0,102.0,80.5,108.63547609628571,344.0,0.0
MI,2020-04-04,2020,14,13,684.0,344.0,159.0,589.0,372.0,18.0,917.0,1,239.0,22.0,0.0,0.0,344.0,344.0,344.0,344.0,126.0,105.0,100.0,95.0,251.5,303.4100635553585,344.0,0.0
MI,2020-04-11,2020,15,14,981.0,344.0,175.0,701.0,499.0,0.0,155.0,1,684.0,239.0,61.0,61.0,344.0,344.0,344.0,344.0,159.0,126.0,99.0,103.0,481.5,432.2240931122034,344.0,0.0
MI,2020-04-18,2020,16,15,981.0,344.0,171.0,657.0,513.0,0.0,155.0,1,981.0,684.0,22.0,0.0,344.0,344.0,344.0,344.0,175.0,159.0,105.0,105.0,721.25,350.66258711188453,344.0,0.0
MI,2020-04-25,2020,17,16,784.0,344.0,149.0,531.0,396.0,0.0,921.0,1,981.0,981.0,239.0,61.0,344.0,344.0,344.0,344.0,171.0,175.0,126.0,99.0,857.5,148.3340823951125,344.0,0.0
MI,2020-05-02,2020,18,17,596.0,344.0,142.0,387.0,279.0,0.0,706.0,1,784.0,981.0,684.0,0.0,344.0,344.0,344.0,344.0,149.0,171.0,159.0,100.0,835.5,184.7096821140318,344.0,0.0
MI,2020-05-09,2020,19,18,450.0,344.0,123.0,299.0,193.0,0.0,559.0,0,596.0,784.0,981.0,61.0,344.0,344.0,344.0,344.0,142.0,149.0,175.0,99.0,702.75,230.43636142472542,344.0,0.0
MI,2020-05-16,2020,20,19,290.0,344.0,121.0,243.0,142.0,0.0,392.0,0,450.0,596.0,981.0,22.0,344.0,344.0,344.0,344.0,123.0,142.0,171.0,105.0,530.0,210.45347862809655,344.0,0.0
MI,2020-05-23,2020,21,20,231.0,344.0,114.0,193.0,102.0,0.0,322.0,0,290.0,450.0,784.0,239.0,344.0,344.0,344.0,344.0,121.0,123.0,149.0,126.0,391.75,164.62558529382167,344.0,0.0
MI,2020-05-30,2020,22,21,173.0,344.0,109.0,133.0,62.0,0.0,245.0,0,231.0,290.0,596.0,684.0,344.0,344.0,344.0,344.0,114.0,121.0,142.0,159.0,286.0,119.31191614140373,344.0,0.0
MI,2020-06-06,2020,23,22,118.0,344.0,114.0,134.0,53.0,0.0,199.0,0,173.0,231.0,450.0,981.0,344.0,344.0,344.0,344.0,109.0,114.0,123.0,175.0,203.0,74.11252705627227,344.0,0.0
MI,2020-06-13,2020,24,23,77.0,344.0,103.0,102.0,27.0,0.0,152.0,0,118.0,173.0,290.0,981.0,344.0,344.0,344.0,344.0,114.0,109.0,121.0,171.0,149.75,66.93964943638926,344.0,0.0
MI,2020-06-20,2020,25,24,58.0,344.0,107.0,106.0,22.0,0.0,142.0,0,77.0,118.0,231.0,784.0,344.0,344.0,344.0,344.0,103.0,114.0,114.0,149.0,106.5,50.914961782695634,344.0,0.0
MI,2020-06-27,2020,26,25,49.0,344.0,109.0,107.0,16.0,0.0,140.0,0,58.0,77.0,173.0,596.0,344.0,344.0,344.0,344.0,107.0,103.0,109.0,142.0,75.5,30.643106892089502,344.0,0.0
MI,2020-07-04,2020,27,26,42.0,344.0,111.0,93.0,20.0,0.0,115.0,0,49.0,58.0,118.0,450.0,344.0,344.0,344.0,344.0,109.0,107.0,114.0,123.0,56.5,15.154757228893173,344.0,0.0
MI,2020-07-11,2020,28,27,42.0,344.0,109.0,92.0,13.0,0.0,121.0,0,42.0,49.0,77.0,290.0,344.0,344.0,344.0,344.0,111.0,109.0,103.0,121.0,47.75,7.58836829188967,344.0,0.0
MI,2020-07-18,2020,29,28,36.0,344.0,104.0,83.0,16.0,0.0,103.0,0,42.0,42.0,58.0,231.0,344.0,344.0,344.0,344.0,109.0,111.0,107.0,114.0,42.25,5.315072906369509,344.0,0.0
MI,2020-07-25,2020,30,29,37.0,344.0,112.0,98.0,13.0,0.0,122.0,0,36.0,42.0,49.0,173.0,344.0,344.0,344.0,344.0,104.0,109.0,109.0,109.0,39.25,3.2015621187200516,344.0,0.0
MI,2020-08-01,2020,31,30,57.0,344.0,111.0,108.0,20.0,0.0,145.0,0,37.0,36.0,42.0,118.0,344.0,344.0,344.0,344.0,112.0,104.0,111.0,114.0,43.0,9.695359714833854,344.0,0.0
MI,2020-08-08,2020,32,31,45.0,344.0,107.0,118.0,20.0,0.0,143.0,0,57.0,37.0,42.0,77.0,344.0,344.0,344.0,344.0,111.0,112.0,109.0,103.0,43.75,9.708243919474995,344.0,0.0
MI,2020-08-15,2020,33,32,63.0,344.0,116.0,132.0,26.0,0.0,169.0,0,45.0,57.0,36.0,58.0,344.0,344.0,344.0,344.0,107.0,111.0,104.0,107.0,50.5,11.704699910720615,344.0,0.0
MI,2020-08-22,2020,34,33,57.0,344.0,114.0,121.0,25.0,0.0,153.0,0,63.0,45.0,37.0,49.0,344.0,344.0,344.0,344.0,116.0,107.0,112.0,109.0,55.5,7.5498344352722855,344.0,0.0
MI,2020-08-29,2020,35,34,61.0,344.0,110.0,108.0,30.0,0.0,139.0,0,57.0,63.0,57.0,42.0,344.0,344.0,344.0,344.0,114.0,116.0,111.0,111.0,56.5,8.062257748299988,344.0,0.0
MI,2020-09-05,2020,36,35,54.0,344.0,112.0,103.0,29.0,0.0,128.0,0,61.0,57.0,45.0,42.0,344.0,344.0,344.0,344.0,110.0,114.0,107.0,109.0,58.75,4.031128874152151,344.0,0.0
MI,2020-09-12,2020,37,36,41.0,344.0,110.0,93.0,19.0,0.0,115.0,0,54.0,61.0,63.0,36.0,344.0,344.0,344.0,344.0,112.0,110.0,116.0,104.0,53.25,8.65544144840053,344.0,0.0
MI,2020-09-19,2020,38,37,56.0,344.0,109.0,117.0,28.0,0.0,145.0,0,41.0,54.0,57.0,37.0,344.0,344.0,344.0,344.0,110.0,112.0,114.0,112.0,53.0,8.524474568364308,344.0,0.0
MI,2020-09-26,2020,39,38,52.0,344.0,112.0,118.0,27.0,0.0,143.0,0,56.0,41.0,61.0,57.0,344.0,344.0,344.0,344.0,109.0,110.0,110.0,111.0,50.75,6.701989754296099,344.0,0.0
MI,2020-10-03,2020,40,39,78.0,344.0,112.0,117.0,33.0,0.0,163.0,0,52.0,56.0,54.0,45.0,344.0,344.0,344.0,344.0,112.0,109.0,112.0,107.0,56.75,15.521490478259164,344.0,0.0
MI,2020-10-10,2020,41,40,86.0,344.0,120.0,135.0,39.0,0.0,182.0,0,78.0,52.0,41.0,63.0,344.0,344.0,344.0,344.0,112.0,112.0,110.0,116.0,68.0,16.57307052620877,344.0,0.0
MI,2020-10-17,2020,42,41,126.0,344.0,108.0,150.0,63.0,0.0,213.0,0,86.0,78.0,56.0,57.0,344.0,344.0,344.0,344.0,120.0,112.0,109.0,114.0,85.5,30.65398288423039,344.0,0.0
MI,2020-10-24,2020,43,42,165.0,344.0,120.0,167.0,76.0,0.0,256.0,0,126.0,86.0,52.0,61.0,344.0,344.0,344.0,344.0,108.0,120.0,112.0,110.0,113.75,40.10299240705141,344.0,0.0
MI,2020-10-31,2020,44,43,170.0,344.0,115.0,161.0,73.0,0.0,258.0,0,165.0,126.0,78.0,54.0,344.0,344.0,344.0,344.0,120.0,108.0,112.0,112.0,136.75,39.13544855157989,344.0,0.0
MI,2020-11-07,2020,45,44,285.0,344.0,125.0,249.0,138.0,0.0,396.0,0,170.0,165.0,86.0,41.0,344.0,344.0,344.0,344.0,115.0,120.0,120.0,110.0,186.5,68.54925236645563,344.0,0.0
MI,2020-11-14,2020,46,45,395.0,344.0,129.0,327.0,215.0,0.0,507.0,0,285.0,170.0,126.0,56.0,344.0,344.0,344.0,344.0,125.0,115.0,108.0,109.0,253.75,109.2684004336723,344.0,0.0
MI,2020-11-21,2020,47,46,570.0,344.0,137.0,385.0,286.0,0.0,669.0,1,395.0,285.0,165.0,52.0,344.0,344.0,344.0,344.0,129.0,125.0,120.0,112.0,355.0,170.24492160805667,344.0,0.0
MI,2020-11-28,2020,48,47,664.0,344.0,140.0,460.0,362.0,0.0,762.0,1,570.0,395.0,170.0,78.0,344.0,344.0,344.0,344.0,137.0,129.0,115.0,112.0,478.5,170.48655860995814,344.0,0.0
MI,2020-12-05,2020,49,48,778.0,344.0,145.0,481.0,382.0,0.0,877.0,1,664.0,570.0,285.0,86.0,344.0,344.0,344.0,344.0,140.0,137.0,125.0,120.0,601.75,161.95961430760042,344.0,0.0
MI,2020-12-12,2020,50,49,829.0,344.0,152.0,531.0,412.0,0.0,948.0,1,778.0,664.0,395.0,126.0,344.0,344.0,344.0,344.0,145.0,140.0,129.0,108.0,710.25,116.19057620994927,344.0,0.0
MI,2020-12-19,2020,51,50,783.0,344.0,143.0,490.0,392.0,0.0,881.0,1,829.0,778.0,570.0,165.0,344.0,344.0,344.0,344.0,152.0,145.0,137.0,120.0,763.5,70.19259220174183,344.0,0.0
MI,2020-12-26,2020,52,51,648.0,344.0,135.0,413.0,321.0,0.0,742.0,1,783.0,829.0,664.0,170.0,344.0,344.0,344.0,344.0,143.0,152.0,140.0,115.0,759.5,77.79674371934446,344.0,0.0
MI,2021-01-02,2021,53,52,540.0,344.0,131.0,382.0,273.0,0.0,649.0,1,648.0,783.0,778.0,285.0,344.0,344.0,344.0,344.0,135.0,143.0,145.0,125.0,700.0,131.44580632336672,344.0,0.0
MI,2021-01-09,2021,1,53,488.0,344.0,113.0,330.0,243.0,0.0,575.0,0,540.0,648.0,829.0,395.0,344.0,344.0,344.0,344.0,131.0,135.0,152.0,129.0,614.75,130.46934505852334,344.0,0.0
MI,2021-01-16,2021,2,54,421.0,344.0,117.0,257.0,185.0,0.0,493.0,0,488.0,540.0,783.0,570.0,344.0,344.0,344.0,344.0,113.0,131.0,143.0,137.0,524.25,95.80666295548914,344.0,0.0
MI,2021-01-23,2021,3,55,360.0,344.0,114.0,283.0,193.0,0.0,450.0,0,421.0,488.0,648.0,664.0,344.0,344.0,344.0,344.0,117.0,113.0,135.0,140.0,452.25,78.45327696576284,344.0,0.0
MI,2021-01-30,2021,4,56,270.0,344.0,109.0,243.0,137.0,0.0,376.0,0,360.0,421.0,540.0,778.0,344.0,344.0,344.0,344.0,114.0,117.0,131.0,145.0,384.75,92.65482538252768,344.0,0.0
MI,2021-02-06,2021,5,57,271.0,344.0,116.0,224.0,129.0,0.0,366.0,0,270.0,360.0,488.0,829.0,344.0,344.0,344.0,344.0,109.0,114.0,113.0,152.0,330.5,73.62291310002179,344.0,0.0
MI,2021-02-13,2021,6,58,176.0,344.0,102.0,170.0,80.0,0.0,266.0,0,271.0,270.0,421.0,783.0,344.0,344.0,344.0,344.0,116.0,109.0,117.0,143.0,269.25,75.13266045247362,344.0,0.0
MI,2021-02-20,2021,7,59,148.0,344.0,107.0,169.0,73.0,0.0,244.0,0,176.0,271.0,360.0,648.0,344.0,344.0,344.0,344.0,102.0,116.0,114.0,135.0,216.25,63.67822757164879,344.0,0.0
MI,2021-02-27,2021,8,60,116.0,344.0,105.0,117.0,39.0,0.0,194.0,0,148.0,176.0,270.0,540.0,344.0,344.0,344.0,344.0,107.0,102.0,109.0,131.0,177.75,66.82502026436924,344.0,0.0
MI,2021-03-06,2021,9,61,98.0,344.0,102.0,147.0,49.0,0.0,197.0,0,116.0,148.0,271.0,488.0,344.0,344.0,344.0,344.0,105.0,107.0,116.0,113.0,134.5,34.53983207834146,344.0,0.0
MI,2021-03-13,2021,10,62,92.0,344.0,94.0,133.0,57.0,0.0,168.0,0,98.0,116.0,176.0,421.0,344.0,344.0,344.0,344.0,102.0,105.0,102.0,117.0,113.5,25.15949125081876,344.0,0.0
MI,2021-03-20,2021,11,63,117.0,344.0,102.0,149.0,60.0,0.0,206.0,0,92.0,98.0,148.0,360.0,344.0,344.0,344.0,344.0,94.0,102.0,107.0,114.0,105.75,12.658988901173181,344.0,0.0
MI,2021-03-27,2021,12,64,169.0,344.0,108.0,181.0,92.0,0.0,259.0,0,117.0,92.0,116.0,270.0,344.0,344.0,344.0,344.0,102.0,94.0,105.0,109.0,119.0,34.99523777125528,344.0,0.0
MI,2021-04-03,2021,13,65,238.0,344.0,107.0,216.0,132.0,0.0,322.0,0,169.0,117.0,98.0,271.0,344.0,344.0,344.0,344.0,108.0,102.0,102.0,116.0,154.0,64.53422864392735,344.0,0.0
MI,2021-04-10,2021,14,66,323.0,344.0,119.0,279.0,183.0,0.0,419.0,0,238.0,169.0,92.0,176.0,344.0,344.0,344.0,344.0,107.0,108.0,94.0,102.0,211.75,89.20155080864173,344.0,0.0
MI,2021-04-17,2021,15,67,422.0,344.0,118.0,322.0,237.0,0.0,508.0,0,323.0,238.0,117.0,148.0,344.0,344.0,344.0,344.0,119.0,107.0,102.0,107.0,288.0,109.30385781541911,344.0,0.0
MI,2021-04-24,2021,16,68,495.0,344.0,130.0,391.0,308.0,0.0,579.0,0,422.0,323.0,169.0,116.0,344.0,344.0,344.0,344.0,118.0,119.0,108.0,105.0,369.5,112.4885179325725,344.0,0.0
MI,2021-05-01,2021,17,69,439.0,344.0,124.0,330.0,252.0,0.0,517.0,0,495.0,422.0,238.0,98.0,344.0,344.0,344.0,344.0,130.0,118.0,107.0,102.0,419.75,71.64437637851759,344.0,0.0
MI,2021-05-08,2021,18,70,389.0,344.0,124.0,300.0,228.0,0.0,461.0,0,439.0,495.0,323.0,92.0,344.0,344.0,344.0,344.0,124.0,130.0,119.0,94.0,436.25,44.327380552731626,344.0,0.0
MI,2021-05-15,2021,19,71,345.0,344.0,119.0,287.0,207.0,0.0,425.0,0,389.0,439.0,422.0,117.0,344.0,344.0,344.0,344.0,124.0,124.0,118.0,102.0,417.0,64.64260720814632,344.0,0.0
MI,2021-05-22,2021,20,72,273.0,344.0,123.0,249.0,160.0,0.0,362.0,0,345.0,389.0,495.0,169.0,344.0,344.0,344.0,344.0,119.0,124.0,130.0,108.0,361.5,70.39649612492578,344.0,0.0
MI,2021-05-29,2021,21,73,192.0,344.0,113.0,199.0,130.0,0.0,261.0,0,273.0,345.0,439.0,238.0,344.0,344.0,344.0,344.0,123.0,119.0,124.0,107.0,299.75,86.29165660711367,344.0,0.0
MI,2021-06-05,2021,22,74,155.0,344.0,109.0,171.0,96.0,0.0,230.0,0,192.0,273.0,389.0,323.0,344.0,344.0,344.0,344.0,113.0,123.0,124.0,119.0,241.25,84.9249668825371,344.0,0.0
MI,2021-06-12,2021,23,75,110.0,344.0,113.0,135.0,66.0,0.0,179.0,0,155.0,192.0,345.0,422.0,344.0,344.0,344.0,344.0,109.0,113.0,119.0,118.0,182.5,69.0241503629951,344.0,0.0
MI,2021-06-19,2021,24,76,81.0,344.0,105.0,143.0,46.0,0.0,178.0,0,110.0,155.0,273.0,495.0,344.0,344.0,344.0,344.0,113.0,109.0,123.0,130.0,134.5,48.952357791360335,344.0,0.0
MI,2021-06-26,2021,25,77,54.0,344.0,109.0,107.0,27.0,0.0,134.0,0,81.0,110.0,192.0,439.0,344.0,344.0,344.0,344.0,105.0,113.0,113.0,124.0,100.0,43.21265246815286,344.0,0.0
MI,2021-07-03,2021,26,78,33.0,344.0,106.0,98.0,14.0,0.0,117.0,0,54.0,81.0,155.0,389.0,344.0,344.0,344.0,344.0,109.0,105.0,109.0,124.0,69.5,33.39161571412836,344.0,0.0
MI,2021-07-10,2021,27,79,29.0,344.0,107.0,97.0,10.0,0.0,116.0,0,33.0,54.0,110.0,345.0,344.0,344.0,344.0,344.0,106.0,109.0,113.0,119.0,49.25,23.837994882120938,344.0,0.0
MI,2021-07-17,2021,28,80,19.0,344.0,107.0,89.0,27.0,0.0,102.0,0,29.0,33.0,81.0,273.0,344.0,344.0,344.0,344.0,107.0,106.0,105.0,123.0,33.75,14.728091073411067,344.0,0.0
MI,2021-07-24,2021,29,81,33.0,344.0,105.0,98.0,13.0,0.0,118.0,0,19.0,29.0,54.0,192.0,344.0,344.0,344.0,344.0,107.0,107.0,109.0,113.0,28.5,6.6080758672014905,344.0,0.0
MI,2021-07-31,2021,30,82,35.0,344.0,111.0,81.0,16.0,0.0,100.0,0,33.0,19.0,33.0,155.0,344.0,344.0,344.0,344.0,105.0,107.0,106.0,109.0,29.0,7.118052168022564,344.0,0.0
MI,2021-08-07,2021,31,83,43.0,344.0,110.0,109.0,23.0,0.0,129.0,0,35.0,33.0,29.0,110.0,344.0,344.0,344.0,344.0,111.0,105.0,107.0,113.0,32.5,9.983319421249163,344.0,0.0
MI,2021-08-14,2021,32,84,87.0,344.0,113.0,120.0,48.0,0.0,159.0,0,43.0,35.0,19.0,81.0,344.0,344.0,344.0,344.0,110.0,111.0,107.0,105.0,49.5,25.370586644117843,344.0,0.0
MI,2021-08-21,2021,33,85,113.0,344.0,117.0,156.0,71.0,0.0,198.0,0,87.0,43.0,33.0,54.0,344.0,344.0,344.0,344.0,113.0,110.0,105.0,109.0,69.5,36.92785759649063,344.0,0.0
MI,2021-08-28,2021,34,86,107.0,344.0,118.0,143.0,58.0,0.0,192.0,0,113.0,87.0,35.0,33.0,344.0,344.0,344.0,344.0,117.0,113.0,111.0,106.0,87.5,31.680698645495347,344.0,0.0
MI,2021-09-04,2021,35,87,159.0,344.0,119.0,169.0,88.0,0.0,241.0,0,107.0,113.0,43.0,29.0,344.0,344.0,344.0,344.0,118.0,117.0,110.0,107.0,116.5,30.43572462310299,344.0,0.0
MI,2021-09-11,2021,36,88,166.0,344.0,120.0,202.0,105.0,0.0,263.0,0,159.0,107.0,87.0,19.0,344.0,344.0,344.0,344.0,119.0,118.0,113.0,107.0,136.25,30.54368456271592,344.0,0.0
MI,2021-09-18,2021,37,89,218.0,344.0,124.0,226.0,130.0,0.0,314.0,0,166.0,159.0,113.0,33.0,344.0,344.0,344.0,344.0,120.0,119.0,117.0,105.0,162.5,45.40557968649548,344.0,0.0
MI,2021-09-25,2021,38,90,211.0,344.0,119.0,229.0,132.0,0.0,309.0,0,218.0,166.0,107.0,35.0,344.0,344.0,344.0,344.0,124.0,120.0,118.0,111.0,188.5,30.29301349596456,344.0,0.0
MI,2021-10-02,2021,39,91,243.0,344.0,125.0,244.0,149.0,0.0,339.0,0,211.0,218.0,159.0,43.0,344.0,344.0,344.0,344.0,119.0,124.0,119.0,110.0,209.5,32.08841951026399,344.0,0.0
MI,2021-10-09,2021,40,92,244.0,344.0,119.0,253.0,150.0,0.0,347.0,0,243.0,211.0,166.0,87.0,344.0,344.0,344.0,344.0,125.0,119.0,120.0,113.0,229.0,16.99019324983358,344.0,0.0
MI,2021-10-16,2021,41,93,300.0,344.0,123.0,275.0,179.0,0.0,396.0,0,244.0,243.0,218.0,113.0,344.0,344.0,344.0,344.0,119.0,125.0,124.0,117.0,249.5,36.99098989393711,344.0,0.0
MI,2021-10-23,2021,42,94,356.0,344.0,126.0,339.0,228.0,0.0,467.0,0,300.0,244.0,211.0,107.0,344.0,344.0,344.0,344.0,123.0,119.0,119.0,118.0,285.75,53.87872183586663,344.0,0.0
MI,2021-10-30,2021,43,95,335.0,344.0,128.0,296.0,197.0,0.0,434.0,0,356.0,300.0,243.0,159.0,344.0,344.0,344.0,344.0,126.0,123.0,125.0,119.0,308.75,48.95831560283392,344.0,0.0
MI,2021-11-06,2021,44,96,344.0,344.0,128.0,315.0,200.0,0.0,459.0,0,335.0,356.0,244.0,166.0,344.0,344.0,344.0,344.0,128.0,126.0,119.0,120.0,333.75,24.088378940892337,344.0,0.0
MI,2021-11-13,2021,45,97,472.0,344.0,138.0,373.0,281.0,0.0,565.0,0,344.0,335.0,300.0,218.0,344.0,344.0,344.0,344.0,128.0,128.0,123.0,124.0,376.75,64.08002808988168,344.0,0.0
MI,2021-11-20,2021,46,98,522.0,344.0,139.0,406.0,286.0,0.0,643.0,1,472.0,344.0,356.0,211.0,344.0,344.0,344.0,344.0,138.0,128.0,126.0,119.0,418.25,93.26798307386458,344.0,0.0
MI,2021-11-27,2021,47,99,689.0,344.0,148.0,496.0,386.0,0.0,801.0,1,522.0,472.0,335.0,243.0,344.0,344.0,344.0,344.0,139.0,138.0,128.0,125.0,506.75,142.76174791121986,344.0,0.0
MI,2021-12-04,2021,48,100,770.0,344.0,154.0,550.0,435.0,0.0,886.0,1,689.0,522.0,344.0,244.0,344.0,344.0,344.0,344.0,148.0,139.0,128.0,119.0,613.25,139.7459003572795,344.0,0.0
MI,2021-12-11,2021,49,101,857.0,344.0,161.0,592.0,477.0,0.0,974.0,1,770.0,689.0,472.0,300.0,344.0,344.0,344.0,344.0,154.0,148.0,138.0,123.0,709.5,142.58681565979379,344.0,0.0
MI,2021-12-18,2021,50,102,825.0,344.0,150.0,584.0,490.0,0.0,921.0,1,857.0,770.0,522.0,356.0,344.0,344.0,344.0,344.0,161.0,154.0,139.0,126.0,785.25,73.54080499967361,344.0,0.0
MI,2021-12-25,2021,51,103,769.0,344.0,147.0,562.0,449.0,0.0,886.0,1,825.0,857.0,689.0,335.0,344.0,344.0,344.0,344.0,150.0,161.0,148.0,128.0,805.25,43.30030792808159,344.0,0.0
MN,2020-02-29,2020,9,8,0.0,933.0,108.0,68.0,0.0,17.0,85.0,0,0.0,0.0,0.0,0.0,913.0,941.0,942.0,920.0,101.0,102.0,102.0,108.0,0.0,0.0,926.5,12.793227374930318
MN,2020-03-07,2020,10,9,0.0,944.0,107.0,69.0,0.0,17.0,86.0,0,0.0,0.0,0.0,0.0,933.0,913.0,919.0,950.0,108.0,101.0,100.0,98.0,0.0,0.0,932.75,13.961255912942306
MN,2020-03-14,2020,11,10,0.0,882.0,104.0,50.0,0.0,16.0,66.0,0,0.0,0.0,0.0,0.0,944.0,933.0,941.0,946.0,107.0,108.0,102.0,100.0,0.0,0.0,918.0,27.215191835933595
MN,2020-03-21,2020,12,11,38.0,894.0,102.0,67.0,17.0,15.0,82.0,0,0.0,0.0,0.0,0.0,882.0,944.0,913.0,955.0,104.0,107.0,101.0,105.0,9.5,19.0,913.25,29.904013108611352
MN,2020-03-28,2020,13,12,12.0,909.0,107.0,63.0,17.0,0.0,76.0,0,38.0,0.0,0.0,0.0,894.0,882.0,933.0,942.0,102.0,104.0,108.0,102.0,12.5,17.916472867168917,907.25,26.874709300753366
MN,2020-04-04,2020,14,13,25.0,928.0,108.0,63.0,10.0,0.0,85.0,0,12.0,38.0,0.0,0.0,909.0,894.0,944.0,919.0,107.0,102.0,107.0,100.0,18.75,16.39867880857073,903.25,19.85572965166477
MN,2020-04-11,2020,15,14,45.0,943.0,105.0,93.0,18.0,0.0,122.0,0,25.0,12.0,0.0,0.0,928.0,909.0,882.0,941.0,108.0,107.0,104.0,102.0,30.0,14.583095236151571,918.5,21.455380055672105
MN,2020-04-18,2020,16,15,80.0,955.0,112.0,92.0,24.0,0.0,148.0,0,45.0,25.0,38.0,0.0,943.0,928.0,894.0,913.0,105.0,108.0,102.0,101.0,40.5,29.625439518539917,933.75,19.85572965166477
MN,2020-04-25,2020,17,16,148.0,920.0,123.0,96.0,41.0,0.0,203.0,0,80.0,45.0,12.0,0.0,955.0,943.0,909.0,933.0,112.0,105.0,107.0,108.0,74.5,54.01542989430582,936.5,15.588457268119882
MN,2020-05-02,2020,18,17,157.0,920.0,124.0,97.0,43.0,0.0,212.0,0,148.0,80.0,25.0,0.0,920.0,955.0,928.0,944.0,123.0,112.0,108.0,107.0,107.5,54.01542989430582,934.5,17.44515214417269
MN,2020-05-09,2020,19,18,169.0,920.0,124.0,84.0,44.0,0.0,211.0,0,157.0,148.0,45.0,0.0,920.0,920.0,943.0,882.0,124.0,123.0,105.0,104.0,138.5,39.93745109543171,928.75,17.499999999999982
MN,2020-05-16,2020,20,19,142.0,920.0,118.0,95.0,53.0,0.0,184.0,0,169.0,157.0,80.0,38.0,920.0,920.0,955.0,894.0,124.0,124.0,112.0,102.0,154.0,11.747340124470718,920.0,0.0
MN,2020-05-23,2020,21,20,166.0,920.0,123.0,78.0,40.0,0.0,205.0,0,142.0,169.0,148.0,12.0,920.0,920.0,920.0,909.0,118.0,124.0,123.0,107.0,158.5,12.124355652982128,920.0,0.0
MN,2020-05-30,2020,22,21,156.0,920.0,125.0,92.0,38.0,0.0,210.0,0,166.0,142.0,157.0,25.0,920.0,920.0,920.0,928.0,123.0,118.0,124.0,108.0,158.25,12.175795661885907,920.0,0.0
MN,2020-06-06,2020,23,22,152.0,920.0,131.0,84.0,40.0,0.0,198.0,0,156.0,166.0,169.0,45.0,920.0,920.0,920.0,943.0,125.0,123.0,124.0,105.0,154.0,9.933109617167544,920.0,0.0
MN,2020-06-13,2020,24,23,90.0,973.0,124.0,62.0,25.0,0.0,128.0,0,152.0,156.0,142.0,80.0,920.0,920.0,920.0,955.0,131.0,125.0,118.0,112.0,141.0,34.50603811895342,933.25,26.49999999999999
MN,2020-06-20,2020,25,24,68.0,941.0,123.0,65.0,16.0,0.0,117.0,0,90.0,152.0,166.0,148.0,973.0,920.0,920.0,920.0,124.0,131.0,123.0,123.0,116.5,44.25306015783917,938.5,25.039968051097823
MN,2020-06-27,2020,26,25,54.0,840.0,105.0,58.0,12.0,0.0,100.0,0,68.0,90.0,156.0,157.0,941.0,973.0,920.0,920.0,123.0,124.0,125.0,124.0,91.0,43.28202090167848,918.5,56.689211201662225
MN,2020-07-04,2020,27,26,44.0,876.0,109.0,45.0,17.0,0.0,80.0,0,54.0,68.0,152.0,169.0,840.0,941.0,920.0,920.0,105.0,123.0,131.0,124.0,64.0,19.933221850301393,907.5,60.445567800018765
MN,2020-07-11,2020,28,27,32.0,865.0,107.0,46.0,17.0,0.0,72.0,0,44.0,54.0,90.0,142.0,876.0,840.0,973.0,920.0,109.0,105.0,124.0,118.0,49.5,15.264337522473735,880.5,43.05422937025658
MN,2020-07-18,2020,29,28,38.0,869.0,112.0,57.0,10.0,0.0,85.0,0,32.0,44.0,68.0,166.0,865.0,876.0,941.0,920.0,107.0,109.0,123.0,123.0,42.0,9.380831519646838,862.5,15.673757260678284
MN,2020-07-25,2020,30,29,34.0,878.0,108.0,54.0,17.0,0.0,81.0,0,38.0,32.0,54.0,156.0,869.0,865.0,840.0,920.0,112.0,107.0,105.0,125.0,37.0,5.291502622129143,872.0,6.055300708194864
MN,2020-08-01,2020,31,30,36.0,818.0,99.0,40.0,10.0,0.0,66.0,0,34.0,38.0,44.0,152.0,878.0,869.0,876.0,920.0,108.0,112.0,109.0,131.0,35.0,2.581988897471533,857.5,26.888659319497467
MN,2020-08-08,2020,32,31,46.0,897.0,105.0,59.0,17.0,0.0,88.0,0,36.0,34.0,32.0,90.0,818.0,878.0,865.0,973.0,99.0,108.0,107.0,124.0,38.5,5.259911279353128,865.5,33.74907406137238
MN,2020-08-15,2020,33,32,51.0,888.0,112.0,55.0,17.0,0.0,89.0,0,46.0,36.0,38.0,68.0,897.0,818.0,869.0,941.0,105.0,99.0,112.0,123.0,41.75,8.09835374217087,870.25,35.687299328098945
MN,2020-08-22,2020,34,33,59.0,907.0,112.0,58.0,20.0,0.0,97.0,0,51.0,46.0,34.0,54.0,888.0,897.0,878.0,840.0,112.0,105.0,108.0,105.0,48.0,9.626352718795745,877.5,40.41864256338484
MN,2020-08-29,2020,35,34,41.0,919.0,112.0,59.0,17.0,0.0,83.0,0,59.0,51.0,36.0,44.0,907.0,888.0,818.0,876.0,112.0,112.0,99.0,109.0,49.25,7.675719293112943,902.75,13.326039671760345
MN,2020-09-05,2020,36,35,51.0,895.0,109.0,52.0,16.0,0.0,88.0,0,41.0,59.0,46.0,32.0,919.0,907.0,897.0,865.0,112.0,112.0,105.0,107.0,50.5,7.371114795831965,902.25,13.647344063956078
MN,2020-09-12,2020,37,36,57.0,893.0,109.0,44.0,13.0,0.0,88.0,0,51.0,41.0,51.0,38.0,895.0,919.0,888.0,869.0,109.0,112.0,112.0,112.0,52.0,8.082903768654734,903.5,12.041594578792179
MN,2020-09-19,2020,38,37,47.0,957.0,114.0,51.0,13.0,0.0,85.0,0,57.0,51.0,59.0,34.0,893.0,895.0,907.0,878.0,109.0,109.0,112.0,108.0,49.0,6.733003292241353,916.0,29.776948578836336
MN,2020-09-26,2020,39,38,57.0,969.0,114.0,73.0,21.0,0.0,109.0,0,47.0,57.0,41.0,36.0,957.0,893.0,919.0,818.0,114.0,109.0,112.0,99.0,53.0,4.898979485566312,928.5,40.1455684561405
MN,2020-10-03,2020,40,39,73.0,886.0,103.0,69.0,29.0,0.0,113.0,0,57.0,47.0,51.0,46.0,969.0,957.0,895.0,897.0,114.0,114.0,109.0,105.0,58.5,10.754843869934433,926.25,42.812576033995704
MN,2020-10-10,2020,41,40,85.0,920.0,117.0,65.0,24.0,0.0,126.0,0,73.0,57.0,57.0,51.0,886.0,969.0,893.0,888.0,103.0,114.0,109.0,112.0,65.5,16.84240679554636,933.0,37.638632635454
MN,2020-10-17,2020,42,41,100.0,953.0,108.0,63.0,30.0,0.0,133.0,0,85.0,73.0,47.0,59.0,920.0,886.0,957.0,907.0,117.0,103.0,114.0,112.0,78.75,18.22772613355817,932.0,36.83295625749667
MN,2020-10-24,2020,43,42,124.0,920.0,118.0,91.0,42.0,0.0,173.0,0,100.0,85.0,57.0,41.0,953.0,920.0,969.0,919.0,108.0,117.0,114.0,112.0,95.5,21.9772609758359,919.75,27.354158733179784
MN,2020-10-31,2020,44,43,156.0,920.0,123.0,94.0,46.0,0.0,204.0,0,124.0,100.0,73.0,51.0,920.0,953.0,886.0,895.0,118.0,108.0,103.0,109.0,116.25,30.987900864692328,928.25,16.499999999999876
MN,2020-11-07,2020,45,44,218.0,920.0,127.0,124.0,69.0,0.0,274.0,1,156.0,124.0,85.0,57.0,920.0,920.0,920.0,893.0,123.0,118.0,117.0,109.0,149.5,51.10446816733999,928.25,16.499999999999876
MN,2020-11-14,2020,46,45,282.0,920.0,132.0,148.0,111.0,0.0,319.0,1,218.0,156.0,100.0,47.0,920.0,920.0,953.0,957.0,127.0,123.0,108.0,114.0,195.0,69.90469702864512,920.0,0.0
MN,2020-11-21,2020,47,46,407.0,920.0,152.0,229.0,166.0,0.0,471.0,1,282.0,218.0,124.0,57.0,920.0,920.0,920.0,969.0,132.0,127.0,118.0,114.0,265.75,107.30136687541932,920.0,0.0
MN,2020-11-28,2020,48,47,444.0,920.0,161.0,210.0,161.0,0.0,493.0,1,407.0,282.0,156.0,73.0,920.0,920.0,920.0,886.0,152.0,132.0,123.0,103.0,337.75,105.72409060064473,920.0,0.0
MN,2020-12-05,2020,49,48,471.0,920.0,151.0,216.0,167.0,0.0,520.0,1,444.0,407.0,218.0,85.0,920.0,920.0,920.0,920.0,161.0,152.0,127.0,117.0,401.0,83.55836283700154,920.0,0.0
MN,2020-12-12,2020,50,49,482.0,920.0,157.0,224.0,178.0,0.0,530.0,1,471.0,444.0,282.0,100.0,920.0,920.0,920.0,953.0,151.0,161.0,132.0,108.0,451.0,33.39660661404585,920.0,0.0
MN,2020-12-19,2020,51,50,407.0,920.0,137.0,206.0,161.0,0.0,452.0,1,482.0,471.0,407.0,124.0,920.0,920.0,920.0,920.0,157.0,151.0,152.0,118.0,451.0,33.39660661404585,920.0,0.0
MN,2020-12-26,2020,52,51,328.0,920.0,127.0,164.0,131.0,0.0,361.0,1,407.0,482.0,444.0,156.0,920.0,920.0,920.0,920.0,137.0,157.0,161.0,123.0,422.0,70.85666282479484,920.0,0.0
MN,2021-01-02,2021,53,52,281.0,920.0,126.0,130.0,97.0,0.0,314.0,1,328.0,407.0,471.0,218.0,920.0,920.0,920.0,920.0,127.0,137.0,151.0,127.0,374.5,88.53812738024222,920.0,0.0
MN,2021-01-09,2021,1,53,239.0,920.0,122.0,122.0,81.0,0.0,280.0,1,281.0,328.0,482.0,282.0,920.0,920.0,920.0,920.0,126.0,127.0,157.0,132.0,313.75,72.01562330494681,920.0,0.0
MN,2021-01-16,2021,2,54,215.0,920.0,112.0,125.0,84.0,0.0,256.0,1,239.0,281.0,407.0,407.0,920.0,920.0,920.0,920.0,122.0,126.0,137.0,152.0,265.75,49.66135318333563,920.0,0.0
MN,2021-01-23,2021,3,55,133.0,948.0,100.0,77.0,43.0,0.0,168.0,0,215.0,239.0,328.0,444.0,920.0,920.0,920.0,920.0,112.0,122.0,127.0,161.0,217.0,62.289646009589745,927.0,13.999999999999854
MN,2021-01-30,2021,4,56,121.0,924.0,102.0,65.0,35.0,0.0,151.0,0,133.0,215.0,281.0,471.0,948.0,920.0,920.0,920.0,100.0,112.0,126.0,151.0,177.0,58.76506898943736,928.0,13.466006584482617
MN,2021-02-06,2021,5,57,99.0,983.0,107.0,72.0,31.0,0.0,140.0,0,121.0,133.0,239.0,482.0,924.0,948.0,920.0,920.0,102.0,100.0,122.0,157.0,142.0,50.66228051190221,943.75,28.941032001871147
MN,2021-02-13,2021,6,58,93.0,914.0,99.0,67.0,30.0,0.0,130.0,0,99.0,121.0,215.0,407.0,983.0,924.0,920.0,920.0,107.0,102.0,112.0,137.0,111.5,18.71719352182194,942.25,30.68522988887862
MN,2021-02-20,2021,7,59,65.0,904.0,98.0,69.0,23.0,0.0,111.0,0,93.0,99.0,133.0,328.0,914.0,983.0,948.0,920.0,99.0,107.0,100.0,127.0,94.5,23.05789814069501,931.25,35.45302055772771
MN,2021-02-27,2021,8,60,48.0,968.0,107.0,53.0,15.0,0.0,86.0,0,65.0,93.0,121.0,281.0,904.0,914.0,924.0,920.0,98.0,99.0,102.0,126.0,76.25,23.963513932643515,942.25,39.092838218783726
MN,2021-03-06,2021,9,61,55.0,931.0,107.0,68.0,24.0,0.0,99.0,0,48.0,65.0,99.0,239.0,968.0,904.0,983.0,920.0,107.0,98.0,107.0,122.0,65.25,19.77161264709246,929.25,28.135090782390062
MN,2021-03-13,2021,10,62,59.0,865.0,98.0,48.0,16.0,0.0,91.0,0,55.0,48.0,93.0,215.0,931.0,968.0,914.0,920.0,107.0,107.0,99.0,112.0,56.75,7.13559154286921,917.0,43.474130238568286
MN,2021-03-20,2021,11,63,40.0,864.0,102.0,45.0,12.0,0.0,73.0,0,59.0,55.0,65.0,133.0,865.0,931.0,904.0,948.0,98.0,107.0,98.0,100.0,50.5,8.346656017032604,907.0,51.34848261308862
MN,2021-03-27,2021,12,64,36.0,862.0,98.0,35.0,15.0,0.0,56.0,0,40.0,59.0,48.0,121.0,864.0,865.0,968.0,924.0,102.0,98.0,107.0,102.0,47.5,11.210114480533488,880.5,33.689761055845985
MN,2021-04-03,2021,13,65,50.0,871.0,102.0,74.0,29.0,0.0,95.0,0,36.0,40.0,55.0,99.0,862.0,864.0,931.0,983.0,98.0,102.0,107.0,107.0,46.25,10.340051579497395,865.5,3.8729833462068934
MN,2021-04-10,2021,14,66,61.0,873.0,101.0,72.0,26.0,0.0,108.0,0,50.0,36.0,59.0,93.0,871.0,862.0,865.0,914.0,102.0,98.0,98.0,99.0,46.75,11.176612486199321,867.5,5.322906474223397
MN,2021-04-17,2021,15,67,66.0,893.0,99.0,65.0,31.0,0.0,100.0,0,61.0,50.0,40.0,65.0,873.0,871.0,864.0,904.0,101.0,102.0,102.0,98.0,53.25,13.301002468485848,874.75,13.073510112692114
MN,2021-04-24,2021,16,68,65.0,934.0,110.0,62.0,27.0,0.0,100.0,0,66.0,61.0,36.0,48.0,893.0,873.0,862.0,968.0,99.0,101.0,98.0,107.0,60.5,7.325753658611966,892.75,29.238958029770195
MN,2021-05-01,2021,17,69,79.0,967.0,117.0,73.0,41.0,0.0,111.0,0,65.0,66.0,50.0,55.0,934.0,893.0,871.0,931.0,110.0,99.0,102.0,107.0,67.75,7.8049129826453925,916.75,42.034707881305216
MN,2021-05-08,2021,18,70,63.0,896.0,106.0,57.0,29.0,0.0,91.0,0,79.0,65.0,61.0,59.0,967.0,934.0,873.0,865.0,117.0,110.0,101.0,98.0,68.25,7.274384280931726,922.5,35.04758669770759
MN,2021-05-15,2021,19,71,70.0,938.0,110.0,78.0,34.0,0.0,114.0,0,63.0,79.0,66.0,40.0,896.0,967.0,893.0,864.0,106.0,117.0,99.0,102.0,69.25,7.13559154286921,933.75,29.147612823923147
MN,2021-05-22,2021,20,72,48.0,889.0,105.0,73.0,24.0,0.0,97.0,0,70.0,63.0,65.0,36.0,938.0,896.0,934.0,862.0,110.0,106.0,110.0,98.0,65.0,13.089435944047906,922.5,36.719658676699716
MN,2021-05-29,2021,21,73,38.0,876.0,107.0,53.0,17.0,0.0,74.0,0,48.0,70.0,79.0,50.0,889.0,938.0,967.0,871.0,105.0,110.0,117.0,102.0,54.75,14.453949863849212,899.75,26.81262140609644
MN,2021-06-05,2021,22,74,31.0,850.0,104.0,56.0,13.0,0.0,74.0,0,38.0,48.0,63.0,61.0,876.0,889.0,896.0,873.0,107.0,105.0,106.0,101.0,46.75,16.99754884289693,888.25,36.91770126465976
MN,2021-06-12,2021,23,75,35.0,917.0,116.0,59.0,19.0,0.0,75.0,0,31.0,38.0,70.0,66.0,850.0,876.0,938.0,893.0,104.0,107.0,110.0,99.0,38.0,7.2571803523590805,883.0,27.868739954771204
MN,2021-06-19,2021,24,76,27.0,851.0,109.0,38.0,17.0,0.0,56.0,0,35.0,31.0,48.0,65.0,917.0,850.0,889.0,934.0,116.0,104.0,105.0,110.0,32.75,4.78713553878169,873.5,31.395328739585782
MN,2021-06-26,2021,25,77,20.0,890.0,116.0,44.0,11.0,0.0,53.0,0,27.0,35.0,38.0,79.0,851.0,917.0,876.0,967.0,109.0,116.0,107.0,117.0,28.25,6.396613687465162,877.0,32.5269119345811
MN,2021-07-03,2021,26,78,12.0,888.0,111.0,44.0,17.0,0.0,52.0,0,20.0,27.0,31.0,63.0,890.0,851.0,850.0,896.0,116.0,109.0,104.0,106.0,23.5,9.814954576223638,886.5,27.110883423451817
MN,2021-07-10,2021,27,79,14.0,892.0,111.0,50.0,17.0,0.0,59.0,0,12.0,20.0,35.0,70.0,888.0,890.0,917.0,938.0,111.0,116.0,116.0,110.0,18.25,6.751543033509697,880.25,19.568256607747696
MN,2021-07-17,2021,28,80,14.0,873.0,108.0,40.0,17.0,0.0,49.0,0,14.0,12.0,27.0,48.0,892.0,888.0,851.0,889.0,111.0,111.0,109.0,105.0,15.0,3.4641016151377535,885.75,8.655441448398879
MN,2021-07-24,2021,29,81,10.0,835.0,108.0,52.0,17.0,0.0,60.0,0,14.0,14.0,20.0,38.0,873.0,892.0,890.0,876.0,108.0,111.0,116.0,107.0,12.5,1.9148542155126747,872.0,25.987176324743874
MN,2021-07-31,2021,30,82,20.0,911.0,112.0,50.0,17.0,0.0,61.0,0,10.0,14.0,12.0,31.0,835.0,873.0,888.0,850.0,108.0,108.0,111.0,104.0,14.5,4.12310562561766,877.75,32.448677425538655
MN,2021-08-07,2021,31,83,22.0,905.0,110.0,54.0,10.0,0.0,66.0,0,20.0,10.0,14.0,35.0,911.0,835.0,892.0,917.0,112.0,108.0,111.0,116.0,16.5,5.507570547286101,881.0,34.90940656422939
MN,2021-08-14,2021,32,84,29.0,953.0,111.0,64.0,16.0,0.0,77.0,0,22.0,20.0,14.0,27.0,905.0,911.0,873.0,851.0,110.0,112.0,108.0,109.0,20.25,7.847504911329036,901.0,48.90807704254989
MN,2021-08-21,2021,33,85,33.0,895.0,113.0,58.0,16.0,0.0,75.0,0,29.0,22.0,10.0,20.0,953.0,905.0,835.0,890.0,111.0,110.0,108.0,116.0,26.0,6.0553007081949835,916.0,25.53429066960733
MN,2021-08-28,2021,34,86,54.0,912.0,112.0,65.0,20.0,0.0,99.0,0,33.0,29.0,20.0,12.0,895.0,953.0,911.0,888.0,113.0,111.0,112.0,111.0,34.5,13.771952173409064,916.25,25.4738427934747
MN,2021-09-04,2021,35,87,62.0,971.0,118.0,83.0,31.0,0.0,114.0,0,54.0,33.0,22.0,14.0,912.0,895.0,905.0,892.0,112.0,113.0,110.0,111.0,44.5,16.010413278030438,932.75,35.255023282741746
MN,2021-09-11,2021,36,88,68.0,982.0,120.0,73.0,31.0,0.0,110.0,0,62.0,54.0,29.0,14.0,971.0,912.0,953.0,873.0,118.0,112.0,111.0,108.0,54.25,15.283433296656003,940.0,42.949582846247324
MN,2021-09-18,2021,37,89,88.0,989.0,121.0,96.0,43.0,0.0,141.0,0,68.0,62.0,33.0,10.0,982.0,971.0,895.0,835.0,120.0,118.0,113.0,108.0,68.0,14.514360704718161,963.5,35.12359131220301
MN,2021-09-25,2021,38,90,112.0,988.0,118.0,82.0,43.0,0.0,151.0,0,88.0,68.0,54.0,20.0,989.0,982.0,912.0,911.0,121.0,120.0,112.0,112.0,82.5,22.590558499809898,982.5,8.266397845091301
MN,2021-10-02,2021,39,91,116.0,920.0,124.0,103.0,52.0,0.0,167.0,0,112.0,88.0,62.0,22.0,988.0,989.0,971.0,905.0,118.0,121.0,118.0,110.0,96.0,22.390474164995553,969.75,33.31040878364195
MN,2021-10-09,2021,40,92,140.0,920.0,122.0,114.0,68.0,0.0,186.0,0,116.0,112.0,68.0,29.0,920.0,988.0,982.0,953.0,124.0,118.0,120.0,111.0,114.0,21.291625896895084,954.25,39.55060050113015
MN,2021-10-16,2021,41,93,132.0,920.0,117.0,108.0,71.0,0.0,169.0,0,140.0,116.0,88.0,33.0,920.0,920.0,989.0,895.0,122.0,124.0,121.0,113.0,125.0,13.21615173439934,937.0,33.99999999999994
MN,2021-10-23,2021,42,94,124.0,920.0,121.0,119.0,69.0,0.0,174.0,0,132.0,140.0,112.0,54.0,920.0,920.0,988.0,912.0,117.0,122.0,118.0,112.0,128.0,10.327955589886443,920.0,0.0
MN,2021-10-30,2021,43,95,145.0,920.0,126.0,118.0,70.0,0.0,193.0,0,124.0,132.0,116.0,62.0,920.0,920.0,920.0,971.0,121.0,117.0,124.0,118.0,135.25,9.21502396451939,920.0,0.0
MN,2021-11-06,2021,44,96,163.0,920.0,128.0,134.0,71.0,0.0,227.0,0,145.0,124.0,140.0,68.0,920.0,920.0,920.0,982.0,126.0,121.0,122.0,120.0,141.0,17.029386365926403,920.0,0.0
MN,2021-11-13,2021,45,97,170.0,920.0,131.0,143.0,80.0,0.0,233.0,0,163.0,145.0,132.0,88.0,920.0,920.0,920.0,989.0,128.0,126.0,117.0,121.0,150.5,20.566963801203133,920.0,0.0
MN,2021-11-20,2021,46,98,227.0,920.0,132.0,156.0,103.0,0.0,280.0,1,170.0,163.0,124.0,112.0,920.0,920.0,920.0,988.0,131.0,128.0,121.0,118.0,176.25,35.43421134064272,920.0,0.0
MN,2021-11-27,2021,47,99,247.0,920.0,142.0,167.0,129.0,0.0,286.0,1,227.0,170.0,145.0,116.0,920.0,920.0,920.0,920.0,132.0,131.0,126.0,124.0,201.75,41.61229786172993,920.0,0.0
MN,2021-12-04,2021,48,100,269.0,920.0,145.0,187.0,132.0,0.0,324.0,1,247.0,227.0,163.0,140.0,920.0,920.0,920.0,920.0,142.0,132.0,128.0,122.0,228.25,42.45291509425472,920.0,0.0
MN,2021-12-11,2021,49,101,266.0,920.0,142.0,175.0,124.0,0.0,319.0,1,269.0,247.0,170.0,132.0,920.0,920.0,920.0,920.0,145.0,142.0,131.0,117.0,252.25,19.448650338776737,920.0,0.0
MN,2021-12-18,2021,50,102,277.0,920.0,145.0,182.0,138.0,0.0,323.0,1,266.0,269.0,227.0,124.0,920.0,920.0,920.0,920.0,142.0,145.0,132.0,121.0,264.75,12.711543310445574,920.0,0.0
MN,2021-12-25,2021,51,103,222.0,920.0,129.0,158.0,106.0,0.0,276.0,1,277.0,266.0,247.0,145.0,920.0,920.0,920.0,920.0,145.0,142.0,142.0,126.0,258.5,24.772296354328297,920.0,0.0
MO,2020-02-29,2020,9,8,0.0,716.0,105.0,89.0,0.0,24.0,113.0,0,0.0,0.0,0.0,0.0,716.0,716.0,716.0,716.0,102.0,95.0,101.0,92.0,0.0,0.0,716.0,0.0
MO,2020-03-07,2020,10,9,0.0,716.0,107.0,87.0,0.0,24.0,111.0,0,0.0,0.0,0.0,0.0,716.0,716.0,716.0,716.0,105.0,102.0,98.0,93.0,0.0,0.0,716.0,0.0
MO,2020-03-14,2020,11,10,0.0,716.0,99.0,78.0,0.0,22.0,100.0,0,0.0,0.0,0.0,0.0,716.0,716.0,716.0,716.0,107.0,105.0,95.0,91.0,0.0,0.0,716.0,0.0
MO,2020-03-21,2020,12,11,47.5,716.0,95.0,68.0,21.0,23.0,91.0,0,0.0,0.0,0.0,0.0,716.0,716.0,716.0,716.0,99.0,107.0,102.0,97.0,11.875,23.75,716.0,0.0
MO,2020-03-28,2020,13,12,18.0,716.0,105.0,106.0,11.0,14.0,127.0,0,47.5,0.0,0.0,0.0,716.0,716.0,716.0,716.0,95.0,99.0,105.0,101.0,16.375,22.41790578979223,716.0,0.0
MO,2020-04-04,2020,14,13,57.0,716.0,107.0,108.0,24.0,0.0,147.0,0,18.0,47.5,0.0,0.0,716.0,716.0,716.0,716.0,105.0,95.0,107.0,98.0,30.625,26.31658222490147,716.0,0.0
MO,2020-04-11,2020,15,14,99.0,716.0,121.0,103.0,26.0,0.0,177.0,0,57.0,18.0,0.0,0.0,716.0,716.0,716.0,716.0,107.0,105.0,99.0,95.0,55.375,33.489737233964675,716.0,0.0
MO,2020-04-18,2020,16,15,94.0,716.0,111.0,94.0,24.0,0.0,167.0,0,99.0,57.0,47.5,0.0,716.0,716.0,716.0,716.0,121.0,107.0,95.0,102.0,67.0,37.656340767525464,716.0,0.0
MO,2020-04-25,2020,17,16,134.0,716.0,118.0,120.0,54.0,0.0,200.0,0,94.0,99.0,18.0,0.0,716.0,716.0,716.0,716.0,111.0,121.0,105.0,105.0,96.0,31.506613062445588,716.0,0.0
MO,2020-05-02,2020,18,17,123.0,716.0,112.0,98.0,42.0,0.0,179.0,0,134.0,94.0,57.0,0.0,716.0,716.0,716.0,716.0,118.0,111.0,107.0,107.0,112.5,19.12241267901796,716.0,0.0
MO,2020-05-09,2020,19,18,126.0,716.0,121.0,99.0,42.0,0.0,183.0,0,123.0,134.0,99.0,0.0,716.0,716.0,716.0,716.0,112.0,118.0,121.0,99.0,119.25,17.46186320719146,716.0,0.0
MO,2020-05-16,2020,20,19,93.0,716.0,113.0,83.0,26.0,0.0,151.0,0,126.0,123.0,94.0,47.5,716.0,716.0,716.0,716.0,121.0,112.0,111.0,95.0,119.0,17.944358444926365,716.0,0.0
MO,2020-05-23,2020,21,20,80.0,716.0,110.0,86.0,31.0,0.0,135.0,0,93.0,126.0,134.0,18.0,716.0,716.0,716.0,716.0,113.0,121.0,118.0,105.0,105.5,22.605309110914636,716.0,0.0
MO,2020-05-30,2020,22,21,59.0,716.0,106.0,63.0,16.0,0.0,106.0,0,80.0,93.0,123.0,57.0,716.0,716.0,716.0,716.0,110.0,113.0,112.0,107.0,89.5,28.077274321652617,716.0,0.0
MO,2020-06-06,2020,23,22,55.0,716.0,110.0,65.0,20.0,0.0,100.0,0,59.0,80.0,126.0,99.0,716.0,716.0,716.0,716.0,106.0,110.0,121.0,121.0,71.75,17.914147109663546,716.0,0.0
MO,2020-06-13,2020,24,23,46.0,716.0,109.0,78.0,15.0,0.0,110.0,0,55.0,59.0,93.0,94.0,716.0,716.0,716.0,716.0,110.0,106.0,113.0,111.0,60.0,14.399074044303456,716.0,0.0
MO,2020-06-20,2020,25,24,45.0,716.0,106.0,60.0,21.0,0.0,97.0,0,46.0,55.0,80.0,134.0,716.0,716.0,716.0,716.0,109.0,110.0,110.0,118.0,51.25,6.849574196011516,716.0,0.0
MO,2020-06-27,2020,26,25,43.0,716.0,108.0,66.0,11.0,0.0,98.0,0,45.0,46.0,59.0,123.0,716.0,716.0,716.0,716.0,106.0,109.0,106.0,112.0,47.25,5.3150729063673365,716.0,0.0
MO,2020-07-04,2020,27,26,42.0,716.0,106.0,52.0,13.0,0.0,81.0,0,43.0,45.0,55.0,126.0,716.0,716.0,716.0,716.0,108.0,106.0,110.0,121.0,44.0,1.8257418583505853,716.0,0.0
MO,2020-07-11,2020,28,27,43.0,716.0,111.0,58.0,21.0,0.0,93.0,0,42.0,43.0,46.0,93.0,716.0,716.0,716.0,716.0,106.0,108.0,109.0,113.0,43.25,1.2583057392118382,716.0,0.0
MO,2020-07-18,2020,29,28,49.0,716.0,116.0,70.0,15.0,0.0,104.0,0,43.0,42.0,45.0,80.0,716.0,716.0,716.0,716.0,111.0,106.0,106.0,110.0,44.25,3.201562118716443,716.0,0.0
MO,2020-07-25,2020,30,29,89.0,716.0,115.0,82.0,34.0,0.0,137.0,0,49.0,43.0,43.0,59.0,716.0,716.0,716.0,716.0,116.0,111.0,108.0,106.0,55.75,22.381167678802345,716.0,0.0
MO,2020-08-01,2020,31,30,79.0,716.0,122.0,86.0,32.0,0.0,133.0,0,89.0,49.0,42.0,55.0,716.0,716.0,716.0,716.0,115.0,116.0,106.0,110.0,65.0,22.449944320643652,716.0,0.0
MO,2020-08-08,2020,32,31,99.0,716.0,112.0,110.0,39.0,0.0,170.0,0,79.0,89.0,43.0,46.0,716.0,716.0,716.0,716.0,122.0,115.0,111.0,109.0,79.0,21.602468994692874,716.0,0.0
MO,2020-08-15,2020,33,32,108.0,716.0,117.0,102.0,40.0,0.0,170.0,0,99.0,79.0,49.0,45.0,716.0,716.0,716.0,716.0,112.0,122.0,116.0,106.0,93.75,12.526638282742377,716.0,0.0
MO,2020-08-22,2020,34,33,102.0,716.0,120.0,97.0,42.0,0.0,159.0,0,108.0,99.0,89.0,43.0,716.0,716.0,716.0,716.0,117.0,112.0,115.0,108.0,97.0,12.569805089976544,716.0,0.0
MO,2020-08-29,2020,35,34,129.0,716.0,120.0,110.0,52.0,0.0,188.0,0,102.0,108.0,79.0,42.0,716.0,716.0,716.0,716.0,120.0,117.0,122.0,106.0,109.5,13.527749258468692,716.0,0.0
MO,2020-09-05,2020,36,35,113.0,716.0,121.0,111.0,57.0,0.0,167.0,0,129.0,102.0,99.0,43.0,716.0,716.0,716.0,716.0,120.0,120.0,112.0,111.0,113.0,11.575836902790236,716.0,0.0
MO,2020-09-12,2020,37,36,155.0,716.0,115.0,104.0,54.0,0.0,205.0,0,113.0,129.0,108.0,49.0,716.0,716.0,716.0,716.0,121.0,120.0,117.0,116.0,124.75,23.012677665437664,716.0,0.0
MO,2020-09-19,2020,38,37,135.0,716.0,121.0,118.0,65.0,0.0,188.0,0,155.0,113.0,102.0,89.0,716.0,716.0,716.0,716.0,115.0,121.0,120.0,115.0,133.0,17.35895542172205,716.0,0.0
MO,2020-09-26,2020,39,38,184.0,716.0,122.0,136.0,77.0,0.0,243.0,0,135.0,155.0,129.0,79.0,716.0,716.0,716.0,716.0,121.0,115.0,120.0,122.0,146.75,30.181396035748026,716.0,0.0
MO,2020-10-03,2020,40,39,242.0,716.0,130.0,135.0,88.0,0.0,289.0,0,184.0,135.0,113.0,99.0,716.0,716.0,716.0,716.0,122.0,121.0,121.0,112.0,179.0,46.56894530335282,716.0,0.0
MO,2020-10-10,2020,41,40,231.0,716.0,133.0,152.0,102.0,0.0,281.0,0,242.0,184.0,155.0,108.0,716.0,716.0,716.0,716.0,130.0,122.0,115.0,117.0,198.0,48.955762343841265,716.0,0.0
MO,2020-10-17,2020,42,41,215.0,716.0,128.0,138.0,83.0,0.0,270.0,0,231.0,242.0,135.0,102.0,716.0,716.0,716.0,716.0,133.0,130.0,121.0,120.0,218.0,25.232254490367417,716.0,0.0
MO,2020-10-24,2020,43,42,257.0,716.0,127.0,159.0,109.0,0.0,307.0,0,215.0,231.0,184.0,129.0,716.0,716.0,716.0,716.0,128.0,133.0,122.0,120.0,236.25,17.727097901235833,716.0,0.0
MO,2020-10-31,2020,44,43,308.0,716.0,130.0,192.0,116.0,0.0,384.0,0,257.0,215.0,242.0,113.0,716.0,716.0,716.0,716.0,127.0,128.0,130.0,121.0,252.75,40.697051490249265,716.0,0.0
MO,2020-11-07,2020,45,44,379.0,716.0,147.0,215.0,147.0,0.0,447.0,1,308.0,257.0,231.0,155.0,716.0,716.0,716.0,716.0,130.0,127.0,133.0,115.0,289.75,70.61338400048535,716.0,0.0
MO,2020-11-14,2020,46,45,453.0,716.0,146.0,269.0,214.0,0.0,508.0,1,379.0,308.0,215.0,135.0,716.0,716.0,716.0,716.0,147.0,130.0,128.0,121.0,349.25,85.36343869987118,716.0,0.0
MO,2020-11-21,2020,47,46,495.0,716.0,149.0,317.0,220.0,0.0,592.0,1,453.0,379.0,257.0,184.0,716.0,716.0,716.0,716.0,146.0,147.0,127.0,122.0,408.75,82.52827798195395,716.0,0.0
MO,2020-11-28,2020,48,47,590.0,716.0,156.0,343.0,283.0,0.0,650.0,1,495.0,453.0,308.0,242.0,716.0,716.0,716.0,716.0,149.0,146.0,130.0,130.0,479.25,88.03929047116786,716.0,0.0
MO,2020-12-05,2020,49,48,572.0,716.0,157.0,357.0,274.0,0.0,655.0,1,590.0,495.0,379.0,231.0,716.0,716.0,716.0,716.0,156.0,149.0,147.0,133.0,527.5,64.53164598345013,716.0,0.0
MO,2020-12-12,2020,50,49,583.0,716.0,159.0,352.0,277.0,0.0,658.0,1,572.0,590.0,453.0,215.0,716.0,716.0,716.0,716.0,157.0,156.0,146.0,128.0,560.0,43.962104893495116,716.0,0.0
MO,2020-12-19,2020,51,50,513.0,716.0,145.0,300.0,243.0,0.0,571.0,1,583.0,572.0,495.0,257.0,716.0,716.0,716.0,716.0,159.0,157.0,149.0,127.0,564.5,35.123591312203075,716.0,0.0
MO,2020-12-26,2020,52,51,492.0,716.0,139.0,310.0,239.0,0.0,563.0,1,513.0,583.0,590.0,308.0,716.0,716.0,716.0,716.0,145.0,159.0,156.0,130.0,540.0,44.36965930302674,716.0,0.0
MO,2021-01-02,2021,53,52,464.0,716.0,139.0,293.0,219.0,0.0,538.0,1,492.0,513.0,572.0,379.0,716.0,716.0,716.0,716.0,139.0,145.0,157.0,147.0,513.0,50.80026246651358,716.0,0.0
MO,2021-01-09,2021,1,53,453.0,716.0,122.0,264.0,205.0,0.0,512.0,1,464.0,492.0,583.0,453.0,716.0,716.0,716.0,716.0,139.0,139.0,159.0,146.0,480.5,27.184554438136413,716.0,0.0
MO,2021-01-16,2021,2,54,434.0,716.0,125.0,269.0,207.0,0.0,496.0,1,453.0,464.0,513.0,495.0,716.0,716.0,716.0,716.0,122.0,139.0,145.0,149.0,460.75,24.24011826153775,716.0,0.0
MO,2021-01-23,2021,3,55,387.0,716.0,118.0,274.0,192.0,0.0,469.0,1,434.0,453.0,492.0,590.0,716.0,716.0,716.0,716.0,125.0,122.0,139.0,156.0,434.5,34.004901607464404,716.0,0.0
MO,2021-01-30,2021,4,56,304.0,716.0,116.0,205.0,132.0,0.0,377.0,0,387.0,434.0,464.0,572.0,716.0,716.0,716.0,716.0,118.0,125.0,139.0,157.0,394.5,66.40532107193421,716.0,0.0
MO,2021-02-06,2021,5,57,211.0,716.0,113.0,176.0,106.0,0.0,281.0,0,304.0,387.0,453.0,583.0,716.0,716.0,716.0,716.0,116.0,118.0,122.0,159.0,334.0,98.04420771604343,716.0,0.0
MO,2021-02-13,2021,6,58,186.0,716.0,105.0,139.0,83.0,0.0,242.0,0,211.0,304.0,434.0,513.0,716.0,716.0,716.0,716.0,113.0,116.0,125.0,145.0,272.0,91.95288648722963,716.0,0.0
MO,2021-02-20,2021,7,59,141.0,716.0,107.0,144.0,78.0,0.0,207.0,0,186.0,211.0,387.0,492.0,716.0,716.0,716.0,716.0,105.0,113.0,118.0,139.0,210.5,68.7337859668252,716.0,0.0
MO,2021-02-27,2021,8,60,109.0,716.0,105.0,116.0,54.0,0.0,171.0,0,141.0,186.0,304.0,464.0,716.0,716.0,716.0,716.0,107.0,105.0,116.0,139.0,161.75,45.55857036094676,716.0,0.0
MO,2021-03-06,2021,9,61,90.0,716.0,105.0,97.0,42.0,0.0,145.0,0,109.0,141.0,211.0,453.0,716.0,716.0,716.0,716.0,105.0,107.0,113.0,122.0,131.5,41.98809355043407,716.0,0.0
MO,2021-03-13,2021,10,62,72.0,716.0,101.0,96.0,39.0,0.0,129.0,0,90.0,109.0,186.0,434.0,716.0,716.0,716.0,716.0,105.0,105.0,105.0,125.0,103.0,29.49576240750531,716.0,0.0
MO,2021-03-20,2021,11,63,62.0,716.0,96.0,73.0,31.0,0.0,104.0,0,72.0,90.0,141.0,387.0,716.0,716.0,716.0,716.0,101.0,105.0,107.0,118.0,83.25,20.710303393882718,716.0,0.0
MO,2021-03-27,2021,12,64,77.0,716.0,105.0,93.0,34.0,0.0,136.0,0,62.0,72.0,109.0,304.0,716.0,716.0,716.0,716.0,96.0,101.0,105.0,116.0,75.25,11.64402564980586,716.0,0.0
MO,2021-04-03,2021,13,65,62.0,716.0,101.0,80.0,26.0,0.0,116.0,0,77.0,62.0,90.0,211.0,716.0,716.0,716.0,716.0,105.0,96.0,105.0,113.0,68.25,7.500000000000228,716.0,0.0
MO,2021-04-10,2021,14,66,48.0,716.0,115.0,72.0,23.0,0.0,97.0,0,62.0,77.0,72.0,186.0,716.0,716.0,716.0,716.0,101.0,105.0,101.0,105.0,62.25,11.842719282327156,716.0,0.0
MO,2021-04-17,2021,15,67,48.0,716.0,108.0,81.0,18.0,0.0,111.0,0,48.0,62.0,62.0,141.0,716.0,716.0,716.0,716.0,115.0,101.0,96.0,107.0,58.75,13.841363131329832,716.0,0.0
MO,2021-04-24,2021,16,68,51.0,716.0,107.0,63.0,20.0,0.0,94.0,0,48.0,48.0,77.0,109.0,716.0,716.0,716.0,716.0,108.0,115.0,105.0,105.0,52.25,6.652067347825291,716.0,0.0
MO,2021-05-01,2021,17,69,64.0,716.0,106.0,86.0,32.0,0.0,118.0,0,51.0,48.0,62.0,90.0,716.0,716.0,716.0,716.0,107.0,108.0,101.0,105.0,52.75,7.632168761237097,716.0,0.0
MO,2021-05-08,2021,18,70,47.0,716.0,99.0,74.0,19.0,0.0,102.0,0,64.0,51.0,48.0,72.0,716.0,716.0,716.0,716.0,106.0,107.0,115.0,101.0,52.5,7.852812659593381,716.0,0.0
MO,2021-05-15,2021,19,71,54.0,716.0,112.0,78.0,28.0,0.0,104.0,0,47.0,64.0,48.0,62.0,716.0,716.0,716.0,716.0,99.0,106.0,108.0,96.0,54.0,7.257180352359315,716.0,0.0
MO,2021-05-22,2021,20,72,45.0,716.0,108.0,81.0,27.0,0.0,99.0,0,54.0,47.0,51.0,77.0,716.0,716.0,716.0,716.0,112.0,99.0,107.0,105.0,52.5,8.58292879305602,716.0,0.0
MO,2021-05-29,2021,21,73,33.0,716.0,107.0,69.0,20.0,0.0,82.0,0,45.0,54.0,64.0,62.0,716.0,716.0,716.0,716.0,108.0,112.0,106.0,101.0,44.75,8.732124598286685,716.0,0.0
MO,2021-06-05,2021,22,74,42.0,716.0,113.0,84.0,19.0,0.0,107.0,0,33.0,45.0,47.0,48.0,716.0,716.0,716.0,716.0,107.0,108.0,99.0,115.0,43.5,8.660254037844581,716.0,0.0
MO,2021-06-12,2021,23,75,64.0,716.0,114.0,78.0,32.0,0.0,110.0,0,42.0,33.0,54.0,48.0,716.0,716.0,716.0,716.0,113.0,107.0,112.0,108.0,46.0,13.038404810405428,716.0,0.0
MO,2021-06-19,2021,24,76,57.0,716.0,111.0,90.0,26.0,0.0,122.0,0,64.0,42.0,45.0,51.0,716.0,716.0,716.0,716.0,114.0,113.0,108.0,107.0,49.0,14.071247279470409,716.0,0.0
MO,2021-06-26,2021,25,77,88.0,716.0,120.0,104.0,46.0,0.0,146.0,0,57.0,64.0,33.0,64.0,716.0,716.0,716.0,716.0,111.0,114.0,107.0,106.0,62.75,19.17246289169278,716.0,0.0
MO,2021-07-03,2021,26,78,85.0,716.0,109.0,102.0,53.0,0.0,134.0,0,88.0,57.0,42.0,47.0,716.0,716.0,716.0,716.0,120.0,111.0,113.0,99.0,73.5,15.329709716755998,716.0,0.0
MO,2021-07-10,2021,27,79,106.0,716.0,116.0,111.0,63.0,0.0,154.0,0,85.0,88.0,64.0,54.0,716.0,716.0,716.0,716.0,109.0,120.0,114.0,112.0,84.0,20.248456731316665,716.0,0.0
MO,2021-07-17,2021,28,80,170.0,716.0,125.0,144.0,95.0,0.0,219.0,0,106.0,85.0,57.0,45.0,716.0,716.0,716.0,716.0,116.0,109.0,111.0,108.0,112.25,39.60113634733229,716.0,0.0
MO,2021-07-24,2021,29,81,202.0,716.0,123.0,162.0,125.0,0.0,240.0,0,170.0,106.0,88.0,33.0,716.0,716.0,716.0,716.0,125.0,116.0,120.0,107.0,140.75,54.5366849010829,716.0,0.0
MO,2021-07-31,2021,30,82,227.0,716.0,129.0,185.0,128.0,0.0,285.0,0,202.0,170.0,85.0,42.0,716.0,716.0,716.0,716.0,123.0,125.0,109.0,113.0,176.25,52.32192019921799,716.0,0.0
MO,2021-08-07,2021,31,83,317.0,716.0,147.0,226.0,163.0,0.0,381.0,1,227.0,202.0,106.0,64.0,716.0,716.0,716.0,716.0,129.0,123.0,116.0,114.0,229.0,63.134776470658416,716.0,0.0
MO,2021-08-14,2021,32,84,318.0,716.0,138.0,255.0,190.0,0.0,383.0,1,317.0,227.0,170.0,57.0,716.0,716.0,716.0,716.0,147.0,129.0,125.0,111.0,266.0,60.33793720924398,716.0,0.0
MO,2021-08-21,2021,33,85,313.0,716.0,140.0,246.0,185.0,0.0,374.0,1,318.0,317.0,202.0,88.0,716.0,716.0,716.0,716.0,138.0,147.0,123.0,120.0,293.75,44.55240360145197,716.0,0.0
MO,2021-08-28,2021,34,86,338.0,716.0,143.0,265.0,199.0,0.0,404.0,1,313.0,318.0,227.0,85.0,716.0,716.0,716.0,716.0,140.0,138.0,129.0,109.0,321.5,11.210114480533655,716.0,0.0
MO,2021-09-04,2021,35,87,290.0,716.0,134.0,244.0,179.0,0.0,355.0,0,338.0,313.0,317.0,106.0,716.0,716.0,716.0,716.0,143.0,140.0,147.0,116.0,314.75,19.720970226301503,716.0,0.0
MO,2021-09-11,2021,36,88,240.0,716.0,128.0,182.0,128.0,0.0,294.0,0,290.0,338.0,318.0,170.0,716.0,716.0,716.0,716.0,134.0,143.0,138.0,125.0,295.25,41.724293483133664,716.0,0.0
MO,2021-09-18,2021,37,89,261.0,716.0,128.0,218.0,160.0,0.0,319.0,0,240.0,290.0,313.0,202.0,716.0,716.0,716.0,716.0,128.0,134.0,140.0,123.0,282.25,42.445062531858014,716.0,0.0
MO,2021-09-25,2021,38,90,227.0,716.0,133.0,188.0,132.0,0.0,283.0,0,261.0,240.0,338.0,227.0,716.0,716.0,716.0,716.0,128.0,128.0,143.0,129.0,254.5,27.501515109777817,716.0,0.0
MO,2021-10-02,2021,39,91,216.0,716.0,130.0,197.0,118.0,0.0,295.0,0,227.0,261.0,290.0,317.0,716.0,716.0,716.0,716.0,133.0,128.0,134.0,147.0,236.0,19.33907960581382,716.0,0.0
MO,2021-10-09,2021,40,92,178.0,716.0,120.0,153.0,107.0,0.0,224.0,0,216.0,227.0,240.0,318.0,716.0,716.0,716.0,716.0,130.0,133.0,128.0,138.0,220.5,34.20038986132571,716.0,0.0
MO,2021-10-16,2021,41,93,162.0,716.0,129.0,148.0,90.0,0.0,220.0,0,178.0,216.0,261.0,313.0,716.0,716.0,716.0,716.0,120.0,130.0,128.0,140.0,195.75,30.772011092333088,716.0,0.0
MO,2021-10-23,2021,42,94,130.0,716.0,118.0,120.0,70.0,0.0,180.0,0,162.0,178.0,227.0,338.0,716.0,716.0,716.0,716.0,129.0,120.0,133.0,143.0,171.5,35.753787678137506,716.0,0.0
MO,2021-10-30,2021,43,95,128.0,716.0,116.0,140.0,79.0,0.0,189.0,0,130.0,162.0,216.0,290.0,716.0,716.0,716.0,716.0,118.0,129.0,130.0,134.0,149.5,24.56962894849392,716.0,0.0
MO,2021-11-06,2021,44,96,118.0,716.0,114.0,133.0,69.0,0.0,182.0,0,128.0,130.0,178.0,240.0,716.0,716.0,716.0,716.0,116.0,118.0,120.0,128.0,134.5,19.07004632051717,716.0,0.0
MO,2021-11-13,2021,45,97,102.0,716.0,123.0,115.0,57.0,0.0,160.0,0,118.0,128.0,162.0,261.0,716.0,716.0,716.0,716.0,114.0,116.0,129.0,128.0,119.5,12.793227374930474,716.0,0.0
MO,2021-11-20,2021,46,98,117.0,716.0,115.0,137.0,70.0,0.0,184.0,0,102.0,118.0,130.0,227.0,716.0,716.0,716.0,716.0,123.0,114.0,118.0,133.0,116.25,10.719919153924177,716.0,0.0
MO,2021-11-27,2021,47,99,143.0,716.0,119.0,143.0,72.0,0.0,214.0,0,117.0,102.0,128.0,216.0,716.0,716.0,716.0,716.0,115.0,123.0,116.0,130.0,120.0,16.990193249832988,716.0,0.0
MO,2021-12-04,2021,48,100,164.0,716.0,123.0,166.0,96.0,0.0,235.0,0,143.0,117.0,118.0,178.0,716.0,716.0,716.0,716.0,119.0,115.0,114.0,120.0,131.5,27.50151510977781,716.0,0.0
MO,2021-12-11,2021,49,101,224.0,716.0,129.0,205.0,137.0,0.0,293.0,0,164.0,143.0,102.0,162.0,716.0,716.0,716.0,716.0,123.0,119.0,123.0,129.0,162.0,45.585085280165956,716.0,0.0
MO,2021-12-18,2021,50,102,263.0,716.0,128.0,217.0,150.0,0.0,331.0,0,224.0,164.0,117.0,130.0,716.0,716.0,716.0,716.0,129.0,123.0,115.0,118.0,198.5,55.01817881391571,716.0,0.0
MO,2021-12-25,2021,51,103,284.0,716.0,128.0,230.0,164.0,0.0,354.0,0,263.0,224.0,143.0,128.0,716.0,716.0,716.0,716.0,128.0,129.0,119.0,116.0,233.75,52.7280760126899,716.0,0.0
MS,2020-02-29,2020,9,8,0.0,665.0,108.0,55.0,0.0,10.0,65.0,0,0.0,31.0,0.0,0.0,625.0,648.0,608.0,673.0,96.0,99.0,93.0,95.0,15.5,17.897858344878397,660.25,32.877297131404646
MS,2020-03-07,2020,10,9,0.0,663.0,106.0,57.0,0.0,0.0,63.0,0,0.0,0.0,31.0,0.0,665.0,625.0,703.0,648.0,108.0,96.0,103.0,94.0,7.75,15.499999999999998,650.25,18.4639287982452
MS,2020-03-14,2020,11,10,0.0,623.0,98.0,49.0,0.0,0.0,56.0,0,0.0,0.0,31.0,0.0,663.0,665.0,648.0,624.0,106.0,108.0,99.0,94.0,0.0,0.0,644.0,23.122860261366203
MS,2020-03-21,2020,12,11,31.0,625.0,99.0,52.0,0.0,0.0,58.0,0,0.0,0.0,0.0,0.0,623.0,663.0,625.0,612.0,98.0,106.0,96.0,94.0,7.75,15.499999999999998,644.0,23.122860261366203
MS,2020-03-28,2020,13,12,15.0,698.0,119.0,62.0,25.0,0.0,75.0,0,31.0,0.0,0.0,0.0,625.0,623.0,665.0,608.0,99.0,98.0,108.0,93.0,11.5,14.79864858694874,652.25,35.62185658646484
MS,2020-04-04,2020,14,13,55.0,707.0,114.0,85.0,24.0,0.0,117.0,0,15.0,31.0,0.0,31.0,698.0,625.0,663.0,703.0,119.0,99.0,106.0,103.0,25.25,23.52835169180649,663.25,45.478016667396595
MS,2020-04-11,2020,15,14,67.0,699.0,116.0,86.0,36.0,0.0,118.0,0,55.0,15.0,0.0,31.0,707.0,698.0,623.0,648.0,114.0,119.0,98.0,99.0,42.0,23.40939982143925,682.25,38.37859646556489
MS,2020-04-18,2020,16,15,68.0,732.0,123.0,91.0,32.0,0.0,127.0,0,67.0,55.0,31.0,0.0,699.0,707.0,625.0,625.0,116.0,114.0,99.0,96.0,51.25,24.878035828149027,709.0,15.853495934125549
MS,2020-04-25,2020,17,16,68.0,750.0,127.0,80.0,29.0,0.0,119.0,0,68.0,67.0,15.0,0.0,732.0,699.0,698.0,665.0,123.0,116.0,119.0,108.0,64.5,6.350852961085887,722.0,23.3666428910959
MS,2020-05-02,2020,18,17,100.0,751.0,128.0,87.0,45.0,0.0,142.0,0,68.0,68.0,55.0,0.0,750.0,732.0,707.0,663.0,127.0,123.0,114.0,106.0,75.75,16.17353805861084,733.0,24.28991560298229
MS,2020-05-09,2020,19,18,88.0,748.0,126.0,76.0,30.0,0.0,134.0,0,100.0,68.0,67.0,0.0,751.0,750.0,699.0,623.0,128.0,127.0,116.0,98.0,81.0,15.790292376436014,745.25,8.920949127381872
MS,2020-05-16,2020,20,19,108.0,775.0,133.0,110.0,54.0,0.0,165.0,0,88.0,100.0,68.0,31.0,748.0,751.0,732.0,625.0,126.0,128.0,123.0,99.0,91.0,17.397317800933184,756.0,12.727922061357951
MS,2020-05-23,2020,21,20,102.0,725.0,125.0,97.0,49.0,0.0,150.0,0,108.0,88.0,68.0,15.0,775.0,748.0,750.0,698.0,133.0,126.0,127.0,119.0,99.5,8.38649708360608,749.75,20.45116133621762
MS,2020-05-30,2020,22,21,108.0,750.0,125.0,96.0,56.0,0.0,148.0,0,102.0,108.0,100.0,55.0,725.0,775.0,751.0,707.0,125.0,133.0,128.0,114.0,101.5,9.433981132056601,749.5,20.4368947412925
MS,2020-06-06,2020,23,22,90.0,728.0,122.0,68.0,40.0,0.0,118.0,0,108.0,102.0,88.0,67.0,750.0,725.0,748.0,699.0,125.0,125.0,126.0,116.0,102.0,8.485281374238568,744.5,23.187640385918296
MS,2020-06-13,2020,24,23,70.0,702.0,118.0,71.0,37.0,0.0,104.0,0,90.0,108.0,108.0,68.0,728.0,750.0,775.0,732.0,122.0,125.0,133.0,123.0,92.5,16.763054614240207,726.25,19.6362759537886
MS,2020-06-20,2020,25,24,76.0,743.0,131.0,84.0,40.0,0.0,120.0,0,70.0,90.0,102.0,68.0,702.0,728.0,725.0,750.0,118.0,122.0,125.0,127.0,86.0,16.891812612426566,730.75,21.250490190424706
MS,2020-06-27,2020,26,25,70.0,721.0,125.0,69.0,37.0,0.0,103.0,0,76.0,70.0,108.0,100.0,743.0,702.0,750.0,751.0,131.0,118.0,125.0,128.0,76.5,9.433981132056601,723.5,17.019596548293094
MS,2020-07-04,2020,27,26,91.0,711.0,125.0,75.0,38.0,0.0,128.0,0,70.0,76.0,90.0,88.0,721.0,743.0,728.0,748.0,125.0,131.0,122.0,126.0,76.75,9.912113800799503,719.25,17.63282923034957
MS,2020-07-11,2020,28,27,123.0,797.0,133.0,98.0,55.0,0.0,166.0,0,91.0,70.0,70.0,108.0,711.0,721.0,702.0,775.0,125.0,125.0,118.0,133.0,90.0,23.706539182259394,743.0,38.401388863772496
MS,2020-07-18,2020,29,28,130.0,784.0,140.0,123.0,78.0,0.0,175.0,0,123.0,91.0,76.0,102.0,797.0,711.0,743.0,725.0,133.0,125.0,131.0,125.0,103.5,28.053520278211074,753.25,43.53064054969408
MS,2020-07-25,2020,30,29,165.0,885.0,161.0,138.0,86.0,0.0,217.0,0,130.0,123.0,70.0,108.0,784.0,797.0,721.0,750.0,140.0,133.0,125.0,125.0,127.25,30.35759103310625,794.25,71.3646738006044
MS,2020-08-01,2020,31,30,231.0,872.0,152.0,165.0,121.0,0.0,275.0,1,165.0,130.0,91.0,90.0,885.0,784.0,711.0,728.0,161.0,140.0,125.0,122.0,162.25,49.37863910639903,834.5,51.35821907608042
MS,2020-08-08,2020,32,31,204.0,915.0,155.0,167.0,119.0,0.0,252.0,1,231.0,165.0,123.0,70.0,872.0,885.0,797.0,702.0,152.0,161.0,133.0,118.0,182.5,44.26059195266144,864.0,56.290911048469184
MS,2020-08-15,2020,33,32,197.0,860.0,152.0,153.0,117.0,0.0,233.0,0,204.0,231.0,130.0,76.0,915.0,872.0,784.0,743.0,155.0,152.0,140.0,131.0,199.25,27.133927102430253,883.0,23.650229033422438
MS,2020-08-22,2020,34,33,192.0,813.0,142.0,156.0,114.0,0.0,234.0,0,197.0,204.0,165.0,70.0,860.0,915.0,885.0,721.0,152.0,155.0,161.0,125.0,206.0,17.37814719698274,865.0,41.944407652669724
MS,2020-08-29,2020,35,34,160.0,813.0,148.0,111.0,75.0,0.0,196.0,0,192.0,197.0,231.0,91.0,813.0,860.0,872.0,711.0,142.0,152.0,152.0,125.0,188.25,19.46578194336579,850.25,48.52061417583257
MS,2020-09-05,2020,36,35,116.0,736.0,125.0,103.0,61.0,0.0,158.0,0,160.0,192.0,204.0,123.0,813.0,813.0,915.0,797.0,148.0,142.0,155.0,133.0,166.25,37.294995195959814,805.5,51.3582190760804
MS,2020-09-12,2020,37,36,109.0,745.0,127.0,87.0,57.0,0.0,139.0,0,116.0,160.0,197.0,130.0,736.0,813.0,860.0,784.0,125.0,148.0,152.0,140.0,144.25,39.024564913226975,776.75,42.01884497857286
MS,2020-09-19,2020,38,37,106.0,738.0,134.0,90.0,48.0,0.0,148.0,0,109.0,116.0,192.0,165.0,745.0,736.0,813.0,885.0,127.0,125.0,142.0,161.0,122.75,25.184320518926043,758.0,36.86913795213195
MS,2020-09-26,2020,39,38,103.0,723.0,124.0,88.0,57.0,0.0,134.0,0,106.0,109.0,160.0,231.0,738.0,745.0,813.0,872.0,134.0,127.0,148.0,152.0,108.5,5.567764362829955,735.5,9.183318209304067
MS,2020-10-03,2020,40,39,89.0,728.0,124.0,97.0,45.0,0.0,141.0,0,103.0,106.0,116.0,204.0,723.0,738.0,736.0,915.0,124.0,134.0,125.0,155.0,101.75,8.845903006477023,733.5,9.882644720249184
MS,2020-10-10,2020,41,40,77.0,761.0,129.0,90.0,40.0,0.0,127.0,0,89.0,103.0,109.0,197.0,728.0,723.0,745.0,860.0,124.0,124.0,127.0,152.0,93.75,13.400870618483433,737.5,16.862186493255727
MS,2020-10-17,2020,42,41,79.0,680.0,118.0,88.0,47.0,0.0,120.0,0,77.0,89.0,106.0,192.0,761.0,728.0,738.0,813.0,129.0,124.0,134.0,142.0,87.0,11.888369666751307,723.0,33.25657829663183
MS,2020-10-24,2020,43,42,90.0,727.0,123.0,88.0,54.0,0.0,124.0,0,79.0,77.0,103.0,160.0,680.0,761.0,723.0,813.0,118.0,129.0,124.0,148.0,83.75,6.701989754294312,724.0,33.31666249791541
MS,2020-10-31,2020,44,43,96.0,716.0,122.0,94.0,53.0,0.0,137.0,0,90.0,79.0,89.0,116.0,727.0,680.0,728.0,736.0,123.0,118.0,124.0,125.0,85.5,9.036961141150599,721.0,33.376638536557316
MS,2020-11-07,2020,45,44,111.0,750.0,122.0,100.0,59.0,0.0,152.0,0,96.0,90.0,77.0,109.0,716.0,727.0,761.0,745.0,122.0,123.0,129.0,127.0,94.0,13.341664064126308,718.25,29.170475941723502
MS,2020-11-14,2020,46,45,121.0,785.0,126.0,100.0,53.0,0.0,168.0,0,111.0,96.0,79.0,106.0,750.0,716.0,680.0,738.0,122.0,122.0,118.0,134.0,104.5,14.10673597966586,744.5,30.490435658853247
MS,2020-11-21,2020,47,46,142.0,793.0,125.0,131.0,80.0,0.0,193.0,0,121.0,111.0,90.0,103.0,785.0,750.0,727.0,723.0,126.0,122.0,123.0,124.0,117.5,19.29594085120839,761.0,35.33647784749732
MS,2020-11-28,2020,48,47,162.0,820.0,132.0,146.0,98.0,0.0,210.0,0,142.0,121.0,96.0,89.0,793.0,785.0,716.0,728.0,125.0,126.0,122.0,124.0,134.0,22.70095445864188,787.0,28.855964143772233
MS,2020-12-05,2020,49,48,206.0,850.0,135.0,151.0,110.0,0.0,247.0,1,162.0,142.0,111.0,77.0,820.0,793.0,750.0,761.0,132.0,125.0,122.0,129.0,157.75,36.26177969524753,812.0,29.427877939124347
MS,2020-12-12,2020,50,49,266.0,959.0,146.0,200.0,151.0,0.0,315.0,1,206.0,162.0,121.0,79.0,850.0,820.0,785.0,680.0,135.0,132.0,126.0,118.0,194.0,54.94239407476403,855.5,72.82170006255004
MS,2020-12-19,2020,51,50,238.0,923.0,139.0,166.0,117.0,0.0,288.0,1,266.0,206.0,142.0,90.0,959.0,850.0,793.0,727.0,146.0,135.0,125.0,123.0,218.0,44.661691265184594,888.0,64.11967976630368
MS,2020-12-26,2020,52,51,257.0,995.0,150.0,188.0,147.0,0.0,299.0,1,238.0,266.0,162.0,96.0,923.0,959.0,820.0,716.0,139.0,146.0,132.0,122.0,241.75,26.537709019431183,931.75,61.921321045339475
MS,2021-01-02,2021,53,52,298.0,670.0,161.0,208.0,155.0,0.0,351.0,1,257.0,238.0,206.0,111.0,995.0,923.0,850.0,750.0,150.0,139.0,135.0,122.0,264.75,25.05161338783059,886.75,147.45931642320875
MS,2021-01-09,2021,1,53,343.0,670.0,148.0,238.0,183.0,0.0,398.0,1,298.0,257.0,266.0,121.0,670.0,995.0,959.0,785.0,161.0,150.0,146.0,126.0,284.0,46.62617290749907,814.5,169.42353240719936
MS,2021-01-16,2021,2,54,331.0,670.0,153.0,258.0,206.0,0.0,383.0,1,343.0,298.0,238.0,142.0,670.0,670.0,923.0,793.0,148.0,161.0,139.0,125.0,307.25,38.525965270191485,751.25,162.5
MS,2021-01-23,2021,3,55,307.0,670.0,154.0,239.0,179.0,0.0,369.0,1,331.0,343.0,257.0,162.0,670.0,670.0,995.0,820.0,153.0,148.0,150.0,132.0,319.75,20.838665984174714,670.0,0.0
MS,2021-01-30,2021,4,56,233.0,922.0,141.0,184.0,130.0,0.0,287.0,1,307.0,331.0,298.0,206.0,670.0,670.0,670.0,850.0,154.0,153.0,161.0,135.0,303.5,49.3254498205541,733.0,126.00000000000003
MS,2021-02-06,2021,5,57,227.0,867.0,133.0,174.0,127.0,0.0,274.0,1,233.0,307.0,343.0,266.0,922.0,670.0,670.0,959.0,141.0,154.0,148.0,146.0,274.5,52.367292591209385,782.25,131.54561946336338
MS,2021-02-13,2021,6,58,150.0,793.0,116.0,118.0,77.0,0.0,192.0,0,227.0,233.0,331.0,238.0,867.0,922.0,670.0,923.0,133.0,141.0,153.0,139.0,229.25,64.14761621967465,813.0,109.00458705944446
MS,2021-02-20,2021,7,59,112.0,810.0,123.0,103.0,61.0,0.0,155.0,0,150.0,227.0,307.0,257.0,793.0,867.0,670.0,995.0,116.0,133.0,154.0,150.0,180.5,59.276189711102944,848.0,58.61171668986792
MS,2021-02-27,2021,8,60,115.0,845.0,130.0,107.0,59.0,0.0,163.0,0,112.0,150.0,233.0,298.0,810.0,793.0,922.0,670.0,123.0,116.0,141.0,161.0,151.0,53.522580904387134,828.75,33.45021175817391
MS,2021-03-06,2021,9,61,86.0,719.0,117.0,88.0,44.0,0.0,130.0,0,115.0,112.0,227.0,343.0,845.0,810.0,867.0,670.0,130.0,123.0,133.0,148.0,115.75,26.285293733695784,791.75,53.11230240411985
MS,2021-03-13,2021,10,62,65.0,753.0,120.0,74.0,40.0,0.0,99.0,0,86.0,115.0,150.0,331.0,719.0,845.0,793.0,670.0,117.0,130.0,116.0,153.0,94.5,23.58671942711265,781.75,56.45868696076223
MS,2021-03-20,2021,11,63,59.0,675.0,106.0,73.0,35.0,0.0,97.0,0,65.0,86.0,112.0,307.0,753.0,719.0,810.0,670.0,120.0,117.0,123.0,154.0,81.25,25.303161857759992,748.0,72.12026991999782
MS,2021-03-27,2021,12,64,47.0,671.0,107.0,53.0,20.0,0.0,81.0,0,59.0,65.0,115.0,233.0,675.0,753.0,845.0,922.0,106.0,120.0,130.0,141.0,64.25,16.317168872080725,704.5,38.965796967768306
MS,2021-04-03,2021,13,65,52.0,650.0,111.0,58.0,28.0,0.0,82.0,0,47.0,59.0,86.0,227.0,671.0,675.0,719.0,867.0,107.0,106.0,117.0,133.0,55.75,7.8898669190297595,687.25,45.18388355745156
MS,2021-04-10,2021,14,66,49.0,662.0,106.0,47.0,18.0,0.0,80.0,0,52.0,47.0,65.0,150.0,650.0,671.0,753.0,793.0,111.0,107.0,120.0,116.0,51.75,5.251983752196257,664.5,11.090536506409812
MS,2021-04-17,2021,15,67,31.0,654.0,109.0,52.0,12.0,0.0,71.0,0,49.0,52.0,59.0,112.0,662.0,650.0,675.0,810.0,106.0,111.0,106.0,123.0,44.75,9.394147114027977,659.25,9.287087810503825
MS,2021-04-24,2021,16,68,40.0,668.0,112.0,55.0,18.0,0.0,78.0,0,31.0,49.0,47.0,115.0,654.0,662.0,671.0,845.0,109.0,106.0,107.0,130.0,43.0,9.486832980505147,658.5,8.062257748299093
MS,2021-05-01,2021,17,69,36.0,694.0,117.0,60.0,16.0,0.0,80.0,0,40.0,31.0,52.0,86.0,668.0,654.0,650.0,719.0,112.0,109.0,111.0,117.0,39.0,7.615773105863918,669.5,17.31088289679862
MS,2021-05-08,2021,18,70,26.0,636.0,108.0,49.0,16.0,0.0,59.0,0,36.0,40.0,49.0,65.0,694.0,668.0,662.0,753.0,117.0,112.0,106.0,120.0,33.25,6.075908711186073,663.0,24.467665738003596
MS,2021-05-15,2021,19,71,36.0,631.0,106.0,52.0,22.0,0.0,66.0,0,26.0,36.0,31.0,59.0,636.0,694.0,654.0,675.0,108.0,117.0,109.0,106.0,34.5,5.972157622389651,657.25,29.477392467222657
MS,2021-05-22,2021,20,72,37.0,678.0,116.0,71.0,22.0,0.0,88.0,0,36.0,26.0,40.0,47.0,631.0,636.0,668.0,671.0,106.0,108.0,112.0,107.0,33.75,5.18812747209114,659.75,31.073836797752246
MS,2021-05-29,2021,21,73,48.0,694.0,120.0,61.0,24.0,0.0,85.0,0,37.0,36.0,36.0,52.0,678.0,631.0,694.0,650.0,116.0,106.0,117.0,111.0,36.75,8.995369179009097,659.75,31.073836797752246
MS,2021-06-05,2021,22,74,30.0,628.0,104.0,54.0,14.0,0.0,70.0,0,48.0,37.0,26.0,49.0,694.0,678.0,636.0,662.0,120.0,116.0,108.0,106.0,37.75,7.500000000000009,657.75,33.29038900343473
MS,2021-06-12,2021,23,75,23.0,703.0,118.0,50.0,12.0,0.0,61.0,0,30.0,48.0,36.0,31.0,628.0,694.0,631.0,654.0,104.0,120.0,106.0,109.0,34.5,10.661457061146324,675.75,33.470135942359256
MS,2021-06-19,2021,24,76,25.0,657.0,111.0,54.0,14.0,0.0,65.0,0,23.0,30.0,37.0,40.0,703.0,628.0,678.0,668.0,118.0,104.0,116.0,112.0,31.5,11.38712723502582,670.5,34.6265793863617
MS,2021-06-26,2021,25,77,19.0,658.0,116.0,47.0,25.0,0.0,60.0,0,25.0,23.0,48.0,36.0,657.0,703.0,694.0,694.0,111.0,118.0,120.0,117.0,24.25,4.573474244670762,661.5,30.967725134404184
MS,2021-07-03,2021,26,78,18.0,624.0,108.0,38.0,25.0,0.0,50.0,0,19.0,25.0,30.0,26.0,658.0,657.0,628.0,636.0,116.0,111.0,104.0,108.0,21.25,3.304037933599855,660.5,32.43968762693842
MS,2021-07-10,2021,27,79,22.0,662.0,116.0,60.0,12.0,0.0,70.0,0,18.0,19.0,23.0,36.0,624.0,658.0,703.0,631.0,108.0,116.0,118.0,106.0,21.0,3.1622776601684,650.25,17.63282923034972
MS,2021-07-17,2021,28,80,47.0,710.0,118.0,63.0,19.0,0.0,93.0,0,22.0,18.0,25.0,37.0,662.0,624.0,657.0,678.0,116.0,108.0,111.0,116.0,26.5,13.771952173409069,663.5,35.37890143385851
MS,2021-07-24,2021,29,81,62.0,734.0,131.0,76.0,42.0,0.0,96.0,0,47.0,22.0,19.0,48.0,710.0,662.0,658.0,694.0,118.0,116.0,116.0,120.0,37.25,20.90255167836374,682.5,49.162994213127504
MS,2021-07-31,2021,30,82,92.0,760.0,138.0,93.0,47.0,0.0,139.0,0,62.0,47.0,18.0,30.0,734.0,710.0,624.0,628.0,131.0,118.0,108.0,104.0,55.75,29.261749776799064,716.5,41.67733196834951
MS,2021-08-07,2021,31,83,181.0,852.0,148.0,144.0,103.0,0.0,223.0,0,92.0,62.0,22.0,23.0,760.0,734.0,662.0,703.0,138.0,131.0,116.0,118.0,95.5,59.99166608788257,764.0,62.118166961579576
MS,2021-08-14,2021,32,84,230.0,934.0,158.0,165.0,127.0,0.0,269.0,1,181.0,92.0,47.0,25.0,852.0,760.0,710.0,657.0,148.0,138.0,118.0,111.0,141.25,77.8090611689924,820.0,91.31630011485724
MS,2021-08-21,2021,33,85,329.0,993.0,176.0,228.0,179.0,0.0,378.0,1,230.0,181.0,62.0,19.0,934.0,852.0,734.0,658.0,158.0,148.0,131.0,116.0,208.0,98.84331034521254,884.75,101.28960130898604
MS,2021-08-28,2021,34,86,338.0,670.0,182.0,231.0,178.0,0.0,392.0,1,329.0,230.0,92.0,18.0,993.0,934.0,760.0,624.0,176.0,158.0,138.0,108.0,269.5,76.64854858377947,862.25,140.6043503357323
MS,2021-09-04,2021,35,87,314.0,964.0,175.0,219.0,184.0,0.0,349.0,1,338.0,329.0,181.0,22.0,670.0,993.0,852.0,662.0,182.0,176.0,148.0,116.0,302.75,49.50000000000002,890.25,148.7960012903573
MS,2021-09-11,2021,36,88,308.0,670.0,175.0,216.0,176.0,0.0,349.0,1,314.0,338.0,230.0,47.0,964.0,670.0,934.0,710.0,175.0,182.0,158.0,118.0,322.25,13.720422734012331,824.25,178.5056021529857
MS,2021-09-18,2021,37,89,254.0,953.0,162.0,182.0,138.0,0.0,299.0,1,308.0,314.0,329.0,62.0,670.0,964.0,993.0,734.0,175.0,175.0,176.0,131.0,303.5,35.45419580247171,814.25,166.62607839110902
MS,2021-09-25,2021,38,90,201.0,879.0,160.0,169.0,123.0,0.0,248.0,1,254.0,308.0,338.0,92.0,953.0,670.0,670.0,760.0,162.0,175.0,182.0,138.0,269.25,52.89848769104843,866.5,136.32925829280623
MS,2021-10-02,2021,39,91,149.0,790.0,135.0,132.0,94.0,0.0,189.0,0,201.0,254.0,314.0,181.0,879.0,953.0,964.0,852.0,160.0,162.0,175.0,148.0,228.0,68.42514157822403,823.0,121.83869117265942
MS,2021-10-09,2021,40,92,97.0,670.0,114.0,91.0,59.0,0.0,129.0,0,149.0,201.0,308.0,230.0,790.0,879.0,670.0,934.0,135.0,160.0,175.0,158.0,175.25,67.51975019701028,823.0,121.83869117265942
MS,2021-10-16,2021,41,93,87.0,701.0,119.0,86.0,53.0,0.0,120.0,0,97.0,149.0,254.0,329.0,670.0,790.0,953.0,993.0,114.0,135.0,162.0,176.0,133.5,52.5705874673916,760.0,94.2372891517295
MS,2021-10-23,2021,42,94,86.0,743.0,129.0,94.0,47.0,0.0,133.0,0,87.0,97.0,201.0,338.0,701.0,670.0,879.0,670.0,119.0,114.0,160.0,182.0,104.75,29.915157807818268,726.0,52.10886041100249
MS,2021-10-30,2021,43,95,54.0,688.0,116.0,80.0,34.0,0.0,100.0,0,86.0,87.0,149.0,314.0,743.0,701.0,790.0,964.0,129.0,119.0,135.0,175.0,81.0,18.672618098881323,700.5,31.053716900450762
MS,2021-11-06,2021,44,96,53.0,748.0,127.0,76.0,30.0,0.0,99.0,0,54.0,86.0,97.0,308.0,688.0,743.0,670.0,670.0,116.0,129.0,114.0,175.0,70.0,19.061304607327827,720.0,29.988886830513433
MS,2021-11-13,2021,45,97,42.0,722.0,117.0,60.0,18.0,0.0,84.0,0,53.0,54.0,87.0,254.0,748.0,688.0,701.0,953.0,127.0,116.0,119.0,162.0,58.75,18.962682651284783,725.25,27.26872445372797
MS,2021-11-20,2021,46,98,36.0,696.0,111.0,64.0,17.0,0.0,83.0,0,42.0,53.0,86.0,201.0,722.0,748.0,743.0,879.0,117.0,127.0,129.0,160.0,46.25,8.732124598286697,713.5,27.196813538844502
MS,2021-11-27,2021,47,99,43.0,722.0,114.0,49.0,23.0,0.0,70.0,0,36.0,42.0,54.0,149.0,696.0,722.0,688.0,790.0,111.0,117.0,116.0,135.0,43.5,7.047458170622248,722.0,21.22891110412109
MS,2021-12-04,2021,48,100,32.0,706.0,114.0,63.0,18.0,0.0,78.0,0,43.0,36.0,53.0,97.0,722.0,696.0,748.0,670.0,114.0,111.0,127.0,114.0,38.25,5.188127472091476,711.5,12.79322737493069
MS,2021-12-11,2021,49,101,41.0,710.0,113.0,65.0,20.0,0.0,86.0,0,32.0,43.0,42.0,87.0,706.0,722.0,722.0,701.0,114.0,114.0,117.0,119.0,38.0,4.966554808584145,708.5,10.754843869934886
MS,2021-12-18,2021,50,102,52.0,754.0,115.0,74.0,25.0,0.0,102.0,0,41.0,32.0,36.0,86.0,710.0,706.0,696.0,743.0,113.0,114.0,111.0,129.0,42.0,8.205689083394335,723.0,21.75622516277452
MS,2021-12-25,2021,51,103,57.0,700.0,105.0,77.0,26.0,0.0,109.0,0,52.0,41.0,43.0,54.0,754.0,710.0,722.0,688.0,115.0,113.0,114.0,116.0,45.5,11.210114480533655,717.5,24.677925358506336
MT,2020-02-29,2020,9,8,0.0,236.0,114.0,14.0,0.0,0.0,11.0,0,0.0,0.0,0.0,0.0,217.0,198.0,218.0,231.0,97.0,90.0,105.0,111.0,0.0,0.0,213.25,17.231270024773757
MT,2020-03-07,2020,10,9,0.0,221.0,97.0,12.0,0.0,0.0,18.0,0,0.0,0.0,0.0,0.0,236.0,217.0,202.0,211.0,114.0,97.0,94.0,101.0,0.0,0.0,218.0,15.641824275533422
MT,2020-03-14,2020,11,10,0.0,218.0,106.0,11.0,0.0,0.0,17.0,0,0.0,0.0,0.0,0.0,221.0,236.0,198.0,202.0,97.0,114.0,90.0,99.0,0.0,0.0,223.0,8.831760866327848
MT,2020-03-21,2020,12,11,0.0,229.0,111.0,21.0,0.0,0.0,26.0,0,0.0,0.0,0.0,0.0,218.0,221.0,217.0,197.0,106.0,97.0,97.0,90.0,0.0,0.0,226.0,8.12403840463596
MT,2020-03-28,2020,13,12,13.0,205.0,112.0,22.0,0.0,0.0,27.0,0,0.0,0.0,0.0,0.0,229.0,218.0,236.0,218.0,111.0,106.0,114.0,105.0,3.25,6.5,218.25,9.979144919948466
MT,2020-04-04,2020,14,13,13.0,177.0,87.0,13.0,0.0,0.0,17.0,0,13.0,0.0,0.0,0.0,205.0,229.0,221.0,202.0,112.0,111.0,97.0,94.0,6.5,7.505553499465135,207.25,22.4258035902098
MT,2020-04-11,2020,15,14,0.0,216.0,110.0,12.0,0.0,0.0,12.0,0,13.0,13.0,0.0,0.0,177.0,205.0,218.0,198.0,87.0,112.0,106.0,90.0,6.5,7.505553499465135,206.75,22.126530078919593
MT,2020-04-18,2020,16,15,13.0,191.0,94.0,11.0,0.0,0.0,15.0,0,0.0,13.0,0.0,0.0,216.0,177.0,229.0,217.0,110.0,87.0,111.0,97.0,9.75,6.5,197.25,16.93861466196887
MT,2020-04-25,2020,17,16,13.0,187.0,97.0,14.0,0.0,0.0,17.0,0,13.0,0.0,13.0,0.0,191.0,216.0,205.0,236.0,94.0,110.0,112.0,114.0,9.75,6.5,192.75,16.58061116686194
MT,2020-05-02,2020,18,17,13.0,204.0,110.0,10.0,0.0,0.0,12.0,0,13.0,13.0,13.0,0.0,187.0,191.0,177.0,221.0,97.0,94.0,87.0,97.0,9.75,6.5,199.5,13.1782649338472
MT,2020-05-09,2020,19,18,0.0,177.0,93.0,14.0,0.0,0.0,17.0,0,13.0,13.0,0.0,0.0,204.0,187.0,216.0,218.0,110.0,97.0,110.0,106.0,9.75,6.5,189.75,11.17661248619933
MT,2020-05-16,2020,20,19,0.0,205.0,110.0,10.0,0.0,0.0,10.0,0,0.0,13.0,13.0,0.0,177.0,204.0,191.0,229.0,93.0,110.0,94.0,111.0,6.5,7.505553499465135,193.25,13.622897391279633
MT,2020-05-23,2020,21,20,0.0,181.0,98.0,14.0,0.0,0.0,17.0,0,0.0,0.0,13.0,13.0,205.0,177.0,187.0,205.0,110.0,93.0,97.0,112.0,3.25,6.500000000000001,191.75,14.81834448693016
MT,2020-05-30,2020,22,21,13.0,180.0,103.0,14.0,0.0,0.0,17.0,0,0.0,0.0,13.0,13.0,181.0,205.0,204.0,177.0,98.0,110.0,110.0,87.0,3.25,6.500000000000001,185.75,12.94539815275426
MT,2020-06-06,2020,23,22,13.0,178.0,90.0,14.0,0.0,0.0,14.0,0,13.0,0.0,0.0,0.0,180.0,181.0,177.0,216.0,103.0,98.0,93.0,110.0,6.5,7.505553499465135,186.0,12.727922061357857
MT,2020-06-13,2020,24,23,13.0,223.0,116.0,14.0,0.0,0.0,17.0,0,13.0,13.0,0.0,13.0,178.0,180.0,205.0,191.0,90.0,103.0,110.0,94.0,9.75,6.5,190.5,21.702534414210707
MT,2020-06-20,2020,25,24,13.0,198.0,111.0,14.0,0.0,0.0,17.0,0,13.0,13.0,0.0,13.0,223.0,178.0,181.0,187.0,116.0,90.0,98.0,97.0,13.0,0.0,194.75,20.87063327580966
MT,2020-06-27,2020,26,25,13.0,199.0,110.0,11.0,0.0,0.0,12.0,0,13.0,13.0,13.0,13.0,198.0,223.0,180.0,204.0,111.0,116.0,103.0,110.0,13.0,0.0,199.5,18.411952639521974
MT,2020-07-04,2020,27,26,13.0,175.0,90.0,14.0,0.0,0.0,17.0,0,13.0,13.0,13.0,0.0,199.0,198.0,178.0,177.0,110.0,111.0,90.0,93.0,13.0,0.0,198.75,19.602295783912663
MT,2020-07-11,2020,28,27,13.0,190.0,105.0,14.0,0.0,0.0,15.0,0,13.0,13.0,13.0,0.0,175.0,199.0,223.0,205.0,90.0,110.0,116.0,110.0,13.0,0.0,190.5,11.090536506409421
MT,2020-07-18,2020,29,28,13.0,203.0,107.0,10.0,0.0,0.0,18.0,0,13.0,13.0,13.0,0.0,190.0,175.0,198.0,181.0,105.0,90.0,111.0,98.0,13.0,0.0,191.75,12.419742348374225
MT,2020-07-25,2020,30,29,12.0,224.0,107.0,14.0,0.0,0.0,19.0,0,13.0,13.0,13.0,13.0,203.0,190.0,199.0,180.0,107.0,105.0,110.0,103.0,12.75,0.5,198.0,20.768565991260285
MT,2020-08-01,2020,31,30,16.0,216.0,106.0,14.0,0.0,0.0,20.0,0,12.0,13.0,13.0,13.0,224.0,203.0,175.0,178.0,107.0,107.0,90.0,90.0,13.5,1.7320508075688774,208.25,14.9303940559741
MT,2020-08-08,2020,32,31,15.0,216.0,114.0,18.0,0.0,0.0,27.0,0,16.0,12.0,13.0,13.0,216.0,224.0,190.0,223.0,106.0,107.0,105.0,116.0,14.0,1.8257418583505538,214.75,8.693867570496652
MT,2020-08-15,2020,33,32,13.0,204.0,111.0,10.0,0.0,0.0,13.0,0,15.0,16.0,13.0,13.0,216.0,216.0,203.0,198.0,114.0,106.0,107.0,111.0,14.0,1.8257418583505538,215.0,8.246211251235321
MT,2020-08-22,2020,34,33,12.0,240.0,128.0,14.0,0.0,0.0,14.0,0,13.0,15.0,12.0,13.0,204.0,216.0,224.0,199.0,111.0,114.0,107.0,110.0,14.0,1.8257418583505538,219.0,15.0996688705415
MT,2020-08-29,2020,35,34,12.0,195.0,108.0,10.0,0.0,0.0,18.0,0,12.0,13.0,16.0,13.0,240.0,204.0,216.0,175.0,128.0,111.0,106.0,90.0,13.0,1.4142135623730956,213.75,19.5
MT,2020-09-05,2020,36,35,19.0,233.0,122.0,22.0,13.0,0.0,28.0,0,12.0,12.0,15.0,13.0,195.0,240.0,216.0,190.0,108.0,128.0,114.0,105.0,14.0,3.366501646120693,218.0,21.863211109075447
MT,2020-09-12,2020,37,36,25.0,221.0,119.0,21.0,16.0,0.0,30.0,0,19.0,12.0,13.0,13.0,233.0,195.0,204.0,203.0,122.0,108.0,111.0,107.0,17.0,6.27162924074226,222.25,19.788464653260327
MT,2020-09-19,2020,38,37,15.0,235.0,130.0,13.0,0.0,0.0,22.0,0,25.0,19.0,12.0,12.0,221.0,233.0,240.0,224.0,119.0,122.0,128.0,107.0,17.75,5.619905100029122,221.0,18.40289832245635
MT,2020-09-26,2020,39,38,20.0,236.0,131.0,12.0,0.0,0.0,28.0,0,15.0,25.0,12.0,16.0,235.0,221.0,195.0,216.0,130.0,119.0,108.0,106.0,19.75,4.112987559751022,231.25,6.946221994724909
MT,2020-10-03,2020,40,39,32.0,240.0,113.0,27.0,18.0,0.0,41.0,0,20.0,15.0,19.0,15.0,236.0,235.0,233.0,216.0,131.0,130.0,122.0,114.0,23.0,7.2571803523590805,233.0,8.286535263104042
MT,2020-10-10,2020,41,40,46.0,282.0,143.0,40.0,26.0,0.0,60.0,0,32.0,20.0,25.0,13.0,240.0,236.0,221.0,204.0,113.0,131.0,119.0,111.0,28.25,13.81725973797506,248.25,22.603465810947373
MT,2020-10-17,2020,42,41,51.0,267.0,136.0,29.0,22.0,0.0,58.0,0,46.0,32.0,15.0,12.0,282.0,240.0,235.0,240.0,143.0,113.0,130.0,128.0,37.25,14.032699906527847,256.25,22.005681084665394
MT,2020-10-24,2020,43,42,78.0,295.0,151.0,48.0,37.0,0.0,89.0,1,51.0,46.0,20.0,12.0,267.0,282.0,236.0,195.0,136.0,143.0,131.0,108.0,51.75,19.259196937221102,271.0,23.62202362203544
MT,2020-10-31,2020,44,43,89.0,317.0,172.0,60.0,50.0,0.0,99.0,1,78.0,51.0,32.0,19.0,295.0,267.0,240.0,233.0,151.0,136.0,113.0,122.0,66.0,20.800641015763592,290.25,21.1876536375944
MT,2020-11-07,2020,45,44,79.0,299.0,153.0,44.0,37.0,0.0,86.0,1,89.0,78.0,46.0,25.0,317.0,295.0,282.0,221.0,172.0,151.0,143.0,119.0,74.25,16.276260831857744,294.5,20.680103158994815
MT,2020-11-14,2020,46,45,91.0,323.0,165.0,55.0,42.0,0.0,104.0,1,79.0,89.0,51.0,15.0,299.0,317.0,267.0,235.0,153.0,172.0,136.0,130.0,84.25,6.701989754294361,308.5,13.601470508735456
MT,2020-11-21,2020,47,46,119.0,332.0,169.0,69.0,61.0,0.0,127.0,1,91.0,79.0,78.0,20.0,323.0,299.0,295.0,236.0,165.0,153.0,151.0,131.0,94.5,17.15614564327703,317.75,13.937359864766366
MT,2020-11-28,2020,48,47,94.0,307.0,152.0,54.0,49.0,0.0,99.0,1,119.0,91.0,89.0,32.0,332.0,323.0,317.0,240.0,169.0,165.0,172.0,113.0,95.75,16.80029761641144,315.25,14.97497913187195
MT,2020-12-05,2020,49,48,104.0,270.0,146.0,56.0,51.0,0.0,109.0,1,94.0,119.0,79.0,46.0,307.0,332.0,299.0,282.0,152.0,169.0,153.0,143.0,102.0,12.622730819174327,308.0,27.361773821641517
MT,2020-12-12,2020,50,49,94.0,303.0,157.0,53.0,44.0,0.0,103.0,1,104.0,94.0,91.0,51.0,270.0,307.0,323.0,267.0,146.0,152.0,165.0,136.0,102.75,11.814539065631523,303.0,25.468935326524097
MT,2020-12-19,2020,51,50,75.0,271.0,134.0,46.0,37.0,0.0,84.0,1,94.0,104.0,119.0,78.0,303.0,270.0,332.0,295.0,157.0,146.0,169.0,151.0,91.75,12.120918557051139,287.75,19.989580619245956
MT,2020-12-26,2020,52,51,83.0,308.0,166.0,45.0,41.0,0.0,87.0,1,75.0,94.0,94.0,89.0,271.0,303.0,307.0,317.0,134.0,157.0,152.0,172.0,89.0,12.675435561221029,288.0,20.314198646923458
MT,2021-01-02,2021,53,52,52.0,274.0,147.0,30.0,20.0,0.0,62.0,0,83.0,75.0,104.0,79.0,308.0,271.0,270.0,299.0,166.0,134.0,146.0,153.0,76.0,17.795130420052185,289.0,19.200694431886227
MT,2021-01-09,2021,1,53,52.0,248.0,119.0,28.0,22.0,0.0,58.0,0,52.0,83.0,94.0,91.0,274.0,308.0,303.0,323.0,147.0,166.0,157.0,165.0,65.5,15.92691642053372,275.25,24.73021094397161
MT,2021-01-16,2021,2,54,46.0,253.0,121.0,27.0,22.0,0.0,51.0,0,52.0,52.0,75.0,119.0,248.0,274.0,271.0,332.0,119.0,147.0,134.0,169.0,58.25,16.740669042783207,270.75,27.268724453727817
MT,2021-01-23,2021,3,55,40.0,247.0,121.0,24.0,18.0,0.0,46.0,0,46.0,52.0,83.0,94.0,253.0,248.0,308.0,307.0,121.0,119.0,166.0,152.0,47.5,5.744562646538032,255.5,12.60952021291848
MT,2021-01-30,2021,4,56,28.0,199.0,91.0,22.0,13.0,0.0,37.0,0,40.0,46.0,52.0,104.0,247.0,253.0,274.0,270.0,121.0,121.0,147.0,146.0,41.5,10.2469507659596,236.75,25.30316185775999
MT,2021-02-06,2021,5,57,22.0,216.0,104.0,21.0,12.0,0.0,31.0,0,28.0,40.0,52.0,94.0,199.0,247.0,248.0,303.0,91.0,121.0,119.0,157.0,34.0,10.954451150103324,228.75,25.617376914898994
MT,2021-02-13,2021,6,58,16.0,222.0,104.0,19.0,0.0,0.0,26.0,0,22.0,28.0,46.0,75.0,216.0,199.0,253.0,271.0,104.0,91.0,121.0,134.0,26.5,10.2469507659596,221.0,19.88299105600898
MT,2021-02-20,2021,7,59,24.0,211.0,96.0,15.0,11.0,0.0,28.0,0,16.0,22.0,40.0,83.0,222.0,216.0,247.0,308.0,104.0,104.0,121.0,166.0,22.5,5.0000000000000036,212.0,9.763879010584532
MT,2021-02-27,2021,8,60,14.0,224.0,100.0,17.0,0.0,0.0,24.0,0,24.0,16.0,28.0,52.0,211.0,222.0,199.0,274.0,96.0,104.0,91.0,147.0,19.0,4.760952285695238,218.25,5.909032633745261
MT,2021-03-06,2021,9,61,18.0,190.0,92.0,17.0,0.0,0.0,27.0,0,14.0,24.0,22.0,52.0,224.0,211.0,216.0,248.0,100.0,96.0,104.0,119.0,18.0,4.320493798938578,211.75,15.585784121008043
MT,2021-03-13,2021,10,62,12.0,199.0,88.0,16.0,0.0,0.0,22.0,0,18.0,14.0,16.0,46.0,190.0,224.0,222.0,253.0,92.0,100.0,104.0,121.0,17.0,5.291502622129185,206.0,14.764823060233393
MT,2021-03-20,2021,11,63,16.0,222.0,108.0,14.0,0.0,0.0,22.0,0,12.0,18.0,24.0,40.0,199.0,190.0,211.0,247.0,88.0,92.0,96.0,121.0,15.0,2.5819888974716196,208.75,16.879474715365596
MT,2021-03-27,2021,12,64,13.0,205.0,99.0,14.0,0.0,0.0,19.0,0,16.0,12.0,14.0,28.0,222.0,199.0,224.0,199.0,108.0,88.0,100.0,91.0,14.75,2.7537852736430586,204.0,13.490737563232033
MT,2021-04-03,2021,13,65,13.0,168.0,92.0,11.0,0.0,0.0,16.0,0,13.0,16.0,18.0,22.0,205.0,222.0,190.0,216.0,99.0,108.0,92.0,104.0,13.5,1.7320508075688892,198.5,22.546248764114466
MT,2021-04-10,2021,14,66,13.0,204.0,100.0,14.0,0.0,0.0,17.0,0,13.0,13.0,12.0,16.0,168.0,205.0,199.0,222.0,92.0,99.0,88.0,104.0,13.75,1.5000000000000138,199.75,22.72113553500352
MT,2021-04-17,2021,15,67,10.0,232.0,118.0,15.0,0.0,0.0,20.0,0,13.0,13.0,16.0,24.0,204.0,168.0,222.0,211.0,100.0,92.0,108.0,96.0,12.25,1.5000000000000138,202.25,26.25991876098121
MT,2021-04-24,2021,16,68,13.0,205.0,101.0,11.0,0.0,0.0,15.0,0,10.0,13.0,13.0,14.0,232.0,204.0,205.0,224.0,118.0,100.0,99.0,100.0,12.25,1.5000000000000138,202.25,26.25991876098121
MT,2021-05-01,2021,17,69,13.0,222.0,115.0,13.0,0.0,0.0,17.0,0,13.0,10.0,13.0,18.0,205.0,232.0,168.0,190.0,101.0,118.0,92.0,92.0,12.25,1.5000000000000138,215.75,13.622897391279622
MT,2021-05-08,2021,18,70,13.0,197.0,106.0,14.0,0.0,0.0,17.0,0,13.0,13.0,13.0,12.0,222.0,205.0,204.0,199.0,115.0,101.0,100.0,88.0,12.25,1.5000000000000138,214.0,15.895492023421813
MT,2021-05-15,2021,19,71,10.0,196.0,103.0,19.0,0.0,0.0,21.0,0,13.0,13.0,10.0,16.0,197.0,222.0,232.0,222.0,106.0,115.0,118.0,108.0,12.25,1.5000000000000138,205.0,12.027745701779136
MT,2021-05-22,2021,20,72,13.0,221.0,118.0,14.0,0.0,0.0,17.0,0,10.0,13.0,13.0,13.0,196.0,197.0,205.0,205.0,103.0,106.0,101.0,99.0,12.25,1.5000000000000138,209.0,14.445299120013628
MT,2021-05-29,2021,21,73,13.0,210.0,114.0,14.0,0.0,0.0,15.0,0,13.0,10.0,13.0,13.0,221.0,196.0,222.0,168.0,118.0,103.0,115.0,92.0,12.25,1.5000000000000138,206.0,11.860297916438121
MT,2021-06-05,2021,22,74,13.0,202.0,116.0,17.0,0.0,0.0,18.0,0,13.0,13.0,13.0,13.0,210.0,221.0,197.0,204.0,114.0,118.0,106.0,100.0,12.25,1.5000000000000138,207.25,10.812801055539053
MT,2021-06-12,2021,23,75,15.0,228.0,116.0,19.0,0.0,0.0,27.0,0,13.0,13.0,10.0,10.0,202.0,210.0,196.0,232.0,116.0,114.0,103.0,118.0,13.5,1.0000000000000207,215.25,11.528949070347497
MT,2021-06-19,2021,24,76,13.0,231.0,120.0,17.0,0.0,0.0,21.0,0,15.0,13.0,13.0,13.0,228.0,202.0,221.0,205.0,116.0,116.0,118.0,101.0,13.5,1.0000000000000207,217.75,14.008925726121891
MT,2021-06-26,2021,25,77,13.0,214.0,120.0,14.0,0.0,0.0,16.0,0,13.0,15.0,13.0,13.0,231.0,228.0,210.0,222.0,120.0,116.0,114.0,115.0,13.5,1.0000000000000207,218.75,13.400870618483454
MT,2021-07-03,2021,26,78,11.0,231.0,127.0,12.0,0.0,0.0,19.0,0,13.0,13.0,13.0,13.0,214.0,231.0,202.0,197.0,120.0,120.0,116.0,106.0,13.0,1.6329931618554647,226.0,8.124038404635941
MT,2021-07-10,2021,27,79,10.0,196.0,101.0,13.0,0.0,0.0,18.0,0,11.0,13.0,15.0,10.0,231.0,214.0,228.0,196.0,127.0,120.0,116.0,103.0,11.75,1.500000000000014,218.0,16.713268182295558
MT,2021-07-17,2021,28,80,13.0,218.0,120.0,18.0,0.0,0.0,21.0,0,10.0,11.0,13.0,13.0,196.0,231.0,231.0,221.0,101.0,127.0,120.0,118.0,11.75,1.500000000000014,214.75,14.453949863849203
MT,2021-07-24,2021,29,81,13.0,211.0,111.0,20.0,0.0,0.0,25.0,0,13.0,10.0,13.0,13.0,218.0,196.0,214.0,210.0,120.0,101.0,120.0,114.0,11.75,1.500000000000014,214.0,14.583095236151562
MT,2021-07-31,2021,30,82,17.0,255.0,122.0,19.0,10.0,0.0,26.0,0,13.0,13.0,11.0,13.0,211.0,218.0,231.0,202.0,111.0,120.0,127.0,116.0,13.25,2.872281323269022,220.0,25.073226092121978
MT,2021-08-07,2021,31,83,12.0,238.0,117.0,18.0,0.0,0.0,24.0,0,17.0,13.0,10.0,15.0,255.0,211.0,196.0,228.0,122.0,111.0,101.0,116.0,13.75,2.2173557826083545,230.5,19.94158134819469
MT,2021-08-14,2021,32,84,27.0,248.0,131.0,24.0,13.0,0.0,38.0,0,12.0,17.0,13.0,13.0,238.0,255.0,218.0,231.0,117.0,122.0,120.0,120.0,17.25,6.849574196011509,238.0,19.304576314093673
MT,2021-08-21,2021,33,85,46.0,270.0,147.0,34.0,28.0,0.0,52.0,0,27.0,12.0,13.0,13.0,248.0,238.0,211.0,214.0,131.0,117.0,111.0,120.0,25.5,15.022205785658334,252.75,13.450526631573442
MT,2021-08-28,2021,34,86,49.0,270.0,144.0,47.0,32.0,0.0,64.0,0,46.0,27.0,17.0,11.0,270.0,248.0,255.0,231.0,147.0,131.0,122.0,127.0,33.5,17.33012790874128,256.5,16.114175953695753
MT,2021-09-04,2021,35,87,45.0,274.0,152.0,37.0,28.0,0.0,54.0,0,49.0,46.0,12.0,10.0,270.0,270.0,238.0,196.0,144.0,147.0,117.0,101.0,41.75,9.979144919948471,265.5,11.81806526749054
MT,2021-09-11,2021,36,88,66.0,283.0,148.0,39.0,33.0,0.0,72.0,1,45.0,49.0,27.0,13.0,274.0,270.0,248.0,218.0,152.0,144.0,131.0,120.0,51.5,9.814954576223641,274.25,6.13052471924982
MT,2021-09-18,2021,37,89,67.0,313.0,169.0,44.0,38.0,0.0,74.0,1,66.0,45.0,46.0,13.0,283.0,274.0,270.0,211.0,148.0,152.0,147.0,111.0,56.75,11.383467544352794,285.0,19.44222209522357
MT,2021-09-25,2021,38,90,82.0,311.0,172.0,53.0,43.0,0.0,92.0,1,67.0,66.0,49.0,17.0,313.0,283.0,270.0,255.0,169.0,148.0,144.0,122.0,65.0,15.209646062066447,295.25,19.704060495238018
MT,2021-10-02,2021,39,91,76.0,297.0,164.0,52.0,43.0,0.0,85.0,1,82.0,67.0,45.0,12.0,311.0,313.0,274.0,238.0,172.0,169.0,152.0,117.0,72.75,7.632168761236874,301.0,13.952299690970888
MT,2021-10-09,2021,40,92,113.0,346.0,162.0,77.0,64.0,0.0,126.0,1,76.0,82.0,66.0,27.0,297.0,311.0,283.0,248.0,164.0,172.0,148.0,131.0,84.5,19.974984355438178,316.75,20.758532382292017
MT,2021-10-16,2021,41,93,115.0,352.0,179.0,77.0,70.0,0.0,122.0,1,113.0,76.0,67.0,46.0,346.0,297.0,313.0,270.0,162.0,164.0,169.0,147.0,96.5,20.371548787463365,326.5,26.71454036038551
MT,2021-10-23,2021,42,94,84.0,316.0,161.0,60.0,51.0,0.0,93.0,1,115.0,113.0,82.0,49.0,352.0,346.0,311.0,270.0,179.0,162.0,172.0,144.0,97.0,19.91649232838621,327.75,25.85053190942112
MT,2021-10-30,2021,43,95,95.0,300.0,154.0,68.0,64.0,0.0,99.0,1,84.0,115.0,76.0,45.0,316.0,352.0,297.0,274.0,161.0,179.0,164.0,152.0,101.75,14.863265679744366,328.5,24.677925358506126
MT,2021-11-06,2021,44,96,86.0,308.0,167.0,69.0,54.0,0.0,101.0,1,95.0,84.0,113.0,66.0,300.0,316.0,346.0,283.0,154.0,161.0,162.0,148.0,95.0,14.165686240583854,319.0,22.949219304078003
MT,2021-11-13,2021,45,97,79.0,286.0,147.0,60.0,47.0,0.0,92.0,1,86.0,95.0,115.0,67.0,308.0,300.0,352.0,313.0,167.0,154.0,179.0,169.0,86.0,6.683312551921143,302.5,12.793227374930316
MT,2021-11-20,2021,46,98,67.0,303.0,155.0,52.0,40.0,0.0,79.0,1,79.0,86.0,84.0,82.0,286.0,308.0,316.0,311.0,147.0,167.0,161.0,172.0,81.75,11.814539065631523,299.25,9.429563439877079
MT,2021-11-27,2021,47,99,69.0,266.0,135.0,56.0,45.0,0.0,80.0,1,67.0,79.0,95.0,76.0,303.0,286.0,300.0,297.0,155.0,147.0,154.0,164.0,75.25,8.883505314157622,290.75,18.997806890972086
MT,2021-12-04,2021,48,100,46.0,266.0,131.0,40.0,30.0,0.0,56.0,0,69.0,67.0,86.0,113.0,266.0,303.0,308.0,346.0,135.0,155.0,167.0,162.0,65.25,13.86542462386205,280.25,17.858238061652848
MT,2021-12-11,2021,49,101,45.0,253.0,137.0,32.0,25.0,0.0,53.0,0,46.0,69.0,79.0,115.0,266.0,266.0,286.0,352.0,131.0,135.0,147.0,179.0,56.75,13.022416570411707,272.0,21.55612828563298
MT,2021-12-18,2021,50,102,32.0,285.0,148.0,28.0,16.0,0.0,44.0,0,45.0,46.0,67.0,84.0,253.0,266.0,303.0,316.0,137.0,131.0,155.0,161.0,48.0,15.383974345619103,267.5,13.178264933847187
MT,2021-12-25,2021,51,103,25.0,237.0,117.0,20.0,12.0,0.0,34.0,0,32.0,45.0,69.0,95.0,285.0,253.0,266.0,300.0,148.0,137.0,135.0,154.0,37.0,10.230672835481874,260.25,20.32035104683643
NC,2020-02-29,2020,9,8,0.0,470.0,103.0,115.0,0.0,32.0,147.0,0,64.0,0.0,0.0,0.0,470.0,470.0,470.0,470.0,97.0,103.0,102.0,99.0,16.0,32.0,470.0,0.0
NC,2020-03-07,2020,10,9,64.0,470.0,104.0,110.0,0.0,24.0,135.0,0,0.0,64.0,0.0,0.0,470.0,470.0,470.0,470.0,103.0,97.0,101.0,97.0,32.0,36.95041722813605,470.0,0.0
NC,2020-03-14,2020,11,10,64.0,470.0,106.0,113.0,0.0,16.0,130.0,0,64.0,0.0,0.0,0.0,470.0,470.0,470.0,470.0,104.0,103.0,103.0,97.0,48.0,32.0,470.0,0.0
NC,2020-03-21,2020,12,11,64.0,470.0,109.0,122.0,34.0,26.0,148.0,0,64.0,64.0,64.0,0.0,470.0,470.0,470.0,470.0,106.0,104.0,97.0,102.0,48.0,32.0,470.0,0.0
NC,2020-03-28,2020,13,12,12.0,470.0,100.0,143.0,34.0,15.0,161.0,0,64.0,64.0,0.0,0.0,470.0,470.0,470.0,470.0,109.0,106.0,103.0,102.0,51.0,26.000000000000004,470.0,0.0
NC,2020-04-04,2020,14,13,44.0,470.0,109.0,163.0,16.0,0.0,200.0,0,12.0,64.0,64.0,0.0,470.0,470.0,470.0,470.0,100.0,109.0,104.0,101.0,46.0,24.549270186029297,470.0,0.0
NC,2020-04-11,2020,15,14,61.0,470.0,108.0,157.0,26.0,0.0,195.0,0,44.0,12.0,64.0,0.0,470.0,470.0,470.0,470.0,109.0,100.0,106.0,103.0,45.25,23.851974062258805,470.0,0.0
NC,2020-04-18,2020,16,15,138.0,470.0,114.0,170.0,47.0,0.0,264.0,0,61.0,44.0,64.0,64.0,470.0,470.0,470.0,470.0,108.0,109.0,109.0,97.0,63.75,53.5062301668382,470.0,0.0
NC,2020-04-25,2020,17,16,121.0,470.0,119.0,174.0,42.0,0.0,255.0,0,138.0,61.0,12.0,0.0,470.0,470.0,470.0,470.0,114.0,108.0,100.0,103.0,91.0,45.526549030940906,470.0,0.0
NC,2020-05-02,2020,18,17,120.0,470.0,107.0,136.0,37.0,0.0,222.0,0,121.0,138.0,44.0,64.0,470.0,470.0,470.0,470.0,119.0,114.0,109.0,104.0,110.0,33.69470779415268,470.0,0.0
NC,2020-05-09,2020,19,18,119.0,470.0,117.0,156.0,45.0,0.0,231.0,0,120.0,121.0,61.0,64.0,470.0,470.0,470.0,470.0,107.0,119.0,108.0,106.0,124.5,9.036961141150643,470.0,0.0
NC,2020-05-16,2020,20,19,103.0,470.0,117.0,138.0,40.0,0.0,201.0,0,119.0,120.0,138.0,64.0,470.0,470.0,470.0,470.0,117.0,107.0,114.0,109.0,115.75,8.53912563829967,470.0,0.0
NC,2020-05-23,2020,21,20,109.0,470.0,115.0,146.0,35.0,0.0,220.0,0,103.0,119.0,121.0,12.0,470.0,470.0,470.0,470.0,117.0,117.0,119.0,100.0,112.75,8.18026079453869,470.0,0.0
NC,2020-05-30,2020,22,21,161.0,470.0,115.0,147.0,59.0,0.0,250.0,0,109.0,103.0,120.0,44.0,470.0,470.0,470.0,470.0,115.0,117.0,107.0,109.0,123.0,26.178871888095816,470.0,0.0
NC,2020-06-06,2020,23,22,128.0,470.0,111.0,141.0,45.0,0.0,224.0,0,161.0,109.0,119.0,61.0,470.0,470.0,470.0,470.0,115.0,115.0,117.0,108.0,125.25,26.10715099993359,470.0,0.0
NC,2020-06-13,2020,24,23,112.0,470.0,107.0,140.0,46.0,0.0,206.0,0,128.0,161.0,103.0,138.0,470.0,470.0,470.0,470.0,111.0,115.0,117.0,114.0,127.5,23.839742727918303,470.0,0.0
NC,2020-06-20,2020,25,24,102.0,470.0,111.0,134.0,37.0,0.0,200.0,0,112.0,128.0,109.0,121.0,470.0,470.0,470.0,470.0,107.0,111.0,115.0,119.0,125.75,25.82472975011872,470.0,0.0
NC,2020-06-27,2020,26,25,104.0,470.0,112.0,114.0,44.0,0.0,174.0,0,102.0,112.0,161.0,120.0,470.0,470.0,470.0,470.0,111.0,107.0,115.0,107.0,111.5,11.818065267490564,470.0,0.0
NC,2020-07-04,2020,27,26,104.0,470.0,113.0,127.0,44.0,0.0,187.0,0,104.0,102.0,128.0,119.0,470.0,470.0,470.0,470.0,112.0,111.0,111.0,117.0,105.5,4.434711565216707,470.0,0.0
NC,2020-07-11,2020,28,27,130.0,470.0,118.0,136.0,48.0,0.0,218.0,0,104.0,104.0,112.0,103.0,470.0,470.0,470.0,470.0,113.0,112.0,107.0,117.0,110.0,13.366625103842289,470.0,0.0
NC,2020-07-18,2020,29,28,154.0,470.0,119.0,145.0,60.0,0.0,239.0,0,130.0,104.0,102.0,109.0,470.0,470.0,470.0,470.0,118.0,113.0,111.0,115.0,123.0,24.02776172125347,470.0,0.0
NC,2020-07-25,2020,30,29,187.0,470.0,127.0,156.0,72.0,0.0,271.0,0,154.0,130.0,104.0,161.0,470.0,470.0,470.0,470.0,119.0,118.0,112.0,115.0,143.75,35.33058165385903,470.0,0.0
NC,2020-08-01,2020,31,30,214.0,470.0,123.0,182.0,90.0,0.0,306.0,0,187.0,154.0,104.0,128.0,470.0,470.0,470.0,470.0,127.0,119.0,113.0,111.0,171.25,36.854443422740765,470.0,0.0
NC,2020-08-08,2020,32,31,193.0,470.0,120.0,182.0,82.0,0.0,293.0,0,214.0,187.0,130.0,112.0,470.0,470.0,470.0,470.0,123.0,127.0,118.0,107.0,187.0,24.859605789312106,470.0,0.0
NC,2020-08-15,2020,33,32,213.0,470.0,126.0,221.0,107.0,0.0,327.0,0,193.0,214.0,154.0,102.0,470.0,470.0,470.0,470.0,120.0,123.0,119.0,111.0,201.75,13.793114224133722,470.0,0.0
NC,2020-08-22,2020,34,33,215.0,470.0,125.0,184.0,98.0,0.0,302.0,0,213.0,193.0,187.0,104.0,470.0,470.0,470.0,470.0,126.0,120.0,127.0,112.0,208.75,10.531698185319723,470.0,0.0
NC,2020-08-29,2020,35,34,192.0,470.0,119.0,178.0,91.0,0.0,279.0,0,215.0,213.0,214.0,104.0,470.0,470.0,470.0,470.0,125.0,126.0,123.0,113.0,203.25,12.446552400832397,470.0,0.0
NC,2020-09-05,2020,36,35,212.0,470.0,127.0,213.0,107.0,0.0,318.0,0,192.0,215.0,193.0,130.0,470.0,470.0,470.0,470.0,119.0,125.0,120.0,118.0,208.0,10.73933579572468,470.0,0.0
NC,2020-09-12,2020,37,36,204.0,470.0,126.0,177.0,96.0,0.0,285.0,0,212.0,192.0,213.0,154.0,470.0,470.0,470.0,470.0,127.0,119.0,126.0,119.0,205.75,10.27537509453224,470.0,0.0
NC,2020-09-19,2020,38,37,229.0,470.0,128.0,213.0,108.0,0.0,334.0,0,204.0,212.0,215.0,187.0,470.0,470.0,470.0,470.0,126.0,127.0,125.0,127.0,209.25,15.521490478258421,470.0,0.0
NC,2020-09-26,2020,39,38,203.0,470.0,118.0,196.0,102.0,0.0,297.0,0,229.0,204.0,192.0,214.0,470.0,470.0,470.0,470.0,128.0,126.0,119.0,123.0,212.0,12.02774570177915,470.0,0.0
NC,2020-10-03,2020,40,39,192.0,470.0,115.0,200.0,111.0,0.0,281.0,0,203.0,229.0,212.0,193.0,470.0,470.0,470.0,470.0,118.0,128.0,127.0,120.0,207.0,15.641824275533427,470.0,0.0
NC,2020-10-10,2020,41,40,209.0,470.0,120.0,228.0,116.0,0.0,321.0,0,192.0,203.0,204.0,213.0,470.0,470.0,470.0,470.0,115.0,118.0,126.0,126.0,208.25,15.521490478258421,470.0,0.0
NC,2020-10-17,2020,42,41,216.0,470.0,121.0,203.0,106.0,0.0,313.0,0,209.0,192.0,229.0,215.0,470.0,470.0,470.0,470.0,120.0,115.0,128.0,125.0,205.0,10.16530045465128,470.0,0.0
NC,2020-10-24,2020,43,42,218.0,470.0,119.0,185.0,106.0,0.0,297.0,0,216.0,209.0,203.0,192.0,470.0,470.0,470.0,470.0,121.0,120.0,118.0,119.0,208.75,11.81453906563153,470.0,0.0
NC,2020-10-31,2020,44,43,273.0,470.0,119.0,247.0,146.0,0.0,374.0,0,218.0,216.0,192.0,212.0,470.0,470.0,470.0,470.0,119.0,121.0,115.0,127.0,229.0,29.58603274069258,470.0,0.0
NC,2020-11-07,2020,45,44,292.0,470.0,132.0,235.0,130.0,0.0,397.0,0,273.0,218.0,209.0,204.0,470.0,470.0,470.0,470.0,119.0,119.0,120.0,126.0,249.75,38.61239006674758,470.0,0.0
NC,2020-11-14,2020,46,45,287.0,470.0,121.0,248.0,153.0,0.0,383.0,0,292.0,273.0,216.0,229.0,470.0,470.0,470.0,470.0,132.0,119.0,121.0,128.0,267.5,33.965668941839894,470.0,0.0
NC,2020-11-21,2020,47,46,283.0,470.0,120.0,222.0,134.0,0.0,373.0,0,287.0,292.0,218.0,203.0,470.0,470.0,470.0,470.0,121.0,132.0,119.0,118.0,283.75,8.0570879768479,470.0,0.0
NC,2020-11-28,2020,48,47,329.0,470.0,128.0,247.0,155.0,0.0,423.0,0,283.0,287.0,273.0,192.0,470.0,470.0,470.0,470.0,120.0,121.0,119.0,115.0,297.75,21.15616537403066,470.0,0.0
NC,2020-12-05,2020,49,48,368.0,470.0,122.0,300.0,191.0,0.0,478.0,0,329.0,283.0,292.0,209.0,470.0,470.0,470.0,470.0,128.0,120.0,132.0,120.0,316.75,40.00312487793923,470.0,0.0
NC,2020-12-12,2020,50,49,487.0,470.0,127.0,372.0,252.0,0.0,607.0,1,368.0,329.0,287.0,216.0,470.0,470.0,470.0,470.0,122.0,128.0,121.0,121.0,366.75,87.37038018306508,470.0,0.0
NC,2020-12-19,2020,51,50,593.0,470.0,133.0,415.0,311.0,0.0,698.0,1,487.0,368.0,283.0,218.0,470.0,470.0,470.0,470.0,127.0,122.0,120.0,119.0,444.25,119.79252898240357,470.0,0.0
NC,2020-12-26,2020,52,51,624.0,470.0,138.0,428.0,325.0,0.0,729.0,1,593.0,487.0,329.0,273.0,470.0,470.0,470.0,470.0,133.0,127.0,128.0,119.0,518.0,115.93388920702463,470.0,0.0
NC,2021-01-02,2021,53,52,758.0,470.0,147.0,533.0,409.0,0.0,882.0,1,624.0,593.0,368.0,292.0,470.0,470.0,470.0,470.0,138.0,133.0,122.0,132.0,615.5,111.649749962401,470.0,0.0
NC,2021-01-09,2021,1,53,812.0,470.0,146.0,546.0,430.0,0.0,928.0,1,758.0,624.0,487.0,287.0,470.0,470.0,470.0,470.0,147.0,138.0,127.0,121.0,696.75,105.0249970245179,470.0,0.0
NC,2021-01-16,2021,2,54,904.0,470.0,147.0,576.0,473.0,0.0,183.0,1,812.0,758.0,593.0,283.0,470.0,470.0,470.0,470.0,146.0,147.0,133.0,120.0,774.5,117.0455751691052,470.0,0.0
NC,2021-01-23,2021,3,55,882.0,470.0,150.0,595.0,495.0,0.0,982.0,1,904.0,812.0,624.0,329.0,470.0,470.0,470.0,470.0,147.0,146.0,138.0,128.0,839.0,66.74328930062302,470.0,0.0
NC,2021-01-30,2021,4,56,766.0,470.0,149.0,530.0,443.0,0.0,854.0,1,882.0,904.0,758.0,368.0,470.0,470.0,470.0,470.0,150.0,147.0,147.0,122.0,841.0,63.55050484981736,470.0,0.0
NC,2021-02-06,2021,5,57,602.0,470.0,136.0,415.0,317.0,0.0,700.0,1,766.0,882.0,812.0,487.0,470.0,470.0,470.0,470.0,149.0,150.0,146.0,127.0,788.5,138.28834609852942,470.0,0.0
NC,2021-02-13,2021,6,58,511.0,470.0,124.0,374.0,278.0,0.0,608.0,1,602.0,766.0,904.0,593.0,470.0,470.0,470.0,470.0,136.0,149.0,147.0,133.0,690.25,165.75559316857652,470.0,0.0
NC,2021-02-20,2021,7,59,367.0,470.0,122.0,313.0,204.0,0.0,476.0,0,511.0,602.0,882.0,624.0,470.0,470.0,470.0,470.0,124.0,136.0,150.0,138.0,561.5,167.17356250316615,470.0,0.0
NC,2021-02-27,2021,8,60,286.0,470.0,113.0,249.0,156.0,0.0,379.0,0,367.0,511.0,766.0,758.0,470.0,470.0,470.0,470.0,122.0,124.0,149.0,147.0,441.5,141.7991537351334,470.0,0.0
NC,2021-03-06,2021,9,61,193.0,470.0,112.0,205.0,114.0,0.0,284.0,0,286.0,367.0,602.0,812.0,470.0,470.0,470.0,470.0,113.0,122.0,136.0,146.0,339.25,134.7748121868474,470.0,0.0
NC,2021-03-13,2021,10,62,156.0,470.0,105.0,167.0,76.0,0.0,247.0,0,193.0,286.0,511.0,904.0,470.0,470.0,470.0,470.0,112.0,113.0,124.0,147.0,250.5,94.98947310097047,470.0,0.0
NC,2021-03-20,2021,11,63,139.0,470.0,106.0,159.0,72.0,0.0,226.0,0,156.0,193.0,367.0,882.0,470.0,470.0,470.0,470.0,105.0,112.0,122.0,150.0,193.5,65.6582058847178,470.0,0.0
NC,2021-03-27,2021,12,64,129.0,470.0,108.0,164.0,74.0,0.0,220.0,0,139.0,156.0,286.0,766.0,470.0,470.0,470.0,470.0,106.0,105.0,113.0,149.0,154.25,28.135090782389973,470.0,0.0
NC,2021-04-03,2021,13,65,119.0,470.0,103.0,160.0,69.0,0.0,211.0,0,129.0,139.0,193.0,602.0,470.0,470.0,470.0,470.0,108.0,106.0,112.0,136.0,135.75,15.777093099384901,470.0,0.0
NC,2021-04-10,2021,14,66,109.0,470.0,114.0,148.0,69.0,0.0,188.0,0,119.0,129.0,156.0,511.0,470.0,470.0,470.0,470.0,103.0,108.0,105.0,124.0,124.0,12.909944487357746,470.0,0.0
NC,2021-04-17,2021,15,67,109.0,470.0,107.0,159.0,65.0,0.0,203.0,0,109.0,119.0,139.0,367.0,470.0,470.0,470.0,470.0,114.0,103.0,106.0,122.0,116.5,9.574271077562964,470.0,0.0
NC,2021-04-24,2021,16,68,124.0,470.0,115.0,148.0,68.0,0.0,205.0,0,109.0,109.0,129.0,286.0,470.0,470.0,470.0,470.0,107.0,114.0,108.0,113.0,115.25,7.499999999999466,470.0,0.0
NC,2021-05-01,2021,17,69,121.0,470.0,117.0,143.0,65.0,0.0,199.0,0,124.0,109.0,119.0,193.0,470.0,470.0,470.0,470.0,115.0,107.0,103.0,112.0,115.75,7.8898669190292425,470.0,0.0
NC,2021-05-08,2021,18,70,140.0,470.0,115.0,166.0,78.0,0.0,229.0,0,121.0,124.0,109.0,156.0,470.0,470.0,470.0,470.0,117.0,115.0,114.0,105.0,123.5,12.767145334803391,470.0,0.0
NC,2021-05-15,2021,19,71,118.0,470.0,114.0,165.0,71.0,0.0,212.0,0,140.0,121.0,109.0,139.0,470.0,470.0,470.0,470.0,115.0,117.0,107.0,106.0,125.75,9.810708435173883,470.0,0.0
NC,2021-05-22,2021,20,72,121.0,470.0,113.0,147.0,63.0,0.0,206.0,0,118.0,140.0,124.0,129.0,470.0,470.0,470.0,470.0,114.0,115.0,115.0,108.0,125.0,10.099504938361681,470.0,0.0
NC,2021-05-29,2021,21,73,107.0,470.0,117.0,152.0,64.0,0.0,195.0,0,121.0,118.0,121.0,119.0,470.0,470.0,470.0,470.0,113.0,114.0,117.0,103.0,121.5,13.723459233492308,470.0,0.0
NC,2021-06-05,2021,22,74,76.0,470.0,117.0,128.0,39.0,0.0,165.0,0,107.0,121.0,140.0,109.0,470.0,470.0,470.0,470.0,117.0,113.0,115.0,114.0,105.5,20.566963801202935,470.0,0.0
NC,2021-06-12,2021,23,75,69.0,470.0,110.0,118.0,41.0,0.0,146.0,0,76.0,107.0,118.0,109.0,470.0,470.0,470.0,470.0,117.0,117.0,114.0,107.0,93.25,24.797513316190766,470.0,0.0
NC,2021-06-19,2021,24,76,52.0,470.0,111.0,136.0,28.0,0.0,160.0,0,69.0,76.0,121.0,124.0,470.0,470.0,470.0,470.0,110.0,117.0,113.0,115.0,76.0,22.9927524813072,470.0,0.0
NC,2021-06-26,2021,25,77,63.0,470.0,108.0,124.0,34.0,0.0,153.0,0,52.0,69.0,107.0,121.0,470.0,470.0,470.0,470.0,111.0,110.0,117.0,117.0,65.0,10.16530045465087,470.0,0.0
NC,2021-07-03,2021,26,78,42.0,470.0,111.0,117.0,23.0,0.0,136.0,0,63.0,52.0,76.0,140.0,470.0,470.0,470.0,470.0,108.0,111.0,117.0,115.0,56.5,11.958260743101059,470.0,0.0
NC,2021-07-10,2021,27,79,41.0,470.0,110.0,102.0,22.0,0.0,121.0,0,42.0,63.0,69.0,118.0,470.0,470.0,470.0,470.0,111.0,108.0,110.0,114.0,49.5,10.279429296739123,470.0,0.0
NC,2021-07-17,2021,28,80,55.0,470.0,119.0,117.0,26.0,0.0,146.0,0,41.0,42.0,52.0,121.0,470.0,470.0,470.0,470.0,110.0,111.0,111.0,113.0,50.25,10.626225419529673,470.0,0.0
NC,2021-07-24,2021,29,81,79.0,470.0,118.0,140.0,46.0,0.0,173.0,0,55.0,41.0,63.0,107.0,470.0,470.0,470.0,470.0,119.0,110.0,108.0,117.0,54.25,17.689450716928963,470.0,0.0
NC,2021-07-31,2021,30,82,125.0,470.0,119.0,153.0,65.0,0.0,213.0,0,79.0,55.0,42.0,76.0,470.0,470.0,470.0,470.0,118.0,119.0,111.0,117.0,75.0,36.84200501239482,470.0,0.0
NC,2021-08-07,2021,31,83,175.0,470.0,130.0,206.0,99.0,0.0,282.0,0,125.0,79.0,41.0,69.0,470.0,470.0,470.0,470.0,119.0,118.0,110.0,110.0,108.5,52.99999999999993,470.0,0.0
NC,2021-08-14,2021,32,84,268.0,470.0,128.0,265.0,162.0,0.0,372.0,0,175.0,125.0,55.0,52.0,470.0,470.0,470.0,470.0,130.0,119.0,119.0,111.0,161.75,80.95832261108177,470.0,0.0
NC,2021-08-21,2021,33,85,424.0,470.0,140.0,362.0,266.0,0.0,520.0,0,268.0,175.0,79.0,63.0,470.0,470.0,470.0,470.0,128.0,130.0,118.0,108.0,248.0,131.44580632336655,470.0,0.0
NC,2021-08-28,2021,34,86,518.0,470.0,150.0,453.0,357.0,0.0,614.0,1,424.0,268.0,125.0,42.0,470.0,470.0,470.0,470.0,140.0,128.0,119.0,111.0,346.25,153.83188876172582,470.0,0.0
NC,2021-09-04,2021,35,87,637.0,470.0,153.0,517.0,411.0,0.0,745.0,1,518.0,424.0,175.0,41.0,470.0,470.0,470.0,470.0,150.0,140.0,130.0,110.0,461.75,155.82121164976223,470.0,0.0
NC,2021-09-11,2021,36,88,620.0,470.0,153.0,515.0,418.0,0.0,717.0,1,637.0,518.0,268.0,55.0,470.0,470.0,470.0,470.0,153.0,150.0,128.0,119.0,549.75,98.9423232663016,470.0,0.0
NC,2021-09-18,2021,37,89,660.0,470.0,161.0,559.0,449.0,0.0,770.0,1,620.0,637.0,424.0,79.0,470.0,470.0,470.0,470.0,153.0,153.0,140.0,118.0,608.75,62.68107103956235,470.0,0.0
NC,2021-09-25,2021,38,90,603.0,470.0,145.0,498.0,382.0,0.0,719.0,1,660.0,620.0,518.0,125.0,470.0,470.0,470.0,470.0,161.0,153.0,150.0,119.0,630.0,24.34474618201352,470.0,0.0
NC,2021-10-02,2021,39,91,527.0,470.0,144.0,475.0,361.0,0.0,642.0,1,603.0,660.0,637.0,175.0,470.0,470.0,470.0,470.0,145.0,161.0,153.0,130.0,602.5,55.71654452075548,470.0,0.0
NC,2021-10-09,2021,40,92,464.0,470.0,138.0,439.0,316.0,0.0,587.0,1,527.0,603.0,620.0,268.0,470.0,470.0,470.0,470.0,144.0,145.0,153.0,128.0,563.5,85.83899657692491,470.0,0.0
NC,2021-10-16,2021,41,93,371.0,470.0,135.0,352.0,247.0,0.0,477.0,0,464.0,527.0,660.0,424.0,470.0,470.0,470.0,470.0,138.0,144.0,161.0,140.0,491.25,98.2662200351677,470.0,0.0
NC,2021-10-23,2021,42,94,351.0,470.0,132.0,325.0,224.0,0.0,452.0,0,371.0,464.0,603.0,518.0,470.0,470.0,470.0,470.0,135.0,138.0,145.0,150.0,428.25,82.2085761949445,470.0,0.0
NC,2021-10-30,2021,43,95,259.0,470.0,126.0,283.0,170.0,0.0,372.0,0,351.0,371.0,527.0,637.0,470.0,470.0,470.0,470.0,132.0,135.0,144.0,153.0,361.25,84.08874280583971,470.0,0.0
NC,2021-11-06,2021,44,96,207.0,470.0,122.0,239.0,135.0,0.0,311.0,0,259.0,351.0,464.0,620.0,470.0,470.0,470.0,470.0,126.0,132.0,138.0,153.0,297.0,77.32183822612251,470.0,0.0
NC,2021-11-13,2021,45,97,147.0,470.0,125.0,192.0,87.0,0.0,252.0,0,207.0,259.0,371.0,660.0,470.0,470.0,470.0,470.0,122.0,126.0,135.0,161.0,241.0,86.4407311398972,470.0,0.0
NC,2021-11-20,2021,46,98,143.0,470.0,114.0,221.0,89.0,0.0,275.0,0,147.0,207.0,351.0,603.0,470.0,470.0,470.0,470.0,125.0,122.0,132.0,145.0,189.0,55.0878086936362,470.0,0.0
NC,2021-11-27,2021,47,99,154.0,470.0,124.0,234.0,97.0,0.0,292.0,0,143.0,147.0,259.0,527.0,470.0,470.0,470.0,470.0,114.0,125.0,126.0,144.0,162.75,29.84822719470387,470.0,0.0
NC,2021-12-04,2021,48,100,157.0,470.0,130.0,217.0,87.0,0.0,288.0,0,154.0,143.0,207.0,464.0,470.0,470.0,470.0,470.0,124.0,114.0,122.0,138.0,150.25,6.396613687464618,470.0,0.0
NC,2021-12-11,2021,49,101,204.0,470.0,123.0,248.0,124.0,0.0,328.0,0,157.0,154.0,147.0,371.0,470.0,470.0,470.0,470.0,130.0,124.0,125.0,135.0,164.5,27.01234285778743,470.0,0.0
NC,2021-12-18,2021,50,102,227.0,470.0,118.0,237.0,143.0,0.0,324.0,0,204.0,157.0,143.0,351.0,470.0,470.0,470.0,470.0,123.0,130.0,114.0,132.0,185.5,35.91192930861081,470.0,0.0
NC,2021-12-25,2021,51,103,256.0,470.0,125.0,302.0,162.0,0.0,397.0,0,227.0,204.0,154.0,259.0,470.0,470.0,470.0,470.0,118.0,123.0,124.0,126.0,211.0,41.81706190858774,470.0,0.0
ND,2020-02-29,2020,9,8,0.0,152.0,109.0,13.0,0.0,0.0,15.0,0,0.0,0.0,0.0,0.0,176.0,148.0,130.0,149.0,118.0,101.0,97.0,108.0,0.0,0.0,153.5,16.114175953695764
ND,2020-03-07,2020,10,9,0.0,171.0,125.0,18.0,0.0,0.0,22.0,0,0.0,0.0,0.0,0.0,152.0,176.0,138.0,151.0,109.0,118.0,102.0,103.0,0.0,0.0,161.75,13.81725973797507
ND,2020-03-14,2020,11,10,0.0,148.0,114.0,15.0,0.0,0.0,18.0,0,0.0,0.0,0.0,0.0,171.0,152.0,148.0,171.0,125.0,109.0,101.0,112.0,0.0,0.0,161.75,13.81725973797507
ND,2020-03-21,2020,12,11,0.0,150.0,108.0,23.0,0.0,0.0,25.0,0,0.0,0.0,0.0,0.0,148.0,171.0,176.0,147.0,114.0,125.0,118.0,100.0,0.0,0.0,155.25,10.626225419530064
ND,2020-03-28,2020,13,12,10.0,119.0,85.0,13.0,0.0,0.0,17.0,0,0.0,0.0,0.0,0.0,150.0,148.0,152.0,130.0,108.0,114.0,109.0,97.0,2.5,5.0,147.0,21.369760566432817
ND,2020-04-04,2020,14,13,10.0,140.0,87.0,12.0,0.0,0.0,17.0,0,10.0,0.0,0.0,0.0,119.0,150.0,171.0,138.0,85.0,108.0,125.0,102.0,5.0,5.773502691896258,139.25,14.174507634012087
ND,2020-04-11,2020,15,14,10.0,158.0,114.0,13.0,0.0,0.0,16.0,0,10.0,10.0,0.0,0.0,140.0,119.0,148.0,148.0,87.0,85.0,114.0,101.0,7.5,5.0,141.75,16.859715300087373
ND,2020-04-18,2020,16,15,10.0,157.0,110.0,17.0,0.0,0.0,21.0,0,10.0,10.0,0.0,0.0,158.0,140.0,150.0,176.0,114.0,87.0,108.0,118.0,10.0,0.0,143.5,18.303005217723136
ND,2020-04-25,2020,17,16,11.0,158.0,121.0,18.0,0.0,0.0,26.0,0,10.0,10.0,10.0,0.0,157.0,158.0,119.0,152.0,110.0,114.0,85.0,109.0,10.25,0.5,153.25,8.845903006477087
ND,2020-05-02,2020,18,17,10.0,148.0,106.0,14.0,0.0,0.0,19.0,0,11.0,10.0,10.0,0.0,158.0,157.0,140.0,171.0,121.0,110.0,87.0,125.0,10.25,0.5,155.25,4.856267428111194
ND,2020-05-09,2020,19,18,11.0,141.0,103.0,13.0,0.0,0.0,17.0,0,10.0,11.0,10.0,0.0,148.0,158.0,158.0,148.0,106.0,121.0,114.0,114.0,10.5,0.5773502691896256,151.0,8.041558721209904
ND,2020-05-16,2020,20,19,14.0,153.0,114.0,14.0,0.0,0.0,23.0,0,11.0,10.0,10.0,0.0,141.0,148.0,157.0,150.0,103.0,106.0,110.0,108.0,11.5,1.7320508075688774,150.0,7.257180352359109
ND,2020-05-23,2020,21,20,10.0,140.0,106.0,13.0,0.0,0.0,15.0,0,14.0,11.0,11.0,10.0,153.0,141.0,158.0,119.0,114.0,103.0,121.0,85.0,11.25,1.8929694486000912,145.5,6.137317546507361
ND,2020-05-30,2020,22,21,14.0,143.0,102.0,11.0,0.0,0.0,21.0,0,10.0,14.0,10.0,10.0,140.0,153.0,148.0,140.0,106.0,114.0,106.0,87.0,12.25,2.0615528128088303,144.25,5.965176722724464
ND,2020-06-06,2020,23,22,10.0,161.0,123.0,14.0,0.0,0.0,17.0,0,14.0,10.0,11.0,10.0,143.0,140.0,141.0,158.0,102.0,106.0,103.0,114.0,12.0,2.309401076758503,149.25,9.604686356149294
ND,2020-06-13,2020,24,23,10.0,143.0,108.0,13.0,0.0,0.0,16.0,0,10.0,14.0,14.0,10.0,161.0,143.0,153.0,157.0,123.0,102.0,114.0,110.0,11.0,2.0,146.75,9.604686356149294
ND,2020-06-20,2020,25,24,10.0,142.0,112.0,13.0,0.0,0.0,16.0,0,10.0,10.0,10.0,11.0,143.0,161.0,140.0,158.0,108.0,123.0,106.0,121.0,11.0,2.0,147.25,9.178779875342931
ND,2020-06-27,2020,26,25,10.0,131.0,98.0,10.0,0.0,0.0,12.0,0,10.0,10.0,14.0,10.0,142.0,143.0,143.0,148.0,112.0,108.0,102.0,106.0,10.0,0.0,144.25,12.419742348374236
ND,2020-07-04,2020,27,26,10.0,117.0,96.0,13.0,0.0,0.0,12.0,0,10.0,10.0,10.0,11.0,131.0,142.0,161.0,141.0,98.0,112.0,123.0,103.0,10.0,0.0,133.25,12.12091855705115
ND,2020-07-11,2020,28,27,10.0,135.0,103.0,12.0,0.0,0.0,14.0,0,10.0,10.0,10.0,14.0,117.0,131.0,143.0,153.0,96.0,98.0,108.0,114.0,10.0,0.0,131.25,10.531698185319733
ND,2020-07-18,2020,29,28,10.0,134.0,111.0,11.0,0.0,0.0,16.0,0,10.0,10.0,10.0,10.0,135.0,117.0,142.0,140.0,103.0,96.0,112.0,106.0,10.0,0.0,129.25,8.341662504161484
ND,2020-07-25,2020,30,29,10.0,132.0,106.0,11.0,0.0,0.0,19.0,0,10.0,10.0,10.0,14.0,134.0,135.0,131.0,143.0,111.0,103.0,98.0,102.0,10.0,0.0,129.5,8.426149773176377
ND,2020-08-01,2020,31,30,10.0,139.0,109.0,14.0,0.0,0.0,17.0,0,10.0,10.0,10.0,10.0,132.0,134.0,117.0,161.0,106.0,111.0,96.0,123.0,10.0,0.0,135.0,2.943920288776009
ND,2020-08-08,2020,32,31,10.0,154.0,124.0,15.0,0.0,0.0,17.0,0,10.0,10.0,10.0,10.0,139.0,132.0,135.0,143.0,109.0,106.0,103.0,108.0,10.0,0.0,139.75,9.94568583189048
ND,2020-08-15,2020,33,32,14.0,136.0,95.0,15.0,0.0,0.0,20.0,0,10.0,10.0,10.0,10.0,154.0,139.0,134.0,142.0,124.0,109.0,111.0,112.0,11.0,2.0,140.25,9.604686356149292
ND,2020-08-22,2020,34,33,10.0,132.0,100.0,11.0,0.0,0.0,16.0,0,14.0,10.0,10.0,10.0,136.0,154.0,132.0,131.0,95.0,124.0,106.0,98.0,11.0,2.0,140.25,9.604686356149292
ND,2020-08-29,2020,35,34,10.0,141.0,124.0,12.0,0.0,0.0,13.0,0,10.0,14.0,10.0,10.0,132.0,136.0,139.0,117.0,100.0,95.0,109.0,96.0,11.0,2.0,140.75,9.56991814663708
ND,2020-09-05,2020,36,35,14.0,163.0,134.0,20.0,0.0,0.0,27.0,0,10.0,10.0,10.0,10.0,141.0,132.0,154.0,135.0,124.0,100.0,124.0,103.0,12.0,2.309401076758503,143.0,13.832329280830965
ND,2020-09-12,2020,37,36,12.0,143.0,101.0,12.0,0.0,0.0,20.0,0,14.0,10.0,14.0,10.0,163.0,141.0,136.0,134.0,134.0,124.0,95.0,111.0,11.5,1.9148542155126762,144.75,13.073510112692269
ND,2020-09-19,2020,38,37,17.0,165.0,125.0,15.0,0.0,0.0,28.0,0,12.0,14.0,10.0,10.0,143.0,163.0,132.0,132.0,101.0,134.0,100.0,106.0,13.25,2.9860788111948193,153.0,12.75408431313934
ND,2020-09-26,2020,39,38,46.0,178.0,123.0,34.0,21.0,0.0,59.0,0,17.0,12.0,10.0,10.0,165.0,143.0,141.0,139.0,125.0,101.0,124.0,109.0,22.25,15.96610994158147,162.25,14.453949863849225
ND,2020-10-03,2020,40,39,59.0,197.0,139.0,42.0,27.0,0.0,74.0,1,46.0,17.0,14.0,10.0,178.0,165.0,163.0,154.0,123.0,125.0,134.0,124.0,33.5,22.6642155537461,170.75,22.69177530883529
ND,2020-10-10,2020,41,40,70.0,239.0,193.0,46.0,38.0,0.0,78.0,1,59.0,46.0,12.0,14.0,197.0,178.0,143.0,136.0,139.0,123.0,101.0,95.0,48.0,22.87647991569799,194.75,32.294220329134234
ND,2020-10-17,2020,42,41,59.0,223.0,146.0,46.0,37.0,0.0,68.0,1,70.0,59.0,17.0,10.0,239.0,197.0,165.0,132.0,193.0,139.0,125.0,100.0,58.5,9.81495457622364,209.25,27.084743553028776
ND,2020-10-24,2020,43,42,67.0,195.0,134.0,46.0,35.0,0.0,78.0,1,59.0,70.0,46.0,10.0,223.0,239.0,178.0,141.0,146.0,193.0,123.0,124.0,63.75,5.6199051000291265,213.5,21.25245083906012
ND,2020-10-31,2020,44,43,89.0,246.0,165.0,62.0,52.0,0.0,99.0,1,67.0,59.0,59.0,14.0,195.0,223.0,197.0,163.0,134.0,146.0,139.0,134.0,71.25,12.711543310445567,225.75,22.64766360282374
ND,2020-11-07,2020,45,44,117.0,269.0,188.0,76.0,64.0,0.0,129.0,1,89.0,67.0,70.0,12.0,246.0,195.0,239.0,143.0,165.0,134.0,193.0,101.0,83.0,25.974346318370877,233.25,31.668859573193775
ND,2020-11-14,2020,46,45,130.0,255.0,182.0,64.0,56.0,0.0,139.0,1,117.0,89.0,59.0,17.0,269.0,246.0,223.0,165.0,188.0,165.0,146.0,125.0,100.75,28.2651139510646,241.25,32.252906845740284
ND,2020-11-21,2020,47,46,139.0,273.0,185.0,80.0,74.0,0.0,146.0,1,130.0,117.0,67.0,46.0,255.0,269.0,195.0,178.0,182.0,188.0,134.0,123.0,118.75,21.792582836062977,260.75,12.500000000000009
ND,2020-11-28,2020,48,47,126.0,248.0,172.0,62.0,57.0,0.0,131.0,1,139.0,130.0,89.0,59.0,273.0,255.0,246.0,197.0,185.0,182.0,165.0,139.0,128.0,9.128709291752774,261.25,11.729592206608615
ND,2020-12-05,2020,49,48,140.0,283.0,200.0,80.0,68.0,0.0,152.0,1,126.0,139.0,117.0,70.0,248.0,273.0,269.0,239.0,172.0,185.0,188.0,193.0,133.75,6.849574196011516,264.75,16.090887690449733
ND,2020-12-12,2020,50,49,94.0,231.0,169.0,68.0,55.0,0.0,107.0,1,140.0,126.0,130.0,59.0,283.0,248.0,255.0,223.0,200.0,172.0,182.0,146.0,124.75,21.46896985573986,258.75,23.641418457162565
ND,2020-12-19,2020,51,50,73.0,200.0,136.0,50.0,44.0,0.0,79.0,1,94.0,140.0,139.0,67.0,231.0,283.0,273.0,195.0,169.0,200.0,185.0,134.0,108.25,30.37954355593031,240.5,34.60732099811638
ND,2020-12-26,2020,52,51,62.0,200.0,141.0,43.0,31.0,0.0,74.0,1,73.0,94.0,126.0,89.0,200.0,231.0,248.0,246.0,136.0,169.0,172.0,165.0,92.25,34.49033681095813,228.5,39.16205646626166
ND,2021-01-02,2021,53,52,32.0,163.0,115.0,30.0,21.0,0.0,42.0,0,62.0,73.0,140.0,117.0,200.0,200.0,283.0,269.0,141.0,136.0,200.0,188.0,65.25,25.837634050611776,198.5,27.814864131731202
ND,2021-01-09,2021,1,53,29.0,157.0,114.0,24.0,19.0,0.0,34.0,0,32.0,62.0,94.0,130.0,163.0,200.0,231.0,255.0,115.0,141.0,169.0,182.0,49.0,21.863211109075444,180.0,23.223551264467144
ND,2021-01-16,2021,2,54,27.0,153.0,105.0,26.0,15.0,0.0,38.0,0,29.0,32.0,73.0,139.0,157.0,163.0,200.0,273.0,114.0,115.0,136.0,185.0,37.5,16.462077633154323,168.25,21.56192632087094
ND,2021-01-23,2021,3,55,17.0,140.0,92.0,13.0,0.0,0.0,24.0,0,27.0,29.0,62.0,126.0,153.0,157.0,200.0,248.0,105.0,114.0,141.0,172.0,26.25,6.499999999999991,153.25,9.742518497116997
ND,2021-01-30,2021,4,56,15.0,147.0,100.0,12.0,0.0,0.0,20.0,0,17.0,27.0,32.0,140.0,140.0,153.0,163.0,283.0,92.0,105.0,115.0,200.0,22.0,7.023769168568483,149.25,7.41057802513858
ND,2021-02-06,2021,5,57,15.0,157.0,117.0,20.0,0.0,0.0,27.0,0,15.0,17.0,29.0,94.0,147.0,140.0,157.0,231.0,100.0,92.0,114.0,169.0,18.5,5.744562646538018,149.25,7.41057802513858
ND,2021-02-13,2021,6,58,10.0,119.0,88.0,10.0,0.0,0.0,11.0,0,15.0,15.0,27.0,73.0,157.0,147.0,153.0,200.0,117.0,100.0,105.0,136.0,14.25,2.9860788111947976,140.75,16.090887690449733
ND,2021-02-20,2021,7,59,10.0,131.0,90.0,12.0,0.0,0.0,14.0,0,10.0,15.0,17.0,62.0,119.0,157.0,140.0,200.0,88.0,117.0,92.0,141.0,12.5,2.8867513459481065,138.5,16.842406795546378
ND,2021-02-27,2021,8,60,10.0,162.0,109.0,14.0,0.0,0.0,19.0,0,10.0,10.0,15.0,32.0,131.0,119.0,147.0,163.0,90.0,88.0,100.0,115.0,11.25,2.499999999999974,142.25,20.61350689879495
ND,2021-03-06,2021,9,61,13.0,154.0,110.0,14.0,0.0,0.0,21.0,0,10.0,10.0,15.0,29.0,162.0,131.0,157.0,157.0,109.0,90.0,117.0,114.0,10.75,1.4999999999999567,141.5,19.941581348194703
ND,2021-03-13,2021,10,62,10.0,135.0,99.0,17.0,0.0,0.0,22.0,0,13.0,10.0,10.0,27.0,154.0,162.0,119.0,153.0,110.0,109.0,88.0,105.0,10.75,1.4999999999999567,145.5,14.888474289418204
ND,2021-03-20,2021,11,63,0.0,142.0,110.0,13.0,0.0,0.0,16.0,0,10.0,13.0,10.0,17.0,135.0,154.0,131.0,140.0,99.0,110.0,90.0,92.0,8.25,5.678908345800262,148.25,12.065791865158852
ND,2021-03-27,2021,12,64,10.0,144.0,104.0,14.0,0.0,0.0,16.0,0,0.0,10.0,10.0,15.0,142.0,135.0,162.0,147.0,110.0,99.0,109.0,100.0,8.25,5.678908345800262,143.75,7.847504911329045
ND,2021-04-03,2021,13,65,10.0,140.0,100.0,13.0,0.0,0.0,16.0,0,10.0,0.0,13.0,15.0,144.0,142.0,154.0,157.0,104.0,110.0,110.0,117.0,7.5,4.999999999999987,140.25,3.8622100754188464
ND,2021-04-10,2021,14,66,10.0,135.0,84.0,13.0,0.0,0.0,11.0,0,10.0,10.0,10.0,10.0,140.0,144.0,135.0,119.0,100.0,104.0,99.0,88.0,7.5,4.999999999999987,140.25,3.8622100754188464
ND,2021-04-17,2021,15,67,13.0,145.0,105.0,16.0,10.0,0.0,19.0,0,10.0,10.0,0.0,10.0,135.0,140.0,142.0,131.0,84.0,100.0,110.0,90.0,10.75,1.4999999999999558,141.0,4.546060565661973
ND,2021-04-24,2021,16,68,10.0,126.0,88.0,11.0,0.0,0.0,15.0,0,13.0,10.0,10.0,10.0,145.0,135.0,144.0,162.0,105.0,84.0,104.0,109.0,10.75,1.4999999999999558,136.5,8.103497187428824
ND,2021-05-01,2021,17,69,13.0,144.0,110.0,18.0,0.0,0.0,25.0,0,10.0,13.0,10.0,13.0,126.0,145.0,140.0,154.0,88.0,105.0,100.0,110.0,11.5,1.732050807568839,137.5,8.888194417315598
ND,2021-05-08,2021,18,70,10.0,145.0,104.0,17.0,0.0,0.0,18.0,0,13.0,10.0,10.0,10.0,144.0,126.0,135.0,135.0,110.0,88.0,84.0,99.0,11.5,1.732050807568839,140.0,9.345230512584132
ND,2021-05-15,2021,19,71,10.0,138.0,101.0,15.0,0.0,0.0,20.0,0,10.0,13.0,13.0,0.0,145.0,144.0,145.0,142.0,104.0,110.0,105.0,110.0,10.75,1.4999999999999558,138.25,8.7321245982865
ND,2021-05-22,2021,20,72,10.0,156.0,117.0,10.0,0.0,0.0,11.0,0,10.0,10.0,10.0,10.0,138.0,145.0,126.0,144.0,101.0,104.0,88.0,104.0,10.75,1.4999999999999558,145.75,7.500000000000006
ND,2021-05-29,2021,21,73,10.0,123.0,93.0,14.0,0.0,0.0,17.0,0,10.0,10.0,13.0,10.0,156.0,138.0,144.0,140.0,117.0,101.0,110.0,100.0,10.0,0.0,140.5,13.820274961085259
ND,2021-06-05,2021,22,74,10.0,148.0,105.0,14.0,0.0,0.0,14.0,0,10.0,10.0,10.0,10.0,123.0,156.0,145.0,135.0,93.0,117.0,104.0,84.0,10.0,0.0,141.25,14.221462653327897
ND,2021-06-12,2021,23,75,10.0,139.0,106.0,15.0,0.0,0.0,19.0,0,10.0,10.0,10.0,13.0,148.0,123.0,138.0,145.0,105.0,93.0,101.0,105.0,10.0,0.0,141.5,14.15391583037477
ND,2021-06-19,2021,24,76,10.0,127.0,96.0,10.0,0.0,0.0,10.0,0,10.0,10.0,10.0,10.0,139.0,148.0,156.0,126.0,106.0,105.0,117.0,88.0,10.0,0.0,134.25,11.41271221051333
ND,2021-06-26,2021,25,77,10.0,149.0,117.0,14.0,0.0,0.0,15.0,0,10.0,10.0,10.0,13.0,127.0,139.0,123.0,144.0,96.0,106.0,93.0,110.0,10.0,0.0,140.75,10.210288928331073
ND,2021-07-03,2021,26,78,10.0,147.0,110.0,12.0,0.0,0.0,14.0,0,10.0,10.0,10.0,10.0,149.0,127.0,148.0,145.0,117.0,96.0,105.0,104.0,10.0,0.0,140.5,9.983319421247963
ND,2021-07-10,2021,27,79,10.0,141.0,115.0,11.0,0.0,0.0,13.0,0,10.0,10.0,10.0,10.0,147.0,149.0,139.0,138.0,110.0,117.0,106.0,101.0,10.0,0.0,141.0,9.933109617167563
ND,2021-07-17,2021,28,80,10.0,126.0,96.0,13.0,0.0,0.0,16.0,0,10.0,10.0,10.0,10.0,141.0,147.0,127.0,156.0,115.0,110.0,96.0,117.0,10.0,0.0,140.75,10.40432602334241
ND,2021-07-24,2021,29,81,10.0,138.0,114.0,11.0,0.0,0.0,12.0,0,10.0,10.0,10.0,10.0,126.0,141.0,149.0,123.0,96.0,115.0,117.0,93.0,10.0,0.0,138.0,8.831760866327851
ND,2021-07-31,2021,30,82,10.0,128.0,103.0,13.0,0.0,0.0,16.0,0,10.0,10.0,10.0,10.0,138.0,126.0,147.0,148.0,114.0,96.0,110.0,105.0,10.0,0.0,133.25,7.365459931328123
ND,2021-08-07,2021,31,83,10.0,128.0,101.0,15.0,0.0,0.0,16.0,0,10.0,10.0,10.0,10.0,128.0,138.0,141.0,139.0,103.0,114.0,115.0,106.0,10.0,0.0,130.0,5.416025603090644
ND,2021-08-14,2021,32,84,10.0,141.0,114.0,16.0,0.0,0.0,17.0,0,10.0,10.0,10.0,10.0,128.0,128.0,126.0,127.0,101.0,103.0,96.0,96.0,10.0,0.0,133.75,6.751543033509699
ND,2021-08-21,2021,33,85,10.0,142.0,99.0,15.0,0.0,0.0,20.0,0,10.0,10.0,10.0,10.0,141.0,128.0,138.0,149.0,114.0,101.0,114.0,117.0,10.0,0.0,134.75,7.804912982645397
ND,2021-08-28,2021,34,86,10.0,139.0,105.0,21.0,0.0,0.0,25.0,0,10.0,10.0,10.0,10.0,142.0,141.0,128.0,147.0,99.0,114.0,103.0,110.0,10.0,0.0,137.5,6.454972243679028
ND,2021-09-04,2021,35,87,10.0,136.0,120.0,18.0,0.0,0.0,20.0,0,10.0,10.0,10.0,10.0,139.0,142.0,128.0,141.0,105.0,99.0,101.0,115.0,10.0,0.0,139.5,2.6457513110645943
ND,2021-09-11,2021,36,88,20.0,158.0,130.0,17.0,10.0,0.0,27.0,0,10.0,10.0,10.0,10.0,136.0,139.0,141.0,126.0,120.0,105.0,114.0,96.0,12.5,4.999999999999987,143.75,9.810708435174293
ND,2021-09-18,2021,37,89,20.0,174.0,123.0,25.0,0.0,0.0,36.0,0,20.0,10.0,10.0,10.0,158.0,136.0,142.0,138.0,130.0,120.0,99.0,114.0,15.0,5.773502691896246,151.75,17.74589154330282
ND,2021-09-25,2021,38,90,24.0,167.0,126.0,24.0,13.0,0.0,36.0,0,20.0,20.0,10.0,10.0,174.0,158.0,139.0,128.0,123.0,130.0,105.0,103.0,18.5,5.972157622389628,158.75,16.520189667999173
ND,2021-10-02,2021,39,91,35.0,182.0,126.0,32.0,22.0,0.0,45.0,0,24.0,20.0,10.0,10.0,167.0,174.0,136.0,128.0,126.0,123.0,120.0,101.0,24.75,7.088723439378903,170.25,10.21028892833106
ND,2021-10-09,2021,40,92,42.0,178.0,125.0,32.0,21.0,0.0,53.0,0,35.0,24.0,20.0,10.0,182.0,167.0,158.0,141.0,126.0,126.0,130.0,114.0,30.25,10.078855755160562,175.25,6.396613687465144
ND,2021-10-16,2021,41,93,55.0,207.0,167.0,53.0,31.0,0.0,77.0,0,42.0,35.0,20.0,10.0,178.0,182.0,174.0,142.0,125.0,126.0,123.0,99.0,39.0,12.987173159185433,183.5,16.90167644544962
ND,2021-10-23,2021,42,94,60.0,207.0,136.0,50.0,42.0,0.0,68.0,1,55.0,42.0,24.0,10.0,207.0,178.0,167.0,139.0,167.0,125.0,126.0,105.0,48.0,11.518101695447324,193.5,15.673757260678325
ND,2021-10-30,2021,43,95,41.0,195.0,134.0,37.0,26.0,0.0,52.0,0,60.0,55.0,35.0,10.0,207.0,207.0,182.0,136.0,136.0,167.0,126.0,120.0,49.5,9.469248474227856,196.75,13.720422734012237
ND,2021-11-06,2021,44,96,35.0,188.0,126.0,29.0,14.0,0.0,50.0,0,41.0,60.0,42.0,20.0,195.0,207.0,178.0,158.0,134.0,136.0,125.0,130.0,47.75,11.701139545645397,199.25,9.394147114027959
ND,2021-11-13,2021,45,97,48.0,183.0,128.0,35.0,27.0,0.0,56.0,0,35.0,41.0,55.0,20.0,188.0,195.0,207.0,174.0,126.0,134.0,167.0,123.0,46.0,10.739335795724669,193.25,10.404326023342394
ND,2021-11-20,2021,46,98,37.0,170.0,121.0,41.0,29.0,0.0,49.0,0,48.0,35.0,60.0,24.0,183.0,188.0,207.0,167.0,128.0,126.0,136.0,126.0,40.25,5.737304826019493,184.0,10.551461194229592
ND,2021-11-27,2021,47,99,43.0,181.0,123.0,32.0,25.0,0.0,50.0,0,37.0,48.0,41.0,35.0,170.0,183.0,195.0,182.0,121.0,128.0,134.0,126.0,40.75,5.90903263374527,180.5,7.593857166596325
ND,2021-12-04,2021,48,100,59.0,210.0,146.0,52.0,40.0,0.0,72.0,1,43.0,37.0,35.0,42.0,181.0,170.0,188.0,178.0,123.0,121.0,126.0,125.0,46.75,9.322910847297992,186.0,16.990193249832867
ND,2021-12-11,2021,49,101,42.0,211.0,149.0,35.0,19.0,0.0,58.0,0,59.0,43.0,48.0,55.0,210.0,181.0,183.0,207.0,146.0,123.0,128.0,167.0,45.25,9.53502316025853,193.0,20.70426687102604
ND,2021-12-18,2021,50,102,33.0,194.0,142.0,29.0,18.0,0.0,44.0,0,42.0,59.0,37.0,60.0,211.0,210.0,170.0,207.0,149.0,146.0,121.0,136.0,44.25,10.812801055539058,199.0,14.306175822583281
ND,2021-12-25,2021,51,103,25.0,178.0,121.0,28.0,17.0,0.0,37.0,0,33.0,42.0,43.0,41.0,194.0,211.0,181.0,195.0,142.0,149.0,123.0,134.0,39.75,14.591664287073854,198.25,15.585784121008041
NE,2020-02-29,2020,9,8,0.0,341.0,99.0,22.0,0.0,0.0,24.0,0,0.0,0.0,0.0,0.0,318.0,327.0,373.0,346.0,88.0,95.0,107.0,88.0,0.0,0.0,332.75,12.499999999999995
NE,2020-03-07,2020,10,9,0.0,355.0,102.0,30.0,0.0,0.0,32.0,0,0.0,0.0,0.0,0.0,341.0,318.0,345.0,362.0,99.0,88.0,94.0,91.0,0.0,0.0,335.25,16.214705259938167
NE,2020-03-14,2020,11,10,0.0,343.0,97.0,24.0,0.0,0.0,25.0,0,0.0,0.0,0.0,0.0,355.0,341.0,327.0,333.0,102.0,99.0,95.0,89.0,0.0,0.0,339.25,15.456929406148767
NE,2020-03-21,2020,12,11,0.0,350.0,111.0,31.0,0.0,0.0,33.0,0,0.0,0.0,0.0,0.0,343.0,355.0,318.0,358.0,97.0,102.0,88.0,98.0,0.0,0.0,347.25,6.448514040717698
NE,2020-03-28,2020,13,12,18.5,331.0,94.0,22.0,0.0,0.0,26.0,0,0.0,0.0,0.0,0.0,350.0,343.0,341.0,373.0,111.0,97.0,99.0,107.0,4.625,9.25,344.75,10.404326023342403
NE,2020-04-04,2020,14,13,18.5,310.0,91.0,30.0,0.0,0.0,35.0,0,18.5,0.0,0.0,0.0,331.0,350.0,355.0,345.0,94.0,111.0,102.0,94.0,9.25,10.680979980008077,333.5,17.521415467935224
NE,2020-04-11,2020,15,14,11.0,343.0,106.0,22.0,0.0,0.0,31.0,0,18.5,18.5,0.0,0.0,310.0,331.0,343.0,327.0,91.0,94.0,97.0,95.0,12.0,8.74642784226795,333.5,17.521415467935224
NE,2020-04-18,2020,16,15,16.0,353.0,110.0,34.0,0.0,0.0,47.0,0,11.0,18.5,0.0,0.0,343.0,310.0,350.0,318.0,106.0,91.0,111.0,88.0,16.0,3.5355339059327378,334.25,18.499999999999993
NE,2020-04-25,2020,17,16,30.0,353.0,113.0,31.0,0.0,0.0,54.0,0,16.0,11.0,18.5,0.0,353.0,343.0,331.0,341.0,110.0,106.0,94.0,99.0,18.875,8.045443845224865,339.75,20.38586111336318
NE,2020-05-02,2020,18,17,20.0,344.0,108.0,28.0,0.0,0.0,41.0,0,30.0,16.0,18.5,0.0,353.0,353.0,310.0,355.0,113.0,110.0,91.0,102.0,19.25,8.05708797684788,348.25,5.4999999999999645
NE,2020-05-09,2020,19,18,21.0,338.0,107.0,26.0,0.0,0.0,39.0,0,20.0,30.0,11.0,0.0,344.0,353.0,343.0,343.0,108.0,113.0,106.0,97.0,21.75,5.909032633745278,347.0,7.348469228349508
NE,2020-05-16,2020,20,19,30.0,352.0,111.0,25.0,12.0,0.0,43.0,0,21.0,20.0,16.0,0.0,338.0,344.0,353.0,350.0,107.0,108.0,110.0,111.0,25.25,5.5,346.75,7.088723439378885
NE,2020-05-23,2020,21,20,32.0,347.0,115.0,32.0,12.0,0.0,52.0,0,30.0,21.0,30.0,18.5,352.0,338.0,353.0,331.0,111.0,107.0,113.0,94.0,25.75,6.1305247192498395,345.25,5.852349955359782
NE,2020-05-30,2020,22,21,22.0,375.0,119.0,26.0,0.0,0.0,40.0,0,32.0,30.0,20.0,18.5,347.0,352.0,344.0,310.0,115.0,111.0,108.0,91.0,26.25,5.560275772537425,353.0,15.769168230019812
NE,2020-06-06,2020,23,22,19.0,319.0,102.0,20.0,10.0,0.0,29.0,0,22.0,32.0,21.0,11.0,375.0,347.0,338.0,343.0,119.0,115.0,107.0,106.0,25.75,6.238322424070967,348.25,22.998188334446393
NE,2020-06-13,2020,24,23,27.0,319.0,104.0,22.0,0.0,0.0,40.0,0,19.0,22.0,30.0,16.0,319.0,375.0,352.0,353.0,102.0,119.0,111.0,110.0,25.0,5.715476066494081,340.0,26.807959017177456
NE,2020-06-20,2020,25,24,24.0,371.0,115.0,23.0,17.0,0.0,30.0,0,27.0,19.0,32.0,30.0,319.0,319.0,347.0,353.0,104.0,102.0,115.0,113.0,23.0,3.366501646120691,346.0,31.21965193058158
NE,2020-06-27,2020,26,25,19.0,320.0,101.0,22.0,0.0,0.0,33.0,0,24.0,27.0,22.0,20.0,371.0,319.0,375.0,344.0,115.0,104.0,119.0,108.0,22.25,3.9475730941090026,332.25,25.837634050611765
NE,2020-07-04,2020,27,26,12.0,308.0,96.0,24.0,0.0,0.0,31.0,0,19.0,24.0,19.0,21.0,320.0,371.0,319.0,338.0,101.0,115.0,102.0,107.0,20.5,6.557438524302,329.5,28.195744359743358
NE,2020-07-11,2020,28,27,10.0,317.0,101.0,21.0,0.0,0.0,24.0,0,12.0,19.0,27.0,30.0,308.0,320.0,319.0,352.0,96.0,101.0,104.0,111.0,16.25,6.448514040717701,329.0,28.460498941515404
NE,2020-07-18,2020,29,28,18.5,325.0,110.0,21.0,0.0,0.0,25.0,0,10.0,12.0,24.0,32.0,317.0,308.0,371.0,347.0,101.0,96.0,115.0,115.0,14.875,4.552929459882577,317.5,7.141428428542808
NE,2020-07-25,2020,30,29,14.0,361.0,121.0,22.0,0.0,0.0,33.0,0,18.5,10.0,19.0,22.0,325.0,317.0,320.0,375.0,110.0,101.0,101.0,119.0,13.625,3.6371921404658636,327.75,23.228933107943906
NE,2020-08-01,2020,31,30,13.0,358.0,117.0,24.0,0.0,0.0,34.0,0,14.0,18.5,12.0,19.0,361.0,325.0,308.0,319.0,121.0,110.0,96.0,102.0,13.875,3.520771695712933,340.25,22.499999999999986
NE,2020-08-08,2020,32,31,24.0,381.0,129.0,30.0,10.0,0.0,44.0,0,13.0,14.0,10.0,27.0,358.0,361.0,317.0,319.0,117.0,121.0,101.0,104.0,17.375,5.022864388639878,356.25,23.20021551624035
NE,2020-08-15,2020,33,32,23.0,354.0,116.0,30.0,0.0,0.0,44.0,0,24.0,13.0,18.5,24.0,381.0,358.0,325.0,371.0,129.0,117.0,110.0,115.0,18.5,5.802298395176402,363.5,12.013880860626701
NE,2020-08-22,2020,34,33,27.0,363.0,117.0,24.0,0.0,0.0,44.0,0,23.0,24.0,14.0,19.0,354.0,381.0,361.0,320.0,116.0,129.0,121.0,101.0,21.75,6.07590871118606,364.0,11.916375287812954
NE,2020-08-29,2020,35,34,13.0,323.0,107.0,19.0,0.0,0.0,29.0,0,27.0,23.0,13.0,12.0,363.0,354.0,358.0,308.0,117.0,116.0,117.0,96.0,21.75,6.07590871118606,355.25,24.25386567126979
NE,2020-09-05,2020,36,35,35.0,350.0,113.0,24.0,17.0,0.0,42.0,0,13.0,27.0,24.0,10.0,323.0,363.0,381.0,317.0,107.0,117.0,129.0,101.0,24.5,9.146948489341494,347.5,17.214335111567124
NE,2020-09-12,2020,37,36,25.0,339.0,108.0,26.0,12.0,0.0,39.0,0,35.0,13.0,23.0,18.5,350.0,323.0,354.0,325.0,113.0,107.0,116.0,110.0,25.0,9.092121131323903,343.75,16.95828214570487
NE,2020-09-19,2020,38,37,24.0,328.0,103.0,20.0,0.0,0.0,35.0,0,25.0,35.0,27.0,14.0,339.0,350.0,363.0,361.0,108.0,113.0,117.0,121.0,24.25,8.995369179009089,335.0,12.027745701779107
NE,2020-09-26,2020,39,38,26.0,378.0,123.0,35.0,18.0,0.0,43.0,0,24.0,25.0,13.0,13.0,328.0,339.0,323.0,358.0,103.0,108.0,107.0,117.0,27.5,5.066228051190219,348.75,21.46896985573984
NE,2020-10-03,2020,40,39,41.0,373.0,115.0,31.0,18.0,0.0,54.0,0,26.0,24.0,35.0,24.0,378.0,328.0,350.0,381.0,123.0,103.0,113.0,129.0,29.0,8.041558721209878,354.5,24.74536993728994
NE,2020-10-10,2020,41,40,52.0,406.0,120.0,38.0,15.0,0.0,75.0,0,41.0,26.0,25.0,23.0,373.0,378.0,339.0,354.0,115.0,123.0,108.0,116.0,35.75,13.225606476327151,371.25,32.28389691471584
NE,2020-10-17,2020,42,41,51.0,401.0,121.0,40.0,26.0,0.0,65.0,0,52.0,41.0,24.0,27.0,406.0,373.0,328.0,363.0,120.0,115.0,103.0,117.0,42.5,12.06924466015445,389.5,16.421530582338093
NE,2020-10-24,2020,43,42,75.0,425.0,127.0,45.0,27.0,0.0,93.0,0,51.0,52.0,26.0,13.0,401.0,406.0,378.0,323.0,121.0,120.0,123.0,107.0,54.75,14.38459824488215,401.25,21.484490529992378
NE,2020-10-31,2020,44,43,80.0,442.0,141.0,39.0,21.0,0.0,98.0,0,75.0,51.0,41.0,35.0,425.0,401.0,373.0,350.0,127.0,121.0,115.0,113.0,64.5,15.154757228892406,418.5,18.770544300401408
NE,2020-11-07,2020,45,44,133.0,498.0,150.0,79.0,55.0,0.0,157.0,1,80.0,75.0,52.0,25.0,442.0,425.0,406.0,339.0,141.0,127.0,120.0,108.0,84.75,34.567566687093645,441.5,41.25126260693926
NE,2020-11-14,2020,46,45,181.0,551.0,171.0,108.0,85.0,0.0,204.0,1,133.0,80.0,51.0,24.0,498.0,442.0,401.0,328.0,150.0,141.0,121.0,103.0,117.25,49.94914080008451,479.0,57.24217559340896
NE,2020-11-21,2020,47,46,200.0,574.0,174.0,104.0,82.0,0.0,222.0,1,181.0,133.0,75.0,26.0,551.0,498.0,425.0,378.0,171.0,150.0,127.0,123.0,148.5,53.66873702010634,516.25,58.846551867264616
NE,2020-11-28,2020,48,47,230.0,565.0,188.0,124.0,98.0,0.0,257.0,1,200.0,181.0,80.0,41.0,574.0,551.0,442.0,373.0,174.0,171.0,141.0,115.0,186.0,40.685787854401106,547.0,34.009802508492534
NE,2020-12-05,2020,49,48,201.0,514.0,155.0,95.0,77.0,0.0,219.0,1,230.0,200.0,133.0,52.0,565.0,574.0,498.0,406.0,188.0,174.0,150.0,120.0,203.0,20.215505600075055,551.0,26.419689627245777
NE,2020-12-12,2020,50,49,164.0,501.0,142.0,76.0,63.0,0.0,177.0,1,201.0,230.0,181.0,51.0,514.0,565.0,551.0,401.0,155.0,188.0,171.0,121.0,198.75,27.023138233743303,538.5,36.373066958946396
NE,2020-12-19,2020,51,50,121.0,460.0,130.0,74.0,58.0,0.0,137.0,1,164.0,201.0,200.0,75.0,501.0,514.0,574.0,425.0,142.0,155.0,174.0,127.0,179.0,47.1663722016721,510.0,43.28972164382669
NE,2020-12-26,2020,52,51,117.0,426.0,120.0,52.0,32.0,0.0,137.0,1,121.0,164.0,230.0,80.0,460.0,501.0,565.0,442.0,130.0,142.0,188.0,141.0,150.75,39.68521975076698,475.25,40.09467961380077
NE,2021-01-02,2021,53,52,99.0,434.0,123.0,67.0,47.0,0.0,119.0,1,117.0,121.0,201.0,133.0,426.0,460.0,514.0,498.0,120.0,130.0,155.0,150.0,125.25,27.548442182211794,455.25,33.77745796632222
NE,2021-01-09,2021,1,53,96.0,447.0,114.0,72.0,46.0,0.0,122.0,1,99.0,117.0,164.0,181.0,434.0,426.0,501.0,551.0,123.0,120.0,142.0,171.0,108.25,12.579745625409096,441.75,14.930394055974006
NE,2021-01-16,2021,2,54,84.0,391.0,98.0,55.0,37.0,0.0,102.0,0,96.0,99.0,121.0,200.0,447.0,434.0,460.0,574.0,114.0,123.0,130.0,174.0,99.0,13.63818169698583,424.5,23.951339558919543
NE,2021-01-23,2021,3,55,73.0,407.0,109.0,47.0,30.0,0.0,90.0,0,84.0,96.0,117.0,230.0,391.0,447.0,426.0,565.0,98.0,114.0,120.0,188.0,88.0,11.916375287812956,419.75,25.395209522007576
NE,2021-01-30,2021,4,56,58.0,378.0,104.0,46.0,27.0,0.0,77.0,0,73.0,84.0,99.0,201.0,407.0,391.0,434.0,514.0,109.0,98.0,123.0,155.0,77.75,16.17353805861082,405.75,29.94856702192384
NE,2021-02-06,2021,5,57,43.0,364.0,105.0,28.0,19.0,0.0,52.0,0,58.0,73.0,96.0,164.0,378.0,407.0,447.0,501.0,104.0,109.0,114.0,142.0,64.5,17.860571099491736,385.0,18.348478592697113
NE,2021-02-13,2021,6,58,33.0,341.0,93.0,36.0,18.0,0.0,52.0,0,43.0,58.0,84.0,121.0,364.0,378.0,391.0,460.0,105.0,104.0,98.0,130.0,51.75,17.499999999999982,372.5,27.598309126949502
NE,2021-02-20,2021,7,59,33.0,328.0,95.0,40.0,20.0,0.0,53.0,0,33.0,43.0,73.0,117.0,341.0,364.0,407.0,426.0,93.0,105.0,109.0,120.0,41.75,11.814539065631493,352.75,22.470350835415637
NE,2021-02-27,2021,8,60,17.0,318.0,88.0,28.0,10.0,0.0,35.0,0,33.0,33.0,58.0,99.0,328.0,341.0,378.0,434.0,95.0,93.0,104.0,123.0,31.5,10.754843869934422,337.75,19.872510326243738
NE,2021-03-06,2021,9,61,24.0,354.0,103.0,26.0,0.0,0.0,42.0,0,17.0,33.0,43.0,96.0,318.0,328.0,364.0,447.0,88.0,95.0,105.0,114.0,26.75,7.762087348129971,335.25,15.649813630413108
NE,2021-03-13,2021,10,62,20.0,318.0,92.0,20.0,0.0,0.0,32.0,0,24.0,17.0,33.0,84.0,354.0,318.0,341.0,391.0,103.0,88.0,93.0,98.0,23.5,6.952217871538025,329.5,16.999999999999915
NE,2021-03-20,2021,11,63,15.0,327.0,93.0,30.0,10.0,0.0,35.0,0,20.0,24.0,33.0,73.0,318.0,354.0,328.0,407.0,92.0,103.0,95.0,109.0,19.0,3.915780041490163,329.25,17.03672503740074
NE,2021-03-27,2021,12,64,15.0,333.0,106.0,24.0,0.0,0.0,31.0,0,15.0,20.0,17.0,58.0,327.0,318.0,318.0,378.0,93.0,92.0,88.0,104.0,18.5,4.358898943540601,333.0,15.297058540778261
NE,2021-04-03,2021,13,65,18.5,329.0,94.0,27.0,0.0,0.0,32.0,0,15.0,15.0,24.0,43.0,333.0,327.0,354.0,364.0,106.0,93.0,103.0,105.0,17.125,2.5289984842487954,326.75,6.344288770224536
NE,2021-04-10,2021,14,66,12.0,323.0,94.0,21.0,0.0,0.0,29.0,0,18.5,15.0,20.0,33.0,329.0,333.0,318.0,341.0,94.0,106.0,92.0,93.0,15.125,2.6575364531835444,328.0,4.1633319989319215
NE,2021-04-17,2021,15,67,15.0,363.0,112.0,27.0,11.0,0.0,31.0,0,12.0,18.5,15.0,33.0,323.0,329.0,327.0,328.0,94.0,94.0,93.0,95.0,15.125,2.6575364531835444,337.0,17.813852287849773
NE,2021-04-24,2021,16,68,18.0,328.0,103.0,22.0,0.0,0.0,35.0,0,15.0,12.0,15.0,17.0,363.0,323.0,333.0,318.0,112.0,94.0,106.0,88.0,15.875,3.01039864469797,335.75,18.355289882392594
NE,2021-05-01,2021,17,69,21.0,368.0,117.0,36.0,14.0,0.0,43.0,0,18.0,15.0,18.5,24.0,328.0,363.0,329.0,354.0,103.0,112.0,94.0,103.0,16.5,3.872983346207336,345.5,23.273733406281508
NE,2021-05-08,2021,18,70,17.0,341.0,107.0,11.0,0.0,0.0,26.0,0,21.0,18.0,12.0,20.0,368.0,328.0,323.0,318.0,117.0,103.0,94.0,92.0,17.75,2.4999999999998748,350.0,18.779421361337626
NE,2021-05-15,2021,19,71,19.0,370.0,117.0,29.0,0.0,0.0,41.0,0,17.0,21.0,15.0,15.0,341.0,368.0,363.0,327.0,107.0,117.0,112.0,93.0,18.75,1.7078251276597498,351.75,20.62967118820197
NE,2021-05-22,2021,20,72,15.0,320.0,101.0,18.0,0.0,0.0,24.0,0,19.0,17.0,18.0,15.0,370.0,341.0,328.0,333.0,117.0,107.0,103.0,106.0,18.0,2.58198889747149,349.75,23.837994882120377
NE,2021-05-29,2021,21,73,18.5,325.0,107.0,20.0,0.0,0.0,24.0,0,15.0,19.0,21.0,18.5,320.0,370.0,368.0,329.0,101.0,117.0,117.0,94.0,17.375,1.7969882210704777,339.0,22.52406120870148
NE,2021-06-05,2021,22,74,18.5,311.0,99.0,22.0,0.0,0.0,27.0,0,18.5,15.0,17.0,12.0,325.0,320.0,341.0,323.0,107.0,101.0,107.0,94.0,17.75,1.8484227510680669,331.5,26.312227829154462
NE,2021-06-12,2021,23,75,18.5,315.0,101.0,15.0,0.0,0.0,20.0,0,18.5,18.5,19.0,15.0,311.0,325.0,370.0,363.0,99.0,107.0,117.0,112.0,17.625,1.7499999999998208,317.75,6.075908711185859
NE,2021-06-19,2021,24,76,18.5,325.0,106.0,27.0,0.0,0.0,30.0,0,18.5,18.5,15.0,18.0,315.0,311.0,320.0,328.0,101.0,99.0,101.0,103.0,18.5,0.0,319.0,7.118052168020701
NE,2021-06-26,2021,25,77,18.5,315.0,98.0,24.0,0.0,0.0,29.0,0,18.5,18.5,18.5,21.0,325.0,315.0,325.0,368.0,106.0,101.0,107.0,117.0,18.5,0.0,316.5,5.972157622389433
NE,2021-07-03,2021,26,78,18.5,310.0,98.0,19.0,0.0,0.0,23.0,0,18.5,18.5,18.5,17.0,315.0,325.0,311.0,341.0,98.0,106.0,99.0,107.0,18.5,0.0,316.25,6.291528696058762
NE,2021-07-10,2021,27,79,18.5,301.0,94.0,22.0,0.0,0.0,27.0,0,18.5,18.5,18.5,19.0,310.0,315.0,315.0,370.0,98.0,98.0,101.0,117.0,18.5,0.0,312.75,10.012492197250273
NE,2021-07-17,2021,28,80,18.5,317.0,101.0,21.0,0.0,0.0,23.0,0,18.5,18.5,18.5,15.0,301.0,310.0,325.0,320.0,94.0,98.0,106.0,101.0,18.5,0.0,310.75,7.135591542869049
NE,2021-07-24,2021,29,81,15.0,334.0,113.0,24.0,0.0,0.0,34.0,0,18.5,18.5,18.5,18.5,317.0,301.0,315.0,325.0,101.0,94.0,98.0,107.0,17.625,1.7499999999998208,315.5,13.964240043768859
NE,2021-07-31,2021,30,82,17.0,361.0,121.0,27.0,0.0,0.0,37.0,0,15.0,18.5,18.5,18.5,334.0,317.0,310.0,311.0,113.0,101.0,98.0,99.0,17.25,1.6583123951775107,328.25,25.65638322133496
NE,2021-08-07,2021,31,83,29.0,367.0,120.0,24.0,12.0,0.0,41.0,0,17.0,15.0,18.5,18.5,361.0,334.0,301.0,315.0,121.0,113.0,94.0,101.0,19.875,6.24999999999995,344.75,23.414738947936154
NE,2021-08-14,2021,32,84,22.0,356.0,120.0,45.0,14.0,0.0,53.0,0,29.0,17.0,18.5,18.5,367.0,361.0,317.0,325.0,120.0,121.0,101.0,106.0,20.75,6.238322424070917,354.5,14.387494569938099
NE,2021-08-21,2021,33,85,41.0,357.0,117.0,35.0,20.0,0.0,56.0,0,22.0,29.0,15.0,18.5,356.0,367.0,334.0,315.0,120.0,120.0,113.0,98.0,27.25,10.404326023342376,360.25,4.991659710623815
NE,2021-08-28,2021,34,86,37.0,359.0,115.0,49.0,25.0,0.0,61.0,0,41.0,22.0,17.0,18.5,357.0,356.0,361.0,310.0,117.0,120.0,121.0,98.0,32.25,8.460693430997999,359.75,4.991659710623815
NE,2021-09-04,2021,35,87,34.0,342.0,113.0,33.0,17.0,0.0,51.0,0,37.0,41.0,29.0,18.5,359.0,357.0,367.0,301.0,115.0,117.0,120.0,94.0,33.5,8.185352771872411,353.5,7.767453465153916
NE,2021-09-11,2021,36,88,40.0,388.0,126.0,33.0,20.0,0.0,53.0,0,34.0,37.0,22.0,18.5,342.0,359.0,356.0,317.0,113.0,115.0,120.0,101.0,38.0,3.1622776601682774,361.5,19.226717521892933
NE,2021-09-18,2021,37,89,32.0,366.0,116.0,38.0,15.0,0.0,55.0,0,40.0,34.0,41.0,15.0,388.0,342.0,357.0,334.0,126.0,113.0,117.0,113.0,35.75,3.499999999999908,363.75,19.05037182489268
NE,2021-09-25,2021,38,90,62.0,385.0,121.0,54.0,30.0,0.0,86.0,0,32.0,40.0,37.0,17.0,366.0,388.0,359.0,361.0,116.0,126.0,115.0,121.0,42.0,13.75984496036684,370.25,21.20338023366396
NE,2021-10-02,2021,39,91,48.0,393.0,127.0,45.0,28.0,0.0,65.0,0,62.0,32.0,34.0,29.0,385.0,366.0,342.0,367.0,121.0,116.0,113.0,120.0,45.5,12.7932273749303,383.0,11.80395413975043
NE,2021-10-09,2021,40,92,65.0,399.0,123.0,47.0,36.0,0.0,78.0,0,48.0,62.0,40.0,22.0,393.0,385.0,388.0,356.0,127.0,121.0,126.0,120.0,51.75,15.107944929738105,385.75,14.361406616345004
NE,2021-10-16,2021,41,93,63.0,409.0,121.0,57.0,35.0,0.0,85.0,0,65.0,48.0,32.0,41.0,399.0,393.0,366.0,357.0,123.0,127.0,116.0,117.0,59.5,7.7674534651539835,396.5,10.115993936995594
NE,2021-10-23,2021,42,94,49.0,420.0,127.0,43.0,26.0,0.0,66.0,0,63.0,65.0,62.0,37.0,409.0,399.0,385.0,359.0,121.0,123.0,121.0,115.0,56.25,8.995369179009051,405.25,11.842719282326945
NE,2021-10-30,2021,43,95,60.0,415.0,124.0,48.0,31.0,0.0,77.0,0,49.0,63.0,48.0,34.0,420.0,409.0,393.0,342.0,127.0,121.0,127.0,113.0,59.25,7.135591542869165,410.75,9.03234926989274
NE,2021-11-06,2021,44,96,54.0,382.0,122.0,52.0,29.0,0.0,77.0,0,60.0,49.0,65.0,40.0,415.0,420.0,399.0,388.0,124.0,127.0,123.0,126.0,56.5,6.2449979983983415,406.5,16.941074346097377
NE,2021-11-13,2021,45,97,52.0,422.0,127.0,49.0,22.0,0.0,79.0,0,54.0,60.0,63.0,32.0,382.0,415.0,409.0,366.0,122.0,124.0,121.0,116.0,53.75,4.6457866215887105,409.75,18.732769861039376
NE,2021-11-20,2021,46,98,71.0,437.0,135.0,54.0,31.0,0.0,94.0,0,52.0,54.0,49.0,62.0,422.0,382.0,420.0,385.0,127.0,122.0,127.0,121.0,59.25,8.539125638299623,414.0,23.223551264467112
NE,2021-11-27,2021,47,99,59.0,413.0,125.0,49.0,28.0,0.0,80.0,0,71.0,52.0,60.0,48.0,437.0,422.0,415.0,393.0,135.0,127.0,124.0,127.0,59.0,8.524474568362907,413.5,23.21637353248777
NE,2021-12-04,2021,48,100,81.0,431.0,144.0,78.0,55.0,0.0,104.0,0,59.0,71.0,54.0,65.0,413.0,437.0,382.0,399.0,125.0,135.0,122.0,123.0,65.75,12.841988423397133,425.75,10.499999999999934
NE,2021-12-11,2021,49,101,80.0,464.0,140.0,79.0,48.0,0.0,111.0,0,81.0,59.0,52.0,63.0,431.0,413.0,422.0,409.0,144.0,125.0,127.0,121.0,72.75,10.210288928331037,436.25,21.124630174277577
NE,2021-12-18,2021,50,102,84.0,411.0,116.0,61.0,39.0,0.0,106.0,0,80.0,81.0,71.0,49.0,464.0,431.0,437.0,420.0,140.0,144.0,135.0,127.0,76.0,11.46007562511403,429.75,24.540782383616026
NE,2021-12-25,2021,51,103,73.0,449.0,127.0,65.0,39.0,0.0,99.0,0,84.0,80.0,59.0,60.0,411.0,464.0,413.0,415.0,116.0,140.0,125.0,124.0,79.5,4.654746681256245,438.75,22.896506283710593
NH,2020-02-29,2020,9,8,0.0,228.0,94.0,15.0,0.0,0.0,22.0,0,0.0,0.0,0.0,0.0,277.0,236.0,240.0,261.0,105.0,87.0,89.0,106.0,0.0,0.0,249.25,21.929812280698307
NH,2020-03-07,2020,10,9,0.0,266.0,105.0,17.0,0.0,0.0,21.0,0,0.0,0.0,0.0,0.0,228.0,277.0,256.0,263.0,94.0,105.0,101.0,100.0,0.0,0.0,251.75,23.47161406181233
NH,2020-03-14,2020,11,10,0.0,240.0,102.0,19.0,0.0,0.0,21.0,0,0.0,0.0,0.0,0.0,266.0,228.0,236.0,245.0,105.0,94.0,87.0,99.0,0.0,0.0,252.75,22.64766360282372
NH,2020-03-21,2020,12,11,0.0,252.0,109.0,20.0,0.0,0.0,23.0,0,0.0,0.0,0.0,0.0,240.0,266.0,277.0,241.0,102.0,105.0,105.0,94.0,0.0,0.0,246.5,16.278820596099692
NH,2020-03-28,2020,13,12,14.0,258.0,109.0,24.0,0.0,0.0,26.0,0,0.0,0.0,0.0,0.0,252.0,240.0,228.0,240.0,109.0,102.0,94.0,89.0,3.5,7.0,254.0,10.954451150103305
NH,2020-04-04,2020,14,13,12.0,248.0,97.0,13.0,0.0,0.0,23.0,0,14.0,0.0,0.0,0.0,258.0,252.0,266.0,256.0,109.0,109.0,105.0,101.0,6.5,7.54983443527075,249.5,7.549834435270725
NH,2020-04-11,2020,15,14,17.0,270.0,125.0,25.0,0.0,0.0,37.0,0,12.0,14.0,0.0,0.0,248.0,258.0,240.0,236.0,97.0,109.0,102.0,87.0,10.75,7.455423082115014,257.0,9.591663046625424
NH,2020-04-18,2020,16,15,16.0,242.0,101.0,16.0,0.0,0.0,27.0,0,17.0,12.0,0.0,0.0,270.0,248.0,252.0,277.0,125.0,97.0,109.0,105.0,14.75,2.2173557826083448,254.5,12.26104943849967
NH,2020-04-25,2020,17,16,19.0,274.0,111.0,31.0,0.0,0.0,44.0,0,16.0,17.0,14.0,0.0,242.0,270.0,258.0,228.0,101.0,125.0,109.0,94.0,16.0,2.9439202887759484,258.5,15.864005379054381
NH,2020-05-02,2020,18,17,38.0,266.0,113.0,19.0,0.0,0.0,49.0,0,19.0,16.0,12.0,0.0,274.0,242.0,248.0,266.0,111.0,101.0,97.0,105.0,22.5,10.408329997330663,263.0,14.375905768565206
NH,2020-05-09,2020,19,18,44.0,292.0,122.0,23.0,0.0,0.0,58.0,1,38.0,19.0,17.0,0.0,266.0,274.0,270.0,240.0,113.0,111.0,125.0,102.0,29.25,13.841363131329707,268.5,20.744477176668802
NH,2020-05-16,2020,20,19,47.0,285.0,127.0,36.0,26.0,0.0,57.0,1,44.0,38.0,16.0,0.0,292.0,266.0,242.0,252.0,122.0,113.0,101.0,109.0,37.0,12.569805089976535,279.25,11.528949070347497
NH,2020-05-23,2020,21,20,36.0,268.0,126.0,18.0,13.0,0.0,41.0,0,47.0,44.0,19.0,14.0,285.0,292.0,274.0,258.0,127.0,122.0,111.0,109.0,41.25,5.123475382979801,277.75,12.763881332363852
NH,2020-05-30,2020,22,21,41.0,250.0,111.0,17.0,0.0,0.0,49.0,0,36.0,47.0,38.0,12.0,268.0,285.0,266.0,248.0,126.0,127.0,113.0,97.0,42.0,4.6904157598234315,273.75,18.768324379123456
NH,2020-06-06,2020,23,22,33.0,259.0,126.0,13.0,0.0,0.0,38.0,0,41.0,36.0,44.0,17.0,250.0,268.0,292.0,270.0,111.0,126.0,122.0,125.0,39.25,6.130524719249842,265.5,14.933184523068078
NH,2020-06-13,2020,24,23,32.0,302.0,141.0,15.0,0.0,0.0,39.0,0,33.0,41.0,47.0,16.0,259.0,250.0,285.0,242.0,126.0,111.0,127.0,101.0,35.5,4.041451884327382,269.75,22.721135535003526
NH,2020-06-20,2020,25,24,13.0,238.0,102.0,11.0,0.0,0.0,21.0,0,32.0,33.0,36.0,19.0,302.0,259.0,268.0,274.0,141.0,126.0,126.0,111.0,29.75,11.870832602082581,262.25,27.861263431510064
NH,2020-06-27,2020,26,25,24.0,250.0,114.0,13.0,0.0,0.0,32.0,0,13.0,32.0,41.0,38.0,238.0,302.0,250.0,266.0,102.0,141.0,111.0,113.0,25.5,9.255628917943216,262.25,27.861263431510064
NH,2020-07-04,2020,27,26,14.0,247.0,113.0,15.0,0.0,0.0,20.0,0,24.0,13.0,33.0,44.0,250.0,238.0,259.0,292.0,114.0,102.0,126.0,122.0,20.75,8.995369179009092,259.25,28.952547383606845
NH,2020-07-11,2020,28,27,14.0,249.0,115.0,13.0,0.0,0.0,20.0,0,14.0,24.0,32.0,47.0,247.0,250.0,302.0,285.0,113.0,114.0,141.0,127.0,16.25,5.18812747209113,246.0,5.477225575051634
NH,2020-07-18,2020,29,28,14.0,231.0,98.0,10.0,0.0,0.0,14.0,0,14.0,14.0,13.0,36.0,249.0,247.0,238.0,268.0,115.0,113.0,102.0,126.0,16.5,5.0000000000000036,244.25,8.92094912738174
NH,2020-07-25,2020,30,29,14.0,266.0,117.0,12.0,0.0,0.0,16.0,0,14.0,14.0,24.0,41.0,231.0,249.0,250.0,250.0,98.0,115.0,114.0,111.0,14.0,0.0,248.25,14.314910641239305
NH,2020-08-01,2020,31,30,14.0,248.0,108.0,15.0,0.0,0.0,19.0,0,14.0,14.0,14.0,33.0,266.0,231.0,247.0,259.0,117.0,98.0,113.0,126.0,14.0,0.0,248.5,14.294521094927697
NH,2020-08-08,2020,32,31,14.0,233.0,101.0,10.0,0.0,0.0,15.0,0,14.0,14.0,14.0,32.0,248.0,266.0,249.0,302.0,108.0,117.0,115.0,141.0,14.0,0.0,244.5,16.217274740226845
NH,2020-08-15,2020,33,32,14.0,230.0,100.0,12.0,0.0,0.0,14.0,0,14.0,14.0,14.0,13.0,233.0,248.0,231.0,238.0,101.0,108.0,98.0,102.0,14.0,0.0,244.25,16.49999999999999
NH,2020-08-22,2020,34,33,14.0,250.0,112.0,12.0,0.0,0.0,15.0,0,14.0,14.0,14.0,24.0,230.0,233.0,266.0,250.0,100.0,101.0,117.0,114.0,14.0,0.0,240.25,10.210288928331051
NH,2020-08-29,2020,35,34,14.0,231.0,95.0,10.0,0.0,0.0,11.0,0,14.0,14.0,14.0,14.0,250.0,230.0,248.0,247.0,112.0,100.0,108.0,113.0,14.0,0.0,236.0,9.416297927883669
NH,2020-09-05,2020,36,35,14.0,234.0,102.0,15.0,0.0,0.0,19.0,0,14.0,14.0,14.0,14.0,231.0,250.0,233.0,249.0,95.0,112.0,101.0,115.0,14.0,0.0,236.25,9.322910847297978
NH,2020-09-12,2020,37,36,14.0,228.0,97.0,15.0,0.0,0.0,19.0,0,14.0,14.0,14.0,14.0,234.0,231.0,230.0,231.0,102.0,95.0,100.0,98.0,14.0,0.0,235.75,9.810708435174272
NH,2020-09-19,2020,38,37,14.0,226.0,98.0,14.0,0.0,0.0,14.0,0,14.0,14.0,14.0,14.0,228.0,234.0,250.0,266.0,97.0,102.0,112.0,117.0,14.0,0.0,229.75,3.499999999999946
NH,2020-09-26,2020,39,38,14.0,273.0,120.0,20.0,0.0,0.0,21.0,0,14.0,14.0,14.0,14.0,226.0,228.0,231.0,248.0,98.0,97.0,95.0,108.0,14.0,0.0,240.25,22.096379793984344
NH,2020-10-03,2020,40,39,14.0,222.0,91.0,10.0,0.0,0.0,12.0,0,14.0,14.0,14.0,14.0,273.0,226.0,234.0,233.0,120.0,98.0,102.0,101.0,14.0,0.0,237.25,23.963513932643508
NH,2020-10-10,2020,41,40,16.0,255.0,105.0,15.0,0.0,0.0,21.0,0,14.0,14.0,14.0,14.0,222.0,273.0,228.0,230.0,91.0,120.0,97.0,100.0,14.5,1.0000000000000189,244.0,24.289915602982227
NH,2020-10-17,2020,42,41,14.0,253.0,105.0,12.0,0.0,0.0,17.0,0,16.0,14.0,14.0,14.0,255.0,222.0,226.0,250.0,105.0,91.0,98.0,112.0,14.5,1.0000000000000189,250.75,21.171915359740115
NH,2020-10-24,2020,43,42,11.0,234.0,99.0,12.0,0.0,0.0,22.0,0,14.0,16.0,14.0,14.0,253.0,255.0,273.0,231.0,105.0,105.0,120.0,95.0,13.75,2.061552812808839,241.0,15.811388300841882
NH,2020-10-31,2020,44,43,14.0,257.0,103.0,14.0,0.0,0.0,20.0,0,11.0,14.0,14.0,14.0,234.0,253.0,222.0,234.0,99.0,105.0,91.0,102.0,13.75,2.061552812808839,249.75,10.626225419530028
NH,2020-11-07,2020,45,44,14.0,263.0,113.0,15.0,0.0,0.0,14.0,0,14.0,11.0,16.0,14.0,257.0,234.0,255.0,228.0,103.0,99.0,105.0,97.0,13.25,1.5000000000000124,251.75,12.526638282742347
NH,2020-11-14,2020,46,45,10.0,285.0,127.0,16.0,0.0,0.0,24.0,0,14.0,14.0,14.0,14.0,263.0,257.0,253.0,226.0,113.0,103.0,105.0,98.0,12.25,2.061552812808839,259.75,20.966242709015194
NH,2020-11-21,2020,47,46,13.0,259.0,107.0,17.0,0.0,0.0,28.0,0,10.0,14.0,11.0,14.0,285.0,263.0,234.0,273.0,127.0,113.0,99.0,120.0,12.75,1.8929694486001012,266.0,12.909944487358038
NH,2020-11-28,2020,48,47,27.0,284.0,117.0,19.0,0.0,0.0,42.0,0,13.0,10.0,14.0,14.0,259.0,285.0,257.0,222.0,107.0,127.0,103.0,91.0,16.0,7.527726527090812,272.75,13.671747023210537
NH,2020-12-05,2020,49,48,46.0,313.0,132.0,20.0,0.0,0.0,58.0,1,27.0,13.0,14.0,16.0,284.0,259.0,263.0,255.0,117.0,107.0,113.0,105.0,24.0,16.431676725154986,285.25,22.06618831304279
NH,2020-12-12,2020,50,49,52.0,312.0,123.0,20.0,10.0,0.0,62.0,1,46.0,27.0,10.0,14.0,313.0,284.0,285.0,253.0,132.0,117.0,127.0,105.0,34.5,17.86057109949175,292.0,25.781130050226007
NH,2020-12-19,2020,51,50,56.0,288.0,115.0,22.0,17.0,0.0,62.0,1,52.0,46.0,13.0,11.0,312.0,313.0,259.0,234.0,123.0,132.0,107.0,99.0,45.25,12.841988423397162,299.25,15.392097539538474
NH,2020-12-26,2020,52,51,85.0,357.0,140.0,23.0,20.0,0.0,88.0,1,56.0,52.0,27.0,14.0,288.0,312.0,284.0,257.0,115.0,123.0,117.0,103.0,59.75,17.327723451163457,317.5,28.75760768909681
NH,2021-01-02,2021,53,52,78.0,305.0,120.0,22.0,17.0,0.0,83.0,1,85.0,56.0,46.0,14.0,357.0,288.0,313.0,263.0,140.0,115.0,132.0,113.0,67.75,16.214705259938174,315.5,29.444863728670914
NH,2021-01-09,2021,1,53,73.0,323.0,131.0,37.0,26.0,0.0,84.0,1,78.0,85.0,52.0,10.0,305.0,357.0,312.0,285.0,120.0,140.0,123.0,127.0,73.0,12.355835328567094,318.25,29.52259022059774
NH,2021-01-16,2021,2,54,81.0,357.0,136.0,40.0,22.0,0.0,99.0,1,73.0,78.0,56.0,13.0,323.0,305.0,288.0,259.0,131.0,120.0,115.0,107.0,79.25,5.05799696849784,335.5,25.890796305508516
NH,2021-01-23,2021,3,55,64.0,296.0,120.0,28.0,18.0,0.0,74.0,1,81.0,73.0,85.0,27.0,357.0,323.0,357.0,284.0,136.0,131.0,140.0,117.0,74.0,7.438637868140464,320.25,26.94902595642373
NH,2021-01-30,2021,4,56,61.0,272.0,106.0,37.0,29.0,0.0,69.0,1,64.0,81.0,78.0,46.0,296.0,357.0,305.0,313.0,120.0,136.0,120.0,132.0,69.75,9.069178573608527,312.0,36.52396473549935
NH,2021-02-06,2021,5,57,38.0,289.0,107.0,24.0,16.0,0.0,46.0,0,61.0,64.0,73.0,52.0,272.0,296.0,323.0,312.0,106.0,120.0,131.0,123.0,61.0,17.682382946499793,303.5,37.06300941190106
NH,2021-02-13,2021,6,58,24.0,258.0,101.0,15.0,0.0,0.0,30.0,0,38.0,61.0,81.0,56.0,289.0,272.0,357.0,288.0,107.0,106.0,136.0,115.0,46.75,19.10279211703532,278.75,17.11480840286174
NH,2021-02-20,2021,7,59,19.0,264.0,98.0,11.0,0.0,0.0,28.0,0,24.0,38.0,64.0,85.0,258.0,289.0,296.0,357.0,101.0,107.0,120.0,140.0,35.5,18.806027402582043,270.75,13.450526631573458
NH,2021-02-27,2021,8,60,14.0,244.0,93.0,21.0,11.0,0.0,24.0,0,19.0,24.0,61.0,78.0,264.0,258.0,272.0,305.0,98.0,101.0,106.0,120.0,23.75,10.340051579497404,263.75,18.803811670332514
NH,2021-03-06,2021,9,61,13.0,246.0,102.0,23.0,0.0,0.0,27.0,0,14.0,19.0,38.0,73.0,244.0,264.0,289.0,323.0,93.0,98.0,107.0,131.0,17.5,5.066228051190229,253.0,9.591663046625445
NH,2021-03-13,2021,10,62,14.0,238.0,94.0,15.0,0.0,0.0,23.0,0,13.0,14.0,24.0,81.0,246.0,244.0,258.0,357.0,102.0,93.0,101.0,136.0,15.0,2.7080128015453346,248.0,11.195237082497783
NH,2021-03-20,2021,11,63,15.0,231.0,98.0,15.0,0.0,0.0,23.0,0,14.0,13.0,19.0,64.0,238.0,246.0,264.0,296.0,94.0,102.0,98.0,120.0,14.0,0.8164965809277736,239.75,6.751543033509703
NH,2021-03-27,2021,12,64,14.0,245.0,106.0,12.0,0.0,0.0,17.0,0,15.0,14.0,14.0,61.0,231.0,238.0,244.0,272.0,98.0,94.0,93.0,106.0,14.0,0.8164965809277736,240.0,6.976149845485455
NH,2021-04-03,2021,13,65,14.0,215.0,91.0,10.0,0.0,0.0,15.0,0,14.0,15.0,13.0,38.0,245.0,231.0,246.0,289.0,106.0,98.0,102.0,107.0,14.25,0.5000000000000774,232.25,12.841988423397163
NH,2021-04-10,2021,14,66,14.0,230.0,90.0,16.0,0.0,0.0,16.0,0,14.0,14.0,14.0,24.0,215.0,245.0,238.0,258.0,91.0,106.0,94.0,101.0,14.25,0.5000000000000774,230.25,12.257650672131266
NH,2021-04-17,2021,15,67,12.0,225.0,104.0,15.0,0.0,0.0,16.0,0,14.0,14.0,15.0,19.0,230.0,215.0,231.0,264.0,90.0,91.0,98.0,98.0,13.5,1.0000000000000386,228.75,12.500000000000004
NH,2021-04-24,2021,16,68,12.0,254.0,106.0,16.0,0.0,0.0,21.0,0,12.0,14.0,14.0,14.0,225.0,230.0,245.0,244.0,104.0,90.0,106.0,93.0,13.0,1.1547005383792852,231.0,16.552945357246852
NH,2021-05-01,2021,17,69,14.0,246.0,99.0,11.0,0.0,0.0,15.0,0,12.0,12.0,14.0,13.0,254.0,225.0,215.0,246.0,106.0,104.0,91.0,102.0,13.0,1.1547005383792852,238.75,13.549292724468438
NH,2021-05-08,2021,18,70,14.0,246.0,104.0,11.0,0.0,0.0,17.0,0,14.0,12.0,14.0,14.0,246.0,254.0,230.0,238.0,99.0,106.0,90.0,94.0,13.0,1.1547005383792852,242.75,12.419742348374221
NH,2021-05-15,2021,19,71,11.0,232.0,97.0,10.0,0.0,0.0,16.0,0,14.0,14.0,12.0,15.0,246.0,246.0,225.0,231.0,104.0,99.0,104.0,98.0,12.75,1.500000000000026,244.5,9.146948489341499
NH,2021-05-22,2021,20,72,14.0,270.0,120.0,15.0,0.0,0.0,12.0,0,11.0,14.0,12.0,14.0,232.0,246.0,254.0,245.0,97.0,104.0,106.0,106.0,13.25,1.500000000000026,248.5,15.7797338380595
NH,2021-05-29,2021,21,73,14.0,229.0,108.0,15.0,0.0,0.0,13.0,0,14.0,11.0,14.0,14.0,270.0,232.0,246.0,215.0,120.0,97.0,99.0,91.0,13.25,1.500000000000026,244.25,18.69714773256427
NH,2021-06-05,2021,22,74,14.0,246.0,109.0,15.0,0.0,0.0,19.0,0,14.0,14.0,14.0,14.0,229.0,270.0,246.0,230.0,108.0,120.0,104.0,90.0,13.25,1.500000000000026,244.25,18.69714773256427
NH,2021-06-12,2021,23,75,14.0,251.0,122.0,16.0,0.0,0.0,20.0,0,14.0,14.0,11.0,12.0,246.0,229.0,232.0,225.0,109.0,108.0,97.0,104.0,14.0,0.0,249.0,16.872067646458348
NH,2021-06-19,2021,24,76,14.0,240.0,112.0,11.0,0.0,0.0,14.0,0,14.0,14.0,14.0,12.0,251.0,246.0,270.0,254.0,122.0,109.0,120.0,106.0,14.0,0.0,241.5,9.469248474227856
NH,2021-06-26,2021,25,77,14.0,236.0,101.0,15.0,0.0,0.0,10.0,0,14.0,14.0,14.0,14.0,240.0,251.0,229.0,246.0,112.0,122.0,108.0,99.0,14.0,0.0,243.25,6.601767440112782
NH,2021-07-03,2021,26,78,14.0,256.0,117.0,15.0,0.0,0.0,19.0,0,14.0,14.0,14.0,14.0,236.0,240.0,246.0,246.0,101.0,112.0,109.0,104.0,14.0,0.0,245.75,9.322910847297994
NH,2021-07-10,2021,27,79,14.0,244.0,112.0,15.0,0.0,0.0,19.0,0,14.0,14.0,14.0,11.0,256.0,236.0,251.0,232.0,117.0,101.0,122.0,97.0,14.0,0.0,244.0,8.640987597877142
NH,2021-07-17,2021,28,80,14.0,237.0,110.0,11.0,0.0,0.0,12.0,0,14.0,14.0,14.0,14.0,244.0,256.0,240.0,270.0,112.0,117.0,112.0,120.0,14.0,0.0,243.25,9.215023964519387
NH,2021-07-24,2021,29,81,14.0,246.0,104.0,15.0,0.0,0.0,19.0,0,14.0,14.0,14.0,14.0,237.0,244.0,236.0,229.0,110.0,112.0,101.0,108.0,14.0,0.0,245.75,7.8475049113290325
NH,2021-07-31,2021,30,82,14.0,230.0,101.0,13.0,0.0,0.0,15.0,0,14.0,14.0,14.0,14.0,246.0,237.0,256.0,246.0,104.0,110.0,117.0,109.0,14.0,0.0,239.25,7.274384280931733
NH,2021-08-07,2021,31,83,0.0,249.0,109.0,11.0,0.0,0.0,11.0,0,14.0,14.0,14.0,14.0,230.0,246.0,244.0,251.0,101.0,104.0,112.0,122.0,10.5,7.000000000000005,240.5,8.660254037844389
NH,2021-08-14,2021,32,84,14.0,262.0,113.0,19.0,0.0,0.0,20.0,0,0.0,14.0,14.0,14.0,249.0,230.0,237.0,240.0,109.0,101.0,110.0,112.0,10.5,7.000000000000005,246.75,13.14977819838292
NH,2021-08-21,2021,33,85,11.0,257.0,112.0,19.0,0.0,0.0,23.0,0,14.0,0.0,14.0,14.0,262.0,249.0,246.0,236.0,113.0,109.0,104.0,101.0,9.75,6.652067347825041,249.5,14.059397805975431
NH,2021-08-28,2021,34,86,16.0,242.0,109.0,22.0,0.0,0.0,32.0,0,11.0,14.0,14.0,14.0,257.0,262.0,230.0,256.0,112.0,113.0,101.0,117.0,10.25,7.1355915428692205,252.5,8.812869377601528
NH,2021-09-04,2021,35,87,12.0,234.0,97.0,15.0,0.0,0.0,19.0,0,16.0,11.0,0.0,14.0,242.0,257.0,249.0,244.0,109.0,112.0,109.0,112.0,13.25,2.2173557826083625,248.75,12.996794476587937
NH,2021-09-11,2021,36,88,18.0,262.0,115.0,21.0,0.0,0.0,30.0,0,12.0,16.0,14.0,14.0,234.0,242.0,262.0,237.0,97.0,109.0,113.0,110.0,14.25,3.3040379335998464,248.75,12.996794476587937
NH,2021-09-18,2021,37,89,17.0,285.0,121.0,15.0,0.0,0.0,25.0,0,18.0,12.0,11.0,14.0,262.0,234.0,257.0,246.0,115.0,97.0,112.0,104.0,15.75,2.6299556396765977,255.75,22.779742462694056
NH,2021-09-25,2021,38,90,14.0,263.0,114.0,15.0,0.0,0.0,24.0,0,17.0,18.0,16.0,14.0,285.0,262.0,242.0,230.0,121.0,115.0,109.0,101.0,15.25,2.753785273643065,261.0,20.89657069154331
NH,2021-10-02,2021,39,91,13.0,236.0,104.0,10.0,0.0,0.0,19.0,0,14.0,17.0,12.0,0.0,263.0,285.0,234.0,249.0,114.0,121.0,97.0,109.0,15.5,2.380476142847633,261.5,20.041623354076556
NH,2021-10-09,2021,40,92,20.0,277.0,114.0,16.0,0.0,0.0,28.0,0,13.0,14.0,18.0,14.0,236.0,263.0,262.0,262.0,104.0,114.0,115.0,113.0,16.0,3.1622776601683915,265.25,21.515498289992422
NH,2021-10-16,2021,41,93,29.0,288.0,119.0,28.0,16.0,0.0,41.0,0,20.0,13.0,17.0,11.0,277.0,236.0,285.0,257.0,114.0,104.0,121.0,112.0,19.0,7.34846922834954,266.0,22.464787260659
NH,2021-10-23,2021,42,94,22.0,258.0,107.0,25.0,10.0,0.0,37.0,0,29.0,20.0,14.0,16.0,288.0,277.0,263.0,242.0,119.0,114.0,114.0,109.0,21.0,6.582805886043839,264.75,22.823598898216442
NH,2021-10-30,2021,43,95,34.0,296.0,125.0,35.0,18.0,0.0,51.0,0,22.0,29.0,13.0,12.0,258.0,288.0,236.0,234.0,107.0,119.0,104.0,97.0,26.25,6.448514040717707,279.75,16.459546368799693
NH,2021-11-06,2021,44,96,26.0,293.0,118.0,24.0,0.0,0.0,41.0,0,34.0,22.0,20.0,18.0,296.0,258.0,277.0,262.0,125.0,107.0,114.0,115.0,27.75,5.0579969684978465,283.75,17.48094200360306
NH,2021-11-13,2021,45,97,38.0,306.0,132.0,27.0,17.0,0.0,48.0,0,26.0,34.0,29.0,17.0,293.0,296.0,288.0,285.0,118.0,125.0,119.0,121.0,30.0,7.30296743340222,288.25,20.918492616183745
NH,2021-11-20,2021,46,98,35.0,298.0,133.0,30.0,17.0,0.0,48.0,0,38.0,26.0,22.0,14.0,306.0,293.0,258.0,263.0,132.0,118.0,107.0,114.0,33.25,5.123475382979808,298.25,5.560275772537491
NH,2021-11-27,2021,47,99,42.0,295.0,121.0,32.0,23.0,0.0,51.0,1,35.0,38.0,34.0,13.0,298.0,306.0,296.0,236.0,133.0,132.0,125.0,104.0,35.25,6.800735254367728,298.0,5.715476066494145
NH,2021-12-04,2021,48,100,51.0,309.0,127.0,33.0,22.0,0.0,62.0,1,42.0,35.0,26.0,20.0,295.0,298.0,293.0,277.0,121.0,133.0,118.0,114.0,41.5,6.952217871538075,302.0,6.582805886043881
NH,2021-12-11,2021,49,101,57.0,306.0,129.0,40.0,33.0,0.0,66.0,1,51.0,42.0,38.0,29.0,309.0,295.0,306.0,288.0,127.0,121.0,132.0,119.0,46.25,9.708243919473803,302.0,6.582805886043881
NH,2021-12-18,2021,50,102,63.0,325.0,128.0,48.0,40.0,0.0,71.0,1,57.0,51.0,35.0,22.0,306.0,309.0,298.0,258.0,129.0,127.0,133.0,107.0,53.25,8.958236433584462,308.75,12.3928742966809
NH,2021-12-25,2021,51,103,74.0,335.0,134.0,58.0,42.0,0.0,90.0,1,63.0,57.0,42.0,34.0,325.0,306.0,295.0,296.0,128.0,129.0,121.0,125.0,61.25,9.810708435174295,318.75,13.67174702321059
NJ,2020-02-29,2020,9,8,0.0,698.0,104.0,91.0,0.0,13.0,104.0,0,0.0,0.0,0.0,0.0,698.0,698.0,698.0,698.0,97.0,94.0,95.0,103.0,0.0,0.0,698.0,0.0
NJ,2020-03-07,2020,10,9,0.0,698.0,99.0,87.0,0.0,11.0,98.0,0,0.0,0.0,0.0,0.0,698.0,698.0,698.0,698.0,104.0,97.0,92.0,96.0,0.0,0.0,698.0,0.0
NJ,2020-03-14,2020,11,10,46.0,698.0,101.0,87.0,0.0,0.0,98.0,0,0.0,0.0,0.0,0.0,698.0,698.0,698.0,698.0,99.0,104.0,94.0,95.0,11.5,23.0,698.0,0.0
NJ,2020-03-21,2020,12,11,39.0,698.0,107.0,121.0,24.0,0.0,145.0,0,46.0,0.0,0.0,0.0,698.0,698.0,698.0,698.0,101.0,99.0,97.0,100.0,21.25,24.70323865407125,698.0,0.0
NJ,2020-03-28,2020,13,12,301.0,698.0,145.0,333.0,156.0,11.0,489.0,0,39.0,46.0,0.0,0.0,698.0,698.0,698.0,698.0,107.0,101.0,104.0,95.0,96.5,137.82718648123574,698.0,0.0
NJ,2020-04-04,2020,14,13,46.0,698.0,238.0,881.0,642.0,11.0,111.0,0,301.0,39.0,0.0,0.0,698.0,698.0,698.0,698.0,145.0,107.0,99.0,92.0,108.0,128.7089740461014,698.0,0.0
NJ,2020-04-11,2020,15,14,46.0,698.0,335.0,85.0,24.0,10.0,111.0,0,46.0,301.0,46.0,0.0,698.0,698.0,698.0,698.0,238.0,145.0,101.0,94.0,108.0,128.7089740461014,698.0,0.0
NJ,2020-04-18,2020,16,15,46.0,698.0,334.0,85.0,24.0,0.0,111.0,0,46.0,46.0,39.0,0.0,698.0,698.0,698.0,698.0,335.0,238.0,107.0,97.0,109.75,127.50000000000001,698.0,0.0
NJ,2020-04-25,2020,17,16,46.0,698.0,292.0,85.0,24.0,0.0,111.0,0,46.0,46.0,301.0,0.0,698.0,698.0,698.0,698.0,334.0,335.0,145.0,104.0,46.0,0.0,698.0,0.0
NJ,2020-05-02,2020,18,17,46.0,698.0,228.0,898.0,767.0,0.0,111.0,0,46.0,46.0,46.0,0.0,698.0,698.0,698.0,698.0,292.0,334.0,238.0,99.0,46.0,0.0,698.0,0.0
NJ,2020-05-09,2020,19,18,46.0,698.0,193.0,625.0,533.0,0.0,111.0,0,46.0,46.0,46.0,46.0,698.0,698.0,698.0,698.0,228.0,292.0,335.0,101.0,46.0,0.0,698.0,0.0
NJ,2020-05-16,2020,20,19,827.0,698.0,170.0,474.0,392.0,0.0,909.0,1,46.0,46.0,46.0,39.0,698.0,698.0,698.0,698.0,193.0,228.0,334.0,107.0,241.25,390.5,698.0,0.0
NJ,2020-05-23,2020,21,20,556.0,698.0,142.0,331.0,260.0,0.0,627.0,1,827.0,46.0,46.0,301.0,698.0,698.0,698.0,698.0,170.0,193.0,292.0,145.0,368.75,388.7547427363427,698.0,0.0
NJ,2020-05-30,2020,22,21,396.0,698.0,130.0,299.0,201.0,0.0,494.0,1,556.0,827.0,46.0,46.0,698.0,698.0,698.0,698.0,142.0,170.0,228.0,238.0,456.25,326.2620368149912,698.0,0.0
NJ,2020-06-06,2020,23,22,317.0,698.0,116.0,225.0,155.0,0.0,387.0,0,396.0,556.0,46.0,46.0,698.0,698.0,698.0,698.0,130.0,142.0,193.0,335.0,524.0,225.14143702718667,698.0,0.0
NJ,2020-06-13,2020,24,23,221.0,698.0,111.0,169.0,103.0,0.0,287.0,0,317.0,396.0,827.0,46.0,698.0,698.0,698.0,698.0,116.0,130.0,170.0,334.0,372.5,141.72391000345237,698.0,0.0
NJ,2020-06-20,2020,25,24,162.0,698.0,106.0,131.0,76.0,0.0,218.0,0,221.0,317.0,556.0,46.0,698.0,698.0,698.0,698.0,111.0,116.0,142.0,292.0,274.0,103.41824468309898,698.0,0.0
NJ,2020-06-27,2020,26,25,143.0,698.0,108.0,101.0,48.0,0.0,196.0,0,162.0,221.0,396.0,46.0,698.0,698.0,698.0,698.0,106.0,111.0,130.0,228.0,210.75,78.23202668984104,698.0,0.0
NJ,2020-07-04,2020,27,26,103.0,698.0,103.0,93.0,41.0,0.0,155.0,0,143.0,162.0,317.0,46.0,698.0,698.0,698.0,698.0,108.0,106.0,116.0,193.0,157.25,49.10108620658678,698.0,0.0
NJ,2020-07-11,2020,28,27,86.0,698.0,104.0,84.0,33.0,0.0,137.0,0,103.0,143.0,221.0,827.0,698.0,698.0,698.0,698.0,103.0,108.0,111.0,170.0,123.5,35.06660329525325,698.0,0.0
NJ,2020-07-18,2020,29,28,61.0,698.0,98.0,83.0,22.0,0.0,122.0,0,86.0,103.0,162.0,556.0,698.0,698.0,698.0,698.0,104.0,103.0,106.0,142.0,98.25,34.46133098609705,698.0,0.0
NJ,2020-07-25,2020,30,29,66.0,698.0,103.0,85.0,23.0,0.0,128.0,0,61.0,86.0,143.0,396.0,698.0,698.0,698.0,698.0,98.0,104.0,108.0,130.0,79.0,19.304576314093666,698.0,0.0
NJ,2020-08-01,2020,31,30,63.0,698.0,105.0,80.0,27.0,0.0,116.0,0,66.0,61.0,103.0,317.0,698.0,698.0,698.0,698.0,103.0,98.0,103.0,116.0,69.0,11.518101695447308,698.0,0.0
NJ,2020-08-08,2020,32,31,36.0,698.0,100.0,77.0,14.0,0.0,99.0,0,63.0,66.0,86.0,221.0,698.0,698.0,698.0,698.0,105.0,103.0,104.0,111.0,56.5,13.820274961085236,698.0,0.0
NJ,2020-08-15,2020,33,32,45.0,698.0,101.0,82.0,19.0,0.0,108.0,0,36.0,63.0,61.0,162.0,698.0,698.0,698.0,698.0,100.0,105.0,98.0,106.0,52.5,14.387494569938141,698.0,0.0
NJ,2020-08-22,2020,34,33,36.0,698.0,99.0,62.0,15.0,0.0,83.0,0,45.0,36.0,66.0,143.0,698.0,698.0,698.0,698.0,101.0,100.0,103.0,108.0,45.0,12.727922061357836,698.0,0.0
NJ,2020-08-29,2020,35,34,33.0,698.0,98.0,78.0,12.0,0.0,99.0,0,36.0,45.0,63.0,103.0,698.0,698.0,698.0,698.0,99.0,101.0,105.0,103.0,37.5,5.196152422706584,698.0,0.0
NJ,2020-09-05,2020,36,35,32.0,698.0,104.0,87.0,17.0,0.0,102.0,0,33.0,36.0,36.0,86.0,698.0,698.0,698.0,698.0,98.0,99.0,100.0,104.0,36.5,5.916079783099574,698.0,0.0
NJ,2020-09-12,2020,37,36,35.0,698.0,105.0,71.0,20.0,0.0,86.0,0,32.0,33.0,45.0,61.0,698.0,698.0,698.0,698.0,104.0,98.0,101.0,98.0,34.0,1.8257418583504172,698.0,0.0
NJ,2020-09-19,2020,38,37,35.0,698.0,102.0,74.0,11.0,0.0,99.0,0,35.0,32.0,36.0,66.0,698.0,698.0,698.0,698.0,105.0,104.0,99.0,103.0,33.75,1.4999999999998341,698.0,0.0
NJ,2020-09-26,2020,39,38,32.0,698.0,107.0,81.0,18.0,0.0,95.0,0,35.0,35.0,33.0,63.0,698.0,698.0,698.0,698.0,102.0,105.0,98.0,105.0,33.5,1.7320508075687335,698.0,0.0
NJ,2020-10-03,2020,40,39,34.0,698.0,98.0,70.0,13.0,0.0,91.0,0,32.0,35.0,32.0,36.0,698.0,698.0,698.0,698.0,107.0,102.0,104.0,100.0,34.0,1.414213562372919,698.0,0.0
NJ,2020-10-10,2020,41,40,54.0,698.0,103.0,89.0,18.0,0.0,125.0,0,34.0,32.0,35.0,45.0,698.0,698.0,698.0,698.0,98.0,107.0,105.0,101.0,38.75,10.242883708539612,698.0,0.0
NJ,2020-10-17,2020,42,41,58.0,698.0,99.0,74.0,26.0,0.0,106.0,0,54.0,34.0,35.0,36.0,698.0,698.0,698.0,698.0,103.0,98.0,102.0,99.0,44.5,13.403979508588716,698.0,0.0
NJ,2020-10-24,2020,43,42,72.0,698.0,104.0,101.0,30.0,0.0,143.0,0,58.0,54.0,32.0,33.0,698.0,698.0,698.0,698.0,99.0,103.0,107.0,98.0,54.5,15.695009822658056,698.0,0.0
NJ,2020-10-31,2020,44,43,82.0,698.0,104.0,94.0,37.0,0.0,139.0,0,72.0,58.0,34.0,32.0,698.0,698.0,698.0,698.0,104.0,99.0,98.0,104.0,66.5,12.897028081435383,698.0,0.0
NJ,2020-11-07,2020,45,44,93.0,698.0,112.0,112.0,50.0,0.0,155.0,0,82.0,72.0,54.0,35.0,698.0,698.0,698.0,698.0,104.0,104.0,103.0,105.0,76.25,14.885675440951035,698.0,0.0
NJ,2020-11-14,2020,46,45,181.0,698.0,112.0,173.0,100.0,0.0,254.0,0,93.0,82.0,58.0,35.0,698.0,698.0,698.0,698.0,112.0,104.0,99.0,102.0,107.0,50.07327963428532,698.0,0.0
NJ,2020-11-21,2020,47,46,229.0,698.0,113.0,179.0,119.0,0.0,289.0,0,181.0,93.0,72.0,32.0,698.0,698.0,698.0,698.0,112.0,112.0,104.0,107.0,146.25,70.75485849042452,698.0,0.0
NJ,2020-11-28,2020,48,47,313.0,698.0,118.0,222.0,162.0,0.0,373.0,0,229.0,181.0,82.0,34.0,698.0,698.0,698.0,698.0,113.0,112.0,104.0,98.0,204.0,91.93475947648963,698.0,0.0
NJ,2020-12-05,2020,49,48,454.0,698.0,125.0,309.0,245.0,0.0,518.0,1,313.0,229.0,93.0,54.0,698.0,698.0,698.0,698.0,118.0,113.0,112.0,103.0,294.25,119.65889018372182,698.0,0.0
NJ,2020-12-12,2020,50,49,495.0,698.0,132.0,331.0,254.0,0.0,573.0,1,454.0,313.0,181.0,58.0,698.0,698.0,698.0,698.0,125.0,118.0,112.0,99.0,372.75,123.53238441801405,698.0,0.0
NJ,2020-12-19,2020,51,50,531.0,698.0,142.0,340.0,263.0,0.0,608.0,1,495.0,454.0,229.0,72.0,698.0,698.0,698.0,698.0,132.0,125.0,113.0,104.0,448.25,95.49650953481668,698.0,0.0
NJ,2020-12-26,2020,52,51,560.0,698.0,134.0,380.0,286.0,0.0,654.0,1,531.0,495.0,313.0,82.0,698.0,698.0,698.0,698.0,142.0,132.0,118.0,104.0,510.0,45.83303030202854,698.0,0.0
NJ,2021-01-02,2021,53,52,650.0,698.0,144.0,434.0,358.0,0.0,726.0,1,560.0,531.0,454.0,93.0,698.0,698.0,698.0,698.0,134.0,142.0,125.0,112.0,559.0,66.23694839991751,698.0,0.0
NJ,2021-01-09,2021,1,53,551.0,698.0,130.0,382.0,306.0,0.0,627.0,1,650.0,560.0,495.0,181.0,698.0,698.0,698.0,698.0,144.0,134.0,132.0,112.0,573.0,52.74466797696238,698.0,0.0
NJ,2021-01-16,2021,2,54,606.0,698.0,131.0,402.0,311.0,0.0,697.0,1,551.0,650.0,531.0,229.0,698.0,698.0,698.0,698.0,130.0,144.0,142.0,113.0,591.75,45.697374103989844,698.0,0.0
NJ,2021-01-23,2021,3,55,570.0,698.0,126.0,378.0,308.0,0.0,640.0,1,606.0,551.0,560.0,313.0,698.0,698.0,698.0,698.0,131.0,130.0,134.0,118.0,594.25,43.60714773214747,698.0,0.0
NJ,2021-01-30,2021,4,56,523.0,698.0,127.0,347.0,267.0,0.0,603.0,1,570.0,606.0,650.0,454.0,698.0,698.0,698.0,698.0,126.0,131.0,144.0,125.0,562.5,34.83771902215566,698.0,0.0
NJ,2021-02-06,2021,5,57,473.0,698.0,128.0,322.0,238.0,0.0,557.0,1,523.0,570.0,551.0,495.0,698.0,698.0,698.0,698.0,127.0,126.0,130.0,132.0,543.0,57.72925312756668,698.0,0.0
NJ,2021-02-13,2021,6,58,372.0,698.0,115.0,244.0,181.0,0.0,435.0,1,473.0,523.0,606.0,531.0,698.0,698.0,698.0,698.0,128.0,127.0,131.0,142.0,484.5,84.81548600737172,698.0,0.0
NJ,2021-02-20,2021,7,59,330.0,698.0,115.0,265.0,187.0,0.0,408.0,0,372.0,473.0,570.0,560.0,698.0,698.0,698.0,698.0,115.0,128.0,126.0,134.0,424.5,88.9587919582245,698.0,0.0
NJ,2021-02-27,2021,8,60,303.0,698.0,117.0,232.0,167.0,0.0,368.0,0,330.0,372.0,523.0,650.0,698.0,698.0,698.0,698.0,115.0,115.0,127.0,144.0,369.5,74.61233142048305,698.0,0.0
NJ,2021-03-06,2021,9,61,232.0,698.0,113.0,198.0,118.0,0.0,312.0,0,303.0,330.0,473.0,551.0,698.0,698.0,698.0,698.0,117.0,115.0,128.0,130.0,309.25,58.80688735173799,698.0,0.0
NJ,2021-03-13,2021,10,62,229.0,698.0,104.0,173.0,117.0,0.0,285.0,0,232.0,303.0,372.0,606.0,698.0,698.0,698.0,698.0,113.0,117.0,115.0,131.0,273.5,50.87566543381357,698.0,0.0
NJ,2021-03-20,2021,11,63,247.0,698.0,114.0,206.0,133.0,0.0,320.0,0,229.0,232.0,330.0,570.0,698.0,698.0,698.0,698.0,104.0,113.0,115.0,126.0,252.75,34.41293361513953,698.0,0.0
NJ,2021-03-27,2021,12,64,237.0,698.0,109.0,181.0,121.0,0.0,297.0,0,247.0,229.0,303.0,523.0,698.0,698.0,698.0,698.0,114.0,104.0,117.0,127.0,236.25,7.8898669190297595,698.0,0.0
NJ,2021-04-03,2021,13,65,231.0,698.0,108.0,186.0,127.0,0.0,290.0,0,237.0,247.0,232.0,473.0,698.0,698.0,698.0,698.0,109.0,114.0,113.0,128.0,236.0,8.08290376865477,698.0,0.0
NJ,2021-04-10,2021,14,66,269.0,698.0,115.0,209.0,147.0,0.0,331.0,0,231.0,237.0,229.0,372.0,698.0,698.0,698.0,698.0,108.0,109.0,104.0,115.0,246.0,16.693312034065222,698.0,0.0
NJ,2021-04-17,2021,15,67,259.0,698.0,111.0,203.0,143.0,0.0,319.0,0,269.0,231.0,247.0,330.0,698.0,698.0,698.0,698.0,115.0,108.0,114.0,115.0,249.0,17.962924780409974,698.0,0.0
NJ,2021-04-24,2021,16,68,237.0,698.0,117.0,184.0,125.0,0.0,296.0,0,259.0,269.0,237.0,303.0,698.0,698.0,698.0,698.0,111.0,115.0,109.0,117.0,249.0,17.962924780409974,698.0,0.0
NJ,2021-05-01,2021,17,69,201.0,698.0,121.0,177.0,110.0,0.0,268.0,0,237.0,259.0,231.0,232.0,698.0,698.0,698.0,698.0,117.0,111.0,108.0,113.0,241.5,30.127506811328857,698.0,0.0
NJ,2021-05-08,2021,18,70,173.0,698.0,105.0,167.0,89.0,0.0,251.0,0,201.0,237.0,269.0,229.0,698.0,698.0,698.0,698.0,121.0,117.0,115.0,104.0,217.5,38.10074364978546,698.0,0.0
NJ,2021-05-15,2021,19,71,138.0,698.0,109.0,128.0,75.0,0.0,191.0,0,173.0,201.0,259.0,247.0,698.0,698.0,698.0,698.0,105.0,121.0,111.0,114.0,187.25,42.00297608503474,698.0,0.0
NJ,2021-05-22,2021,20,72,88.0,698.0,109.0,86.0,42.0,0.0,132.0,0,138.0,173.0,237.0,237.0,698.0,698.0,698.0,698.0,109.0,105.0,117.0,109.0,150.0,48.71002634639676,698.0,0.0
NJ,2021-05-29,2021,21,73,90.0,698.0,98.0,104.0,49.0,0.0,146.0,0,88.0,138.0,201.0,231.0,698.0,698.0,698.0,698.0,109.0,109.0,121.0,108.0,122.25,40.97458561921849,698.0,0.0
NJ,2021-06-05,2021,22,74,51.0,698.0,106.0,78.0,24.0,0.0,105.0,0,90.0,88.0,173.0,269.0,698.0,698.0,698.0,698.0,98.0,109.0,105.0,115.0,91.75,35.66861365402361,698.0,0.0
NJ,2021-06-12,2021,23,75,26.0,698.0,98.0,62.0,24.0,0.0,79.0,0,51.0,90.0,138.0,259.0,698.0,698.0,698.0,698.0,106.0,98.0,109.0,111.0,63.75,30.90172594964019,698.0,0.0
NJ,2021-06-19,2021,24,76,49.0,698.0,102.0,83.0,24.0,0.0,108.0,0,26.0,51.0,88.0,237.0,698.0,698.0,698.0,698.0,98.0,106.0,109.0,117.0,54.0,26.54555832275272,698.0,0.0
NJ,2021-06-26,2021,25,77,25.0,698.0,103.0,60.0,13.0,0.0,72.0,0,49.0,26.0,90.0,201.0,698.0,698.0,698.0,698.0,102.0,98.0,98.0,121.0,37.75,14.174507634012055,698.0,0.0
NJ,2021-07-03,2021,26,78,35.0,698.0,103.0,82.0,18.0,0.0,99.0,0,25.0,49.0,51.0,173.0,698.0,698.0,698.0,698.0,103.0,102.0,106.0,105.0,33.75,11.116804097101502,698.0,0.0
NJ,2021-07-10,2021,27,79,27.0,698.0,101.0,56.0,24.0,0.0,74.0,0,35.0,25.0,26.0,138.0,698.0,698.0,698.0,698.0,103.0,103.0,98.0,109.0,34.0,10.893423092245433,698.0,0.0
NJ,2021-07-17,2021,28,80,31.0,698.0,97.0,80.0,18.0,0.0,93.0,0,27.0,35.0,49.0,88.0,698.0,698.0,698.0,698.0,101.0,103.0,102.0,109.0,29.5,4.434711565216622,698.0,0.0
NJ,2021-07-24,2021,29,81,28.0,698.0,101.0,78.0,14.0,0.0,92.0,0,31.0,27.0,25.0,90.0,698.0,698.0,698.0,698.0,97.0,101.0,103.0,98.0,30.25,3.5939764421412197,698.0,0.0
NJ,2021-07-31,2021,30,82,33.0,698.0,104.0,88.0,22.0,0.0,99.0,0,28.0,31.0,35.0,51.0,698.0,698.0,698.0,698.0,101.0,97.0,103.0,106.0,29.75,2.753785273642941,698.0,0.0
NJ,2021-08-07,2021,31,83,40.0,698.0,105.0,107.0,26.0,0.0,121.0,0,33.0,28.0,27.0,26.0,698.0,698.0,698.0,698.0,104.0,101.0,101.0,98.0,33.0,5.099019513592725,698.0,0.0
NJ,2021-08-14,2021,32,84,76.0,698.0,107.0,92.0,38.0,0.0,130.0,0,40.0,33.0,31.0,49.0,698.0,698.0,698.0,698.0,105.0,104.0,97.0,102.0,44.25,21.731313812100716,698.0,0.0
NJ,2021-08-21,2021,33,85,91.0,698.0,112.0,111.0,41.0,0.0,161.0,0,76.0,40.0,28.0,25.0,698.0,698.0,698.0,698.0,107.0,105.0,101.0,103.0,60.0,27.964262908219116,698.0,0.0
NJ,2021-08-28,2021,34,86,105.0,698.0,110.0,120.0,56.0,0.0,169.0,0,91.0,76.0,33.0,35.0,698.0,698.0,698.0,698.0,112.0,107.0,104.0,103.0,78.0,27.964262908219116,698.0,0.0
NJ,2021-09-04,2021,35,87,118.0,698.0,112.0,133.0,70.0,0.0,181.0,0,105.0,91.0,40.0,27.0,698.0,698.0,698.0,698.0,110.0,112.0,105.0,101.0,97.5,18.083141320025106,698.0,0.0
NJ,2021-09-11,2021,36,88,123.0,698.0,115.0,157.0,79.0,0.0,201.0,0,118.0,105.0,76.0,31.0,698.0,698.0,698.0,698.0,112.0,110.0,107.0,97.0,109.25,14.338177476002054,698.0,0.0
NJ,2021-09-18,2021,37,89,137.0,698.0,120.0,152.0,79.0,0.0,210.0,0,123.0,118.0,91.0,28.0,698.0,698.0,698.0,698.0,115.0,112.0,112.0,101.0,120.75,13.225606476327124,698.0,0.0
NJ,2021-09-25,2021,38,90,154.0,698.0,115.0,155.0,91.0,0.0,218.0,0,137.0,123.0,105.0,33.0,698.0,698.0,698.0,698.0,120.0,115.0,110.0,104.0,133.0,16.145174717749757,698.0,0.0
NJ,2021-10-02,2021,39,91,130.0,698.0,115.0,145.0,77.0,0.0,198.0,0,154.0,137.0,118.0,40.0,698.0,698.0,698.0,698.0,115.0,120.0,112.0,105.0,136.0,13.291601358251231,698.0,0.0
NJ,2021-10-09,2021,40,92,130.0,698.0,118.0,153.0,75.0,0.0,208.0,0,130.0,154.0,123.0,76.0,698.0,698.0,698.0,698.0,115.0,115.0,115.0,107.0,137.75,11.324751652906093,698.0,0.0
NJ,2021-10-16,2021,41,93,121.0,698.0,114.0,156.0,79.0,0.0,198.0,0,130.0,130.0,137.0,91.0,698.0,698.0,698.0,698.0,118.0,115.0,120.0,112.0,133.75,14.15097169808488,698.0,0.0
NJ,2021-10-23,2021,42,94,116.0,698.0,113.0,133.0,71.0,0.0,178.0,0,121.0,130.0,154.0,105.0,698.0,698.0,698.0,698.0,114.0,118.0,115.0,110.0,124.25,6.946221994724853,698.0,0.0
NJ,2021-10-30,2021,43,95,107.0,698.0,111.0,135.0,65.0,0.0,177.0,0,116.0,121.0,130.0,118.0,698.0,698.0,698.0,698.0,113.0,114.0,115.0,112.0,118.5,9.609023536933012,698.0,0.0
NJ,2021-11-06,2021,44,96,104.0,698.0,119.0,150.0,65.0,0.0,189.0,0,107.0,116.0,130.0,123.0,698.0,698.0,698.0,698.0,111.0,113.0,118.0,115.0,112.0,7.8740078740117685,698.0,0.0
NJ,2021-11-13,2021,45,97,89.0,698.0,112.0,137.0,54.0,0.0,172.0,0,104.0,107.0,121.0,137.0,698.0,698.0,698.0,698.0,119.0,111.0,114.0,120.0,104.0,11.224972160321794,698.0,0.0
NJ,2021-11-20,2021,46,98,81.0,698.0,103.0,104.0,44.0,0.0,141.0,0,89.0,104.0,116.0,154.0,698.0,698.0,698.0,698.0,112.0,119.0,113.0,115.0,95.25,12.338962679253038,698.0,0.0
NJ,2021-11-27,2021,47,99,87.0,698.0,108.0,125.0,44.0,0.0,168.0,0,81.0,89.0,107.0,130.0,698.0,698.0,698.0,698.0,103.0,112.0,111.0,115.0,90.25,9.77667291737494,698.0,0.0
NJ,2021-12-04,2021,48,100,112.0,698.0,113.0,127.0,57.0,0.0,184.0,0,87.0,81.0,104.0,130.0,698.0,698.0,698.0,698.0,108.0,103.0,119.0,118.0,92.25,13.598406769422143,698.0,0.0
NJ,2021-12-11,2021,49,101,143.0,698.0,109.0,137.0,77.0,0.0,203.0,0,112.0,87.0,89.0,121.0,698.0,698.0,698.0,698.0,113.0,108.0,112.0,114.0,105.75,28.229712479348173,698.0,0.0
NJ,2021-12-18,2021,50,102,179.0,698.0,112.0,176.0,98.0,0.0,257.0,0,143.0,112.0,81.0,116.0,698.0,698.0,698.0,698.0,109.0,113.0,103.0,113.0,130.25,39.760742783135555,698.0,0.0
NJ,2021-12-25,2021,51,103,205.0,698.0,119.0,179.0,103.0,0.0,283.0,0,179.0,143.0,87.0,107.0,698.0,698.0,698.0,698.0,112.0,109.0,108.0,111.0,159.75,40.73798391346009,698.0,0.0
NM,2020-02-29,2020,9,8,0.0,396.0,102.0,25.0,0.0,0.0,27.0,0,0.0,0.0,0.0,0.0,391.0,382.0,370.0,408.0,101.0,102.0,99.0,103.0,0.0,0.0,386.5,8.582928793055826
NM,2020-03-07,2020,10,9,0.0,400.0,107.0,28.0,0.0,0.0,32.0,0,0.0,0.0,0.0,0.0,396.0,391.0,377.0,410.0,102.0,101.0,94.0,101.0,0.0,0.0,392.25,7.7620873481300094
NM,2020-03-14,2020,11,10,0.0,342.0,89.0,22.0,0.0,0.0,23.0,0,0.0,0.0,0.0,0.0,400.0,396.0,382.0,388.0,107.0,102.0,102.0,97.0,0.0,0.0,382.25,27.08474355302877
NM,2020-03-21,2020,12,11,0.0,390.0,105.0,29.0,0.0,0.0,33.0,0,0.0,0.0,0.0,0.0,342.0,400.0,391.0,404.0,89.0,107.0,101.0,108.0,0.0,0.0,382.0,26.981475126464083
NM,2020-03-28,2020,13,12,19.5,365.0,103.0,24.0,15.0,0.0,26.0,0,0.0,0.0,0.0,0.0,390.0,342.0,396.0,370.0,105.0,89.0,102.0,99.0,4.875,9.75,374.25,26.05602937261675
NM,2020-04-04,2020,14,13,19.5,399.0,111.0,35.0,15.0,0.0,39.0,0,19.5,0.0,0.0,0.0,365.0,390.0,400.0,377.0,103.0,105.0,107.0,94.0,9.75,11.258330249197702,374.0,25.729360660537218
NM,2020-04-11,2020,15,14,23.0,411.0,109.0,41.0,11.0,0.0,53.0,0,19.5,19.5,0.0,0.0,399.0,365.0,342.0,382.0,111.0,103.0,89.0,102.0,15.5,10.464224768228174,391.25,19.499999999999993
NM,2020-04-18,2020,16,15,35.0,422.0,122.0,47.0,20.0,0.0,62.0,0,23.0,19.5,0.0,0.0,411.0,399.0,390.0,391.0,109.0,111.0,105.0,101.0,24.25,7.354137157636735,399.25,24.689741459426685
NM,2020-04-25,2020,17,16,48.0,407.0,114.0,39.0,18.0,0.0,69.0,0,35.0,23.0,19.5,0.0,422.0,411.0,365.0,396.0,122.0,109.0,103.0,102.0,31.375,12.918817025305891,409.75,9.56991814663703
NM,2020-05-02,2020,18,17,77.0,420.0,118.0,47.0,36.0,0.0,88.0,0,48.0,35.0,19.5,0.0,407.0,422.0,399.0,400.0,114.0,122.0,111.0,107.0,45.75,23.200215516240362,415.0,7.164728420068191
NM,2020-05-09,2020,19,18,69.0,442.0,122.0,42.0,22.0,0.0,89.0,0,77.0,48.0,23.0,0.0,420.0,407.0,411.0,342.0,118.0,114.0,109.0,89.0,57.25,19.224550276491083,422.75,14.4539498638492
NM,2020-05-16,2020,20,19,68.0,474.0,139.0,38.0,17.0,0.0,89.0,0,69.0,77.0,35.0,0.0,442.0,420.0,422.0,390.0,122.0,118.0,122.0,105.0,65.5,12.34233905438241,435.75,29.30728009670407
NM,2020-05-23,2020,21,20,44.0,396.0,123.0,39.0,19.0,0.0,64.0,0,68.0,69.0,48.0,19.5,474.0,442.0,407.0,365.0,139.0,122.0,114.0,103.0,64.5,14.247806848775006,433.0,33.166247903553995
NM,2020-05-30,2020,22,21,55.0,433.0,129.0,41.0,28.0,0.0,68.0,0,44.0,68.0,77.0,19.5,396.0,474.0,420.0,399.0,123.0,139.0,118.0,111.0,59.0,11.86029791643813,436.25,32.08712098854201
NM,2020-06-06,2020,23,22,37.0,448.0,129.0,32.0,17.0,0.0,53.0,0,55.0,44.0,69.0,23.0,433.0,396.0,442.0,411.0,129.0,123.0,122.0,109.0,51.0,13.540064007726597,437.75,32.581947967138696
NM,2020-06-13,2020,24,23,36.0,445.0,129.0,44.0,21.0,0.0,59.0,0,37.0,55.0,68.0,35.0,448.0,433.0,474.0,422.0,129.0,129.0,139.0,122.0,43.0,8.755950357709128,430.5,23.895606290697042
NM,2020-06-20,2020,25,24,32.0,417.0,127.0,33.0,15.0,0.0,50.0,0,36.0,37.0,44.0,48.0,445.0,448.0,396.0,407.0,129.0,129.0,123.0,114.0,40.0,10.230672835481867,435.75,14.080127840328723
NM,2020-06-27,2020,26,25,21.0,399.0,118.0,29.0,15.0,0.0,43.0,0,32.0,36.0,55.0,77.0,417.0,445.0,433.0,420.0,127.0,129.0,129.0,118.0,31.5,7.325753658611966,427.25,23.443193752842923
NM,2020-07-04,2020,27,26,28.0,448.0,134.0,30.0,11.0,0.0,47.0,0,21.0,32.0,37.0,69.0,399.0,417.0,448.0,442.0,118.0,127.0,129.0,122.0,29.25,6.396613687465157,427.25,23.443193752842923
NM,2020-07-11,2020,28,27,29.0,408.0,119.0,32.0,14.0,0.0,47.0,0,28.0,21.0,36.0,68.0,448.0,399.0,445.0,474.0,134.0,118.0,129.0,139.0,27.5,4.654746681256306,418.0,21.307275752662516
NM,2020-07-18,2020,29,28,32.0,402.0,122.0,23.0,14.0,0.0,41.0,0,29.0,28.0,32.0,44.0,408.0,448.0,417.0,396.0,119.0,134.0,127.0,123.0,27.5,4.654746681256306,414.25,22.808989455914084
NM,2020-07-25,2020,30,29,50.0,435.0,136.0,41.0,28.0,0.0,63.0,0,32.0,29.0,21.0,55.0,402.0,408.0,399.0,433.0,122.0,119.0,118.0,129.0,34.75,10.307764064044148,423.25,21.86892772862904
NM,2020-08-01,2020,31,30,44.0,407.0,134.0,39.0,22.0,0.0,61.0,0,50.0,32.0,28.0,37.0,435.0,402.0,448.0,448.0,136.0,122.0,134.0,129.0,38.75,9.912113800799501,413.0,14.899664425751343
NM,2020-08-08,2020,32,31,28.0,433.0,130.0,23.0,11.0,0.0,40.0,0,44.0,50.0,29.0,36.0,407.0,435.0,408.0,445.0,134.0,136.0,119.0,129.0,38.5,10.246950765959594,419.25,17.17313793884701
NM,2020-08-15,2020,33,32,21.0,394.0,116.0,27.0,12.0,0.0,36.0,0,28.0,44.0,32.0,32.0,433.0,407.0,402.0,417.0,130.0,134.0,122.0,127.0,35.75,13.52466881911223,417.25,20.07278422807027
NM,2020-08-22,2020,34,33,21.0,411.0,132.0,26.0,11.0,0.0,36.0,0,21.0,28.0,50.0,21.0,394.0,433.0,435.0,399.0,116.0,130.0,136.0,118.0,28.5,10.847426730181983,411.25,16.214705259938167
NM,2020-08-29,2020,35,34,19.0,397.0,117.0,15.0,15.0,0.0,29.0,0,21.0,21.0,44.0,28.0,411.0,394.0,407.0,448.0,132.0,116.0,134.0,134.0,22.25,3.9475730941089933,408.75,17.783419243778738
NM,2020-09-05,2020,36,35,11.0,376.0,107.0,25.0,15.0,0.0,28.0,0,19.0,21.0,28.0,29.0,397.0,411.0,433.0,408.0,117.0,132.0,130.0,119.0,18.0,4.7609522856952236,394.5,14.387494569938164
NM,2020-09-12,2020,37,36,19.5,400.0,121.0,22.0,15.0,0.0,26.0,0,11.0,19.0,21.0,32.0,376.0,397.0,394.0,402.0,107.0,117.0,116.0,122.0,17.625,4.4976845895045345,396.0,14.628738838327797
NM,2020-09-19,2020,38,37,10.0,398.0,115.0,19.0,15.0,0.0,21.0,0,19.5,11.0,21.0,50.0,400.0,376.0,411.0,435.0,121.0,107.0,132.0,136.0,14.875,5.072392597844392,392.75,11.23610252712212
NM,2020-09-26,2020,39,38,12.0,399.0,119.0,27.0,15.0,0.0,31.0,0,10.0,19.5,19.0,44.0,398.0,400.0,397.0,407.0,115.0,121.0,117.0,134.0,13.125,4.327720724199584,393.25,11.528949070347512
NM,2020-10-03,2020,40,39,17.0,388.0,114.0,25.0,15.0,0.0,34.0,0,12.0,10.0,11.0,28.0,399.0,398.0,376.0,433.0,119.0,115.0,107.0,130.0,14.625,4.385107372307613,396.25,5.560275772537436
NM,2020-10-10,2020,41,40,16.0,389.0,111.0,29.0,15.0,0.0,36.0,0,17.0,12.0,19.5,21.0,388.0,399.0,400.0,394.0,114.0,119.0,121.0,116.0,13.75,3.3040379335998207,393.5,5.802298395176413
NM,2020-10-17,2020,42,41,21.0,406.0,117.0,34.0,16.0,0.0,39.0,0,16.0,17.0,10.0,21.0,389.0,388.0,398.0,411.0,111.0,114.0,115.0,132.0,16.5,3.6968455021364597,395.5,8.582928793055828
NM,2020-10-24,2020,43,42,51.0,434.0,125.0,52.0,28.0,0.0,75.0,0,21.0,16.0,12.0,19.0,406.0,389.0,399.0,397.0,117.0,111.0,119.0,117.0,26.25,16.64081328140745,404.25,21.484490529992414
NM,2020-10-31,2020,44,43,76.0,460.0,133.0,73.0,48.0,0.0,102.0,0,51.0,21.0,17.0,11.0,434.0,406.0,388.0,376.0,125.0,117.0,114.0,107.0,41.0,27.988092706244444,422.25,31.266329067118406
NM,2020-11-07,2020,45,44,133.0,519.0,150.0,103.0,75.0,0.0,161.0,1,76.0,51.0,16.0,19.5,460.0,434.0,389.0,400.0,133.0,125.0,111.0,121.0,70.25,47.49298193768563,454.75,48.17589300331305
NM,2020-11-14,2020,46,45,185.0,577.0,166.0,116.0,95.0,0.0,206.0,1,133.0,76.0,21.0,10.0,519.0,460.0,406.0,398.0,150.0,133.0,117.0,115.0,111.25,59.957623924457394,497.5,63.82528234694044
NM,2020-11-21,2020,47,46,190.0,587.0,173.0,120.0,104.0,0.0,206.0,1,185.0,133.0,51.0,12.0,577.0,519.0,434.0,399.0,166.0,150.0,125.0,119.0,146.0,53.310411741047346,535.75,58.72747795254508
NM,2020-11-28,2020,48,47,211.0,601.0,158.0,139.0,110.0,0.0,240.0,1,190.0,185.0,76.0,17.0,587.0,577.0,460.0,388.0,173.0,166.0,133.0,114.0,179.75,33.13985515961104,571.0,36.0370180046389
NM,2020-12-05,2020,49,48,256.0,662.0,182.0,139.0,122.0,0.0,273.0,1,211.0,190.0,133.0,16.0,601.0,587.0,519.0,389.0,158.0,173.0,150.0,111.0,210.5,32.35737937472685,606.75,38.125887967801276
NM,2020-12-12,2020,50,49,280.0,687.0,195.0,157.0,141.0,0.0,296.0,1,256.0,211.0,185.0,21.0,662.0,601.0,577.0,406.0,182.0,158.0,166.0,117.0,234.25,41.088319508103496,634.25,47.92615848017311
NM,2020-12-19,2020,51,50,244.0,662.0,184.0,143.0,109.0,0.0,278.0,1,280.0,256.0,190.0,51.0,687.0,662.0,587.0,434.0,195.0,182.0,173.0,125.0,247.75,28.709754439911155,653.0,36.61511527588939
NM,2020-12-26,2020,52,51,199.0,626.0,167.0,140.0,118.0,0.0,221.0,1,244.0,280.0,211.0,76.0,662.0,687.0,601.0,460.0,184.0,195.0,158.0,133.0,244.75,33.97425495871835,659.25,25.104780421266415
NM,2021-01-02,2021,53,52,190.0,607.0,162.0,126.0,106.0,0.0,210.0,1,199.0,244.0,256.0,133.0,626.0,662.0,662.0,519.0,167.0,184.0,182.0,150.0,228.25,41.81207959429904,645.5,35.85619425798936
NM,2021-01-09,2021,1,53,192.0,592.0,150.0,114.0,96.0,0.0,210.0,1,190.0,199.0,280.0,185.0,607.0,626.0,687.0,577.0,162.0,167.0,195.0,166.0,206.25,25.460754112947996,621.75,30.225541075939972
NM,2021-01-16,2021,2,54,178.0,540.0,134.0,91.0,79.0,0.0,190.0,1,192.0,190.0,244.0,190.0,592.0,607.0,662.0,587.0,150.0,162.0,184.0,173.0,189.75,8.732124598286378,591.25,36.89060404312552
NM,2021-01-23,2021,3,55,152.0,535.0,134.0,92.0,70.0,0.0,176.0,1,178.0,192.0,199.0,211.0,540.0,592.0,626.0,601.0,134.0,150.0,167.0,158.0,178.0,18.40289832245629,568.5,36.373066958946445
NM,2021-01-30,2021,4,56,110.0,485.0,130.0,82.0,60.0,0.0,132.0,0,152.0,178.0,190.0,256.0,535.0,540.0,607.0,662.0,134.0,134.0,162.0,182.0,158.0,36.037018004638846,538.0,43.734044709661454
NM,2021-02-06,2021,5,57,112.0,476.0,127.0,85.0,65.0,0.0,132.0,0,110.0,152.0,192.0,280.0,485.0,535.0,592.0,687.0,130.0,134.0,150.0,195.0,138.0,32.94439760161553,509.0,33.1762967593833
NM,2021-02-13,2021,6,58,83.0,475.0,118.0,51.0,39.0,0.0,95.0,0,112.0,110.0,178.0,244.0,476.0,485.0,540.0,662.0,127.0,130.0,134.0,184.0,114.25,28.42973795165896,492.75,28.523382221141553
NM,2021-02-20,2021,7,59,67.0,443.0,119.0,57.0,39.0,0.0,85.0,0,83.0,112.0,152.0,199.0,475.0,476.0,535.0,626.0,118.0,127.0,134.0,167.0,93.0,21.802140567690394,469.75,18.39157415774955
NM,2021-02-27,2021,8,60,54.0,463.0,119.0,53.0,31.0,0.0,76.0,0,67.0,83.0,110.0,190.0,443.0,475.0,485.0,607.0,119.0,118.0,130.0,162.0,79.0,24.993332444207287,464.25,15.348724159790432
NM,2021-03-06,2021,9,61,51.0,453.0,117.0,52.0,31.0,0.0,72.0,0,54.0,67.0,112.0,192.0,463.0,443.0,476.0,592.0,119.0,119.0,127.0,150.0,63.75,14.591664287073787,458.5,13.699148392023051
NM,2021-03-13,2021,10,62,33.0,412.0,110.0,29.0,18.0,0.0,44.0,0,51.0,54.0,83.0,178.0,453.0,463.0,475.0,540.0,117.0,119.0,118.0,134.0,51.25,14.008925726121825,442.75,22.066188313042822
NM,2021-03-20,2021,11,63,28.0,450.0,117.0,41.0,15.0,0.0,54.0,0,33.0,51.0,67.0,152.0,412.0,453.0,443.0,535.0,110.0,117.0,119.0,134.0,41.5,12.922847983320006,444.5,22.368132093076845
NM,2021-03-27,2021,12,64,28.0,444.0,119.0,44.0,15.0,0.0,57.0,0,28.0,33.0,54.0,110.0,450.0,412.0,463.0,485.0,117.0,110.0,119.0,130.0,35.0,10.923979738782531,439.75,18.8745860881769
NM,2021-04-03,2021,13,65,26.0,446.0,126.0,39.0,15.0,0.0,50.0,0,28.0,28.0,51.0,112.0,444.0,450.0,453.0,476.0,119.0,117.0,117.0,127.0,28.75,2.986078811194475,438.0,17.51190071541829
NM,2021-04-10,2021,14,66,16.0,425.0,118.0,28.0,15.0,0.0,39.0,0,26.0,28.0,33.0,83.0,446.0,444.0,412.0,475.0,126.0,119.0,110.0,118.0,24.5,5.744562646537848,441.25,11.116804097101568
NM,2021-04-17,2021,15,67,16.0,439.0,116.0,31.0,12.0,0.0,35.0,0,16.0,26.0,28.0,67.0,425.0,446.0,450.0,443.0,118.0,126.0,117.0,119.0,21.5,6.403124237432687,438.5,9.469248474227905
NM,2021-04-24,2021,16,68,16.0,415.0,119.0,21.0,10.0,0.0,27.0,0,16.0,16.0,28.0,54.0,439.0,425.0,444.0,463.0,116.0,118.0,119.0,119.0,18.5,4.999999999999792,431.25,13.913422775626934
NM,2021-05-01,2021,17,69,15.0,396.0,111.0,17.0,15.0,0.0,27.0,0,16.0,16.0,26.0,51.0,415.0,439.0,446.0,453.0,119.0,116.0,126.0,117.0,15.75,0.4999999999979252,418.75,18.080837001274787
NM,2021-05-08,2021,18,70,13.0,427.0,120.0,31.0,15.0,0.0,36.0,0,15.0,16.0,16.0,33.0,396.0,415.0,425.0,412.0,111.0,119.0,118.0,110.0,15.0,1.4142135623723613,419.25,18.337120820892267
NM,2021-05-15,2021,19,71,16.0,441.0,122.0,42.0,10.0,0.0,48.0,0,13.0,15.0,16.0,28.0,427.0,396.0,439.0,450.0,120.0,111.0,116.0,117.0,15.0,1.4142135623723613,419.75,19.067861267938103
NM,2021-05-22,2021,20,72,22.0,410.0,120.0,42.0,16.0,0.0,48.0,0,16.0,13.0,16.0,28.0,441.0,427.0,415.0,444.0,122.0,120.0,119.0,119.0,16.5,3.8729833462071492,418.5,19.638397762207266
NM,2021-05-29,2021,21,73,25.0,408.0,127.0,33.0,15.0,0.0,43.0,0,22.0,16.0,15.0,26.0,410.0,441.0,396.0,446.0,120.0,122.0,111.0,126.0,19.0,5.477225575051472,421.5,15.545631755148047
NM,2021-06-05,2021,22,74,11.0,412.0,123.0,26.0,15.0,0.0,32.0,0,25.0,22.0,13.0,16.0,408.0,410.0,427.0,425.0,127.0,120.0,120.0,118.0,18.5,6.244997998398232,417.75,15.585784121008073
NM,2021-06-12,2021,23,75,10.0,361.0,104.0,19.0,15.0,0.0,24.0,0,11.0,25.0,16.0,16.0,412.0,408.0,441.0,439.0,123.0,127.0,122.0,116.0,17.0,7.615773105863772,397.75,24.554361459151558
NM,2021-06-19,2021,24,76,21.0,425.0,123.0,26.0,15.0,0.0,32.0,0,10.0,11.0,22.0,16.0,361.0,412.0,410.0,415.0,104.0,123.0,120.0,119.0,16.75,7.41057802513843,401.5,27.95830228512932
NM,2021-06-26,2021,25,77,17.0,411.0,125.0,23.0,15.0,0.0,31.0,0,21.0,10.0,25.0,15.0,425.0,361.0,408.0,396.0,123.0,104.0,127.0,111.0,14.75,5.188127472090927,402.25,28.229712479348198
NM,2021-07-03,2021,26,78,14.0,411.0,122.0,31.0,15.0,0.0,36.0,0,17.0,21.0,11.0,13.0,411.0,425.0,412.0,427.0,125.0,123.0,123.0,120.0,15.5,4.654746681256091,402.0,28.11879561195087
NM,2021-07-10,2021,27,79,11.0,388.0,116.0,17.0,15.0,0.0,24.0,0,14.0,17.0,10.0,16.0,411.0,411.0,361.0,441.0,122.0,125.0,104.0,122.0,15.75,4.272001872658523,408.75,15.326991442115029
NM,2021-07-17,2021,28,80,19.5,404.0,118.0,25.0,15.0,0.0,29.0,0,11.0,14.0,21.0,22.0,388.0,411.0,425.0,410.0,116.0,122.0,123.0,120.0,15.375,3.682729965663777,403.5,10.847426730182011
NM,2021-07-24,2021,29,81,11.0,398.0,120.0,29.0,15.0,0.0,31.0,0,19.5,11.0,17.0,25.0,404.0,388.0,411.0,408.0,118.0,116.0,125.0,127.0,13.875,4.00780488547009,400.25,9.742518497117016
NM,2021-07-31,2021,30,82,12.0,389.0,122.0,31.0,15.0,0.0,37.0,0,11.0,19.5,14.0,11.0,398.0,404.0,411.0,412.0,120.0,118.0,122.0,123.0,13.375,4.110454151712589,394.75,7.632168761236915
NM,2021-08-07,2021,31,83,29.0,409.0,135.0,29.0,16.0,0.0,42.0,0,12.0,11.0,11.0,10.0,389.0,398.0,388.0,361.0,122.0,120.0,116.0,104.0,17.875,8.33041615607115,400.0,8.602325267042664
NM,2021-08-14,2021,32,84,48.0,452.0,136.0,55.0,36.0,0.0,67.0,0,29.0,12.0,19.5,21.0,409.0,389.0,404.0,425.0,135.0,122.0,118.0,123.0,25.0,17.416467303484115,412.0,27.892651361962713
NM,2021-08-21,2021,33,85,55.0,454.0,134.0,52.0,29.0,0.0,78.0,0,48.0,29.0,11.0,17.0,452.0,409.0,398.0,411.0,136.0,135.0,120.0,125.0,36.0,19.40790217067946,426.0,32.23869310833387
NM,2021-08-28,2021,34,86,82.0,463.0,148.0,56.0,43.0,0.0,95.0,0,55.0,48.0,12.0,14.0,454.0,452.0,389.0,411.0,134.0,136.0,122.0,122.0,53.5,21.946905628508645,444.5,24.145392935299288
NM,2021-09-04,2021,35,87,78.0,463.0,136.0,69.0,55.0,0.0,92.0,0,82.0,55.0,29.0,11.0,463.0,454.0,409.0,388.0,148.0,134.0,135.0,116.0,65.75,16.78044496827576,458.0,5.830951894845381
NM,2021-09-11,2021,36,88,101.0,534.0,151.0,80.0,61.0,0.0,120.0,0,78.0,82.0,48.0,19.5,463.0,463.0,452.0,404.0,136.0,148.0,136.0,118.0,79.0,18.885620632287004,478.5,37.24244889907216
NM,2021-09-18,2021,37,89,82.0,489.0,148.0,70.0,53.0,0.0,99.0,0,101.0,78.0,55.0,11.0,534.0,463.0,454.0,398.0,151.0,136.0,134.0,120.0,85.75,10.340051579497297,487.25,33.49004827308158
NM,2021-09-25,2021,38,90,66.0,463.0,134.0,50.0,38.0,0.0,78.0,0,82.0,101.0,82.0,12.0,489.0,534.0,463.0,389.0,148.0,151.0,148.0,122.0,81.75,14.522970311429566,487.25,33.49004827308158
NM,2021-10-02,2021,39,91,75.0,490.0,146.0,56.0,43.0,0.0,88.0,0,66.0,82.0,78.0,29.0,463.0,489.0,463.0,409.0,134.0,148.0,136.0,135.0,81.0,14.854853303438057,494.0,29.450523481482197
NM,2021-10-09,2021,40,92,74.0,470.0,138.0,66.0,55.0,0.0,85.0,0,75.0,66.0,101.0,48.0,490.0,463.0,534.0,452.0,146.0,134.0,151.0,136.0,74.25,6.551081335677685,478.0,13.58921140709305
NM,2021-10-16,2021,41,93,72.0,465.0,132.0,60.0,45.0,0.0,87.0,0,74.0,75.0,82.0,55.0,470.0,490.0,489.0,454.0,138.0,146.0,148.0,134.0,71.75,4.031128874149009,472.0,12.355835328567137
NM,2021-10-23,2021,42,94,71.0,490.0,142.0,68.0,47.0,0.0,92.0,0,72.0,74.0,66.0,82.0,465.0,470.0,463.0,463.0,132.0,138.0,134.0,148.0,73.0,1.8257418583499658,478.75,13.14977819838296
NM,2021-10-30,2021,43,95,81.0,466.0,134.0,73.0,56.0,0.0,98.0,0,71.0,72.0,75.0,78.0,490.0,465.0,490.0,463.0,142.0,132.0,146.0,136.0,74.5,4.509249752822657,472.75,11.701139545645448
NM,2021-11-06,2021,44,96,111.0,567.0,164.0,84.0,66.0,0.0,129.0,0,81.0,71.0,74.0,101.0,466.0,490.0,470.0,534.0,134.0,142.0,138.0,151.0,83.75,18.714967272212842,497.0,48.07632820144789
NM,2021-11-13,2021,45,97,123.0,504.0,145.0,88.0,70.0,0.0,141.0,0,111.0,81.0,72.0,82.0,567.0,466.0,465.0,489.0,164.0,134.0,132.0,148.0,96.5,24.51530134426248,506.75,43.122886421636174
NM,2021-11-20,2021,46,98,151.0,560.0,161.0,124.0,98.0,0.0,177.0,1,123.0,111.0,71.0,66.0,504.0,567.0,490.0,463.0,145.0,164.0,142.0,134.0,116.5,28.99999999999996,524.25,47.98871395095587
NM,2021-11-27,2021,47,99,148.0,528.0,156.0,108.0,87.0,0.0,169.0,1,151.0,123.0,81.0,75.0,560.0,504.0,466.0,490.0,161.0,145.0,134.0,146.0,133.25,19.43150363027347,539.75,29.261749776799068
NM,2021-12-04,2021,48,100,159.0,569.0,150.0,113.0,89.0,0.0,183.0,1,148.0,151.0,111.0,74.0,528.0,560.0,567.0,470.0,156.0,161.0,164.0,138.0,145.25,15.542951242712274,540.25,29.892864254422552
NM,2021-12-11,2021,49,101,199.0,659.0,181.0,150.0,129.0,0.0,220.0,1,159.0,148.0,123.0,72.0,569.0,528.0,504.0,465.0,150.0,156.0,145.0,132.0,164.25,23.627314701421273,579.0,56.160484328395874
NM,2021-12-18,2021,50,102,173.0,593.0,168.0,137.0,113.0,0.0,197.0,1,199.0,159.0,151.0,71.0,659.0,569.0,560.0,490.0,181.0,150.0,161.0,142.0,169.75,22.020823478395727,587.25,54.84751589634665
NM,2021-12-25,2021,51,103,164.0,613.0,170.0,132.0,113.0,0.0,183.0,1,173.0,199.0,148.0,81.0,593.0,659.0,528.0,466.0,168.0,181.0,156.0,134.0,173.75,17.802153427792508,608.5,38.170669367984615
NV,2020-02-29,2020,9,8,0.0,544.0,100.0,39.0,0.0,0.0,44.0,0,0.0,0.0,0.0,0.0,546.0,530.0,532.0,521.0,107.0,105.0,101.0,90.0,0.0,0.0,549.75,20.758532382292024
NV,2020-03-07,2020,10,9,0.0,535.0,103.0,33.0,0.0,0.0,37.0,0,0.0,0.0,0.0,0.0,544.0,546.0,579.0,556.0,100.0,107.0,107.0,97.0,0.0,0.0,538.75,7.544313531837512
NV,2020-03-14,2020,11,10,0.0,515.0,96.0,48.0,0.0,0.0,54.0,0,0.0,0.0,0.0,0.0,535.0,544.0,530.0,605.0,103.0,100.0,105.0,108.0,0.0,0.0,535.0,14.165686240583844
NV,2020-03-21,2020,12,11,29.0,508.0,99.0,47.0,23.0,0.0,51.0,0,0.0,0.0,0.0,0.0,515.0,535.0,546.0,577.0,96.0,103.0,107.0,107.0,7.25,14.5,525.5,16.822603841260726
NV,2020-03-28,2020,13,12,19.0,543.0,111.0,57.0,16.0,0.0,62.0,0,29.0,0.0,0.0,0.0,508.0,515.0,544.0,532.0,99.0,96.0,100.0,101.0,12.0,14.445299120013633,525.25,16.459546368799682
NV,2020-04-04,2020,14,13,43.0,593.0,116.0,79.0,33.0,0.0,90.0,0,19.0,29.0,0.0,0.0,543.0,508.0,535.0,579.0,111.0,99.0,103.0,107.0,22.75,18.080837001274766,539.75,38.586482952799244
NV,2020-04-11,2020,15,14,55.0,588.0,116.0,91.0,43.0,0.0,103.0,0,43.0,19.0,0.0,0.0,593.0,543.0,515.0,530.0,116.0,111.0,96.0,105.0,36.5,15.7797338380595,558.0,40.2077936060494
NV,2020-04-18,2020,16,15,43.0,546.0,109.0,52.0,33.0,0.0,63.0,0,55.0,43.0,29.0,0.0,588.0,593.0,508.0,546.0,116.0,116.0,99.0,107.0,40.0,15.0996688705415,567.5,26.664583251946773
NV,2020-04-25,2020,17,16,62.0,565.0,110.0,85.0,50.0,0.0,97.0,0,43.0,55.0,19.0,0.0,546.0,588.0,543.0,544.0,109.0,116.0,111.0,100.0,50.75,9.394147114027968,573.0,21.740898478827116
NV,2020-05-02,2020,18,17,48.0,547.0,111.0,65.0,32.0,0.0,81.0,0,62.0,43.0,43.0,0.0,565.0,546.0,593.0,535.0,110.0,109.0,116.0,103.0,52.0,8.286535263104035,561.5,19.706175005143294
NV,2020-05-09,2020,19,18,51.0,544.0,113.0,58.0,32.0,0.0,77.0,0,48.0,62.0,55.0,0.0,547.0,565.0,588.0,515.0,111.0,110.0,116.0,96.0,51.0,8.04155872120988,550.5,9.746794344808993
NV,2020-05-16,2020,20,19,34.0,514.0,109.0,43.0,24.0,0.0,53.0,0,51.0,48.0,43.0,29.0,544.0,547.0,546.0,508.0,113.0,111.0,109.0,99.0,48.75,11.528949070347508,542.5,21.142374511865988
NV,2020-05-23,2020,21,20,36.0,536.0,112.0,45.0,24.0,0.0,57.0,0,34.0,51.0,62.0,19.0,514.0,544.0,565.0,543.0,109.0,113.0,110.0,111.0,42.25,8.5,535.25,14.908051515875593
NV,2020-05-30,2020,22,21,29.0,543.0,112.0,56.0,21.0,0.0,64.0,0,36.0,34.0,48.0,43.0,536.0,514.0,547.0,593.0,112.0,109.0,111.0,116.0,37.5,9.46924847422786,534.25,13.961255912942335
NV,2020-06-06,2020,23,22,21.0,562.0,114.0,36.0,15.0,0.0,42.0,0,29.0,36.0,51.0,55.0,543.0,536.0,544.0,588.0,112.0,112.0,113.0,116.0,30.0,6.683312551921142,538.75,19.822125684867082
NV,2020-06-13,2020,24,23,17.0,543.0,108.0,39.0,23.0,0.0,47.0,0,21.0,29.0,34.0,43.0,562.0,543.0,514.0,546.0,114.0,112.0,109.0,109.0,25.75,8.460693430998038,546.0,11.165422816296177
NV,2020-06-20,2020,25,24,20.0,519.0,105.0,42.0,15.0,0.0,47.0,0,17.0,21.0,36.0,62.0,543.0,562.0,536.0,565.0,108.0,114.0,112.0,110.0,21.75,5.123475382979802,541.75,17.613914953808557
NV,2020-06-27,2020,26,25,23.0,557.0,110.0,45.0,16.0,0.0,53.0,0,20.0,17.0,29.0,48.0,519.0,543.0,543.0,547.0,105.0,108.0,112.0,111.0,20.25,2.5000000000000044,545.25,19.259196937221116
NV,2020-07-04,2020,27,26,43.0,528.0,109.0,55.0,34.0,0.0,64.0,0,23.0,20.0,21.0,51.0,557.0,519.0,562.0,544.0,110.0,105.0,114.0,113.0,25.75,11.757976016304848,536.75,16.740669042783214
NV,2020-07-11,2020,28,27,67.0,633.0,129.0,78.0,50.0,0.0,95.0,0,43.0,23.0,17.0,34.0,528.0,557.0,543.0,514.0,109.0,110.0,108.0,109.0,38.25,21.715969546242537,559.25,51.7711309515255
NV,2020-07-18,2020,29,28,87.0,640.0,134.0,96.0,70.0,0.0,113.0,0,67.0,43.0,20.0,36.0,633.0,528.0,519.0,536.0,129.0,109.0,105.0,112.0,55.0,27.904599381941797,589.5,55.62073953721462
NV,2020-07-25,2020,30,29,94.0,657.0,145.0,106.0,70.0,0.0,130.0,0,87.0,67.0,23.0,29.0,640.0,633.0,557.0,543.0,134.0,129.0,110.0,112.0,72.75,22.896506283710618,614.5,58.54058421300561
NV,2020-08-01,2020,31,30,108.0,620.0,128.0,108.0,80.0,0.0,136.0,0,94.0,87.0,43.0,21.0,657.0,640.0,528.0,562.0,145.0,134.0,109.0,114.0,89.0,17.068489485989467,637.5,15.416441439796248
NV,2020-08-08,2020,32,31,131.0,694.0,153.0,142.0,109.0,0.0,164.0,0,108.0,94.0,67.0,17.0,620.0,657.0,633.0,543.0,128.0,145.0,129.0,108.0,105.0,19.40790217067951,652.75,31.38338201447809
NV,2020-08-15,2020,33,32,116.0,662.0,145.0,121.0,89.0,0.0,148.0,0,131.0,108.0,87.0,20.0,694.0,620.0,640.0,519.0,153.0,128.0,134.0,105.0,112.25,15.456929406148765,658.25,30.31363829477859
NV,2020-08-22,2020,34,33,101.0,648.0,145.0,109.0,78.0,0.0,132.0,0,116.0,131.0,94.0,23.0,662.0,694.0,657.0,557.0,145.0,153.0,145.0,110.0,114.0,12.884098726725117,656.0,30.767948691238207
NV,2020-08-29,2020,35,34,80.0,633.0,131.0,81.0,57.0,0.0,104.0,0,101.0,116.0,108.0,43.0,648.0,662.0,620.0,528.0,145.0,145.0,128.0,109.0,107.0,21.771541057077236,659.25,26.017622233145495
NV,2020-09-05,2020,36,35,77.0,640.0,140.0,90.0,57.0,0.0,110.0,0,80.0,101.0,131.0,67.0,633.0,648.0,694.0,633.0,131.0,145.0,153.0,129.0,93.5,18.411952639521964,645.75,12.446552400832381
NV,2020-09-12,2020,37,36,62.0,559.0,120.0,75.0,50.0,0.0,87.0,0,77.0,80.0,116.0,87.0,640.0,633.0,662.0,640.0,140.0,131.0,145.0,134.0,80.0,16.062378404209003,620.0,41.12582319338221
NV,2020-09-19,2020,38,37,51.0,537.0,118.0,62.0,34.0,0.0,79.0,0,62.0,77.0,101.0,94.0,559.0,640.0,648.0,657.0,120.0,140.0,145.0,145.0,67.5,13.527749258468674,592.25,51.957514695502255
NV,2020-09-26,2020,39,38,41.0,528.0,112.0,57.0,31.0,0.0,67.0,0,51.0,62.0,80.0,108.0,537.0,559.0,633.0,620.0,118.0,120.0,131.0,128.0,57.75,15.435349040433126,566.0,51.02287068887179
NV,2020-10-03,2020,40,39,37.0,564.0,119.0,61.0,29.0,0.0,69.0,0,41.0,51.0,77.0,131.0,528.0,537.0,640.0,694.0,112.0,118.0,140.0,153.0,47.75,11.176612486199318,547.0,17.262676501632054
NV,2020-10-10,2020,41,40,42.0,558.0,115.0,54.0,27.0,0.0,69.0,0,37.0,41.0,62.0,116.0,564.0,528.0,559.0,662.0,119.0,112.0,120.0,145.0,42.75,5.909032633745264,546.75,17.036725037400807
NV,2020-10-17,2020,42,41,32.0,526.0,119.0,44.0,23.0,0.0,53.0,0,42.0,37.0,51.0,101.0,558.0,564.0,537.0,648.0,115.0,119.0,118.0,145.0,38.0,4.546060565661933,544.0,19.79898987322332
NV,2020-10-24,2020,43,42,37.0,541.0,116.0,61.0,30.0,0.0,68.0,0,32.0,42.0,41.0,80.0,526.0,558.0,528.0,633.0,119.0,115.0,112.0,131.0,37.0,4.082482904638609,547.25,17.192537140670446
NV,2020-10-31,2020,44,43,53.0,604.0,127.0,73.0,42.0,0.0,84.0,0,37.0,32.0,37.0,77.0,541.0,526.0,564.0,640.0,116.0,119.0,119.0,140.0,41.0,8.981462390204976,557.25,33.797189232242374
NV,2020-11-07,2020,45,44,63.0,555.0,115.0,68.0,45.0,0.0,86.0,0,53.0,37.0,42.0,62.0,604.0,541.0,558.0,559.0,127.0,116.0,115.0,120.0,46.25,14.314910641239313,556.5,33.80828300875393
NV,2020-11-14,2020,46,45,85.0,631.0,130.0,93.0,67.0,0.0,111.0,0,63.0,53.0,32.0,51.0,555.0,604.0,526.0,537.0,115.0,127.0,119.0,118.0,59.5,20.09145755455951,582.75,42.002976085034746
NV,2020-11-21,2020,47,46,138.0,663.0,135.0,140.0,114.0,0.0,164.0,0,85.0,63.0,37.0,41.0,631.0,555.0,541.0,528.0,130.0,115.0,116.0,112.0,84.75,37.93305506634901,613.25,45.71196050634161
NV,2020-11-28,2020,48,47,181.0,744.0,147.0,165.0,138.0,0.0,208.0,1,138.0,85.0,53.0,37.0,663.0,631.0,604.0,564.0,135.0,130.0,127.0,119.0,116.75,53.15621631882139,648.25,78.27036476214992
NV,2020-12-05,2020,49,48,215.0,773.0,160.0,199.0,165.0,0.0,250.0,1,181.0,138.0,63.0,42.0,744.0,663.0,555.0,558.0,147.0,135.0,115.0,115.0,154.75,56.16864487119719,702.75,66.74516212180974
NV,2020-12-12,2020,50,49,288.0,908.0,175.0,248.0,216.0,0.0,320.0,1,215.0,181.0,85.0,32.0,773.0,744.0,631.0,526.0,160.0,147.0,130.0,119.0,205.5,63.3850665903781,772.0,101.91826790783551
NV,2020-12-19,2020,51,50,281.0,845.0,159.0,257.0,222.0,0.0,316.0,1,288.0,215.0,138.0,37.0,908.0,773.0,663.0,541.0,175.0,160.0,135.0,116.0,241.25,51.91258678458112,817.5,73.77669008569035
NV,2020-12-26,2020,52,51,295.0,867.0,165.0,282.0,245.0,0.0,332.0,1,281.0,288.0,181.0,53.0,845.0,908.0,744.0,604.0,159.0,175.0,147.0,127.0,269.75,36.94477861168838,848.25,56.55307241874662
NV,2021-01-02,2021,53,52,288.0,856.0,163.0,262.0,230.0,0.0,320.0,1,295.0,281.0,215.0,63.0,867.0,845.0,773.0,555.0,165.0,159.0,160.0,115.0,288.0,5.715476066494135,869.0,27.50757471437034
NV,2021-01-09,2021,1,53,294.0,889.0,153.0,253.0,235.0,0.0,313.0,1,288.0,295.0,288.0,85.0,856.0,867.0,908.0,631.0,163.0,165.0,175.0,130.0,289.5,6.454972243679075,864.25,18.78607640425926
NV,2021-01-16,2021,2,54,300.0,847.0,147.0,272.0,246.0,0.0,326.0,1,294.0,288.0,281.0,138.0,889.0,856.0,845.0,663.0,153.0,163.0,159.0,135.0,294.25,4.924428900898123,864.75,18.117670931993434
NV,2021-01-23,2021,3,55,255.0,825.0,148.0,242.0,213.0,0.0,285.0,1,300.0,294.0,295.0,181.0,847.0,889.0,867.0,744.0,147.0,153.0,165.0,147.0,284.25,20.105969262883118,854.25,26.57536453183662
NV,2021-01-30,2021,4,56,224.0,782.0,145.0,210.0,177.0,0.0,257.0,1,255.0,300.0,288.0,215.0,825.0,847.0,856.0,773.0,148.0,147.0,163.0,160.0,268.25,35.612497806247745,835.75,44.597271964400086
NV,2021-02-06,2021,5,57,210.0,721.0,136.0,190.0,167.0,0.0,234.0,1,224.0,255.0,294.0,288.0,782.0,825.0,889.0,908.0,145.0,148.0,153.0,175.0,247.25,39.877938763180836,793.75,55.506005681067215
NV,2021-02-13,2021,6,58,175.0,702.0,130.0,161.0,136.0,0.0,201.0,1,210.0,224.0,300.0,281.0,721.0,782.0,847.0,845.0,136.0,145.0,147.0,159.0,216.0,33.176296759383305,757.5,56.477134016048176
NV,2021-02-20,2021,7,59,113.0,639.0,127.0,117.0,88.0,0.0,142.0,0,175.0,210.0,255.0,295.0,702.0,721.0,825.0,867.0,130.0,136.0,148.0,165.0,180.5,49.49410739337227,711.0,58.89538748209969
NV,2021-02-27,2021,8,60,80.0,667.0,131.0,103.0,65.0,0.0,118.0,0,113.0,175.0,224.0,288.0,639.0,702.0,782.0,856.0,127.0,130.0,145.0,163.0,144.5,58.80192740605249,682.25,36.49086643714195
NV,2021-03-06,2021,9,61,59.0,558.0,102.0,78.0,43.0,0.0,94.0,0,80.0,113.0,210.0,294.0,667.0,639.0,721.0,889.0,131.0,127.0,136.0,153.0,106.75,50.63842414609682,641.5,61.343296292260014
NV,2021-03-13,2021,10,62,52.0,605.0,117.0,71.0,39.0,0.0,84.0,0,59.0,80.0,175.0,300.0,558.0,667.0,702.0,847.0,102.0,131.0,130.0,147.0,76.0,27.38612787525832,617.25,46.93523907115706
NV,2021-03-20,2021,11,63,53.0,594.0,111.0,61.0,33.0,0.0,81.0,0,52.0,59.0,113.0,255.0,605.0,558.0,639.0,825.0,117.0,102.0,127.0,148.0,61.0,13.038404810405332,606.0,45.35048695071166
NV,2021-03-27,2021,12,64,39.0,554.0,108.0,51.0,28.0,0.0,62.0,0,53.0,52.0,80.0,224.0,594.0,605.0,667.0,782.0,111.0,117.0,131.0,145.0,50.75,8.421203397773237,577.75,25.565275929145265
NV,2021-04-03,2021,13,65,39.0,574.0,117.0,53.0,32.0,0.0,61.0,0,39.0,53.0,59.0,210.0,554.0,594.0,558.0,721.0,108.0,111.0,102.0,136.0,45.75,7.804912982645451,581.75,22.514809940718298
NV,2021-04-10,2021,14,66,38.0,543.0,106.0,60.0,33.0,0.0,65.0,0,39.0,39.0,52.0,175.0,574.0,554.0,605.0,702.0,117.0,108.0,117.0,130.0,42.25,7.182153808805139,566.25,22.514809940718298
NV,2021-04-17,2021,15,67,33.0,535.0,105.0,55.0,27.0,0.0,61.0,0,38.0,39.0,53.0,113.0,543.0,574.0,594.0,639.0,106.0,117.0,111.0,127.0,37.25,2.8722813232691573,551.5,16.90167644544965
NV,2021-04-24,2021,16,68,32.0,577.0,115.0,48.0,23.0,0.0,57.0,0,33.0,38.0,39.0,80.0,535.0,543.0,554.0,667.0,105.0,106.0,108.0,131.0,35.5,3.511884584284363,557.25,21.36000936329385
NV,2021-05-01,2021,17,69,45.0,551.0,107.0,59.0,33.0,0.0,71.0,0,32.0,33.0,39.0,59.0,577.0,535.0,574.0,558.0,115.0,105.0,117.0,102.0,37.0,5.944184833375737,551.5,18.211717839530337
NV,2021-05-08,2021,18,70,37.0,588.0,119.0,54.0,24.0,0.0,67.0,0,45.0,32.0,38.0,52.0,551.0,577.0,543.0,605.0,107.0,115.0,106.0,117.0,36.75,5.909032633745348,562.75,24.143667216615356
NV,2021-05-15,2021,19,71,28.0,556.0,116.0,49.0,17.0,0.0,60.0,0,37.0,45.0,33.0,53.0,588.0,551.0,535.0,594.0,119.0,107.0,105.0,111.0,35.5,7.325753658612026,568.0,17.45470328211474
NV,2021-05-22,2021,20,72,27.0,510.0,109.0,49.0,20.0,0.0,56.0,0,28.0,37.0,32.0,39.0,556.0,588.0,577.0,554.0,116.0,119.0,115.0,108.0,34.25,8.460693430998086,551.25,32.01431971269524
NV,2021-05-29,2021,21,73,16.0,498.0,104.0,43.0,13.0,0.0,46.0,0,27.0,28.0,45.0,39.0,510.0,556.0,551.0,574.0,109.0,116.0,107.0,117.0,27.0,8.602325267042675,538.0,41.665333311999326
NV,2021-06-05,2021,22,74,25.0,571.0,118.0,36.0,17.0,0.0,44.0,0,16.0,27.0,37.0,38.0,498.0,510.0,588.0,543.0,104.0,109.0,119.0,106.0,24.0,5.477225575051737,533.75,35.23610837384478
NV,2021-06-12,2021,23,75,27.0,548.0,111.0,56.0,19.0,0.0,64.0,0,25.0,16.0,28.0,33.0,571.0,498.0,556.0,535.0,118.0,104.0,116.0,105.0,23.75,5.251983752196322,531.75,33.747839437016815
NV,2021-06-19,2021,24,76,29.0,569.0,113.0,39.0,18.0,0.0,50.0,0,27.0,25.0,27.0,32.0,548.0,571.0,510.0,577.0,111.0,118.0,109.0,115.0,24.25,5.7373048260195745,546.5,33.965668941839894
NV,2021-06-26,2021,25,77,31.0,548.0,110.0,55.0,26.0,0.0,60.0,0,29.0,27.0,16.0,45.0,569.0,548.0,498.0,551.0,113.0,111.0,104.0,107.0,28.0,2.581988897471772,559.0,12.727922061357903
NV,2021-07-03,2021,26,78,38.0,561.0,111.0,60.0,32.0,0.0,66.0,0,31.0,29.0,25.0,37.0,548.0,569.0,571.0,588.0,110.0,113.0,118.0,119.0,31.25,4.7871355387817776,556.5,10.34408043278866
NV,2021-07-10,2021,27,79,50.0,637.0,132.0,56.0,33.0,0.0,73.0,0,38.0,31.0,27.0,28.0,561.0,548.0,548.0,556.0,111.0,110.0,111.0,116.0,37.0,9.486832980505183,578.75,39.78588526935987
NV,2021-07-17,2021,28,80,76.0,719.0,147.0,90.0,56.0,0.0,110.0,0,50.0,38.0,29.0,27.0,637.0,561.0,569.0,510.0,132.0,111.0,113.0,109.0,48.75,19.78846465326035,616.25,78.94882308601356
NV,2021-07-24,2021,29,81,91.0,619.0,130.0,95.0,72.0,0.0,114.0,0,76.0,50.0,31.0,16.0,719.0,637.0,548.0,498.0,147.0,132.0,110.0,104.0,63.75,24.11603892295197,634.0,65.28910067282798
NV,2021-07-31,2021,30,82,139.0,672.0,149.0,141.0,115.0,0.0,165.0,0,91.0,76.0,38.0,25.0,619.0,719.0,561.0,571.0,130.0,147.0,111.0,118.0,89.0,37.38983819167985,661.75,44.05583578445273
NV,2021-08-07,2021,31,83,151.0,662.0,137.0,145.0,122.0,0.0,174.0,0,139.0,91.0,50.0,27.0,672.0,619.0,637.0,548.0,149.0,130.0,132.0,111.0,114.25,36.36275567115343,668.0,41.04469108991644
NV,2021-08-14,2021,32,84,151.0,705.0,155.0,146.0,124.0,0.0,173.0,0,151.0,139.0,76.0,29.0,662.0,672.0,719.0,569.0,137.0,149.0,147.0,113.0,133.0,28.565713714171416,664.5,35.463596358331536
NV,2021-08-21,2021,33,85,181.0,710.0,156.0,167.0,139.0,0.0,209.0,1,151.0,151.0,91.0,31.0,705.0,662.0,619.0,548.0,155.0,137.0,130.0,110.0,155.5,17.91647286716894,687.25,23.82400749943916
NV,2021-08-28,2021,34,86,177.0,737.0,165.0,175.0,140.0,0.0,212.0,1,181.0,151.0,139.0,38.0,710.0,705.0,672.0,561.0,156.0,155.0,149.0,111.0,165.0,16.24807680927195,703.5,31.03224129836579
NV,2021-09-04,2021,35,87,155.0,689.0,142.0,149.0,122.0,0.0,182.0,0,177.0,181.0,151.0,50.0,737.0,710.0,662.0,637.0,165.0,156.0,137.0,132.0,166.0,15.18771433319272,710.25,19.95620204347508
NV,2021-09-11,2021,36,88,191.0,760.0,166.0,180.0,152.0,0.0,219.0,1,155.0,177.0,151.0,76.0,689.0,737.0,705.0,719.0,142.0,165.0,155.0,147.0,176.0,15.18771433319272,724.0,31.016124838541632
NV,2021-09-18,2021,37,89,174.0,702.0,150.0,168.0,132.0,0.0,210.0,1,191.0,155.0,181.0,91.0,760.0,689.0,710.0,619.0,166.0,142.0,156.0,130.0,174.25,14.818344486930187,722.0,32.444824959716854
NV,2021-09-25,2021,38,90,172.0,703.0,154.0,160.0,138.0,0.0,194.0,1,174.0,191.0,177.0,139.0,702.0,760.0,737.0,672.0,150.0,166.0,165.0,149.0,173.0,14.719601443879778,713.5,31.64911794452834
NV,2021-10-02,2021,39,91,155.0,645.0,137.0,156.0,123.0,0.0,188.0,0,172.0,174.0,155.0,151.0,703.0,702.0,689.0,662.0,154.0,150.0,142.0,137.0,173.0,14.719601443879778,702.5,46.950328362358995
NV,2021-10-09,2021,40,92,143.0,677.0,143.0,151.0,123.0,0.0,172.0,0,155.0,172.0,191.0,151.0,645.0,703.0,760.0,705.0,137.0,154.0,166.0,155.0,161.0,14.719601443879778,681.75,27.293161536668226
NV,2021-10-16,2021,41,93,127.0,685.0,141.0,128.0,105.0,0.0,150.0,0,143.0,155.0,174.0,181.0,677.0,645.0,702.0,710.0,143.0,137.0,150.0,156.0,149.25,19.015344680897428,677.5,24.241837114102264
NV,2021-10-23,2021,42,94,114.0,686.0,155.0,114.0,88.0,0.0,140.0,0,127.0,143.0,172.0,177.0,685.0,677.0,703.0,737.0,141.0,143.0,154.0,165.0,134.75,17.96988221070654,673.25,19.25919693722108
NV,2021-10-30,2021,43,95,85.0,639.0,137.0,102.0,71.0,0.0,116.0,0,114.0,127.0,155.0,155.0,686.0,685.0,645.0,689.0,155.0,141.0,137.0,142.0,117.25,24.554361459151554,671.75,22.201726659579112
NV,2021-11-06,2021,44,96,119.0,710.0,149.0,131.0,98.0,0.0,152.0,0,85.0,114.0,143.0,191.0,639.0,686.0,677.0,760.0,137.0,155.0,143.0,166.0,111.25,18.30072858294629,680.0,29.67602848540663
NV,2021-11-13,2021,45,97,111.0,659.0,137.0,118.0,83.0,0.0,146.0,0,119.0,85.0,127.0,174.0,710.0,639.0,685.0,702.0,149.0,137.0,141.0,150.0,107.25,15.195942440884256,673.5,31.032241298365793
NV,2021-11-20,2021,46,98,102.0,669.0,138.0,102.0,71.0,0.0,133.0,0,111.0,119.0,114.0,172.0,659.0,710.0,686.0,703.0,137.0,149.0,155.0,154.0,104.25,14.591664287073883,669.25,29.89286425442254
NV,2021-11-27,2021,47,99,100.0,617.0,125.0,110.0,80.0,0.0,130.0,0,102.0,111.0,85.0,155.0,669.0,659.0,639.0,645.0,138.0,137.0,137.0,137.0,108.0,8.75595035770917,663.75,38.18703968626004
NV,2021-12-04,2021,48,100,105.0,698.0,138.0,108.0,76.0,0.0,137.0,0,100.0,102.0,119.0,143.0,617.0,669.0,710.0,677.0,125.0,138.0,149.0,143.0,104.5,4.795831523312787,660.75,33.529837458597974
NV,2021-12-11,2021,49,101,115.0,663.0,137.0,125.0,86.0,0.0,154.0,0,105.0,100.0,111.0,127.0,698.0,617.0,659.0,685.0,138.0,125.0,137.0,141.0,105.5,6.658328118479441,661.75,33.51989459012861
NV,2021-12-18,2021,50,102,88.0,662.0,128.0,92.0,67.0,0.0,113.0,0,115.0,105.0,102.0,114.0,663.0,698.0,669.0,686.0,137.0,138.0,138.0,155.0,102.0,11.224972160321855,660.0,33.19638534539566
NV,2021-12-25,2021,51,103,115.0,691.0,130.0,137.0,95.0,0.0,157.0,0,88.0,115.0,100.0,85.0,662.0,663.0,617.0,639.0,128.0,137.0,125.0,137.0,105.75,12.737739202857023,678.5,18.699376103674314
NY,2020-02-29,2020,9,8,0.0,0.0,107.0,164.0,0.0,18.0,182.0,0,58.0,58.0,0.0,0.0,0.0,0.0,0.0,0.0,97.0,97.0,98.0,100.0,43.5,29.0,0.0,0.0
NY,2020-03-07,2020,10,9,0.0,0.0,100.0,165.0,0.0,23.0,188.0,0,0.0,58.0,58.0,0.0,0.0,0.0,0.0,0.0,107.0,97.0,97.0,95.0,29.0,33.48631561299829,0.0,0.0
NY,2020-03-14,2020,11,10,58.0,0.0,99.0,171.0,28.0,19.0,191.0,0,0.0,0.0,58.0,0.0,0.0,0.0,0.0,0.0,100.0,107.0,97.0,102.0,29.0,33.48631561299829,0.0,0.0
NY,2020-03-21,2020,12,11,44.0,0.0,105.0,215.0,21.0,17.0,254.0,0,58.0,0.0,58.0,58.0,0.0,0.0,0.0,0.0,99.0,100.0,97.0,93.0,25.5,29.99444392994587,0.0,0.0
NY,2020-03-28,2020,13,12,306.0,0.0,129.0,429.0,185.0,15.0,563.0,0,44.0,58.0,0.0,0.0,0.0,0.0,0.0,0.0,105.0,99.0,107.0,98.0,102.0,138.22686666009133,0.0,0.0
NY,2020-04-04,2020,14,13,58.0,0.0,195.0,957.0,638.0,15.0,200.5,0,306.0,44.0,0.0,58.0,0.0,0.0,0.0,0.0,129.0,105.0,100.0,97.0,116.5,126.50559934906703,0.0,0.0
NY,2020-04-11,2020,15,14,58.0,0.0,237.0,158.0,28.0,12.0,200.5,0,58.0,306.0,58.0,58.0,0.0,0.0,0.0,0.0,195.0,129.0,99.0,97.0,116.5,126.50559934906703,0.0,0.0
NY,2020-04-18,2020,16,15,58.0,0.0,231.0,158.0,28.0,0.0,200.5,0,58.0,58.0,44.0,58.0,0.0,0.0,0.0,0.0,237.0,195.0,105.0,97.0,120.0,124.0,0.0,0.0
NY,2020-04-25,2020,17,16,58.0,0.0,197.0,973.0,764.0,0.0,200.5,0,58.0,58.0,306.0,0.0,0.0,0.0,0.0,0.0,231.0,237.0,129.0,107.0,58.0,0.0,0.0,0.0
NY,2020-05-02,2020,18,17,58.0,0.0,164.0,676.0,514.0,0.0,200.5,0,58.0,58.0,58.0,0.0,0.0,0.0,0.0,0.0,197.0,231.0,195.0,100.0,58.0,0.0,0.0,0.0
NY,2020-05-09,2020,19,18,882.0,0.0,154.0,526.0,400.0,0.0,200.5,1,58.0,58.0,58.0,58.0,0.0,0.0,0.0,0.0,164.0,197.0,237.0,99.0,264.0,412.0,0.0,0.0
NY,2020-05-16,2020,20,19,676.0,0.0,137.0,435.0,301.0,0.0,810.0,1,882.0,58.0,58.0,44.0,0.0,0.0,0.0,0.0,154.0,164.0,231.0,105.0,418.5,424.679879438619,0.0,0.0
NY,2020-05-23,2020,21,20,462.0,0.0,121.0,331.0,196.0,0.0,597.0,1,676.0,882.0,58.0,306.0,0.0,0.0,0.0,0.0,137.0,154.0,197.0,129.0,519.5,352.2248334989078,0.0,0.0
NY,2020-05-30,2020,22,21,334.0,0.0,121.0,247.0,129.0,0.0,452.0,0,462.0,676.0,58.0,58.0,0.0,0.0,0.0,0.0,121.0,137.0,164.0,195.0,588.5,241.22672599306512,0.0,0.0
NY,2020-06-06,2020,23,22,264.0,0.0,108.0,229.0,120.0,0.0,373.0,0,334.0,462.0,882.0,58.0,0.0,0.0,0.0,0.0,121.0,121.0,154.0,237.0,434.0,180.9677687692848,0.0,0.0
NY,2020-06-13,2020,24,23,181.0,0.0,103.0,186.0,77.0,0.0,290.0,0,264.0,334.0,676.0,58.0,0.0,0.0,0.0,0.0,108.0,121.0,137.0,231.0,310.25,118.93520645012278,0.0,0.0
NY,2020-06-20,2020,25,24,128.0,0.0,104.0,160.0,46.0,0.0,242.0,0,181.0,264.0,462.0,58.0,0.0,0.0,0.0,0.0,103.0,108.0,121.0,197.0,226.75,90.80152348207965,0.0,0.0
NY,2020-06-27,2020,26,25,78.0,0.0,105.0,153.0,31.0,0.0,200.0,0,128.0,181.0,334.0,58.0,0.0,0.0,0.0,0.0,104.0,103.0,121.0,164.0,162.75,79.52934468903074,0.0,0.0
NY,2020-07-04,2020,27,26,61.0,0.0,103.0,142.0,20.0,0.0,183.0,0,78.0,128.0,264.0,882.0,0.0,0.0,0.0,0.0,105.0,104.0,108.0,154.0,112.0,54.08018737640117,0.0,0.0
NY,2020-07-11,2020,28,27,64.0,0.0,106.0,140.0,18.0,0.0,186.0,0,61.0,78.0,181.0,676.0,0.0,0.0,0.0,0.0,103.0,105.0,103.0,137.0,82.75,31.063107807601295,0.0,0.0
NY,2020-07-18,2020,29,28,59.0,0.0,101.0,147.0,22.0,0.0,184.0,0,64.0,61.0,128.0,462.0,0.0,0.0,0.0,0.0,106.0,103.0,104.0,121.0,65.5,8.582928793055473,0.0,0.0
NY,2020-07-25,2020,30,29,46.0,0.0,102.0,129.0,16.0,0.0,159.0,0,59.0,64.0,78.0,334.0,0.0,0.0,0.0,0.0,101.0,106.0,105.0,121.0,57.5,7.9372539331933964,0.0,0.0
NY,2020-08-01,2020,31,30,41.0,0.0,105.0,118.0,28.0,0.0,150.0,0,46.0,59.0,61.0,264.0,0.0,0.0,0.0,0.0,102.0,101.0,103.0,108.0,52.5,10.785793124908682,0.0,0.0
NY,2020-08-08,2020,32,31,33.0,0.0,105.0,133.0,15.0,0.0,151.0,0,41.0,46.0,64.0,181.0,0.0,0.0,0.0,0.0,105.0,102.0,106.0,103.0,44.75,10.904891868636787,0.0,0.0
NY,2020-08-15,2020,33,32,39.0,0.0,101.0,118.0,14.0,0.0,143.0,0,33.0,41.0,59.0,128.0,0.0,0.0,0.0,0.0,105.0,105.0,101.0,104.0,39.75,5.377421934966671,0.0,0.0
NY,2020-08-22,2020,34,33,33.0,0.0,106.0,115.0,10.0,0.0,138.0,0,39.0,33.0,46.0,78.0,0.0,0.0,0.0,0.0,101.0,105.0,102.0,105.0,36.5,4.123105625616936,0.0,0.0
NY,2020-08-29,2020,35,34,25.0,0.0,102.0,97.0,28.0,0.0,118.0,0,33.0,39.0,41.0,61.0,0.0,0.0,0.0,0.0,106.0,101.0,105.0,103.0,32.5,5.744562646537508,0.0,0.0
NY,2020-09-05,2020,36,35,29.0,0.0,101.0,106.0,12.0,0.0,123.0,0,25.0,33.0,33.0,64.0,0.0,0.0,0.0,0.0,102.0,106.0,105.0,106.0,31.5,5.9721576223891395,0.0,0.0
NY,2020-09-12,2020,37,36,27.0,0.0,102.0,138.0,12.0,0.0,153.0,0,29.0,25.0,39.0,59.0,0.0,0.0,0.0,0.0,101.0,102.0,101.0,101.0,28.5,3.415650255318992,0.0,0.0
NY,2020-09-19,2020,38,37,24.0,0.0,105.0,135.0,28.0,0.0,154.0,0,27.0,29.0,33.0,46.0,0.0,0.0,0.0,0.0,102.0,101.0,106.0,102.0,26.25,2.2173557826069983,0.0,0.0
NY,2020-09-26,2020,39,38,21.0,0.0,114.0,155.0,28.0,0.0,170.0,0,24.0,27.0,25.0,41.0,0.0,0.0,0.0,0.0,105.0,102.0,102.0,105.0,25.25,3.4999999999991465,0.0,0.0
NY,2020-10-03,2020,40,39,51.0,0.0,107.0,139.0,17.0,0.0,174.0,0,21.0,24.0,29.0,33.0,0.0,0.0,0.0,0.0,114.0,105.0,101.0,105.0,30.75,13.720422734012026,0.0,0.0
NY,2020-10-10,2020,41,40,51.0,0.0,112.0,163.0,18.0,0.0,197.0,0,51.0,21.0,27.0,39.0,0.0,0.0,0.0,0.0,107.0,114.0,102.0,101.0,36.75,16.49999999999982,0.0,0.0
NY,2020-10-17,2020,42,41,59.0,0.0,102.0,130.0,18.0,0.0,172.0,0,51.0,51.0,24.0,33.0,0.0,0.0,0.0,0.0,112.0,107.0,105.0,106.0,45.5,16.763054614240033,0.0,0.0
NY,2020-10-24,2020,43,42,69.0,0.0,100.0,138.0,19.0,0.0,189.0,0,59.0,51.0,21.0,25.0,0.0,0.0,0.0,0.0,102.0,112.0,114.0,102.0,57.5,8.544003745317182,0.0,0.0
NY,2020-10-31,2020,44,43,91.0,0.0,106.0,143.0,37.0,0.0,199.0,0,69.0,59.0,51.0,29.0,0.0,0.0,0.0,0.0,100.0,102.0,107.0,101.0,67.5,17.31088289679821,0.0,0.0
NY,2020-11-07,2020,45,44,94.0,0.0,112.0,200.0,30.0,0.0,265.0,0,91.0,69.0,51.0,27.0,0.0,0.0,0.0,0.0,106.0,100.0,112.0,102.0,78.25,16.99754884289675,0.0,0.0
NY,2020-11-14,2020,46,45,166.0,0.0,107.0,191.0,61.0,0.0,296.0,0,94.0,91.0,59.0,24.0,0.0,0.0,0.0,0.0,112.0,106.0,102.0,105.0,105.0,42.166337284615956,0.0,0.0
NY,2020-11-21,2020,47,46,219.0,0.0,111.0,208.0,73.0,0.0,355.0,0,166.0,94.0,69.0,21.0,0.0,0.0,0.0,0.0,107.0,112.0,100.0,114.0,142.5,61.6684684421463,0.0,0.0
NY,2020-11-28,2020,48,47,343.0,0.0,116.0,256.0,136.0,0.0,465.0,0,219.0,166.0,91.0,51.0,0.0,0.0,0.0,0.0,111.0,107.0,106.0,107.0,205.5,105.00952337764416,0.0,0.0
NY,2020-12-05,2020,49,48,412.0,0.0,121.0,286.0,157.0,0.0,543.0,0,343.0,219.0,94.0,51.0,0.0,0.0,0.0,0.0,116.0,111.0,112.0,112.0,285.0,112.56109452204164,0.0,0.0
NY,2020-12-12,2020,50,49,599.0,0.0,133.0,359.0,229.0,0.0,729.0,1,412.0,343.0,166.0,59.0,0.0,0.0,0.0,0.0,121.0,116.0,107.0,102.0,393.25,158.71646627450681,0.0,0.0
NY,2020-12-19,2020,51,50,774.0,0.0,135.0,440.0,284.0,0.0,930.0,1,599.0,412.0,219.0,69.0,0.0,0.0,0.0,0.0,133.0,121.0,111.0,100.0,532.0,194.22838790111672,0.0,0.0
NY,2020-12-26,2020,52,51,844.0,0.0,143.0,482.0,332.0,0.0,995.0,1,774.0,599.0,343.0,91.0,0.0,0.0,0.0,0.0,135.0,133.0,116.0,106.0,657.25,193.25867811476581,0.0,0.0
NY,2021-01-02,2021,53,52,899.0,0.0,142.0,476.0,343.0,0.0,200.5,1,844.0,774.0,412.0,94.0,0.0,0.0,0.0,0.0,143.0,135.0,121.0,112.0,779.0,130.4479461956633,0.0,0.0
NY,2021-01-09,2021,1,53,58.0,0.0,140.0,584.0,428.0,0.0,200.5,0,899.0,844.0,599.0,166.0,0.0,0.0,0.0,0.0,142.0,143.0,133.0,107.0,643.75,393.83615459562196,0.0,0.0
NY,2021-01-16,2021,2,54,58.0,0.0,144.0,565.0,420.0,0.0,200.5,0,58.0,899.0,774.0,219.0,0.0,0.0,0.0,0.0,140.0,142.0,135.0,111.0,464.75,470.2108569567487,0.0,0.0
NY,2021-01-23,2021,3,55,975.0,0.0,140.0,524.0,379.0,0.0,200.5,1,58.0,58.0,844.0,343.0,0.0,0.0,0.0,0.0,144.0,140.0,143.0,116.0,497.5,508.43845907510445,0.0,0.0
NY,2021-01-30,2021,4,56,847.0,0.0,131.0,509.0,372.0,0.0,984.0,1,975.0,58.0,899.0,412.0,0.0,0.0,0.0,0.0,140.0,144.0,142.0,121.0,484.5,495.2443841175789,0.0,0.0
NY,2021-02-06,2021,5,57,782.0,0.0,137.0,472.0,345.0,0.0,909.0,1,847.0,975.0,58.0,599.0,0.0,0.0,0.0,0.0,131.0,140.0,140.0,133.0,665.5,412.8603476560405,0.0,0.0
NY,2021-02-13,2021,6,58,627.0,0.0,118.0,410.0,273.0,0.0,765.0,1,782.0,847.0,58.0,774.0,0.0,0.0,0.0,0.0,137.0,131.0,144.0,135.0,807.75,144.73740590001836,0.0,0.0
NY,2021-02-20,2021,7,59,506.0,0.0,119.0,364.0,228.0,0.0,643.0,1,627.0,782.0,975.0,844.0,0.0,0.0,0.0,0.0,118.0,137.0,140.0,143.0,690.5,153.77147546494658,0.0,0.0
NY,2021-02-27,2021,8,60,378.0,0.0,113.0,279.0,165.0,0.0,492.0,0,506.0,627.0,847.0,899.0,0.0,0.0,0.0,0.0,119.0,118.0,131.0,142.0,573.25,172.3472753870317,0.0,0.0
NY,2021-03-06,2021,9,61,320.0,0.0,108.0,296.0,163.0,0.0,454.0,0,378.0,506.0,782.0,58.0,0.0,0.0,0.0,0.0,113.0,119.0,137.0,140.0,457.75,137.0021289372298,0.0,0.0
NY,2021-03-13,2021,10,62,268.0,0.0,105.0,234.0,108.0,0.0,394.0,0,320.0,378.0,627.0,58.0,0.0,0.0,0.0,0.0,108.0,113.0,118.0,144.0,368.0,102.38489471922445,0.0,0.0
NY,2021-03-20,2021,11,63,253.0,0.0,106.0,248.0,118.0,0.0,383.0,0,268.0,320.0,506.0,975.0,0.0,0.0,0.0,0.0,105.0,108.0,119.0,140.0,304.75,56.64730061235639,0.0,0.0
NY,2021-03-27,2021,12,64,232.0,0.0,105.0,216.0,98.0,0.0,350.0,0,253.0,268.0,378.0,847.0,0.0,0.0,0.0,0.0,106.0,105.0,113.0,131.0,268.25,37.52665719192166,0.0,0.0
NY,2021-04-03,2021,13,65,208.0,0.0,101.0,194.0,96.0,0.0,306.0,0,232.0,253.0,320.0,782.0,0.0,0.0,0.0,0.0,105.0,106.0,108.0,137.0,240.25,26.081602711490056,0.0,0.0
NY,2021-04-10,2021,14,66,215.0,0.0,109.0,222.0,106.0,0.0,331.0,0,208.0,232.0,268.0,627.0,0.0,0.0,0.0,0.0,101.0,105.0,105.0,118.0,227.0,20.049937655763557,0.0,0.0
NY,2021-04-17,2021,15,67,232.0,0.0,103.0,215.0,109.0,0.0,338.0,0,215.0,208.0,253.0,506.0,0.0,0.0,0.0,0.0,109.0,101.0,106.0,119.0,221.75,12.175795661886147,0.0,0.0
NY,2021-04-24,2021,16,68,230.0,0.0,106.0,234.0,117.0,0.0,347.0,0,232.0,215.0,232.0,378.0,0.0,0.0,0.0,0.0,103.0,109.0,105.0,113.0,221.25,11.644025649805949,0.0,0.0
NY,2021-05-01,2021,17,69,164.0,0.0,107.0,193.0,71.0,0.0,287.0,0,230.0,232.0,208.0,320.0,0.0,0.0,0.0,0.0,106.0,103.0,101.0,108.0,210.25,31.75295261861494,0.0,0.0
NY,2021-05-08,2021,18,70,162.0,0.0,103.0,212.0,73.0,0.0,301.0,0,164.0,230.0,215.0,268.0,0.0,0.0,0.0,0.0,107.0,106.0,109.0,105.0,197.0,39.27679552441456,0.0,0.0
NY,2021-05-15,2021,19,71,113.0,0.0,107.0,178.0,57.0,0.0,234.0,0,162.0,164.0,232.0,253.0,0.0,0.0,0.0,0.0,103.0,107.0,103.0,106.0,167.25,48.02343178074642,0.0,0.0
NY,2021-05-22,2021,20,72,112.0,0.0,112.0,172.0,46.0,0.0,238.0,0,113.0,162.0,230.0,232.0,0.0,0.0,0.0,0.0,107.0,103.0,106.0,105.0,137.75,29.17047594172355,0.0,0.0
NY,2021-05-29,2021,21,73,99.0,0.0,103.0,148.0,45.0,0.0,203.0,0,112.0,113.0,164.0,208.0,0.0,0.0,0.0,0.0,112.0,107.0,107.0,101.0,121.5,27.74286695110425,0.0,0.0
NY,2021-06-05,2021,22,74,80.0,0.0,112.0,177.0,41.0,0.0,216.0,0,99.0,112.0,162.0,215.0,0.0,0.0,0.0,0.0,103.0,112.0,103.0,109.0,101.0,15.383974345619288,0.0,0.0
NY,2021-06-12,2021,23,75,67.0,0.0,101.0,145.0,30.0,0.0,182.0,0,80.0,99.0,113.0,232.0,0.0,0.0,0.0,0.0,112.0,103.0,107.0,103.0,89.5,19.94158134819484,0.0,0.0
NY,2021-06-19,2021,24,76,42.0,0.0,99.0,123.0,18.0,0.0,148.0,0,67.0,80.0,112.0,230.0,0.0,0.0,0.0,0.0,101.0,112.0,112.0,106.0,72.0,23.930454794396876,0.0,0.0
NY,2021-06-26,2021,25,77,52.0,0.0,100.0,124.0,22.0,0.0,154.0,0,42.0,67.0,99.0,164.0,0.0,0.0,0.0,0.0,99.0,101.0,103.0,107.0,60.25,16.70079838410944,0.0,0.0
NY,2021-07-03,2021,26,78,27.0,0.0,102.0,120.0,13.0,0.0,134.0,0,52.0,42.0,80.0,162.0,0.0,0.0,0.0,0.0,100.0,99.0,112.0,103.0,47.0,16.832508230603633,0.0,0.0
NY,2021-07-10,2021,27,79,29.0,0.0,103.0,141.0,17.0,0.0,153.0,0,27.0,52.0,67.0,113.0,0.0,0.0,0.0,0.0,102.0,100.0,101.0,107.0,37.5,11.733143937865606,0.0,0.0
NY,2021-07-17,2021,28,80,24.0,0.0,104.0,149.0,10.0,0.0,163.0,0,29.0,27.0,42.0,112.0,0.0,0.0,0.0,0.0,103.0,102.0,99.0,112.0,33.0,12.832251036613663,0.0,0.0
NY,2021-07-24,2021,29,81,26.0,0.0,107.0,118.0,28.0,0.0,136.0,0,24.0,29.0,52.0,99.0,0.0,0.0,0.0,0.0,104.0,103.0,100.0,103.0,26.5,2.081665999467518,0.0,0.0
NY,2021-07-31,2021,30,82,35.0,0.0,107.0,128.0,28.0,0.0,155.0,0,26.0,24.0,27.0,80.0,0.0,0.0,0.0,0.0,107.0,104.0,102.0,112.0,28.5,4.795831523313321,0.0,0.0
NY,2021-08-07,2021,31,83,43.0,0.0,115.0,142.0,19.0,0.0,166.0,0,35.0,26.0,29.0,67.0,0.0,0.0,0.0,0.0,107.0,107.0,103.0,101.0,32.0,8.75595035770946,0.0,0.0
NY,2021-08-14,2021,32,84,81.0,0.0,118.0,169.0,35.0,0.0,215.0,0,43.0,35.0,24.0,42.0,0.0,0.0,0.0,0.0,115.0,107.0,104.0,99.0,46.25,24.185050478894446,0.0,0.0
NY,2021-08-21,2021,33,85,120.0,0.0,110.0,190.0,60.0,0.0,250.0,0,81.0,43.0,26.0,52.0,0.0,0.0,0.0,0.0,118.0,115.0,107.0,100.0,69.75,39.050181390957356,0.0,0.0
NY,2021-08-28,2021,34,86,142.0,0.0,116.0,206.0,72.0,0.0,277.0,0,120.0,81.0,35.0,27.0,0.0,0.0,0.0,0.0,110.0,118.0,107.0,102.0,96.5,43.684474740270595,0.0,0.0
NY,2021-09-04,2021,35,87,167.0,0.0,113.0,204.0,90.0,0.0,281.0,0,142.0,120.0,43.0,29.0,0.0,0.0,0.0,0.0,116.0,110.0,115.0,103.0,127.5,36.464594700430624,0.0,0.0
NY,2021-09-11,2021,36,88,170.0,0.0,119.0,234.0,88.0,0.0,316.0,0,167.0,142.0,81.0,24.0,0.0,0.0,0.0,0.0,113.0,116.0,118.0,104.0,149.75,23.47161406181247,0.0,0.0
NY,2021-09-18,2021,37,89,221.0,0.0,126.0,254.0,112.0,0.0,363.0,0,170.0,167.0,120.0,26.0,0.0,0.0,0.0,0.0,119.0,113.0,110.0,107.0,175.0,33.13608305156188,0.0,0.0
NY,2021-09-25,2021,38,90,211.0,0.0,117.0,233.0,91.0,0.0,353.0,0,221.0,170.0,142.0,35.0,0.0,0.0,0.0,0.0,126.0,119.0,116.0,107.0,192.25,27.75337817275595,0.0,0.0
NY,2021-10-02,2021,39,91,223.0,0.0,122.0,234.0,119.0,0.0,338.0,0,211.0,221.0,167.0,43.0,0.0,0.0,0.0,0.0,117.0,126.0,113.0,115.0,206.25,24.73021094397175,0.0,0.0
NY,2021-10-09,2021,40,92,209.0,0.0,125.0,248.0,101.0,0.0,356.0,0,223.0,211.0,170.0,81.0,0.0,0.0,0.0,0.0,122.0,117.0,119.0,118.0,216.0,7.02376916856896,0.0,0.0
NY,2021-10-16,2021,41,93,222.0,0.0,116.0,235.0,109.0,0.0,349.0,0,209.0,223.0,221.0,120.0,0.0,0.0,0.0,0.0,125.0,122.0,126.0,110.0,216.25,7.274384280932184,0.0,0.0
NY,2021-10-23,2021,42,94,243.0,0.0,116.0,254.0,121.0,0.0,377.0,0,222.0,209.0,211.0,142.0,0.0,0.0,0.0,0.0,116.0,125.0,117.0,116.0,224.25,14.032699906528082,0.0,0.0
NY,2021-10-30,2021,43,95,236.0,0.0,115.0,253.0,105.0,0.0,384.0,0,243.0,222.0,223.0,167.0,0.0,0.0,0.0,0.0,116.0,116.0,122.0,113.0,227.5,15.110702608857734,0.0,0.0
NY,2021-11-06,2021,44,96,232.0,0.0,117.0,244.0,119.0,0.0,357.0,0,236.0,243.0,209.0,170.0,0.0,0.0,0.0,0.0,115.0,116.0,125.0,119.0,233.25,8.770214744615625,0.0,0.0
NY,2021-11-13,2021,45,97,222.0,0.0,122.0,251.0,108.0,0.0,366.0,0,232.0,236.0,222.0,221.0,0.0,0.0,0.0,0.0,117.0,115.0,116.0,126.0,233.25,8.770214744615625,0.0,0.0
NY,2021-11-20,2021,46,98,222.0,0.0,120.0,257.0,107.0,0.0,372.0,0,222.0,232.0,243.0,211.0,0.0,0.0,0.0,0.0,122.0,117.0,116.0,117.0,228.0,7.118052168021341,0.0,0.0
NY,2021-11-27,2021,47,99,276.0,0.0,124.0,279.0,131.0,0.0,424.0,0,222.0,222.0,236.0,223.0,0.0,0.0,0.0,0.0,120.0,122.0,115.0,122.0,238.0,25.768197453450377,0.0,0.0
NY,2021-12-04,2021,48,100,362.0,0.0,124.0,344.0,181.0,0.0,525.0,0,276.0,222.0,232.0,209.0,0.0,0.0,0.0,0.0,124.0,120.0,117.0,125.0,270.5,66.09841147864302,0.0,0.0
NY,2021-12-11,2021,49,101,423.0,0.0,130.0,346.0,196.0,0.0,575.0,0,362.0,276.0,222.0,222.0,0.0,0.0,0.0,0.0,124.0,124.0,122.0,116.0,320.75,89.27625664195384,0.0,0.0
NY,2021-12-18,2021,50,102,413.0,0.0,124.0,338.0,193.0,0.0,561.0,0,423.0,362.0,222.0,243.0,0.0,0.0,0.0,0.0,130.0,124.0,120.0,116.0,368.5,67.20367053467645,0.0,0.0
NY,2021-12-25,2021,51,103,436.0,0.0,123.0,375.0,219.0,0.0,593.0,1,413.0,423.0,276.0,236.0,0.0,0.0,0.0,0.0,124.0,130.0,124.0,115.0,408.5,32.398559638765924,0.0,0.0
OH,2020-02-29,2020,9,8,0.0,0.0,98.0,124.0,0.0,28.0,152.0,0,0.0,0.0,0.0,0.0,0.0,0.0,0.0,0.0,100.0,101.0,97.0,94.0,0.0,0.0,0.0,0.0
OH,2020-03-07,2020,10,9,0.0,0.0,99.0,146.0,0.0,21.0,167.0,0,0.0,0.0,0.0,0.0,0.0,0.0,0.0,0.0,98.0,100.0,99.0,94.0,0.0,0.0,0.0,0.0
OH,2020-03-14,2020,11,10,73.0,0.0,103.0,140.0,34.0,39.0,179.0,0,0.0,0.0,0.0,0.0,0.0,0.0,0.0,0.0,99.0,98.0,101.0,91.0,18.25,36.5,0.0,0.0
OH,2020-03-21,2020,12,11,73.0,0.0,101.0,156.0,34.0,25.0,188.0,0,73.0,0.0,0.0,0.0,0.0,0.0,0.0,0.0,103.0,99.0,100.0,96.0,36.5,42.14656965084268,0.0,0.0
OH,2020-03-28,2020,13,12,45.0,0.0,103.0,191.0,18.0,21.0,239.0,0,73.0,73.0,0.0,0.0,0.0,0.0,0.0,0.0,101.0,103.0,98.0,97.0,47.75,34.46133098609706,0.0,0.0
OH,2020-04-04,2020,14,13,118.0,0.0,101.0,196.0,53.0,0.0,270.0,0,45.0,73.0,0.0,0.0,0.0,0.0,0.0,0.0,103.0,101.0,99.0,99.0,77.25,30.203476621077915,0.0,0.0
OH,2020-04-11,2020,15,14,181.0,0.0,109.0,253.0,83.0,0.0,358.0,0,118.0,45.0,73.0,0.0,0.0,0.0,0.0,0.0,101.0,103.0,103.0,101.0,104.25,59.34854673873658,0.0,0.0
OH,2020-04-18,2020,16,15,277.0,0.0,112.0,279.0,137.0,0.0,423.0,0,181.0,118.0,73.0,0.0,0.0,0.0,0.0,0.0,109.0,101.0,101.0,100.0,155.25,98.36793176640444,0.0,0.0
OH,2020-04-25,2020,17,16,300.0,0.0,123.0,247.0,122.0,0.0,430.0,0,277.0,181.0,45.0,0.0,0.0,0.0,0.0,0.0,112.0,109.0,103.0,98.0,219.0,84.7938677028003,0.0,0.0
OH,2020-05-02,2020,18,17,328.0,0.0,117.0,237.0,128.0,0.0,439.0,0,300.0,277.0,118.0,0.0,0.0,0.0,0.0,0.0,123.0,112.0,101.0,99.0,271.5,63.83572667401852,0.0,0.0
OH,2020-05-09,2020,19,18,298.0,0.0,113.0,193.0,98.0,0.0,396.0,0,328.0,300.0,181.0,73.0,0.0,0.0,0.0,0.0,117.0,123.0,109.0,103.0,300.75,20.934421415458296,0.0,0.0
OH,2020-05-16,2020,20,19,266.0,0.0,120.0,230.0,117.0,0.0,380.0,0,298.0,328.0,277.0,73.0,0.0,0.0,0.0,0.0,113.0,117.0,112.0,101.0,298.0,25.350871122442037,0.0,0.0
OH,2020-05-23,2020,21,20,275.0,0.0,119.0,200.0,113.0,0.0,363.0,0,266.0,298.0,300.0,45.0,0.0,0.0,0.0,0.0,120.0,113.0,123.0,103.0,291.75,27.669176592976743,0.0,0.0
OH,2020-05-30,2020,22,21,188.0,0.0,114.0,170.0,69.0,0.0,289.0,0,275.0,266.0,328.0,118.0,0.0,0.0,0.0,0.0,119.0,120.0,117.0,101.0,256.75,47.77290026782966,0.0,0.0
OH,2020-06-06,2020,23,22,192.0,0.0,114.0,197.0,83.0,0.0,306.0,0,188.0,275.0,298.0,181.0,0.0,0.0,0.0,0.0,114.0,119.0,113.0,109.0,230.25,46.65029474719318,0.0,0.0
OH,2020-06-13,2020,24,23,134.0,0.0,108.0,151.0,56.0,0.0,230.0,0,192.0,188.0,266.0,277.0,0.0,0.0,0.0,0.0,114.0,114.0,120.0,112.0,197.25,58.19149422381246,0.0,0.0
OH,2020-06-20,2020,25,24,113.0,0.0,107.0,121.0,39.0,0.0,195.0,0,134.0,192.0,275.0,300.0,0.0,0.0,0.0,0.0,108.0,114.0,119.0,123.0,156.75,39.37321424522006,0.0,0.0
OH,2020-06-27,2020,26,25,108.0,0.0,108.0,127.0,40.0,0.0,196.0,0,113.0,134.0,188.0,328.0,0.0,0.0,0.0,0.0,107.0,108.0,114.0,117.0,136.75,38.517312124982624,0.0,0.0
OH,2020-07-04,2020,27,26,107.0,0.0,113.0,127.0,42.0,0.0,193.0,0,108.0,113.0,192.0,298.0,0.0,0.0,0.0,0.0,108.0,107.0,114.0,113.0,115.5,12.609520212918488,0.0,0.0
OH,2020-07-11,2020,28,27,129.0,0.0,110.0,161.0,57.0,0.0,234.0,0,107.0,108.0,134.0,266.0,0.0,0.0,0.0,0.0,113.0,108.0,108.0,120.0,114.25,10.17758976051468,0.0,0.0
OH,2020-07-18,2020,29,28,127.0,0.0,115.0,166.0,56.0,0.0,238.0,0,129.0,107.0,113.0,275.0,0.0,0.0,0.0,0.0,110.0,113.0,107.0,119.0,117.75,11.870832602082576,0.0,0.0
OH,2020-07-25,2020,30,29,190.0,0.0,115.0,182.0,76.0,0.0,296.0,0,127.0,129.0,108.0,188.0,0.0,0.0,0.0,0.0,115.0,110.0,108.0,114.0,138.25,35.90148557743351,0.0,0.0
OH,2020-08-01,2020,31,30,189.0,0.0,118.0,182.0,83.0,0.0,288.0,0,190.0,127.0,107.0,192.0,0.0,0.0,0.0,0.0,115.0,115.0,113.0,114.0,158.75,35.518774378254285,0.0,0.0
OH,2020-08-08,2020,32,31,163.0,0.0,117.0,200.0,74.0,0.0,289.0,0,189.0,190.0,129.0,134.0,0.0,0.0,0.0,0.0,118.0,115.0,110.0,108.0,167.25,29.60152023123137,0.0,0.0
OH,2020-08-15,2020,33,32,186.0,0.0,117.0,163.0,81.0,0.0,268.0,0,163.0,189.0,127.0,113.0,0.0,0.0,0.0,0.0,117.0,118.0,115.0,107.0,182.0,12.780193008453887,0.0,0.0
OH,2020-08-22,2020,34,33,182.0,0.0,117.0,187.0,82.0,0.0,288.0,0,186.0,163.0,190.0,108.0,0.0,0.0,0.0,0.0,117.0,117.0,115.0,108.0,180.0,11.690451944500134,0.0,0.0
OH,2020-08-29,2020,35,34,186.0,0.0,118.0,181.0,78.0,0.0,290.0,0,182.0,186.0,189.0,107.0,0.0,0.0,0.0,0.0,117.0,117.0,118.0,113.0,179.25,10.99621146880447,0.0,0.0
OH,2020-09-05,2020,36,35,169.0,0.0,108.0,160.0,77.0,0.0,252.0,0,186.0,182.0,163.0,129.0,0.0,0.0,0.0,0.0,118.0,117.0,117.0,110.0,180.75,8.0570879768479,0.0,0.0
OH,2020-09-12,2020,37,36,157.0,0.0,111.0,173.0,72.0,0.0,259.0,0,169.0,186.0,186.0,127.0,0.0,0.0,0.0,0.0,108.0,118.0,117.0,115.0,173.5,13.178264933847208,0.0,0.0
OH,2020-09-19,2020,38,37,131.0,0.0,107.0,140.0,54.0,0.0,217.0,0,157.0,169.0,182.0,190.0,0.0,0.0,0.0,0.0,111.0,108.0,117.0,115.0,160.75,23.12826553519885,0.0,0.0
OH,2020-09-26,2020,39,38,145.0,0.0,119.0,159.0,56.0,0.0,248.0,0,131.0,157.0,186.0,189.0,0.0,0.0,0.0,0.0,107.0,111.0,118.0,118.0,150.5,16.278820596099713,0.0,0.0
OH,2020-10-03,2020,40,39,139.0,0.0,114.0,175.0,70.0,0.0,244.0,0,145.0,131.0,169.0,163.0,0.0,0.0,0.0,0.0,119.0,107.0,108.0,117.0,143.0,10.954451150103337,0.0,0.0
OH,2020-10-10,2020,41,40,167.0,0.0,117.0,167.0,75.0,0.0,259.0,0,139.0,145.0,157.0,186.0,0.0,0.0,0.0,0.0,114.0,119.0,111.0,117.0,145.5,15.438048235879224,0.0,0.0
OH,2020-10-17,2020,42,41,200.0,0.0,115.0,187.0,86.0,0.0,301.0,0,167.0,139.0,131.0,182.0,0.0,0.0,0.0,0.0,117.0,114.0,107.0,117.0,162.75,27.59679933132343,0.0,0.0
OH,2020-10-24,2020,43,42,255.0,0.0,118.0,204.0,104.0,0.0,355.0,0,200.0,167.0,145.0,186.0,0.0,0.0,0.0,0.0,115.0,117.0,119.0,118.0,190.25,49.84893847081066,0.0,0.0
OH,2020-10-31,2020,44,43,317.0,0.0,116.0,232.0,126.0,0.0,423.0,0,255.0,200.0,139.0,169.0,0.0,0.0,0.0,0.0,118.0,115.0,114.0,108.0,234.75,65.75902979819577,0.0,0.0
OH,2020-11-07,2020,45,44,436.0,0.0,125.0,306.0,203.0,0.0,540.0,0,317.0,255.0,167.0,157.0,0.0,0.0,0.0,0.0,116.0,118.0,117.0,111.0,302.0,101.31469126768668,0.0,0.0
OH,2020-11-14,2020,46,45,551.0,0.0,127.0,347.0,236.0,0.0,662.0,1,436.0,317.0,200.0,131.0,0.0,0.0,0.0,0.0,125.0,116.0,115.0,107.0,389.75,131.1370148610478,0.0,0.0
OH,2020-11-21,2020,47,46,746.0,0.0,136.0,432.0,311.0,0.0,867.0,1,551.0,436.0,255.0,145.0,0.0,0.0,0.0,0.0,127.0,125.0,118.0,119.0,512.5,182.64446337077945,0.0,0.0
OH,2020-11-28,2020,48,47,73.0,0.0,147.0,570.0,437.0,0.0,185.0,0,746.0,551.0,317.0,139.0,0.0,0.0,0.0,0.0,136.0,127.0,116.0,114.0,451.5,282.9210726215588,0.0,0.0
OH,2020-12-05,2020,49,48,73.0,0.0,158.0,711.0,593.0,0.0,185.0,0,73.0,746.0,436.0,167.0,0.0,0.0,0.0,0.0,147.0,136.0,125.0,117.0,360.75,341.6688211314186,0.0,0.0
OH,2020-12-12,2020,50,49,73.0,0.0,170.0,781.0,656.0,0.0,185.0,0,73.0,73.0,551.0,200.0,0.0,0.0,0.0,0.0,158.0,147.0,127.0,115.0,241.25,336.5,0.0,0.0
OH,2020-12-19,2020,51,50,73.0,0.0,161.0,839.0,700.0,0.0,185.0,0,73.0,73.0,746.0,255.0,0.0,0.0,0.0,0.0,170.0,158.0,136.0,118.0,73.0,0.0,0.0,0.0
OH,2020-12-26,2020,52,51,73.0,0.0,153.0,758.0,639.0,0.0,185.0,0,73.0,73.0,73.0,317.0,0.0,0.0,0.0,0.0,161.0,170.0,147.0,116.0,73.0,0.0,0.0,0.0
OH,2021-01-02,2021,53,52,73.0,0.0,153.0,698.0,571.0,0.0,185.0,0,73.0,73.0,73.0,436.0,0.0,0.0,0.0,0.0,153.0,161.0,158.0,125.0,73.0,0.0,0.0,0.0
OH,2021-01-09,2021,1,53,73.0,0.0,136.0,643.0,516.0,0.0,185.0,0,73.0,73.0,73.0,551.0,0.0,0.0,0.0,0.0,153.0,153.0,170.0,127.0,73.0,0.0,0.0,0.0
OH,2021-01-16,2021,2,54,73.0,0.0,129.0,655.0,524.0,0.0,185.0,0,73.0,73.0,73.0,746.0,0.0,0.0,0.0,0.0,136.0,153.0,161.0,136.0,73.0,0.0,0.0,0.0
OH,2021-01-23,2021,3,55,857.0,0.0,121.0,552.0,433.0,0.0,976.0,1,73.0,73.0,73.0,73.0,0.0,0.0,0.0,0.0,129.0,136.0,153.0,147.0,269.0,392.0,0.0,0.0
OH,2021-01-30,2021,4,56,733.0,0.0,118.0,436.0,341.0,0.0,828.0,1,857.0,73.0,73.0,73.0,0.0,0.0,0.0,0.0,121.0,129.0,153.0,158.0,434.0,419.90951406225605,0.0,0.0
OH,2021-02-06,2021,5,57,587.0,0.0,122.0,418.0,308.0,0.0,697.0,1,733.0,857.0,73.0,73.0,0.0,0.0,0.0,0.0,118.0,121.0,136.0,170.0,562.5,344.48560685946416,0.0,0.0
OH,2021-02-13,2021,6,58,449.0,0.0,115.0,304.0,211.0,0.0,542.0,0,587.0,733.0,73.0,73.0,0.0,0.0,0.0,0.0,122.0,118.0,129.0,161.0,656.5,176.95479648769057,0.0,0.0
OH,2021-02-20,2021,7,59,376.0,0.0,115.0,292.0,182.0,0.0,487.0,0,449.0,587.0,857.0,73.0,0.0,0.0,0.0,0.0,115.0,122.0,121.0,153.0,536.25,157.6692212618979,0.0,0.0
OH,2021-02-27,2021,8,60,280.0,0.0,110.0,239.0,127.0,0.0,392.0,0,376.0,449.0,733.0,73.0,0.0,0.0,0.0,0.0,115.0,115.0,118.0,153.0,423.0,129.39603291188382,0.0,0.0
OH,2021-03-06,2021,9,61,239.0,0.0,102.0,227.0,127.0,0.0,340.0,0,280.0,376.0,587.0,73.0,0.0,0.0,0.0,0.0,110.0,115.0,122.0,136.0,336.0,94.71712270404605,0.0,0.0
OH,2021-03-13,2021,10,62,212.0,0.0,101.0,211.0,107.0,0.0,316.0,0,239.0,280.0,449.0,73.0,0.0,0.0,0.0,0.0,102.0,110.0,115.0,129.0,276.75,71.83023968589632,0.0,0.0
OH,2021-03-20,2021,11,63,155.0,0.0,97.0,190.0,69.0,0.0,276.0,0,212.0,239.0,376.0,857.0,0.0,0.0,0.0,0.0,101.0,102.0,115.0,121.0,221.5,52.41183072551444,0.0,0.0
OH,2021-03-27,2021,12,64,135.0,0.0,100.0,166.0,64.0,0.0,237.0,0,155.0,212.0,280.0,733.0,0.0,0.0,0.0,0.0,97.0,101.0,110.0,118.0,185.25,48.4587453407533,0.0,0.0
OH,2021-04-03,2021,13,65,122.0,0.0,98.0,166.0,66.0,0.0,223.0,0,135.0,155.0,239.0,587.0,0.0,0.0,0.0,0.0,100.0,97.0,102.0,122.0,156.0,39.72404813208216,0.0,0.0
OH,2021-04-10,2021,14,66,161.0,0.0,101.0,173.0,77.0,0.0,257.0,0,122.0,135.0,212.0,449.0,0.0,0.0,0.0,0.0,98.0,100.0,101.0,115.0,143.25,18.006943105368563,0.0,0.0
OH,2021-04-17,2021,15,67,145.0,0.0,100.0,162.0,77.0,0.0,230.0,0,161.0,122.0,155.0,376.0,0.0,0.0,0.0,0.0,101.0,98.0,97.0,115.0,140.75,16.45954636879908,0.0,0.0
OH,2021-04-24,2021,16,68,197.0,0.0,109.0,193.0,94.0,0.0,297.0,0,145.0,161.0,135.0,280.0,0.0,0.0,0.0,0.0,100.0,101.0,100.0,110.0,156.25,31.531730050854815,0.0,0.0
OH,2021-05-01,2021,17,69,141.0,0.0,108.0,173.0,70.0,0.0,245.0,0,197.0,145.0,122.0,239.0,0.0,0.0,0.0,0.0,109.0,100.0,98.0,102.0,161.0,25.508168626278277,0.0,0.0
OH,2021-05-08,2021,18,70,135.0,0.0,103.0,149.0,64.0,0.0,220.0,0,141.0,197.0,161.0,212.0,0.0,0.0,0.0,0.0,108.0,109.0,101.0,101.0,154.5,28.629821282478296,0.0,0.0
OH,2021-05-15,2021,19,71,127.0,0.0,104.0,148.0,63.0,0.0,213.0,0,135.0,141.0,145.0,155.0,0.0,0.0,0.0,0.0,103.0,108.0,100.0,97.0,150.0,31.85383284106714,0.0,0.0
OH,2021-05-22,2021,20,72,122.0,0.0,114.0,178.0,70.0,0.0,230.0,0,127.0,135.0,197.0,135.0,0.0,0.0,0.0,0.0,104.0,103.0,109.0,100.0,131.25,8.421203397772045,0.0,0.0
OH,2021-05-29,2021,21,73,115.0,0.0,109.0,172.0,63.0,0.0,224.0,0,122.0,127.0,141.0,122.0,0.0,0.0,0.0,0.0,114.0,104.0,108.0,98.0,124.75,8.421203397772045,0.0,0.0
OH,2021-06-05,2021,22,74,99.0,0.0,108.0,127.0,46.0,0.0,181.0,0,115.0,122.0,135.0,161.0,0.0,0.0,0.0,0.0,109.0,114.0,103.0,101.0,115.75,12.20314167198953,0.0,0.0
OH,2021-06-12,2021,23,75,97.0,0.0,101.0,132.0,49.0,0.0,180.0,0,99.0,115.0,127.0,145.0,0.0,0.0,0.0,0.0,108.0,109.0,104.0,100.0,108.25,12.20314167198953,0.0,0.0
OH,2021-06-19,2021,24,76,70.0,0.0,107.0,148.0,34.0,0.0,184.0,0,97.0,99.0,122.0,197.0,0.0,0.0,0.0,0.0,101.0,108.0,114.0,109.0,95.25,18.661457606521008,0.0,0.0
OH,2021-06-26,2021,25,77,57.0,0.0,105.0,125.0,33.0,0.0,149.0,0,70.0,97.0,115.0,141.0,0.0,0.0,0.0,0.0,107.0,101.0,109.0,108.0,80.75,20.629671188201577,0.0,0.0
OH,2021-07-03,2021,26,78,44.0,0.0,104.0,97.0,14.0,0.0,127.0,0,57.0,70.0,99.0,135.0,0.0,0.0,0.0,0.0,105.0,107.0,108.0,103.0,67.0,22.642143596988507,0.0,0.0
OH,2021-07-10,2021,27,79,41.0,0.0,105.0,116.0,14.0,0.0,143.0,0,44.0,57.0,97.0,127.0,0.0,0.0,0.0,0.0,104.0,105.0,101.0,104.0,53.0,13.291601358250542,0.0,0.0
OH,2021-07-17,2021,28,80,51.0,0.0,102.0,137.0,25.0,0.0,163.0,0,41.0,44.0,70.0,122.0,0.0,0.0,0.0,0.0,105.0,104.0,107.0,114.0,48.25,7.182153808803758,0.0,0.0
OH,2021-07-24,2021,29,81,52.0,0.0,106.0,100.0,22.0,0.0,130.0,0,51.0,41.0,57.0,115.0,0.0,0.0,0.0,0.0,102.0,105.0,105.0,109.0,47.0,5.354126134734561,0.0,0.0
OH,2021-07-31,2021,30,82,60.0,0.0,108.0,139.0,30.0,0.0,169.0,0,52.0,51.0,44.0,99.0,0.0,0.0,0.0,0.0,106.0,102.0,104.0,108.0,51.0,7.788880963697395,0.0,0.0
OH,2021-08-07,2021,31,83,80.0,0.0,111.0,131.0,38.0,0.0,173.0,0,60.0,52.0,41.0,97.0,0.0,0.0,0.0,0.0,108.0,106.0,105.0,101.0,60.75,13.450526631572744,0.0,0.0
OH,2021-08-14,2021,32,84,136.0,0.0,116.0,174.0,69.0,0.0,241.0,0,80.0,60.0,51.0,70.0,0.0,0.0,0.0,0.0,111.0,108.0,102.0,107.0,82.0,37.876993896911195,0.0,0.0
OH,2021-08-21,2021,33,85,216.0,0.0,115.0,203.0,110.0,0.0,309.0,0,136.0,80.0,52.0,57.0,0.0,0.0,0.0,0.0,116.0,111.0,106.0,105.0,123.0,69.84745282876568,0.0,0.0
OH,2021-08-28,2021,34,86,252.0,0.0,123.0,231.0,141.0,0.0,342.0,0,216.0,136.0,60.0,44.0,0.0,0.0,0.0,0.0,115.0,116.0,108.0,104.0,171.0,77.65736711134782,0.0,0.0
OH,2021-09-04,2021,35,87,347.0,0.0,123.0,302.0,202.0,0.0,447.0,0,252.0,216.0,80.0,41.0,0.0,0.0,0.0,0.0,123.0,115.0,111.0,105.0,237.75,87.49238062063831,0.0,0.0
OH,2021-09-11,2021,36,88,430.0,0.0,125.0,361.0,263.0,0.0,528.0,0,347.0,252.0,136.0,51.0,0.0,0.0,0.0,0.0,123.0,123.0,116.0,102.0,311.25,96.54489456551623,0.0,0.0
OH,2021-09-18,2021,37,89,582.0,0.0,136.0,458.0,342.0,0.0,698.0,1,430.0,347.0,216.0,52.0,0.0,0.0,0.0,0.0,125.0,123.0,115.0,106.0,402.75,139.8889440472929,0.0,0.0
OH,2021-09-25,2021,38,90,655.0,0.0,135.0,551.0,431.0,0.0,775.0,1,582.0,430.0,252.0,60.0,0.0,0.0,0.0,0.0,136.0,125.0,123.0,108.0,503.5,140.24858882237157,0.0,0.0
OH,2021-10-02,2021,39,91,660.0,0.0,146.0,498.0,389.0,0.0,769.0,1,655.0,582.0,347.0,80.0,0.0,0.0,0.0,0.0,135.0,136.0,123.0,111.0,581.75,107.26408221456666,0.0,0.0
OH,2021-10-09,2021,40,92,638.0,0.0,139.0,510.0,395.0,0.0,754.0,1,660.0,655.0,430.0,136.0,0.0,0.0,0.0,0.0,146.0,135.0,125.0,116.0,633.75,35.761944391582624,0.0,0.0
OH,2021-10-16,2021,41,93,651.0,0.0,136.0,485.0,383.0,0.0,753.0,1,638.0,660.0,582.0,216.0,0.0,0.0,0.0,0.0,139.0,146.0,136.0,115.0,651.0,9.416297927882683,0.0,0.0
OH,2021-10-23,2021,42,94,595.0,0.0,131.0,481.0,369.0,0.0,707.0,1,651.0,638.0,655.0,252.0,0.0,0.0,0.0,0.0,136.0,139.0,135.0,123.0,636.0,28.78657094317847,0.0,0.0
OH,2021-10-30,2021,43,95,537.0,0.0,134.0,468.0,347.0,0.0,659.0,1,595.0,651.0,660.0,347.0,0.0,0.0,0.0,0.0,131.0,136.0,146.0,123.0,605.25,51.40930525368581,0.0,0.0
OH,2021-11-06,2021,44,96,443.0,0.0,127.0,362.0,258.0,0.0,547.0,0,537.0,595.0,638.0,430.0,0.0,0.0,0.0,0.0,134.0,131.0,139.0,125.0,556.5,88.8350531415761,0.0,0.0
OH,2021-11-13,2021,45,97,429.0,0.0,126.0,379.0,264.0,0.0,544.0,0,443.0,537.0,651.0,582.0,0.0,0.0,0.0,0.0,127.0,134.0,136.0,136.0,501.0,78.90923055426818,0.0,0.0
OH,2021-11-20,2021,46,98,506.0,0.0,129.0,436.0,298.0,0.0,644.0,1,429.0,443.0,595.0,655.0,0.0,0.0,0.0,0.0,126.0,127.0,131.0,135.0,478.75,51.279463075712066,0.0,0.0
OH,2021-11-27,2021,47,99,639.0,0.0,137.0,536.0,366.0,0.0,809.0,1,506.0,429.0,537.0,660.0,0.0,0.0,0.0,0.0,129.0,126.0,134.0,146.0,504.25,95.87274551890812,0.0,0.0
OH,2021-12-04,2021,48,100,748.0,0.0,144.0,539.0,444.0,0.0,843.0,1,639.0,506.0,443.0,638.0,0.0,0.0,0.0,0.0,137.0,129.0,127.0,139.0,580.5,141.39896274961373,0.0,0.0
OH,2021-12-11,2021,49,101,859.0,0.0,144.0,673.0,527.0,0.0,185.0,1,748.0,639.0,429.0,651.0,0.0,0.0,0.0,0.0,144.0,137.0,126.0,136.0,688.0,150.95915562385295,0.0,0.0
OH,2021-12-18,2021,50,102,959.0,0.0,147.0,712.0,582.0,0.0,185.0,1,859.0,748.0,506.0,595.0,0.0,0.0,0.0,0.0,144.0,144.0,129.0,131.0,801.25,138.30009640873956,0.0,0.0
OH,2021-12-25,2021,51,103,944.0,0.0,143.0,688.0,532.0,0.0,185.0,1,959.0,859.0,639.0,537.0,0.0,0.0,0.0,0.0,147.0,144.0,137.0,134.0,877.5,96.91405126880893,0.0,0.0
OK,2020-02-29,2020,9,8,0.0,829.0,102.0,74.0,0.0,15.0,89.0,0,0.0,0.0,0.0,0.0,818.0,806.0,833.0,901.0,98.0,91.0,96.0,106.0,0.0,0.0,817.25,9.429563439877134
OK,2020-03-07,2020,10,9,33.0,799.0,96.0,68.0,0.0,19.0,88.0,0,0.0,0.0,0.0,0.0,829.0,818.0,816.0,823.0,102.0,98.0,95.0,95.0,8.25,16.5,813.0,13.24134937736083
OK,2020-03-14,2020,11,10,0.0,792.0,97.0,74.0,0.0,18.0,92.0,0,33.0,0.0,0.0,33.0,799.0,829.0,806.0,850.0,96.0,102.0,91.0,99.0,8.25,16.5,809.5,17.019596548293013
OK,2020-03-21,2020,12,11,33.0,827.0,103.0,82.0,19.0,0.0,93.0,0,0.0,33.0,0.0,0.0,792.0,799.0,818.0,803.0,97.0,96.0,98.0,95.0,16.5,19.05255888325765,811.75,18.997806890972115
OK,2020-03-28,2020,13,12,18.0,856.0,115.0,81.0,19.0,11.0,105.0,0,33.0,0.0,0.0,0.0,827.0,792.0,829.0,833.0,103.0,97.0,102.0,96.0,21.0,15.684387141358123,818.5,29.21757461985282
OK,2020-04-04,2020,14,13,42.0,784.0,104.0,97.0,20.0,0.0,123.0,0,18.0,33.0,33.0,0.0,856.0,827.0,799.0,816.0,115.0,103.0,96.0,95.0,23.25,18.39157415774952,814.75,33.24028680181126
OK,2020-04-11,2020,15,14,52.0,857.0,115.0,110.0,26.0,0.0,137.0,0,42.0,18.0,0.0,0.0,784.0,856.0,792.0,806.0,104.0,115.0,97.0,91.0,36.25,14.430869689661812,831.0,34.2831348236029
OK,2020-04-18,2020,16,15,48.0,799.0,108.0,84.0,17.0,0.0,117.0,0,52.0,42.0,33.0,0.0,857.0,784.0,827.0,818.0,115.0,104.0,103.0,98.0,40.0,15.231546211727817,824.0,38.026306683663094
OK,2020-04-25,2020,17,16,47.0,780.0,105.0,69.0,11.0,0.0,107.0,0,48.0,52.0,18.0,0.0,799.0,857.0,856.0,829.0,108.0,115.0,115.0,102.0,47.25,4.11298755975102,805.0,35.61834733205161
OK,2020-05-02,2020,18,17,47.0,759.0,100.0,69.0,22.0,0.0,95.0,0,47.0,48.0,42.0,33.0,780.0,799.0,784.0,799.0,105.0,108.0,104.0,96.0,48.5,2.380476142847613,798.75,42.12975986955857
OK,2020-05-09,2020,19,18,29.0,776.0,108.0,69.0,14.0,0.0,84.0,0,47.0,47.0,52.0,0.0,759.0,780.0,857.0,792.0,100.0,105.0,115.0,97.0,42.75,9.17877987534291,778.5,16.421530582338196
OK,2020-05-16,2020,20,19,20.0,733.0,96.0,60.0,19.0,0.0,78.0,0,29.0,47.0,48.0,33.0,776.0,759.0,799.0,827.0,108.0,100.0,108.0,103.0,35.75,13.5,762.0,21.36976056643284
OK,2020-05-23,2020,21,20,23.0,815.0,114.0,70.0,10.0,0.0,83.0,0,20.0,29.0,47.0,18.0,733.0,776.0,780.0,856.0,96.0,108.0,105.0,115.0,29.75,12.093386622447824,770.75,34.39355559791206
OK,2020-05-30,2020,22,21,24.0,740.0,106.0,49.0,19.0,0.0,64.0,0,23.0,20.0,47.0,42.0,815.0,733.0,759.0,784.0,114.0,96.0,100.0,104.0,24.0,3.7416573867739413,766.0,37.70941526992962
OK,2020-06-06,2020,23,22,15.0,789.0,111.0,53.0,19.0,0.0,65.0,0,24.0,23.0,29.0,52.0,740.0,815.0,776.0,857.0,106.0,114.0,108.0,115.0,20.5,4.04145188432738,769.25,39.381679327660315
OK,2020-06-13,2020,24,23,15.0,770.0,106.0,61.0,19.0,0.0,72.0,0,15.0,24.0,20.0,48.0,789.0,740.0,733.0,799.0,111.0,106.0,96.0,108.0,19.25,4.924428900898052,778.5,31.60696125855823
OK,2020-06-20,2020,25,24,18.0,741.0,105.0,62.0,19.0,0.0,71.0,0,15.0,15.0,23.0,47.0,770.0,789.0,815.0,780.0,106.0,111.0,114.0,105.0,18.0,4.242640687119285,760.0,23.818760113266492
OK,2020-06-27,2020,26,25,18.0,765.0,109.0,66.0,19.0,0.0,78.0,0,18.0,15.0,24.0,47.0,741.0,770.0,740.0,759.0,105.0,106.0,106.0,100.0,16.5,1.7320508075688759,766.25,19.754746265138454
OK,2020-07-04,2020,27,26,24.0,781.0,111.0,47.0,10.0,0.0,61.0,0,18.0,18.0,15.0,29.0,765.0,741.0,789.0,776.0,109.0,105.0,111.0,108.0,18.75,3.774917217635374,764.25,16.879474715365653
OK,2020-07-11,2020,28,27,37.0,768.0,105.0,62.0,13.0,0.0,86.0,0,24.0,18.0,15.0,20.0,781.0,765.0,770.0,733.0,111.0,109.0,106.0,96.0,24.25,8.958236433584458,763.75,16.680827317612327
OK,2020-07-18,2020,29,28,48.0,794.0,111.0,63.0,23.0,0.0,88.0,0,37.0,24.0,18.0,23.0,768.0,781.0,741.0,815.0,105.0,111.0,105.0,114.0,31.75,13.425721582097552,777.0,13.291601358251302
OK,2020-07-25,2020,30,29,68.0,904.0,128.0,83.0,31.0,0.0,121.0,0,48.0,37.0,18.0,24.0,794.0,768.0,765.0,740.0,111.0,105.0,109.0,106.0,44.25,18.625699092025155,811.75,62.409267474203446
OK,2020-08-01,2020,31,30,75.0,881.0,126.0,84.0,24.0,0.0,135.0,0,68.0,48.0,24.0,15.0,904.0,794.0,781.0,789.0,128.0,111.0,111.0,111.0,57.0,17.568911937472585,836.75,65.91598187592041
OK,2020-08-08,2020,32,31,73.0,814.0,114.0,83.0,26.0,0.0,130.0,0,75.0,68.0,37.0,15.0,881.0,904.0,768.0,770.0,126.0,128.0,105.0,106.0,66.0,12.355835328567094,848.25,52.588813766174034
OK,2020-08-15,2020,33,32,92.0,860.0,122.0,96.0,34.0,0.0,154.0,0,73.0,75.0,48.0,18.0,814.0,881.0,794.0,741.0,114.0,126.0,111.0,105.0,77.0,10.424330514074594,864.75,38.309050279709815
OK,2020-08-22,2020,34,33,76.0,877.0,126.0,87.0,26.0,0.0,137.0,0,92.0,73.0,68.0,18.0,860.0,814.0,904.0,765.0,122.0,114.0,128.0,109.0,79.0,8.755950357709134,858.0,30.71373199943853
OK,2020-08-29,2020,35,34,81.0,814.0,111.0,70.0,30.0,0.0,122.0,0,76.0,92.0,75.0,24.0,877.0,860.0,881.0,781.0,126.0,122.0,126.0,111.0,80.5,8.346656017032613,841.25,32.22188697143607
OK,2020-09-05,2020,36,35,76.0,828.0,117.0,74.0,26.0,0.0,124.0,0,81.0,76.0,73.0,37.0,814.0,877.0,814.0,768.0,111.0,126.0,114.0,105.0,81.25,7.54431353183752,844.75,28.860295678781046
OK,2020-09-12,2020,37,36,80.0,802.0,110.0,92.0,41.0,0.0,131.0,0,76.0,81.0,92.0,48.0,828.0,814.0,860.0,794.0,117.0,111.0,122.0,111.0,78.25,2.629955639676595,830.25,32.92795165205392
OK,2020-09-19,2020,38,37,77.0,793.0,112.0,68.0,26.0,0.0,119.0,0,80.0,76.0,76.0,68.0,802.0,828.0,877.0,904.0,110.0,117.0,126.0,128.0,78.5,2.3804761428476295,809.25,15.173990905493516
OK,2020-09-26,2020,39,38,90.0,909.0,129.0,105.0,40.0,0.0,155.0,0,77.0,80.0,81.0,75.0,793.0,802.0,814.0,881.0,112.0,110.0,111.0,126.0,80.75,6.396613687465167,833.0,52.79520180218401
OK,2020-10-03,2020,40,39,87.0,851.0,117.0,99.0,41.0,0.0,145.0,0,90.0,77.0,76.0,73.0,909.0,793.0,828.0,814.0,129.0,112.0,117.0,114.0,83.5,6.027713773341714,838.75,53.3190084929068
OK,2020-10-10,2020,41,40,121.0,970.0,139.0,106.0,46.0,0.0,181.0,0,87.0,90.0,80.0,92.0,851.0,909.0,802.0,860.0,117.0,129.0,110.0,122.0,93.75,18.997806890972093,880.75,76.04549077142357
OK,2020-10-17,2020,42,41,113.0,862.0,114.0,90.0,47.0,0.0,157.0,0,121.0,87.0,77.0,76.0,970.0,851.0,793.0,877.0,139.0,117.0,112.0,126.0,102.75,16.82012683265696,898.0,54.19102016632153
OK,2020-10-24,2020,43,42,170.0,945.0,133.0,98.0,52.0,0.0,217.0,0,113.0,121.0,90.0,81.0,862.0,970.0,909.0,814.0,114.0,139.0,129.0,111.0,122.75,34.68308905888671,907.0,59.36890319575279
OK,2020-10-31,2020,44,43,165.0,823.0,137.0,113.0,69.0,0.0,210.0,0,170.0,113.0,87.0,76.0,945.0,862.0,851.0,828.0,133.0,114.0,117.0,117.0,142.25,29.40946559641414,900.0,69.03622237637282
OK,2020-11-07,2020,45,44,193.0,823.0,133.0,100.0,55.0,0.0,238.0,0,165.0,170.0,121.0,80.0,823.0,945.0,970.0,802.0,137.0,133.0,139.0,110.0,160.25,33.77745796632225,863.25,57.51738867507807
OK,2020-11-14,2020,46,45,256.0,823.0,135.0,160.0,93.0,0.0,324.0,0,193.0,165.0,113.0,77.0,823.0,823.0,862.0,793.0,133.0,137.0,114.0,112.0,196.0,41.817061908587824,853.5,60.999999999999986
OK,2020-11-21,2020,47,46,304.0,823.0,149.0,185.0,115.0,0.0,374.0,1,256.0,193.0,170.0,90.0,823.0,823.0,945.0,909.0,135.0,133.0,133.0,129.0,229.5,62.56996084384264,823.0,0.0
OK,2020-11-28,2020,48,47,374.0,823.0,145.0,212.0,144.0,0.0,442.0,1,304.0,256.0,165.0,87.0,823.0,823.0,823.0,851.0,149.0,135.0,137.0,117.0,281.75,76.4738517403171,823.0,0.0
OK,2020-12-05,2020,49,48,477.0,823.0,173.0,259.0,192.0,0.0,544.0,1,374.0,304.0,193.0,121.0,823.0,823.0,823.0,970.0,145.0,149.0,133.0,139.0,352.75,95.96310054738055,823.0,0.0
OK,2020-12-12,2020,50,49,444.0,823.0,152.0,229.0,175.0,0.0,498.0,1,477.0,374.0,256.0,113.0,823.0,823.0,823.0,862.0,173.0,145.0,135.0,114.0,399.75,76.93449594731005,823.0,0.0
OK,2020-12-19,2020,51,50,422.0,823.0,160.0,210.0,154.0,0.0,478.0,1,444.0,477.0,304.0,170.0,823.0,823.0,823.0,945.0,152.0,173.0,149.0,133.0,429.25,43.21554504265026,823.0,0.0
OK,2020-12-26,2020,52,51,446.0,823.0,160.0,232.0,180.0,0.0,498.0,1,422.0,444.0,374.0,165.0,823.0,823.0,823.0,823.0,160.0,152.0,145.0,137.0,447.25,22.618208004466965,823.0,0.0
OK,2021-01-02,2021,53,52,489.0,823.0,168.0,252.0,181.0,0.0,560.0,1,446.0,422.0,477.0,193.0,823.0,823.0,823.0,823.0,160.0,160.0,173.0,133.0,450.25,28.028259548772084,823.0,0.0
OK,2021-01-09,2021,1,53,494.0,823.0,148.0,256.0,209.0,0.0,543.0,1,489.0,446.0,444.0,256.0,823.0,823.0,823.0,823.0,168.0,160.0,152.0,135.0,462.75,34.673476895171625,823.0,0.0
OK,2021-01-16,2021,2,54,472.0,823.0,151.0,297.0,228.0,0.0,543.0,1,494.0,489.0,422.0,304.0,823.0,823.0,823.0,823.0,148.0,168.0,160.0,149.0,475.25,21.6544837543329,823.0,0.0
OK,2021-01-23,2021,3,55,447.0,823.0,152.0,278.0,221.0,0.0,504.0,1,472.0,494.0,446.0,374.0,823.0,823.0,823.0,823.0,151.0,148.0,160.0,145.0,475.5,21.205345238091915,823.0,0.0
OK,2021-01-30,2021,4,56,365.0,823.0,138.0,176.0,137.0,0.0,404.0,1,447.0,472.0,489.0,477.0,823.0,823.0,823.0,823.0,152.0,151.0,168.0,173.0,444.5,56.370796221684394,823.0,0.0
OK,2021-02-06,2021,5,57,280.0,823.0,122.0,168.0,125.0,0.0,323.0,1,365.0,447.0,494.0,444.0,823.0,823.0,823.0,823.0,138.0,152.0,148.0,152.0,391.0,86.9750922199377,823.0,0.0
OK,2021-02-13,2021,6,58,213.0,986.0,115.0,152.0,101.0,0.0,264.0,0,280.0,365.0,472.0,422.0,823.0,823.0,823.0,823.0,122.0,138.0,151.0,160.0,326.25,101.7296253146873,863.75,81.49999999999999
OK,2021-02-20,2021,7,59,182.0,823.0,115.0,140.0,79.0,0.0,244.0,0,213.0,280.0,447.0,446.0,986.0,823.0,823.0,823.0,115.0,122.0,152.0,160.0,260.0,81.07198447470412,863.75,81.49999999999999
OK,2021-02-27,2021,8,60,153.0,924.0,111.0,132.0,82.0,0.0,203.0,0,182.0,213.0,365.0,489.0,823.0,986.0,823.0,823.0,115.0,115.0,138.0,168.0,207.0,54.48547206977899,889.0,80.30359062125842
OK,2021-03-06,2021,9,61,118.0,882.0,108.0,100.0,53.0,0.0,167.0,0,153.0,182.0,280.0,494.0,924.0,823.0,823.0,823.0,111.0,115.0,122.0,148.0,166.5,40.566817310046225,903.75,68.72347973339726
OK,2021-03-13,2021,10,62,68.0,842.0,101.0,85.0,32.0,0.0,121.0,0,118.0,153.0,213.0,472.0,882.0,924.0,986.0,823.0,108.0,111.0,115.0,151.0,130.25,49.06033700115264,867.75,44.84324549658136
OK,2021-03-20,2021,11,63,59.0,773.0,95.0,74.0,24.0,0.0,109.0,0,68.0,118.0,182.0,447.0,842.0,882.0,823.0,823.0,101.0,108.0,115.0,152.0,99.5,44.10971170464239,855.25,64.24627096830858
OK,2021-03-27,2021,12,64,54.0,828.0,103.0,100.0,34.0,0.0,120.0,0,59.0,68.0,153.0,365.0,773.0,842.0,924.0,823.0,95.0,101.0,111.0,138.0,74.75,29.409465596414133,831.25,45.07308879290758
OK,2021-04-03,2021,13,65,44.0,787.0,106.0,70.0,19.0,0.0,95.0,0,54.0,59.0,118.0,280.0,828.0,773.0,882.0,823.0,103.0,95.0,108.0,122.0,56.25,10.012492197250387,807.5,32.766853170035496
OK,2021-04-10,2021,14,66,56.0,832.0,111.0,97.0,28.0,0.0,126.0,0,44.0,54.0,68.0,213.0,787.0,828.0,842.0,986.0,106.0,103.0,101.0,115.0,53.25,6.499999999999992,805.0,29.473151624260773
OK,2021-04-17,2021,15,67,40.0,782.0,105.0,60.0,17.0,0.0,83.0,0,56.0,44.0,59.0,182.0,832.0,787.0,773.0,823.0,111.0,106.0,95.0,115.0,48.5,7.724420150837639,807.25,26.399179280172056
OK,2021-04-24,2021,16,68,39.0,786.0,106.0,71.0,23.0,0.0,87.0,0,40.0,56.0,54.0,153.0,782.0,832.0,828.0,924.0,105.0,111.0,103.0,111.0,44.75,7.804912982645391,796.75,23.599081903045846
OK,2021-05-01,2021,17,69,14.0,739.0,100.0,47.0,19.0,0.0,55.0,0,39.0,40.0,44.0,118.0,786.0,782.0,787.0,882.0,106.0,105.0,106.0,108.0,37.25,17.34694977990847,784.75,38.012059489939055
OK,2021-05-08,2021,18,70,33.0,824.0,109.0,69.0,13.0,0.0,90.0,0,14.0,39.0,56.0,68.0,739.0,786.0,832.0,842.0,100.0,106.0,111.0,101.0,31.5,12.069244660154443,782.75,34.76947895305114
OK,2021-05-15,2021,19,71,36.0,789.0,110.0,60.0,16.0,0.0,80.0,0,33.0,14.0,40.0,59.0,824.0,739.0,782.0,773.0,109.0,100.0,105.0,95.0,30.5,11.26942766958464,784.5,34.89508083765771
OK,2021-05-22,2021,20,72,20.0,786.0,102.0,59.0,19.0,0.0,71.0,0,36.0,33.0,39.0,54.0,789.0,824.0,786.0,828.0,110.0,109.0,106.0,103.0,25.75,10.468205831628131,784.5,34.89508083765771
OK,2021-05-29,2021,21,73,30.0,750.0,105.0,58.0,13.0,0.0,75.0,0,20.0,36.0,14.0,44.0,786.0,789.0,739.0,787.0,102.0,110.0,100.0,106.0,29.75,6.946221994724894,787.25,30.2365672654817
OK,2021-06-05,2021,22,74,21.0,757.0,109.0,69.0,14.0,0.0,78.0,0,30.0,20.0,33.0,56.0,750.0,786.0,824.0,832.0,105.0,102.0,109.0,111.0,26.75,7.6321687612368665,770.5,19.87460691435178
OK,2021-06-12,2021,23,75,33.0,837.0,118.0,70.0,18.0,0.0,85.0,0,21.0,30.0,36.0,40.0,757.0,750.0,789.0,782.0,109.0,105.0,110.0,105.0,26.0,6.4807406984078515,782.5,39.53479480154158
OK,2021-06-19,2021,24,76,25.0,830.0,114.0,68.0,13.0,0.0,80.0,0,33.0,21.0,20.0,39.0,837.0,757.0,786.0,786.0,118.0,109.0,102.0,106.0,27.25,5.315072906367314,793.5,46.36449791237543
OK,2021-06-26,2021,25,77,29.0,784.0,111.0,49.0,10.0,0.0,68.0,0,25.0,33.0,30.0,14.0,830.0,837.0,750.0,739.0,114.0,118.0,105.0,100.0,27.0,5.163977794943212,802.0,38.11386449399569
OK,2021-07-03,2021,26,78,26.0,804.0,115.0,53.0,19.0,0.0,73.0,0,29.0,25.0,21.0,33.0,784.0,830.0,757.0,824.0,111.0,114.0,109.0,109.0,28.25,3.593976442141288,813.75,24.390913608691772
OK,2021-07-10,2021,27,79,33.0,822.0,117.0,74.0,16.0,0.0,91.0,0,26.0,29.0,33.0,36.0,804.0,784.0,837.0,789.0,115.0,111.0,118.0,110.0,28.25,3.593976442141288,810.0,20.461345670963713
OK,2021-07-17,2021,28,80,40.0,779.0,106.0,53.0,15.0,0.0,78.0,0,33.0,26.0,25.0,20.0,822.0,804.0,830.0,786.0,117.0,115.0,114.0,102.0,32.0,6.055300708194975,797.25,19.72097022630139
OK,2021-07-24,2021,29,81,57.0,846.0,118.0,80.0,27.0,0.0,111.0,0,40.0,33.0,29.0,30.0,779.0,822.0,784.0,750.0,106.0,117.0,111.0,105.0,39.0,13.291601358251253,812.75,28.32401807653709
OK,2021-07-31,2021,30,82,95.0,934.0,132.0,98.0,46.0,0.0,147.0,0,57.0,40.0,26.0,21.0,846.0,779.0,804.0,757.0,118.0,106.0,115.0,109.0,56.25,27.72934666858681,845.25,65.33694717896351
OK,2021-08-07,2021,31,83,160.0,941.0,134.0,121.0,74.0,0.0,207.0,0,95.0,57.0,33.0,33.0,934.0,846.0,822.0,837.0,132.0,118.0,117.0,118.0,88.0,53.22280213091628,875.0,77.23125446777793
OK,2021-08-14,2021,32,84,208.0,823.0,142.0,146.0,96.0,0.0,258.0,0,160.0,95.0,40.0,25.0,941.0,934.0,779.0,830.0,134.0,132.0,106.0,114.0,130.0,67.17638473948018,886.0,60.27160746708742
OK,2021-08-21,2021,33,85,285.0,823.0,160.0,210.0,143.0,0.0,352.0,1,208.0,160.0,57.0,29.0,823.0,941.0,846.0,784.0,142.0,134.0,118.0,111.0,187.0,80.07912753437482,880.25,66.16834590648311
OK,2021-08-28,2021,34,86,278.0,823.0,161.0,209.0,152.0,0.0,336.0,1,285.0,208.0,95.0,26.0,823.0,823.0,934.0,804.0,160.0,142.0,132.0,115.0,232.75,59.67341675039789,852.5,59.000000000000014
OK,2021-09-04,2021,35,87,339.0,823.0,155.0,217.0,156.0,0.0,401.0,1,278.0,285.0,160.0,33.0,823.0,823.0,941.0,822.0,161.0,160.0,134.0,117.0,277.5,53.7556198612449,823.0,0.0
OK,2021-09-11,2021,36,88,319.0,823.0,161.0,215.0,170.0,0.0,364.0,1,339.0,278.0,208.0,40.0,823.0,823.0,823.0,779.0,155.0,161.0,142.0,106.0,305.25,28.756158760631898,823.0,0.0
OK,2021-09-18,2021,37,89,305.0,823.0,152.0,212.0,163.0,0.0,355.0,1,319.0,339.0,285.0,57.0,823.0,823.0,823.0,846.0,161.0,155.0,160.0,118.0,310.25,25.630385612913955,823.0,0.0
OK,2021-09-25,2021,38,90,278.0,823.0,155.0,214.0,156.0,0.0,338.0,1,305.0,319.0,278.0,95.0,823.0,823.0,823.0,934.0,152.0,161.0,161.0,132.0,310.25,25.630385612913955,823.0,0.0
OK,2021-10-02,2021,39,91,248.0,823.0,150.0,142.0,102.0,0.0,288.0,0,278.0,305.0,339.0,160.0,823.0,823.0,823.0,941.0,155.0,152.0,155.0,134.0,287.5,31.35283081318177,823.0,0.0
OK,2021-10-09,2021,40,92,187.0,982.0,135.0,149.0,87.0,0.0,249.0,0,248.0,278.0,319.0,208.0,823.0,823.0,823.0,823.0,150.0,155.0,161.0,142.0,254.5,50.66557016357361,862.75,79.50000000000001
OK,2021-10-16,2021,41,93,162.0,964.0,138.0,126.0,86.0,0.0,202.0,0,187.0,248.0,305.0,285.0,982.0,823.0,823.0,823.0,135.0,150.0,152.0,160.0,218.75,53.52491631629765,898.0,86.91375035056308
OK,2021-10-23,2021,42,94,148.0,922.0,122.0,136.0,84.0,0.0,201.0,0,162.0,187.0,278.0,278.0,964.0,982.0,823.0,823.0,138.0,135.0,155.0,161.0,186.25,44.214439572007095,922.75,71.09324862460572
OK,2021-10-30,2021,43,95,128.0,921.0,130.0,104.0,58.0,0.0,174.0,0,148.0,162.0,248.0,339.0,922.0,964.0,823.0,823.0,122.0,138.0,150.0,155.0,156.25,24.79751331619093,947.25,30.630866784993245
OK,2021-11-06,2021,44,96,113.0,909.0,121.0,113.0,60.0,0.0,166.0,0,128.0,148.0,187.0,319.0,921.0,922.0,982.0,823.0,130.0,122.0,135.0,161.0,137.75,21.608254595562926,929.0,24.0693442647143
OK,2021-11-13,2021,45,97,92.0,868.0,112.0,98.0,44.0,0.0,146.0,0,113.0,128.0,162.0,305.0,909.0,921.0,964.0,823.0,121.0,130.0,138.0,152.0,120.25,23.669600757089242,905.0,25.36401650632912
OK,2021-11-20,2021,46,98,103.0,913.0,116.0,104.0,53.0,0.0,154.0,0,92.0,113.0,148.0,278.0,868.0,909.0,922.0,823.0,112.0,121.0,122.0,155.0,109.0,15.29705854077834,902.75,23.69774954153529
OK,2021-11-27,2021,47,99,95.0,864.0,112.0,86.0,44.0,0.0,137.0,0,103.0,92.0,128.0,248.0,913.0,868.0,921.0,823.0,116.0,112.0,130.0,150.0,100.75,9.394147114027946,888.5,26.083200212652887
OK,2021-12-04,2021,48,100,114.0,959.0,121.0,112.0,50.0,0.0,178.0,0,95.0,103.0,113.0,187.0,864.0,913.0,909.0,982.0,112.0,116.0,121.0,135.0,101.0,9.83192080250173,901.0,44.59446901429222
OK,2021-12-11,2021,49,101,128.0,823.0,133.0,148.0,80.0,0.0,198.0,0,114.0,95.0,92.0,162.0,959.0,864.0,868.0,964.0,121.0,112.0,112.0,138.0,110.0,14.306175822583276,889.75,59.033182759077704
OK,2021-12-18,2021,50,102,145.0,823.0,126.0,154.0,85.0,0.0,216.0,0,128.0,114.0,103.0,148.0,823.0,959.0,913.0,922.0,133.0,121.0,116.0,122.0,120.5,21.205345238091887,867.25,64.14761621967467
OK,2021-12-25,2021,51,103,149.0,823.0,125.0,150.0,72.0,0.0,229.0,0,145.0,128.0,95.0,128.0,823.0,823.0,864.0,921.0,126.0,133.0,112.0,130.0,134.0,16.145174717749768,857.0,68.00000000000001
OR,2020-02-29,2020,9,8,0.0,735.0,99.0,32.0,0.0,0.0,38.0,0,0.0,0.0,0.0,0.0,733.0,783.0,728.0,737.0,100.0,109.0,99.0,90.0,0.0,0.0,744.5,25.890796305508523
OR,2020-03-07,2020,10,9,0.0,788.0,105.0,32.0,0.0,10.0,42.0,0,0.0,0.0,0.0,0.0,735.0,733.0,727.0,764.0,99.0,100.0,98.0,92.0,0.0,0.0,759.75,29.81470554385313
OR,2020-03-14,2020,11,10,25.0,746.0,98.0,39.0,13.0,12.0,53.0,0,0.0,0.0,0.0,0.0,788.0,735.0,783.0,769.0,105.0,99.0,109.0,95.0,6.25,12.5,750.5,25.645012510557812
OR,2020-03-21,2020,12,11,25.0,775.0,107.0,55.0,13.0,0.0,59.0,0,25.0,0.0,0.0,0.0,746.0,788.0,733.0,745.0,98.0,105.0,100.0,100.0,12.5,14.433756729740644,761.0,24.671170759951103
OR,2020-03-28,2020,13,12,14.0,768.0,106.0,48.0,13.0,0.0,63.0,0,25.0,25.0,0.0,0.0,775.0,746.0,735.0,728.0,107.0,98.0,99.0,99.0,16.0,11.86029791643813,769.25,17.576025337563284
OR,2020-04-04,2020,14,13,25.0,778.0,107.0,54.0,13.0,0.0,72.0,0,14.0,25.0,0.0,0.0,768.0,775.0,788.0,727.0,106.0,107.0,105.0,98.0,22.25,5.499999999999999,766.75,14.45394986384921
OR,2020-04-11,2020,15,14,25.0,769.0,109.0,55.0,11.0,0.0,71.0,0,25.0,14.0,25.0,0.0,778.0,768.0,746.0,783.0,107.0,106.0,98.0,109.0,22.25,5.499999999999999,772.5,4.795831523312734
OR,2020-04-18,2020,16,15,25.0,765.0,106.0,43.0,10.0,0.0,58.0,0,25.0,25.0,25.0,0.0,769.0,778.0,775.0,733.0,109.0,107.0,107.0,100.0,22.25,5.499999999999999,770.0,5.597618541248893
OR,2020-04-25,2020,17,16,30.0,770.0,110.0,41.0,13.0,0.0,62.0,0,25.0,25.0,14.0,0.0,765.0,769.0,768.0,735.0,106.0,109.0,106.0,99.0,26.25,2.4999999999999982,770.5,5.446711546122737
OR,2020-05-02,2020,18,17,15.0,714.0,105.0,34.0,13.0,0.0,45.0,0,30.0,25.0,25.0,0.0,770.0,765.0,778.0,788.0,110.0,106.0,107.0,105.0,23.75,6.291528696058958,754.5,27.086281890777602
OR,2020-05-09,2020,19,18,19.0,703.0,102.0,28.0,13.0,0.0,41.0,0,15.0,30.0,25.0,25.0,714.0,770.0,769.0,746.0,105.0,110.0,109.0,98.0,22.25,6.601767440112787,738.0,34.41898700814227
OR,2020-05-16,2020,20,19,14.0,716.0,102.0,32.0,13.0,0.0,40.0,0,19.0,15.0,25.0,25.0,703.0,714.0,765.0,775.0,102.0,105.0,106.0,107.0,19.5,7.325753658611969,725.75,30.048571790796746
OR,2020-05-23,2020,21,20,25.0,744.0,109.0,27.0,13.0,0.0,32.0,0,14.0,19.0,30.0,14.0,716.0,703.0,770.0,768.0,102.0,102.0,110.0,106.0,18.25,4.991659710623978,719.25,17.46186320719144
OR,2020-05-30,2020,22,21,11.0,748.0,109.0,25.0,13.0,0.0,33.0,0,25.0,14.0,15.0,25.0,744.0,716.0,714.0,778.0,109.0,102.0,105.0,107.0,17.25,6.1305247192498395,727.75,21.792582836062962
OR,2020-06-06,2020,23,22,25.0,683.0,101.0,31.0,13.0,0.0,39.0,0,11.0,25.0,19.0,25.0,748.0,744.0,703.0,769.0,109.0,109.0,102.0,109.0,18.75,7.320063751999249,722.75,30.081832834231793
OR,2020-06-13,2020,24,23,15.0,727.0,107.0,26.0,13.0,0.0,39.0,0,25.0,11.0,14.0,25.0,683.0,748.0,716.0,765.0,101.0,109.0,102.0,106.0,19.0,7.118052168020874,725.5,29.760152329359236
OR,2020-06-20,2020,25,24,12.0,731.0,106.0,34.0,13.0,0.0,43.0,0,15.0,25.0,25.0,30.0,727.0,683.0,744.0,770.0,107.0,101.0,109.0,110.0,15.75,6.3966136874651625,722.25,27.705294319558003
OR,2020-06-27,2020,26,25,15.0,689.0,103.0,33.0,13.0,0.0,43.0,0,12.0,15.0,11.0,15.0,731.0,727.0,748.0,714.0,106.0,107.0,109.0,105.0,16.75,5.678908345800274,707.5,24.99999999999998
OR,2020-07-04,2020,27,26,20.0,760.0,117.0,28.0,13.0,0.0,43.0,0,15.0,12.0,25.0,19.0,689.0,731.0,683.0,703.0,103.0,106.0,101.0,102.0,15.5,3.3166247903554,726.75,29.147612823923215
OR,2020-07-11,2020,28,27,14.0,713.0,105.0,33.0,13.0,0.0,45.0,0,20.0,15.0,15.0,14.0,760.0,689.0,727.0,716.0,117.0,103.0,107.0,102.0,15.25,3.4034296427770228,723.25,29.9374347598454
OR,2020-07-18,2020,29,28,28.0,759.0,114.0,27.0,13.0,0.0,46.0,0,14.0,20.0,12.0,25.0,713.0,760.0,731.0,744.0,105.0,117.0,106.0,109.0,19.25,6.396613687465163,730.25,35.169826082405734
OR,2020-07-25,2020,30,29,26.0,740.0,113.0,39.0,10.0,0.0,55.0,0,28.0,14.0,15.0,11.0,759.0,713.0,689.0,748.0,114.0,105.0,103.0,109.0,22.0,6.324555320336759,743.0,22.01514630127782
OR,2020-08-01,2020,31,30,32.0,719.0,108.0,29.0,11.0,0.0,50.0,0,26.0,28.0,20.0,25.0,740.0,759.0,760.0,683.0,113.0,114.0,117.0,101.0,25.0,7.745966692414833,732.75,20.982135258357292
OR,2020-08-08,2020,32,31,31.0,768.0,116.0,27.0,10.0,0.0,48.0,0,32.0,26.0,14.0,15.0,719.0,740.0,713.0,727.0,108.0,113.0,105.0,107.0,29.25,2.7537852736430484,746.5,21.733231083604046
OR,2020-08-15,2020,33,32,33.0,777.0,117.0,28.0,12.0,0.0,49.0,0,31.0,32.0,28.0,12.0,768.0,719.0,759.0,731.0,116.0,108.0,114.0,106.0,30.5,3.1091263510296026,751.0,26.520432374554776
OR,2020-08-22,2020,34,33,24.0,789.0,120.0,35.0,10.0,0.0,49.0,0,33.0,31.0,26.0,15.0,777.0,768.0,740.0,689.0,117.0,116.0,113.0,103.0,30.0,4.082482904638628,763.25,30.728651125618907
OR,2020-08-29,2020,35,34,34.0,749.0,116.0,34.0,13.0,0.0,55.0,0,24.0,33.0,32.0,20.0,789.0,777.0,719.0,760.0,120.0,117.0,108.0,117.0,30.5,4.5092497528228925,770.75,16.85971530008737
OR,2020-09-05,2020,36,35,21.0,707.0,109.0,32.0,13.0,0.0,47.0,0,34.0,24.0,31.0,14.0,749.0,789.0,768.0,713.0,116.0,120.0,116.0,105.0,28.0,6.480740698407859,755.5,36.41885958309695
OR,2020-09-12,2020,37,36,23.0,737.0,115.0,28.0,13.0,0.0,46.0,0,21.0,34.0,33.0,28.0,707.0,749.0,777.0,759.0,109.0,116.0,117.0,114.0,25.5,5.802298395176401,745.5,33.955853692699286
OR,2020-09-19,2020,38,37,17.0,790.0,119.0,37.0,13.0,0.0,47.0,0,23.0,21.0,24.0,26.0,737.0,707.0,789.0,740.0,115.0,109.0,120.0,113.0,23.75,7.274384280931731,745.75,34.38386249390839
OR,2020-09-26,2020,39,38,17.0,730.0,108.0,29.0,13.0,0.0,40.0,0,17.0,23.0,34.0,32.0,790.0,737.0,749.0,719.0,119.0,115.0,116.0,108.0,19.5,2.999999999999996,741.0,35.090359549787074
OR,2020-10-03,2020,40,39,21.0,733.0,104.0,26.0,13.0,0.0,40.0,0,17.0,17.0,21.0,31.0,730.0,790.0,707.0,768.0,108.0,119.0,109.0,116.0,19.5,2.999999999999996,747.5,28.478061731796274
OR,2020-10-10,2020,41,40,24.0,761.0,109.0,26.0,13.0,0.0,45.0,0,21.0,17.0,23.0,33.0,733.0,730.0,737.0,777.0,104.0,108.0,115.0,117.0,19.75,3.403429642777019,753.5,28.053520278211064
OR,2020-10-17,2020,42,41,35.0,713.0,101.0,33.0,12.0,0.0,56.0,0,24.0,21.0,17.0,24.0,761.0,733.0,790.0,789.0,109.0,104.0,119.0,120.0,24.25,7.719024117939606,734.25,19.889276842895356
OR,2020-10-24,2020,43,42,29.0,763.0,109.0,39.0,12.0,0.0,56.0,0,35.0,24.0,17.0,34.0,713.0,761.0,730.0,749.0,101.0,109.0,108.0,116.0,27.25,6.130524719249838,742.5,23.96525262402493
OR,2020-10-31,2020,44,43,33.0,782.0,114.0,28.0,13.0,0.0,56.0,0,29.0,35.0,21.0,21.0,763.0,713.0,733.0,707.0,109.0,101.0,104.0,109.0,30.25,4.856267428111152,754.75,29.398129192178214
OR,2020-11-07,2020,45,44,36.0,835.0,115.0,35.0,12.0,0.0,59.0,0,33.0,29.0,24.0,23.0,782.0,763.0,761.0,737.0,114.0,109.0,109.0,115.0,33.25,3.095695936834446,773.25,50.414118392899965
OR,2020-11-14,2020,46,45,52.0,838.0,117.0,43.0,13.0,0.0,82.0,0,36.0,33.0,35.0,17.0,835.0,782.0,713.0,790.0,115.0,114.0,101.0,119.0,37.5,10.082988974836114,804.5,37.77565353504821
OR,2020-11-21,2020,47,46,85.0,835.0,120.0,57.0,27.0,0.0,115.0,0,52.0,36.0,29.0,17.0,838.0,835.0,763.0,730.0,117.0,115.0,109.0,108.0,51.5,23.839742727918296,822.5,27.037011669191543
OR,2020-11-28,2020,48,47,123.0,880.0,126.0,69.0,41.0,0.0,151.0,1,85.0,52.0,33.0,21.0,835.0,838.0,782.0,733.0,120.0,117.0,114.0,104.0,74.0,38.514066694304475,847.0,22.045407685048595
OR,2020-12-05,2020,49,48,136.0,936.0,132.0,81.0,44.0,0.0,174.0,1,123.0,85.0,36.0,24.0,880.0,835.0,835.0,761.0,126.0,120.0,115.0,109.0,99.0,38.07886552931954,872.25,47.20434302053148
OR,2020-12-12,2020,50,49,153.0,941.0,132.0,83.0,52.0,0.0,184.0,1,136.0,123.0,52.0,35.0,936.0,880.0,838.0,713.0,132.0,126.0,117.0,101.0,124.25,28.906458332582584,898.0,50.285849566917605
OR,2020-12-19,2020,51,50,126.0,979.0,131.0,60.0,31.0,0.0,155.0,1,153.0,136.0,85.0,29.0,941.0,936.0,835.0,763.0,132.0,132.0,120.0,109.0,134.5,13.527749258468674,934.0,40.80032679607686
OR,2020-12-26,2020,52,51,118.0,878.0,116.0,69.0,43.0,0.0,144.0,1,126.0,153.0,123.0,33.0,979.0,941.0,880.0,782.0,131.0,132.0,126.0,114.0,133.25,15.08586534917149,933.5,41.685329153872196
OR,2021-01-02,2021,53,52,122.0,904.0,120.0,85.0,52.0,0.0,155.0,1,118.0,126.0,136.0,36.0,878.0,979.0,936.0,835.0,116.0,131.0,132.0,115.0,129.75,15.840349322747477,925.5,44.04921490030593
OR,2021-01-09,2021,1,53,121.0,885.0,109.0,70.0,39.0,0.0,153.0,1,122.0,118.0,153.0,52.0,904.0,878.0,941.0,838.0,120.0,116.0,132.0,117.0,121.75,3.3040379335998002,911.5,46.32134137378437
OR,2021-01-16,2021,2,54,95.0,889.0,107.0,59.0,30.0,0.0,124.0,0,121.0,122.0,126.0,85.0,885.0,904.0,979.0,835.0,109.0,120.0,131.0,120.0,114.0,12.780193008453866,889.0,10.984838035522747
OR,2021-01-23,2021,3,55,97.0,855.0,106.0,66.0,41.0,0.0,122.0,0,95.0,121.0,118.0,123.0,889.0,885.0,878.0,880.0,107.0,109.0,116.0,126.0,108.75,14.750706197783654,883.25,20.532494571613398
OR,2021-01-30,2021,4,56,85.0,836.0,113.0,55.0,34.0,0.0,106.0,0,97.0,95.0,122.0,136.0,855.0,889.0,904.0,936.0,106.0,107.0,120.0,132.0,99.5,15.26433752247374,866.25,25.23720798081015
OR,2021-02-06,2021,5,57,67.0,836.0,114.0,69.0,29.0,0.0,107.0,0,85.0,97.0,121.0,153.0,836.0,855.0,885.0,941.0,113.0,106.0,109.0,132.0,86.0,13.711309200802075,854.0,24.993332444207347
OR,2021-02-13,2021,6,58,46.0,793.0,106.0,37.0,15.0,0.0,68.0,0,67.0,85.0,95.0,126.0,836.0,836.0,889.0,979.0,114.0,113.0,107.0,131.0,73.75,22.2317340754157,830.0,26.242459234352797
OR,2021-02-20,2021,7,59,36.0,814.0,114.0,42.0,11.0,0.0,67.0,0,46.0,67.0,97.0,118.0,793.0,836.0,855.0,878.0,106.0,114.0,106.0,116.0,58.5,21.886068628239283,819.75,20.62967118820207
OR,2021-02-27,2021,8,60,33.0,800.0,110.0,37.0,14.0,0.0,56.0,0,36.0,46.0,85.0,122.0,814.0,793.0,836.0,904.0,114.0,106.0,113.0,120.0,45.5,15.37313674346693,810.75,18.962682651284734
OR,2021-03-06,2021,9,61,31.0,793.0,107.0,43.0,14.0,0.0,60.0,0,33.0,36.0,67.0,121.0,800.0,814.0,836.0,885.0,110.0,114.0,114.0,109.0,36.5,6.658328118479369,800.0,9.899494936611774
OR,2021-03-13,2021,10,62,19.0,780.0,104.0,35.0,13.0,0.0,47.0,0,31.0,33.0,46.0,95.0,793.0,800.0,793.0,889.0,107.0,110.0,106.0,107.0,29.75,7.455423082114994,796.75,14.174507634012157
OR,2021-03-20,2021,11,63,29.0,825.0,108.0,42.0,13.0,0.0,58.0,0,19.0,31.0,36.0,97.0,780.0,793.0,814.0,855.0,104.0,107.0,114.0,106.0,28.0,6.218252702059186,799.5,18.91207727000577
OR,2021-03-27,2021,12,64,32.0,803.0,111.0,40.0,11.0,0.0,61.0,0,29.0,19.0,33.0,85.0,825.0,780.0,800.0,836.0,108.0,104.0,110.0,113.0,27.75,5.965176722724402,800.25,18.99780689097215
OR,2021-04-03,2021,13,65,24.0,810.0,111.0,38.0,12.0,0.0,50.0,0,32.0,29.0,31.0,67.0,803.0,825.0,793.0,836.0,111.0,108.0,107.0,114.0,26.0,5.715476066494056,804.5,18.73499399519526
OR,2021-04-10,2021,14,66,30.0,781.0,107.0,37.0,12.0,0.0,55.0,0,24.0,32.0,19.0,46.0,810.0,803.0,780.0,793.0,111.0,111.0,104.0,106.0,28.75,3.4034296427769783,804.75,18.300728582946338
OR,2021-04-17,2021,15,67,23.0,739.0,104.0,33.0,13.0,0.0,47.0,0,30.0,24.0,29.0,36.0,781.0,810.0,825.0,814.0,107.0,111.0,108.0,114.0,27.25,4.425306015783884,783.25,31.98306843732585
OR,2021-04-24,2021,16,68,29.0,789.0,109.0,27.0,11.0,0.0,45.0,0,23.0,30.0,32.0,33.0,739.0,781.0,803.0,800.0,104.0,107.0,111.0,110.0,26.5,3.5118845842842035,779.75,29.792336822299383
OR,2021-05-01,2021,17,69,36.0,776.0,111.0,33.0,13.0,0.0,56.0,0,29.0,23.0,24.0,31.0,789.0,739.0,810.0,793.0,109.0,104.0,111.0,107.0,29.5,5.322906474223743,771.25,22.156639336024508
OR,2021-05-08,2021,18,70,47.0,779.0,115.0,42.0,19.0,0.0,70.0,0,36.0,29.0,30.0,19.0,776.0,789.0,781.0,780.0,111.0,109.0,107.0,104.0,33.75,10.307764064044138,770.75,21.884164746836205
OR,2021-05-15,2021,19,71,52.0,810.0,117.0,53.0,25.0,0.0,80.0,0,47.0,36.0,23.0,29.0,779.0,776.0,739.0,825.0,115.0,111.0,104.0,108.0,41.0,10.424330514074578,788.5,15.373136743466983
OR,2021-05-22,2021,20,72,62.0,826.0,118.0,46.0,20.0,0.0,88.0,0,52.0,47.0,29.0,32.0,810.0,779.0,789.0,803.0,117.0,115.0,109.0,111.0,49.25,10.81280105553905,797.75,24.308777564218808
OR,2021-05-29,2021,21,73,36.0,781.0,114.0,36.0,17.0,0.0,55.0,0,62.0,52.0,36.0,24.0,826.0,810.0,776.0,810.0,118.0,117.0,111.0,111.0,49.25,10.81280105553905,799.0,22.905603390145995
OR,2021-06-05,2021,22,74,38.0,798.0,117.0,37.0,14.0,0.0,61.0,0,36.0,62.0,47.0,30.0,781.0,826.0,779.0,781.0,114.0,118.0,115.0,107.0,47.0,12.274635093014634,803.75,19.01534468089744
OR,2021-06-12,2021,23,75,31.0,788.0,117.0,37.0,12.0,0.0,56.0,0,38.0,36.0,52.0,23.0,798.0,781.0,810.0,739.0,117.0,114.0,117.0,104.0,41.75,13.817259737975052,798.25,19.77161264709249
OR,2021-06-19,2021,24,76,30.0,776.0,115.0,34.0,16.0,0.0,48.0,0,31.0,38.0,62.0,29.0,788.0,798.0,826.0,789.0,117.0,117.0,118.0,109.0,33.75,3.8622100754187834,785.75,9.535023160258588
OR,2021-06-26,2021,25,77,18.0,767.0,111.0,32.0,10.0,0.0,40.0,0,30.0,31.0,36.0,36.0,776.0,788.0,781.0,776.0,115.0,117.0,114.0,111.0,29.25,8.30160627027483,782.25,13.57387196049827
OR,2021-07-03,2021,26,78,19.0,943.0,141.0,29.0,12.0,0.0,36.0,0,18.0,30.0,38.0,47.0,767.0,776.0,798.0,779.0,111.0,115.0,117.0,115.0,24.5,6.952217871538048,818.5,83.4445923951936
OR,2021-07-10,2021,27,79,18.0,789.0,121.0,20.0,13.0,0.0,34.0,0,19.0,18.0,31.0,52.0,943.0,767.0,788.0,810.0,141.0,111.0,117.0,117.0,21.25,5.852349955359785,818.75,83.32416616244454
OR,2021-07-17,2021,28,80,21.0,790.0,116.0,34.0,11.0,0.0,44.0,0,18.0,19.0,30.0,62.0,789.0,943.0,776.0,826.0,121.0,141.0,115.0,118.0,19.0,1.414213562372982,822.25,81.19677744015871
OR,2021-07-24,2021,29,81,24.0,812.0,122.0,33.0,13.0,0.0,50.0,0,21.0,18.0,18.0,36.0,790.0,789.0,767.0,781.0,116.0,121.0,111.0,114.0,20.5,2.6457513110645303,833.5,73.76765325443577
OR,2021-07-31,2021,30,82,33.0,824.0,126.0,36.0,11.0,0.0,58.0,0,24.0,21.0,19.0,38.0,812.0,790.0,943.0,798.0,122.0,116.0,141.0,117.0,24.0,6.4807406984078355,803.75,17.17313793884705
OR,2021-08-07,2021,31,83,59.0,808.0,122.0,45.0,23.0,0.0,81.0,0,33.0,24.0,18.0,31.0,824.0,812.0,789.0,788.0,126.0,122.0,121.0,117.0,34.25,17.269916039170536,808.5,14.083086782851787
OR,2021-08-14,2021,32,84,92.0,872.0,131.0,65.0,40.0,0.0,117.0,0,59.0,33.0,21.0,30.0,808.0,824.0,790.0,776.0,122.0,126.0,116.0,115.0,52.0,30.517754395324257,829.0,29.461839725312508
OR,2021-08-21,2021,33,85,153.0,943.0,143.0,93.0,72.0,0.0,174.0,1,92.0,59.0,24.0,18.0,872.0,808.0,812.0,767.0,131.0,122.0,122.0,111.0,84.25,51.80331392230938,861.75,60.61009266890571
OR,2021-08-28,2021,34,86,193.0,983.0,150.0,116.0,94.0,0.0,215.0,1,153.0,92.0,33.0,19.0,943.0,872.0,824.0,943.0,143.0,131.0,126.0,141.0,124.25,60.140807000460725,901.5,77.41016298480024
OR,2021-09-04,2021,35,87,252.0,808.0,164.0,145.0,118.0,0.0,280.0,1,193.0,153.0,59.0,18.0,983.0,943.0,808.0,789.0,150.0,143.0,122.0,121.0,172.5,67.33250824576986,901.5,77.41016298480024
OR,2021-09-11,2021,36,88,231.0,808.0,156.0,130.0,111.0,0.0,250.0,1,252.0,193.0,92.0,21.0,808.0,983.0,872.0,790.0,164.0,150.0,131.0,116.0,207.25,43.63771304731721,885.5,90.96702699330127
OR,2021-09-18,2021,37,89,218.0,996.0,155.0,142.0,113.0,0.0,247.0,1,231.0,252.0,153.0,24.0,808.0,808.0,943.0,812.0,156.0,164.0,143.0,122.0,223.5,24.691429012243614,898.75,104.92338474652192
OR,2021-09-25,2021,38,90,203.0,808.0,153.0,114.0,88.0,0.0,229.0,1,218.0,231.0,193.0,33.0,996.0,808.0,983.0,824.0,155.0,156.0,150.0,126.0,226.0,20.76856599126026,855.0,94.00000000000001
OR,2021-10-02,2021,39,91,172.0,949.0,140.0,93.0,69.0,0.0,196.0,1,203.0,218.0,252.0,59.0,808.0,996.0,808.0,808.0,153.0,155.0,164.0,122.0,206.0,25.390286856722703,890.25,96.89298220201503
OR,2021-10-09,2021,40,92,171.0,981.0,139.0,121.0,89.0,0.0,203.0,1,172.0,203.0,231.0,92.0,949.0,808.0,808.0,872.0,140.0,153.0,156.0,131.0,191.0,23.338094752285706,933.5,85.93214377247514
OR,2021-10-16,2021,41,93,124.0,963.0,138.0,94.0,66.0,0.0,152.0,1,171.0,172.0,218.0,153.0,981.0,949.0,996.0,943.0,139.0,140.0,155.0,143.0,167.5,32.58322676879418,925.25,79.2564403271642
OR,2021-10-23,2021,42,94,141.0,962.0,136.0,97.0,68.0,0.0,170.0,1,124.0,171.0,203.0,193.0,963.0,981.0,808.0,983.0,138.0,139.0,153.0,150.0,152.0,23.565511522844822,963.75,13.149778198383045
OR,2021-10-30,2021,43,95,136.0,926.0,132.0,82.0,61.0,0.0,157.0,1,141.0,124.0,172.0,252.0,962.0,963.0,949.0,808.0,136.0,138.0,140.0,164.0,143.0,19.98332638309579,958.0,23.050668826160695
OR,2021-11-06,2021,44,96,103.0,875.0,128.0,81.0,53.0,0.0,131.0,0,136.0,141.0,171.0,231.0,926.0,962.0,981.0,808.0,132.0,136.0,139.0,156.0,126.0,16.911534525287728,931.5,41.41255848169737
OR,2021-11-13,2021,45,97,86.0,881.0,122.0,63.0,39.0,0.0,110.0,0,103.0,136.0,124.0,218.0,875.0,926.0,963.0,996.0,128.0,132.0,138.0,155.0,116.5,26.413380447543354,911.0,40.91454509095762
OR,2021-11-20,2021,46,98,90.0,892.0,125.0,77.0,48.0,0.0,119.0,0,86.0,103.0,141.0,203.0,881.0,875.0,962.0,808.0,122.0,128.0,136.0,153.0,103.75,22.691775308835258,893.5,22.781571499789127
OR,2021-11-27,2021,47,99,91.0,875.0,126.0,63.0,45.0,0.0,109.0,0,90.0,86.0,136.0,172.0,892.0,881.0,926.0,949.0,125.0,122.0,132.0,140.0,92.5,7.325753658611882,880.75,8.015609770940934
OR,2021-12-04,2021,48,100,81.0,865.0,124.0,80.0,41.0,0.0,121.0,0,91.0,90.0,103.0,171.0,875.0,892.0,875.0,981.0,126.0,125.0,128.0,139.0,87.0,4.5460605656618105,878.25,11.295279249905112
OR,2021-12-11,2021,49,101,84.0,966.0,136.0,64.0,37.0,0.0,111.0,0,81.0,91.0,86.0,124.0,865.0,875.0,881.0,963.0,124.0,126.0,122.0,138.0,86.5,4.795831523312585,899.5,45.71287200195005
OR,2021-12-18,2021,50,102,74.0,925.0,130.0,74.0,32.0,0.0,116.0,0,84.0,81.0,90.0,141.0,966.0,865.0,892.0,962.0,136.0,124.0,125.0,136.0,82.5,7.047458170621899,907.75,46.871277629980064
OR,2021-12-25,2021,51,103,70.0,898.0,120.0,68.0,41.0,0.0,98.0,0,74.0,84.0,91.0,136.0,925.0,966.0,875.0,926.0,130.0,136.0,126.0,132.0,77.25,6.396613687465063,913.5,42.743420546325055
PA,2020-02-29,2020,9,8,0.0,0.0,100.0,144.0,0.0,26.0,170.0,0,0.0,0.0,0.0,0.0,0.0,0.0,0.0,0.0,96.0,97.0,98.0,96.0,0.0,0.0,0.0,0.0
PA,2020-03-07,2020,10,9,0.0,0.0,99.0,148.0,0.0,38.0,186.0,0,0.0,0.0,0.0,0.0,0.0,0.0,0.0,0.0,100.0,96.0,97.0,97.0,0.0,0.0,0.0,0.0
PA,2020-03-14,2020,11,10,0.0,0.0,102.0,167.0,0.0,38.0,205.0,0,0.0,0.0,0.0,0.0,0.0,0.0,0.0,0.0,99.0,100.0,97.0,97.0,0.0,0.0,0.0,0.0
PA,2020-03-21,2020,12,11,79.0,0.0,95.0,184.0,35.0,29.0,216.0,0,0.0,0.0,0.0,0.0,0.0,0.0,0.0,0.0,102.0,99.0,96.0,94.0,19.75,39.5,0.0,0.0
PA,2020-03-28,2020,13,12,53.0,0.0,101.0,205.0,28.0,21.0,251.0,0,79.0,0.0,0.0,0.0,0.0,0.0,0.0,0.0,95.0,102.0,100.0,98.0,33.0,39.5558676641869,0.0,0.0
PA,2020-04-04,2020,14,13,210.0,0.0,112.0,273.0,83.0,12.0,411.0,0,53.0,79.0,0.0,0.0,0.0,0.0,0.0,0.0,101.0,95.0,99.0,97.0,85.5,89.27298956944742,0.0,0.0
PA,2020-04-11,2020,15,14,641.0,0.0,128.0,473.0,274.0,0.0,843.0,1,210.0,53.0,0.0,0.0,0.0,0.0,0.0,0.0,112.0,101.0,102.0,97.0,245.75,272.3103315459527,0.0,0.0
PA,2020-04-18,2020,16,15,917.0,0.0,142.0,515.0,345.0,0.0,205.0,1,641.0,210.0,79.0,0.0,0.0,0.0,0.0,0.0,128.0,112.0,95.0,96.0,455.25,395.67189690449334,0.0,0.0
PA,2020-04-25,2020,17,16,79.0,0.0,148.0,560.0,417.0,0.0,205.0,0,917.0,641.0,53.0,0.0,0.0,0.0,0.0,0.0,142.0,128.0,101.0,100.0,461.75,386.9792199416742,0.0,0.0
PA,2020-05-02,2020,18,17,945.0,0.0,142.0,460.0,315.0,0.0,205.0,1,79.0,917.0,210.0,0.0,0.0,0.0,0.0,0.0,148.0,142.0,112.0,99.0,645.5,401.81048600884805,0.0,0.0
PA,2020-05-09,2020,19,18,847.0,0.0,140.0,455.0,322.0,0.0,981.0,1,945.0,79.0,641.0,0.0,0.0,0.0,0.0,0.0,142.0,148.0,128.0,102.0,697.0,414.0563568726686,0.0,0.0
PA,2020-05-16,2020,20,19,715.0,0.0,130.0,357.0,254.0,0.0,819.0,1,847.0,945.0,917.0,79.0,0.0,0.0,0.0,0.0,140.0,142.0,142.0,95.0,646.5,389.893575222778,0.0,0.0
PA,2020-05-23,2020,21,20,511.0,0.0,120.0,306.0,179.0,0.0,639.0,0,715.0,847.0,79.0,53.0,0.0,0.0,0.0,0.0,130.0,140.0,148.0,101.0,754.5,187.7045550859116,0.0,0.0
PA,2020-05-30,2020,22,21,358.0,0.0,113.0,214.0,122.0,0.0,450.0,0,511.0,715.0,945.0,210.0,0.0,0.0,0.0,0.0,120.0,130.0,142.0,112.0,607.75,216.39373835672794,0.0,0.0
PA,2020-06-06,2020,23,22,275.0,0.0,109.0,173.0,76.0,0.0,372.0,0,358.0,511.0,847.0,641.0,0.0,0.0,0.0,0.0,113.0,120.0,140.0,128.0,464.75,193.3604147699317,0.0,0.0
PA,2020-06-13,2020,24,23,207.0,0.0,103.0,169.0,68.0,0.0,308.0,0,275.0,358.0,715.0,917.0,0.0,0.0,0.0,0.0,109.0,113.0,130.0,142.0,337.75,130.96914394874344,0.0,0.0
PA,2020-06-20,2020,25,24,182.0,0.0,107.0,157.0,56.0,0.0,283.0,0,207.0,275.0,511.0,79.0,0.0,0.0,0.0,0.0,103.0,109.0,120.0,148.0,255.5,78.8268143886754,0.0,0.0
PA,2020-06-27,2020,26,25,146.0,0.0,105.0,133.0,33.0,0.0,247.0,0,182.0,207.0,358.0,945.0,0.0,0.0,0.0,0.0,107.0,103.0,113.0,142.0,202.5,54.43344560102748,0.0,0.0
PA,2020-07-04,2020,27,26,139.0,0.0,107.0,140.0,40.0,0.0,239.0,0,146.0,182.0,275.0,847.0,0.0,0.0,0.0,0.0,105.0,107.0,109.0,140.0,168.5,31.838132273528306,0.0,0.0
PA,2020-07-11,2020,28,27,126.0,0.0,112.0,143.0,40.0,0.0,229.0,0,139.0,146.0,207.0,715.0,0.0,0.0,0.0,0.0,107.0,105.0,103.0,130.0,148.25,23.97741993348501,0.0,0.0
PA,2020-07-18,2020,29,28,110.0,0.0,106.0,120.0,30.0,0.0,200.0,0,126.0,139.0,182.0,511.0,0.0,0.0,0.0,0.0,112.0,107.0,107.0,120.0,130.25,15.840349322748041,0.0,0.0
PA,2020-07-25,2020,30,29,95.0,0.0,106.0,121.0,30.0,0.0,186.0,0,110.0,126.0,146.0,358.0,0.0,0.0,0.0,0.0,106.0,112.0,105.0,113.0,117.5,19.122412679018417,0.0,0.0
PA,2020-08-01,2020,31,30,103.0,0.0,111.0,138.0,36.0,0.0,205.0,0,95.0,110.0,139.0,275.0,0.0,0.0,0.0,0.0,106.0,106.0,107.0,109.0,108.5,13.178264933847865,0.0,0.0
PA,2020-08-08,2020,32,31,137.0,0.0,104.0,137.0,41.0,0.0,233.0,0,103.0,95.0,126.0,207.0,0.0,0.0,0.0,0.0,111.0,106.0,112.0,103.0,111.25,18.22772613355867,0.0,0.0
PA,2020-08-15,2020,33,32,125.0,0.0,111.0,124.0,39.0,0.0,210.0,0,137.0,103.0,110.0,182.0,0.0,0.0,0.0,0.0,104.0,111.0,106.0,107.0,115.0,19.39071942966577,0.0,0.0
PA,2020-08-22,2020,34,33,98.0,0.0,110.0,145.0,38.0,0.0,205.0,0,125.0,137.0,95.0,146.0,0.0,0.0,0.0,0.0,111.0,104.0,106.0,105.0,115.75,18.39157415775,0.0,0.0
PA,2020-08-29,2020,35,34,103.0,0.0,107.0,142.0,42.0,0.0,203.0,0,98.0,125.0,103.0,139.0,0.0,0.0,0.0,0.0,110.0,111.0,111.0,107.0,115.75,18.39157415775,0.0,0.0
PA,2020-09-05,2020,36,35,86.0,0.0,109.0,124.0,26.0,0.0,184.0,0,103.0,98.0,137.0,126.0,0.0,0.0,0.0,0.0,107.0,110.0,104.0,112.0,103.0,16.30950643030063,0.0,0.0
PA,2020-09-12,2020,37,36,99.0,0.0,107.0,124.0,30.0,0.0,193.0,0,86.0,103.0,125.0,110.0,0.0,0.0,0.0,0.0,109.0,107.0,111.0,106.0,96.5,7.325753658613173,0.0,0.0
PA,2020-09-19,2020,38,37,94.0,0.0,106.0,138.0,30.0,0.0,202.0,0,99.0,86.0,98.0,95.0,0.0,0.0,0.0,0.0,107.0,109.0,110.0,106.0,95.5,7.325753658613173,0.0,0.0
PA,2020-09-26,2020,39,38,94.0,0.0,109.0,124.0,32.0,0.0,186.0,0,94.0,99.0,103.0,103.0,0.0,0.0,0.0,0.0,106.0,107.0,107.0,111.0,93.25,5.377421934968864,0.0,0.0
PA,2020-10-03,2020,40,39,125.0,0.0,106.0,151.0,46.0,0.0,230.0,0,94.0,94.0,86.0,137.0,0.0,0.0,0.0,0.0,109.0,106.0,109.0,104.0,103.0,14.85485330343872,0.0,0.0
PA,2020-10-10,2020,41,40,149.0,0.0,111.0,153.0,53.0,0.0,249.0,0,125.0,94.0,99.0,125.0,0.0,0.0,0.0,0.0,106.0,109.0,107.0,111.0,115.5,26.689573494781648,0.0,0.0
PA,2020-10-17,2020,42,41,154.0,0.0,103.0,148.0,57.0,0.0,245.0,0,149.0,125.0,94.0,98.0,0.0,0.0,0.0,0.0,111.0,106.0,106.0,110.0,130.5,27.42869543622793,0.0,0.0
PA,2020-10-24,2020,43,42,174.0,0.0,106.0,208.0,79.0,0.0,303.0,0,154.0,149.0,94.0,103.0,0.0,0.0,0.0,0.0,103.0,111.0,109.0,107.0,150.5,20.1411684533615,0.0,0.0
PA,2020-10-31,2020,44,43,198.0,0.0,106.0,184.0,79.0,0.0,303.0,0,174.0,154.0,125.0,86.0,0.0,0.0,0.0,0.0,106.0,103.0,106.0,109.0,168.75,22.291627725823083,0.0,0.0
PA,2020-11-07,2020,45,44,316.0,0.0,116.0,267.0,131.0,0.0,453.0,0,198.0,174.0,149.0,99.0,0.0,0.0,0.0,0.0,106.0,106.0,111.0,107.0,210.5,72.59706146486475,0.0,0.0
PA,2020-11-14,2020,46,45,431.0,0.0,118.0,336.0,202.0,0.0,566.0,0,316.0,198.0,154.0,94.0,0.0,0.0,0.0,0.0,116.0,106.0,103.0,106.0,279.75,118.40150618411357,0.0,0.0
PA,2020-11-21,2020,47,46,646.0,0.0,129.0,398.0,268.0,0.0,778.0,1,431.0,316.0,174.0,94.0,0.0,0.0,0.0,0.0,118.0,116.0,106.0,109.0,397.75,190.8898024166474,0.0,0.0
PA,2020-11-28,2020,48,47,889.0,0.0,136.0,466.0,345.0,0.0,205.0,1,646.0,431.0,198.0,125.0,0.0,0.0,0.0,0.0,129.0,118.0,106.0,106.0,570.5,252.56880250735645,0.0,0.0
PA,2020-12-05,2020,49,48,79.0,0.0,144.0,553.0,423.0,0.0,205.0,0,889.0,646.0,316.0,149.0,0.0,0.0,0.0,0.0,136.0,129.0,116.0,111.0,511.25,343.575683074341,0.0,0.0
PA,2020-12-12,2020,50,49,79.0,0.0,157.0,687.0,573.0,0.0,205.0,0,79.0,889.0,431.0,154.0,0.0,0.0,0.0,0.0,144.0,136.0,118.0,103.0,423.25,409.69775444832504,0.0,0.0
PA,2020-12-19,2020,51,50,79.0,0.0,162.0,757.0,624.0,0.0,205.0,0,79.0,79.0,646.0,174.0,0.0,0.0,0.0,0.0,157.0,144.0,129.0,106.0,281.5,405.00000000000006,0.0,0.0
PA,2020-12-26,2020,52,51,79.0,0.0,163.0,752.0,632.0,0.0,205.0,0,79.0,79.0,889.0,198.0,0.0,0.0,0.0,0.0,162.0,157.0,136.0,106.0,79.0,0.0,0.0,0.0
PA,2021-01-02,2021,53,52,79.0,0.0,160.0,735.0,600.0,0.0,205.0,0,79.0,79.0,79.0,316.0,0.0,0.0,0.0,0.0,163.0,162.0,144.0,116.0,79.0,0.0,0.0,0.0
PA,2021-01-09,2021,1,53,79.0,0.0,138.0,690.0,547.0,0.0,205.0,0,79.0,79.0,79.0,431.0,0.0,0.0,0.0,0.0,160.0,163.0,157.0,118.0,79.0,0.0,0.0,0.0
PA,2021-01-16,2021,2,54,79.0,0.0,132.0,628.0,483.0,0.0,205.0,0,79.0,79.0,79.0,646.0,0.0,0.0,0.0,0.0,138.0,160.0,162.0,129.0,79.0,0.0,0.0,0.0
PA,2021-01-23,2021,3,55,79.0,0.0,131.0,629.0,506.0,0.0,205.0,0,79.0,79.0,79.0,889.0,0.0,0.0,0.0,0.0,132.0,138.0,163.0,136.0,79.0,0.0,0.0,0.0
PA,2021-01-30,2021,4,56,872.0,0.0,121.0,516.0,398.0,0.0,990.0,1,79.0,79.0,79.0,79.0,0.0,0.0,0.0,0.0,131.0,132.0,160.0,144.0,277.25,396.50000000000006,0.0,0.0
PA,2021-02-06,2021,5,57,672.0,0.0,119.0,437.0,318.0,0.0,792.0,1,872.0,79.0,79.0,79.0,0.0,0.0,0.0,0.0,121.0,131.0,138.0,157.0,425.5,408.34993163543777,0.0,0.0
PA,2021-02-13,2021,6,58,543.0,0.0,113.0,371.0,256.0,0.0,658.0,1,672.0,872.0,79.0,79.0,0.0,0.0,0.0,0.0,119.0,121.0,132.0,162.0,541.5,336.73382168512074,0.0,0.0
PA,2021-02-20,2021,7,59,443.0,0.0,108.0,337.0,214.0,0.0,566.0,0,543.0,672.0,79.0,79.0,0.0,0.0,0.0,0.0,113.0,119.0,131.0,163.0,632.5,185.1494891522344,0.0,0.0
PA,2021-02-27,2021,8,60,334.0,0.0,102.0,271.0,161.0,0.0,444.0,0,443.0,543.0,872.0,79.0,0.0,0.0,0.0,0.0,108.0,113.0,121.0,160.0,498.0,144.01620279213964,0.0,0.0
PA,2021-03-06,2021,9,61,263.0,0.0,99.0,212.0,119.0,0.0,356.0,0,334.0,443.0,672.0,79.0,0.0,0.0,0.0,0.0,102.0,108.0,119.0,138.0,395.75,122.95087094716607,0.0,0.0
PA,2021-03-13,2021,10,62,237.0,0.0,97.0,223.0,107.0,0.0,354.0,0,263.0,334.0,543.0,79.0,0.0,0.0,0.0,0.0,99.0,102.0,113.0,132.0,319.25,92.12446291114368,0.0,0.0
PA,2021-03-20,2021,11,63,216.0,0.0,102.0,209.0,97.0,0.0,328.0,0,237.0,263.0,443.0,79.0,0.0,0.0,0.0,0.0,97.0,99.0,108.0,131.0,262.5,51.39714648369778,0.0,0.0
PA,2021-03-27,2021,12,64,216.0,0.0,99.0,212.0,116.0,0.0,313.0,0,216.0,237.0,334.0,872.0,0.0,0.0,0.0,0.0,102.0,97.0,102.0,121.0,233.0,22.315913604421855,0.0,0.0
PA,2021-04-03,2021,13,65,230.0,0.0,98.0,190.0,109.0,0.0,311.0,0,216.0,216.0,263.0,672.0,0.0,0.0,0.0,0.0,99.0,102.0,99.0,119.0,224.75,10.500000000000972,0.0,0.0
PA,2021-04-10,2021,14,66,254.0,0.0,104.0,240.0,133.0,0.0,361.0,0,230.0,216.0,237.0,543.0,0.0,0.0,0.0,0.0,98.0,99.0,97.0,113.0,229.0,17.925772879665573,0.0,0.0
PA,2021-04-17,2021,15,67,315.0,0.0,107.0,263.0,166.0,0.0,412.0,0,254.0,230.0,216.0,443.0,0.0,0.0,0.0,0.0,104.0,98.0,102.0,108.0,253.75,43.74452346675357,0.0,0.0
PA,2021-04-24,2021,16,68,339.0,0.0,107.0,254.0,160.0,0.0,434.0,0,315.0,254.0,216.0,334.0,0.0,0.0,0.0,0.0,107.0,104.0,99.0,102.0,284.5,50.99346363342418,0.0,0.0
PA,2021-05-01,2021,17,69,262.0,0.0,105.0,226.0,139.0,0.0,349.0,0,339.0,315.0,230.0,263.0,0.0,0.0,0.0,0.0,107.0,107.0,98.0,99.0,292.5,41.154181642534056,0.0,0.0
PA,2021-05-08,2021,18,70,268.0,0.0,110.0,250.0,145.0,0.0,373.0,0,262.0,339.0,254.0,237.0,0.0,0.0,0.0,0.0,105.0,107.0,104.0,97.0,296.0,37.1931893407026,0.0,0.0
PA,2021-05-15,2021,19,71,211.0,0.0,111.0,191.0,112.0,0.0,290.0,0,268.0,262.0,315.0,216.0,0.0,0.0,0.0,0.0,110.0,105.0,107.0,102.0,270.0,52.63078946776327,0.0,0.0
PA,2021-05-22,2021,20,72,200.0,0.0,109.0,200.0,109.0,0.0,291.0,0,211.0,268.0,339.0,216.0,0.0,0.0,0.0,0.0,111.0,110.0,107.0,99.0,235.25,34.73110997362482,0.0,0.0
PA,2021-05-29,2021,21,73,148.0,0.0,103.0,161.0,77.0,0.0,232.0,0,200.0,211.0,262.0,230.0,0.0,0.0,0.0,0.0,109.0,111.0,105.0,98.0,206.75,49.21635906891144,0.0,0.0
PA,2021-06-05,2021,22,74,118.0,0.0,108.0,169.0,68.0,0.0,219.0,0,148.0,200.0,268.0,254.0,0.0,0.0,0.0,0.0,103.0,109.0,110.0,104.0,169.25,43.84347157787602,0.0,0.0
PA,2021-06-12,2021,23,75,101.0,0.0,98.0,135.0,47.0,0.0,189.0,0,118.0,148.0,211.0,315.0,0.0,0.0,0.0,0.0,108.0,103.0,111.0,107.0,141.75,43.423304035199294,0.0,0.0
PA,2021-06-19,2021,24,76,79.0,0.0,101.0,155.0,41.0,0.0,193.0,0,101.0,118.0,200.0,339.0,0.0,0.0,0.0,0.0,98.0,108.0,109.0,107.0,111.5,29.103264421710872,0.0,0.0
PA,2021-06-26,2021,25,77,55.0,0.0,102.0,108.0,19.0,0.0,144.0,0,79.0,101.0,148.0,262.0,0.0,0.0,0.0,0.0,101.0,98.0,103.0,105.0,88.25,27.31757675929587,0.0,0.0
PA,2021-07-03,2021,26,78,38.0,0.0,105.0,106.0,13.0,0.0,131.0,0,55.0,79.0,118.0,268.0,0.0,0.0,0.0,0.0,102.0,101.0,108.0,110.0,68.25,27.560539423845736,0.0,0.0
PA,2021-07-10,2021,27,79,40.0,0.0,104.0,122.0,20.0,0.0,142.0,0,38.0,55.0,101.0,211.0,0.0,0.0,0.0,0.0,105.0,102.0,98.0,111.0,53.0,18.920887928425074,0.0,0.0
PA,2021-07-17,2021,28,80,40.0,0.0,102.0,104.0,16.0,0.0,128.0,0,40.0,38.0,79.0,200.0,0.0,0.0,0.0,0.0,104.0,105.0,101.0,109.0,43.25,7.8898669190311255,0.0,0.0
PA,2021-07-24,2021,29,81,32.0,0.0,104.0,121.0,14.0,0.0,139.0,0,40.0,40.0,55.0,148.0,0.0,0.0,0.0,0.0,102.0,104.0,102.0,103.0,37.5,3.7859388972030508,0.0,0.0
PA,2021-07-31,2021,30,82,47.0,0.0,105.0,128.0,21.0,0.0,154.0,0,32.0,40.0,38.0,118.0,0.0,0.0,0.0,0.0,104.0,102.0,105.0,108.0,39.75,6.1305247192516115,0.0,0.0
PA,2021-08-07,2021,31,83,75.0,0.0,106.0,110.0,25.0,0.0,160.0,0,47.0,32.0,40.0,101.0,0.0,0.0,0.0,0.0,105.0,104.0,104.0,98.0,48.5,18.699376103674915,0.0,0.0
PA,2021-08-14,2021,32,84,85.0,0.0,110.0,166.0,44.0,0.0,207.0,0,75.0,47.0,40.0,79.0,0.0,0.0,0.0,0.0,106.0,105.0,102.0,101.0,59.75,24.513601666558273,0.0,0.0
PA,2021-08-21,2021,33,85,131.0,0.0,111.0,186.0,76.0,0.0,241.0,0,85.0,75.0,32.0,55.0,0.0,0.0,0.0,0.0,110.0,106.0,104.0,102.0,84.5,34.923726414383225,0.0,0.0
PA,2021-08-28,2021,34,86,197.0,0.0,115.0,222.0,109.0,0.0,310.0,0,131.0,85.0,47.0,38.0,0.0,0.0,0.0,0.0,111.0,110.0,105.0,105.0,122.0,55.62972826346259,0.0,0.0
PA,2021-09-04,2021,35,87,243.0,0.0,117.0,230.0,134.0,0.0,339.0,0,197.0,131.0,75.0,40.0,0.0,0.0,0.0,0.0,115.0,111.0,106.0,104.0,164.0,69.90469702864529,0.0,0.0
PA,2021-09-11,2021,36,88,269.0,0.0,117.0,265.0,147.0,0.0,387.0,0,243.0,197.0,85.0,40.0,0.0,0.0,0.0,0.0,117.0,115.0,110.0,102.0,210.0,60.497933849016874,0.0,0.0
PA,2021-09-18,2021,37,89,314.0,0.0,120.0,313.0,181.0,0.0,446.0,0,269.0,243.0,131.0,32.0,0.0,0.0,0.0,0.0,117.0,117.0,111.0,104.0,255.75,48.931073971455206,0.0,0.0
PA,2021-09-25,2021,38,90,366.0,0.0,119.0,324.0,190.0,0.0,501.0,0,314.0,269.0,197.0,47.0,0.0,0.0,0.0,0.0,120.0,117.0,115.0,105.0,298.0,53.993826807639365,0.0,0.0
PA,2021-10-02,2021,39,91,429.0,0.0,129.0,362.0,219.0,0.0,574.0,0,366.0,314.0,243.0,75.0,0.0,0.0,0.0,0.0,119.0,120.0,117.0,106.0,344.5,68.87912117131981,0.0,0.0
PA,2021-10-09,2021,40,92,499.0,0.0,124.0,371.0,267.0,0.0,603.0,0,429.0,366.0,269.0,85.0,0.0,0.0,0.0,0.0,129.0,119.0,117.0,110.0,402.0,79.95415352979913,0.0,0.0
PA,2021-10-16,2021,41,93,521.0,0.0,126.0,404.0,284.0,0.0,641.0,1,499.0,429.0,314.0,131.0,0.0,0.0,0.0,0.0,124.0,129.0,120.0,111.0,453.75,70.43377504199736,0.0,0.0
PA,2021-10-23,2021,42,94,507.0,0.0,119.0,399.0,280.0,0.0,626.0,0,521.0,499.0,366.0,197.0,0.0,0.0,0.0,0.0,126.0,124.0,119.0,115.0,489.0,41.02032016777405,0.0,0.0
PA,2021-10-30,2021,43,95,524.0,0.0,124.0,409.0,278.0,0.0,655.0,1,507.0,521.0,429.0,243.0,0.0,0.0,0.0,0.0,119.0,126.0,129.0,117.0,512.75,11.7862914721591,0.0,0.0
PA,2021-11-06,2021,44,96,468.0,0.0,120.0,423.0,280.0,0.0,611.0,0,524.0,507.0,499.0,269.0,0.0,0.0,0.0,0.0,124.0,119.0,124.0,117.0,505.0,25.755258362776274,0.0,0.0
PA,2021-11-13,2021,45,97,496.0,0.0,127.0,393.0,272.0,0.0,617.0,0,468.0,524.0,521.0,314.0,0.0,0.0,0.0,0.0,120.0,124.0,126.0,120.0,498.75,23.514180118955682,0.0,0.0
PA,2021-11-20,2021,46,98,525.0,0.0,122.0,409.0,280.0,0.0,654.0,1,496.0,468.0,507.0,366.0,0.0,0.0,0.0,0.0,127.0,120.0,119.0,119.0,503.25,27.0724337041702,0.0,0.0
PA,2021-11-27,2021,47,99,618.0,0.0,133.0,458.0,327.0,0.0,749.0,1,525.0,496.0,524.0,429.0,0.0,0.0,0.0,0.0,122.0,127.0,124.0,129.0,526.75,65.13255714310642,0.0,0.0
PA,2021-12-04,2021,48,100,731.0,0.0,136.0,568.0,442.0,0.0,859.0,1,618.0,525.0,468.0,499.0,0.0,0.0,0.0,0.0,133.0,122.0,120.0,124.0,592.5,105.98899313922502,0.0,0.0
PA,2021-12-11,2021,49,101,807.0,0.0,135.0,573.0,420.0,0.0,966.0,1,731.0,618.0,496.0,521.0,0.0,0.0,0.0,0.0,136.0,133.0,127.0,126.0,670.25,124.12191587306418,0.0,0.0
PA,2021-12-18,2021,50,102,838.0,0.0,133.0,605.0,472.0,0.0,974.0,1,807.0,731.0,525.0,507.0,0.0,0.0,0.0,0.0,135.0,136.0,122.0,119.0,748.5,97.92684344277974,0.0,0.0
PA,2021-12-25,2021,51,103,818.0,0.0,132.0,628.0,465.0,0.0,986.0,1,838.0,807.0,618.0,524.0,0.0,0.0,0.0,0.0,133.0,135.0,133.0,124.0,798.5,46.79387424296789,0.0,0.0
RI,2020-02-29,2020,9,8,0.0,235.0,111.0,13.0,0.0,0.0,14.0,0,0.0,0.0,0.0,0.0,206.0,183.0,220.0,225.0,103.0,82.0,101.0,100.0,0.0,0.0,217.0,27.86873995477131
RI,2020-03-07,2020,10,9,0.0,251.0,115.0,19.0,0.0,0.0,21.0,0,0.0,0.0,0.0,0.0,235.0,206.0,244.0,201.0,111.0,103.0,104.0,89.0,0.0,0.0,218.75,30.247589435633824
RI,2020-03-14,2020,11,10,0.0,196.0,97.0,10.0,0.0,0.0,13.0,0,0.0,0.0,0.0,0.0,251.0,235.0,183.0,204.0,115.0,111.0,82.0,97.0,0.0,0.0,222.0,25.442746183015178
RI,2020-03-21,2020,12,11,0.0,220.0,105.0,18.0,0.0,0.0,20.0,0,0.0,0.0,0.0,0.0,196.0,251.0,206.0,199.0,97.0,115.0,103.0,89.0,0.0,0.0,225.5,23.388031127053
RI,2020-03-28,2020,13,12,13.0,200.0,102.0,12.0,0.0,0.0,14.0,0,0.0,0.0,0.0,0.0,220.0,196.0,235.0,220.0,105.0,97.0,111.0,101.0,3.25,6.5,216.75,25.131321758581134
RI,2020-04-04,2020,14,13,23.0,236.0,109.0,19.0,0.0,0.0,38.0,0,13.0,0.0,0.0,0.0,200.0,220.0,251.0,244.0,102.0,105.0,115.0,104.0,9.0,11.16542281629615,213.0,18.583146486355144
RI,2020-04-11,2020,15,14,52.0,246.0,126.0,30.0,18.0,0.0,65.0,0,23.0,13.0,0.0,0.0,236.0,200.0,196.0,183.0,109.0,102.0,97.0,82.0,22.0,22.105806175452337,225.5,20.091457554559526
RI,2020-04-18,2020,16,15,94.0,273.0,132.0,47.0,39.0,0.0,102.0,1,52.0,23.0,0.0,0.0,246.0,236.0,220.0,206.0,126.0,109.0,105.0,103.0,45.5,36.318039594669756,238.75,30.19243834693272
RI,2020-04-25,2020,17,16,104.0,297.0,147.0,50.0,39.0,0.0,115.0,1,94.0,52.0,13.0,0.0,273.0,246.0,200.0,235.0,132.0,126.0,102.0,111.0,68.25,37.650807870925334,263.0,27.531799795872416
RI,2020-05-02,2020,18,17,125.0,332.0,149.0,63.0,47.0,0.0,142.0,1,104.0,94.0,23.0,0.0,297.0,273.0,236.0,251.0,147.0,132.0,109.0,115.0,93.75,30.68522988887868,287.0,36.523964735499355
RI,2020-05-09,2020,19,18,137.0,381.0,198.0,56.0,47.0,0.0,146.0,1,125.0,104.0,52.0,0.0,332.0,297.0,246.0,196.0,149.0,147.0,126.0,97.0,115.0,19.544820285692065,320.75,46.906822531482554
RI,2020-05-16,2020,20,19,115.0,303.0,145.0,57.0,48.0,0.0,124.0,1,137.0,125.0,94.0,0.0,381.0,332.0,273.0,220.0,198.0,149.0,132.0,105.0,120.25,14.080127840328727,328.25,38.34383914007567
RI,2020-05-23,2020,21,20,104.0,279.0,146.0,57.0,43.0,0.0,118.0,1,115.0,137.0,104.0,13.0,303.0,381.0,297.0,200.0,145.0,198.0,147.0,102.0,120.25,14.080127840328727,323.75,43.88906469725687
RI,2020-05-30,2020,22,21,72.0,254.0,153.0,37.0,31.0,0.0,78.0,1,104.0,115.0,125.0,23.0,279.0,303.0,332.0,236.0,146.0,145.0,149.0,109.0,107.0,27.067816067549057,304.25,54.938602093609916
RI,2020-06-06,2020,23,22,56.0,241.0,121.0,31.0,21.0,0.0,66.0,0,72.0,104.0,137.0,52.0,254.0,279.0,381.0,246.0,153.0,146.0,198.0,126.0,86.75,27.43932700826802,269.25,27.47574688096152
RI,2020-06-13,2020,24,23,27.0,209.0,113.0,18.0,0.0,0.0,37.0,0,56.0,72.0,115.0,94.0,241.0,254.0,303.0,273.0,121.0,153.0,145.0,132.0,64.75,32.118271020298295,245.75,29.136174537276965
RI,2020-06-20,2020,25,24,33.0,237.0,122.0,20.0,14.0,0.0,39.0,0,27.0,56.0,104.0,104.0,209.0,241.0,279.0,297.0,113.0,121.0,146.0,147.0,47.0,20.832666655999656,235.25,18.945096111307183
RI,2020-06-27,2020,26,25,23.0,200.0,103.0,20.0,10.0,0.0,33.0,0,33.0,27.0,72.0,125.0,237.0,209.0,254.0,332.0,122.0,113.0,153.0,149.0,34.75,14.750706197783659,221.75,20.320351046836432
RI,2020-07-04,2020,27,26,19.0,177.0,94.0,17.0,0.0,0.0,28.0,0,23.0,33.0,56.0,137.0,200.0,237.0,241.0,381.0,103.0,122.0,121.0,198.0,25.5,5.972157622389631,205.75,24.810951882854745
RI,2020-07-11,2020,28,27,12.0,190.0,103.0,13.0,0.0,0.0,22.0,0,19.0,23.0,27.0,115.0,177.0,200.0,209.0,303.0,94.0,103.0,113.0,145.0,21.75,8.77021474461524,201.0,25.78113005022601
RI,2020-07-18,2020,29,28,13.0,190.0,97.0,14.0,0.0,0.0,14.0,0,12.0,19.0,33.0,104.0,190.0,177.0,237.0,279.0,103.0,94.0,122.0,146.0,16.75,5.188127472091117,189.25,9.429563439877091
RI,2020-07-25,2020,30,29,13.0,173.0,97.0,15.0,0.0,0.0,19.0,0,13.0,12.0,23.0,72.0,190.0,190.0,200.0,254.0,97.0,103.0,103.0,153.0,14.25,3.201562118716408,182.5,8.81286937760152
RI,2020-08-01,2020,31,30,13.0,200.0,114.0,14.0,0.0,0.0,17.0,0,13.0,13.0,19.0,56.0,173.0,190.0,177.0,241.0,97.0,97.0,94.0,121.0,12.75,0.4999999999998937,188.25,11.206396982676154
RI,2020-08-08,2020,32,31,13.0,209.0,118.0,14.0,0.0,0.0,19.0,0,13.0,13.0,12.0,27.0,200.0,173.0,190.0,209.0,114.0,97.0,103.0,113.0,13.0,0.0,193.0,15.42724862054151
RI,2020-08-15,2020,33,32,13.0,211.0,114.0,14.0,0.0,0.0,15.0,0,13.0,13.0,13.0,33.0,209.0,200.0,190.0,237.0,118.0,114.0,97.0,122.0,13.0,0.0,198.25,17.5
RI,2020-08-22,2020,34,33,17.0,198.0,102.0,14.0,0.0,0.0,26.0,0,13.0,13.0,13.0,23.0,211.0,209.0,173.0,200.0,114.0,118.0,97.0,103.0,14.0,1.9999999999999734,204.5,6.454972243679027
RI,2020-08-29,2020,35,34,13.0,187.0,97.0,14.0,0.0,0.0,13.0,0,17.0,13.0,13.0,19.0,198.0,211.0,200.0,177.0,102.0,114.0,114.0,94.0,14.0,1.9999999999999734,201.25,11.086778913041725
RI,2020-09-05,2020,36,35,13.0,207.0,105.0,14.0,0.0,0.0,15.0,0,13.0,17.0,13.0,12.0,187.0,198.0,209.0,190.0,97.0,102.0,118.0,103.0,14.0,1.9999999999999734,200.75,10.65754818583211
RI,2020-09-12,2020,37,36,13.0,190.0,101.0,10.0,0.0,0.0,13.0,0,13.0,13.0,13.0,13.0,207.0,187.0,211.0,190.0,105.0,97.0,114.0,97.0,14.0,1.9999999999999734,195.5,8.962886439832502
RI,2020-09-19,2020,38,37,15.0,194.0,99.0,18.0,0.0,0.0,24.0,0,13.0,13.0,17.0,13.0,190.0,207.0,198.0,173.0,101.0,105.0,102.0,97.0,13.5,0.9999999999999467,194.5,8.812869377601524
RI,2020-09-26,2020,39,38,11.0,208.0,106.0,13.0,0.0,0.0,19.0,0,15.0,13.0,13.0,13.0,194.0,190.0,187.0,200.0,99.0,101.0,97.0,114.0,13.0,1.6329931618554194,199.75,9.105858919765158
RI,2020-10-03,2020,40,39,10.0,218.0,113.0,14.0,0.0,0.0,18.0,0,11.0,15.0,13.0,13.0,208.0,194.0,207.0,209.0,106.0,99.0,105.0,118.0,12.25,2.2173557826083212,202.5,12.897028081435401
RI,2020-10-10,2020,41,40,19.0,214.0,113.0,19.0,14.0,0.0,24.0,0,10.0,11.0,13.0,13.0,218.0,208.0,190.0,211.0,113.0,106.0,101.0,114.0,13.75,4.1129875597510095,208.5,10.503967504392488
RI,2020-10-17,2020,42,41,25.0,214.0,104.0,15.0,10.0,0.0,30.0,0,19.0,10.0,15.0,17.0,214.0,218.0,194.0,198.0,113.0,113.0,99.0,102.0,16.25,7.088723439378905,213.5,4.12310562561766
RI,2020-10-24,2020,43,42,20.0,196.0,103.0,20.0,11.0,0.0,29.0,0,25.0,19.0,11.0,13.0,214.0,214.0,208.0,187.0,104.0,113.0,106.0,97.0,18.5,6.244997998398389,210.5,9.848857801796106
RI,2020-10-31,2020,44,43,27.0,204.0,104.0,22.0,15.0,0.0,34.0,0,20.0,25.0,10.0,13.0,196.0,214.0,218.0,207.0,103.0,104.0,113.0,105.0,22.75,3.8622100754188082,207.0,8.717797887081348
RI,2020-11-07,2020,45,44,28.0,228.0,120.0,22.0,16.0,0.0,34.0,0,27.0,20.0,19.0,13.0,204.0,196.0,214.0,190.0,104.0,103.0,113.0,101.0,25.0,3.559026084010422,210.5,13.796134724383252
RI,2020-11-14,2020,46,45,39.0,235.0,114.0,28.0,18.0,0.0,49.0,0,28.0,27.0,25.0,15.0,228.0,204.0,214.0,194.0,120.0,104.0,104.0,99.0,28.5,7.852812659593157,215.75,18.69714773256427
RI,2020-11-21,2020,47,46,48.0,226.0,110.0,38.0,26.0,0.0,60.0,0,39.0,28.0,20.0,11.0,235.0,228.0,196.0,208.0,114.0,120.0,103.0,106.0,35.5,9.949874371066194,223.25,13.40087061848346
RI,2020-11-28,2020,48,47,69.0,268.0,133.0,33.0,25.0,0.0,77.0,1,48.0,39.0,27.0,10.0,226.0,235.0,204.0,218.0,110.0,114.0,104.0,113.0,46.0,17.378147196982763,239.25,19.551214796017153
RI,2020-12-05,2020,49,48,82.0,289.0,130.0,38.0,31.0,0.0,89.0,1,69.0,48.0,28.0,19.0,268.0,226.0,228.0,214.0,133.0,110.0,120.0,113.0,59.5,19.57038579078092,254.5,29.24038303442689
RI,2020-12-12,2020,50,49,142.0,325.0,158.0,68.0,55.0,0.0,155.0,1,82.0,69.0,39.0,25.0,289.0,268.0,235.0,214.0,130.0,133.0,114.0,104.0,85.25,40.343318323277934,277.0,41.352146256270665
RI,2020-12-19,2020,51,50,137.0,329.0,152.0,85.0,69.0,0.0,153.0,1,142.0,82.0,48.0,20.0,325.0,289.0,226.0,196.0,158.0,130.0,110.0,103.0,107.5,37.38538038681253,302.75,29.33001875212493
RI,2020-12-26,2020,52,51,99.0,302.0,139.0,57.0,44.0,0.0,112.0,1,137.0,142.0,69.0,27.0,329.0,325.0,268.0,204.0,152.0,158.0,133.0,104.0,115.0,29.20045661743437,311.25,19.01534468089741
RI,2021-01-02,2021,53,52,97.0,284.0,131.0,53.0,44.0,0.0,106.0,1,99.0,137.0,82.0,28.0,302.0,329.0,289.0,228.0,139.0,152.0,130.0,120.0,118.75,24.060687161148714,310.0,21.023796041628643
RI,2021-01-09,2021,1,53,106.0,295.0,131.0,59.0,49.0,0.0,116.0,1,97.0,99.0,142.0,39.0,284.0,302.0,325.0,235.0,131.0,139.0,158.0,114.0,109.75,18.57193222760267,302.5,19.15724406066802
RI,2021-01-16,2021,2,54,99.0,295.0,131.0,54.0,45.0,0.0,108.0,1,106.0,97.0,137.0,48.0,295.0,284.0,329.0,226.0,131.0,131.0,152.0,110.0,100.25,3.9475730941090097,294.0,7.4386378681404866
RI,2021-01-23,2021,3,55,100.0,309.0,146.0,53.0,46.0,0.0,107.0,1,99.0,106.0,99.0,69.0,295.0,295.0,302.0,268.0,131.0,131.0,139.0,133.0,100.5,3.872983346207423,295.75,10.242883708539653
RI,2021-01-30,2021,4,56,81.0,264.0,119.0,47.0,36.0,0.0,92.0,1,100.0,99.0,97.0,82.0,309.0,295.0,284.0,289.0,146.0,131.0,131.0,130.0,96.5,10.78579312490896,290.75,19.015344680897417
RI,2021-02-06,2021,5,57,69.0,269.0,123.0,36.0,32.0,0.0,73.0,1,81.0,100.0,106.0,142.0,264.0,309.0,295.0,325.0,119.0,146.0,131.0,158.0,87.25,14.974979131871937,284.25,21.375609153113437
RI,2021-02-13,2021,6,58,66.0,249.0,106.0,39.0,34.0,0.0,71.0,0,69.0,81.0,99.0,137.0,269.0,264.0,295.0,329.0,123.0,119.0,131.0,152.0,79.0,15.427248620541512,272.75,25.61737691489901
RI,2021-02-20,2021,7,59,32.0,222.0,99.0,19.0,13.0,0.0,38.0,0,66.0,69.0,100.0,99.0,249.0,269.0,309.0,302.0,106.0,123.0,146.0,139.0,62.0,21.02379604162864,251.0,21.1187120819429
RI,2021-02-27,2021,8,60,25.0,226.0,113.0,18.0,10.0,0.0,33.0,0,32.0,66.0,81.0,97.0,222.0,249.0,264.0,284.0,99.0,106.0,119.0,131.0,48.0,22.73030282830976,241.5,21.855586623714025
RI,2021-03-06,2021,9,61,16.0,227.0,107.0,12.0,0.0,0.0,22.0,0,25.0,32.0,69.0,106.0,226.0,222.0,269.0,295.0,113.0,99.0,123.0,131.0,34.75,21.83842179889991,231.0,12.192894105447959
RI,2021-03-13,2021,10,62,28.0,240.0,110.0,13.0,0.0,0.0,36.0,0,16.0,25.0,66.0,99.0,227.0,226.0,249.0,295.0,107.0,113.0,106.0,131.0,25.25,6.800735254367723,228.75,7.804912982645456
RI,2021-03-20,2021,11,63,24.0,209.0,103.0,15.0,13.0,0.0,26.0,0,28.0,16.0,32.0,100.0,240.0,227.0,222.0,309.0,110.0,107.0,99.0,146.0,23.25,5.123475382979801,225.5,12.714820748507137
RI,2021-03-27,2021,12,64,13.0,208.0,100.0,14.0,0.0,0.0,12.0,0,24.0,28.0,25.0,81.0,209.0,240.0,226.0,264.0,103.0,110.0,113.0,119.0,20.25,6.946221994724904,221.0,15.383974345619134
RI,2021-04-03,2021,13,65,14.0,194.0,99.0,12.0,0.0,0.0,23.0,0,13.0,24.0,16.0,69.0,208.0,209.0,227.0,269.0,100.0,103.0,107.0,123.0,19.75,7.410578025138571,212.75,19.414341777837013
RI,2021-04-10,2021,14,66,12.0,216.0,100.0,14.0,0.0,0.0,14.0,0,14.0,13.0,28.0,66.0,194.0,208.0,240.0,249.0,99.0,100.0,110.0,106.0,15.75,5.560275772537428,206.75,9.21502396451944
RI,2021-04-17,2021,15,67,16.0,190.0,97.0,15.0,0.0,0.0,22.0,0,12.0,14.0,24.0,32.0,216.0,194.0,209.0,222.0,100.0,99.0,103.0,99.0,13.75,1.7078251276599385,202.0,12.110601416390004
RI,2021-04-24,2021,16,68,13.0,202.0,97.0,10.0,0.0,0.0,14.0,0,16.0,12.0,13.0,25.0,190.0,216.0,208.0,226.0,97.0,100.0,100.0,113.0,13.75,1.7078251276599385,200.5,11.474609652039044
RI,2021-05-01,2021,17,69,19.0,208.0,103.0,18.0,0.0,0.0,28.0,0,13.0,16.0,14.0,16.0,202.0,190.0,194.0,227.0,97.0,97.0,99.0,107.0,15.0,3.1622776601683826,204.0,10.954451150103367
RI,2021-05-08,2021,18,70,12.0,211.0,95.0,10.0,0.0,0.0,16.0,0,19.0,13.0,12.0,28.0,208.0,202.0,216.0,240.0,103.0,97.0,100.0,110.0,15.0,3.1622776601683826,202.75,9.287087810503406
RI,2021-05-15,2021,19,71,13.0,238.0,124.0,12.0,0.0,0.0,16.0,0,12.0,19.0,16.0,24.0,211.0,208.0,190.0,209.0,95.0,103.0,97.0,103.0,14.25,3.201562118716427,214.75,15.945218719102005
RI,2021-05-22,2021,20,72,13.0,192.0,92.0,14.0,0.0,0.0,12.0,0,13.0,12.0,13.0,13.0,238.0,211.0,202.0,208.0,124.0,95.0,97.0,100.0,14.25,3.201562118716427,212.25,19.08533468399234
RI,2021-05-29,2021,21,73,13.0,191.0,100.0,12.0,0.0,0.0,16.0,0,13.0,13.0,19.0,14.0,192.0,238.0,208.0,194.0,92.0,124.0,103.0,99.0,12.75,0.5000000000000169,208.0,22.015146301277845
RI,2021-06-05,2021,22,74,13.0,188.0,113.0,14.0,0.0,0.0,15.0,0,13.0,13.0,12.0,12.0,191.0,192.0,211.0,216.0,100.0,92.0,95.0,100.0,13.0,0.0,202.25,23.89386253134197
RI,2021-06-12,2021,23,75,13.0,208.0,105.0,14.0,0.0,0.0,10.0,0,13.0,13.0,13.0,16.0,188.0,191.0,238.0,190.0,113.0,100.0,124.0,97.0,13.0,0.0,194.75,8.995369179009149
RI,2021-06-19,2021,24,76,13.0,169.0,91.0,14.0,0.0,0.0,17.0,0,13.0,13.0,13.0,13.0,208.0,188.0,192.0,202.0,105.0,113.0,92.0,97.0,13.0,0.0,189.0,15.979153085609209
RI,2021-06-26,2021,25,77,13.0,194.0,100.0,14.0,0.0,0.0,12.0,0,13.0,13.0,13.0,19.0,169.0,208.0,191.0,208.0,91.0,105.0,100.0,103.0,13.0,0.0,189.75,16.173538058610873
RI,2021-07-03,2021,26,78,13.0,185.0,96.0,10.0,0.0,0.0,13.0,0,13.0,13.0,13.0,12.0,194.0,169.0,188.0,211.0,100.0,91.0,113.0,95.0,13.0,0.0,189.0,16.35033129124099
RI,2021-07-10,2021,27,79,13.0,187.0,99.0,14.0,0.0,0.0,17.0,0,13.0,13.0,13.0,13.0,185.0,194.0,208.0,238.0,96.0,100.0,105.0,124.0,13.0,0.0,183.75,10.563301251660594
RI,2021-07-17,2021,28,80,0.0,195.0,106.0,14.0,0.0,0.0,17.0,0,13.0,13.0,13.0,13.0,187.0,185.0,169.0,192.0,99.0,96.0,91.0,92.0,9.75,6.500000000000002,190.25,4.99165971062408
RI,2021-07-24,2021,29,81,13.0,177.0,90.0,14.0,0.0,0.0,17.0,0,0.0,13.0,13.0,13.0,195.0,187.0,194.0,191.0,106.0,99.0,100.0,100.0,9.75,6.500000000000002,186.0,7.393691004273013
RI,2021-07-31,2021,30,82,13.0,183.0,102.0,14.0,0.0,0.0,17.0,0,13.0,0.0,13.0,13.0,177.0,195.0,185.0,188.0,90.0,106.0,96.0,113.0,9.75,6.500000000000002,185.5,7.549834435270816
RI,2021-08-07,2021,31,83,13.0,227.0,129.0,18.0,0.0,0.0,21.0,0,13.0,13.0,13.0,13.0,183.0,177.0,187.0,208.0,102.0,90.0,99.0,105.0,9.75,6.500000000000002,195.5,22.293496809607976
RI,2021-08-14,2021,32,84,13.0,190.0,107.0,12.0,0.0,0.0,15.0,0,13.0,13.0,0.0,13.0,227.0,183.0,195.0,169.0,129.0,102.0,106.0,91.0,13.0,0.0,194.25,22.470350835415715
RI,2021-08-21,2021,33,85,10.0,210.0,113.0,10.0,0.0,0.0,14.0,0,13.0,13.0,13.0,13.0,190.0,227.0,177.0,194.0,107.0,129.0,90.0,100.0,12.25,1.5000000000000064,202.5,19.941581348194724
RI,2021-08-28,2021,34,86,12.0,220.0,113.0,15.0,0.0,0.0,21.0,0,10.0,13.0,13.0,13.0,210.0,190.0,183.0,185.0,113.0,107.0,102.0,96.0,12.0,1.4142135623731018,211.75,16.09088769044976
RI,2021-09-04,2021,35,87,10.0,212.0,110.0,19.0,0.0,0.0,25.0,0,12.0,10.0,13.0,13.0,220.0,210.0,227.0,187.0,113.0,113.0,129.0,99.0,11.25,1.500000000000006,208.0,12.754084313139364
RI,2021-09-11,2021,36,88,27.0,214.0,108.0,33.0,20.0,0.0,40.0,0,10.0,12.0,13.0,0.0,212.0,220.0,190.0,195.0,110.0,113.0,107.0,106.0,14.75,8.220908303425684,214.0,4.320493798938683
RI,2021-09-18,2021,37,89,13.0,201.0,106.0,14.0,0.0,0.0,20.0,0,27.0,10.0,10.0,13.0,214.0,212.0,210.0,177.0,108.0,110.0,113.0,90.0,15.5,7.7674534651540315,211.75,7.932002689527256
RI,2021-09-25,2021,38,90,11.0,216.0,110.0,13.0,0.0,0.0,19.0,0,13.0,27.0,12.0,13.0,201.0,214.0,220.0,183.0,106.0,108.0,113.0,102.0,15.25,7.932002689527199,210.75,6.701989754294439
RI,2021-10-02,2021,39,91,12.0,209.0,107.0,17.0,0.0,0.0,20.0,0,11.0,13.0,10.0,13.0,216.0,201.0,212.0,227.0,110.0,106.0,110.0,129.0,15.75,7.54431353183752,210.0,6.6833125519212135
RI,2021-10-09,2021,40,92,13.0,220.0,114.0,15.0,10.0,0.0,18.0,0,12.0,11.0,27.0,13.0,209.0,216.0,214.0,190.0,107.0,110.0,108.0,107.0,12.25,0.9574271077563579,211.5,8.346656017032668
RI,2021-10-16,2021,41,93,10.0,231.0,122.0,17.0,0.0,0.0,22.0,0,13.0,12.0,13.0,10.0,220.0,209.0,201.0,210.0,114.0,107.0,106.0,113.0,11.5,1.2909944487358203,219.0,9.201449161228227
RI,2021-10-23,2021,42,94,13.0,213.0,103.0,20.0,0.0,0.0,27.0,0,10.0,13.0,11.0,12.0,231.0,220.0,216.0,220.0,122.0,114.0,110.0,113.0,12.0,1.4142135623731085,218.25,9.63932916061422
RI,2021-10-30,2021,43,95,13.0,213.0,112.0,25.0,0.0,0.0,27.0,0,13.0,10.0,12.0,10.0,213.0,231.0,209.0,212.0,103.0,122.0,107.0,110.0,12.25,1.5000000000000127,219.25,8.500000000000057
RI,2021-11-06,2021,44,96,10.0,208.0,106.0,14.0,0.0,0.0,21.0,0,13.0,13.0,13.0,27.0,213.0,213.0,220.0,214.0,112.0,103.0,114.0,108.0,11.5,1.7320508075688883,216.25,10.11187420807839
RI,2021-11-13,2021,45,97,14.0,220.0,116.0,16.0,0.0,0.0,24.0,0,10.0,13.0,10.0,13.0,208.0,213.0,231.0,201.0,106.0,112.0,122.0,106.0,12.5,1.7320508075688883,213.5,4.93288286231635
RI,2021-11-20,2021,46,98,20.0,247.0,120.0,14.0,0.0,0.0,26.0,0,14.0,10.0,13.0,11.0,220.0,208.0,213.0,216.0,116.0,106.0,103.0,110.0,14.25,4.193248541803046,222.0,17.3781471969828
RI,2021-11-27,2021,47,99,19.0,248.0,121.0,23.0,11.0,0.0,31.0,0,20.0,14.0,13.0,12.0,247.0,220.0,213.0,209.0,120.0,116.0,112.0,107.0,15.75,4.645786621588789,230.75,19.956202043475134
RI,2021-12-04,2021,48,100,25.0,277.0,137.0,25.0,14.0,0.0,36.0,0,19.0,20.0,10.0,13.0,248.0,247.0,208.0,220.0,121.0,120.0,106.0,114.0,19.5,4.509249752822898,248.0,23.28089345364565
RI,2021-12-11,2021,49,101,41.0,265.0,119.0,30.0,24.0,0.0,47.0,0,25.0,19.0,14.0,10.0,277.0,248.0,220.0,231.0,137.0,121.0,116.0,122.0,26.25,10.177589760514685,259.25,14.43086968966185
RI,2021-12-18,2021,50,102,33.0,247.0,120.0,39.0,23.0,0.0,49.0,0,41.0,25.0,20.0,13.0,265.0,277.0,247.0,213.0,119.0,137.0,120.0,103.0,29.5,9.574271077563383,259.25,14.43086968966185
RI,2021-12-25,2021,51,103,50.0,290.0,134.0,41.0,32.0,0.0,60.0,0,33.0,41.0,19.0,13.0,247.0,265.0,248.0,213.0,120.0,119.0,121.0,112.0,37.25,10.719919153924003,269.75,18.28250529878225
SC,2020-02-29,2020,9,8,0.0,988.0,110.0,59.0,0.0,0.0,67.0,0,0.0,0.0,0.0,0.0,988.0,988.0,988.0,988.0,105.0,99.0,99.0,108.0,0.0,0.0,988.0,0.0
SC,2020-03-07,2020,10,9,0.0,988.0,115.0,67.0,0.0,0.0,75.0,0,0.0,0.0,0.0,0.0,988.0,988.0,988.0,988.0,110.0,105.0,107.0,104.0,0.0,0.0,988.0,0.0
SC,2020-03-14,2020,11,10,0.0,988.0,113.0,54.0,0.0,0.0,63.0,0,0.0,0.0,0.0,0.0,988.0,988.0,988.0,988.0,115.0,110.0,99.0,100.0,0.0,0.0,988.0,0.0
SC,2020-03-21,2020,12,11,38.5,988.0,107.0,58.0,22.5,10.0,68.0,0,0.0,0.0,0.0,0.0,988.0,988.0,988.0,988.0,113.0,115.0,105.0,99.0,9.625,19.25,988.0,0.0
SC,2020-03-28,2020,13,12,19.0,988.0,109.0,78.0,22.5,0.0,96.0,0,38.5,0.0,0.0,0.0,988.0,988.0,988.0,988.0,107.0,113.0,110.0,99.0,14.375,18.409123643816763,988.0,0.0
SC,2020-04-04,2020,14,13,36.0,988.0,108.0,82.0,18.0,0.0,101.0,0,19.0,38.5,0.0,0.0,988.0,988.0,988.0,988.0,109.0,107.0,115.0,107.0,23.375,17.82963357260416,988.0,0.0
SC,2020-04-11,2020,15,14,57.0,988.0,119.0,81.0,19.0,0.0,121.0,0,36.0,19.0,0.0,0.0,988.0,988.0,988.0,988.0,108.0,109.0,113.0,99.0,37.625,15.553000782271353,988.0,0.0
SC,2020-04-18,2020,16,15,47.0,988.0,115.0,74.0,14.0,0.0,108.0,0,57.0,36.0,38.5,0.0,988.0,988.0,988.0,988.0,119.0,108.0,107.0,105.0,39.75,16.276260831857748,988.0,0.0
SC,2020-04-25,2020,17,16,62.0,988.0,112.0,77.0,23.0,0.0,116.0,0,47.0,57.0,19.0,0.0,988.0,988.0,988.0,988.0,115.0,119.0,109.0,110.0,50.5,11.50362261782493,988.0,0.0
SC,2020-05-02,2020,18,17,63.0,988.0,112.0,89.0,21.0,0.0,131.0,0,62.0,47.0,36.0,0.0,988.0,988.0,988.0,988.0,112.0,115.0,108.0,115.0,57.25,7.320063751999247,988.0,0.0
SC,2020-05-09,2020,19,18,72.0,988.0,117.0,97.0,35.0,0.0,134.0,0,63.0,62.0,57.0,0.0,988.0,988.0,988.0,988.0,112.0,112.0,119.0,113.0,61.0,10.360180178613366,988.0,0.0
SC,2020-05-16,2020,20,19,68.0,988.0,117.0,74.0,31.0,0.0,111.0,0,72.0,63.0,47.0,38.5,988.0,988.0,988.0,988.0,117.0,112.0,115.0,107.0,66.25,4.645786621588776,988.0,0.0
SC,2020-05-23,2020,21,20,59.0,988.0,114.0,58.0,22.0,0.0,96.0,0,68.0,72.0,62.0,19.0,988.0,988.0,988.0,988.0,117.0,117.0,112.0,109.0,65.5,5.6862407030773205,988.0,0.0
SC,2020-05-30,2020,22,21,65.0,988.0,114.0,73.0,24.0,0.0,114.0,0,59.0,68.0,63.0,36.0,988.0,988.0,988.0,988.0,114.0,117.0,112.0,108.0,66.0,5.477225575051655,988.0,0.0
SC,2020-06-06,2020,23,22,64.0,988.0,114.0,80.0,25.0,0.0,119.0,0,65.0,59.0,72.0,57.0,988.0,988.0,988.0,988.0,114.0,114.0,117.0,119.0,64.0,3.741657386773932,988.0,0.0
SC,2020-06-13,2020,24,23,50.0,988.0,121.0,75.0,19.0,0.0,106.0,0,64.0,65.0,68.0,47.0,988.0,988.0,988.0,988.0,114.0,114.0,117.0,115.0,59.5,6.855654600401038,988.0,0.0
SC,2020-06-20,2020,25,24,57.0,988.0,114.0,71.0,22.0,0.0,106.0,0,50.0,64.0,59.0,62.0,988.0,988.0,988.0,988.0,121.0,114.0,114.0,112.0,59.0,6.976149845485443,988.0,0.0
SC,2020-06-27,2020,26,25,85.0,988.0,123.0,83.0,30.0,0.0,139.0,0,57.0,50.0,65.0,63.0,988.0,988.0,988.0,988.0,114.0,121.0,114.0,112.0,64.0,15.121728296285005,988.0,0.0
SC,2020-07-04,2020,27,26,129.0,988.0,135.0,103.0,54.0,0.0,178.0,0,85.0,57.0,64.0,72.0,988.0,988.0,988.0,988.0,123.0,114.0,114.0,117.0,80.25,35.845734288289684,988.0,0.0
SC,2020-07-11,2020,28,27,146.0,988.0,141.0,111.0,57.0,0.0,200.0,0,129.0,85.0,50.0,68.0,988.0,988.0,988.0,988.0,135.0,123.0,121.0,117.0,104.25,40.6560778564124,988.0,0.0
SC,2020-07-18,2020,29,28,230.0,988.0,149.0,148.0,86.0,0.0,292.0,0,146.0,129.0,57.0,59.0,988.0,988.0,988.0,988.0,141.0,135.0,114.0,114.0,147.5,60.70969170294531,988.0,0.0
SC,2020-07-25,2020,30,29,321.0,988.0,150.0,194.0,141.0,0.0,374.0,1,230.0,146.0,85.0,65.0,988.0,988.0,988.0,988.0,149.0,141.0,123.0,114.0,206.5,88.18352075832158,988.0,0.0
SC,2020-08-01,2020,31,30,288.0,988.0,148.0,187.0,131.0,0.0,344.0,1,321.0,230.0,129.0,64.0,988.0,988.0,988.0,988.0,150.0,149.0,135.0,114.0,246.25,76.69148149131905,988.0,0.0
SC,2020-08-08,2020,32,31,269.0,988.0,147.0,193.0,123.0,0.0,339.0,0,288.0,321.0,146.0,50.0,988.0,988.0,988.0,988.0,148.0,150.0,141.0,121.0,277.0,37.99122705748437,988.0,0.0
SC,2020-08-15,2020,33,32,241.0,988.0,148.0,151.0,102.0,0.0,290.0,0,269.0,288.0,230.0,57.0,988.0,988.0,988.0,988.0,147.0,148.0,149.0,114.0,279.75,33.59935515254223,988.0,0.0
SC,2020-08-22,2020,34,33,207.0,988.0,137.0,132.0,90.0,0.0,249.0,0,241.0,269.0,321.0,85.0,988.0,988.0,988.0,988.0,148.0,147.0,150.0,123.0,251.25,35.255023282741796,988.0,0.0
SC,2020-08-29,2020,35,34,201.0,988.0,137.0,155.0,97.0,0.0,259.0,0,207.0,241.0,288.0,129.0,988.0,988.0,988.0,988.0,137.0,148.0,148.0,135.0,229.5,31.680698645494957,988.0,0.0
SC,2020-09-05,2020,36,35,183.0,988.0,139.0,131.0,77.0,0.0,237.0,0,201.0,207.0,269.0,146.0,988.0,988.0,988.0,988.0,137.0,137.0,147.0,141.0,208.0,24.248711305964274,988.0,0.0
SC,2020-09-12,2020,37,36,143.0,988.0,132.0,114.0,67.0,0.0,190.0,0,183.0,201.0,241.0,230.0,988.0,988.0,988.0,988.0,139.0,137.0,148.0,149.0,183.5,28.86173937932362,988.0,0.0
SC,2020-09-19,2020,38,37,137.0,988.0,126.0,106.0,59.0,0.0,184.0,0,143.0,183.0,207.0,321.0,988.0,988.0,988.0,988.0,132.0,139.0,137.0,150.0,166.0,31.005375877955952,988.0,0.0
SC,2020-09-26,2020,39,38,123.0,988.0,125.0,114.0,56.0,0.0,181.0,0,137.0,143.0,201.0,288.0,988.0,988.0,988.0,988.0,126.0,132.0,137.0,148.0,146.5,25.735837529276818,988.0,0.0
SC,2020-10-03,2020,40,39,104.0,988.0,124.0,105.0,51.0,0.0,158.0,0,123.0,137.0,183.0,269.0,988.0,988.0,988.0,988.0,125.0,126.0,139.0,147.0,126.75,17.327723451163454,988.0,0.0
SC,2020-10-10,2020,41,40,91.0,988.0,127.0,76.0,37.0,0.0,130.0,0,104.0,123.0,143.0,241.0,988.0,988.0,988.0,988.0,124.0,125.0,132.0,148.0,113.75,20.320351046836432,988.0,0.0
SC,2020-10-17,2020,42,41,118.0,988.0,117.0,113.0,60.0,0.0,171.0,0,91.0,104.0,137.0,207.0,988.0,988.0,988.0,988.0,127.0,124.0,126.0,137.0,109.0,14.445299120013628,988.0,0.0
SC,2020-10-24,2020,43,42,127.0,988.0,122.0,110.0,60.0,0.0,177.0,0,118.0,91.0,123.0,201.0,988.0,988.0,988.0,988.0,117.0,127.0,125.0,137.0,110.0,15.811388300841893,988.0,0.0
SC,2020-10-31,2020,44,43,124.0,988.0,128.0,119.0,62.0,0.0,181.0,0,127.0,118.0,104.0,183.0,988.0,988.0,988.0,988.0,122.0,117.0,124.0,139.0,115.0,16.43167672515498,988.0,0.0
SC,2020-11-07,2020,45,44,116.0,988.0,127.0,110.0,59.0,0.0,167.0,0,124.0,127.0,91.0,143.0,988.0,988.0,988.0,988.0,128.0,122.0,127.0,132.0,121.25,5.123475382979784,988.0,0.0
SC,2020-11-14,2020,46,45,119.0,988.0,119.0,96.0,46.0,0.0,171.0,0,116.0,124.0,118.0,137.0,988.0,988.0,988.0,988.0,127.0,128.0,117.0,126.0,121.5,4.932882862316232,988.0,0.0
SC,2020-11-21,2020,47,46,129.0,988.0,126.0,129.0,71.0,0.0,187.0,0,119.0,116.0,127.0,123.0,988.0,988.0,988.0,988.0,119.0,127.0,122.0,125.0,122.0,5.715476066494069,988.0,0.0
SC,2020-11-28,2020,48,47,136.0,988.0,123.0,132.0,72.0,0.0,197.0,0,129.0,119.0,124.0,104.0,988.0,988.0,988.0,988.0,126.0,119.0,128.0,124.0,125.0,9.201449161228167,988.0,0.0
SC,2020-12-05,2020,49,48,189.0,988.0,131.0,158.0,103.0,0.0,244.0,0,136.0,129.0,116.0,91.0,988.0,988.0,988.0,988.0,123.0,126.0,127.0,127.0,143.25,31.287643993542666,988.0,0.0
SC,2020-12-12,2020,50,49,192.0,988.0,125.0,135.0,85.0,0.0,244.0,0,189.0,136.0,119.0,118.0,988.0,988.0,988.0,988.0,131.0,123.0,119.0,117.0,161.5,33.63034344160047,988.0,0.0
SC,2020-12-19,2020,51,50,262.0,988.0,131.0,177.0,118.0,0.0,321.0,0,192.0,189.0,129.0,127.0,988.0,988.0,988.0,988.0,125.0,131.0,126.0,122.0,194.75,51.687361446811465,988.0,0.0
SC,2020-12-26,2020,52,51,312.0,988.0,142.0,225.0,164.0,0.0,374.0,1,262.0,192.0,136.0,124.0,988.0,988.0,988.0,988.0,131.0,125.0,123.0,128.0,238.75,59.348546738736566,988.0,0.0
SC,2021-01-02,2021,53,52,369.0,988.0,151.0,231.0,166.0,0.0,434.0,1,312.0,262.0,189.0,116.0,988.0,988.0,988.0,988.0,142.0,131.0,131.0,127.0,283.75,75.18144717947374,988.0,0.0
SC,2021-01-09,2021,1,53,434.0,988.0,159.0,174.0,116.0,0.0,492.0,1,369.0,312.0,192.0,119.0,988.0,988.0,988.0,988.0,151.0,142.0,125.0,119.0,344.25,74.10071974459268,988.0,0.0
SC,2021-01-16,2021,2,54,507.0,988.0,158.0,251.0,191.0,0.0,567.0,1,434.0,369.0,262.0,129.0,988.0,988.0,988.0,988.0,159.0,151.0,131.0,126.0,405.5,84.04165633779476,988.0,0.0
SC,2021-01-23,2021,3,55,519.0,988.0,163.0,286.0,215.0,0.0,591.0,1,507.0,434.0,312.0,136.0,988.0,988.0,988.0,988.0,158.0,159.0,142.0,123.0,457.25,69.80150428178463,988.0,0.0
SC,2021-01-30,2021,4,56,467.0,988.0,151.0,227.0,178.0,0.0,516.0,1,519.0,507.0,369.0,189.0,988.0,988.0,988.0,988.0,163.0,158.0,151.0,131.0,481.75,38.8276104509836,988.0,0.0
SC,2021-02-06,2021,5,57,398.0,988.0,143.0,207.0,155.0,0.0,450.0,1,467.0,519.0,434.0,192.0,988.0,988.0,988.0,988.0,151.0,163.0,159.0,125.0,472.75,54.567236812333924,988.0,0.0
SC,2021-02-13,2021,6,58,309.0,988.0,134.0,173.0,131.0,0.0,351.0,1,398.0,467.0,507.0,262.0,988.0,988.0,988.0,988.0,143.0,151.0,158.0,131.0,423.25,90.87124591053724,988.0,0.0
SC,2021-02-20,2021,7,59,225.0,988.0,123.0,130.0,84.0,0.0,271.0,0,309.0,398.0,519.0,312.0,988.0,988.0,988.0,988.0,134.0,143.0,163.0,142.0,349.75,105.35456009747907,988.0,0.0
SC,2021-02-27,2021,8,60,188.0,988.0,126.0,105.0,59.0,0.0,234.0,0,225.0,309.0,467.0,369.0,988.0,988.0,988.0,988.0,123.0,134.0,151.0,151.0,280.0,93.54856136431671,988.0,0.0
SC,2021-03-06,2021,9,61,156.0,988.0,126.0,119.0,67.0,0.0,208.0,0,188.0,225.0,398.0,434.0,988.0,988.0,988.0,988.0,126.0,123.0,143.0,159.0,219.5,65.99242380758564,988.0,0.0
SC,2021-03-13,2021,10,62,123.0,988.0,119.0,97.0,57.0,0.0,163.0,0,156.0,188.0,309.0,507.0,988.0,988.0,988.0,988.0,126.0,126.0,134.0,158.0,173.0,43.657759905886095,988.0,0.0
SC,2021-03-20,2021,11,63,94.0,988.0,108.0,85.0,45.0,0.0,134.0,0,123.0,156.0,225.0,519.0,988.0,988.0,988.0,988.0,119.0,126.0,123.0,163.0,140.25,40.68066698896002,988.0,0.0
SC,2021-03-27,2021,12,64,86.0,988.0,110.0,75.0,26.0,0.0,136.0,0,94.0,123.0,188.0,467.0,988.0,988.0,988.0,988.0,108.0,119.0,126.0,151.0,114.75,31.76344859530623,988.0,0.0
SC,2021-04-03,2021,13,65,70.0,999.0,104.0,49.0,22.5,0.0,113.0,0,86.0,94.0,156.0,398.0,988.0,988.0,988.0,988.0,110.0,108.0,126.0,143.0,93.25,22.20172665957901,990.75,5.5
SC,2021-04-10,2021,14,66,78.0,988.0,117.0,56.0,19.0,0.0,116.0,0,70.0,86.0,123.0,309.0,999.0,988.0,988.0,988.0,104.0,110.0,119.0,134.0,82.0,10.327955589886185,990.75,5.5
SC,2021-04-17,2021,15,67,78.0,988.0,115.0,59.0,26.0,0.0,112.0,0,78.0,70.0,94.0,225.0,988.0,999.0,988.0,988.0,117.0,104.0,108.0,123.0,78.0,6.531972647421398,990.75,5.5
SC,2021-04-24,2021,16,68,89.0,988.0,117.0,86.0,37.0,0.0,138.0,0,78.0,78.0,86.0,188.0,988.0,988.0,988.0,988.0,115.0,117.0,110.0,126.0,78.75,7.804912982645053,990.75,5.5
SC,2021-05-01,2021,17,69,74.0,988.0,126.0,85.0,34.0,0.0,125.0,0,89.0,78.0,70.0,156.0,988.0,988.0,999.0,988.0,117.0,115.0,104.0,126.0,79.75,6.448514040717285,988.0,0.0
SC,2021-05-08,2021,18,70,61.0,988.0,117.0,76.0,26.0,0.0,111.0,0,74.0,89.0,78.0,123.0,988.0,988.0,988.0,988.0,126.0,117.0,117.0,119.0,75.5,11.56143013068285,988.0,0.0
SC,2021-05-15,2021,19,71,63.0,988.0,120.0,87.0,36.0,0.0,114.0,0,61.0,74.0,78.0,94.0,988.0,988.0,988.0,988.0,117.0,126.0,115.0,108.0,71.75,12.841988423396952,988.0,0.0
SC,2021-05-22,2021,20,72,34.0,988.0,108.0,50.0,11.0,0.0,74.0,0,63.0,61.0,89.0,86.0,988.0,988.0,988.0,988.0,120.0,117.0,117.0,110.0,58.0,16.990193249832718,988.0,0.0
SC,2021-05-29,2021,21,73,32.0,988.0,112.0,61.0,15.0,0.0,78.0,0,34.0,63.0,74.0,70.0,988.0,988.0,988.0,999.0,108.0,120.0,126.0,104.0,47.5,16.78292783356531,988.0,0.0
SC,2021-06-05,2021,22,74,31.0,988.0,113.0,60.0,14.0,0.0,77.0,0,32.0,34.0,61.0,78.0,988.0,988.0,988.0,988.0,112.0,108.0,117.0,117.0,40.0,15.383974345618926,988.0,0.0
SC,2021-06-12,2021,23,75,28.0,988.0,114.0,64.0,17.0,0.0,75.0,0,31.0,32.0,63.0,78.0,988.0,988.0,988.0,988.0,113.0,112.0,120.0,115.0,31.25,2.4999999999989204,988.0,0.0
SC,2021-06-19,2021,24,76,23.0,988.0,121.0,72.0,14.0,0.0,81.0,0,28.0,31.0,34.0,89.0,988.0,988.0,988.0,988.0,114.0,113.0,108.0,117.0,28.5,4.041451884326712,988.0,0.0
SC,2021-06-26,2021,25,77,17.0,988.0,112.0,62.0,22.5,0.0,75.0,0,23.0,28.0,32.0,74.0,988.0,988.0,988.0,988.0,121.0,114.0,112.0,126.0,24.75,6.1305247192494,988.0,0.0
SC,2021-07-03,2021,26,78,20.0,988.0,115.0,47.0,22.5,0.0,61.0,0,17.0,23.0,31.0,61.0,988.0,988.0,988.0,988.0,112.0,121.0,113.0,117.0,22.0,4.690415759822854,988.0,0.0
SC,2021-07-10,2021,27,79,24.0,988.0,118.0,58.0,22.5,0.0,76.0,0,20.0,17.0,28.0,63.0,988.0,988.0,988.0,988.0,115.0,112.0,114.0,120.0,21.0,3.1622776601675255,988.0,0.0
SC,2021-07-17,2021,28,80,21.0,988.0,118.0,58.0,22.5,0.0,72.0,0,24.0,20.0,23.0,34.0,988.0,988.0,988.0,988.0,118.0,115.0,121.0,108.0,20.5,2.8867513459471934,988.0,0.0
SC,2021-07-24,2021,29,81,35.0,988.0,120.0,57.0,22.5,0.0,83.0,0,21.0,24.0,17.0,32.0,988.0,988.0,988.0,988.0,118.0,118.0,112.0,112.0,25.0,6.879922480183038,988.0,0.0
SC,2021-07-31,2021,30,82,55.0,988.0,123.0,73.0,24.0,0.0,104.0,0,35.0,21.0,20.0,31.0,988.0,988.0,988.0,988.0,120.0,118.0,115.0,113.0,33.75,15.392097539538309,988.0,0.0
SC,2021-08-07,2021,31,83,113.0,988.0,127.0,103.0,48.0,0.0,168.0,0,55.0,35.0,24.0,28.0,988.0,988.0,988.0,988.0,123.0,120.0,118.0,114.0,56.0,40.48044795536064,988.0,0.0
SC,2021-08-14,2021,32,84,195.0,988.0,137.0,132.0,80.0,0.0,248.0,0,113.0,55.0,21.0,23.0,988.0,988.0,988.0,988.0,127.0,123.0,118.0,121.0,99.5,71.747241526533,988.0,0.0
SC,2021-08-21,2021,33,85,277.0,988.0,153.0,174.0,127.0,0.0,324.0,0,195.0,113.0,35.0,17.0,988.0,988.0,988.0,988.0,137.0,127.0,120.0,112.0,160.0,96.86416606086414,988.0,0.0
SC,2021-08-28,2021,34,86,369.0,988.0,165.0,245.0,187.0,0.0,427.0,1,277.0,195.0,55.0,20.0,988.0,988.0,988.0,988.0,153.0,137.0,123.0,115.0,238.5,109.78008319666488,988.0,0.0
SC,2021-09-04,2021,35,87,409.0,988.0,164.0,205.0,162.0,0.0,452.0,1,369.0,277.0,113.0,24.0,988.0,988.0,988.0,988.0,165.0,153.0,127.0,118.0,312.5,95.86622623913664,988.0,0.0
SC,2021-09-11,2021,36,88,471.0,988.0,169.0,273.0,225.0,0.0,519.0,1,409.0,369.0,195.0,21.0,988.0,988.0,988.0,988.0,164.0,165.0,137.0,118.0,381.5,81.32855177201503,988.0,0.0
SC,2021-09-18,2021,37,89,533.0,988.0,174.0,310.0,241.0,0.0,602.0,1,471.0,409.0,277.0,35.0,988.0,988.0,988.0,988.0,169.0,164.0,153.0,120.0,445.5,71.85865756237493,988.0,0.0
SC,2021-09-25,2021,38,90,467.0,988.0,164.0,210.0,157.0,0.0,520.0,1,533.0,471.0,369.0,55.0,988.0,988.0,988.0,988.0,174.0,169.0,165.0,123.0,470.0,50.662280511902175,988.0,0.0
SC,2021-10-02,2021,39,91,386.0,988.0,151.0,239.0,195.0,0.0,430.0,1,467.0,533.0,409.0,113.0,988.0,988.0,988.0,988.0,164.0,174.0,164.0,127.0,464.25,60.28474102125675,988.0,0.0
SC,2021-10-09,2021,40,92,338.0,988.0,150.0,208.0,164.0,0.0,382.0,1,386.0,467.0,471.0,195.0,988.0,988.0,988.0,988.0,151.0,164.0,169.0,137.0,431.0,86.35971282953642,988.0,0.0
SC,2021-10-16,2021,41,93,251.0,988.0,149.0,167.0,115.0,0.0,304.0,0,338.0,386.0,533.0,277.0,988.0,988.0,988.0,988.0,150.0,151.0,174.0,153.0,360.5,90.34932207825356,988.0,0.0
SC,2021-10-23,2021,42,94,206.0,988.0,135.0,140.0,94.0,0.0,252.0,0,251.0,338.0,467.0,369.0,988.0,988.0,988.0,988.0,149.0,150.0,164.0,165.0,295.25,81.62260716247673,988.0,0.0
SC,2021-10-30,2021,43,95,131.0,988.0,121.0,108.0,52.0,0.0,187.0,0,206.0,251.0,386.0,409.0,988.0,988.0,988.0,988.0,135.0,149.0,151.0,164.0,231.5,86.55056325639941,988.0,0.0
SC,2021-11-06,2021,44,96,116.0,988.0,125.0,97.0,50.0,0.0,163.0,0,131.0,206.0,338.0,471.0,988.0,988.0,988.0,988.0,121.0,135.0,150.0,169.0,176.0,63.63961030678925,988.0,0.0
SC,2021-11-13,2021,45,97,100.0,988.0,131.0,94.0,49.0,0.0,146.0,0,116.0,131.0,251.0,533.0,988.0,988.0,988.0,988.0,125.0,121.0,149.0,174.0,138.25,46.90682253148252,988.0,0.0
SC,2021-11-20,2021,46,98,99.0,988.0,120.0,101.0,47.0,0.0,154.0,0,100.0,116.0,206.0,467.0,988.0,988.0,988.0,988.0,131.0,125.0,135.0,164.0,111.5,15.15475722889229,988.0,0.0
SC,2021-11-27,2021,47,99,97.0,988.0,126.0,97.0,50.0,0.0,144.0,0,99.0,100.0,131.0,386.0,988.0,988.0,988.0,988.0,120.0,131.0,121.0,151.0,103.0,8.755950357708931,988.0,0.0
SC,2021-12-04,2021,48,100,71.0,988.0,119.0,72.0,18.0,0.0,125.0,0,97.0,99.0,116.0,338.0,988.0,988.0,988.0,988.0,126.0,120.0,125.0,150.0,91.75,13.889444433333653,988.0,0.0
SC,2021-12-11,2021,49,101,86.0,988.0,124.0,96.0,27.0,0.0,155.0,0,71.0,97.0,100.0,251.0,988.0,988.0,988.0,988.0,119.0,126.0,131.0,149.0,88.25,12.841988423397025,988.0,0.0
SC,2021-12-18,2021,50,102,94.0,988.0,114.0,102.0,46.0,0.0,150.0,0,86.0,71.0,99.0,206.0,988.0,988.0,988.0,988.0,124.0,119.0,120.0,135.0,87.0,11.633285577743283,988.0,0.0
SC,2021-12-25,2021,51,103,125.0,988.0,121.0,117.0,54.0,0.0,190.0,0,94.0,86.0,97.0,131.0,988.0,988.0,988.0,988.0,114.0,124.0,126.0,121.0,94.0,22.759613353482006,988.0,0.0
SD,2020-02-29,2020,9,8,0.0,163.0,95.0,14.0,0.0,0.0,13.0,0,0.0,0.0,0.0,0.0,177.0,178.0,162.0,170.0,106.0,107.0,94.0,101.0,0.0,0.0,167.0,13.241349377360804
SD,2020-03-07,2020,10,9,0.0,194.0,112.0,20.0,0.0,0.0,23.0,0,0.0,0.0,0.0,0.0,163.0,177.0,150.0,170.0,95.0,106.0,89.0,103.0,0.0,0.0,178.0,12.675435561221033
SD,2020-03-14,2020,11,10,11.0,166.0,99.0,11.0,0.0,0.0,15.0,0,0.0,0.0,0.0,0.0,194.0,163.0,178.0,168.0,112.0,95.0,107.0,104.0,2.75,5.5,175.0,14.02378931197509
SD,2020-03-21,2020,12,11,0.0,162.0,103.0,12.0,0.0,0.0,12.0,0,11.0,0.0,0.0,0.0,166.0,194.0,177.0,151.0,99.0,112.0,106.0,85.0,2.75,5.5,171.25,15.261607604268521
SD,2020-03-28,2020,13,12,11.0,149.0,95.0,15.0,0.0,0.0,16.0,0,0.0,11.0,0.0,0.0,162.0,166.0,163.0,162.0,103.0,99.0,95.0,94.0,5.5,6.3508529610858835,167.75,18.94509611130719
SD,2020-04-04,2020,14,13,11.0,170.0,106.0,18.0,0.0,0.0,21.0,0,11.0,0.0,0.0,0.0,149.0,162.0,194.0,150.0,95.0,103.0,112.0,89.0,8.25,5.5,161.75,9.105858919765165
SD,2020-04-11,2020,15,14,11.0,150.0,93.0,12.0,0.0,0.0,14.0,0,11.0,11.0,11.0,0.0,170.0,149.0,166.0,178.0,106.0,95.0,99.0,107.0,8.25,5.5,157.75,10.078855755160578
SD,2020-04-18,2020,16,15,11.0,154.0,96.0,14.0,0.0,0.0,11.0,0,11.0,11.0,0.0,0.0,150.0,170.0,162.0,177.0,93.0,106.0,103.0,106.0,11.0,0.0,155.75,9.742518497116999
SD,2020-04-25,2020,17,16,11.0,176.0,122.0,12.0,0.0,0.0,16.0,0,11.0,11.0,11.0,0.0,154.0,150.0,149.0,163.0,96.0,93.0,95.0,95.0,11.0,0.0,162.5,12.476644848141943
SD,2020-05-02,2020,18,17,16.0,159.0,97.0,15.0,0.0,0.0,26.0,0,11.0,11.0,11.0,0.0,176.0,154.0,170.0,194.0,122.0,96.0,106.0,112.0,12.25,2.500000000000001,159.75,11.441882129556609
SD,2020-05-09,2020,19,18,15.0,181.0,117.0,18.0,0.0,0.0,27.0,0,16.0,11.0,11.0,11.0,159.0,176.0,150.0,166.0,97.0,122.0,93.0,99.0,13.25,2.6299556396765844,167.5,13.025615788386624
SD,2020-05-16,2020,20,19,11.0,147.0,106.0,10.0,0.0,0.0,15.0,0,15.0,16.0,11.0,0.0,181.0,159.0,154.0,162.0,117.0,97.0,96.0,103.0,13.25,2.6299556396765844,165.75,15.649813630413203
SD,2020-05-23,2020,21,20,11.0,162.0,106.0,15.0,0.0,0.0,20.0,0,11.0,15.0,11.0,11.0,147.0,181.0,176.0,149.0,106.0,117.0,122.0,95.0,13.25,2.6299556396765844,162.25,14.080127840328732
SD,2020-05-30,2020,22,21,10.0,157.0,106.0,14.0,0.0,0.0,20.0,0,11.0,11.0,16.0,11.0,162.0,147.0,159.0,170.0,106.0,106.0,97.0,106.0,11.75,2.2173557826083465,161.75,14.26826315054967
SD,2020-06-06,2020,23,22,11.0,147.0,91.0,11.0,0.0,0.0,14.0,0,10.0,11.0,15.0,11.0,157.0,162.0,181.0,150.0,106.0,106.0,117.0,93.0,10.75,0.5000000000000059,153.25,7.500000000000023
SD,2020-06-13,2020,24,23,11.0,159.0,106.0,14.0,0.0,0.0,18.0,0,11.0,10.0,11.0,11.0,147.0,157.0,147.0,154.0,91.0,106.0,106.0,96.0,10.75,0.5000000000000059,156.25,6.500000000000025
SD,2020-06-20,2020,25,24,12.0,176.0,121.0,11.0,0.0,0.0,18.0,0,11.0,11.0,11.0,11.0,159.0,147.0,162.0,176.0,106.0,91.0,106.0,122.0,11.0,0.8164965809277297,159.75,12.038133853162913
SD,2020-06-27,2020,26,25,10.0,163.0,109.0,14.0,0.0,0.0,12.0,0,12.0,11.0,10.0,16.0,176.0,159.0,157.0,159.0,121.0,106.0,106.0,97.0,11.0,0.8164965809277297,161.25,11.954775893619544
SD,2020-07-04,2020,27,26,11.0,160.0,103.0,11.0,0.0,0.0,14.0,0,10.0,12.0,11.0,15.0,163.0,176.0,147.0,181.0,109.0,121.0,91.0,117.0,11.0,0.8164965809277297,164.5,7.852812659593184
SD,2020-07-11,2020,28,27,14.0,172.0,120.0,17.0,0.0,0.0,24.0,0,11.0,10.0,11.0,11.0,160.0,163.0,159.0,147.0,103.0,109.0,106.0,106.0,11.75,1.7078251276599348,167.75,7.500000000000019
SD,2020-07-18,2020,29,28,11.0,158.0,111.0,13.0,0.0,0.0,16.0,0,14.0,11.0,12.0,11.0,172.0,160.0,176.0,162.0,120.0,103.0,121.0,106.0,11.5,1.732050807568879,163.25,6.1846584384265135
SD,2020-07-25,2020,30,29,15.0,173.0,117.0,18.0,0.0,0.0,26.0,0,11.0,14.0,10.0,10.0,158.0,172.0,163.0,157.0,111.0,120.0,109.0,106.0,12.75,2.0615528128088316,165.75,7.847504911329051
SD,2020-08-01,2020,31,30,11.0,151.0,99.0,11.0,0.0,0.0,16.0,0,15.0,11.0,11.0,11.0,173.0,158.0,160.0,147.0,117.0,111.0,103.0,91.0,12.75,2.0615528128088316,163.5,10.785793124908968
SD,2020-08-08,2020,32,31,11.0,187.0,121.0,10.0,0.0,0.0,17.0,0,11.0,15.0,14.0,11.0,151.0,173.0,172.0,159.0,99.0,117.0,120.0,106.0,12.0,2.0000000000000013,167.25,16.049402896473552
SD,2020-08-15,2020,33,32,11.0,162.0,109.0,17.0,0.0,0.0,22.0,0,11.0,11.0,11.0,12.0,187.0,151.0,158.0,176.0,121.0,99.0,111.0,121.0,12.0,2.0000000000000013,168.25,15.392097539538494
SD,2020-08-22,2020,34,33,10.0,169.0,118.0,18.0,0.0,0.0,22.0,0,11.0,11.0,15.0,10.0,162.0,187.0,173.0,163.0,109.0,121.0,117.0,109.0,10.75,0.5000000000000064,167.25,15.107944929738137
SD,2020-08-29,2020,35,34,13.0,189.0,125.0,11.0,0.0,0.0,21.0,0,10.0,11.0,11.0,11.0,169.0,162.0,151.0,160.0,118.0,109.0,99.0,103.0,11.25,1.2583057392117942,176.75,13.326039671760462
SD,2020-09-05,2020,36,35,18.0,209.0,143.0,20.0,10.0,0.0,28.0,0,13.0,10.0,11.0,14.0,189.0,169.0,187.0,172.0,125.0,118.0,121.0,120.0,13.0,3.5590260840104375,182.25,21.187653637594394
SD,2020-09-12,2020,37,36,20.0,182.0,117.0,12.0,10.0,0.0,22.0,0,18.0,13.0,11.0,11.0,209.0,189.0,162.0,158.0,143.0,125.0,109.0,111.0,15.25,4.573474244670749,187.25,16.700798384109277
SD,2020-09-19,2020,38,37,26.0,181.0,116.0,19.0,12.0,0.0,33.0,0,20.0,18.0,10.0,15.0,182.0,209.0,169.0,173.0,117.0,143.0,118.0,117.0,19.25,5.377421934967227,190.25,12.996794476587946
SD,2020-09-26,2020,39,38,35.0,191.0,129.0,26.0,18.0,0.0,43.0,0,26.0,20.0,13.0,11.0,181.0,182.0,189.0,151.0,116.0,117.0,125.0,99.0,24.75,7.632168761236875,190.75,12.971121771072859
SD,2020-10-03,2020,40,39,41.0,206.0,129.0,25.0,17.0,0.0,49.0,0,35.0,26.0,18.0,11.0,191.0,181.0,209.0,187.0,129.0,116.0,143.0,121.0,30.5,9.327379053088816,190.0,11.575836902790238
SD,2020-10-10,2020,41,40,44.0,215.0,127.0,34.0,22.0,0.0,56.0,0,41.0,35.0,20.0,11.0,206.0,191.0,182.0,162.0,129.0,129.0,117.0,109.0,36.5,7.937253933193773,198.25,15.17399090549353
SD,2020-10-17,2020,42,41,54.0,201.0,118.0,34.0,24.0,0.0,64.0,0,44.0,41.0,26.0,10.0,215.0,206.0,181.0,169.0,127.0,129.0,116.0,118.0,43.5,7.937253933193773,203.25,10.012492197250412
SD,2020-10-24,2020,43,42,60.0,243.0,153.0,31.0,18.0,0.0,73.0,0,54.0,44.0,35.0,13.0,201.0,215.0,191.0,189.0,118.0,127.0,129.0,125.0,49.75,8.80814017448254,216.25,18.75055554732535
SD,2020-10-31,2020,44,43,87.0,243.0,144.0,38.0,32.0,0.0,93.0,1,60.0,54.0,41.0,18.0,243.0,201.0,206.0,209.0,153.0,118.0,129.0,143.0,61.25,18.391574157749524,225.5,21.000000000000007
SD,2020-11-07,2020,45,44,149.0,356.0,224.0,61.0,55.0,0.0,155.0,1,87.0,60.0,44.0,20.0,243.0,243.0,215.0,182.0,144.0,153.0,127.0,117.0,87.5,43.439613257946945,260.75,66.51503589414953
SD,2020-11-14,2020,46,45,168.0,343.0,225.0,73.0,58.0,0.0,183.0,1,149.0,87.0,54.0,26.0,356.0,243.0,201.0,181.0,224.0,144.0,118.0,116.0,116.0,50.892042599997886,296.25,61.716421369572835
SD,2020-11-21,2020,47,46,174.0,335.0,191.0,80.0,74.0,0.0,180.0,1,168.0,149.0,60.0,35.0,343.0,356.0,243.0,191.0,225.0,224.0,153.0,129.0,144.5,39.786932528155525,319.25,51.564684297168604
SD,2020-11-28,2020,48,47,163.0,335.0,213.0,80.0,72.0,0.0,171.0,1,174.0,168.0,87.0,41.0,335.0,343.0,243.0,206.0,191.0,225.0,144.0,129.0,163.5,10.661457061146326,342.25,9.912113800799451
SD,2020-12-05,2020,49,48,147.0,305.0,195.0,71.0,60.0,0.0,158.0,1,163.0,174.0,149.0,44.0,335.0,335.0,356.0,215.0,213.0,191.0,224.0,127.0,163.0,11.575836902790233,329.5,16.763054614240186
SD,2020-12-12,2020,50,49,137.0,283.0,195.0,73.0,64.0,0.0,146.0,1,147.0,163.0,168.0,54.0,305.0,335.0,343.0,201.0,195.0,213.0,225.0,118.0,155.25,16.459546368799685,314.5,25.31797780234431
SD,2020-12-19,2020,51,50,95.0,236.0,144.0,53.0,42.0,0.0,106.0,1,137.0,147.0,174.0,60.0,283.0,305.0,335.0,243.0,195.0,195.0,191.0,153.0,135.5,29.04594062285928,289.75,41.692325432865935
SD,2020-12-26,2020,52,51,58.0,206.0,135.0,31.0,19.0,0.0,70.0,0,95.0,137.0,163.0,87.0,236.0,283.0,335.0,243.0,144.0,195.0,213.0,144.0,109.25,40.9257457679963,257.5,44.799553569204235
SD,2021-01-02,2021,53,52,55.0,211.0,139.0,39.0,24.0,0.0,70.0,0,58.0,95.0,147.0,149.0,206.0,236.0,305.0,356.0,135.0,144.0,195.0,224.0,86.25,38.413322341777906,234.0,35.20416642008916
SD,2021-01-09,2021,1,53,65.0,220.0,131.0,49.0,34.0,0.0,80.0,1,55.0,58.0,137.0,168.0,211.0,206.0,283.0,343.0,139.0,135.0,195.0,225.0,68.25,18.31893373898529,218.25,13.175102782647777
SD,2021-01-16,2021,2,54,36.0,188.0,113.0,31.0,22.0,0.0,45.0,0,65.0,55.0,95.0,174.0,220.0,211.0,236.0,335.0,131.0,139.0,144.0,191.0,53.5,12.396235987858045,206.25,13.475286020464772
SD,2021-01-23,2021,3,55,34.0,191.0,119.0,29.0,19.0,0.0,44.0,0,36.0,65.0,58.0,163.0,188.0,220.0,206.0,335.0,113.0,131.0,135.0,213.0,47.5,15.022205785658342,202.5,15.50268793897798
SD,2021-01-30,2021,4,56,29.0,204.0,115.0,22.0,15.0,0.0,36.0,0,34.0,36.0,55.0,147.0,191.0,188.0,211.0,305.0,119.0,113.0,139.0,195.0,41.0,16.268579122549912,200.75,14.591664287073858
SD,2021-02-06,2021,5,57,30.0,189.0,109.0,25.0,14.0,0.0,41.0,0,29.0,34.0,65.0,137.0,204.0,191.0,220.0,283.0,115.0,119.0,131.0,195.0,32.25,3.3040379335998753,193.0,7.438637868140471
SD,2021-02-13,2021,6,58,20.0,181.0,108.0,20.0,10.0,0.0,30.0,0,30.0,29.0,36.0,95.0,189.0,204.0,188.0,236.0,109.0,115.0,113.0,144.0,28.25,5.909032633745301,191.25,9.535023160258538
SD,2021-02-20,2021,7,59,12.0,166.0,100.0,13.0,0.0,0.0,18.0,0,20.0,30.0,34.0,58.0,181.0,189.0,191.0,206.0,108.0,109.0,119.0,135.0,22.75,8.460693430998052,185.0,15.85349593412549
SD,2021-02-27,2021,8,60,13.0,180.0,108.0,21.0,0.0,0.0,27.0,0,12.0,20.0,29.0,55.0,166.0,181.0,204.0,211.0,100.0,108.0,115.0,139.0,18.75,8.301606270274863,179.0,9.556847457887638
SD,2021-03-06,2021,9,61,11.0,168.0,98.0,17.0,0.0,0.0,22.0,0,13.0,12.0,30.0,65.0,180.0,166.0,189.0,220.0,108.0,100.0,109.0,131.0,14.0,4.082482904638662,173.75,7.847504911329038
SD,2021-03-13,2021,10,62,11.0,185.0,107.0,20.0,0.0,0.0,25.0,0,11.0,13.0,20.0,36.0,168.0,180.0,181.0,188.0,98.0,108.0,108.0,113.0,11.75,0.9574271077564767,174.75,9.215023964519391
SD,2021-03-20,2021,11,63,11.0,155.0,92.0,11.0,0.0,0.0,16.0,0,11.0,11.0,12.0,34.0,185.0,168.0,166.0,191.0,107.0,98.0,100.0,119.0,11.5,1.0000000000001326,172.0,13.391539617733779
SD,2021-03-27,2021,12,64,12.0,167.0,107.0,14.0,0.0,0.0,18.0,0,11.0,11.0,13.0,29.0,155.0,185.0,180.0,204.0,92.0,107.0,108.0,115.0,11.25,0.5000000000002651,168.75,12.338962679253067
SD,2021-04-03,2021,13,65,11.0,153.0,97.0,16.0,0.0,0.0,18.0,0,12.0,11.0,11.0,30.0,167.0,155.0,168.0,189.0,107.0,92.0,98.0,109.0,11.25,0.5000000000002651,165.0,14.696938456699069
SD,2021-04-10,2021,14,66,11.0,143.0,89.0,14.0,0.0,0.0,11.0,0,11.0,12.0,11.0,20.0,153.0,167.0,185.0,181.0,97.0,107.0,107.0,108.0,11.25,0.5000000000002651,154.5,9.848857801796111
SD,2021-04-17,2021,15,67,11.0,174.0,108.0,14.0,0.0,0.0,19.0,0,11.0,11.0,11.0,12.0,143.0,153.0,155.0,166.0,89.0,97.0,92.0,100.0,11.25,0.5000000000002651,159.25,13.913422775626902
SD,2021-04-24,2021,16,68,10.0,169.0,106.0,19.0,0.0,0.0,24.0,0,11.0,11.0,12.0,13.0,174.0,143.0,167.0,180.0,108.0,89.0,107.0,108.0,10.75,0.5000000000002651,159.75,14.31491064123932
SD,2021-05-01,2021,17,69,11.0,158.0,109.0,17.0,0.0,0.0,22.0,0,10.0,11.0,11.0,11.0,169.0,174.0,153.0,168.0,106.0,108.0,97.0,98.0,10.75,0.5000000000002651,161.0,13.735598518691013
SD,2021-05-08,2021,18,70,11.0,178.0,108.0,19.0,0.0,0.0,22.0,0,11.0,10.0,11.0,11.0,158.0,169.0,143.0,185.0,109.0,106.0,89.0,107.0,10.75,0.5000000000002651,169.75,8.655441448399195
SD,2021-05-15,2021,19,71,11.0,161.0,104.0,19.0,0.0,0.0,23.0,0,11.0,11.0,11.0,11.0,178.0,158.0,174.0,155.0,108.0,109.0,108.0,92.0,10.75,0.5000000000002651,166.5,8.962886439832507
SD,2021-05-22,2021,20,72,11.0,155.0,112.0,12.0,0.0,0.0,16.0,0,11.0,11.0,10.0,12.0,161.0,178.0,169.0,167.0,104.0,108.0,106.0,107.0,11.0,0.0,163.0,10.295630140987004
SD,2021-05-29,2021,21,73,11.0,137.0,89.0,10.0,0.0,0.0,12.0,0,11.0,11.0,11.0,11.0,155.0,161.0,158.0,153.0,112.0,104.0,109.0,97.0,11.0,0.0,157.75,16.91892431568863
SD,2021-06-05,2021,22,74,11.0,152.0,102.0,14.0,0.0,0.0,11.0,0,11.0,11.0,11.0,11.0,137.0,155.0,178.0,143.0,89.0,112.0,108.0,89.0,11.0,0.0,151.25,10.210288928331071
SD,2021-06-12,2021,23,75,11.0,163.0,101.0,14.0,0.0,0.0,17.0,0,11.0,11.0,11.0,11.0,152.0,137.0,161.0,174.0,102.0,89.0,104.0,108.0,11.0,0.0,151.75,10.874281585465775
SD,2021-06-19,2021,24,76,11.0,145.0,97.0,14.0,0.0,0.0,12.0,0,11.0,11.0,11.0,10.0,163.0,152.0,155.0,169.0,101.0,102.0,112.0,106.0,11.0,0.0,149.25,11.026483271348729
SD,2021-06-26,2021,25,77,11.0,150.0,103.0,11.0,0.0,0.0,13.0,0,11.0,11.0,11.0,11.0,145.0,163.0,137.0,158.0,97.0,101.0,89.0,109.0,11.0,0.0,152.5,7.593857166596344
SD,2021-07-03,2021,26,78,11.0,171.0,115.0,14.0,0.0,0.0,11.0,0,11.0,11.0,11.0,11.0,150.0,145.0,152.0,178.0,103.0,97.0,102.0,108.0,11.0,0.0,157.25,11.898879499067691
SD,2021-07-10,2021,27,79,0.0,154.0,100.0,14.0,0.0,0.0,17.0,0,11.0,11.0,11.0,11.0,171.0,150.0,163.0,161.0,115.0,103.0,101.0,104.0,8.25,5.500000000000024,155.0,11.284207253207175
SD,2021-07-17,2021,28,80,11.0,158.0,110.0,12.0,0.0,0.0,12.0,0,0.0,11.0,11.0,11.0,154.0,171.0,145.0,155.0,100.0,115.0,97.0,112.0,8.25,5.500000000000024,158.25,9.10585891976516
SD,2021-07-24,2021,29,81,11.0,163.0,115.0,11.0,0.0,0.0,15.0,0,11.0,0.0,11.0,11.0,158.0,154.0,150.0,137.0,110.0,100.0,103.0,89.0,8.25,5.500000000000024,161.5,7.325753658611974
SD,2021-07-31,2021,30,82,11.0,164.0,111.0,11.0,0.0,0.0,16.0,0,11.0,11.0,11.0,11.0,163.0,158.0,171.0,152.0,115.0,110.0,115.0,102.0,8.25,5.500000000000024,159.75,4.645786621588792
SD,2021-08-07,2021,31,83,11.0,159.0,104.0,14.0,0.0,0.0,17.0,0,11.0,11.0,0.0,11.0,164.0,163.0,154.0,163.0,111.0,115.0,100.0,101.0,11.0,0.0,161.0,2.943920288775962
SD,2021-08-14,2021,32,84,11.0,161.0,104.0,14.0,0.0,0.0,14.0,0,11.0,11.0,11.0,11.0,159.0,164.0,158.0,145.0,104.0,111.0,110.0,97.0,11.0,0.0,161.75,2.217355782608363
SD,2021-08-21,2021,33,85,10.0,163.0,110.0,14.0,0.0,0.0,18.0,0,11.0,11.0,11.0,11.0,161.0,159.0,163.0,150.0,104.0,104.0,115.0,103.0,10.75,0.5000000000002652,161.75,2.217355782608363
SD,2021-08-28,2021,34,86,13.0,182.0,127.0,16.0,0.0,0.0,21.0,0,10.0,11.0,11.0,11.0,163.0,161.0,164.0,171.0,110.0,104.0,111.0,115.0,11.25,1.258305739211897,166.25,10.626225419530057
SD,2021-09-04,2021,35,87,29.0,197.0,130.0,31.0,22.0,0.0,38.0,0,13.0,10.0,11.0,0.0,182.0,163.0,159.0,154.0,127.0,110.0,104.0,100.0,15.75,8.920949127381771,175.75,17.036725037400824
SD,2021-09-11,2021,36,88,21.0,186.0,127.0,28.0,13.0,0.0,36.0,0,29.0,13.0,11.0,11.0,197.0,182.0,161.0,158.0,130.0,127.0,104.0,110.0,18.25,8.53912563829968,182.0,14.16568624058386
SD,2021-09-18,2021,37,89,24.0,177.0,114.0,24.0,14.0,0.0,34.0,0,21.0,29.0,10.0,11.0,186.0,197.0,163.0,163.0,127.0,130.0,110.0,115.0,21.75,6.701989754294387,185.5,8.504900548115394
SD,2021-09-25,2021,38,90,31.0,215.0,138.0,37.0,23.0,0.0,45.0,0,24.0,21.0,13.0,11.0,177.0,186.0,182.0,164.0,114.0,127.0,127.0,111.0,26.25,4.573474244670776,193.75,16.3579746097533
SD,2021-10-02,2021,39,91,31.0,206.0,139.0,30.0,18.0,0.0,43.0,0,31.0,24.0,29.0,11.0,215.0,177.0,197.0,159.0,138.0,114.0,130.0,104.0,26.75,5.057996968497865,196.0,17.530925056406282
SD,2021-10-09,2021,40,92,20.0,176.0,110.0,24.0,16.0,0.0,28.0,0,31.0,31.0,21.0,11.0,206.0,215.0,186.0,161.0,139.0,138.0,127.0,104.0,26.5,5.446711546122755,193.5,19.974984355438185
SD,2021-10-16,2021,41,93,27.0,198.0,117.0,24.0,16.0,0.0,35.0,0,20.0,31.0,24.0,10.0,176.0,206.0,177.0,163.0,110.0,139.0,114.0,110.0,27.25,5.188127472091152,198.75,16.680827317612287
SD,2021-10-23,2021,42,94,31.0,190.0,112.0,32.0,16.0,0.0,47.0,0,27.0,20.0,31.0,13.0,198.0,176.0,215.0,182.0,117.0,110.0,138.0,127.0,27.25,5.188127472091152,192.5,12.79322737493034
SD,2021-10-30,2021,43,95,26.0,198.0,124.0,28.0,20.0,0.0,34.0,0,31.0,27.0,31.0,29.0,190.0,198.0,206.0,197.0,112.0,117.0,139.0,130.0,26.0,4.546060565661981,190.5,10.376254944182271
SD,2021-11-06,2021,44,96,25.0,214.0,127.0,24.0,15.0,0.0,34.0,0,26.0,31.0,20.0,21.0,198.0,190.0,176.0,186.0,124.0,112.0,110.0,127.0,27.25,2.629955639676633,200.0,10.066445913694347
SD,2021-11-13,2021,45,97,36.0,200.0,126.0,29.0,18.0,0.0,47.0,0,25.0,26.0,27.0,24.0,214.0,198.0,198.0,177.0,127.0,124.0,117.0,114.0,29.5,5.066228051190247,200.5,9.983319421247971
SD,2021-11-20,2021,46,98,37.0,219.0,144.0,35.0,20.0,0.0,52.0,0,36.0,25.0,31.0,31.0,200.0,214.0,190.0,215.0,126.0,127.0,112.0,138.0,31.0,6.377042156569685,207.75,10.340051579497413
SD,2021-11-27,2021,47,99,42.0,217.0,124.0,30.0,18.0,0.0,55.0,0,37.0,36.0,26.0,31.0,219.0,200.0,198.0,206.0,144.0,126.0,124.0,139.0,35.0,7.164728420068244,212.5,8.582928793055837
SD,2021-12-04,2021,48,100,35.0,219.0,139.0,30.0,19.0,0.0,46.0,0,42.0,37.0,25.0,20.0,217.0,219.0,214.0,176.0,124.0,144.0,127.0,110.0,37.5,3.1091263510296483,213.75,9.215023964519405
SD,2021-12-11,2021,49,101,31.0,229.0,146.0,31.0,20.0,0.0,42.0,0,35.0,42.0,36.0,27.0,219.0,217.0,200.0,198.0,139.0,124.0,126.0,117.0,36.25,4.573474244670777,221.0,5.416025603090659
SD,2021-12-18,2021,50,102,52.0,212.0,146.0,41.0,39.0,0.0,55.0,0,31.0,35.0,37.0,31.0,229.0,219.0,219.0,190.0,146.0,139.0,144.0,112.0,40.0,9.201449161228188,219.25,7.135591542869228
SD,2021-12-25,2021,51,103,32.0,194.0,118.0,31.0,22.0,0.0,43.0,0,52.0,31.0,42.0,26.0,212.0,229.0,217.0,198.0,146.0,146.0,124.0,124.0,37.5,9.814954576223652,213.5,14.753530650887159
TN,2020-02-29,2020,9,8,0.0,570.0,102.0,114.0,0.0,17.0,131.0,0,0.0,0.0,0.0,0.0,570.0,570.0,570.0,570.0,101.0,94.0,104.0,99.0,0.0,0.0,570.0,0.0
TN,2020-03-07,2020,10,9,0.0,570.0,111.0,121.0,0.0,13.0,134.0,0,0.0,0.0,0.0,0.0,570.0,570.0,570.0,570.0,102.0,101.0,101.0,104.0,0.0,0.0,570.0,0.0
TN,2020-03-14,2020,11,10,0.0,570.0,108.0,109.0,0.0,12.0,121.0,0,0.0,0.0,0.0,0.0,570.0,570.0,570.0,570.0,111.0,102.0,94.0,101.0,0.0,0.0,570.0,0.0
TN,2020-03-21,2020,12,11,53.5,570.0,105.0,116.0,26.0,0.0,125.0,0,0.0,0.0,0.0,0.0,570.0,570.0,570.0,570.0,108.0,111.0,101.0,101.0,13.375,26.75,570.0,0.0
TN,2020-03-28,2020,13,12,11.0,570.0,104.0,125.0,26.0,0.0,138.0,0,53.5,0.0,0.0,0.0,570.0,570.0,570.0,570.0,105.0,108.0,102.0,104.0,16.125,25.450523897685617,570.0,0.0
TN,2020-04-04,2020,14,13,56.0,570.0,109.0,139.0,22.0,0.0,182.0,0,11.0,53.5,0.0,0.0,570.0,570.0,570.0,570.0,104.0,105.0,111.0,101.0,30.125,28.805019817154555,570.0,0.0
TN,2020-04-11,2020,15,14,53.0,570.0,105.0,144.0,31.0,0.0,169.0,0,56.0,11.0,0.0,0.0,570.0,570.0,570.0,570.0,109.0,104.0,108.0,94.0,43.375,21.623193566168712,570.0,0.0
TN,2020-04-18,2020,16,15,43.0,570.0,110.0,119.0,18.0,0.0,144.0,0,53.0,56.0,53.5,0.0,570.0,570.0,570.0,570.0,105.0,109.0,105.0,101.0,40.75,20.59732992404598,570.0,0.0
TN,2020-04-25,2020,17,16,31.0,570.0,102.0,110.0,26.0,0.0,133.0,0,43.0,53.0,11.0,0.0,570.0,570.0,570.0,570.0,110.0,105.0,104.0,102.0,45.75,11.29527924990495,570.0,0.0
TN,2020-05-02,2020,18,17,36.0,570.0,107.0,108.0,15.0,0.0,130.0,0,31.0,43.0,56.0,0.0,570.0,570.0,570.0,570.0,102.0,110.0,109.0,111.0,40.75,9.535023160258538,570.0,0.0
TN,2020-05-09,2020,19,18,49.0,570.0,108.0,101.0,13.0,0.0,137.0,0,36.0,31.0,53.0,0.0,570.0,570.0,570.0,570.0,107.0,102.0,105.0,108.0,39.75,7.889866919029752,570.0,0.0
TN,2020-05-16,2020,20,19,57.0,570.0,112.0,108.0,22.0,0.0,145.0,0,49.0,36.0,43.0,53.5,570.0,570.0,570.0,570.0,108.0,107.0,110.0,105.0,43.25,11.898879499067691,570.0,0.0
TN,2020-05-23,2020,21,20,33.0,570.0,113.0,107.0,11.0,0.0,129.0,0,57.0,49.0,31.0,11.0,570.0,570.0,570.0,570.0,112.0,108.0,102.0,104.0,43.75,11.236102527122117,570.0,0.0
TN,2020-05-30,2020,22,21,46.0,570.0,106.0,107.0,16.0,0.0,137.0,0,33.0,57.0,36.0,56.0,570.0,570.0,570.0,570.0,113.0,112.0,107.0,109.0,46.25,9.97914491994847,570.0,0.0
TN,2020-06-06,2020,23,22,37.0,570.0,106.0,102.0,13.0,0.0,126.0,0,46.0,33.0,49.0,53.0,570.0,570.0,570.0,570.0,106.0,113.0,108.0,105.0,43.25,10.657548185832113,570.0,0.0
TN,2020-06-13,2020,24,23,36.0,570.0,112.0,100.0,13.0,0.0,124.0,0,37.0,46.0,57.0,43.0,570.0,570.0,570.0,570.0,106.0,106.0,112.0,110.0,38.0,5.597618541248891,570.0,0.0
TN,2020-06-20,2020,25,24,59.0,570.0,114.0,100.0,19.0,0.0,141.0,0,36.0,37.0,33.0,31.0,570.0,570.0,570.0,570.0,112.0,106.0,113.0,102.0,44.5,10.661457061146319,570.0,0.0
TN,2020-06-27,2020,26,25,63.0,570.0,118.0,114.0,23.0,0.0,155.0,0,59.0,36.0,46.0,36.0,570.0,570.0,570.0,570.0,114.0,112.0,106.0,107.0,48.75,14.2448821218944,570.0,0.0
TN,2020-07-04,2020,27,26,75.0,570.0,110.0,96.0,22.0,0.0,149.0,0,63.0,59.0,37.0,49.0,570.0,570.0,570.0,570.0,118.0,114.0,106.0,108.0,58.25,16.31716887208072,570.0,0.0
TN,2020-07-11,2020,28,27,107.0,570.0,120.0,153.0,59.0,0.0,201.0,0,75.0,63.0,36.0,57.0,570.0,570.0,570.0,570.0,110.0,118.0,112.0,112.0,76.0,21.756225162774292,570.0,0.0
TN,2020-07-18,2020,29,28,123.0,570.0,122.0,146.0,64.0,0.0,206.0,0,107.0,75.0,59.0,33.0,570.0,570.0,570.0,570.0,120.0,110.0,114.0,113.0,92.0,27.784887978899608,570.0,0.0
TN,2020-07-25,2020,30,29,158.0,570.0,125.0,177.0,74.0,0.0,262.0,0,123.0,107.0,63.0,46.0,570.0,570.0,570.0,570.0,122.0,120.0,118.0,106.0,115.75,34.51931826287033,570.0,0.0
TN,2020-08-01,2020,31,30,172.0,570.0,123.0,181.0,97.0,0.0,256.0,0,158.0,123.0,75.0,37.0,570.0,570.0,570.0,570.0,125.0,122.0,110.0,106.0,140.0,30.144098372097083,570.0,0.0
TN,2020-08-08,2020,32,31,178.0,570.0,127.0,174.0,89.0,0.0,264.0,0,172.0,158.0,107.0,36.0,570.0,570.0,570.0,570.0,123.0,125.0,120.0,112.0,157.75,24.635678733630744,570.0,0.0
TN,2020-08-15,2020,33,32,178.0,570.0,129.0,184.0,96.0,0.0,266.0,0,178.0,172.0,123.0,59.0,570.0,570.0,570.0,570.0,127.0,123.0,122.0,114.0,171.5,9.433981132056564,570.0,0.0
TN,2020-08-22,2020,34,33,140.0,570.0,125.0,166.0,67.0,0.0,239.0,0,178.0,178.0,158.0,63.0,570.0,570.0,570.0,570.0,129.0,127.0,125.0,118.0,167.0,18.220867158288577,570.0,0.0
TN,2020-08-29,2020,35,34,181.0,570.0,127.0,192.0,93.0,0.0,280.0,0,140.0,178.0,172.0,75.0,570.0,570.0,570.0,570.0,125.0,129.0,123.0,110.0,169.25,19.55121479601713,570.0,0.0
TN,2020-09-05,2020,36,35,151.0,570.0,118.0,151.0,69.0,0.0,233.0,0,181.0,140.0,178.0,107.0,570.0,570.0,570.0,570.0,127.0,125.0,127.0,120.0,162.5,20.174241001831998,570.0,0.0
TN,2020-09-12,2020,37,36,185.0,570.0,124.0,191.0,100.0,0.0,276.0,0,151.0,181.0,178.0,123.0,570.0,570.0,570.0,570.0,118.0,127.0,129.0,122.0,164.25,22.17167863138316,570.0,0.0
TN,2020-09-19,2020,38,37,155.0,570.0,120.0,185.0,92.0,0.0,249.0,0,185.0,151.0,140.0,158.0,570.0,570.0,570.0,570.0,124.0,118.0,125.0,125.0,168.0,17.47378989610819,570.0,0.0
TN,2020-09-26,2020,39,38,170.0,570.0,128.0,205.0,100.0,0.0,275.0,0,155.0,185.0,181.0,172.0,570.0,570.0,570.0,570.0,120.0,124.0,127.0,123.0,165.25,15.499999999999975,570.0,0.0
TN,2020-10-03,2020,40,39,135.0,570.0,126.0,162.0,74.0,0.0,223.0,0,170.0,155.0,151.0,178.0,570.0,570.0,570.0,570.0,128.0,120.0,118.0,127.0,161.25,21.36000936329381,570.0,0.0
TN,2020-10-10,2020,41,40,183.0,570.0,131.0,181.0,104.0,0.0,261.0,0,135.0,170.0,185.0,178.0,570.0,570.0,570.0,570.0,126.0,128.0,124.0,129.0,160.75,20.62967118820202,570.0,0.0
TN,2020-10-17,2020,42,41,229.0,570.0,130.0,203.0,117.0,0.0,317.0,0,183.0,135.0,155.0,140.0,570.0,570.0,570.0,570.0,131.0,126.0,120.0,125.0,179.25,38.87051153080785,570.0,0.0
TN,2020-10-24,2020,43,42,237.0,570.0,123.0,240.0,117.0,0.0,360.0,0,229.0,183.0,170.0,181.0,570.0,570.0,570.0,570.0,130.0,131.0,128.0,127.0,196.0,47.11687595755898,570.0,0.0
TN,2020-10-31,2020,44,43,261.0,570.0,134.0,236.0,147.0,0.0,350.0,0,237.0,229.0,135.0,151.0,570.0,570.0,570.0,570.0,123.0,130.0,126.0,118.0,227.5,32.63433774416143,570.0,0.0
TN,2020-11-07,2020,45,44,283.0,570.0,128.0,234.0,147.0,0.0,372.0,0,261.0,237.0,183.0,185.0,570.0,570.0,570.0,570.0,134.0,123.0,131.0,124.0,252.5,24.46085307860975,570.0,0.0
TN,2020-11-14,2020,46,45,311.0,570.0,133.0,258.0,164.0,0.0,405.0,0,283.0,261.0,229.0,155.0,570.0,570.0,570.0,570.0,128.0,134.0,130.0,120.0,273.0,31.538336460039645,570.0,0.0
TN,2020-11-21,2020,47,46,412.0,570.0,135.0,310.0,227.0,0.0,496.0,0,311.0,283.0,237.0,170.0,570.0,570.0,570.0,570.0,133.0,128.0,123.0,128.0,316.75,66.71519067398867,570.0,0.0
TN,2020-11-28,2020,48,47,452.0,570.0,130.0,328.0,244.0,0.0,537.0,1,412.0,311.0,261.0,135.0,570.0,570.0,570.0,570.0,135.0,133.0,134.0,126.0,364.5,80.45081313034277,570.0,0.0
TN,2020-12-05,2020,49,48,528.0,570.0,144.0,361.0,266.0,0.0,624.0,1,452.0,412.0,283.0,183.0,570.0,570.0,570.0,570.0,130.0,135.0,128.0,131.0,425.75,90.3709946092587,570.0,0.0
TN,2020-12-12,2020,50,49,529.0,570.0,141.0,384.0,285.0,0.0,628.0,1,528.0,452.0,311.0,229.0,570.0,570.0,570.0,570.0,144.0,130.0,133.0,130.0,480.25,58.05959581900881,570.0,0.0
TN,2020-12-19,2020,51,50,603.0,570.0,145.0,393.0,300.0,0.0,696.0,1,529.0,528.0,412.0,237.0,570.0,570.0,570.0,570.0,141.0,144.0,135.0,123.0,528.0,61.6495471732491,570.0,0.0
TN,2020-12-26,2020,52,51,701.0,570.0,151.0,464.0,372.0,0.0,793.0,1,603.0,529.0,452.0,261.0,570.0,570.0,570.0,570.0,145.0,141.0,130.0,134.0,590.25,81.76133968243587,570.0,0.0
TN,2021-01-02,2021,53,52,680.0,570.0,151.0,451.0,338.0,0.0,794.0,1,701.0,603.0,528.0,283.0,570.0,570.0,570.0,570.0,151.0,145.0,144.0,128.0,628.25,78.4405294899688,570.0,0.0
TN,2021-01-09,2021,1,53,772.0,570.0,149.0,490.0,390.0,0.0,873.0,1,680.0,701.0,529.0,311.0,570.0,570.0,570.0,570.0,151.0,151.0,141.0,133.0,689.0,69.54614774857527,570.0,0.0
TN,2021-01-16,2021,2,54,681.0,570.0,143.0,447.0,354.0,0.0,775.0,1,772.0,680.0,603.0,412.0,570.0,570.0,570.0,570.0,149.0,151.0,145.0,135.0,708.5,43.424263570804065,570.0,0.0
TN,2021-01-23,2021,3,55,636.0,570.0,144.0,446.0,335.0,0.0,747.0,1,681.0,772.0,701.0,452.0,570.0,570.0,570.0,570.0,143.0,149.0,151.0,130.0,692.25,57.15694766751161,570.0,0.0
TN,2021-01-30,2021,4,56,494.0,570.0,137.0,354.0,255.0,0.0,593.0,1,636.0,681.0,680.0,528.0,570.0,570.0,570.0,570.0,144.0,143.0,151.0,144.0,645.75,115.90908793820553,570.0,0.0
TN,2021-02-06,2021,5,57,348.0,570.0,128.0,276.0,191.0,0.0,433.0,0,494.0,636.0,772.0,529.0,570.0,570.0,570.0,570.0,137.0,144.0,149.0,141.0,539.75,150.63947025929156,570.0,0.0
TN,2021-02-13,2021,6,58,246.0,570.0,111.0,225.0,125.0,0.0,349.0,0,348.0,494.0,681.0,603.0,570.0,570.0,570.0,570.0,128.0,137.0,143.0,145.0,431.0,170.39953051578516,570.0,0.0
TN,2021-02-20,2021,7,59,245.0,570.0,116.0,219.0,132.0,0.0,334.0,0,246.0,348.0,636.0,701.0,570.0,570.0,570.0,570.0,111.0,128.0,144.0,151.0,333.25,117.55672389673562,570.0,0.0
TN,2021-02-27,2021,8,60,174.0,570.0,117.0,169.0,90.0,0.0,255.0,0,245.0,246.0,494.0,680.0,570.0,570.0,570.0,570.0,116.0,111.0,137.0,151.0,253.25,71.59783516280362,570.0,0.0
TN,2021-03-06,2021,9,61,153.0,570.0,113.0,153.0,84.0,0.0,225.0,0,174.0,245.0,348.0,772.0,570.0,570.0,570.0,570.0,117.0,116.0,128.0,149.0,204.5,48.11444689487762,570.0,0.0
TN,2021-03-13,2021,10,62,155.0,570.0,110.0,161.0,76.0,0.0,241.0,0,153.0,174.0,246.0,681.0,570.0,570.0,570.0,570.0,113.0,117.0,111.0,143.0,181.75,43.215545042650234,570.0,0.0
TN,2021-03-20,2021,11,63,99.0,570.0,107.0,123.0,45.0,0.0,177.0,0,155.0,153.0,245.0,636.0,570.0,570.0,570.0,570.0,110.0,113.0,116.0,144.0,145.25,32.252906845740235,570.0,0.0
TN,2021-03-27,2021,12,64,124.0,570.0,114.0,163.0,77.0,0.0,213.0,0,99.0,155.0,174.0,494.0,570.0,570.0,570.0,570.0,107.0,110.0,117.0,137.0,132.75,26.58790451815758,570.0,0.0
TN,2021-04-03,2021,13,65,104.0,570.0,107.0,134.0,55.0,0.0,185.0,0,124.0,99.0,153.0,348.0,570.0,570.0,570.0,570.0,114.0,107.0,113.0,128.0,120.5,25.409971795865186,570.0,0.0
TN,2021-04-10,2021,14,66,128.0,570.0,115.0,158.0,71.0,0.0,215.0,0,104.0,124.0,155.0,246.0,570.0,570.0,570.0,570.0,107.0,114.0,110.0,111.0,113.75,14.384598244882062,570.0,0.0
TN,2021-04-17,2021,15,67,104.0,570.0,111.0,147.0,59.0,0.0,192.0,0,128.0,104.0,99.0,245.0,570.0,570.0,570.0,570.0,115.0,107.0,107.0,116.0,115.0,12.806248474865596,570.0,0.0
TN,2021-04-24,2021,16,68,125.0,570.0,119.0,148.0,67.0,0.0,206.0,0,104.0,128.0,124.0,174.0,570.0,570.0,570.0,570.0,111.0,115.0,114.0,117.0,115.25,13.04798835069979,570.0,0.0
TN,2021-05-01,2021,17,69,115.0,570.0,113.0,138.0,57.0,0.0,196.0,0,125.0,104.0,104.0,153.0,570.0,570.0,570.0,570.0,119.0,111.0,107.0,113.0,118.0,10.862780491200096,570.0,0.0
TN,2021-05-08,2021,18,70,113.0,570.0,118.0,133.0,60.0,0.0,187.0,0,115.0,125.0,128.0,155.0,570.0,570.0,570.0,570.0,113.0,119.0,115.0,110.0,114.25,8.616843969806894,570.0,0.0
TN,2021-05-15,2021,19,71,115.0,570.0,119.0,140.0,66.0,0.0,189.0,0,113.0,115.0,104.0,99.0,570.0,570.0,570.0,570.0,118.0,113.0,111.0,107.0,117.0,5.416025603090401,570.0,0.0
TN,2021-05-22,2021,20,72,103.0,570.0,114.0,154.0,63.0,0.0,194.0,0,115.0,113.0,125.0,124.0,570.0,570.0,570.0,570.0,119.0,118.0,119.0,114.0,111.5,5.744562646537801,570.0,0.0
TN,2021-05-29,2021,21,73,78.0,570.0,111.0,132.0,42.0,0.0,168.0,0,103.0,115.0,115.0,104.0,570.0,570.0,570.0,570.0,114.0,119.0,113.0,107.0,102.25,16.997548842896848,570.0,0.0
TN,2021-06-05,2021,22,74,69.0,570.0,112.0,114.0,42.0,0.0,141.0,0,78.0,103.0,113.0,128.0,570.0,570.0,570.0,570.0,111.0,114.0,118.0,115.0,91.25,21.391197566600397,570.0,0.0
TN,2021-06-12,2021,23,75,58.0,570.0,119.0,127.0,29.0,0.0,157.0,0,69.0,78.0,115.0,104.0,570.0,570.0,570.0,570.0,112.0,111.0,119.0,111.0,77.0,19.165942015286667,570.0,0.0
TN,2021-06-19,2021,24,76,43.0,570.0,117.0,115.0,22.0,0.0,136.0,0,58.0,69.0,103.0,125.0,570.0,570.0,570.0,570.0,119.0,112.0,114.0,119.0,62.0,15.077577170531432,570.0,0.0
TN,2021-06-26,2021,25,77,36.0,570.0,113.0,101.0,19.0,0.0,118.0,0,43.0,58.0,78.0,115.0,570.0,570.0,570.0,570.0,117.0,119.0,111.0,113.0,51.5,14.843629385474786,570.0,0.0
TN,2021-07-03,2021,26,78,31.0,570.0,114.0,92.0,15.0,0.0,109.0,0,36.0,43.0,69.0,113.0,570.0,570.0,570.0,570.0,113.0,117.0,112.0,118.0,42.0,11.747340124470613,570.0,0.0
TN,2021-07-10,2021,27,79,35.0,570.0,104.0,103.0,24.0,0.0,114.0,0,31.0,36.0,58.0,115.0,570.0,570.0,570.0,570.0,114.0,113.0,119.0,119.0,36.25,4.991659710623699,570.0,0.0
TN,2021-07-17,2021,28,80,38.0,570.0,111.0,81.0,21.0,0.0,99.0,0,35.0,31.0,43.0,103.0,570.0,570.0,570.0,570.0,104.0,114.0,117.0,114.0,35.0,2.943920288775473,570.0,0.0
TN,2021-07-24,2021,29,81,78.0,570.0,115.0,128.0,44.0,0.0,163.0,0,38.0,35.0,36.0,78.0,570.0,570.0,570.0,570.0,111.0,104.0,113.0,111.0,45.5,21.855586623713943,570.0,0.0
TN,2021-07-31,2021,30,82,95.0,570.0,117.0,109.0,52.0,0.0,152.0,0,78.0,38.0,31.0,69.0,570.0,570.0,570.0,570.0,115.0,111.0,114.0,112.0,61.5,29.715315916207203,570.0,0.0
TN,2021-08-07,2021,31,83,166.0,570.0,123.0,171.0,83.0,0.0,254.0,0,95.0,78.0,35.0,58.0,570.0,570.0,570.0,570.0,117.0,115.0,104.0,119.0,94.25,53.46883827676326,570.0,0.0
TN,2021-08-14,2021,32,84,306.0,570.0,136.0,261.0,182.0,0.0,387.0,0,166.0,95.0,38.0,43.0,570.0,570.0,570.0,570.0,123.0,117.0,111.0,117.0,161.25,103.75411638420263,570.0,0.0
TN,2021-08-21,2021,33,85,384.0,570.0,151.0,316.0,232.0,0.0,468.0,0,306.0,166.0,78.0,36.0,570.0,570.0,570.0,570.0,136.0,123.0,115.0,113.0,237.75,131.11413602913555,570.0,0.0
TN,2021-08-28,2021,34,86,527.0,570.0,158.0,407.0,318.0,0.0,616.0,1,384.0,306.0,95.0,31.0,570.0,570.0,570.0,570.0,151.0,136.0,117.0,114.0,345.75,150.78102223644282,570.0,0.0
TN,2021-09-04,2021,35,87,667.0,570.0,170.0,500.0,406.0,0.0,764.0,1,527.0,384.0,166.0,35.0,570.0,570.0,570.0,570.0,158.0,151.0,123.0,104.0,471.0,159.52638235309755,570.0,0.0
TN,2021-09-11,2021,36,88,721.0,570.0,173.0,536.0,432.0,0.0,826.0,1,667.0,527.0,306.0,38.0,570.0,570.0,570.0,570.0,170.0,158.0,136.0,111.0,574.75,151.17842659145077,570.0,0.0
TN,2021-09-18,2021,37,89,775.0,570.0,172.0,539.0,449.0,0.0,865.0,1,721.0,667.0,384.0,78.0,570.0,570.0,570.0,570.0,173.0,170.0,151.0,115.0,672.5,106.55045753069294,570.0,0.0
TN,2021-09-25,2021,38,90,741.0,570.0,176.0,543.0,444.0,0.0,841.0,1,775.0,721.0,527.0,95.0,570.0,570.0,570.0,570.0,172.0,173.0,158.0,117.0,726.0,45.210618221829236,570.0,0.0
TN,2021-10-02,2021,39,91,578.0,570.0,159.0,430.0,337.0,0.0,672.0,1,741.0,775.0,667.0,166.0,570.0,570.0,570.0,570.0,176.0,172.0,170.0,123.0,703.75,86.74627753780945,570.0,0.0
TN,2021-10-09,2021,40,92,495.0,570.0,152.0,378.0,292.0,0.0,582.0,1,578.0,741.0,721.0,306.0,570.0,570.0,570.0,570.0,159.0,176.0,173.0,136.0,647.25,133.02224124809604,570.0,0.0
TN,2021-10-16,2021,41,93,371.0,570.0,137.0,321.0,235.0,0.0,457.0,0,495.0,578.0,775.0,384.0,570.0,570.0,570.0,570.0,152.0,159.0,172.0,151.0,546.25,155.214636337342,570.0,0.0
TN,2021-10-23,2021,42,94,310.0,570.0,135.0,308.0,202.0,0.0,416.0,0,371.0,495.0,741.0,527.0,570.0,570.0,570.0,570.0,137.0,152.0,176.0,158.0,438.5,120.72144244775514,570.0,0.0
TN,2021-10-30,2021,43,95,236.0,570.0,121.0,215.0,138.0,0.0,314.0,0,310.0,371.0,578.0,667.0,570.0,570.0,570.0,570.0,135.0,137.0,159.0,170.0,353.0,109.5840621015057,570.0,0.0
TN,2021-11-06,2021,44,96,162.0,570.0,126.0,171.0,92.0,0.0,243.0,0,236.0,310.0,495.0,721.0,570.0,570.0,570.0,570.0,121.0,135.0,152.0,173.0,269.75,90.59203423406859,570.0,0.0
TN,2021-11-13,2021,45,97,185.0,570.0,127.0,219.0,107.0,0.0,298.0,0,162.0,236.0,371.0,775.0,570.0,570.0,570.0,570.0,126.0,121.0,137.0,172.0,223.25,65.58137438836316,570.0,0.0
TN,2021-11-20,2021,46,98,147.0,570.0,122.0,174.0,74.0,0.0,247.0,0,185.0,162.0,310.0,741.0,570.0,570.0,570.0,570.0,127.0,126.0,135.0,176.0,182.5,38.94012497839886,570.0,0.0
TN,2021-11-27,2021,47,99,140.0,570.0,118.0,168.0,67.0,0.0,244.0,0,147.0,185.0,236.0,578.0,570.0,570.0,570.0,570.0,122.0,127.0,121.0,159.0,158.5,19.90812229551854,570.0,0.0
TN,2021-12-04,2021,48,100,181.0,570.0,128.0,208.0,102.0,0.0,287.0,0,140.0,147.0,162.0,495.0,570.0,570.0,570.0,570.0,118.0,122.0,126.0,152.0,163.25,23.041628993338467,570.0,0.0
TN,2021-12-11,2021,49,101,197.0,570.0,127.0,220.0,115.0,0.0,305.0,0,181.0,140.0,185.0,371.0,570.0,570.0,570.0,570.0,128.0,118.0,127.0,137.0,166.25,27.21978447134833,570.0,0.0
TN,2021-12-18,2021,50,102,189.0,570.0,120.0,231.0,115.0,0.0,308.0,0,197.0,181.0,147.0,310.0,570.0,570.0,570.0,570.0,127.0,128.0,122.0,135.0,176.75,25.355801440038448,570.0,0.0
TN,2021-12-25,2021,51,103,201.0,570.0,123.0,201.0,96.0,0.0,308.0,0,189.0,197.0,140.0,236.0,570.0,570.0,570.0,570.0,120.0,127.0,118.0,121.0,192.0,8.86942313043277,570.0,0.0
TX,2020-02-29,2020,9,8,80.5,0.0,102.0,301.0,0.0,39.0,341.0,0,0.0,0.0,0.0,0.0,0.0,0.0,0.0,0.0,102.0,103.0,97.0,97.0,20.125,40.25,0.0,0.0
TX,2020-03-07,2020,10,9,80.5,0.0,100.0,277.0,0.0,40.0,318.0,0,80.5,0.0,0.0,0.0,0.0,0.0,0.0,0.0,102.0,102.0,101.0,100.0,40.25,46.47669666976488,0.0,0.0
TX,2020-03-14,2020,11,10,0.0,0.0,103.0,310.0,0.0,34.0,344.0,0,80.5,80.5,0.0,0.0,0.0,0.0,0.0,0.0,100.0,102.0,103.0,96.0,40.25,46.47669666976488,0.0,0.0
TX,2020-03-21,2020,12,11,10.0,0.0,106.0,334.0,48.0,23.0,363.0,0,0.0,80.5,0.0,0.0,0.0,0.0,0.0,0.0,103.0,100.0,102.0,96.0,42.75,43.780703511935485,0.0,0.0
TX,2020-03-28,2020,13,12,44.0,0.0,109.0,347.0,14.0,17.0,392.0,0,10.0,0.0,80.5,0.0,0.0,0.0,0.0,0.0,106.0,103.0,102.0,97.0,33.625,36.486013301903334,0.0,0.0
TX,2020-04-04,2020,14,13,132.0,0.0,110.0,370.0,49.0,22.0,459.0,0,44.0,10.0,80.5,0.0,0.0,0.0,0.0,0.0,109.0,106.0,100.0,101.0,46.5,60.03054777916545,0.0,0.0
TX,2020-04-11,2020,15,14,205.0,0.0,110.0,409.0,79.0,22.0,539.0,0,132.0,44.0,0.0,0.0,0.0,0.0,0.0,0.0,110.0,109.0,103.0,103.0,97.75,88.06200467095141,0.0,0.0
TX,2020-04-18,2020,16,15,238.0,0.0,113.0,416.0,115.0,22.0,542.0,0,205.0,132.0,10.0,0.0,0.0,0.0,0.0,0.0,110.0,110.0,106.0,102.0,154.75,86.09829653754288,0.0,0.0
TX,2020-04-25,2020,17,16,245.0,0.0,117.0,343.0,97.0,22.0,498.0,0,238.0,205.0,44.0,80.5,0.0,0.0,0.0,0.0,113.0,110.0,109.0,102.0,205.0,51.69784005803983,0.0,0.0
TX,2020-05-02,2020,18,17,238.0,0.0,112.0,369.0,104.0,22.0,510.0,0,245.0,238.0,132.0,80.5,0.0,0.0,0.0,0.0,117.0,113.0,110.0,100.0,231.5,17.97220075561144,0.0,0.0
TX,2020-05-09,2020,19,18,228.0,0.0,115.0,357.0,104.0,22.0,483.0,0,238.0,245.0,205.0,0.0,0.0,0.0,0.0,0.0,112.0,117.0,110.0,103.0,237.25,6.994045086119116,0.0,0.0
TX,2020-05-16,2020,20,19,253.0,0.0,114.0,365.0,112.0,22.0,507.0,0,228.0,238.0,238.0,10.0,0.0,0.0,0.0,0.0,115.0,112.0,113.0,106.0,241.0,10.614455552060452,0.0,0.0
TX,2020-05-23,2020,21,20,171.0,0.0,116.0,346.0,81.0,22.0,440.0,0,253.0,228.0,245.0,44.0,0.0,0.0,0.0,0.0,114.0,115.0,117.0,109.0,222.5,35.837596645608556,0.0,0.0
TX,2020-05-30,2020,22,21,217.0,0.0,111.0,353.0,113.0,22.0,461.0,0,171.0,253.0,238.0,132.0,0.0,0.0,0.0,0.0,116.0,114.0,112.0,110.0,217.25,34.315934102590504,0.0,0.0
TX,2020-06-06,2020,23,22,183.0,0.0,112.0,316.0,76.0,22.0,424.0,0,217.0,171.0,228.0,205.0,0.0,0.0,0.0,0.0,111.0,116.0,115.0,110.0,206.0,36.89625093872457,0.0,0.0
TX,2020-06-13,2020,24,23,226.0,0.0,119.0,318.0,94.0,22.0,450.0,0,183.0,217.0,253.0,238.0,0.0,0.0,0.0,0.0,112.0,111.0,114.0,113.0,199.25,26.41180291713032,0.0,0.0
TX,2020-06-20,2020,25,24,307.0,0.0,121.0,398.0,141.0,22.0,564.0,0,226.0,183.0,171.0,245.0,0.0,0.0,0.0,0.0,119.0,112.0,116.0,117.0,233.25,52.53808142671372,0.0,0.0
TX,2020-06-27,2020,26,25,443.0,0.0,124.0,415.0,175.0,22.0,685.0,0,307.0,226.0,217.0,238.0,0.0,0.0,0.0,0.0,121.0,119.0,111.0,112.0,289.75,114.37183511103888,0.0,0.0
TX,2020-07-04,2020,27,26,816.0,0.0,137.0,594.0,377.0,0.0,329.0,1,443.0,307.0,183.0,228.0,0.0,0.0,0.0,0.0,124.0,121.0,112.0,115.0,448.0,261.1602317862861,0.0,0.0
TX,2020-07-11,2020,28,27,80.5,0.0,159.0,940.0,677.0,22.0,329.0,0,816.0,443.0,226.0,253.0,0.0,0.0,0.0,0.0,137.0,124.0,119.0,114.0,411.625,308.27135638373323,0.0,0.0
TX,2020-07-18,2020,29,28,80.5,0.0,173.0,285.0,926.0,22.0,329.0,0,80.5,816.0,307.0,171.0,0.0,0.0,0.0,0.0,159.0,137.0,121.0,116.0,355.0,351.64636592273587,0.0,0.0
TX,2020-07-25,2020,30,29,80.5,0.0,172.0,285.0,933.0,22.0,329.0,0,80.5,80.5,443.0,217.0,0.0,0.0,0.0,0.0,173.0,159.0,124.0,111.0,264.375,367.75,0.0,0.0
TX,2020-08-01,2020,31,30,80.5,0.0,159.0,285.0,924.0,22.0,329.0,0,80.5,80.5,816.0,183.0,0.0,0.0,0.0,0.0,172.0,173.0,137.0,112.0,80.5,0.0,0.0,0.0
TX,2020-08-08,2020,32,31,80.5,0.0,155.0,285.0,773.0,22.0,329.0,0,80.5,80.5,80.5,226.0,0.0,0.0,0.0,0.0,159.0,172.0,159.0,119.0,80.5,0.0,0.0,0.0
TX,2020-08-15,2020,33,32,80.5,0.0,158.0,989.0,750.0,22.0,329.0,0,80.5,80.5,80.5,307.0,0.0,0.0,0.0,0.0,155.0,159.0,173.0,121.0,80.5,0.0,0.0,0.0
TX,2020-08-22,2020,34,33,80.5,0.0,135.0,781.0,556.0,22.0,329.0,0,80.5,80.5,80.5,443.0,0.0,0.0,0.0,0.0,158.0,155.0,172.0,124.0,80.5,0.0,0.0,0.0
TX,2020-08-29,2020,35,34,853.0,0.0,141.0,727.0,492.0,22.0,329.0,1,80.5,80.5,80.5,816.0,0.0,0.0,0.0,0.0,135.0,158.0,159.0,137.0,273.625,386.25,0.0,0.0
TX,2020-09-05,2020,36,35,705.0,0.0,135.0,588.0,372.0,0.0,921.0,1,853.0,80.5,80.5,80.5,0.0,0.0,0.0,0.0,141.0,135.0,155.0,159.0,429.75,407.78027171505,0.0,0.0
TX,2020-09-12,2020,37,36,578.0,0.0,126.0,519.0,309.0,22.0,789.0,1,705.0,853.0,80.5,80.5,0.0,0.0,0.0,0.0,135.0,141.0,158.0,173.0,554.125,335.1518001841355,0.0,0.0
TX,2020-09-19,2020,38,37,522.0,0.0,127.0,507.0,271.0,0.0,758.0,1,578.0,705.0,80.5,80.5,0.0,0.0,0.0,0.0,126.0,135.0,135.0,172.0,664.5,147.15184900865728,0.0,0.0
TX,2020-09-26,2020,39,38,513.0,0.0,123.0,511.0,284.0,22.0,742.0,1,522.0,578.0,853.0,80.5,0.0,0.0,0.0,0.0,127.0,126.0,141.0,159.0,579.5,88.4703340108988,0.0,0.0
TX,2020-10-03,2020,40,39,437.0,0.0,121.0,482.0,246.0,22.0,675.0,0,513.0,522.0,705.0,80.5,0.0,0.0,0.0,0.0,123.0,127.0,135.0,155.0,512.5,57.96838218661384,0.0,0.0
TX,2020-10-10,2020,41,40,500.0,0.0,124.0,515.0,289.0,22.0,728.0,1,437.0,513.0,578.0,80.5,0.0,0.0,0.0,0.0,121.0,123.0,126.0,158.0,493.0,38.41006812455985,0.0,0.0
TX,2020-10-17,2020,42,41,564.0,0.0,118.0,521.0,296.0,22.0,790.0,1,500.0,437.0,522.0,80.5,0.0,0.0,0.0,0.0,124.0,121.0,127.0,135.0,503.5,52.23345032958601,0.0,0.0
TX,2020-10-24,2020,43,42,695.0,0.0,125.0,611.0,389.0,22.0,918.0,1,564.0,500.0,513.0,853.0,0.0,0.0,0.0,0.0,118.0,124.0,123.0,141.0,549.0,110.28145809699834,0.0,0.0
TX,2020-10-31,2020,44,43,897.0,0.0,131.0,723.0,485.0,22.0,329.0,1,695.0,564.0,437.0,705.0,0.0,0.0,0.0,0.0,125.0,118.0,121.0,135.0,664.0,175.25790519498207,0.0,0.0
TX,2020-11-07,2020,45,44,80.5,0.0,137.0,837.0,575.0,22.0,329.0,0,897.0,695.0,500.0,578.0,0.0,0.0,0.0,0.0,131.0,125.0,124.0,126.0,559.125,347.2401606477377,0.0,0.0
TX,2020-11-14,2020,46,45,80.5,0.0,138.0,873.0,665.0,22.0,329.0,0,80.5,897.0,564.0,522.0,0.0,0.0,0.0,0.0,137.0,131.0,118.0,127.0,438.25,421.2450791008325,0.0,0.0
TX,2020-11-21,2020,47,46,80.5,0.0,134.0,978.0,728.0,22.0,329.0,0,80.5,80.5,695.0,513.0,0.0,0.0,0.0,0.0,138.0,137.0,125.0,123.0,284.625,408.25,0.0,0.0
TX,2020-11-28,2020,48,47,80.5,0.0,138.0,285.0,817.0,22.0,329.0,0,80.5,80.5,897.0,437.0,0.0,0.0,0.0,0.0,134.0,138.0,131.0,121.0,80.5,0.0,0.0,0.0
TX,2020-12-05,2020,49,48,80.5,0.0,140.0,285.0,863.0,22.0,329.0,0,80.5,80.5,80.5,500.0,0.0,0.0,0.0,0.0,138.0,134.0,137.0,124.0,80.5,0.0,0.0,0.0
TX,2020-12-12,2020,50,49,80.5,0.0,145.0,285.0,955.0,22.0,329.0,0,80.5,80.5,80.5,564.0,0.0,0.0,0.0,0.0,140.0,138.0,138.0,118.0,80.5,0.0,0.0,0.0
TX,2020-12-19,2020,51,50,80.5,0.0,141.0,285.0,958.0,22.0,329.0,0,80.5,80.5,80.5,695.0,0.0,0.0,0.0,0.0,145.0,140.0,134.0,125.0,80.5,0.0,0.0,0.0
TX,2020-12-26,2020,52,51,80.5,0.0,143.0,285.0,970.0,22.0,329.0,0,80.5,80.5,80.5,897.0,0.0,0.0,0.0,0.0,141.0,145.0,138.0,131.0,80.5,0.0,0.0,0.0
TX,2021-01-02,2021,53,52,80.5,0.0,152.0,285.0,48.0,22.0,329.0,0,80.5,80.5,80.5,80.5,0.0,0.0,0.0,0.0,143.0,141.0,140.0,137.0,80.5,0.0,0.0,0.0
TX,2021-01-09,2021,1,53,80.5,0.0,156.0,285.0,48.0,22.0,329.0,0,80.5,80.5,80.5,80.5,0.0,0.0,0.0,0.0,152.0,143.0,145.0,138.0,80.5,0.0,0.0,0.0
TX,2021-01-16,2021,2,54,80.5,0.0,158.0,285.0,48.0,22.0,329.0,0,80.5,80.5,80.5,80.5,0.0,0.0,0.0,0.0,156.0,152.0,141.0,134.0,80.5,0.0,0.0,0.0
TX,2021-01-23,2021,3,55,80.5,0.0,159.0,285.0,48.0,22.0,329.0,0,80.5,80.5,80.5,80.5,0.0,0.0,0.0,0.0,158.0,156.0,143.0,138.0,80.5,0.0,0.0,0.0
TX,2021-01-30,2021,4,56,80.5,0.0,155.0,285.0,48.0,22.0,329.0,0,80.5,80.5,80.5,80.5,0.0,0.0,0.0,0.0,159.0,158.0,152.0,140.0,80.5,0.0,0.0,0.0
TX,2021-02-06,2021,5,57,80.5,0.0,146.0,285.0,48.0,22.0,329.0,0,80.5,80.5,80.5,80.5,0.0,0.0,0.0,0.0,155.0,159.0,156.0,145.0,80.5,0.0,0.0,0.0
TX,2021-02-13,2021,6,58,80.5,0.0,138.0,285.0,901.0,22.0,329.0,0,80.5,80.5,80.5,80.5,0.0,0.0,0.0,0.0,146.0,155.0,158.0,141.0,80.5,0.0,0.0,0.0
TX,2021-02-20,2021,7,59,80.5,0.0,152.0,285.0,813.0,0.0,329.0,0,80.5,80.5,80.5,80.5,0.0,0.0,0.0,0.0,138.0,146.0,159.0,143.0,80.5,0.0,0.0,0.0
TX,2021-02-27,2021,8,60,80.5,0.0,137.0,927.0,664.0,22.0,329.0,0,80.5,80.5,80.5,80.5,0.0,0.0,0.0,0.0,152.0,138.0,155.0,152.0,80.5,0.0,0.0,0.0
TX,2021-03-06,2021,9,61,860.0,0.0,127.0,780.0,518.0,22.0,329.0,1,80.5,80.5,80.5,80.5,0.0,0.0,0.0,0.0,137.0,152.0,146.0,156.0,275.375,389.75,0.0,0.0
TX,2021-03-13,2021,10,62,707.0,0.0,118.0,633.0,416.0,22.0,928.0,1,860.0,80.5,80.5,80.5,0.0,0.0,0.0,0.0,127.0,137.0,138.0,158.0,432.0,410.65537051563484,0.0,0.0
TX,2021-03-20,2021,11,63,576.0,0.0,114.0,576.0,347.0,0.0,805.0,1,707.0,860.0,80.5,80.5,0.0,0.0,0.0,0.0,118.0,127.0,152.0,159.0,555.875,337.4992283941797,0.0,0.0
TX,2021-03-27,2021,12,64,446.0,0.0,114.0,506.0,271.0,22.0,684.0,0,576.0,707.0,80.5,80.5,0.0,0.0,0.0,0.0,114.0,118.0,137.0,155.0,647.25,177.3985625646386,0.0,0.0
TX,2021-04-03,2021,13,65,359.0,0.0,114.0,433.0,211.0,22.0,582.0,0,446.0,576.0,860.0,80.5,0.0,0.0,0.0,0.0,114.0,114.0,127.0,146.0,522.0,152.190669884852,0.0,0.0
TX,2021-04-10,2021,14,66,362.0,0.0,120.0,445.0,211.0,22.0,598.0,0,359.0,446.0,707.0,80.5,0.0,0.0,0.0,0.0,114.0,114.0,118.0,138.0,435.75,101.82460409940221,0.0,0.0
TX,2021-04-17,2021,15,67,348.0,0.0,111.0,396.0,195.0,22.0,549.0,0,362.0,359.0,576.0,80.5,0.0,0.0,0.0,0.0,120.0,114.0,114.0,152.0,378.75,45.23549491273417,0.0,0.0
TX,2021-04-24,2021,16,68,336.0,0.0,120.0,430.0,188.0,22.0,580.0,0,348.0,362.0,446.0,80.5,0.0,0.0,0.0,0.0,111.0,120.0,114.0,137.0,351.25,11.814539065631447,0.0,0.0
TX,2021-05-01,2021,17,69,299.0,0.0,117.0,402.0,175.0,22.0,527.0,0,336.0,348.0,359.0,860.0,0.0,0.0,0.0,0.0,120.0,111.0,114.0,127.0,336.25,27.01080030901217,0.0,0.0
TX,2021-05-08,2021,18,70,301.0,0.0,115.0,397.0,172.0,22.0,527.0,0,299.0,336.0,362.0,707.0,0.0,0.0,0.0,0.0,117.0,120.0,120.0,118.0,321.0,24.75210428764927,0.0,0.0
TX,2021-05-15,2021,19,71,285.0,0.0,118.0,362.0,150.0,22.0,498.0,0,301.0,299.0,348.0,576.0,0.0,0.0,0.0,0.0,115.0,117.0,111.0,114.0,305.25,21.700614430625357,0.0,0.0
TX,2021-05-22,2021,20,72,258.0,0.0,114.0,330.0,133.0,22.0,456.0,0,285.0,301.0,336.0,446.0,0.0,0.0,0.0,0.0,118.0,115.0,120.0,114.0,285.75,19.822125684867036,0.0,0.0
TX,2021-05-29,2021,21,73,266.0,0.0,116.0,349.0,154.0,0.0,461.0,0,258.0,285.0,299.0,359.0,0.0,0.0,0.0,0.0,114.0,118.0,117.0,114.0,277.5,19.330459556530602,0.0,0.0
TX,2021-06-05,2021,22,74,197.0,0.0,114.0,298.0,115.0,22.0,381.0,0,266.0,258.0,301.0,362.0,0.0,0.0,0.0,0.0,116.0,114.0,115.0,120.0,251.5,38.056974831603895,0.0,0.0
TX,2021-06-12,2021,23,75,175.0,0.0,115.0,325.0,103.0,22.0,398.0,0,197.0,266.0,285.0,348.0,0.0,0.0,0.0,0.0,114.0,116.0,118.0,111.0,224.0,44.90731195102492,0.0,0.0
TX,2021-06-19,2021,24,76,170.0,0.0,118.0,345.0,105.0,22.0,410.0,0,175.0,197.0,258.0,336.0,0.0,0.0,0.0,0.0,115.0,114.0,114.0,120.0,202.0,44.24929377967516,0.0,0.0
TX,2021-06-26,2021,25,77,166.0,0.0,117.0,311.0,97.0,22.0,382.0,0,170.0,175.0,266.0,299.0,0.0,0.0,0.0,0.0,118.0,115.0,116.0,117.0,177.0,13.832329280830912,0.0,0.0
TX,2021-07-03,2021,26,78,186.0,0.0,118.0,300.0,97.0,0.0,389.0,0,166.0,170.0,197.0,301.0,0.0,0.0,0.0,0.0,117.0,118.0,114.0,115.0,174.25,8.655441448399126,0.0,0.0
TX,2021-07-10,2021,27,79,176.0,0.0,116.0,322.0,103.0,22.0,396.0,0,186.0,166.0,175.0,285.0,0.0,0.0,0.0,0.0,118.0,117.0,115.0,118.0,174.5,8.69865890046653,0.0,0.0
TX,2021-07-17,2021,28,80,232.0,0.0,123.0,366.0,131.0,22.0,468.0,0,176.0,186.0,170.0,258.0,0.0,0.0,0.0,0.0,116.0,118.0,118.0,114.0,190.0,29.166190472303125,0.0,0.0
TX,2021-07-24,2021,29,81,346.0,0.0,122.0,417.0,197.0,0.0,566.0,0,232.0,176.0,166.0,266.0,0.0,0.0,0.0,0.0,123.0,116.0,117.0,116.0,235.0,77.91448303535527,0.0,0.0
TX,2021-07-31,2021,30,82,517.0,0.0,131.0,535.0,291.0,22.0,763.0,1,346.0,232.0,186.0,197.0,0.0,0.0,0.0,0.0,122.0,123.0,118.0,114.0,317.75,150.4933553350446,0.0,0.0
TX,2021-08-07,2021,31,83,853.0,0.0,137.0,726.0,490.0,22.0,329.0,1,517.0,346.0,176.0,175.0,0.0,0.0,0.0,0.0,131.0,122.0,116.0,115.0,487.0,270.65476164294614,0.0,0.0
TX,2021-08-14,2021,32,84,80.5,0.0,155.0,285.0,811.0,22.0,329.0,0,853.0,517.0,232.0,170.0,0.0,0.0,0.0,0.0,137.0,131.0,123.0,118.0,449.125,323.64650855524457,0.0,0.0
TX,2021-08-21,2021,33,85,80.5,0.0,173.0,285.0,48.0,22.0,329.0,0,80.5,853.0,346.0,166.0,0.0,0.0,0.0,0.0,155.0,137.0,122.0,117.0,382.75,374.9969999879999,0.0,0.0
TX,2021-08-28,2021,34,86,80.5,0.0,177.0,285.0,48.0,22.0,329.0,0,80.5,80.5,517.0,186.0,0.0,0.0,0.0,0.0,173.0,155.0,131.0,118.0,273.625,386.25,0.0,0.0
TX,2021-09-04,2021,35,87,80.5,0.0,185.0,285.0,48.0,22.0,329.0,0,80.5,80.5,853.0,176.0,0.0,0.0,0.0,0.0,177.0,173.0,137.0,116.0,80.5,0.0,0.0,0.0
TX,2021-09-11,2021,36,88,80.5,0.0,180.0,285.0,48.0,22.0,329.0,0,80.5,80.5,80.5,232.0,0.0,0.0,0.0,0.0,185.0,177.0,155.0,123.0,80.5,0.0,0.0,0.0
TX,2021-09-18,2021,37,89,80.5,0.0,170.0,285.0,48.0,22.0,329.0,0,80.5,80.5,80.5,346.0,0.0,0.0,0.0,0.0,180.0,185.0,173.0,122.0,80.5,0.0,0.0,0.0
TX,2021-09-25,2021,38,90,80.5,0.0,171.0,285.0,48.0,22.0,329.0,0,80.5,80.5,80.5,517.0,0.0,0.0,0.0,0.0,170.0,180.0,177.0,131.0,80.5,0.0,0.0,0.0
TX,2021-10-02,2021,39,91,80.5,0.0,160.0,285.0,48.0,22.0,329.0,0,80.5,80.5,80.5,853.0,0.0,0.0,0.0,0.0,171.0,170.0,185.0,137.0,80.5,0.0,0.0,0.0
TX,2021-10-09,2021,40,92,80.5,0.0,145.0,285.0,830.0,22.0,329.0,0,80.5,80.5,80.5,80.5,0.0,0.0,0.0,0.0,160.0,171.0,180.0,155.0,80.5,0.0,0.0,0.0
TX,2021-10-16,2021,41,93,80.5,0.0,139.0,916.0,677.0,22.0,329.0,0,80.5,80.5,80.5,80.5,0.0,0.0,0.0,0.0,145.0,160.0,170.0,173.0,80.5,0.0,0.0,0.0
TX,2021-10-23,2021,42,94,870.0,0.0,132.0,734.0,539.0,22.0,329.0,1,80.5,80.5,80.5,80.5,0.0,0.0,0.0,0.0,139.0,145.0,171.0,177.0,277.875,394.75,0.0,0.0
TX,2021-10-30,2021,43,95,659.0,0.0,126.0,644.0,436.0,22.0,870.0,1,870.0,80.5,80.5,80.5,0.0,0.0,0.0,0.0,132.0,139.0,160.0,185.0,422.5,404.19322936767094,0.0,0.0
TX,2021-11-06,2021,44,96,516.0,0.0,122.0,515.0,300.0,22.0,732.0,1,659.0,870.0,80.5,80.5,0.0,0.0,0.0,0.0,126.0,132.0,145.0,180.0,531.375,333.90601846427785,0.0,0.0
TX,2021-11-13,2021,45,97,469.0,0.0,122.0,489.0,270.0,22.0,691.0,0,516.0,659.0,80.5,80.5,0.0,0.0,0.0,0.0,122.0,126.0,139.0,170.0,628.5,180.13791013183948,0.0,0.0
TX,2021-11-20,2021,46,98,428.0,0.0,121.0,514.0,259.0,22.0,684.0,0,469.0,516.0,870.0,80.5,0.0,0.0,0.0,0.0,122.0,122.0,132.0,171.0,518.0,100.64127715140876,0.0,0.0
TX,2021-11-27,2021,47,99,419.0,0.0,117.0,492.0,260.0,22.0,652.0,0,428.0,469.0,659.0,80.5,0.0,0.0,0.0,0.0,121.0,122.0,126.0,160.0,458.0,44.369659303026786,0.0,0.0
TX,2021-12-04,2021,48,100,472.0,0.0,121.0,562.0,304.0,22.0,733.0,0,419.0,428.0,516.0,80.5,0.0,0.0,0.0,0.0,117.0,121.0,122.0,145.0,447.0,27.4104602904318,0.0,0.0
TX,2021-12-11,2021,49,101,497.0,0.0,122.0,569.0,288.0,22.0,785.0,0,472.0,419.0,469.0,80.5,0.0,0.0,0.0,0.0,121.0,117.0,122.0,139.0,454.0,36.85105154537663,0.0,0.0
TX,2021-12-18,2021,50,102,473.0,0.0,114.0,560.0,293.0,22.0,748.0,0,497.0,472.0,428.0,870.0,0.0,0.0,0.0,0.0,122.0,121.0,121.0,132.0,465.25,32.927951652053984,0.0,0.0
TX,2021-12-25,2021,51,103,483.0,0.0,112.0,550.0,290.0,13.0,753.0,0,473.0,497.0,419.0,659.0,0.0,0.0,0.0,0.0,114.0,122.0,117.0,126.0,481.25,11.615363389350806,0.0,0.0
UT,2020-02-29,2020,9,8,0.0,417.0,107.0,33.0,0.0,0.0,36.0,0,0.0,0.0,0.0,0.0,368.0,414.0,364.0,392.0,95.0,113.0,98.0,94.0,0.0,0.0,398.5,22.546248764114477
UT,2020-03-07,2020,10,9,0.0,427.0,106.0,31.0,0.0,0.0,34.0,0,0.0,0.0,0.0,0.0,417.0,368.0,395.0,438.0,107.0,95.0,102.0,110.0,0.0,0.0,406.5,26.261505415087438
UT,2020-03-14,2020,11,10,0.0,406.0,110.0,22.0,0.0,0.0,27.0,0,0.0,0.0,0.0,0.0,427.0,417.0,414.0,409.0,106.0,107.0,113.0,109.0,0.0,0.0,404.5,25.800516790689812
UT,2020-03-21,2020,12,11,0.0,412.0,108.0,29.0,0.0,0.0,36.0,0,0.0,0.0,0.0,0.0,406.0,427.0,368.0,390.0,110.0,106.0,95.0,98.0,0.0,0.0,415.5,8.888194417315585
UT,2020-03-28,2020,13,12,17.0,395.0,112.0,34.0,0.0,0.0,42.0,0,0.0,0.0,0.0,0.0,412.0,406.0,417.0,364.0,108.0,110.0,107.0,98.0,4.25,8.5,410.0,13.34166406412633
UT,2020-04-04,2020,14,13,11.0,408.0,114.0,33.0,11.0,0.0,39.0,0,17.0,0.0,0.0,0.0,395.0,412.0,427.0,395.0,112.0,108.0,106.0,102.0,7.0,8.445906306213285,405.25,7.27438428093172
UT,2020-04-11,2020,15,14,17.0,382.0,101.0,16.0,11.0,0.0,22.0,0,11.0,17.0,0.0,0.0,408.0,395.0,406.0,414.0,114.0,112.0,110.0,113.0,11.25,8.0156097709407,399.25,13.598406769422164
UT,2020-04-18,2020,16,15,17.0,388.0,102.0,20.0,11.0,0.0,22.0,0,17.0,11.0,0.0,0.0,382.0,408.0,412.0,368.0,101.0,114.0,108.0,95.0,15.5,3.0,393.25,11.17661248619932
UT,2020-04-25,2020,17,16,16.0,410.0,116.0,19.0,11.0,0.0,31.0,0,17.0,17.0,17.0,0.0,388.0,382.0,395.0,417.0,102.0,101.0,112.0,107.0,15.25,2.8722813232690143,397.0,14.094916341243975
UT,2020-05-02,2020,18,17,12.0,381.0,107.0,13.0,11.0,0.0,24.0,0,16.0,17.0,11.0,0.0,410.0,388.0,408.0,427.0,116.0,102.0,114.0,106.0,15.5,2.3804761428476167,390.25,13.52466881911222
UT,2020-05-09,2020,19,18,18.0,372.0,103.0,21.0,11.0,0.0,28.0,0,12.0,16.0,17.0,0.0,381.0,410.0,382.0,406.0,107.0,116.0,101.0,110.0,15.75,2.6299556396765835,387.75,16.214705259938164
UT,2020-05-16,2020,20,19,17.0,403.0,113.0,19.0,11.0,0.0,31.0,0,18.0,12.0,17.0,0.0,372.0,381.0,388.0,412.0,103.0,107.0,102.0,108.0,15.75,2.6299556396765835,391.5,17.935068069752795
UT,2020-05-23,2020,21,20,15.0,374.0,100.0,24.0,11.0,0.0,32.0,0,17.0,18.0,16.0,17.0,403.0,372.0,410.0,395.0,113.0,103.0,116.0,112.0,15.5,2.6457513110645907,382.5,14.200938936093841
UT,2020-05-30,2020,22,21,12.0,390.0,111.0,20.0,11.0,0.0,27.0,0,15.0,17.0,12.0,11.0,374.0,403.0,381.0,408.0,100.0,113.0,107.0,114.0,15.5,2.6457513110645907,384.75,14.591664287073838
UT,2020-06-06,2020,23,22,12.0,410.0,112.0,19.0,11.0,0.0,28.0,0,12.0,15.0,18.0,17.0,390.0,374.0,372.0,382.0,111.0,100.0,103.0,101.0,14.0,2.449489742783178,394.25,15.840349322747464
UT,2020-06-13,2020,24,23,20.0,388.0,109.0,22.0,11.0,0.0,35.0,0,12.0,12.0,17.0,17.0,410.0,390.0,403.0,388.0,112.0,111.0,113.0,102.0,14.75,3.774917217635375,390.5,14.821156050277116
UT,2020-06-20,2020,25,24,15.0,402.0,116.0,24.0,11.0,0.0,34.0,0,20.0,12.0,15.0,16.0,388.0,410.0,374.0,410.0,109.0,112.0,100.0,116.0,14.75,3.774917217635375,397.5,10.376254944182222
UT,2020-06-27,2020,26,25,13.0,388.0,111.0,26.0,11.0,0.0,34.0,0,15.0,20.0,12.0,12.0,402.0,388.0,390.0,381.0,116.0,109.0,111.0,107.0,15.0,3.559026084010437,397.0,10.89342309224543
UT,2020-07-04,2020,27,26,22.0,438.0,125.0,25.0,11.0,0.0,41.0,0,13.0,15.0,12.0,18.0,388.0,402.0,410.0,372.0,111.0,116.0,112.0,103.0,17.5,4.203173404306164,404.0,23.60790827950101
UT,2020-07-11,2020,28,27,36.0,407.0,120.0,26.0,11.0,0.0,53.0,0,22.0,13.0,20.0,17.0,438.0,388.0,388.0,403.0,125.0,111.0,109.0,113.0,21.5,10.408329997330663,408.75,21.093047827819145
UT,2020-07-18,2020,29,28,30.0,435.0,121.0,19.0,11.0,0.0,42.0,0,36.0,22.0,15.0,15.0,407.0,438.0,402.0,374.0,120.0,125.0,116.0,100.0,25.25,9.97914491994847,417.0,23.846732830026546
UT,2020-07-25,2020,30,29,45.0,437.0,129.0,31.0,18.0,0.0,58.0,0,30.0,36.0,13.0,12.0,435.0,407.0,388.0,390.0,121.0,120.0,111.0,111.0,33.25,9.7082439194738,429.25,14.885675440951019
UT,2020-08-01,2020,31,30,26.0,435.0,124.0,33.0,16.0,0.0,43.0,0,45.0,30.0,22.0,12.0,437.0,435.0,438.0,410.0,129.0,121.0,125.0,112.0,34.25,8.261355820929154,428.5,14.364307617610127
UT,2020-08-08,2020,32,31,29.0,449.0,131.0,25.0,11.0,0.0,45.0,0,26.0,45.0,36.0,20.0,435.0,437.0,407.0,388.0,124.0,129.0,120.0,109.0,32.5,8.504900548115383,439.0,6.733003292241294
UT,2020-08-15,2020,33,32,32.0,450.0,132.0,25.0,11.0,0.0,50.0,0,29.0,26.0,30.0,15.0,449.0,435.0,435.0,402.0,131.0,124.0,121.0,116.0,33.0,8.366600265340756,442.75,7.847504911328961
UT,2020-08-22,2020,34,33,18.0,422.0,119.0,25.0,11.0,0.0,37.0,0,32.0,29.0,45.0,13.0,450.0,449.0,437.0,388.0,132.0,131.0,129.0,111.0,26.25,6.020797289396148,439.0,13.241349377360763
UT,2020-08-29,2020,35,34,11.0,377.0,111.0,19.0,11.0,0.0,24.0,0,18.0,32.0,26.0,22.0,422.0,450.0,435.0,438.0,119.0,132.0,124.0,125.0,22.5,9.746794344808963,424.5,34.219877264537324
UT,2020-09-05,2020,36,35,19.0,367.0,104.0,30.0,11.0,0.0,38.0,0,11.0,18.0,29.0,36.0,377.0,422.0,449.0,407.0,111.0,119.0,131.0,120.0,20.0,8.755950357709132,404.0,38.893015654056256
UT,2020-09-12,2020,37,36,12.0,382.0,112.0,24.0,11.0,0.0,31.0,0,19.0,11.0,32.0,30.0,367.0,377.0,450.0,435.0,104.0,111.0,132.0,121.0,15.0,4.08248290463863,387.0,24.152294576982367
UT,2020-09-19,2020,38,37,17.0,400.0,113.0,21.0,11.0,0.0,26.0,0,12.0,19.0,18.0,45.0,382.0,367.0,422.0,437.0,112.0,104.0,119.0,129.0,14.75,3.8622100754188224,381.5,13.820274961085195
UT,2020-09-26,2020,39,38,24.0,440.0,123.0,19.0,11.0,0.0,37.0,0,17.0,12.0,11.0,26.0,400.0,382.0,377.0,435.0,113.0,112.0,111.0,124.0,18.0,4.96655480858378,397.25,31.531730050855096
UT,2020-10-03,2020,40,39,29.0,393.0,112.0,41.0,14.0,0.0,56.0,0,24.0,17.0,19.0,29.0,440.0,400.0,367.0,449.0,123.0,113.0,104.0,131.0,20.5,7.505553499465135,403.75,25.276800957927115
UT,2020-10-10,2020,41,40,45.0,443.0,121.0,36.0,20.0,0.0,61.0,0,29.0,24.0,12.0,32.0,393.0,440.0,382.0,450.0,112.0,123.0,112.0,132.0,28.75,11.89887949906769,419.0,26.166135875720457
UT,2020-10-17,2020,42,41,37.0,424.0,114.0,32.0,18.0,0.0,52.0,0,45.0,29.0,17.0,18.0,443.0,393.0,400.0,422.0,121.0,112.0,113.0,119.0,33.75,9.215023964519391,425.0,22.90560339014594
UT,2020-10-24,2020,43,42,38.0,442.0,124.0,37.0,18.0,0.0,57.0,0,37.0,45.0,24.0,11.0,424.0,443.0,440.0,377.0,114.0,121.0,123.0,111.0,37.25,6.55108133567785,425.5,23.359509127262612
UT,2020-10-31,2020,44,43,56.0,460.0,125.0,42.0,29.0,0.0,69.0,0,38.0,37.0,29.0,19.0,442.0,424.0,393.0,367.0,124.0,114.0,112.0,104.0,44.0,8.755950357709132,442.25,14.705441169852705
UT,2020-11-07,2020,45,44,74.0,453.0,128.0,51.0,34.0,0.0,91.0,0,56.0,38.0,45.0,12.0,460.0,442.0,443.0,382.0,125.0,124.0,121.0,112.0,51.25,17.5,444.75,15.69235482647518
UT,2020-11-14,2020,46,45,82.0,482.0,137.0,45.0,27.0,0.0,100.0,1,74.0,56.0,37.0,17.0,453.0,460.0,424.0,400.0,128.0,125.0,114.0,113.0,62.5,19.621416870348583,459.25,16.87947471536556
UT,2020-11-21,2020,47,46,115.0,544.0,140.0,73.0,49.0,0.0,139.0,1,82.0,74.0,38.0,24.0,482.0,453.0,442.0,440.0,137.0,128.0,124.0,123.0,81.75,24.689741459426692,484.75,41.38739743770638
UT,2020-11-28,2020,48,47,119.0,487.0,130.0,60.0,50.0,0.0,129.0,1,115.0,82.0,56.0,29.0,544.0,482.0,460.0,393.0,140.0,137.0,125.0,112.0,97.5,22.810816147900834,491.5,38.07448839665039
UT,2020-12-05,2020,49,48,132.0,538.0,145.0,79.0,54.0,0.0,157.0,1,119.0,115.0,74.0,45.0,487.0,544.0,453.0,443.0,130.0,140.0,128.0,121.0,112.0,21.275964529643932,512.75,32.775753233144755
UT,2020-12-12,2020,50,49,137.0,552.0,153.0,79.0,60.0,0.0,156.0,1,132.0,119.0,82.0,37.0,538.0,487.0,482.0,424.0,145.0,130.0,137.0,114.0,125.75,10.43631480296885,530.25,29.39812919217818
UT,2020-12-19,2020,51,50,128.0,545.0,147.0,91.0,72.0,0.0,147.0,1,137.0,132.0,115.0,38.0,552.0,538.0,544.0,442.0,153.0,145.0,140.0,124.0,129.0,7.615773105863911,530.5,29.557852876463567
UT,2020-12-26,2020,52,51,104.0,502.0,128.0,58.0,37.0,0.0,125.0,1,128.0,137.0,119.0,56.0,545.0,552.0,487.0,460.0,147.0,153.0,130.0,125.0,125.25,14.63728116830445,534.25,22.246722605064
UT,2021-01-02,2021,53,52,101.0,486.0,124.0,57.0,39.0,0.0,119.0,1,104.0,128.0,132.0,74.0,502.0,545.0,538.0,453.0,128.0,147.0,145.0,128.0,117.5,17.74823934929885,521.25,32.26324017619225
UT,2021-01-09,2021,1,53,114.0,533.0,128.0,71.0,55.0,0.0,130.0,1,101.0,104.0,137.0,82.0,486.0,502.0,552.0,482.0,124.0,128.0,153.0,137.0,111.75,12.175795661885925,516.5,27.233557730613633
UT,2021-01-16,2021,2,54,106.0,484.0,122.0,77.0,58.0,0.0,125.0,1,114.0,101.0,128.0,115.0,533.0,486.0,545.0,544.0,128.0,124.0,147.0,140.0,106.25,5.56027577253743,501.25,22.647663602823705
UT,2021-01-23,2021,3,55,107.0,497.0,132.0,76.0,60.0,0.0,123.0,1,106.0,114.0,104.0,119.0,484.0,533.0,502.0,487.0,122.0,128.0,128.0,130.0,107.0,5.354126134736341,500.0,22.730302828309735
UT,2021-01-30,2021,4,56,79.0,502.0,126.0,59.0,38.0,0.0,100.0,1,107.0,106.0,101.0,132.0,497.0,484.0,486.0,538.0,132.0,122.0,124.0,145.0,101.5,15.416441439796237,504.0,20.76856599126026
UT,2021-02-06,2021,5,57,59.0,466.0,126.0,51.0,29.0,0.0,81.0,0,79.0,107.0,114.0,137.0,502.0,497.0,533.0,552.0,126.0,132.0,128.0,153.0,87.75,23.142673426666448,487.25,16.070158679988154
UT,2021-02-13,2021,6,58,46.0,450.0,116.0,40.0,21.0,0.0,65.0,0,59.0,79.0,106.0,128.0,466.0,502.0,484.0,545.0,126.0,126.0,122.0,147.0,72.75,26.562818625539975,478.75,24.91819950691994
UT,2021-02-20,2021,7,59,34.0,428.0,117.0,27.0,18.0,0.0,43.0,0,46.0,59.0,107.0,104.0,450.0,466.0,497.0,502.0,116.0,126.0,132.0,128.0,54.5,19.261360284258224,461.5,31.171568242016082
UT,2021-02-27,2021,8,60,37.0,379.0,98.0,29.0,18.0,0.0,48.0,0,34.0,46.0,79.0,101.0,428.0,450.0,502.0,486.0,117.0,116.0,126.0,124.0,44.0,11.22497216032183,430.75,37.85388575386502
UT,2021-03-06,2021,9,61,34.0,415.0,107.0,32.0,17.0,0.0,49.0,0,37.0,34.0,59.0,114.0,379.0,428.0,466.0,533.0,98.0,117.0,126.0,128.0,37.75,5.678908345800283,418.0,29.743346594938934
UT,2021-03-13,2021,10,62,27.0,411.0,102.0,28.0,14.0,0.0,41.0,0,34.0,37.0,46.0,106.0,415.0,379.0,450.0,484.0,107.0,98.0,116.0,122.0,33.0,4.242640687119299,408.25,20.806649578119618
UT,2021-03-20,2021,11,63,23.0,396.0,107.0,30.0,15.0,0.0,38.0,0,27.0,34.0,34.0,107.0,411.0,415.0,428.0,497.0,102.0,107.0,117.0,132.0,30.25,6.396613687465171,400.25,16.357974609753253
UT,2021-03-27,2021,12,64,14.0,391.0,103.0,21.0,10.0,0.0,25.0,0,23.0,27.0,37.0,79.0,396.0,411.0,379.0,502.0,107.0,102.0,98.0,126.0,24.5,8.346656017032617,403.25,11.557825631723823
UT,2021-04-03,2021,13,65,11.0,403.0,115.0,18.0,11.0,0.0,22.0,0,14.0,23.0,34.0,59.0,391.0,396.0,415.0,466.0,103.0,107.0,107.0,126.0,18.75,7.500000000000007,400.25,8.69386757049658
UT,2021-04-10,2021,14,66,17.0,379.0,106.0,15.0,11.0,0.0,21.0,0,11.0,14.0,27.0,46.0,403.0,391.0,411.0,450.0,115.0,103.0,102.0,116.0,16.25,5.12347538297981,392.25,10.111874208078289
UT,2021-04-17,2021,15,67,12.0,370.0,98.0,15.0,11.0,0.0,23.0,0,17.0,11.0,23.0,34.0,379.0,403.0,396.0,428.0,106.0,115.0,107.0,117.0,13.5,2.6457513110646103,385.75,14.361406616345034
UT,2021-04-24,2021,16,68,22.0,391.0,103.0,28.0,12.0,0.0,38.0,0,12.0,17.0,14.0,37.0,370.0,379.0,391.0,379.0,98.0,106.0,103.0,98.0,15.5,5.066228051190231,385.75,14.361406616345034
UT,2021-05-01,2021,17,69,14.0,427.0,121.0,27.0,11.0,0.0,35.0,0,22.0,12.0,11.0,34.0,391.0,370.0,403.0,415.0,103.0,98.0,115.0,107.0,16.25,4.349329450233308,391.75,25.024987512484376
UT,2021-05-08,2021,18,70,11.0,385.0,108.0,26.0,11.0,0.0,29.0,0,14.0,22.0,17.0,27.0,427.0,391.0,379.0,411.0,121.0,103.0,106.0,102.0,14.75,4.991659710623989,393.25,24.17126393054362
UT,2021-05-15,2021,19,71,11.0,380.0,105.0,10.0,11.0,0.0,19.0,0,11.0,14.0,12.0,23.0,385.0,427.0,370.0,396.0,108.0,121.0,98.0,107.0,14.5,5.196152422706642,395.75,21.31314148594709
UT,2021-05-22,2021,20,72,20.0,406.0,114.0,25.0,13.0,0.0,32.0,0,11.0,11.0,22.0,14.0,380.0,385.0,391.0,391.0,105.0,108.0,103.0,103.0,14.0,4.242640687119297,399.5,21.51743479134999
UT,2021-05-29,2021,21,73,16.0,434.0,116.0,20.0,11.0,0.0,32.0,0,20.0,11.0,14.0,11.0,406.0,380.0,427.0,403.0,114.0,105.0,121.0,115.0,14.5,4.3588989435406855,401.25,24.56793302932366
UT,2021-06-05,2021,22,74,10.0,393.0,112.0,25.0,11.0,0.0,30.0,0,16.0,20.0,11.0,17.0,434.0,406.0,385.0,379.0,116.0,114.0,108.0,106.0,14.25,4.645786621588796,403.25,23.084987907007136
UT,2021-06-12,2021,23,75,13.0,387.0,105.0,20.0,11.0,0.0,28.0,0,10.0,16.0,11.0,12.0,393.0,434.0,380.0,370.0,112.0,116.0,105.0,98.0,14.75,4.272001872658778,405.0,20.896570691543282
UT,2021-06-19,2021,24,76,14.0,416.0,117.0,15.0,11.0,0.0,21.0,0,13.0,10.0,20.0,22.0,387.0,393.0,406.0,391.0,105.0,112.0,114.0,103.0,13.25,2.500000000000021,407.5,21.64101045083922
UT,2021-06-26,2021,25,77,24.0,420.0,121.0,23.0,11.0,0.0,36.0,0,14.0,13.0,16.0,14.0,416.0,387.0,434.0,427.0,117.0,105.0,116.0,121.0,15.25,6.07590871118607,404.0,16.431676725154954
UT,2021-07-03,2021,26,78,16.0,419.0,120.0,23.0,11.0,0.0,31.0,0,24.0,14.0,10.0,11.0,420.0,416.0,393.0,385.0,121.0,117.0,112.0,108.0,16.75,4.991659710623989,410.5,15.758595538097053
UT,2021-07-10,2021,27,79,25.0,434.0,124.0,23.0,15.0,0.0,33.0,0,16.0,24.0,13.0,11.0,419.0,420.0,387.0,380.0,120.0,121.0,105.0,105.0,19.75,5.560275772537435,422.25,8.01560977094065
UT,2021-07-17,2021,28,80,18.0,384.0,113.0,22.0,11.0,0.0,29.0,0,25.0,16.0,14.0,20.0,434.0,419.0,416.0,406.0,124.0,120.0,117.0,114.0,20.75,4.42530601578393,414.25,21.297495940446435
UT,2021-07-24,2021,29,81,28.0,446.0,124.0,27.0,14.0,0.0,41.0,0,18.0,25.0,24.0,16.0,384.0,434.0,420.0,434.0,113.0,124.0,121.0,116.0,21.75,5.6789083458002825,420.75,26.87470930075336
UT,2021-07-31,2021,30,82,38.0,447.0,132.0,28.0,17.0,0.0,49.0,0,28.0,18.0,16.0,10.0,446.0,384.0,419.0,393.0,124.0,113.0,120.0,112.0,27.25,8.301606270274853,427.75,29.758752213984586
UT,2021-08-07,2021,31,83,46.0,459.0,131.0,37.0,18.0,0.0,65.0,0,38.0,28.0,25.0,13.0,447.0,446.0,434.0,387.0,132.0,124.0,124.0,105.0,32.5,12.151817422372128,434.0,33.852621759621506
UT,2021-08-14,2021,32,84,46.0,438.0,128.0,49.0,32.0,0.0,64.0,0,46.0,38.0,18.0,14.0,459.0,447.0,384.0,416.0,131.0,132.0,113.0,117.0,39.5,8.544003745317536,447.5,8.660254037844329
UT,2021-08-21,2021,33,85,63.0,463.0,136.0,53.0,33.0,0.0,83.0,0,46.0,46.0,28.0,24.0,438.0,459.0,446.0,420.0,128.0,131.0,124.0,121.0,48.25,10.531698185319723,451.75,11.412712210513282
UT,2021-08-28,2021,34,86,63.0,459.0,130.0,41.0,29.0,0.0,75.0,0,63.0,46.0,38.0,16.0,463.0,438.0,447.0,419.0,136.0,128.0,132.0,120.0,54.5,9.814954576223641,454.75,11.324751652906082
UT,2021-09-04,2021,35,87,72.0,498.0,146.0,50.0,38.0,0.0,84.0,0,63.0,63.0,46.0,25.0,459.0,463.0,459.0,434.0,130.0,136.0,131.0,124.0,61.0,10.862780491200219,464.5,24.87971060924944
UT,2021-09-11,2021,36,88,72.0,483.0,137.0,54.0,35.0,0.0,91.0,0,72.0,63.0,46.0,18.0,498.0,459.0,438.0,384.0,146.0,130.0,128.0,113.0,67.5,5.196152422706637,475.75,18.172781845386233
UT,2021-09-18,2021,37,89,84.0,479.0,141.0,63.0,47.0,0.0,100.0,1,72.0,72.0,63.0,28.0,483.0,498.0,463.0,446.0,137.0,146.0,136.0,124.0,72.75,8.616843969807046,479.75,16.070158679988182
UT,2021-09-25,2021,38,90,94.0,506.0,143.0,74.0,61.0,0.0,107.0,1,84.0,72.0,63.0,38.0,479.0,483.0,459.0,447.0,141.0,137.0,130.0,132.0,80.5,10.630145812734652,491.5,12.662279942148356
UT,2021-10-02,2021,39,91,75.0,495.0,138.0,65.0,47.0,0.0,93.0,0,94.0,84.0,72.0,46.0,506.0,479.0,498.0,459.0,143.0,141.0,146.0,131.0,81.25,9.912113800799508,490.75,12.230426539304856
UT,2021-10-09,2021,40,92,94.0,489.0,140.0,67.0,47.0,0.0,114.0,1,75.0,94.0,72.0,46.0,495.0,506.0,483.0,438.0,138.0,143.0,137.0,128.0,86.75,9.142392101268323,492.25,11.295279249904917
UT,2021-10-16,2021,41,93,94.0,503.0,137.0,73.0,48.0,0.0,119.0,1,94.0,75.0,84.0,63.0,489.0,495.0,479.0,463.0,140.0,138.0,141.0,136.0,89.25,9.500000000000004,498.25,7.719024117939551
UT,2021-10-23,2021,42,94,63.0,473.0,127.0,50.0,34.0,0.0,80.0,0,94.0,94.0,94.0,63.0,503.0,489.0,506.0,459.0,137.0,140.0,143.0,130.0,81.5,15.242484486898238,490.0,12.701705922171739
UT,2021-10-30,2021,43,95,112.0,570.0,160.0,86.0,63.0,0.0,135.0,1,63.0,94.0,75.0,72.0,473.0,503.0,495.0,498.0,127.0,137.0,138.0,146.0,90.75,20.35313243704762,508.75,42.6331248366025
UT,2021-11-06,2021,44,96,101.0,529.0,144.0,70.0,57.0,0.0,114.0,1,112.0,63.0,94.0,72.0,570.0,473.0,489.0,483.0,160.0,127.0,140.0,137.0,92.5,21.01586702153082,518.75,41.12075712662239
UT,2021-11-13,2021,45,97,80.0,492.0,139.0,73.0,49.0,0.0,104.0,1,101.0,112.0,94.0,84.0,529.0,570.0,503.0,479.0,144.0,160.0,137.0,141.0,89.0,21.832697191750423,516.0,42.85634919900045
UT,2021-11-20,2021,46,98,83.0,486.0,138.0,61.0,50.0,0.0,94.0,1,80.0,101.0,63.0,94.0,492.0,529.0,473.0,506.0,139.0,144.0,127.0,143.0,94.0,15.165750888103101,519.25,38.81043674065005
UT,2021-11-27,2021,47,99,70.0,474.0,122.0,61.0,41.0,0.0,90.0,0,83.0,80.0,112.0,75.0,486.0,492.0,570.0,495.0,138.0,139.0,160.0,138.0,83.5,12.922847983320086,495.25,23.71181140275873
UT,2021-12-04,2021,48,100,88.0,510.0,136.0,66.0,44.0,0.0,110.0,1,70.0,83.0,101.0,94.0,474.0,486.0,529.0,489.0,122.0,138.0,144.0,140.0,80.25,7.588368291888143,490.5,14.999999999999964
UT,2021-12-11,2021,49,101,67.0,513.0,138.0,64.0,39.0,0.0,92.0,0,88.0,70.0,80.0,94.0,510.0,474.0,492.0,503.0,136.0,122.0,139.0,137.0,77.0,10.09950493836208,495.75,18.874586088176844
UT,2021-12-18,2021,50,102,79.0,488.0,136.0,79.0,52.0,0.0,106.0,1,67.0,88.0,83.0,63.0,513.0,510.0,486.0,473.0,138.0,136.0,138.0,127.0,76.0,9.48683298050514,496.25,18.553975315279445
UT,2021-12-25,2021,51,103,53.0,493.0,133.0,57.0,33.0,0.0,77.0,0,79.0,67.0,70.0,112.0,488.0,513.0,474.0,570.0,136.0,138.0,122.0,160.0,71.75,15.173990905493518,501.0,12.355835328567046
VA,2020-02-29,2020,9,8,0.0,342.0,99.0,66.0,0.0,17.0,83.0,0,0.0,0.0,0.0,0.0,342.0,342.0,342.0,342.0,103.0,99.0,105.0,101.0,0.0,0.0,342.0,0.0
VA,2020-03-07,2020,10,9,0.0,342.0,108.0,72.0,0.0,0.0,80.0,0,0.0,0.0,0.0,0.0,342.0,342.0,342.0,342.0,99.0,103.0,104.0,108.0,0.0,0.0,342.0,0.0
VA,2020-03-14,2020,11,10,51.0,342.0,106.0,65.0,0.0,18.0,84.0,0,0.0,0.0,0.0,0.0,342.0,342.0,342.0,342.0,108.0,99.0,99.0,102.0,12.75,25.5,342.0,0.0
VA,2020-03-21,2020,12,11,51.0,342.0,104.0,73.0,26.0,0.0,84.0,0,51.0,0.0,0.0,0.0,342.0,342.0,342.0,342.0,106.0,108.0,103.0,105.0,25.5,29.444863728670914,342.0,0.0
VA,2020-03-28,2020,13,12,28.0,342.0,112.0,102.0,26.0,0.0,133.0,0,51.0,51.0,0.0,0.0,342.0,342.0,342.0,342.0,104.0,106.0,99.0,105.0,32.5,24.228082879171435,342.0,0.0
VA,2020-04-04,2020,14,13,67.0,342.0,108.0,109.0,28.0,0.0,154.0,0,28.0,51.0,0.0,0.0,342.0,342.0,342.0,342.0,112.0,104.0,108.0,104.0,49.25,16.04940289647354,342.0,0.0
VA,2020-04-11,2020,15,14,115.0,342.0,120.0,136.0,35.0,0.0,219.0,0,67.0,28.0,51.0,0.0,342.0,342.0,342.0,342.0,108.0,112.0,106.0,99.0,65.25,36.82729965664059,342.0,0.0
VA,2020-04-18,2020,16,15,196.0,342.0,123.0,142.0,73.0,0.0,267.0,0,115.0,67.0,51.0,0.0,342.0,342.0,342.0,342.0,120.0,108.0,104.0,103.0,101.5,72.35329985563892,342.0,0.0
VA,2020-04-25,2020,17,16,222.0,342.0,128.0,130.0,66.0,0.0,287.0,0,196.0,115.0,28.0,0.0,342.0,342.0,342.0,342.0,123.0,120.0,112.0,99.0,150.0,71.6798437498297,342.0,0.0
VA,2020-05-02,2020,18,17,251.0,342.0,130.0,163.0,101.0,0.0,315.0,0,222.0,196.0,67.0,0.0,342.0,342.0,342.0,342.0,128.0,123.0,108.0,108.0,196.0,58.48646567084275,342.0,0.0
VA,2020-05-09,2020,19,18,238.0,342.0,126.0,117.0,66.0,0.0,291.0,0,251.0,222.0,115.0,51.0,342.0,342.0,342.0,342.0,130.0,128.0,120.0,106.0,226.75,23.683679331275098,342.0,0.0
VA,2020-05-16,2020,20,19,200.0,342.0,126.0,107.0,61.0,0.0,246.0,0,238.0,251.0,196.0,51.0,342.0,342.0,342.0,342.0,126.0,130.0,123.0,104.0,227.75,21.975364995072717,342.0,0.0
VA,2020-05-23,2020,21,20,170.0,342.0,118.0,102.0,59.0,0.0,213.0,0,200.0,238.0,222.0,28.0,342.0,342.0,342.0,342.0,126.0,126.0,128.0,112.0,214.75,36.85444342274077,342.0,0.0
VA,2020-05-30,2020,22,21,160.0,342.0,113.0,98.0,49.0,0.0,210.0,0,170.0,200.0,251.0,67.0,342.0,342.0,342.0,342.0,118.0,126.0,130.0,108.0,192.0,35.06185011281256,342.0,0.0
VA,2020-06-06,2020,23,22,105.0,342.0,112.0,90.0,37.0,0.0,158.0,0,160.0,170.0,238.0,115.0,342.0,342.0,342.0,342.0,113.0,118.0,126.0,120.0,158.75,39.66001344763598,342.0,0.0
VA,2020-06-13,2020,24,23,110.0,342.0,112.0,105.0,45.0,0.0,170.0,0,105.0,160.0,200.0,196.0,342.0,342.0,342.0,342.0,112.0,113.0,126.0,123.0,136.25,33.509948771471834,342.0,0.0
VA,2020-06-20,2020,25,24,88.0,342.0,105.0,75.0,33.0,0.0,130.0,0,110.0,105.0,170.0,222.0,342.0,342.0,342.0,342.0,112.0,112.0,118.0,128.0,115.75,30.966379618332308,342.0,0.0
VA,2020-06-27,2020,26,25,79.0,342.0,119.0,60.0,21.0,0.0,118.0,0,88.0,110.0,160.0,251.0,342.0,342.0,342.0,342.0,105.0,112.0,113.0,130.0,95.5,14.479871085982314,342.0,0.0
VA,2020-07-04,2020,27,26,56.0,342.0,113.0,64.0,21.0,0.0,99.0,0,79.0,88.0,105.0,238.0,342.0,342.0,342.0,342.0,119.0,105.0,112.0,126.0,83.25,22.351360883251232,342.0,0.0
VA,2020-07-11,2020,28,27,66.0,342.0,118.0,75.0,29.0,0.0,112.0,0,56.0,79.0,110.0,200.0,342.0,342.0,342.0,342.0,113.0,119.0,112.0,126.0,72.25,14.103781998693348,342.0,0.0
VA,2020-07-18,2020,29,28,97.0,342.0,114.0,99.0,34.0,0.0,163.0,0,66.0,56.0,88.0,170.0,342.0,342.0,342.0,342.0,118.0,113.0,105.0,118.0,74.5,17.71063710504697,342.0,0.0
VA,2020-07-25,2020,30,29,90.0,342.0,121.0,84.0,37.0,0.0,137.0,0,97.0,66.0,79.0,160.0,342.0,342.0,342.0,342.0,114.0,118.0,119.0,113.0,77.25,19.414341777836984,342.0,0.0
VA,2020-08-01,2020,31,30,106.0,342.0,119.0,91.0,41.0,0.0,157.0,0,90.0,97.0,56.0,105.0,342.0,342.0,342.0,342.0,121.0,114.0,113.0,112.0,89.75,17.134273644754632,342.0,0.0
VA,2020-08-08,2020,32,31,91.0,342.0,120.0,83.0,35.0,0.0,139.0,0,106.0,90.0,66.0,110.0,342.0,342.0,342.0,342.0,119.0,121.0,118.0,112.0,96.0,7.348469228349524,342.0,0.0
VA,2020-08-15,2020,33,32,102.0,342.0,119.0,95.0,38.0,0.0,159.0,0,91.0,106.0,97.0,88.0,342.0,342.0,342.0,342.0,120.0,119.0,114.0,105.0,97.25,7.973915809270448,342.0,0.0
VA,2020-08-22,2020,34,33,125.0,342.0,118.0,96.0,56.0,0.0,165.0,0,102.0,91.0,90.0,79.0,342.0,342.0,342.0,342.0,119.0,120.0,121.0,119.0,106.0,14.165686240583845,342.0,0.0
VA,2020-08-29,2020,35,34,111.0,342.0,117.0,115.0,57.0,0.0,169.0,0,125.0,102.0,106.0,56.0,342.0,342.0,342.0,342.0,118.0,119.0,119.0,113.0,107.25,14.384598244882145,342.0,0.0
VA,2020-09-05,2020,36,35,123.0,342.0,121.0,106.0,47.0,0.0,182.0,0,111.0,125.0,91.0,66.0,342.0,342.0,342.0,342.0,117.0,118.0,120.0,118.0,115.25,10.781929326423901,342.0,0.0
VA,2020-09-12,2020,37,36,118.0,342.0,119.0,91.0,38.0,0.0,172.0,0,123.0,111.0,102.0,97.0,342.0,342.0,342.0,342.0,121.0,117.0,119.0,114.0,119.25,6.238322424070947,342.0,0.0
VA,2020-09-19,2020,38,37,118.0,342.0,114.0,96.0,46.0,0.0,168.0,0,118.0,123.0,125.0,90.0,342.0,342.0,342.0,342.0,119.0,121.0,118.0,121.0,117.5,4.932882862316221,342.0,0.0
VA,2020-09-26,2020,39,38,90.0,342.0,117.0,74.0,36.0,0.0,128.0,0,118.0,118.0,111.0,106.0,342.0,342.0,342.0,342.0,114.0,119.0,117.0,119.0,112.25,15.019431857874421,342.0,0.0
VA,2020-10-03,2020,40,39,93.0,342.0,120.0,97.0,41.0,0.0,149.0,0,90.0,118.0,123.0,91.0,342.0,342.0,342.0,342.0,117.0,114.0,121.0,120.0,104.75,15.348724159790388,342.0,0.0
VA,2020-10-10,2020,41,40,96.0,342.0,117.0,98.0,41.0,0.0,153.0,0,93.0,90.0,118.0,102.0,342.0,342.0,342.0,342.0,120.0,117.0,119.0,119.0,99.25,12.73773920285699,342.0,0.0
VA,2020-10-17,2020,42,41,104.0,342.0,110.0,98.0,41.0,0.0,161.0,0,96.0,93.0,118.0,125.0,342.0,342.0,342.0,342.0,117.0,120.0,114.0,118.0,95.75,6.020797289396131,342.0,0.0
VA,2020-10-24,2020,43,42,121.0,342.0,115.0,83.0,40.0,0.0,164.0,0,104.0,96.0,90.0,111.0,342.0,342.0,342.0,342.0,110.0,117.0,117.0,117.0,103.5,12.5565388012249,342.0,0.0
VA,2020-10-31,2020,44,43,124.0,342.0,116.0,118.0,56.0,0.0,186.0,0,121.0,104.0,93.0,123.0,342.0,342.0,342.0,342.0,115.0,110.0,120.0,121.0,111.25,13.450526631573442,342.0,0.0
VA,2020-11-07,2020,45,44,134.0,342.0,128.0,113.0,43.0,0.0,204.0,0,124.0,121.0,96.0,118.0,342.0,342.0,342.0,342.0,116.0,115.0,117.0,119.0,120.75,12.473304828045098,342.0,0.0
VA,2020-11-14,2020,46,45,136.0,342.0,116.0,108.0,60.0,0.0,185.0,0,134.0,124.0,104.0,118.0,342.0,342.0,342.0,342.0,128.0,116.0,110.0,114.0,128.75,7.3654599313281075,342.0,0.0
VA,2020-11-21,2020,47,46,187.0,342.0,122.0,132.0,79.0,0.0,241.0,0,136.0,134.0,121.0,90.0,342.0,342.0,342.0,342.0,116.0,128.0,115.0,117.0,145.25,28.324018076537087,342.0,0.0
VA,2020-11-28,2020,48,47,221.0,342.0,116.0,143.0,91.0,0.0,273.0,0,187.0,136.0,124.0,93.0,342.0,342.0,342.0,342.0,122.0,116.0,116.0,120.0,169.5,42.19399641339195,342.0,0.0
VA,2020-12-05,2020,49,48,241.0,342.0,119.0,161.0,104.0,0.0,298.0,0,221.0,187.0,134.0,96.0,342.0,342.0,342.0,342.0,116.0,122.0,128.0,117.0,196.25,45.937457482973514,342.0,0.0
VA,2020-12-12,2020,50,49,307.0,342.0,128.0,191.0,128.0,0.0,370.0,1,241.0,221.0,136.0,104.0,342.0,342.0,342.0,342.0,119.0,116.0,116.0,110.0,239.0,50.51732376126034,342.0,0.0
VA,2020-12-19,2020,51,50,364.0,342.0,131.0,214.0,158.0,0.0,420.0,1,307.0,241.0,187.0,121.0,342.0,342.0,342.0,342.0,128.0,119.0,122.0,115.0,283.25,65.17860078277225,342.0,0.0
VA,2020-12-26,2020,52,51,384.0,342.0,135.0,213.0,160.0,0.0,437.0,1,364.0,307.0,221.0,124.0,342.0,342.0,342.0,342.0,131.0,128.0,116.0,116.0,324.0,64.2339474110069,342.0,0.0
VA,2021-01-02,2021,53,52,453.0,342.0,144.0,277.0,190.0,0.0,540.0,1,384.0,364.0,241.0,134.0,342.0,342.0,342.0,342.0,135.0,131.0,119.0,128.0,377.0,60.26054541184748,342.0,0.0
VA,2021-01-09,2021,1,53,516.0,342.0,141.0,294.0,223.0,0.0,587.0,1,453.0,384.0,307.0,136.0,342.0,342.0,342.0,342.0,144.0,135.0,128.0,116.0,429.25,69.26940161427699,342.0,0.0
VA,2021-01-16,2021,2,54,551.0,342.0,142.0,321.0,247.0,0.0,625.0,1,516.0,453.0,364.0,187.0,342.0,342.0,342.0,342.0,141.0,144.0,131.0,122.0,476.0,73.5255057786072,342.0,0.0
VA,2021-01-23,2021,3,55,552.0,342.0,147.0,302.0,225.0,0.0,629.0,1,551.0,516.0,384.0,221.0,342.0,342.0,342.0,342.0,142.0,141.0,135.0,116.0,518.0,46.45427859734773,342.0,0.0
VA,2021-01-30,2021,4,56,499.0,342.0,140.0,274.0,208.0,0.0,567.0,1,552.0,551.0,453.0,241.0,342.0,342.0,342.0,342.0,147.0,142.0,144.0,119.0,529.5,26.337552404630664,342.0,0.0
VA,2021-02-06,2021,5,57,438.0,342.0,142.0,253.0,196.0,0.0,496.0,1,499.0,552.0,516.0,307.0,342.0,342.0,342.0,342.0,140.0,147.0,141.0,128.0,510.0,54.00617248673217,342.0,0.0
VA,2021-02-13,2021,6,58,341.0,342.0,123.0,225.0,156.0,0.0,410.0,1,438.0,499.0,551.0,364.0,342.0,342.0,342.0,342.0,142.0,140.0,142.0,131.0,457.5,90.56305354098141,342.0,0.0
VA,2021-02-20,2021,7,59,279.0,342.0,125.0,209.0,131.0,0.0,357.0,1,341.0,438.0,552.0,384.0,342.0,342.0,342.0,342.0,123.0,142.0,147.0,135.0,389.25,98.1576113537135,342.0,0.0
VA,2021-02-27,2021,8,60,232.0,342.0,123.0,154.0,95.0,0.0,291.0,0,279.0,341.0,499.0,453.0,342.0,342.0,342.0,342.0,125.0,123.0,140.0,144.0,322.5,89.0037452395497,342.0,0.0
VA,2021-03-06,2021,9,61,153.0,342.0,113.0,121.0,70.0,0.0,204.0,0,232.0,279.0,438.0,516.0,342.0,342.0,342.0,342.0,123.0,125.0,142.0,141.0,251.25,79.26485139496994,342.0,0.0
VA,2021-03-13,2021,10,62,147.0,342.0,113.0,100.0,69.0,0.0,178.0,0,153.0,232.0,341.0,551.0,342.0,342.0,342.0,342.0,113.0,123.0,123.0,142.0,202.75,63.90813719707374,342.0,0.0
VA,2021-03-20,2021,11,63,135.0,342.0,112.0,110.0,55.0,0.0,190.0,0,147.0,153.0,279.0,552.0,342.0,342.0,342.0,342.0,113.0,113.0,125.0,147.0,166.75,44.138985035906764,342.0,0.0
VA,2021-03-27,2021,12,64,124.0,342.0,110.0,126.0,58.0,0.0,192.0,0,135.0,147.0,232.0,499.0,342.0,342.0,342.0,342.0,112.0,113.0,123.0,140.0,139.75,12.893796958227663,342.0,0.0
VA,2021-04-03,2021,13,65,93.0,342.0,101.0,90.0,40.0,0.0,143.0,0,124.0,135.0,153.0,438.0,342.0,342.0,342.0,342.0,110.0,112.0,113.0,142.0,124.75,23.157072353818844,342.0,0.0
VA,2021-04-10,2021,14,66,121.0,342.0,116.0,112.0,62.0,0.0,171.0,0,93.0,124.0,147.0,341.0,342.0,342.0,342.0,342.0,101.0,110.0,113.0,123.0,118.25,17.876893839068753,342.0,0.0
VA,2021-04-17,2021,15,67,105.0,342.0,106.0,111.0,55.0,0.0,161.0,0,121.0,93.0,135.0,279.0,342.0,342.0,342.0,342.0,116.0,101.0,112.0,125.0,110.75,14.47699324215268,342.0,0.0
VA,2021-04-24,2021,16,68,119.0,342.0,114.0,116.0,56.0,0.0,180.0,0,105.0,121.0,124.0,232.0,342.0,342.0,342.0,342.0,106.0,116.0,110.0,123.0,109.5,13.102162671355739,342.0,0.0
VA,2021-05-01,2021,17,69,121.0,342.0,117.0,105.0,55.0,0.0,171.0,0,119.0,105.0,93.0,153.0,342.0,342.0,342.0,342.0,114.0,106.0,101.0,113.0,116.5,7.724420150837714,342.0,0.0
VA,2021-05-08,2021,18,70,95.0,342.0,115.0,97.0,45.0,0.0,147.0,0,121.0,119.0,121.0,147.0,342.0,342.0,342.0,342.0,117.0,114.0,116.0,113.0,110.0,12.27463509301469,342.0,0.0
VA,2021-05-15,2021,19,71,86.0,342.0,116.0,91.0,43.0,0.0,134.0,0,95.0,121.0,105.0,135.0,342.0,342.0,342.0,342.0,115.0,117.0,106.0,112.0,105.25,17.442763542512438,342.0,0.0
VA,2021-05-22,2021,20,72,74.0,342.0,113.0,70.0,26.0,0.0,118.0,0,86.0,95.0,119.0,124.0,342.0,342.0,342.0,342.0,116.0,115.0,114.0,110.0,94.0,19.949937343260032,342.0,0.0
VA,2021-05-29,2021,21,73,56.0,342.0,115.0,82.0,29.0,0.0,109.0,0,74.0,86.0,121.0,93.0,342.0,342.0,342.0,342.0,113.0,116.0,117.0,101.0,77.75,16.859715300087398,342.0,0.0
VA,2021-06-05,2021,22,74,47.0,342.0,112.0,73.0,23.0,0.0,97.0,0,56.0,74.0,95.0,121.0,342.0,342.0,342.0,342.0,115.0,113.0,115.0,116.0,65.75,17.55704986607947,342.0,0.0
VA,2021-06-12,2021,23,75,42.0,342.0,110.0,64.0,23.0,0.0,83.0,0,47.0,56.0,86.0,105.0,342.0,342.0,342.0,342.0,112.0,115.0,116.0,106.0,54.75,14.080127840328764,342.0,0.0
VA,2021-06-19,2021,24,76,34.0,342.0,105.0,62.0,15.0,0.0,81.0,0,42.0,47.0,74.0,119.0,342.0,342.0,342.0,342.0,110.0,112.0,113.0,114.0,44.75,9.215023964519455,342.0,0.0
VA,2021-06-26,2021,25,77,37.0,342.0,111.0,72.0,11.0,0.0,98.0,0,34.0,42.0,56.0,121.0,342.0,342.0,342.0,342.0,105.0,110.0,115.0,117.0,40.0,5.715476066494184,342.0,0.0
VA,2021-07-03,2021,26,78,25.0,342.0,116.0,73.0,18.0,0.0,80.0,0,37.0,34.0,47.0,95.0,342.0,342.0,342.0,342.0,111.0,105.0,112.0,115.0,34.5,7.141428428542931,342.0,0.0
VA,2021-07-10,2021,27,79,22.0,342.0,110.0,61.0,26.0,0.0,77.0,0,25.0,37.0,42.0,86.0,342.0,342.0,342.0,342.0,116.0,111.0,110.0,116.0,29.5,7.141428428542931,342.0,0.0
VA,2021-07-17,2021,28,80,25.0,342.0,113.0,53.0,26.0,0.0,69.0,0,22.0,25.0,34.0,74.0,342.0,342.0,342.0,342.0,110.0,116.0,105.0,113.0,27.25,6.652067347825122,342.0,0.0
VA,2021-07-24,2021,29,81,17.0,342.0,113.0,58.0,10.0,0.0,65.0,0,25.0,22.0,37.0,56.0,342.0,342.0,342.0,342.0,113.0,110.0,111.0,115.0,22.25,3.774917217635528,342.0,0.0
VA,2021-07-31,2021,30,82,45.0,342.0,123.0,77.0,17.0,0.0,105.0,0,17.0,25.0,25.0,47.0,342.0,342.0,342.0,342.0,113.0,113.0,116.0,112.0,27.25,12.284814474246968,342.0,0.0
VA,2021-08-07,2021,31,83,58.0,342.0,124.0,79.0,28.0,0.0,109.0,0,45.0,17.0,22.0,42.0,342.0,342.0,342.0,342.0,123.0,113.0,110.0,110.0,36.25,18.679311193581732,342.0,0.0
VA,2021-08-14,2021,32,84,84.0,342.0,125.0,88.0,38.0,0.0,134.0,0,58.0,45.0,25.0,34.0,342.0,342.0,342.0,342.0,124.0,123.0,113.0,105.0,51.0,27.86873995477133,342.0,0.0
VA,2021-08-21,2021,33,85,145.0,342.0,131.0,112.0,67.0,0.0,190.0,0,84.0,58.0,17.0,37.0,342.0,342.0,342.0,342.0,125.0,124.0,113.0,111.0,83.0,44.39969969868416,342.0,0.0
VA,2021-08-28,2021,34,86,189.0,342.0,131.0,142.0,90.0,0.0,241.0,0,145.0,84.0,45.0,25.0,342.0,342.0,342.0,342.0,131.0,125.0,123.0,116.0,119.0,59.22274337898688,342.0,0.0
VA,2021-09-04,2021,35,87,214.0,342.0,135.0,149.0,99.0,0.0,265.0,0,189.0,145.0,58.0,22.0,342.0,342.0,342.0,342.0,131.0,131.0,124.0,110.0,158.0,56.985378241557136,342.0,0.0
VA,2021-09-11,2021,36,88,245.0,342.0,134.0,178.0,121.0,0.0,303.0,0,214.0,189.0,84.0,25.0,342.0,342.0,342.0,342.0,135.0,131.0,125.0,113.0,198.25,42.24827412648553,342.0,0.0
VA,2021-09-18,2021,37,89,307.0,342.0,143.0,233.0,174.0,0.0,366.0,1,245.0,214.0,145.0,17.0,342.0,342.0,342.0,342.0,134.0,135.0,131.0,113.0,238.75,50.94032456381356,342.0,0.0
VA,2021-09-25,2021,38,90,328.0,342.0,135.0,244.0,186.0,0.0,386.0,1,307.0,245.0,189.0,45.0,342.0,342.0,342.0,342.0,143.0,134.0,131.0,123.0,273.5,53.056573579529235,342.0,0.0
VA,2021-10-02,2021,39,91,331.0,342.0,141.0,230.0,173.0,0.0,388.0,1,328.0,307.0,214.0,58.0,342.0,342.0,342.0,342.0,135.0,143.0,135.0,124.0,302.75,39.95309750194596,342.0,0.0
VA,2021-10-09,2021,40,92,274.0,342.0,147.0,206.0,139.0,0.0,341.0,0,331.0,328.0,245.0,84.0,342.0,342.0,342.0,342.0,141.0,135.0,134.0,125.0,310.0,26.267851073127407,342.0,0.0
VA,2021-10-16,2021,41,93,247.0,342.0,135.0,201.0,135.0,0.0,313.0,0,274.0,331.0,307.0,145.0,342.0,342.0,342.0,342.0,147.0,141.0,143.0,131.0,295.0,41.35214625627067,342.0,0.0
VA,2021-10-23,2021,42,94,225.0,342.0,128.0,159.0,117.0,0.0,267.0,0,247.0,274.0,328.0,189.0,342.0,342.0,342.0,342.0,135.0,147.0,135.0,131.0,269.25,45.78482281280556,342.0,0.0
VA,2021-10-30,2021,43,95,196.0,342.0,130.0,194.0,121.0,0.0,269.0,0,225.0,247.0,331.0,214.0,342.0,342.0,342.0,342.0,128.0,135.0,141.0,135.0,235.5,33.090784215548595,342.0,0.0
VA,2021-11-06,2021,44,96,173.0,342.0,129.0,132.0,76.0,0.0,229.0,0,196.0,225.0,274.0,245.0,342.0,342.0,342.0,342.0,130.0,128.0,147.0,134.0,210.25,32.448677425538726,342.0,0.0
VA,2021-11-13,2021,45,97,133.0,342.0,135.0,136.0,76.0,0.0,196.0,0,173.0,196.0,247.0,307.0,342.0,342.0,342.0,342.0,129.0,130.0,135.0,143.0,181.75,38.84477656862846,342.0,0.0
VA,2021-11-20,2021,46,98,130.0,342.0,122.0,151.0,76.0,0.0,206.0,0,133.0,173.0,225.0,328.0,342.0,342.0,342.0,342.0,135.0,129.0,128.0,135.0,158.0,32.03123475609394,342.0,0.0
VA,2021-11-27,2021,47,99,132.0,342.0,123.0,124.0,58.0,0.0,198.0,0,130.0,133.0,196.0,331.0,342.0,342.0,342.0,342.0,122.0,135.0,130.0,141.0,142.0,20.704266871026054,342.0,0.0
VA,2021-12-04,2021,48,100,143.0,342.0,127.0,125.0,68.0,0.0,200.0,0,132.0,130.0,173.0,274.0,342.0,342.0,342.0,342.0,123.0,122.0,129.0,147.0,134.5,5.8022983951764235,342.0,0.0
VA,2021-12-11,2021,49,101,195.0,342.0,130.0,166.0,100.0,0.0,261.0,0,143.0,132.0,133.0,247.0,342.0,342.0,342.0,342.0,127.0,123.0,135.0,135.0,150.0,30.53959178945696,342.0,0.0
VA,2021-12-18,2021,50,102,206.0,342.0,125.0,158.0,94.0,0.0,272.0,0,195.0,143.0,130.0,225.0,342.0,342.0,342.0,342.0,130.0,127.0,122.0,128.0,169.0,36.92334401612798,342.0,0.0
VA,2021-12-25,2021,51,103,217.0,342.0,122.0,185.0,118.0,0.0,286.0,0,206.0,195.0,132.0,196.0,342.0,342.0,342.0,342.0,125.0,130.0,123.0,130.0,190.25,32.75540667838925,342.0,0.0
VT,2020-02-29,2020,9,8,0.0,137.0,126.0,13.0,0.0,0.0,14.0,0,0.0,0.0,0.0,0.0,107.0,126.0,96.0,92.0,90.0,108.0,82.0,75.0,0.0,0.0,120.5,13.625955623979797
VT,2020-03-07,2020,10,9,0.0,115.0,90.0,11.0,0.0,0.0,14.0,0,0.0,0.0,0.0,0.0,137.0,107.0,112.0,102.0,126.0,90.0,93.0,82.0,0.0,0.0,121.25,13.073510112692254
VT,2020-03-14,2020,11,10,0.0,140.0,124.0,11.0,0.0,0.0,13.0,0,0.0,0.0,0.0,0.0,115.0,137.0,126.0,125.0,90.0,126.0,108.0,107.0,0.0,0.0,124.75,16.25576820700886
VT,2020-03-21,2020,12,11,0.0,135.0,111.0,10.0,0.0,0.0,13.0,0,0.0,0.0,0.0,0.0,140.0,115.0,107.0,119.0,124.0,90.0,90.0,94.0,0.0,0.0,131.75,11.354147553500736
VT,2020-03-28,2020,13,12,0.0,106.0,90.0,14.0,0.0,0.0,21.0,0,0.0,0.0,0.0,0.0,135.0,140.0,137.0,96.0,111.0,124.0,126.0,82.0,0.0,0.0,124.0,16.145174717749782
VT,2020-04-04,2020,14,13,12.0,130.0,123.0,13.0,0.0,0.0,20.0,1,0.0,0.0,0.0,0.0,106.0,135.0,115.0,112.0,90.0,111.0,90.0,93.0,3.0,6.0,127.75,15.06375340566443
VT,2020-04-11,2020,15,14,0.0,109.0,89.0,11.0,0.0,0.0,12.0,0,12.0,0.0,0.0,0.0,130.0,106.0,140.0,126.0,123.0,90.0,124.0,108.0,3.0,6.0,120.0,14.628738838327797
VT,2020-04-18,2020,16,15,11.0,129.0,111.0,11.0,0.0,0.0,20.0,1,0.0,12.0,0.0,0.0,109.0,130.0,135.0,107.0,89.0,123.0,111.0,90.0,5.75,6.652067347825035,118.5,12.76714533480371
VT,2020-04-25,2020,17,16,11.0,120.0,105.0,11.0,0.0,0.0,17.0,1,11.0,0.0,0.0,0.0,129.0,109.0,106.0,137.0,111.0,89.0,90.0,126.0,8.5,5.686240703077327,122.0,9.763879010584546
VT,2020-05-02,2020,18,17,0.0,109.0,105.0,11.0,0.0,0.0,14.0,0,11.0,11.0,12.0,0.0,120.0,129.0,130.0,115.0,105.0,111.0,123.0,90.0,5.5,6.3508529610858835,116.75,9.673847907287639
VT,2020-05-09,2020,19,18,0.0,112.0,121.0,11.0,0.0,0.0,14.0,0,0.0,11.0,0.0,0.0,109.0,120.0,109.0,140.0,105.0,105.0,89.0,124.0,5.5,6.3508529610858835,117.5,8.962886439832507
VT,2020-05-16,2020,20,19,0.0,103.0,102.0,11.0,0.0,0.0,14.0,0,0.0,0.0,11.0,0.0,112.0,109.0,129.0,135.0,121.0,105.0,111.0,111.0,2.75,5.5,111.0,7.071067811865484
VT,2020-05-23,2020,21,20,0.0,103.0,95.0,11.0,0.0,0.0,14.0,0,0.0,0.0,11.0,0.0,103.0,112.0,120.0,106.0,102.0,121.0,105.0,90.0,0.0,0.0,106.75,4.500000000000014
VT,2020-05-30,2020,22,21,0.0,131.0,130.0,11.0,0.0,0.0,14.0,0,0.0,0.0,0.0,12.0,103.0,103.0,109.0,130.0,95.0,102.0,105.0,123.0,0.0,0.0,112.25,13.20037878244409
VT,2020-06-06,2020,23,22,0.0,116.0,112.0,11.0,0.0,0.0,14.0,0,0.0,0.0,0.0,0.0,131.0,103.0,112.0,109.0,130.0,95.0,121.0,89.0,0.0,0.0,113.25,13.326039671760455
VT,2020-06-13,2020,24,23,0.0,103.0,89.0,11.0,0.0,0.0,14.0,0,0.0,0.0,0.0,11.0,116.0,131.0,103.0,129.0,112.0,130.0,102.0,111.0,0.0,0.0,113.25,13.326039671760455
VT,2020-06-20,2020,25,24,0.0,90.0,85.0,11.0,0.0,0.0,14.0,0,0.0,0.0,0.0,11.0,103.0,116.0,103.0,120.0,89.0,112.0,95.0,105.0,0.0,0.0,110.0,17.56891193747259
VT,2020-06-27,2020,26,25,0.0,124.0,124.0,11.0,0.0,0.0,14.0,0,0.0,0.0,0.0,0.0,90.0,103.0,131.0,109.0,85.0,89.0,130.0,105.0,0.0,0.0,108.25,14.930394055974103
VT,2020-07-04,2020,27,26,0.0,91.0,81.0,11.0,0.0,0.0,14.0,0,0.0,0.0,0.0,0.0,124.0,90.0,116.0,112.0,124.0,85.0,112.0,121.0,0.0,0.0,102.0,15.811388300841903
VT,2020-07-11,2020,28,27,0.0,112.0,118.0,11.0,0.0,0.0,14.0,0,0.0,0.0,0.0,0.0,91.0,124.0,103.0,103.0,81.0,124.0,89.0,102.0,0.0,0.0,104.25,16.620770138594665
VT,2020-07-18,2020,29,28,0.0,87.0,87.0,11.0,0.0,0.0,14.0,0,0.0,0.0,0.0,0.0,112.0,91.0,90.0,103.0,118.0,81.0,85.0,95.0,0.0,0.0,103.5,17.52141546793524
VT,2020-07-25,2020,30,29,0.0,115.0,115.0,11.0,0.0,0.0,14.0,0,0.0,0.0,0.0,0.0,87.0,112.0,124.0,131.0,87.0,118.0,124.0,130.0,0.0,0.0,101.25,14.291605927956457
VT,2020-08-01,2020,31,30,0.0,103.0,96.0,11.0,0.0,0.0,14.0,0,0.0,0.0,0.0,0.0,115.0,87.0,91.0,116.0,115.0,87.0,81.0,112.0,0.0,0.0,104.25,12.57974562540913
VT,2020-08-08,2020,32,31,0.0,102.0,100.0,0.0,0.0,0.0,0.0,0,0.0,0.0,0.0,0.0,103.0,115.0,112.0,103.0,96.0,115.0,118.0,89.0,0.0,0.0,101.75,11.470977871713181
VT,2020-08-15,2020,33,32,0.0,104.0,97.0,11.0,0.0,0.0,14.0,0,0.0,0.0,0.0,0.0,102.0,103.0,87.0,90.0,100.0,96.0,87.0,85.0,0.0,0.0,106.0,6.055300708194992
VT,2020-08-22,2020,34,33,0.0,117.0,124.0,11.0,0.0,0.0,14.0,0,0.0,0.0,0.0,0.0,104.0,102.0,115.0,124.0,97.0,100.0,115.0,124.0,0.0,0.0,106.5,7.047458170621999
VT,2020-08-29,2020,35,34,0.0,100.0,98.0,11.0,0.0,0.0,14.0,0,0.0,0.0,0.0,0.0,117.0,104.0,103.0,91.0,124.0,97.0,96.0,81.0,0.0,0.0,105.75,7.675719293112977
VT,2020-09-05,2020,36,35,0.0,113.0,115.0,11.0,0.0,0.0,14.0,0,0.0,0.0,0.0,0.0,100.0,117.0,102.0,112.0,98.0,124.0,100.0,118.0,0.0,0.0,108.5,7.852812659593172
VT,2020-09-12,2020,37,36,0.0,113.0,111.0,11.0,0.0,0.0,14.0,0,0.0,0.0,0.0,0.0,113.0,100.0,104.0,87.0,115.0,98.0,97.0,87.0,0.0,0.0,110.75,7.410578025138578
VT,2020-09-19,2020,38,37,0.0,113.0,113.0,11.0,0.0,0.0,14.0,0,0.0,0.0,0.0,0.0,113.0,113.0,117.0,115.0,111.0,115.0,124.0,115.0,0.0,0.0,109.75,6.50000000000001
VT,2020-09-26,2020,39,38,0.0,120.0,112.0,11.0,0.0,0.0,14.0,0,0.0,0.0,0.0,0.0,113.0,113.0,100.0,103.0,113.0,111.0,98.0,96.0,0.0,0.0,114.75,3.500000000000018
VT,2020-10-03,2020,40,39,0.0,106.0,101.0,0.0,0.0,0.0,0.0,0,0.0,0.0,0.0,0.0,120.0,113.0,113.0,102.0,112.0,113.0,115.0,100.0,0.0,0.0,113.0,5.715476066494093
VT,2020-10-10,2020,41,40,0.0,118.0,111.0,11.0,0.0,0.0,14.0,0,0.0,0.0,0.0,0.0,106.0,120.0,113.0,104.0,101.0,112.0,111.0,97.0,0.0,0.0,114.25,6.238322424070977
VT,2020-10-17,2020,42,41,0.0,100.0,85.0,11.0,0.0,0.0,14.0,0,0.0,0.0,0.0,0.0,118.0,106.0,113.0,117.0,111.0,101.0,113.0,124.0,0.0,0.0,111.0,9.591663046625445
VT,2020-10-24,2020,43,42,0.0,122.0,108.0,11.0,0.0,0.0,14.0,0,0.0,0.0,0.0,0.0,100.0,118.0,120.0,100.0,85.0,111.0,112.0,98.0,0.0,0.0,111.5,10.246950765959605
VT,2020-10-31,2020,44,43,0.0,117.0,102.0,11.0,0.0,0.0,14.0,0,0.0,0.0,0.0,0.0,122.0,100.0,106.0,113.0,108.0,85.0,101.0,115.0,0.0,0.0,114.25,9.742518497116997
VT,2020-11-07,2020,45,44,0.0,112.0,94.0,11.0,0.0,0.0,14.0,0,0.0,0.0,0.0,0.0,117.0,122.0,118.0,113.0,102.0,108.0,111.0,111.0,0.0,0.0,112.75,9.429563439877098
VT,2020-11-14,2020,46,45,0.0,122.0,104.0,11.0,0.0,0.0,14.0,0,0.0,0.0,0.0,0.0,112.0,117.0,100.0,113.0,94.0,102.0,85.0,113.0,0.0,0.0,118.25,4.7871355387817065
VT,2020-11-21,2020,47,46,0.0,106.0,102.0,11.0,0.0,0.0,14.0,0,0.0,0.0,0.0,0.0,122.0,112.0,122.0,120.0,104.0,94.0,108.0,112.0,0.0,0.0,114.25,6.849574196011517
VT,2020-11-28,2020,48,47,0.0,123.0,114.0,11.0,0.0,0.0,11.0,0,0.0,0.0,0.0,0.0,106.0,122.0,117.0,106.0,102.0,104.0,102.0,101.0,0.0,0.0,115.75,8.180260794538695
VT,2020-12-05,2020,49,48,15.0,127.0,118.0,11.0,0.0,0.0,21.0,1,0.0,0.0,0.0,0.0,123.0,106.0,112.0,118.0,114.0,102.0,94.0,111.0,3.75,7.5,119.5,9.255628917943222
VT,2020-12-12,2020,50,49,13.0,113.0,113.0,11.0,0.0,0.0,16.0,1,15.0,0.0,0.0,0.0,127.0,123.0,122.0,100.0,118.0,114.0,104.0,85.0,7.0,8.12403840463596,117.25,9.535023160258545
VT,2020-12-19,2020,51,50,14.0,124.0,103.0,11.0,0.0,0.0,18.0,1,13.0,15.0,0.0,0.0,113.0,127.0,106.0,122.0,113.0,118.0,102.0,108.0,10.5,7.047458170621991,121.75,6.0759087111860755
VT,2020-12-26,2020,52,51,19.0,150.0,119.0,20.0,0.0,0.0,30.0,1,14.0,13.0,0.0,0.0,124.0,113.0,123.0,117.0,103.0,113.0,114.0,102.0,15.25,2.6299556396765835,128.5,15.545631755148031
VT,2021-01-02,2021,53,52,11.0,138.0,110.0,11.0,0.0,0.0,17.0,1,19.0,14.0,15.0,0.0,150.0,124.0,127.0,112.0,119.0,103.0,118.0,94.0,14.25,3.4034296427770228,131.25,16.15291511358451
VT,2021-01-09,2021,1,53,0.0,108.0,88.0,11.0,0.0,0.0,14.0,0,11.0,19.0,13.0,0.0,138.0,150.0,113.0,122.0,110.0,119.0,113.0,104.0,11.0,8.04155872120988,130.0,18.110770276274838
VT,2021-01-16,2021,2,54,0.0,128.0,103.0,11.0,0.0,0.0,13.0,0,0.0,11.0,14.0,0.0,108.0,138.0,124.0,106.0,88.0,110.0,103.0,102.0,7.5,9.255628917943215,131.0,17.776388834631184
VT,2021-01-23,2021,3,55,0.0,124.0,107.0,11.0,0.0,0.0,11.0,0,0.0,0.0,19.0,0.0,128.0,108.0,150.0,123.0,103.0,88.0,119.0,114.0,2.75,5.5,124.5,12.476644848141945
VT,2021-01-30,2021,4,56,0.0,114.0,90.0,11.0,0.0,0.0,14.0,0,0.0,0.0,11.0,15.0,124.0,128.0,138.0,127.0,107.0,103.0,110.0,118.0,0.0,0.0,118.5,9.14694848934151
VT,2021-02-06,2021,5,57,0.0,137.0,117.0,11.0,0.0,0.0,11.0,0,0.0,0.0,0.0,13.0,114.0,124.0,108.0,113.0,90.0,107.0,88.0,113.0,0.0,0.0,125.75,9.535023160258548
VT,2021-02-13,2021,6,58,0.0,113.0,94.0,11.0,0.0,0.0,14.0,0,0.0,0.0,0.0,14.0,137.0,114.0,128.0,124.0,117.0,90.0,103.0,103.0,0.0,0.0,122.0,11.165422816296163
VT,2021-02-20,2021,7,59,0.0,153.0,131.0,11.0,0.0,0.0,13.0,0,0.0,0.0,0.0,19.0,113.0,137.0,124.0,150.0,94.0,117.0,107.0,119.0,0.0,0.0,129.25,19.328303943526283
VT,2021-02-27,2021,8,60,0.0,154.0,129.0,11.0,0.0,0.0,13.0,0,0.0,0.0,0.0,11.0,153.0,113.0,114.0,138.0,131.0,94.0,90.0,110.0,0.0,0.0,139.25,19.15506895489199
VT,2021-03-06,2021,9,61,0.0,108.0,99.0,11.0,0.0,0.0,14.0,0,0.0,0.0,0.0,0.0,154.0,153.0,137.0,108.0,129.0,131.0,117.0,88.0,0.0,0.0,132.0,24.913182588073063
VT,2021-03-13,2021,10,62,0.0,129.0,101.0,11.0,0.0,0.0,12.0,0,0.0,0.0,0.0,0.0,108.0,154.0,113.0,128.0,99.0,129.0,94.0,103.0,0.0,0.0,136.0,21.954498400100153
VT,2021-03-20,2021,11,63,0.0,104.0,92.0,11.0,0.0,0.0,14.0,0,0.0,0.0,0.0,0.0,129.0,108.0,153.0,124.0,101.0,99.0,131.0,107.0,0.0,0.0,123.75,22.954665466232935
VT,2021-03-27,2021,12,64,0.0,99.0,81.0,11.0,0.0,0.0,14.0,0,0.0,0.0,0.0,0.0,104.0,129.0,154.0,114.0,92.0,101.0,129.0,90.0,0.0,0.0,110.0,13.190905958272934
VT,2021-04-03,2021,13,65,0.0,102.0,87.0,11.0,0.0,0.0,10.0,0,0.0,0.0,0.0,0.0,99.0,104.0,108.0,137.0,81.0,92.0,99.0,117.0,0.0,0.0,108.5,13.820274961085266
VT,2021-04-10,2021,14,66,0.0,105.0,99.0,11.0,0.0,0.0,14.0,0,0.0,0.0,0.0,0.0,102.0,99.0,129.0,113.0,87.0,81.0,101.0,94.0,0.0,0.0,102.5,2.6457513110646675
VT,2021-04-17,2021,15,67,0.0,109.0,89.0,11.0,0.0,0.0,14.0,0,0.0,0.0,0.0,0.0,105.0,102.0,104.0,153.0,99.0,87.0,92.0,131.0,0.0,0.0,103.75,4.272001872658813
VT,2021-04-24,2021,16,68,0.0,113.0,97.0,11.0,0.0,0.0,14.0,0,0.0,0.0,0.0,0.0,109.0,105.0,99.0,154.0,89.0,99.0,81.0,129.0,0.0,0.0,107.25,4.787135538781735
VT,2021-05-01,2021,17,69,0.0,136.0,119.0,11.0,0.0,0.0,14.0,0,0.0,0.0,0.0,0.0,113.0,109.0,102.0,108.0,97.0,89.0,87.0,99.0,0.0,0.0,115.75,13.889444433333793
VT,2021-05-08,2021,18,70,0.0,103.0,99.0,11.0,0.0,0.0,14.0,0,0.0,0.0,0.0,0.0,136.0,113.0,105.0,129.0,119.0,97.0,99.0,101.0,0.0,0.0,115.25,14.430869689661826
VT,2021-05-15,2021,19,71,0.0,127.0,138.0,11.0,0.0,0.0,14.0,0,0.0,0.0,0.0,0.0,103.0,136.0,109.0,104.0,99.0,119.0,89.0,92.0,0.0,0.0,119.75,14.637281168304463
VT,2021-05-22,2021,20,72,0.0,110.0,109.0,11.0,0.0,0.0,14.0,0,0.0,0.0,0.0,0.0,127.0,103.0,113.0,99.0,138.0,99.0,97.0,81.0,0.0,0.0,119.0,15.165750888103116
VT,2021-05-29,2021,21,73,0.0,97.0,90.0,11.0,0.0,0.0,14.0,0,0.0,0.0,0.0,0.0,110.0,127.0,136.0,102.0,109.0,138.0,119.0,87.0,0.0,0.0,109.25,12.971121771072863
VT,2021-06-05,2021,22,74,0.0,85.0,84.0,11.0,0.0,0.0,14.0,0,0.0,0.0,0.0,0.0,97.0,110.0,103.0,105.0,90.0,109.0,99.0,99.0,0.0,0.0,104.75,18.006943105369118
VT,2021-06-12,2021,23,75,0.0,94.0,91.0,11.0,0.0,0.0,14.0,0,0.0,0.0,0.0,0.0,85.0,97.0,127.0,109.0,84.0,90.0,138.0,89.0,0.0,0.0,96.5,10.344080432788617
VT,2021-06-19,2021,24,76,0.0,113.0,98.0,11.0,0.0,0.0,14.0,0,0.0,0.0,0.0,0.0,94.0,85.0,110.0,113.0,91.0,84.0,109.0,97.0,0.0,0.0,97.25,11.672617529928766
VT,2021-06-26,2021,25,77,0.0,110.0,104.0,11.0,0.0,0.0,14.0,0,0.0,0.0,0.0,0.0,113.0,94.0,97.0,136.0,98.0,91.0,90.0,119.0,0.0,0.0,100.5,13.279056191361407
VT,2021-07-03,2021,26,78,0.0,114.0,114.0,11.0,0.0,0.0,14.0,0,0.0,0.0,0.0,0.0,110.0,113.0,85.0,103.0,104.0,98.0,84.0,99.0,0.0,0.0,107.75,9.322910847298017
VT,2021-07-10,2021,27,79,0.0,119.0,107.0,11.0,0.0,0.0,14.0,0,0.0,0.0,0.0,0.0,114.0,110.0,94.0,127.0,114.0,104.0,91.0,138.0,0.0,0.0,114.0,3.7416573867739906
VT,2021-07-17,2021,28,80,0.0,103.0,108.0,11.0,0.0,0.0,14.0,0,0.0,0.0,0.0,0.0,119.0,114.0,113.0,110.0,107.0,114.0,98.0,109.0,0.0,0.0,111.5,6.757711644237791
VT,2021-07-24,2021,29,81,0.0,110.0,110.0,11.0,0.0,0.0,14.0,0,0.0,0.0,0.0,0.0,103.0,119.0,110.0,97.0,108.0,107.0,104.0,90.0,0.0,0.0,111.5,6.757711644237791
VT,2021-07-31,2021,30,82,0.0,113.0,113.0,11.0,0.0,0.0,14.0,0,0.0,0.0,0.0,0.0,110.0,103.0,114.0,85.0,110.0,108.0,114.0,84.0,0.0,0.0,111.25,6.652067347825063
VT,2021-08-07,2021,31,83,0.0,140.0,131.0,11.0,0.0,0.0,14.0,0,0.0,0.0,0.0,0.0,113.0,110.0,119.0,94.0,113.0,110.0,107.0,91.0,0.0,0.0,116.5,16.217274740226866
VT,2021-08-14,2021,32,84,0.0,106.0,104.0,11.0,0.0,0.0,14.0,0,0.0,0.0,0.0,0.0,140.0,113.0,103.0,113.0,131.0,113.0,108.0,98.0,0.0,0.0,117.25,15.435349040433143
VT,2021-08-21,2021,33,85,0.0,119.0,112.0,11.0,0.0,0.0,15.0,0,0.0,0.0,0.0,0.0,106.0,140.0,110.0,110.0,104.0,131.0,110.0,104.0,0.0,0.0,119.5,14.662878298615192
VT,2021-08-28,2021,34,86,0.0,115.0,121.0,11.0,0.0,0.0,10.0,0,0.0,0.0,0.0,0.0,119.0,106.0,113.0,114.0,112.0,104.0,113.0,114.0,0.0,0.0,120.0,14.399074044303463
VT,2021-09-04,2021,35,87,0.0,120.0,117.0,11.0,0.0,0.0,13.0,0,0.0,0.0,0.0,0.0,115.0,119.0,140.0,119.0,121.0,112.0,131.0,107.0,0.0,0.0,115.0,6.377042156569688
VT,2021-09-11,2021,36,88,0.0,120.0,122.0,11.0,0.0,0.0,10.0,0,0.0,0.0,0.0,0.0,120.0,115.0,106.0,103.0,117.0,121.0,104.0,108.0,0.0,0.0,118.5,2.3804761428476833
VT,2021-09-18,2021,37,89,10.0,155.0,152.0,11.0,0.0,0.0,16.0,1,0.0,0.0,0.0,0.0,120.0,120.0,119.0,110.0,122.0,117.0,112.0,110.0,2.5,5.0,127.5,18.48422751068237
VT,2021-09-25,2021,38,90,14.0,149.0,149.0,16.0,0.0,0.0,21.0,1,10.0,0.0,0.0,0.0,155.0,120.0,115.0,113.0,152.0,122.0,121.0,113.0,6.0,7.118052168020874,136.0,18.636880997992495
VT,2021-10-02,2021,39,91,10.0,140.0,131.0,11.0,0.0,0.0,15.0,1,14.0,10.0,0.0,0.0,149.0,155.0,120.0,140.0,149.0,152.0,117.0,131.0,8.5,5.972157622389639,141.0,15.297058540778368
VT,2021-10-09,2021,40,92,11.0,108.0,103.0,11.0,0.0,0.0,16.0,1,10.0,14.0,0.0,0.0,140.0,149.0,120.0,106.0,131.0,149.0,122.0,104.0,11.25,1.8929694486000908,138.0,20.92844953645636
VT,2021-10-16,2021,41,93,0.0,129.0,122.0,13.0,0.0,0.0,17.0,0,11.0,10.0,10.0,0.0,108.0,140.0,155.0,119.0,103.0,131.0,152.0,112.0,8.75,6.075908711186061,131.5,17.672954855748767
VT,2021-10-23,2021,42,94,0.0,146.0,124.0,11.0,0.0,0.0,14.0,0,0.0,11.0,14.0,0.0,129.0,108.0,149.0,115.0,122.0,103.0,149.0,121.0,5.25,6.075908711186061,130.75,16.720745597410836
VT,2021-10-30,2021,43,95,14.0,149.0,132.0,18.0,0.0,0.0,27.0,1,0.0,0.0,10.0,0.0,146.0,129.0,140.0,120.0,124.0,122.0,131.0,117.0,6.25,7.320063751999249,133.0,18.850287354131606
VT,2021-11-06,2021,44,96,11.0,141.0,123.0,10.0,0.0,0.0,15.0,1,14.0,0.0,11.0,0.0,149.0,146.0,108.0,120.0,132.0,124.0,103.0,122.0,6.25,7.320063751999249,141.25,8.808140174482567
VT,2021-11-13,2021,45,97,10.0,128.0,107.0,10.0,0.0,0.0,15.0,1,11.0,14.0,0.0,10.0,141.0,149.0,129.0,155.0,123.0,132.0,122.0,152.0,8.75,6.07590871118606,141.0,9.273618495495729
VT,2021-11-20,2021,46,98,0.0,135.0,115.0,11.0,0.0,0.0,13.0,0,10.0,11.0,0.0,14.0,128.0,141.0,146.0,149.0,107.0,123.0,124.0,149.0,8.75,6.07590871118606,138.25,8.920949127381784
VT,2021-11-27,2021,47,99,0.0,139.0,134.0,11.0,0.0,0.0,14.0,0,0.0,10.0,14.0,10.0,135.0,128.0,149.0,140.0,115.0,107.0,132.0,131.0,5.25,6.07590871118606,135.75,5.7373048260195425
VT,2021-12-04,2021,48,100,11.0,139.0,128.0,14.0,0.0,0.0,18.0,1,0.0,0.0,11.0,11.0,139.0,135.0,141.0,108.0,134.0,115.0,123.0,103.0,5.25,6.07590871118606,135.25,5.188127472091171
VT,2021-12-11,2021,49,101,15.0,135.0,125.0,19.0,11.0,0.0,23.0,1,11.0,0.0,10.0,0.0,139.0,139.0,128.0,129.0,128.0,134.0,107.0,122.0,6.5,7.681145747868607,137.0,2.3094010767586073
VT,2021-12-18,2021,50,102,19.0,156.0,156.0,22.0,11.0,0.0,30.0,1,15.0,11.0,0.0,0.0,135.0,139.0,135.0,146.0,125.0,128.0,115.0,124.0,11.25,8.180260794538682,142.25,9.358596760911
VT,2021-12-25,2021,51,103,0.0,113.0,94.0,10.0,0.0,0.0,14.0,0,19.0,15.0,0.0,14.0,156.0,135.0,139.0,149.0,156.0,125.0,134.0,132.0,11.25,8.180260794538682,135.75,17.68945071692921
WA,2020-02-29,2020,9,8,40.0,655.5,97.0,81.0,24.0,0.0,92.0,0,0.0,0.0,0.0,0.0,655.5,655.5,655.5,655.5,95.0,97.0,102.0,95.0,10.0,20.0,655.5,0.0
WA,2020-03-07,2020,10,9,21.0,655.5,105.0,100.0,14.0,16.0,122.0,0,40.0,0.0,0.0,0.0,655.5,655.5,655.5,655.5,97.0,95.0,100.0,95.0,15.25,19.241881404893856,655.5,0.0
WA,2020-03-14,2020,11,10,28.0,655.5,100.0,91.0,16.0,0.0,111.0,0,21.0,40.0,0.0,0.0,655.5,655.5,655.5,655.5,105.0,97.0,97.0,97.0,22.25,16.78044496827582,655.5,0.0
WA,2020-03-21,2020,12,11,65.0,655.5,103.0,121.0,28.0,17.0,174.0,0,28.0,21.0,0.0,0.0,655.5,655.5,655.5,655.5,100.0,105.0,95.0,97.0,38.5,19.330459556530634,655.5,0.0
WA,2020-03-28,2020,13,12,126.0,655.5,117.0,167.0,66.0,0.0,234.0,0,65.0,28.0,40.0,0.0,655.5,655.5,655.5,655.5,103.0,100.0,97.0,102.0,60.0,48.0485865210067,655.5,0.0
WA,2020-04-04,2020,14,13,160.0,655.5,114.0,162.0,85.0,0.0,245.0,0,126.0,65.0,21.0,0.0,655.5,655.5,655.5,655.5,117.0,103.0,105.0,100.0,94.75,59.37100863777427,655.5,0.0
WA,2020-04-11,2020,15,14,149.0,655.5,116.0,140.0,85.0,0.0,204.0,0,160.0,126.0,28.0,0.0,655.5,655.5,655.5,655.5,114.0,117.0,100.0,97.0,125.0,42.43426288586461,655.5,0.0
WA,2020-04-18,2020,16,15,125.0,655.5,116.0,131.0,70.0,0.0,190.0,0,149.0,160.0,65.0,0.0,655.5,655.5,655.5,655.5,116.0,114.0,103.0,95.0,140.0,17.339742404853272,655.5,0.0
WA,2020-04-25,2020,17,16,108.0,655.5,119.0,110.0,52.0,0.0,167.0,0,125.0,149.0,126.0,40.0,655.5,655.5,655.5,655.5,116.0,116.0,117.0,97.0,135.5,23.444971031474246,655.5,0.0
WA,2020-05-02,2020,18,17,80.0,655.5,106.0,97.0,42.0,0.0,137.0,0,108.0,125.0,160.0,21.0,655.5,655.5,655.5,655.5,119.0,116.0,114.0,105.0,115.5,29.03446228191595,655.5,0.0
WA,2020-05-09,2020,19,18,88.0,655.5,112.0,88.0,45.0,0.0,133.0,0,80.0,108.0,149.0,28.0,655.5,655.5,655.5,655.5,106.0,119.0,116.0,100.0,100.25,20.271079563424006,655.5,0.0
WA,2020-05-16,2020,20,19,71.0,655.5,104.0,94.0,36.0,0.0,131.0,0,88.0,80.0,125.0,65.0,655.5,655.5,655.5,655.5,112.0,106.0,116.0,103.0,86.75,15.777093099385148,655.5,0.0
WA,2020-05-23,2020,21,20,49.0,655.5,110.0,70.0,24.0,0.0,95.0,0,71.0,88.0,108.0,126.0,655.5,655.5,655.5,655.5,104.0,112.0,119.0,117.0,72.0,16.83250823060346,655.5,0.0
WA,2020-05-30,2020,22,21,37.0,655.5,101.0,65.0,19.0,0.0,83.0,0,49.0,71.0,80.0,160.0,655.5,655.5,655.5,655.5,110.0,104.0,106.0,114.0,61.25,22.721135535003523,655.5,0.0
WA,2020-06-06,2020,23,22,35.0,655.5,99.0,48.0,18.0,0.0,65.0,0,37.0,49.0,88.0,149.0,655.5,655.5,655.5,655.5,101.0,110.0,112.0,116.0,48.0,16.532795690182986,655.5,0.0
WA,2020-06-13,2020,24,23,44.0,655.5,107.0,65.0,24.0,0.0,86.0,0,35.0,37.0,71.0,125.0,655.5,655.5,655.5,655.5,99.0,101.0,104.0,116.0,41.25,6.448514040717687,655.5,0.0
WA,2020-06-20,2020,25,24,31.0,655.5,110.0,62.0,14.0,0.0,79.0,0,44.0,35.0,49.0,108.0,655.5,655.5,655.5,655.5,107.0,99.0,110.0,119.0,36.75,5.439056290693556,655.5,0.0
WA,2020-06-27,2020,26,25,41.0,655.5,104.0,54.0,18.0,0.0,77.0,0,31.0,44.0,37.0,80.0,655.5,655.5,655.5,655.5,110.0,107.0,101.0,106.0,37.75,5.852349955359798,655.5,0.0
WA,2020-07-04,2020,27,26,44.0,655.5,106.0,75.0,22.0,0.0,97.0,0,41.0,31.0,35.0,88.0,655.5,655.5,655.5,655.5,104.0,110.0,99.0,112.0,40.0,6.164414002968962,655.5,0.0
WA,2020-07-11,2020,28,27,58.0,655.5,109.0,85.0,30.0,0.0,113.0,0,44.0,41.0,44.0,71.0,655.5,655.5,655.5,655.5,106.0,104.0,107.0,104.0,43.5,11.150485789118479,655.5,0.0
WA,2020-07-18,2020,29,28,51.0,655.5,114.0,72.0,29.0,0.0,94.0,0,58.0,44.0,31.0,49.0,655.5,655.5,655.5,655.5,109.0,106.0,110.0,110.0,48.5,7.593857166596335,655.5,0.0
WA,2020-07-25,2020,30,29,77.0,655.5,116.0,85.0,36.0,0.0,127.0,0,51.0,58.0,41.0,37.0,655.5,655.5,655.5,655.5,114.0,109.0,104.0,101.0,57.5,14.200938936093857,655.5,0.0
WA,2020-08-01,2020,31,30,92.0,655.5,119.0,87.0,38.0,0.0,142.0,0,77.0,51.0,44.0,35.0,655.5,655.5,655.5,655.5,116.0,114.0,106.0,99.0,69.5,18.592113023179117,655.5,0.0
WA,2020-08-08,2020,32,31,85.0,655.5,119.0,90.0,37.0,0.0,138.0,0,92.0,77.0,58.0,44.0,655.5,655.5,655.5,655.5,119.0,116.0,109.0,107.0,76.25,17.91414710966354,655.5,0.0
WA,2020-08-15,2020,33,32,77.0,655.5,114.0,79.0,34.0,0.0,122.0,0,85.0,92.0,51.0,31.0,655.5,655.5,655.5,655.5,119.0,119.0,114.0,110.0,82.75,7.228416147400471,655.5,0.0
WA,2020-08-22,2020,34,33,52.0,655.5,120.0,84.0,27.0,0.0,109.0,0,77.0,85.0,77.0,41.0,655.5,655.5,655.5,655.5,114.0,119.0,116.0,104.0,76.5,17.445152144172695,655.5,0.0
WA,2020-08-29,2020,35,34,46.0,655.5,109.0,65.0,26.0,0.0,86.0,0,52.0,77.0,92.0,44.0,655.5,655.5,655.5,655.5,120.0,114.0,119.0,106.0,65.0,18.920887928424495,655.5,0.0
WA,2020-09-05,2020,36,35,42.0,655.5,118.0,64.0,16.0,0.0,90.0,0,46.0,52.0,85.0,58.0,655.5,655.5,655.5,655.5,109.0,120.0,119.0,109.0,54.25,15.713582235335982,655.5,0.0
WA,2020-09-12,2020,37,36,31.0,655.5,114.0,72.0,17.0,0.0,86.0,0,42.0,46.0,77.0,51.0,655.5,655.5,655.5,655.5,118.0,109.0,114.0,114.0,42.75,8.845903006477059,655.5,0.0
WA,2020-09-19,2020,38,37,44.0,655.5,115.0,96.0,28.0,0.0,113.0,0,31.0,42.0,52.0,77.0,655.5,655.5,655.5,655.5,114.0,118.0,120.0,116.0,40.75,6.701989754294355,655.5,0.0
WA,2020-09-26,2020,39,38,49.0,655.5,114.0,75.0,29.0,0.0,95.0,0,44.0,31.0,46.0,92.0,655.5,655.5,655.5,655.5,115.0,114.0,109.0,119.0,41.5,7.593857166596335,655.5,0.0
WA,2020-10-03,2020,40,39,49.0,655.5,109.0,79.0,22.0,0.0,106.0,0,49.0,44.0,42.0,85.0,655.5,655.5,655.5,655.5,114.0,115.0,118.0,119.0,43.25,8.499999999999991,655.5,0.0
WA,2020-10-10,2020,41,40,39.0,655.5,107.0,72.0,27.0,0.0,86.0,0,49.0,49.0,31.0,77.0,655.5,655.5,655.5,655.5,109.0,114.0,114.0,114.0,45.25,4.787135538781674,655.5,0.0
WA,2020-10-17,2020,42,41,44.0,655.5,108.0,77.0,23.0,0.0,98.0,0,39.0,49.0,44.0,52.0,655.5,655.5,655.5,655.5,107.0,109.0,115.0,120.0,45.25,4.787135538781674,655.5,0.0
WA,2020-10-24,2020,43,42,68.0,655.5,107.0,95.0,34.0,0.0,129.0,0,44.0,39.0,49.0,46.0,655.5,655.5,655.5,655.5,108.0,107.0,114.0,109.0,50.0,12.675435561221022,655.5,0.0
WA,2020-10-31,2020,44,43,71.0,655.5,108.0,98.0,35.0,0.0,134.0,0,68.0,44.0,49.0,42.0,655.5,655.5,655.5,655.5,107.0,108.0,109.0,118.0,55.5,16.340134638368188,655.5,0.0
WA,2020-11-07,2020,45,44,70.0,655.5,116.0,92.0,38.0,0.0,124.0,0,71.0,68.0,39.0,31.0,655.5,655.5,655.5,655.5,108.0,107.0,107.0,114.0,63.25,12.893796958227618,655.5,0.0
WA,2020-11-14,2020,46,45,91.0,655.5,120.0,114.0,51.0,0.0,154.0,0,70.0,71.0,44.0,44.0,655.5,655.5,655.5,655.5,116.0,108.0,108.0,115.0,75.0,10.739335795724664,655.5,0.0
WA,2020-11-21,2020,47,46,113.0,655.5,122.0,111.0,60.0,0.0,164.0,0,91.0,70.0,68.0,49.0,655.5,655.5,655.5,655.5,120.0,116.0,107.0,114.0,86.25,20.287516687197897,655.5,0.0
WA,2020-11-28,2020,48,47,149.0,655.5,113.0,123.0,75.0,0.0,197.0,0,113.0,91.0,71.0,49.0,655.5,655.5,655.5,655.5,122.0,120.0,108.0,109.0,105.75,33.75771516754849,655.5,0.0
WA,2020-12-05,2020,49,48,209.0,655.5,124.0,196.0,127.0,0.0,278.0,1,149.0,113.0,70.0,39.0,655.5,655.5,655.5,655.5,113.0,122.0,116.0,107.0,140.5,51.546095875439484,655.5,0.0
WA,2020-12-12,2020,50,49,224.0,655.5,123.0,178.0,126.0,0.0,276.0,1,209.0,149.0,91.0,44.0,655.5,655.5,655.5,655.5,124.0,113.0,120.0,108.0,173.75,51.86761995696351,655.5,0.0
WA,2020-12-19,2020,51,50,221.0,655.5,120.0,194.0,138.0,0.0,277.0,1,224.0,209.0,113.0,68.0,655.5,655.5,655.5,655.5,123.0,124.0,122.0,107.0,200.75,35.1034186369362,655.5,0.0
WA,2020-12-26,2020,52,51,208.0,655.5,122.0,171.0,111.0,0.0,268.0,1,221.0,224.0,149.0,71.0,655.5,655.5,655.5,655.5,120.0,123.0,113.0,108.0,215.5,8.185352771872433,655.5,0.0
WA,2021-01-02,2021,53,52,188.0,655.5,118.0,188.0,122.0,0.0,254.0,1,208.0,221.0,209.0,70.0,655.5,655.5,655.5,655.5,122.0,120.0,124.0,116.0,210.25,16.37833935415919,655.5,0.0
WA,2021-01-09,2021,1,53,218.0,655.5,114.0,185.0,135.0,0.0,268.0,1,188.0,208.0,224.0,91.0,655.5,655.5,655.5,655.5,118.0,122.0,123.0,120.0,208.75,14.908051515875561,655.5,0.0
WA,2021-01-16,2021,2,54,171.0,655.5,107.0,158.0,100.0,0.0,230.0,1,218.0,188.0,221.0,113.0,655.5,655.5,655.5,655.5,114.0,118.0,120.0,122.0,196.25,20.95033810387475,655.5,0.0
WA,2021-01-23,2021,3,55,176.0,655.5,104.0,138.0,93.0,0.0,221.0,1,171.0,218.0,208.0,149.0,655.5,655.5,655.5,655.5,107.0,114.0,122.0,113.0,188.25,21.077238908357984,655.5,0.0
WA,2021-01-30,2021,4,56,152.0,655.5,108.0,136.0,86.0,0.0,202.0,0,176.0,171.0,188.0,209.0,655.5,655.5,655.5,655.5,104.0,107.0,118.0,124.0,179.25,27.825348155953048,655.5,0.0
WA,2021-02-06,2021,5,57,149.0,655.5,114.0,130.0,78.0,0.0,201.0,0,152.0,176.0,218.0,224.0,655.5,655.5,655.5,655.5,108.0,104.0,114.0,123.0,162.0,13.490737563232036,655.5,0.0
WA,2021-02-13,2021,6,58,95.0,655.5,104.0,113.0,63.0,0.0,145.0,0,149.0,152.0,171.0,221.0,655.5,655.5,655.5,655.5,114.0,108.0,107.0,120.0,143.0,34.205262752974136,655.5,0.0
WA,2021-02-20,2021,7,59,87.0,655.5,103.0,104.0,59.0,0.0,132.0,0,95.0,149.0,176.0,208.0,655.5,655.5,655.5,655.5,104.0,114.0,104.0,122.0,120.75,34.52897334123909,655.5,0.0
WA,2021-02-27,2021,8,60,81.0,655.5,105.0,97.0,44.0,0.0,134.0,0,87.0,95.0,152.0,188.0,655.5,655.5,655.5,655.5,103.0,104.0,108.0,118.0,103.0,31.198290551460236,655.5,0.0
WA,2021-03-06,2021,9,61,60.0,655.5,106.0,98.0,42.0,0.0,116.0,0,81.0,87.0,149.0,218.0,655.5,655.5,655.5,655.5,105.0,103.0,114.0,114.0,80.75,14.974979131871931,655.5,0.0
WA,2021-03-13,2021,10,62,42.0,655.5,103.0,81.0,26.0,0.0,97.0,0,60.0,81.0,95.0,171.0,655.5,655.5,655.5,655.5,106.0,105.0,104.0,107.0,67.5,20.56696380120313,655.5,0.0
WA,2021-03-20,2021,11,63,39.0,655.5,100.0,65.0,21.0,0.0,83.0,0,42.0,60.0,87.0,176.0,655.5,655.5,655.5,655.5,103.0,106.0,103.0,104.0,55.5,19.36491673103708,655.5,0.0
WA,2021-03-27,2021,12,64,45.0,655.5,102.0,72.0,32.0,0.0,85.0,0,39.0,42.0,81.0,152.0,655.5,655.5,655.5,655.5,100.0,103.0,105.0,108.0,46.5,9.327379053088807,655.5,0.0
WA,2021-04-03,2021,13,65,36.0,655.5,107.0,41.0,19.0,0.0,58.0,0,45.0,39.0,60.0,149.0,655.5,655.5,655.5,655.5,102.0,100.0,106.0,114.0,40.5,3.8729833462073975,655.5,0.0
WA,2021-04-10,2021,14,66,49.0,655.5,105.0,80.0,34.0,0.0,95.0,0,36.0,45.0,42.0,95.0,655.5,655.5,655.5,655.5,107.0,102.0,103.0,104.0,42.25,5.8523499553597995,655.5,0.0
WA,2021-04-17,2021,15,67,59.0,655.5,107.0,82.0,37.0,0.0,104.0,0,49.0,36.0,39.0,87.0,655.5,655.5,655.5,655.5,105.0,107.0,100.0,103.0,47.25,9.535023160258527,655.5,0.0
WA,2021-04-24,2021,16,68,61.0,655.5,112.0,76.0,31.0,0.0,106.0,0,59.0,49.0,45.0,81.0,655.5,655.5,655.5,655.5,107.0,105.0,102.0,105.0,51.25,11.441882129556591,655.5,0.0
WA,2021-05-01,2021,17,69,62.0,655.5,119.0,101.0,44.0,0.0,119.0,0,61.0,59.0,36.0,60.0,655.5,655.5,655.5,655.5,112.0,107.0,107.0,106.0,57.75,5.9651767227244115,655.5,0.0
WA,2021-05-08,2021,18,70,62.0,655.5,111.0,91.0,41.0,0.0,112.0,0,62.0,61.0,49.0,42.0,655.5,655.5,655.5,655.5,119.0,112.0,105.0,103.0,61.0,1.4142135623730325,655.5,0.0
WA,2021-05-15,2021,19,71,74.0,655.5,110.0,100.0,58.0,0.0,116.0,0,62.0,62.0,59.0,39.0,655.5,655.5,655.5,655.5,111.0,119.0,107.0,100.0,64.75,6.184658438426477,655.5,0.0
WA,2021-05-22,2021,20,72,51.0,655.5,105.0,84.0,36.0,0.0,99.0,0,74.0,62.0,61.0,45.0,655.5,655.5,655.5,655.5,110.0,111.0,112.0,102.0,62.25,9.394147114027959,655.5,0.0
WA,2021-05-29,2021,21,73,68.0,655.5,118.0,98.0,46.0,0.0,120.0,0,51.0,74.0,62.0,36.0,655.5,655.5,655.5,655.5,105.0,110.0,119.0,107.0,63.75,9.810708435174282,655.5,0.0
WA,2021-06-05,2021,22,74,50.0,655.5,118.0,94.0,35.0,0.0,109.0,0,68.0,51.0,62.0,49.0,655.5,655.5,655.5,655.5,118.0,105.0,111.0,105.0,60.75,12.093386622447817,655.5,0.0
WA,2021-06-12,2021,23,75,58.0,655.5,119.0,95.0,45.0,0.0,108.0,0,50.0,68.0,74.0,59.0,655.5,655.5,655.5,655.5,118.0,118.0,110.0,107.0,56.75,8.301606270274837,655.5,0.0
WA,2021-06-19,2021,24,76,42.0,655.5,113.0,80.0,27.0,0.0,95.0,0,58.0,50.0,51.0,61.0,655.5,655.5,655.5,655.5,119.0,118.0,105.0,112.0,54.5,11.120551545074843,655.5,0.0
WA,2021-06-26,2021,25,77,47.0,655.5,123.0,75.0,31.0,0.0,91.0,0,42.0,58.0,68.0,62.0,655.5,655.5,655.5,655.5,113.0,119.0,118.0,119.0,49.25,6.7019897542943525,655.5,0.0
WA,2021-07-03,2021,26,78,47.0,655.5,152.0,76.0,33.0,0.0,90.0,0,47.0,42.0,50.0,62.0,655.5,655.5,655.5,655.5,123.0,113.0,118.0,111.0,48.5,6.757711644237751,655.5,0.0
WA,2021-07-10,2021,27,79,36.0,655.5,121.0,71.0,21.0,0.0,86.0,0,47.0,47.0,58.0,74.0,655.5,655.5,655.5,655.5,152.0,123.0,119.0,110.0,43.0,5.228129047119357,655.5,0.0
WA,2021-07-17,2021,28,80,25.0,655.5,115.0,75.0,19.0,0.0,81.0,0,36.0,47.0,42.0,51.0,655.5,655.5,655.5,655.5,121.0,152.0,113.0,105.0,38.75,10.531698185319712,655.5,0.0
WA,2021-07-24,2021,29,81,35.0,655.5,120.0,78.0,25.0,0.0,88.0,0,25.0,36.0,47.0,68.0,655.5,655.5,655.5,655.5,115.0,121.0,123.0,118.0,35.75,8.99536917900908,655.5,0.0
WA,2021-07-31,2021,30,82,49.0,655.5,120.0,81.0,33.0,0.0,97.0,0,35.0,25.0,47.0,50.0,655.5,655.5,655.5,655.5,120.0,115.0,152.0,118.0,36.25,9.84462628374823,655.5,0.0
WA,2021-08-07,2021,31,83,80.0,655.5,123.0,88.0,50.0,0.0,118.0,0,49.0,35.0,36.0,58.0,655.5,655.5,655.5,655.5,120.0,120.0,121.0,119.0,47.25,23.94959985747848,655.5,0.0
WA,2021-08-14,2021,32,84,115.0,655.5,127.0,123.0,78.0,0.0,160.0,0,80.0,49.0,25.0,42.0,655.5,655.5,655.5,655.5,123.0,120.0,115.0,113.0,69.75,35.54691735345462,655.5,0.0
WA,2021-08-21,2021,33,85,165.0,655.5,129.0,152.0,106.0,0.0,211.0,0,115.0,80.0,35.0,47.0,655.5,655.5,655.5,655.5,127.0,123.0,120.0,123.0,102.25,49.76863135215461,655.5,0.0
WA,2021-08-28,2021,34,86,198.0,655.5,141.0,211.0,149.0,0.0,260.0,1,165.0,115.0,49.0,47.0,655.5,655.5,655.5,655.5,129.0,127.0,120.0,152.0,139.5,52.322716545174394,655.5,0.0
WA,2021-09-04,2021,35,87,274.0,655.5,151.0,249.0,192.0,0.0,331.0,1,198.0,165.0,80.0,36.0,655.5,655.5,655.5,655.5,141.0,129.0,123.0,121.0,188.0,66.71831332800113,655.5,0.0
WA,2021-09-11,2021,36,88,279.0,655.5,142.0,243.0,195.0,0.0,327.0,1,274.0,198.0,115.0,25.0,655.5,655.5,655.5,655.5,151.0,141.0,127.0,115.0,229.0,56.51548460377916,655.5,0.0
WA,2021-09-18,2021,37,89,309.0,655.5,148.0,261.0,213.0,0.0,357.0,1,279.0,274.0,165.0,35.0,655.5,655.5,655.5,655.5,142.0,151.0,129.0,120.0,265.0,47.26520919238588,655.5,0.0
WA,2021-09-25,2021,38,90,282.0,655.5,146.0,245.0,200.0,0.0,327.0,1,309.0,279.0,198.0,49.0,655.5,655.5,655.5,655.5,148.0,142.0,141.0,120.0,286.0,15.684387141358085,655.5,0.0
WA,2021-10-02,2021,39,91,254.0,655.5,147.0,222.0,167.0,0.0,309.0,1,282.0,309.0,274.0,80.0,655.5,655.5,655.5,655.5,146.0,148.0,151.0,123.0,281.0,22.49444375840396,655.5,0.0
WA,2021-10-09,2021,40,92,204.0,655.5,136.0,210.0,152.0,0.0,262.0,1,254.0,282.0,279.0,115.0,655.5,655.5,655.5,655.5,147.0,146.0,142.0,127.0,262.25,44.858109634713756,655.5,0.0
WA,2021-10-16,2021,41,93,219.0,655.5,132.0,214.0,152.0,0.0,281.0,1,204.0,254.0,309.0,165.0,655.5,655.5,655.5,655.5,136.0,147.0,148.0,129.0,239.75,35.10341863693619,655.5,0.0
WA,2021-10-23,2021,42,94,166.0,655.5,129.0,190.0,127.0,0.0,230.0,0,219.0,204.0,282.0,198.0,655.5,655.5,655.5,655.5,132.0,136.0,146.0,141.0,210.75,36.4543093017364,655.5,0.0
WA,2021-10-30,2021,43,95,162.0,655.5,125.0,166.0,120.0,0.0,208.0,0,166.0,219.0,254.0,274.0,655.5,655.5,655.5,655.5,129.0,132.0,147.0,151.0,187.75,28.14693589007512,655.5,0.0
WA,2021-11-06,2021,44,96,159.0,655.5,128.0,182.0,129.0,0.0,212.0,0,162.0,166.0,204.0,279.0,655.5,655.5,655.5,655.5,125.0,129.0,136.0,142.0,176.5,28.47806173179627,655.5,0.0
WA,2021-11-13,2021,45,97,159.0,655.5,127.0,171.0,125.0,0.0,206.0,0,159.0,162.0,219.0,309.0,655.5,655.5,655.5,655.5,128.0,125.0,132.0,148.0,161.5,3.3166247903552843,655.5,0.0
WA,2021-11-20,2021,46,98,139.0,655.5,122.0,132.0,99.0,0.0,173.0,0,159.0,159.0,166.0,282.0,655.5,655.5,655.5,655.5,127.0,128.0,129.0,146.0,154.75,10.59481005020851,655.5,0.0
WA,2021-11-27,2021,47,99,150.0,655.5,123.0,164.0,109.0,0.0,205.0,0,139.0,159.0,162.0,254.0,655.5,655.5,655.5,655.5,122.0,127.0,125.0,147.0,151.75,9.499999999999963,655.5,0.0
WA,2021-12-04,2021,48,100,130.0,655.5,125.0,148.0,95.0,0.0,183.0,0,150.0,139.0,159.0,204.0,655.5,655.5,655.5,655.5,123.0,122.0,128.0,136.0,144.5,12.662279942148361,655.5,0.0
WA,2021-12-11,2021,49,101,136.0,655.5,128.0,149.0,103.0,0.0,182.0,0,130.0,150.0,159.0,219.0,655.5,655.5,655.5,655.5,125.0,123.0,127.0,132.0,138.75,8.381527307120063,655.5,0.0
WA,2021-12-18,2021,50,102,95.0,655.5,117.0,128.0,67.0,0.0,156.0,0,136.0,130.0,139.0,166.0,655.5,655.5,655.5,655.5,128.0,125.0,122.0,129.0,127.75,23.38624952117517,655.5,0.0
WA,2021-12-25,2021,51,103,98.0,655.5,123.0,115.0,68.0,0.0,145.0,0,95.0,136.0,150.0,162.0,655.5,655.5,655.5,655.5,117.0,128.0,123.0,125.0,114.75,21.250490190424607,655.5,0.0
WI,2020-02-29,2020,9,8,0.0,988.0,109.0,55.0,0.0,16.0,71.0,0,0.0,0.0,0.0,0.0,988.0,988.0,988.0,988.0,113.0,104.0,105.0,98.0,0.0,0.0,988.0,0.0
WI,2020-03-07,2020,10,9,0.0,988.0,106.0,62.0,0.0,16.0,78.0,0,0.0,0.0,0.0,0.0,988.0,988.0,988.0,988.0,109.0,113.0,95.0,96.0,0.0,0.0,988.0,0.0
WI,2020-03-14,2020,11,10,0.0,988.0,105.0,56.0,0.0,32.0,88.0,0,0.0,0.0,0.0,0.0,988.0,988.0,988.0,988.0,106.0,109.0,104.0,99.0,0.0,0.0,988.0,0.0
WI,2020-03-21,2020,12,11,36.0,988.0,104.0,74.0,14.0,19.0,97.0,0,0.0,0.0,0.0,36.0,988.0,988.0,988.0,988.0,105.0,106.0,113.0,97.0,9.0,18.0,988.0,0.0
WI,2020-03-28,2020,13,12,19.0,988.0,111.0,73.0,14.0,14.0,105.0,0,36.0,0.0,0.0,0.0,988.0,988.0,988.0,988.0,104.0,105.0,109.0,105.0,13.75,17.327723451163457,988.0,0.0
WI,2020-04-04,2020,14,13,77.0,988.0,116.0,92.0,12.0,0.0,164.0,0,19.0,36.0,0.0,0.0,988.0,988.0,988.0,988.0,111.0,104.0,106.0,95.0,33.0,32.81259920619924,988.0,0.0
WI,2020-04-11,2020,15,14,76.0,988.0,112.0,75.0,16.0,0.0,143.0,0,77.0,19.0,0.0,0.0,988.0,988.0,988.0,988.0,116.0,111.0,105.0,104.0,52.0,29.13188402192118,988.0,0.0
WI,2020-04-18,2020,16,15,75.0,988.0,115.0,55.0,12.0,0.0,119.0,0,76.0,77.0,36.0,0.0,988.0,988.0,988.0,988.0,112.0,116.0,104.0,113.0,61.75,28.511693507518395,988.0,0.0
WI,2020-04-25,2020,17,16,47.0,988.0,103.0,57.0,14.0,0.0,101.0,0,75.0,76.0,19.0,0.0,988.0,988.0,988.0,988.0,115.0,112.0,111.0,109.0,68.75,14.522970311429637,988.0,0.0
WI,2020-05-02,2020,18,17,72.0,988.0,116.0,62.0,14.0,0.0,125.0,0,47.0,75.0,77.0,0.0,988.0,988.0,988.0,988.0,103.0,115.0,116.0,106.0,67.5,13.771952173409064,988.0,0.0
WI,2020-05-09,2020,19,18,57.0,988.0,105.0,52.0,16.0,0.0,95.0,0,72.0,47.0,76.0,0.0,988.0,988.0,988.0,988.0,116.0,103.0,112.0,105.0,62.75,13.124404748406688,988.0,0.0
WI,2020-05-16,2020,20,19,55.0,988.0,105.0,52.0,10.0,0.0,98.0,0,57.0,72.0,75.0,36.0,988.0,988.0,988.0,988.0,105.0,116.0,115.0,104.0,57.75,10.436314802968845,988.0,0.0
WI,2020-05-23,2020,21,20,66.0,988.0,108.0,54.0,20.0,0.0,100.0,0,55.0,57.0,47.0,19.0,988.0,988.0,988.0,988.0,105.0,105.0,103.0,111.0,62.5,7.9372539331937695,988.0,0.0
WI,2020-05-30,2020,22,21,89.0,988.0,119.0,52.0,11.0,0.0,130.0,0,66.0,55.0,72.0,77.0,988.0,988.0,988.0,988.0,108.0,105.0,116.0,116.0,66.75,15.585784121008048,988.0,0.0
WI,2020-06-06,2020,23,22,47.0,988.0,109.0,46.0,14.0,0.0,85.0,0,89.0,66.0,57.0,76.0,988.0,988.0,988.0,988.0,119.0,108.0,105.0,112.0,64.25,18.246004128758347,988.0,0.0
WI,2020-06-13,2020,24,23,41.0,988.0,110.0,39.0,14.0,0.0,72.0,0,47.0,89.0,55.0,75.0,988.0,988.0,988.0,988.0,109.0,119.0,105.0,115.0,60.75,21.639085008382402,988.0,0.0
WI,2020-06-20,2020,25,24,37.0,988.0,114.0,46.0,14.0,0.0,79.0,0,41.0,47.0,66.0,47.0,988.0,988.0,988.0,988.0,110.0,109.0,108.0,103.0,53.5,24.020824298928627,988.0,0.0
WI,2020-06-27,2020,26,25,35.0,988.0,104.0,40.0,14.0,0.0,72.0,0,37.0,41.0,89.0,72.0,988.0,988.0,988.0,988.0,114.0,110.0,119.0,116.0,40.0,5.291502622129172,988.0,0.0
WI,2020-07-04,2020,27,26,24.0,988.0,111.0,39.0,14.0,0.0,60.0,0,35.0,37.0,47.0,57.0,988.0,988.0,988.0,988.0,104.0,114.0,109.0,105.0,34.25,7.274384280931724,988.0,0.0
WI,2020-07-11,2020,28,27,20.0,988.0,107.0,41.0,14.0,0.0,55.0,0,24.0,35.0,41.0,55.0,988.0,988.0,988.0,988.0,111.0,104.0,110.0,105.0,29.0,8.286535263104028,988.0,0.0
WI,2020-07-18,2020,29,28,35.0,988.0,110.0,41.0,14.0,0.0,70.0,0,20.0,24.0,37.0,66.0,988.0,988.0,988.0,988.0,107.0,111.0,114.0,108.0,28.5,7.681145747868601,988.0,0.0
WI,2020-07-25,2020,30,29,53.0,988.0,112.0,44.0,11.0,0.0,86.0,0,35.0,20.0,35.0,89.0,988.0,988.0,988.0,988.0,110.0,107.0,104.0,119.0,33.0,14.764823060233397,988.0,0.0
WI,2020-08-01,2020,31,30,48.0,988.0,113.0,49.0,14.0,0.0,89.0,0,53.0,35.0,24.0,47.0,988.0,988.0,988.0,988.0,112.0,110.0,111.0,109.0,39.0,14.764823060233397,988.0,0.0
WI,2020-08-08,2020,32,31,60.0,988.0,110.0,58.0,16.0,0.0,103.0,0,48.0,53.0,20.0,41.0,988.0,988.0,988.0,988.0,113.0,112.0,107.0,110.0,49.0,10.551461194229603,988.0,0.0
WI,2020-08-15,2020,33,32,46.0,988.0,120.0,54.0,12.0,0.0,88.0,0,60.0,48.0,35.0,37.0,988.0,988.0,988.0,988.0,110.0,113.0,110.0,114.0,51.75,6.238322424070956,988.0,0.0
WI,2020-08-22,2020,34,33,38.0,988.0,113.0,53.0,13.0,0.0,78.0,0,46.0,60.0,53.0,35.0,988.0,988.0,988.0,988.0,120.0,110.0,112.0,104.0,48.0,9.092121131323898,988.0,0.0
WI,2020-08-29,2020,35,34,43.0,988.0,107.0,53.0,16.0,0.0,80.0,0,38.0,46.0,48.0,24.0,988.0,988.0,988.0,988.0,113.0,120.0,113.0,111.0,46.75,9.429563439877084,988.0,0.0
WI,2020-09-05,2020,36,35,40.0,988.0,107.0,51.0,11.0,0.0,80.0,0,43.0,38.0,60.0,20.0,988.0,988.0,988.0,988.0,107.0,113.0,110.0,107.0,41.75,3.4999999999999853,988.0,0.0
WI,2020-09-12,2020,37,36,47.0,988.0,107.0,50.0,14.0,0.0,83.0,0,40.0,43.0,46.0,35.0,988.0,988.0,988.0,988.0,107.0,107.0,120.0,110.0,42.0,3.9157800414902306,988.0,0.0
WI,2020-09-19,2020,38,37,36.0,988.0,117.0,55.0,20.0,0.0,71.0,0,47.0,40.0,38.0,53.0,988.0,988.0,988.0,988.0,107.0,107.0,113.0,112.0,41.5,4.654746681256303,988.0,0.0
WI,2020-09-26,2020,39,38,60.0,988.0,112.0,43.0,23.0,0.0,80.0,0,36.0,47.0,43.0,48.0,988.0,988.0,988.0,988.0,117.0,107.0,107.0,113.0,45.75,10.531698185319716,988.0,0.0
WI,2020-10-03,2020,40,39,85.0,988.0,117.0,70.0,36.0,0.0,119.0,0,60.0,36.0,40.0,60.0,988.0,988.0,988.0,988.0,112.0,117.0,107.0,110.0,57.0,21.087120871912944,988.0,0.0
WI,2020-10-10,2020,41,40,127.0,988.0,113.0,78.0,53.0,0.0,152.0,0,85.0,60.0,47.0,46.0,988.0,988.0,988.0,988.0,117.0,112.0,107.0,120.0,77.0,38.875870836977185,988.0,0.0
WI,2020-10-17,2020,42,41,194.0,988.0,117.0,113.0,70.0,0.0,237.0,0,127.0,85.0,36.0,38.0,988.0,988.0,988.0,988.0,113.0,117.0,117.0,113.0,116.5,58.597497102407594,988.0,0.0
WI,2020-10-24,2020,43,42,280.0,988.0,132.0,138.0,86.0,0.0,332.0,1,194.0,127.0,60.0,43.0,988.0,988.0,988.0,988.0,117.0,113.0,112.0,107.0,171.5,85.12931340026184,988.0,0.0
WI,2020-10-31,2020,44,43,349.0,988.0,140.0,168.0,108.0,0.0,409.0,1,280.0,194.0,85.0,40.0,988.0,988.0,988.0,988.0,132.0,117.0,117.0,107.0,237.5,97.1956789162975,988.0,0.0
WI,2020-11-07,2020,45,44,425.0,988.0,154.0,212.0,163.0,0.0,474.0,1,349.0,280.0,127.0,47.0,988.0,988.0,988.0,988.0,140.0,132.0,113.0,107.0,312.0,98.46488375727326,988.0,0.0
WI,2020-11-14,2020,46,45,525.0,988.0,165.0,237.0,174.0,0.0,588.0,1,425.0,349.0,194.0,36.0,988.0,988.0,988.0,988.0,154.0,140.0,117.0,117.0,394.75,105.10431326385549,988.0,0.0
WI,2020-11-21,2020,47,46,565.0,988.0,156.0,218.0,175.0,0.0,608.0,1,525.0,425.0,280.0,60.0,988.0,988.0,988.0,988.0,165.0,154.0,132.0,112.0,466.0,97.7275123323349,988.0,0.0
WI,2020-11-28,2020,48,47,489.0,988.0,162.0,228.0,181.0,0.0,536.0,1,565.0,525.0,349.0,85.0,988.0,988.0,988.0,988.0,156.0,165.0,140.0,117.0,501.0,59.419413213752534,988.0,0.0
WI,2020-12-05,2020,49,48,515.0,988.0,157.0,220.0,187.0,0.0,548.0,1,489.0,565.0,425.0,127.0,988.0,988.0,988.0,988.0,162.0,156.0,154.0,113.0,523.5,31.554186198770335,988.0,0.0
WI,2020-12-12,2020,50,49,436.0,988.0,142.0,194.0,145.0,0.0,485.0,1,515.0,489.0,525.0,194.0,988.0,988.0,988.0,988.0,157.0,162.0,165.0,117.0,501.25,53.7300350517908,988.0,0.0
WI,2020-12-19,2020,51,50,399.0,988.0,144.0,166.0,131.0,0.0,434.0,1,436.0,515.0,565.0,280.0,988.0,988.0,988.0,988.0,142.0,157.0,156.0,132.0,459.75,52.16240664182077,988.0,0.0
WI,2020-12-26,2020,52,51,329.0,988.0,132.0,156.0,104.0,0.0,381.0,1,399.0,436.0,489.0,349.0,988.0,988.0,988.0,988.0,144.0,142.0,162.0,140.0,419.75,77.4655837560569,988.0,0.0
WI,2021-01-02,2021,53,52,310.0,988.0,132.0,151.0,105.0,0.0,356.0,1,329.0,399.0,515.0,425.0,988.0,988.0,988.0,988.0,132.0,144.0,157.0,154.0,368.5,59.0734006695625,988.0,0.0
WI,2021-01-09,2021,1,53,279.0,988.0,121.0,139.0,104.0,0.0,314.0,1,310.0,329.0,436.0,525.0,988.0,988.0,988.0,988.0,132.0,132.0,142.0,165.0,329.25,50.86174069638856,988.0,0.0
WI,2021-01-16,2021,2,54,240.0,988.0,114.0,125.0,79.0,0.0,286.0,0,279.0,310.0,399.0,565.0,988.0,988.0,988.0,988.0,121.0,132.0,144.0,156.0,289.5,38.90586930871315,988.0,0.0
WI,2021-01-23,2021,3,55,215.0,988.0,111.0,135.0,81.0,0.0,270.0,0,240.0,279.0,329.0,489.0,988.0,988.0,988.0,988.0,114.0,121.0,132.0,162.0,261.0,41.960298696108765,988.0,0.0
WI,2021-01-30,2021,4,56,195.0,988.0,106.0,111.0,66.0,0.0,240.0,0,215.0,240.0,310.0,515.0,988.0,988.0,988.0,988.0,111.0,114.0,132.0,157.0,232.25,36.19737559547654,988.0,0.0
WI,2021-02-06,2021,5,57,161.0,988.0,104.0,82.0,44.0,0.0,199.0,0,195.0,215.0,279.0,436.0,988.0,988.0,988.0,988.0,106.0,111.0,121.0,142.0,202.75,33.370396061978845,988.0,0.0
WI,2021-02-13,2021,6,58,112.0,988.0,103.0,78.0,33.0,0.0,157.0,0,161.0,195.0,240.0,399.0,988.0,988.0,988.0,988.0,104.0,106.0,114.0,144.0,170.75,45.065692790266375,988.0,0.0
WI,2021-02-20,2021,7,59,73.0,988.0,104.0,65.0,22.0,0.0,116.0,0,112.0,161.0,215.0,329.0,988.0,988.0,988.0,988.0,103.0,104.0,111.0,132.0,135.25,53.692799020601136,988.0,0.0
WI,2021-02-27,2021,8,60,77.0,988.0,107.0,68.0,28.0,0.0,117.0,0,73.0,112.0,195.0,310.0,988.0,988.0,988.0,988.0,104.0,103.0,106.0,132.0,105.75,40.787048597972046,988.0,0.0
WI,2021-03-06,2021,9,61,53.0,988.0,103.0,63.0,18.0,0.0,99.0,0,77.0,73.0,161.0,279.0,988.0,988.0,988.0,988.0,107.0,104.0,104.0,121.0,78.75,24.527195790251547,988.0,0.0
WI,2021-03-13,2021,10,62,47.0,988.0,100.0,50.0,16.0,0.0,81.0,0,53.0,77.0,112.0,240.0,988.0,988.0,988.0,988.0,103.0,107.0,103.0,114.0,62.5,14.730919862656233,988.0,0.0
WI,2021-03-20,2021,11,63,34.0,996.0,95.0,44.0,11.0,0.0,67.0,0,47.0,53.0,73.0,215.0,988.0,988.0,988.0,988.0,100.0,103.0,104.0,111.0,52.75,18.006943105369103,990.0,4.0
WI,2021-03-27,2021,12,64,37.0,988.0,95.0,50.0,12.0,0.0,75.0,0,34.0,47.0,77.0,195.0,996.0,988.0,988.0,988.0,95.0,100.0,107.0,106.0,42.75,8.808140174482535,990.0,4.0
WI,2021-04-03,2021,13,65,42.0,981.0,95.0,48.0,18.0,0.0,72.0,0,37.0,34.0,53.0,161.0,988.0,996.0,988.0,988.0,95.0,95.0,103.0,104.0,40.0,5.715476066494073,988.25,6.130524719249835
WI,2021-04-10,2021,14,66,42.0,988.0,101.0,52.0,14.0,0.0,80.0,0,42.0,37.0,47.0,112.0,981.0,988.0,988.0,988.0,95.0,95.0,100.0,103.0,38.75,3.9475730941089906,988.25,6.130524719249835
WI,2021-04-17,2021,15,67,48.0,987.0,94.0,55.0,23.0,0.0,80.0,0,42.0,42.0,34.0,73.0,988.0,981.0,996.0,988.0,101.0,95.0,95.0,104.0,42.25,4.499999999999988,986.0,3.3665016461206703
WI,2021-04-24,2021,16,68,45.0,988.0,106.0,49.0,13.0,0.0,81.0,0,48.0,42.0,37.0,77.0,987.0,988.0,988.0,988.0,94.0,101.0,95.0,107.0,44.25,2.8722813232689957,986.0,3.3665016461206703
WI,2021-05-01,2021,17,69,50.0,988.0,102.0,48.0,14.0,0.0,84.0,0,45.0,48.0,42.0,53.0,988.0,987.0,981.0,988.0,106.0,94.0,95.0,103.0,46.25,3.4999999999999845,987.75,0.49999999999991473
WI,2021-05-08,2021,18,70,39.0,988.0,102.0,56.0,15.0,0.0,80.0,0,50.0,45.0,42.0,47.0,988.0,988.0,988.0,988.0,102.0,106.0,101.0,100.0,45.5,4.7958315233127085,987.75,0.49999999999991473
WI,2021-05-15,2021,19,71,42.0,988.0,97.0,50.0,22.0,0.0,70.0,0,39.0,50.0,48.0,34.0,988.0,988.0,987.0,996.0,102.0,102.0,94.0,95.0,44.0,4.690415759823417,988.0,0.0
WI,2021-05-22,2021,20,72,40.0,988.0,105.0,57.0,20.0,0.0,77.0,0,42.0,39.0,45.0,37.0,988.0,988.0,988.0,988.0,97.0,102.0,106.0,95.0,42.75,4.991659710623967,988.0,0.0
WI,2021-05-29,2021,21,73,28.0,988.0,102.0,48.0,11.0,0.0,65.0,0,40.0,42.0,50.0,42.0,988.0,988.0,988.0,981.0,105.0,97.0,102.0,95.0,37.25,6.29152869605895,988.0,0.0
WI,2021-06-05,2021,22,74,30.0,988.0,109.0,44.0,13.0,0.0,61.0,0,28.0,40.0,39.0,42.0,988.0,988.0,988.0,988.0,102.0,105.0,102.0,101.0,35.0,7.023769168568484,988.0,0.0
WI,2021-06-12,2021,23,75,20.0,988.0,110.0,54.0,14.0,0.0,67.0,0,30.0,28.0,42.0,48.0,988.0,988.0,988.0,987.0,109.0,102.0,97.0,94.0,29.5,8.225975119502037,988.0,0.0
WI,2021-06-19,2021,24,76,12.0,988.0,111.0,48.0,14.0,0.0,58.0,0,20.0,30.0,40.0,45.0,988.0,988.0,988.0,988.0,110.0,109.0,105.0,106.0,22.5,8.225975119502037,988.0,0.0
WI,2021-06-26,2021,25,77,36.0,947.0,99.0,34.0,14.0,0.0,40.0,0,12.0,20.0,28.0,50.0,988.0,988.0,988.0,988.0,111.0,110.0,102.0,102.0,24.5,10.630145812734645,977.75,20.5
WI,2021-07-03,2021,26,78,19.0,988.0,108.0,40.0,14.0,0.0,51.0,0,36.0,12.0,30.0,39.0,947.0,988.0,988.0,988.0,99.0,111.0,109.0,102.0,21.75,10.144785195688796,977.75,20.5
WI,2021-07-10,2021,27,79,15.0,988.0,103.0,43.0,14.0,0.0,53.0,0,19.0,36.0,20.0,42.0,988.0,947.0,988.0,988.0,108.0,99.0,110.0,97.0,20.5,10.723805294763602,977.75,20.5
WI,2021-07-17,2021,28,80,11.0,957.0,98.0,46.0,14.0,0.0,51.0,0,15.0,19.0,12.0,40.0,988.0,988.0,988.0,988.0,103.0,108.0,111.0,105.0,20.25,10.996211468804452,970.0,21.181753153756343
WI,2021-07-24,2021,29,81,10.0,988.0,114.0,46.0,14.0,0.0,51.0,0,11.0,15.0,36.0,28.0,957.0,988.0,947.0,988.0,98.0,103.0,99.0,102.0,13.75,4.112987559751009,980.25,15.500000000000018
WI,2021-07-31,2021,30,82,23.0,988.0,112.0,45.0,14.0,0.0,60.0,0,10.0,11.0,19.0,30.0,988.0,957.0,988.0,988.0,114.0,98.0,108.0,109.0,14.75,5.909032633745269,980.25,15.500000000000018
WI,2021-08-07,2021,31,83,34.0,988.0,115.0,43.0,12.0,0.0,65.0,0,23.0,10.0,15.0,20.0,988.0,988.0,988.0,988.0,112.0,114.0,103.0,110.0,19.5,11.328430311977614,980.25,15.500000000000018
WI,2021-08-14,2021,32,84,46.0,988.0,106.0,67.0,16.0,0.0,97.0,0,34.0,23.0,11.0,12.0,988.0,988.0,957.0,988.0,115.0,112.0,98.0,111.0,28.25,15.370426148939394,988.0,0.0
WI,2021-08-21,2021,33,85,74.0,988.0,122.0,70.0,33.0,0.0,111.0,0,46.0,34.0,10.0,36.0,988.0,988.0,988.0,947.0,106.0,115.0,114.0,99.0,44.25,21.94500702513748,988.0,0.0
WI,2021-08-28,2021,34,86,111.0,988.0,125.0,83.0,43.0,0.0,151.0,0,74.0,46.0,23.0,19.0,988.0,988.0,988.0,988.0,122.0,106.0,112.0,108.0,66.25,34.218659626973505,988.0,0.0
WI,2021-09-04,2021,35,87,120.0,988.0,116.0,93.0,55.0,0.0,158.0,0,111.0,74.0,34.0,15.0,988.0,988.0,988.0,988.0,125.0,122.0,115.0,103.0,87.75,34.218659626973505,988.0,0.0
WI,2021-09-11,2021,36,88,135.0,988.0,123.0,113.0,73.0,0.0,175.0,0,120.0,111.0,46.0,11.0,988.0,988.0,988.0,957.0,116.0,125.0,106.0,98.0,110.0,25.961509971494333,988.0,0.0
WI,2021-09-18,2021,37,89,168.0,988.0,127.0,123.0,84.0,0.0,207.0,0,135.0,120.0,74.0,10.0,988.0,988.0,988.0,988.0,123.0,116.0,122.0,114.0,133.5,25.039968051097823,988.0,0.0
WI,2021-09-25,2021,38,90,146.0,988.0,121.0,110.0,64.0,0.0,192.0,0,168.0,135.0,111.0,23.0,988.0,988.0,988.0,988.0,127.0,123.0,125.0,112.0,142.25,20.205197351176746,988.0,0.0
WI,2021-10-02,2021,39,91,175.0,988.0,133.0,117.0,72.0,0.0,220.0,0,146.0,168.0,120.0,34.0,988.0,988.0,988.0,988.0,121.0,127.0,116.0,115.0,156.0,18.672618098881223,988.0,0.0
WI,2021-10-09,2021,40,92,180.0,988.0,129.0,121.0,77.0,0.0,224.0,0,175.0,146.0,135.0,46.0,988.0,988.0,988.0,988.0,133.0,121.0,123.0,106.0,167.25,14.997221964972933,988.0,0.0
WI,2021-10-16,2021,41,93,175.0,988.0,124.0,127.0,76.0,0.0,226.0,0,180.0,175.0,168.0,74.0,988.0,988.0,988.0,988.0,129.0,133.0,127.0,122.0,169.0,15.513435037626792,988.0,0.0
WI,2021-10-23,2021,42,94,156.0,988.0,122.0,121.0,77.0,0.0,200.0,0,175.0,180.0,146.0,111.0,988.0,988.0,988.0,988.0,124.0,129.0,121.0,125.0,171.5,10.598742063723094,988.0,0.0
WI,2021-10-30,2021,43,95,170.0,988.0,126.0,128.0,76.0,0.0,223.0,0,156.0,175.0,175.0,120.0,988.0,988.0,988.0,988.0,122.0,124.0,133.0,116.0,170.25,10.340051579497397,988.0,0.0
WI,2021-11-06,2021,44,96,165.0,988.0,127.0,136.0,82.0,0.0,219.0,0,170.0,156.0,180.0,135.0,988.0,988.0,988.0,988.0,126.0,122.0,129.0,123.0,166.5,8.10349718742881,988.0,0.0
WI,2021-11-13,2021,45,97,169.0,988.0,126.0,122.0,66.0,0.0,225.0,0,165.0,170.0,175.0,168.0,988.0,988.0,988.0,988.0,127.0,126.0,124.0,127.0,165.0,6.377042156569658,988.0,0.0
WI,2021-11-20,2021,46,98,212.0,988.0,131.0,144.0,85.0,0.0,271.0,0,169.0,165.0,156.0,146.0,988.0,988.0,988.0,988.0,126.0,127.0,122.0,121.0,179.0,22.105806175452333,988.0,0.0
WI,2021-11-27,2021,47,99,238.0,988.0,131.0,152.0,100.0,0.0,290.0,0,212.0,169.0,170.0,175.0,988.0,988.0,988.0,988.0,131.0,126.0,126.0,133.0,196.0,35.16627171974116,988.0,0.0
WI,2021-12-04,2021,48,100,275.0,988.0,137.0,177.0,130.0,0.0,322.0,1,238.0,212.0,165.0,180.0,988.0,988.0,988.0,988.0,131.0,131.0,127.0,129.0,223.5,44.59073147340524,988.0,0.0
WI,2021-12-11,2021,49,101,301.0,988.0,139.0,190.0,136.0,0.0,356.0,1,275.0,238.0,169.0,175.0,988.0,988.0,988.0,988.0,137.0,131.0,126.0,124.0,256.5,39.34886698919466,988.0,0.0
WI,2021-12-18,2021,50,102,322.0,988.0,134.0,204.0,140.0,0.0,387.0,1,301.0,275.0,212.0,156.0,988.0,988.0,988.0,988.0,139.0,137.0,131.0,122.0,284.0,36.19392214170772,988.0,0.0
WI,2021-12-25,2021,51,103,298.0,988.0,140.0,178.0,124.0,0.0,354.0,1,322.0,301.0,238.0,170.0,988.0,988.0,988.0,988.0,134.0,139.0,131.0,126.0,299.0,19.23538406167136,988.0,0.0
WV,2020-02-29,2020,9,8,0.0,460.0,102.0,42.0,0.0,0.0,44.0,0,0.0,0.0,0.0,0.0,467.0,478.0,482.0,469.0,108.0,103.0,102.0,91.0,0.0,0.0,471.75,10.078855755160589
WV,2020-03-07,2020,10,9,0.0,483.0,107.0,29.0,0.0,0.0,36.0,0,0.0,0.0,0.0,0.0,460.0,467.0,482.0,494.0,102.0,108.0,104.0,95.0,0.0,0.0,472.0,10.424330514074612
WV,2020-03-14,2020,11,10,0.0,475.0,104.0,37.0,0.0,0.0,45.0,0,0.0,0.0,0.0,0.0,483.0,460.0,478.0,520.0,107.0,102.0,103.0,101.0,0.0,0.0,471.25,9.945685831890481
WV,2020-03-21,2020,12,11,0.0,470.0,99.0,37.0,0.0,0.0,46.0,0,0.0,0.0,0.0,0.0,475.0,483.0,467.0,442.0,104.0,107.0,108.0,93.0,0.0,0.0,472.0,9.626352718795786
WV,2020-03-28,2020,13,12,25.0,491.0,104.0,25.0,0.0,0.0,33.0,0,0.0,0.0,0.0,0.0,470.0,475.0,460.0,482.0,99.0,104.0,102.0,102.0,6.25,12.5,479.75,9.21502396451941
WV,2020-04-04,2020,14,13,25.0,467.0,102.0,46.0,0.0,0.0,52.0,0,25.0,0.0,0.0,0.0,491.0,470.0,483.0,482.0,104.0,99.0,107.0,104.0,12.5,14.433756729740644,475.75,10.688779163215996
WV,2020-04-11,2020,15,14,25.0,523.0,113.0,50.0,12.0,0.0,59.0,0,25.0,25.0,0.0,0.0,467.0,491.0,475.0,478.0,102.0,104.0,104.0,103.0,18.75,12.499999999999998,487.75,25.81181899828062
WV,2020-04-18,2020,16,15,11.0,419.0,96.0,27.0,12.0,0.0,38.0,0,25.0,25.0,0.0,0.0,523.0,467.0,470.0,467.0,113.0,102.0,99.0,108.0,21.5,6.999999999999998,475.0,43.8178046004133
WV,2020-04-25,2020,17,16,16.0,460.0,110.0,28.0,12.0,0.0,39.0,0,11.0,25.0,25.0,0.0,419.0,523.0,491.0,460.0,96.0,113.0,104.0,102.0,19.25,6.946221994724901,467.25,42.77362894744066
WV,2020-05-02,2020,18,17,15.0,482.0,109.0,35.0,12.0,0.0,44.0,0,16.0,11.0,25.0,0.0,460.0,419.0,467.0,483.0,110.0,96.0,102.0,107.0,16.75,5.9090326337452765,471.0,43.39738855430513
WV,2020-05-09,2020,19,18,25.0,449.0,109.0,25.0,0.0,0.0,29.0,0,15.0,16.0,25.0,0.0,482.0,460.0,523.0,475.0,109.0,110.0,113.0,104.0,16.75,5.9090326337452765,452.5,26.210684844162337
WV,2020-05-16,2020,20,19,14.0,477.0,115.0,41.0,12.0,0.0,49.0,0,25.0,15.0,11.0,0.0,449.0,482.0,419.0,470.0,109.0,109.0,96.0,99.0,17.5,5.066228051190219,467.0,15.253414918196764
WV,2020-05-23,2020,21,20,25.0,440.0,109.0,32.0,12.0,0.0,36.0,0,14.0,25.0,16.0,25.0,477.0,449.0,460.0,491.0,115.0,109.0,110.0,104.0,19.75,6.0759087111860595,462.0,20.639767440550315
WV,2020-05-30,2020,22,21,25.0,412.0,95.0,31.0,12.0,0.0,35.0,0,25.0,14.0,15.0,25.0,440.0,477.0,482.0,467.0,109.0,115.0,109.0,102.0,22.25,5.499999999999998,444.5,26.789301347117423
WV,2020-06-06,2020,23,22,25.0,409.0,98.0,25.0,12.0,0.0,28.0,0,25.0,25.0,25.0,25.0,412.0,440.0,449.0,523.0,95.0,109.0,109.0,113.0,22.25,5.499999999999998,434.5,31.5858618161143
WV,2020-06-13,2020,24,23,25.0,458.0,110.0,28.0,12.0,0.0,28.0,0,25.0,25.0,14.0,11.0,409.0,412.0,477.0,419.0,98.0,95.0,115.0,96.0,25.0,0.0,429.75,23.44319375284293
WV,2020-06-20,2020,25,24,25.0,419.0,103.0,27.0,0.0,0.0,29.0,0,25.0,25.0,25.0,16.0,458.0,409.0,440.0,460.0,110.0,98.0,109.0,110.0,25.0,0.0,424.5,22.72296928953903
WV,2020-06-27,2020,26,25,25.0,464.0,111.0,33.0,12.0,0.0,34.0,0,25.0,25.0,25.0,15.0,419.0,458.0,412.0,482.0,103.0,110.0,95.0,109.0,25.0,0.0,437.5,27.549954627911827
WV,2020-07-04,2020,27,26,25.0,425.0,102.0,28.0,12.0,0.0,28.0,0,25.0,25.0,25.0,25.0,464.0,419.0,409.0,449.0,111.0,103.0,98.0,109.0,25.0,0.0,441.5,22.78157149978904
WV,2020-07-11,2020,28,27,25.0,436.0,108.0,17.0,0.0,0.0,18.0,0,25.0,25.0,25.0,14.0,425.0,464.0,458.0,477.0,102.0,111.0,110.0,115.0,25.0,0.0,436.0,19.94993734326001
WV,2020-07-18,2020,29,28,25.0,426.0,112.0,27.0,12.0,0.0,30.0,0,25.0,25.0,25.0,25.0,436.0,425.0,419.0,440.0,108.0,102.0,103.0,109.0,25.0,0.0,437.75,18.19111504737043
WV,2020-07-25,2020,30,29,25.0,501.0,121.0,39.0,12.0,0.0,45.0,0,25.0,25.0,25.0,25.0,426.0,436.0,464.0,412.0,112.0,108.0,111.0,95.0,25.0,0.0,447.0,36.340977789083595
WV,2020-08-01,2020,31,30,17.0,474.0,123.0,31.0,12.0,0.0,44.0,0,25.0,25.0,25.0,25.0,501.0,426.0,425.0,409.0,121.0,112.0,102.0,98.0,23.0,3.9999999999999973,459.25,34.673476895171625
WV,2020-08-08,2020,32,31,22.0,494.0,129.0,39.0,12.0,0.0,54.0,0,17.0,25.0,25.0,25.0,474.0,501.0,436.0,458.0,123.0,121.0,108.0,110.0,22.25,3.7749172176353722,473.75,33.8267645511657
WV,2020-08-15,2020,33,32,14.0,462.0,112.0,31.0,12.0,0.0,38.0,0,22.0,17.0,25.0,25.0,494.0,474.0,426.0,419.0,129.0,123.0,112.0,103.0,19.5,4.932882862316245,482.75,17.95132307101625
WV,2020-08-22,2020,34,33,31.0,497.0,125.0,26.0,12.0,0.0,49.0,0,14.0,22.0,25.0,25.0,462.0,494.0,501.0,464.0,112.0,129.0,121.0,111.0,21.0,7.438637868140464,481.75,16.66083231214256
WV,2020-08-29,2020,35,34,32.0,442.0,111.0,25.0,11.0,0.0,46.0,0,31.0,14.0,17.0,25.0,497.0,462.0,474.0,425.0,125.0,112.0,123.0,102.0,24.75,8.460693430998035,473.75,26.437032107758746
WV,2020-09-05,2020,36,35,28.0,460.0,110.0,45.0,11.0,0.0,62.0,0,32.0,31.0,22.0,25.0,442.0,497.0,494.0,436.0,111.0,125.0,129.0,108.0,26.25,8.341662504161464,465.25,22.998188334446407
WV,2020-09-12,2020,37,36,23.0,468.0,111.0,27.0,12.0,0.0,41.0,0,28.0,32.0,14.0,25.0,460.0,442.0,462.0,426.0,110.0,111.0,112.0,112.0,28.5,4.041451884327377,466.75,22.91105992019284
WV,2020-09-19,2020,38,37,36.0,484.0,120.0,42.0,12.0,0.0,66.0,0,23.0,28.0,31.0,25.0,468.0,460.0,497.0,501.0,111.0,110.0,125.0,121.0,29.75,5.560275772537423,463.5,17.464249196572986
WV,2020-09-26,2020,39,38,24.0,495.0,121.0,35.0,11.0,0.0,48.0,0,36.0,23.0,32.0,17.0,484.0,468.0,442.0,474.0,120.0,111.0,111.0,123.0,27.75,5.9090326337452765,476.75,15.73478100684383
WV,2020-10-03,2020,40,39,23.0,424.0,98.0,26.0,12.0,0.0,43.0,0,24.0,36.0,28.0,22.0,495.0,484.0,460.0,494.0,121.0,120.0,110.0,129.0,26.5,6.350852961085882,467.75,31.20229692399797
WV,2020-10-10,2020,41,40,34.0,500.0,114.0,44.0,20.0,0.0,58.0,0,23.0,24.0,23.0,14.0,424.0,495.0,468.0,462.0,98.0,121.0,111.0,112.0,29.25,6.701989754294364,475.75,35.14138111495714
WV,2020-10-17,2020,42,41,21.0,455.0,105.0,40.0,11.0,0.0,50.0,0,34.0,23.0,36.0,31.0,500.0,424.0,484.0,497.0,114.0,98.0,120.0,125.0,25.5,5.8022983951764004,468.5,35.85619425798932
WV,2020-10-24,2020,43,42,28.0,471.0,109.0,54.0,17.0,0.0,65.0,0,21.0,34.0,24.0,32.0,455.0,500.0,495.0,442.0,105.0,114.0,121.0,111.0,26.5,5.8022983951764004,462.5,31.71224789677746
WV,2020-10-31,2020,44,43,44.0,485.0,109.0,47.0,16.0,0.0,75.0,0,28.0,21.0,23.0,28.0,471.0,455.0,424.0,460.0,109.0,105.0,98.0,110.0,31.75,9.742518497116986,477.75,19.241881404893856
WV,2020-11-07,2020,45,44,52.0,531.0,117.0,49.0,22.0,0.0,79.0,0,44.0,28.0,34.0,23.0,485.0,471.0,500.0,468.0,109.0,109.0,114.0,111.0,36.25,14.244882121894397,485.5,32.715949219506584
WV,2020-11-14,2020,46,45,54.0,554.0,130.0,57.0,27.0,0.0,84.0,0,52.0,44.0,21.0,36.0,531.0,485.0,455.0,484.0,117.0,109.0,105.0,120.0,44.5,11.818065267490555,510.25,38.82761045098363
WV,2020-11-21,2020,47,46,82.0,524.0,119.0,75.0,40.0,0.0,117.0,0,54.0,52.0,28.0,24.0,554.0,531.0,471.0,495.0,130.0,117.0,109.0,121.0,58.0,16.573070526208067,523.5,28.68797657556209
WV,2020-11-28,2020,48,47,87.0,570.0,135.0,55.0,40.0,0.0,102.0,0,82.0,54.0,44.0,23.0,524.0,554.0,485.0,424.0,119.0,130.0,109.0,98.0,68.75,18.318933738985283,544.75,21.15616537403061
WV,2020-12-05,2020,49,48,137.0,637.0,139.0,104.0,70.0,0.0,171.0,1,87.0,82.0,52.0,34.0,570.0,524.0,531.0,500.0,135.0,119.0,117.0,114.0,90.0,34.53500639447844,571.25,47.800801945852996
WV,2020-12-12,2020,50,49,161.0,647.0,139.0,88.0,68.0,0.0,181.0,1,137.0,87.0,54.0,21.0,637.0,570.0,554.0,455.0,139.0,135.0,130.0,105.0,116.75,38.560558433024106,594.5,58.11769667379003
WV,2020-12-19,2020,51,50,185.0,695.0,150.0,108.0,71.0,0.0,222.0,1,161.0,137.0,82.0,28.0,647.0,637.0,524.0,471.0,139.0,139.0,119.0,109.0,142.5,41.86884283091664,637.25,51.48705338885363
WV,2020-12-26,2020,52,51,174.0,669.0,147.0,112.0,79.0,0.0,207.0,1,185.0,161.0,87.0,44.0,695.0,647.0,570.0,485.0,150.0,139.0,135.0,109.0,164.25,20.64582282206257,662.0,25.7423127684104
WV,2021-01-02,2021,53,52,199.0,730.0,161.0,134.0,103.0,0.0,230.0,1,174.0,185.0,137.0,52.0,669.0,695.0,637.0,531.0,147.0,150.0,139.0,117.0,179.75,16.15291511358449,685.25,35.70597522357657
WV,2021-01-09,2021,1,53,213.0,722.0,140.0,162.0,125.0,0.0,250.0,1,199.0,174.0,161.0,54.0,730.0,669.0,647.0,554.0,161.0,147.0,139.0,130.0,192.75,16.938614661968852,704.0,27.724838442571027
WV,2021-01-16,2021,2,54,173.0,682.0,131.0,117.0,82.0,0.0,208.0,1,213.0,199.0,185.0,82.0,722.0,730.0,695.0,524.0,140.0,161.0,150.0,119.0,189.75,19.619293225462183,700.75,29.81470554385309
WV,2021-01-23,2021,3,55,139.0,607.0,118.0,97.0,83.0,0.0,153.0,1,173.0,213.0,174.0,87.0,682.0,722.0,669.0,570.0,131.0,140.0,147.0,135.0,181.0,32.5371582450998,685.25,56.23388658095755
WV,2021-01-30,2021,4,56,116.0,623.0,131.0,104.0,71.0,0.0,149.0,1,139.0,173.0,199.0,137.0,607.0,682.0,730.0,637.0,118.0,131.0,161.0,139.0,160.25,42.248274126485526,658.5,53.21967054889886
WV,2021-02-06,2021,5,57,105.0,589.0,125.0,93.0,62.0,0.0,136.0,0,116.0,139.0,213.0,161.0,623.0,607.0,722.0,647.0,131.0,118.0,140.0,139.0,133.25,30.048571790796746,625.25,40.301985062773284
WV,2021-02-13,2021,6,58,91.0,574.0,123.0,91.0,50.0,0.0,132.0,0,105.0,116.0,173.0,185.0,589.0,623.0,682.0,695.0,125.0,131.0,131.0,150.0,112.75,20.271079563424,598.25,21.313141485947153
WV,2021-02-20,2021,7,59,55.0,514.0,110.0,58.0,33.0,0.0,80.0,0,91.0,105.0,139.0,174.0,574.0,589.0,607.0,669.0,123.0,125.0,118.0,147.0,91.75,26.550266790875494,575.0,45.541190146942824
WV,2021-02-27,2021,8,60,33.0,492.0,114.0,51.0,20.0,0.0,64.0,0,55.0,91.0,116.0,199.0,514.0,574.0,623.0,730.0,110.0,123.0,131.0,161.0,71.0,32.944397601615556,542.25,46.60740284547083
WV,2021-03-06,2021,9,61,29.0,504.0,112.0,59.0,18.0,0.0,70.0,0,33.0,55.0,105.0,213.0,492.0,514.0,589.0,722.0,114.0,110.0,125.0,140.0,52.0,28.401877872187715,521.0,36.460023770334196
WV,2021-03-13,2021,10,62,33.0,490.0,108.0,45.0,21.0,0.0,57.0,0,29.0,33.0,91.0,173.0,504.0,492.0,574.0,682.0,112.0,114.0,123.0,131.0,37.5,11.818065267490539,500.0,11.195237082497826
WV,2021-03-20,2021,11,63,22.0,506.0,110.0,54.0,13.0,0.0,63.0,0,33.0,29.0,55.0,139.0,490.0,504.0,514.0,607.0,108.0,112.0,110.0,118.0,29.25,5.188127472091084,498.0,8.164965809277327
WV,2021-03-27,2021,12,64,17.0,510.0,108.0,45.0,11.0,0.0,51.0,0,22.0,33.0,33.0,116.0,506.0,490.0,492.0,623.0,110.0,108.0,114.0,131.0,25.25,7.135591542869184,502.5,8.698658900466654
WV,2021-04-03,2021,13,65,25.0,483.0,102.0,37.0,12.0,0.0,50.0,0,17.0,22.0,29.0,105.0,510.0,506.0,504.0,589.0,108.0,110.0,112.0,125.0,24.25,6.701989754294334,497.25,12.8419884233972
WV,2021-04-10,2021,14,66,39.0,488.0,106.0,43.0,20.0,0.0,62.0,0,25.0,17.0,33.0,91.0,483.0,510.0,490.0,574.0,102.0,108.0,108.0,123.0,25.75,9.429563439877068,496.75,13.25078614020068
WV,2021-04-17,2021,15,67,34.0,509.0,110.0,44.0,18.0,0.0,60.0,0,39.0,25.0,22.0,55.0,488.0,483.0,506.0,514.0,106.0,102.0,110.0,110.0,28.75,9.742518497116967,497.5,14.011899704655841
WV,2021-04-24,2021,16,68,27.0,471.0,108.0,40.0,14.0,0.0,53.0,0,34.0,39.0,17.0,33.0,509.0,488.0,510.0,492.0,110.0,106.0,108.0,114.0,31.25,6.448514040717669,487.75,15.86137867063687
WV,2021-05-01,2021,17,69,33.0,520.0,124.0,45.0,12.0,0.0,66.0,0,27.0,34.0,25.0,29.0,471.0,509.0,483.0,504.0,108.0,110.0,102.0,112.0,33.25,4.924428900898008,497.0,21.832697191750444
WV,2021-05-08,2021,18,70,43.0,488.0,111.0,51.0,26.0,0.0,68.0,0,33.0,27.0,39.0,33.0,520.0,471.0,488.0,490.0,124.0,108.0,106.0,108.0,34.25,6.601767440112754,497.0,21.832697191750444
WV,2021-05-15,2021,19,71,30.0,482.0,117.0,49.0,20.0,0.0,59.0,0,43.0,33.0,34.0,22.0,488.0,520.0,509.0,506.0,111.0,124.0,110.0,110.0,33.25,6.946221994724872,490.25,21.04558544366651
WV,2021-05-22,2021,20,72,25.0,463.0,112.0,44.0,18.0,0.0,51.0,0,30.0,43.0,27.0,17.0,482.0,488.0,471.0,510.0,117.0,111.0,108.0,108.0,32.75,7.588368291888113,488.25,23.697749541535256
WV,2021-05-29,2021,21,73,26.0,458.0,113.0,33.0,16.0,0.0,43.0,0,25.0,30.0,33.0,25.0,463.0,482.0,520.0,483.0,112.0,117.0,124.0,102.0,31.0,8.286535263104009,472.75,14.500000000000046
WV,2021-06-05,2021,22,74,25.0,487.0,112.0,38.0,15.0,0.0,48.0,0,26.0,25.0,43.0,39.0,458.0,463.0,488.0,488.0,113.0,112.0,111.0,106.0,26.5,2.380476142847525,472.5,14.153915830374812
WV,2021-06-12,2021,23,75,15.0,470.0,113.0,27.0,12.0,0.0,36.0,0,25.0,26.0,30.0,34.0,487.0,458.0,482.0,509.0,112.0,113.0,117.0,110.0,22.75,5.188127472091084,469.5,12.662279942148437
WV,2021-06-19,2021,24,76,17.0,480.0,116.0,41.0,13.0,0.0,45.0,0,15.0,25.0,25.0,27.0,470.0,487.0,463.0,471.0,113.0,112.0,112.0,108.0,20.75,5.560275772537386,473.75,12.606215398233838
WV,2021-06-26,2021,25,77,25.0,442.0,109.0,28.0,12.0,0.0,33.0,0,17.0,15.0,26.0,33.0,480.0,470.0,458.0,520.0,116.0,113.0,113.0,124.0,20.5,5.259911279353125,469.75,19.771612647092496
WV,2021-07-03,2021,26,78,10.0,462.0,111.0,35.0,12.0,0.0,38.0,0,25.0,17.0,25.0,43.0,442.0,480.0,487.0,488.0,109.0,116.0,112.0,111.0,16.75,6.238322424070931,463.5,16.1141759536958
WV,2021-07-10,2021,27,79,11.0,471.0,114.0,30.0,12.0,0.0,37.0,0,10.0,25.0,15.0,30.0,462.0,442.0,470.0,482.0,111.0,109.0,113.0,117.0,15.75,6.898067362191593,463.75,16.255768207008895
WV,2021-07-17,2021,28,80,25.0,407.0,101.0,27.0,12.0,0.0,29.0,0,11.0,10.0,17.0,25.0,471.0,462.0,480.0,463.0,114.0,111.0,116.0,112.0,17.75,8.381527307120079,445.5,28.384267943117145
WV,2021-07-24,2021,29,81,25.0,441.0,116.0,36.0,12.0,0.0,40.0,0,25.0,11.0,25.0,26.0,407.0,471.0,442.0,458.0,101.0,114.0,109.0,113.0,17.75,8.381527307120079,445.25,28.429737951659014
WV,2021-07-31,2021,30,82,18.0,467.0,113.0,39.0,12.0,0.0,48.0,0,25.0,25.0,10.0,25.0,441.0,407.0,462.0,487.0,116.0,101.0,111.0,112.0,19.75,6.701989754294334,446.5,29.50141239556734
WV,2021-08-07,2021,31,83,26.0,525.0,136.0,42.0,14.0,0.0,54.0,0,18.0,25.0,11.0,15.0,467.0,441.0,471.0,470.0,113.0,116.0,114.0,113.0,23.5,3.6968455021364126,460.0,49.81298358192706
WV,2021-08-14,2021,32,84,32.0,512.0,134.0,64.0,23.0,0.0,73.0,0,26.0,18.0,25.0,17.0,525.0,467.0,407.0,480.0,136.0,113.0,101.0,116.0,25.25,5.7373048260194635,486.25,39.08431057769005
WV,2021-08-21,2021,33,85,36.0,510.0,123.0,51.0,18.0,0.0,69.0,0,32.0,26.0,25.0,25.0,512.0,525.0,441.0,442.0,134.0,136.0,116.0,109.0,28.0,7.8315600829804595,503.5,25.22564832335007
WV,2021-08-28,2021,34,86,80.0,559.0,140.0,79.0,51.0,0.0,108.0,0,36.0,32.0,18.0,10.0,510.0,512.0,467.0,462.0,123.0,134.0,113.0,111.0,43.5,24.677925358506126,526.5,22.66421555374614
WV,2021-09-04,2021,35,87,123.0,627.0,158.0,106.0,75.0,0.0,154.0,1,80.0,36.0,26.0,11.0,559.0,510.0,525.0,471.0,140.0,123.0,136.0,114.0,67.75,42.77362894744065,552.0,54.88776427098
WV,2021-09-11,2021,36,88,139.0,637.0,153.0,120.0,82.0,0.0,177.0,1,123.0,80.0,32.0,25.0,627.0,559.0,512.0,407.0,158.0,140.0,134.0,101.0,94.5,46.278144589716064,583.25,59.879740591733814
WV,2021-09-18,2021,37,89,155.0,652.0,154.0,123.0,84.0,0.0,194.0,1,139.0,123.0,36.0,25.0,637.0,627.0,510.0,441.0,153.0,158.0,123.0,116.0,124.25,32.263240176192255,618.75,41.13696634415331
WV,2021-09-25,2021,38,90,185.0,685.0,170.0,139.0,103.0,0.0,221.0,1,155.0,139.0,80.0,18.0,652.0,637.0,559.0,467.0,154.0,153.0,140.0,113.0,150.5,26.451212952654288,650.25,25.342651794948434
WV,2021-10-02,2021,39,91,196.0,734.0,179.0,156.0,114.0,0.0,238.0,1,185.0,155.0,123.0,26.0,685.0,652.0,627.0,525.0,170.0,154.0,158.0,136.0,168.75,26.33597033210155,677.0,42.965102117881706
WV,2021-10-09,2021,40,92,179.0,662.0,153.0,146.0,106.0,0.0,219.0,1,196.0,185.0,139.0,32.0,734.0,685.0,637.0,512.0,179.0,170.0,153.0,134.0,178.75,17.327723451163447,683.25,36.54563357411301
WV,2021-10-16,2021,41,93,143.0,637.0,145.0,118.0,73.0,0.0,188.0,1,179.0,196.0,155.0,36.0,662.0,734.0,652.0,510.0,153.0,179.0,154.0,123.0,175.75,22.940139493908916,679.5,41.28357219685981
WV,2021-10-23,2021,42,94,154.0,608.0,141.0,114.0,91.0,0.0,177.0,1,143.0,179.0,185.0,80.0,637.0,662.0,685.0,559.0,145.0,153.0,170.0,140.0,168.0,23.98610709000802,660.25,53.891093883869175
WV,2021-10-30,2021,43,95,101.0,531.0,123.0,84.0,62.0,0.0,123.0,0,154.0,143.0,196.0,123.0,608.0,637.0,734.0,627.0,141.0,145.0,179.0,158.0,144.25,32.530754679226234,609.5,56.794952827400664
WV,2021-11-06,2021,44,96,110.0,585.0,132.0,90.0,65.0,0.0,135.0,0,101.0,154.0,179.0,139.0,531.0,608.0,662.0,637.0,123.0,141.0,153.0,153.0,127.0,25.49509756796391,590.25,44.86553985707368
WV,2021-11-13,2021,45,97,103.0,616.0,136.0,95.0,61.0,0.0,137.0,0,110.0,101.0,143.0,155.0,585.0,531.0,637.0,652.0,132.0,123.0,145.0,154.0,117.0,24.966644414765327,585.0,38.32318706301273
WV,2021-11-20,2021,46,98,113.0,620.0,145.0,105.0,55.0,0.0,163.0,1,103.0,110.0,154.0,185.0,616.0,585.0,608.0,685.0,136.0,132.0,141.0,170.0,106.75,5.678908345800218,588.0,41.09338957383129
WV,2021-11-27,2021,47,99,103.0,575.0,131.0,95.0,61.0,0.0,137.0,0,113.0,103.0,101.0,196.0,620.0,616.0,531.0,734.0,145.0,136.0,123.0,179.0,107.25,5.057996968497776,599.0,22.375581929117867
WV,2021-12-04,2021,48,100,87.0,627.0,148.0,75.0,47.0,0.0,115.0,0,103.0,113.0,110.0,179.0,575.0,620.0,585.0,662.0,131.0,145.0,132.0,153.0,101.5,10.75484386993442,609.5,23.444971031474243
WV,2021-12-11,2021,49,101,93.0,630.0,137.0,92.0,57.0,0.0,128.0,0,87.0,103.0,103.0,143.0,627.0,575.0,616.0,637.0,148.0,131.0,136.0,145.0,99.0,11.430952132988136,613.0,25.677486896761003
WV,2021-12-18,2021,50,102,102.0,594.0,127.0,99.0,64.0,0.0,137.0,0,93.0,87.0,113.0,154.0,630.0,627.0,620.0,608.0,137.0,148.0,145.0,141.0,96.25,7.63216876123683,606.5,26.589471600616655
WV,2021-12-25,2021,51,103,99.0,576.0,125.0,87.0,61.0,0.0,125.0,0,102.0,93.0,103.0,101.0,594.0,630.0,575.0,531.0,127.0,137.0,131.0,123.0,95.25,6.6520673478249845,606.75,26.19637379485946
WY,2020-02-29,2020,9,8,0.0,100.0,111.0,15.0,0.0,0.0,14.0,0,0.0,0.0,0.0,0.0,101.0,75.0,94.0,144.0,116.0,80.0,106.0,154.0,0.0,0.0,93.25,12.28481447424692
WY,2020-03-07,2020,10,9,0.0,80.0,83.0,10.0,0.0,0.0,11.0,0,0.0,0.0,0.0,0.0,100.0,101.0,97.0,81.0,111.0,116.0,106.0,87.0,0.0,0.0,89.0,13.4412301024373
WY,2020-03-14,2020,11,10,0.0,85.0,91.0,15.0,0.0,0.0,14.0,0,0.0,0.0,0.0,0.0,80.0,100.0,75.0,103.0,83.0,111.0,80.0,117.0,0.0,0.0,91.5,10.598742063723096
WY,2020-03-21,2020,12,11,0.0,117.0,126.0,15.0,0.0,0.0,14.0,0,0.0,0.0,0.0,0.0,85.0,80.0,101.0,96.0,91.0,83.0,116.0,102.0,0.0,0.0,95.5,16.663332999933317
WY,2020-03-28,2020,13,12,0.0,88.0,102.0,15.0,0.0,0.0,11.0,0,0.0,0.0,0.0,0.0,117.0,85.0,100.0,94.0,126.0,91.0,111.0,106.0,0.0,0.0,92.5,16.663332999933317
WY,2020-04-04,2020,14,13,0.0,123.0,140.0,10.0,0.0,0.0,10.0,0,0.0,0.0,0.0,0.0,88.0,117.0,80.0,97.0,102.0,126.0,83.0,106.0,0.0,0.0,103.25,19.534158116830458
WY,2020-04-11,2020,15,14,0.0,102.0,123.0,15.0,0.0,0.0,10.0,0,0.0,0.0,0.0,0.0,123.0,88.0,85.0,75.0,140.0,102.0,91.0,80.0,0.0,0.0,107.5,15.716233645501708
WY,2020-04-18,2020,16,15,0.0,89.0,104.0,15.0,0.0,0.0,14.0,0,0.0,0.0,0.0,0.0,102.0,123.0,117.0,101.0,123.0,140.0,126.0,116.0,0.0,0.0,100.5,16.29928423786353
WY,2020-04-25,2020,17,16,0.0,98.0,124.0,10.0,0.0,0.0,11.0,0,0.0,0.0,0.0,0.0,89.0,102.0,88.0,100.0,104.0,123.0,102.0,111.0,0.0,0.0,103.0,14.399074044303447
WY,2020-05-02,2020,18,17,0.0,68.0,78.0,15.0,0.0,0.0,14.0,0,0.0,0.0,0.0,0.0,98.0,89.0,123.0,80.0,124.0,104.0,140.0,83.0,0.0,0.0,89.25,15.173990905493511
WY,2020-05-09,2020,19,18,0.0,83.0,87.0,15.0,0.0,0.0,14.0,0,0.0,0.0,0.0,0.0,68.0,98.0,102.0,85.0,78.0,124.0,123.0,91.0,0.0,0.0,84.5,12.609520212918484
WY,2020-05-16,2020,20,19,0.0,101.0,115.0,15.0,0.0,0.0,14.0,0,0.0,0.0,0.0,0.0,83.0,68.0,89.0,117.0,87.0,78.0,104.0,126.0,0.0,0.0,87.5,15.198684153570657
WY,2020-05-23,2020,21,20,0.0,96.0,109.0,15.0,0.0,0.0,14.0,0,0.0,0.0,0.0,0.0,101.0,83.0,98.0,88.0,115.0,87.0,124.0,102.0,0.0,0.0,87.0,14.764823060233393
WY,2020-05-30,2020,22,21,0.0,84.0,110.0,15.0,0.0,0.0,14.0,0,0.0,0.0,0.0,0.0,96.0,101.0,68.0,123.0,109.0,115.0,78.0,140.0,0.0,0.0,91.0,8.906926143924915
WY,2020-06-06,2020,23,22,0.0,105.0,132.0,15.0,0.0,0.0,14.0,0,0.0,0.0,0.0,0.0,84.0,96.0,83.0,102.0,110.0,109.0,87.0,123.0,0.0,0.0,96.5,9.110433579144289
WY,2020-06-13,2020,24,23,0.0,96.0,123.0,15.0,0.0,0.0,14.0,0,0.0,0.0,0.0,0.0,105.0,84.0,101.0,89.0,132.0,110.0,115.0,104.0,0.0,0.0,95.25,8.616843969807032
WY,2020-06-20,2020,25,24,0.0,93.0,112.0,15.0,0.0,0.0,14.0,0,0.0,0.0,0.0,0.0,96.0,105.0,96.0,98.0,123.0,132.0,109.0,124.0,0.0,0.0,94.5,8.660254037844375
WY,2020-06-27,2020,26,25,0.0,89.0,110.0,15.0,0.0,0.0,14.0,0,0.0,0.0,0.0,0.0,93.0,96.0,84.0,68.0,112.0,123.0,110.0,78.0,0.0,0.0,95.75,6.800735254367707
WY,2020-07-04,2020,27,26,0.0,102.0,116.0,15.0,0.0,0.0,14.0,0,0.0,0.0,0.0,0.0,89.0,93.0,105.0,83.0,110.0,112.0,132.0,87.0,0.0,0.0,95.0,5.477225575051643
WY,2020-07-11,2020,28,27,0.0,104.0,126.0,15.0,0.0,0.0,14.0,0,0.0,0.0,0.0,0.0,102.0,89.0,96.0,101.0,116.0,110.0,123.0,115.0,0.0,0.0,97.0,7.164728420068211
WY,2020-07-18,2020,29,28,0.0,101.0,122.0,15.0,0.0,0.0,14.0,0,0.0,0.0,0.0,0.0,104.0,102.0,93.0,96.0,126.0,116.0,112.0,109.0,0.0,0.0,99.0,6.782329983125253
WY,2020-07-25,2020,30,29,0.0,95.0,112.0,15.0,0.0,0.0,14.0,0,0.0,0.0,0.0,0.0,101.0,104.0,89.0,84.0,122.0,126.0,110.0,110.0,0.0,0.0,100.5,3.872983346207392
WY,2020-08-01,2020,31,30,0.0,90.0,108.0,15.0,0.0,0.0,14.0,0,0.0,0.0,0.0,0.0,95.0,101.0,102.0,105.0,112.0,122.0,116.0,132.0,0.0,0.0,97.5,6.244997998398383
WY,2020-08-08,2020,32,31,0.0,106.0,124.0,15.0,0.0,0.0,11.0,0,0.0,0.0,0.0,0.0,90.0,95.0,104.0,96.0,108.0,112.0,126.0,123.0,0.0,0.0,98.0,6.976149845485437
WY,2020-08-15,2020,33,32,0.0,113.0,141.0,15.0,0.0,0.0,14.0,0,0.0,0.0,0.0,0.0,106.0,90.0,101.0,93.0,124.0,108.0,122.0,112.0,0.0,0.0,101.0,10.424330514074583
WY,2020-08-22,2020,34,33,0.0,100.0,122.0,15.0,0.0,0.0,14.0,0,0.0,0.0,0.0,0.0,113.0,106.0,95.0,89.0,141.0,124.0,112.0,110.0,0.0,0.0,102.25,9.74251849711698
WY,2020-08-29,2020,35,34,0.0,89.0,112.0,15.0,0.0,0.0,14.0,0,0.0,0.0,0.0,0.0,100.0,113.0,90.0,102.0,122.0,141.0,108.0,116.0,0.0,0.0,102.0,10.16530045465126
WY,2020-09-05,2020,36,35,0.0,107.0,113.0,15.0,0.0,0.0,14.0,0,0.0,0.0,0.0,0.0,89.0,100.0,106.0,104.0,112.0,122.0,124.0,126.0,0.0,0.0,102.25,10.307764064044143
WY,2020-09-12,2020,37,36,0.0,121.0,134.0,15.0,0.0,0.0,14.0,0,0.0,0.0,0.0,0.0,107.0,89.0,113.0,101.0,113.0,112.0,141.0,122.0,0.0,0.0,104.25,13.400870618483456
WY,2020-09-19,2020,38,37,0.0,94.0,114.0,10.0,0.0,0.0,11.0,0,0.0,0.0,0.0,0.0,121.0,107.0,100.0,95.0,134.0,113.0,122.0,112.0,0.0,0.0,102.75,14.338177476002071
WY,2020-09-26,2020,39,38,0.0,112.0,123.0,15.0,0.0,0.0,14.0,0,0.0,0.0,0.0,0.0,94.0,121.0,89.0,90.0,114.0,134.0,112.0,108.0,0.0,0.0,108.5,11.269427669584639
WY,2020-10-03,2020,40,39,0.0,119.0,154.0,15.0,0.0,0.0,10.0,0,0.0,0.0,0.0,0.0,112.0,94.0,107.0,106.0,123.0,114.0,113.0,124.0,0.0,0.0,111.5,12.288205727444502
WY,2020-10-10,2020,41,40,0.0,102.0,116.0,15.0,0.0,0.0,14.0,0,0.0,0.0,0.0,0.0,119.0,112.0,121.0,113.0,154.0,123.0,134.0,141.0,0.0,0.0,106.75,10.996211468804448
WY,2020-10-17,2020,42,41,13.0,107.0,116.0,15.0,0.0,0.0,14.0,0,0.0,0.0,0.0,0.0,102.0,119.0,94.0,100.0,116.0,154.0,114.0,122.0,3.25,6.5,110.0,7.257180352359068
WY,2020-10-24,2020,43,42,22.0,131.0,144.0,13.0,0.0,0.0,28.0,0,13.0,0.0,0.0,0.0,107.0,102.0,112.0,89.0,116.0,116.0,123.0,112.0,8.75,10.750968948580091,114.75,12.971121771072841
WY,2020-10-31,2020,44,43,29.0,114.0,131.0,13.0,10.0,0.0,32.0,0,22.0,13.0,0.0,0.0,131.0,107.0,119.0,107.0,144.0,116.0,154.0,113.0,16.0,12.516655570345726,113.5,12.66227994214838
WY,2020-11-07,2020,45,44,40.0,136.0,166.0,27.0,18.0,0.0,49.0,1,29.0,22.0,0.0,0.0,114.0,131.0,102.0,121.0,131.0,144.0,116.0,134.0,26.0,11.401754250991381,122.0,13.735598518691006
WY,2020-11-14,2020,46,45,35.0,132.0,133.0,16.0,14.0,0.0,37.0,1,40.0,29.0,13.0,0.0,136.0,114.0,107.0,94.0,166.0,131.0,116.0,114.0,31.5,7.767453465154032,128.25,9.742518497116983
WY,2020-11-21,2020,47,46,36.0,135.0,154.0,17.0,17.0,0.0,36.0,1,35.0,40.0,22.0,0.0,132.0,136.0,131.0,112.0,133.0,166.0,144.0,123.0,35.0,4.546060565661958,129.25,10.307764064044147
WY,2020-11-28,2020,48,47,39.0,138.0,132.0,26.0,18.0,0.0,47.0,1,36.0,35.0,29.0,0.0,135.0,132.0,114.0,119.0,154.0,133.0,131.0,154.0,37.5,2.380476142847628,135.25,2.499999999999966
WY,2020-12-05,2020,49,48,46.0,123.0,146.0,27.0,20.0,0.0,53.0,1,39.0,36.0,40.0,0.0,138.0,135.0,136.0,102.0,132.0,154.0,166.0,116.0,39.0,4.966554808583786,132.0,6.480740698407847
WY,2020-12-12,2020,50,49,44.0,143.0,154.0,28.0,21.0,0.0,51.0,1,46.0,39.0,35.0,13.0,123.0,138.0,132.0,107.0,146.0,132.0,133.0,116.0,41.25,4.573474244670753,134.75,8.49999999999999
WY,2020-12-19,2020,51,50,44.0,165.0,161.0,31.0,26.0,0.0,49.0,1,44.0,46.0,36.0,22.0,143.0,123.0,135.0,131.0,154.0,146.0,154.0,144.0,43.25,2.986078811194828,142.25,17.385338650713706
WY,2020-12-26,2020,52,51,38.0,130.0,144.0,25.0,18.0,0.0,45.0,1,44.0,44.0,39.0,29.0,165.0,143.0,138.0,114.0,161.0,154.0,132.0,131.0,43.0,3.464101615137762,140.25,18.46392879824515
WY,2021-01-02,2021,53,52,30.0,129.0,143.0,15.0,0.0,0.0,36.0,1,38.0,44.0,46.0,40.0,130.0,165.0,123.0,136.0,144.0,161.0,146.0,166.0,39.0,6.633249580710804,141.75,16.7605688049859
WY,2021-01-09,2021,1,53,32.0,127.0,136.0,22.0,18.0,0.0,36.0,1,30.0,38.0,44.0,35.0,129.0,130.0,143.0,132.0,143.0,144.0,154.0,133.0,36.0,6.3245553203367635,137.75,18.209429791548477
WY,2021-01-16,2021,2,54,22.0,110.0,118.0,17.0,13.0,0.0,26.0,0,32.0,30.0,44.0,36.0,127.0,129.0,165.0,135.0,136.0,143.0,161.0,154.0,30.5,6.608075867199675,124.0,9.41629792788368
WY,2021-01-23,2021,3,55,23.0,111.0,126.0,14.0,0.0,0.0,28.0,0,22.0,32.0,38.0,39.0,110.0,127.0,130.0,138.0,118.0,136.0,144.0,132.0,26.75,4.991659710623987,119.25,10.14478519568879
WY,2021-01-30,2021,4,56,16.0,118.0,126.0,19.0,0.0,0.0,26.0,0,23.0,22.0,30.0,46.0,111.0,110.0,129.0,123.0,126.0,118.0,143.0,146.0,23.25,6.601767440112792,116.5,7.852812659593151
WY,2021-02-06,2021,5,57,17.0,112.0,127.0,15.0,10.0,0.0,22.0,0,16.0,23.0,32.0,44.0,118.0,111.0,127.0,143.0,126.0,126.0,136.0,154.0,19.5,3.5118845842842563,112.75,3.593976442141275
WY,2021-02-13,2021,6,58,15.0,102.0,112.0,14.0,0.0,0.0,22.0,0,17.0,16.0,22.0,44.0,112.0,118.0,110.0,165.0,127.0,126.0,118.0,161.0,17.75,3.5939764421413143,110.75,6.601767440112772
WY,2021-02-20,2021,7,59,0.0,110.0,118.0,12.0,0.0,0.0,14.0,0,15.0,17.0,23.0,38.0,102.0,112.0,111.0,130.0,112.0,127.0,126.0,144.0,12.0,8.041558721209883,110.5,6.608075867199655
WY,2021-02-27,2021,8,60,0.0,102.0,118.0,15.0,0.0,0.0,14.0,0,0.0,15.0,16.0,30.0,110.0,102.0,118.0,129.0,118.0,112.0,126.0,143.0,8.0,9.273618495495707,106.5,5.2599112793531475
WY,2021-03-06,2021,9,61,0.0,86.0,96.0,15.0,0.0,0.0,10.0,0,0.0,0.0,17.0,32.0,102.0,110.0,112.0,127.0,118.0,118.0,127.0,136.0,3.75,7.500000000000005,100.0,10.066445913694324
WY,2021-03-13,2021,10,62,0.0,104.0,108.0,15.0,0.0,0.0,14.0,0,0.0,0.0,15.0,22.0,86.0,102.0,102.0,110.0,96.0,118.0,112.0,118.0,0.0,0.0,100.5,10.24695076595959
WY,2021-03-20,2021,11,63,0.0,84.0,90.0,15.0,0.0,0.0,14.0,0,0.0,0.0,0.0,23.0,104.0,86.0,110.0,111.0,108.0,96.0,118.0,126.0,0.0,0.0,94.0,10.45625809423874
WY,2021-03-27,2021,12,64,0.0,109.0,118.0,15.0,0.0,0.0,10.0,0,0.0,0.0,0.0,16.0,84.0,104.0,102.0,118.0,90.0,108.0,118.0,126.0,0.0,0.0,95.75,12.60621539823378
WY,2021-04-03,2021,13,65,0.0,86.0,100.0,15.0,0.0,0.0,14.0,0,0.0,0.0,0.0,17.0,109.0,84.0,86.0,112.0,118.0,90.0,96.0,127.0,0.0,0.0,95.75,12.60621539823378
WY,2021-04-10,2021,14,66,0.0,91.0,104.0,15.0,0.0,0.0,14.0,0,0.0,0.0,0.0,15.0,86.0,109.0,104.0,102.0,100.0,118.0,108.0,112.0,0.0,0.0,92.5,11.387127235025808
WY,2021-04-17,2021,15,67,0.0,76.0,92.0,15.0,0.0,0.0,14.0,0,0.0,0.0,0.0,0.0,91.0,86.0,84.0,110.0,104.0,100.0,90.0,118.0,0.0,0.0,90.5,13.820274961085246
WY,2021-04-24,2021,16,68,0.0,98.0,114.0,15.0,0.0,0.0,14.0,0,0.0,0.0,0.0,0.0,76.0,91.0,109.0,102.0,92.0,104.0,118.0,118.0,0.0,0.0,87.75,9.251126057585267
WY,2021-05-01,2021,17,69,0.0,89.0,113.0,15.0,0.0,0.0,14.0,0,0.0,0.0,0.0,0.0,98.0,76.0,86.0,86.0,114.0,92.0,100.0,96.0,0.0,0.0,88.5,9.183318209303929
WY,2021-05-08,2021,18,70,0.0,91.0,105.0,15.0,0.0,0.0,14.0,0,0.0,0.0,0.0,0.0,89.0,98.0,91.0,104.0,113.0,114.0,104.0,108.0,0.0,0.0,88.5,9.183318209303929
WY,2021-05-15,2021,19,71,0.0,90.0,95.0,15.0,0.0,0.0,14.0,0,0.0,0.0,0.0,0.0,91.0,89.0,76.0,84.0,105.0,113.0,92.0,90.0,0.0,0.0,92.0,4.082482904638604
WY,2021-05-22,2021,20,72,0.0,95.0,108.0,15.0,0.0,0.0,14.0,0,0.0,0.0,0.0,0.0,90.0,91.0,98.0,109.0,95.0,105.0,114.0,118.0,0.0,0.0,91.25,2.6299556396765422
WY,2021-05-29,2021,21,73,0.0,98.0,111.0,15.0,0.0,0.0,14.0,0,0.0,0.0,0.0,0.0,95.0,90.0,89.0,86.0,108.0,95.0,113.0,100.0,0.0,0.0,93.5,3.6968455021364433
WY,2021-06-05,2021,22,74,0.0,105.0,138.0,15.0,0.0,0.0,14.0,0,0.0,0.0,0.0,0.0,98.0,95.0,91.0,91.0,111.0,108.0,105.0,104.0,0.0,0.0,97.0,6.271629240742244
WY,2021-06-12,2021,23,75,0.0,111.0,139.0,12.0,0.0,0.0,14.0,0,0.0,0.0,0.0,0.0,105.0,98.0,90.0,76.0,138.0,111.0,95.0,92.0,0.0,0.0,102.25,7.18215380880507
WY,2021-06-19,2021,24,76,0.0,108.0,138.0,10.0,0.0,0.0,11.0,0,0.0,0.0,0.0,0.0,111.0,105.0,95.0,98.0,139.0,138.0,108.0,114.0,0.0,0.0,105.5,5.567764362830005
WY,2021-06-26,2021,25,77,0.0,98.0,119.0,15.0,0.0,0.0,14.0,0,0.0,0.0,0.0,0.0,108.0,111.0,98.0,89.0,138.0,139.0,111.0,113.0,0.0,0.0,105.5,5.567764362830005
WY,2021-07-03,2021,26,78,0.0,101.0,125.0,15.0,0.0,0.0,10.0,0,0.0,0.0,0.0,0.0,98.0,108.0,105.0,91.0,119.0,138.0,138.0,105.0,0.0,0.0,104.5,6.027713773341692
WY,2021-07-10,2021,27,79,0.0,85.0,97.0,15.0,0.0,0.0,14.0,0,0.0,0.0,0.0,0.0,101.0,98.0,111.0,90.0,125.0,119.0,139.0,95.0,0.0,0.0,98.0,9.626352718795756
WY,2021-07-17,2021,28,80,0.0,108.0,131.0,15.0,0.0,0.0,10.0,0,0.0,0.0,0.0,0.0,85.0,101.0,108.0,95.0,97.0,125.0,138.0,108.0,0.0,0.0,98.0,9.626352718795756
WY,2021-07-24,2021,29,81,16.0,99.0,119.0,12.0,0.0,0.0,19.0,0,0.0,0.0,0.0,0.0,108.0,85.0,98.0,98.0,131.0,97.0,119.0,111.0,4.0,8.000000000000004,98.25,9.639329160614158
WY,2021-07-31,2021,30,82,10.0,94.0,111.0,10.0,0.0,0.0,13.0,0,16.0,0.0,0.0,0.0,99.0,108.0,101.0,105.0,119.0,131.0,125.0,138.0,6.5,7.895146188218012,96.5,9.609023536933037
WY,2021-08-07,2021,31,83,13.0,124.0,149.0,19.0,0.0,0.0,23.0,0,10.0,16.0,0.0,0.0,94.0,99.0,85.0,111.0,111.0,119.0,97.0,139.0,9.75,6.946221994724908,106.25,13.175102782647775
WY,2021-08-14,2021,32,84,17.0,137.0,160.0,11.0,0.0,0.0,19.0,0,13.0,10.0,0.0,0.0,124.0,94.0,108.0,108.0,149.0,111.0,131.0,138.0,14.0,3.1622776601683915,113.5,20.436894741292438
WY,2021-08-21,2021,33,85,15.0,107.0,134.0,15.0,0.0,0.0,16.0,0,17.0,13.0,16.0,0.0,137.0,124.0,99.0,98.0,160.0,149.0,119.0,119.0,13.75,2.986078811194832,115.5,18.876793513023685
WY,2021-08-28,2021,34,86,27.0,125.0,152.0,23.0,19.0,0.0,31.0,0,15.0,17.0,10.0,0.0,107.0,137.0,94.0,101.0,134.0,160.0,111.0,125.0,18.0,6.218252702059216,123.25,12.338962679253056
WY,2021-09-04,2021,35,87,33.0,128.0,161.0,28.0,22.0,0.0,39.0,1,27.0,15.0,13.0,0.0,125.0,107.0,124.0,85.0,152.0,134.0,149.0,97.0,23.0,8.485281374238575,124.25,12.579745625409114
WY,2021-09-11,2021,36,88,27.0,139.0,147.0,24.0,14.0,0.0,37.0,0,33.0,27.0,17.0,0.0,128.0,125.0,137.0,108.0,161.0,152.0,160.0,131.0,25.5,7.549834435270754,124.75,13.275918047351745
WY,2021-09-18,2021,37,89,42.0,127.0,141.0,26.0,24.0,0.0,44.0,1,27.0,33.0,15.0,16.0,139.0,128.0,107.0,99.0,147.0,161.0,134.0,119.0,32.25,7.088723439378917,129.75,6.291528696058941
WY,2021-09-25,2021,38,90,45.0,134.0,162.0,30.0,26.0,0.0,49.0,1,42.0,27.0,27.0,10.0,127.0,139.0,125.0,94.0,141.0,147.0,152.0,111.0,36.75,8.261355820929158,132.0,5.597618541248868
WY,2021-10-02,2021,39,91,54.0,152.0,167.0,30.0,26.0,0.0,58.0,1,45.0,42.0,33.0,13.0,134.0,127.0,128.0,124.0,162.0,141.0,161.0,149.0,42.0,11.224972160321828,138.0,10.551461194229596
WY,2021-10-09,2021,40,92,49.0,160.0,207.0,33.0,27.0,0.0,55.0,1,54.0,45.0,27.0,17.0,152.0,134.0,139.0,137.0,167.0,162.0,147.0,160.0,47.5,5.196152422706639,143.25,15.348724159790384
WY,2021-10-16,2021,41,93,39.0,150.0,170.0,22.0,20.0,0.0,41.0,1,49.0,54.0,42.0,15.0,160.0,152.0,127.0,107.0,207.0,167.0,141.0,134.0,46.75,6.344288770224766,149.0,10.89342309224545
WY,2021-10-23,2021,42,94,43.0,157.0,171.0,36.0,29.0,0.0,50.0,1,39.0,49.0,45.0,27.0,150.0,160.0,134.0,125.0,170.0,207.0,162.0,152.0,46.25,6.601767440112792,154.75,4.573474244670723
WY,2021-10-30,2021,43,95,52.0,155.0,171.0,40.0,38.0,0.0,54.0,1,43.0,39.0,54.0,33.0,157.0,150.0,152.0,128.0,171.0,170.0,167.0,161.0,45.75,5.852349955359819,155.5,4.2031734043061375
WY,2021-11-06,2021,44,96,48.0,155.0,178.0,33.0,28.0,0.0,53.0,1,52.0,43.0,49.0,27.0,155.0,157.0,160.0,139.0,171.0,171.0,207.0,147.0,45.5,5.686240703077333,154.25,2.9860788111947825
WY,2021-11-13,2021,45,97,35.0,142.0,174.0,28.0,23.0,0.0,40.0,1,48.0,52.0,39.0,42.0,155.0,155.0,150.0,127.0,178.0,171.0,170.0,141.0,44.5,7.325753658611975,152.25,6.898067362191608
WY,2021-11-20,2021,46,98,41.0,139.0,140.0,33.0,29.0,0.0,45.0,1,35.0,48.0,43.0,45.0,142.0,155.0,157.0,134.0,174.0,178.0,171.0,162.0,44.0,7.527726527090815,147.75,8.46069343099802
WY,2021-11-27,2021,47,99,30.0,134.0,153.0,26.0,22.0,0.0,35.0,1,41.0,35.0,52.0,54.0,139.0,142.0,155.0,152.0,140.0,174.0,171.0,167.0,38.5,7.767453465154035,142.5,8.962886439832488
WY,2021-12-04,2021,48,100,21.0,106.0,101.0,17.0,14.0,0.0,24.0,0,30.0,41.0,48.0,49.0,134.0,139.0,155.0,160.0,153.0,140.0,178.0,207.0,31.75,8.460693430998043,130.25,16.499999999999996
WY,2021-12-11,2021,49,101,24.0,125.0,148.0,19.0,15.0,0.0,28.0,0,21.0,30.0,35.0,39.0,106.0,134.0,142.0,150.0,101.0,153.0,174.0,170.0,29.0,8.831760866327853,126.0,14.537308324904346
WY,2021-12-18,2021,50,102,18.0,98.0,106.0,18.0,15.0,0.0,21.0,0,24.0,21.0,41.0,43.0,125.0,106.0,139.0,157.0,148.0,101.0,140.0,171.0,23.25,5.12347538297981,115.75,16.62077013859466
WY,2021-12-25,2021,51,103,20.0,130.0,127.0,18.0,13.0,0.0,26.0,0,18.0,24.0,30.0,52.0,98.0,125.0,134.0,155.0,106.0,148.0,153.0,171.0,20.75,2.500000000000021,114.75,15.217862311551293
