State,Week Ending Date,Year,WeekOfYear,WeekIndex,Cases,Total ICU Patients Hospitalized with Influenza,Total Influenza Admissions,Total Pediatric Influenza Admissions,"Number of Adult Influenza Admissions, 18-49 years","Number of Adult Influenza Admissions, 50-64 years","Number of Adult Influenza Admissions, 65-74 years","Number of Adult Influenza Admissions, 75 plus years",Number of Inpatient Beds,Number of ICU Beds,Number of Inpatient Beds Occupied,Number of ICU Beds Occupied,Percent Inpatient Beds Occupied,Percent Inpatient Beds Occupied by Influenza Patients,Percent ICU Beds Occupied,Percent ICU Beds Occupied by Influenza Patients,Vax_Coverage_Pct,Outbreak,Cases_lag_1w,Cases_lag_2w,Cases_lag_4w,Cases_lag_8w,Percent Inpatient Beds Occupied by Influenza Patients_lag_1w,Percent Inpatient Beds Occupied by Influenza Patients_lag_2w,Percent Inpatient Beds Occupied by Influenza Patients_lag_4w,Percent Inpatient Beds Occupied by Influenza Patients_lag_8w
AK,2020-10-03,2020,40,8,1.0,0.0,3.0,0.0,0.5,0.5,1.0,0.5,1507.0,228.0,979.0,145.0,0.65,0.0,0.64,0.0,34.0655,0,1.0,1.0,1.0,1.0,0.0,0.0,0.0,0.0
AK,2020-10-10,2020,41,9,1.0,0.0,3.0,0.0,0.5,0.5,1.0,0.5,1520.0,232.0,941.0,134.0,0.62,0.0,0.58,0.0,34.0655,0,1.0,1.0,1.0,1.0,0.0,0.0,0.0,0.0
AK,2020-10-17,2020,42,10,0.0,0.0,0.0,0.0,0.5,0.5,1.0,0.5,1537.0,232.0,918.0,132.0,0.6,0.0,0.57,0.0,34.0655,0,1.0,1.0,1.0,1.0,0.0,0.0,0.0,0.0
AK,2020-10-24,2020,43,11,0.0,0.0,0.0,0.0,0.5,0.5,1.0,0.5,1439.0,211.0,859.0,144.0,0.6,0.0,0.68,0.0,34.0655,0,0.0,1.0,1.0,1.0,0.0,0.0,0.0,0.0
AK,2020-10-31,2020,44,12,0.0,0.0,0.0,0.0,0.5,0.5,1.0,0.5,1442.0,206.0,879.0,144.0,0.61,0.0,0.7,0.0,34.0655,0,0.0,0.0,1.0,1.0,0.0,0.0,0.0,0.0
AK,2020-11-07,2020,45,13,0.0,0.0,0.0,0.0,0.5,0.5,1.0,0.5,1426.0,206.0,868.0,144.0,0.61,0.0,0.7,0.0,34.0655,0,0.0,0.0,1.0,1.0,0.0,0.0,0.0,0.0
AK,2020-11-14,2020,46,14,0.0,0.0,0.0,0.0,0.5,0.5,1.0,0.5,1422.0,214.0,899.0,144.0,0.63,0.0,0.68,0.0,34.0655,0,0.0,0.0,0.0,1.0,0.0,0.0,0.0,0.0
AK,2020-11-21,2020,47,15,0.0,0.0,0.0,0.0,0.5,0.5,1.0,0.5,1425.0,209.0,893.0,138.0,0.63,0.0,0.66,0.0,34.0655,0,0.0,0.0,0.0,1.0,0.0,0.0,0.0,0.0
AK,2020-11-28,2020,48,16,0.0,0.0,0.0,0.0,0.5,0.5,1.0,0.5,1440.0,206.0,885.0,130.0,0.61,0.0,0.63,0.0,34.0655,0,0.0,0.0,0.0,1.0,0.0,0.0,0.0,0.0
AK,2020-12-05,2020,49,17,0.0,0.0,2.0,0.0,0.5,0.5,1.0,0.5,1450.0,204.0,915.0,148.0,0.63,0.0,0.72,0.0,34.0655,0,0.0,0.0,0.0,1.0,0.0,0.0,0.0,0.0
AK,2020-12-12,2020,50,18,1.0,0.0,4.0,0.0,0.5,0.5,1.0,0.5,1443.0,208.0,870.0,140.0,0.6,0.0,0.68,0.0,34.0655,0,0.0,0.0,0.0,0.0,0.0,0.0,0.0,0.0
AK,2020-12-19,2020,51,19,1.0,0.0,7.0,0.0,0.5,0.5,1.0,0.5,1430.0,197.0,860.0,136.0,0.6,0.0,0.69,0.0,34.0655,0,1.0,0.0,0.0,0.0,0.0,0.0,0.0,0.0
AK,2020-12-26,2020,52,20,0.0,0.0,1.0,0.0,0.5,0.5,1.0,0.5,1437.0,193.0,823.0,126.0,0.57,0.0,0.66,0.0,34.0655,0,1.0,1.0,0.0,0.0,0.0,0.0,0.0,0.0
AK,2021-01-02,2021,53,21,0.0,0.0,0.0,0.0,0.5,0.5,1.0,0.5,1440.0,193.0,756.0,131.0,0.53,0.0,0.68,0.0,34.09827586206897,0,0.0,1.0,0.0,0.0,0.0,0.0,0.0,0.0
AK,2021-01-09,2021,1,22,0.0,0.0,0.0,0.0,0.5,0.5,1.0,0.5,1440.0,190.0,801.0,133.0,0.56,0.0,0.7,0.0,34.09827586206897,0,0.0,0.0,1.0,0.0,0.0,0.0,0.0,0.0
AK,2021-01-16,2021,2,23,0.0,0.0,0.0,0.0,0.5,0.5,1.0,0.5,1442.0,190.0,802.0,129.0,0.56,0.0,0.68,0.0,34.09827586206897,0,0.0,0.0,1.0,0.0,0.0,0.0,0.0,0.0
AK,2021-01-23,2021,3,24,0.0,0.0,0.0,0.0,0.5,0.5,1.0,0.5,1453.0,192.0,770.0,131.0,0.53,0.0,0.68,0.0,34.09827586206897,0,0.0,0.0,0.0,0.0,0.0,0.0,0.0,0.0
AK,2021-01-30,2021,4,25,0.0,0.0,0.0,0.0,0.5,0.5,1.0,0.5,1474.0,201.0,822.0,138.0,0.56,0.0,0.69,0.0,34.09827586206897,0,0.0,0.0,0.0,0.0,0.0,0.0,0.0,0.0
AK,2021-02-06,2021,5,26,0.0,0.0,0.0,0.0,0.5,0.5,1.0,0.5,1462.0,196.0,824.0,135.0,0.56,0.0,0.69,0.0,34.09827586206897,0,0.0,0.0,0.0,1.0,0.0,0.0,0.0,0.0
AK,2021-02-13,2021,6,27,0.0,0.0,0.0,0.0,0.5,0.5,1.0,0.5,1468.0,201.0,819.0,139.0,0.56,0.0,0.69,0.0,34.09827586206897,0,0.0,0.0,0.0,1.0,0.0,0.0,0.0,0.0
AK,2021-02-20,2021,7,28,0.0,0.0,0.0,0.0,0.5,0.5,1.0,0.5,1477.0,201.0,822.0,136.0,0.56,0.0,0.68,0.0,34.09827586206897,0,0.0,0.0,0.0,0.0,0.0,0.0,0.0,0.0
AK,2021-02-27,2021,8,29,0.0,0.0,0.0,0.0,0.5,0.5,1.0,0.5,1476.0,197.0,860.0,143.0,0.58,0.0,0.73,0.0,34.09827586206897,0,0.0,0.0,0.0,0.0,0.0,0.0,0.0,0.0
AK,2021-03-06,2021,9,30,0.0,0.0,0.0,0.0,0.5,0.5,1.0,0.5,1486.0,195.0,840.0,128.0,0.57,0.0,0.66,0.0,34.09827586206897,0,0.0,0.0,0.0,0.0,0.0,0.0,0.0,0.0
AK,2021-03-13,2021,10,31,0.0,0.0,0.0,0.0,0.5,0.5,1.0,0.5,1475.0,197.0,841.0,135.0,0.57,0.0,0.69,0.0,34.09827586206897,0,0.0,0.0,0.0,0.0,0.0,0.0,0.0,0.0
AK,2021-03-20,2021,11,32,0.0,0.0,0.0,0.0,0.5,0.5,1.0,0.5,1453.0,198.0,846.0,138.0,0.58,0.0,0.7,0.0,34.09827586206897,0,0.0,0.0,0.0,0.0,0.0,0.0,0.0,0.0
AK,2021-03-27,2021,12,33,0.0,0.0,0.0,0.0,0.5,0.5,1.0,0.5,1463.0,194.0,869.0,136.0,0.59,0.0,0.7,0.0,34.09827586206897,0,0.0,0.0,0.0,0.0,0.0,0.0,0.0,0.0
AK,2021-04-03,2021,13,34,0.0,0.0,0.0,0.0,0.5,0.5,1.0,0.5,1484.0,203.0,866.0,133.0,0.58,0.0,0.65,0.0,34.09827586206897,0,0.0,0.0,0.0,0.0,0.0,0.0,0.0,0.0
AK,2021-04-10,2021,14,35,0.0,0.0,0.0,0.0,0.5,0.5,1.0,0.5,1484.0,209.0,851.0,133.0,0.57,0.0,0.64,0.0,34.09827586206897,0,0.0,0.0,0.0,0.0,0.0,0.0,0.0,0.0
AK,2021-04-17,2021,15,36,1.0,1.0,3.0,0.0,0.5,0.5,1.0,0.5,1478.0,210.0,866.0,138.0,0.59,0.0,0.66,0.0,34.09827586206897,0,0.0,0.0,0.0,0.0,0.0,0.0,0.0,0.0
AK,2021-04-24,2021,16,37,1.0,0.0,7.0,0.0,0.5,0.5,1.0,0.5,1479.0,210.0,862.0,135.0,0.58,0.0,0.64,0.0,34.09827586206897,0,1.0,0.0,0.0,0.0,0.0,0.0,0.0,0.0
AK,2021-05-01,2021,17,38,1.0,0.0,7.0,0.0,0.5,0.5,1.0,0.5,1497.0,207.0,936.0,151.0,0.63,0.0,0.73,0.0,34.09827586206897,0,1.0,1.0,0.0,0.0,0.0,0.0,0.0,0.0
AK,2021-05-08,2021,18,39,1.0,0.0,7.0,0.0,0.5,0.5,1.0,0.5,1515.0,217.0,955.0,147.0,0.63,0.0,0.67,0.0,34.09827586206897,0,1.0,1.0,0.0,0.0,0.0,0.0,0.0,0.0
AK,2021-05-15,2021,19,40,1.0,0.0,7.0,0.0,0.5,0.5,1.0,0.5,1485.0,210.0,933.0,148.0,0.63,0.0,0.7,0.0,34.09827586206897,0,1.0,1.0,1.0,0.0,0.0,0.0,0.0,0.0
AK,2021-05-22,2021,20,41,1.0,0.0,7.0,0.0,0.5,0.5,1.0,0.5,1452.0,203.0,947.0,151.0,0.65,0.0,0.74,0.0,34.09827586206897,0,1.0,1.0,1.0,0.0,0.0,0.0,0.0,0.0
AK,2021-05-29,2021,21,42,1.0,0.0,8.0,0.0,0.5,0.5,1.0,0.5,1456.0,201.0,942.0,152.0,0.65,0.0,0.75,0.0,34.09827586206897,0,1.0,1.0,1.0,0.0,0.0,0.0,0.0,0.0
AK,2021-06-05,2021,22,43,1.0,0.0,7.0,0.0,0.5,0.5,1.0,0.5,1471.0,202.0,930.0,150.0,0.63,0.0,0.74,0.0,34.09827586206897,0,1.0,1.0,1.0,0.0,0.0,0.0,0.0,0.0
AK,2021-06-12,2021,23,44,1.0,0.0,7.0,0.0,0.5,0.5,1.0,0.5,1472.0,200.0,906.0,142.0,0.62,0.0,0.71,0.0,34.09827586206897,0,1.0,1.0,1.0,1.0,0.0,0.0,0.0,0.0
AK,2021-06-19,2021,24,45,1.0,0.0,7.0,0.0,0.5,0.5,1.0,0.5,1452.0,192.0,911.0,135.0,0.63,0.0,0.71,0.0,34.09827586206897,0,1.0,1.0,1.0,1.0,0.0,0.0,0.0,0.0
AK,2021-06-26,2021,25,46,1.0,0.0,7.0,0.0,0.5,0.5,1.0,0.5,1446.0,186.0,929.0,130.0,0.64,0.0,0.7,0.0,34.09827586206897,0,1.0,1.0,1.0,1.0,0.0,0.0,0.0,0.0
AK,2021-07-03,2021,26,47,1.0,0.0,7.0,0.0,0.5,0.5,1.0,0.5,1428.0,184.0,876.0,123.0,0.61,0.0,0.67,0.0,34.09827586206897,0,1.0,1.0,1.0,1.0,0.0,0.0,0.0,0.0
AK,2021-07-10,2021,27,48,1.0,0.0,7.0,0.0,0.5,0.5,1.0,0.5,1426.0,188.0,891.0,130.0,0.62,0.0,0.69,0.0,34.09827586206897,0,1.0,1.0,1.0,1.0,0.0,0.0,0.0,0.0
AK,2021-07-17,2021,28,49,1.0,0.0,7.0,0.0,0.5,0.5,1.0,0.5,1442.0,193.0,943.0,140.0,0.65,0.0,0.72,0.0,34.09827586206897,0,1.0,1.0,1.0,1.0,0.0,0.0,0.0,0.0
AK,2021-07-24,2021,29,50,2.0,0.0,8.0,0.0,0.5,0.5,1.0,0.5,1460.0,195.0,983.0,150.0,0.67,0.0,0.77,0.0,34.09827586206897,0,1.0,1.0,1.0,1.0,0.0,0.0,0.0,0.0
AK,2021-07-31,2021,30,51,1.0,0.0,7.0,0.0,0.5,0.5,1.0,0.5,1429.0,186.0,956.0,143.0,0.67,0.0,0.77,0.0,34.09827586206897,0,2.0,1.0,1.0,1.0,0.0,0.0,0.0,0.0
AK,2021-08-07,2021,31,52,1.0,0.0,7.0,0.0,0.5,0.5,1.0,0.5,1431.0,189.0,960.0,142.0,0.67,0.0,0.75,0.0,34.09827586206897,0,1.0,2.0,1.0,1.0,0.0,0.0,0.0,0.0
AK,2021-08-14,2021,32,53,1.0,0.0,7.0,0.0,0.5,0.5,1.0,0.5,1448.0,191.0,975.0,150.0,0.67,0.0,0.79,0.0,34.09827586206897,0,1.0,1.0,1.0,1.0,0.0,0.0,0.0,0.0
AK,2021-08-21,2021,33,54,1.0,0.0,7.0,0.0,0.5,0.5,1.0,0.5,1437.0,189.0,971.0,151.0,0.68,0.0,0.8,0.0,34.09827586206897,0,1.0,1.0,2.0,1.0,0.0,0.0,0.0,0.0
AK,2021-08-28,2021,34,55,1.0,0.0,7.0,0.0,0.5,0.5,1.0,0.5,1444.0,187.0,972.0,151.0,0.67,0.0,0.81,0.0,34.09827586206897,0,1.0,1.0,1.0,1.0,0.0,0.0,0.0,0.0
AK,2021-09-04,2021,35,56,1.0,0.0,7.0,0.0,0.5,0.5,1.0,0.5,1440.0,187.0,983.0,158.0,0.68,0.0,0.84,0.0,34.09827586206897,0,1.0,1.0,1.0,1.0,0.0,0.0,0.0,0.0
AK,2021-09-11,2021,36,57,1.0,0.0,7.0,0.0,0.5,0.5,1.0,0.5,1409.0,189.0,1002.0,158.0,0.71,0.0,0.84,0.0,34.09827586206897,0,1.0,1.0,1.0,1.0,0.0,0.0,0.0,0.0
AK,2021-09-18,2021,37,58,1.0,0.0,7.0,0.0,0.5,0.5,1.0,0.5,1389.0,190.0,1030.0,157.0,0.74,0.0,0.82,0.0,34.09827586206897,0,1.0,1.0,1.0,2.0,0.0,0.0,0.0,0.0
AK,2021-09-25,2021,38,59,1.0,0.0,7.0,0.0,0.5,0.5,1.0,0.5,1388.0,194.0,1036.0,160.0,0.75,0.0,0.82,0.0,34.09827586206897,0,1.0,1.0,1.0,1.0,0.0,0.0,0.0,0.0
AK,2021-10-02,2021,39,60,1.0,0.0,5.0,0.0,0.5,0.5,1.0,0.5,1373.0,189.0,1014.0,153.0,0.74,0.0,0.81,0.0,34.09827586206897,0,1.0,1.0,1.0,1.0,0.0,0.0,0.0,0.0
AK,2021-10-09,2021,40,61,0.0,0.0,0.0,0.0,0.5,0.5,1.0,0.5,1385.0,197.0,1014.0,158.0,0.73,0.0,0.8,0.0,34.09827586206897,0,1.0,1.0,1.0,1.0,0.0,0.0,0.0,0.0
AK,2021-10-16,2021,41,62,0.0,0.0,0.0,0.0,0.5,0.5,1.0,0.5,1401.0,198.0,1061.0,163.0,0.76,0.0,0.83,0.0,34.09827586206897,0,0.0,1.0,1.0,1.0,0.0,0.0,0.0,0.0
AK,2021-10-23,2021,42,63,0.0,0.0,1.0,0.0,0.5,0.5,1.0,0.5,1423.0,198.0,1078.0,167.0,0.76,0.0,0.84,0.0,34.09827586206897,0,0.0,0.0,1.0,1.0,0.0,0.0,0.0,0.0
AK,2021-10-30,2021,43,64,0.0,0.0,0.0,0.0,0.5,0.5,1.0,0.5,1411.0,191.0,1066.0,156.0,0.76,0.0,0.82,0.0,34.09827586206897,0,0.0,0.0,1.0,1.0,0.0,0.0,0.0,0.0
AK,2021-11-06,2021,44,65,0.0,0.0,0.0,0.0,0.5,0.5,1.0,0.5,1405.0,192.0,1025.0,149.0,0.73,0.0,0.78,0.0,34.09827586206897,0,0.0,0.0,0.0,1.0,0.0,0.0,0.0,0.0
AK,2021-11-13,2021,45,66,0.0,0.0,0.0,0.0,0.5,0.5,1.0,0.5,1399.0,193.0,993.0,150.0,0.71,0.0,0.78,0.0,34.09827586206897,0,0.0,0.0,0.0,1.0,0.0,0.0,0.0,0.0
AK,2021-11-20,2021,46,67,0.0,0.0,0.0,0.0,0.5,0.5,1.0,0.5,1403.0,198.0,1017.0,156.0,0.72,0.0,0.79,0.0,34.09827586206897,0,0.0,0.0,0.0,1.0,0.0,0.0,0.0,0.0
AK,2021-11-27,2021,47,68,0.0,0.0,0.0,0.0,0.5,0.5,1.0,0.5,1398.0,193.0,971.0,154.0,0.7,0.0,0.8,0.0,34.09827586206897,0,0.0,0.0,0.0,1.0,0.0,0.0,0.0,0.0
AK,2021-12-04,2021,48,69,0.0,0.0,0.0,0.0,0.5,0.5,1.0,0.5,1409.0,187.0,1018.0,150.0,0.72,0.0,0.8,0.0,34.09827586206897,0,0.0,0.0,0.0,0.0,0.0,0.0,0.0,0.0
AK,2021-12-11,2021,49,70,0.0,0.0,0.0,0.0,0.5,0.5,1.0,0.5,1404.0,190.0,1005.0,153.0,0.72,0.0,0.8,0.0,34.09827586206897,0,0.0,0.0,0.0,0.0,0.0,0.0,0.0,0.0
AK,2021-12-18,2021,50,71,1.0,0.0,2.0,0.0,0.5,0.5,1.0,0.5,1400.0,191.0,1021.0,156.0,0.73,0.0,0.81,0.0,34.09827586206897,0,0.0,0.0,0.0,0.0,0.0,0.0,0.0,0.0
AK,2021-12-25,2021,51,72,2.0,0.0,7.0,0.0,0.5,0.5,1.0,0.5,1384.0,195.0,953.0,144.0,0.69,0.0,0.74,0.0,34.09827586206897,0,1.0,0.0,0.0,0.0,0.0,0.0,0.0,0.0
AK,2022-01-01,2022,52,73,4.0,0.0,8.0,0.0,0.5,0.5,1.0,0.5,1386.0,204.0,946.0,144.0,0.68,0.0,0.71,0.0,31.63714285714286,0,2.0,1.0,0.0,0.0,0.0,0.0,0.0,0.0
AK,2022-01-08,2022,1,74,7.0,1.0,3.0,0.0,0.5,0.5,1.0,0.5,1403.0,203.0,1039.0,154.0,0.74,0.0,0.76,0.0,31.63714285714286,0,4.0,2.0,0.0,0.0,0.0,0.0,0.0,0.0
AK,2022-01-15,2022,2,75,12.0,1.0,12.0,0.0,0.5,0.5,1.0,0.5,1368.0,193.0,1043.0,151.0,0.76,0.01,0.79,0.01,31.63714285714286,1,7.0,4.0,1.0,0.0,0.0,0.0,0.0,0.0
AK,2022-01-22,2022,3,76,11.0,2.0,15.0,0.0,0.5,0.5,1.0,0.5,1371.0,194.0,1015.0,148.0,0.74,0.01,0.76,0.01,31.63714285714286,1,12.0,7.0,2.0,0.0,0.01,0.0,0.0,0.0
AK,2022-01-29,2022,4,77,4.0,2.0,1.0,0.0,0.5,0.5,1.0,0.5,1360.0,194.0,1011.0,145.0,0.74,0.0,0.75,0.01,31.63714285714286,0,11.0,12.0,4.0,0.0,0.01,0.01,0.0,0.0
AK,2022-02-05,2022,5,78,2.0,0.0,1.0,0.0,0.5,0.5,1.0,0.5,1352.0,192.0,1012.0,146.0,0.75,0.0,0.76,0.0,31.63714285714286,0,4.0,11.0,7.0,0.0,0.0,0.01,0.0,0.0
AK,2022-02-12,2022,6,79,1.0,0.0,0.0,0.0,0.5,0.5,1.0,0.5,1354.0,191.0,1026.0,148.0,0.76,0.0,0.77,0.0,31.63714285714286,0,2.0,4.0,12.0,1.0,0.0,0.0,0.01,0.0
AK,2022-02-19,2022,7,80,0.0,0.0,0.0,0.0,0.5,0.5,1.0,0.5,1337.0,189.0,1020.0,149.0,0.76,0.0,0.79,0.0,31.63714285714286,0,1.0,2.0,11.0,2.0,0.0,0.0,0.01,0.0
AK,2022-02-26,2022,8,81,0.0,0.0,1.0,0.0,0.5,0.5,1.0,0.5,1633.0,244.0,1300.0,209.0,0.8,0.0,0.85,0.0,31.63714285714286,0,0.0,1.0,4.0,4.0,0.0,0.0,0.0,0.0
AK,2022-03-05,2022,9,82,0.0,0.0,0.0,0.0,0.5,0.5,1.0,0.5,1673.0,241.0,1315.0,202.0,0.79,0.0,0.84,0.0,31.63714285714286,0,0.0,0.0,2.0,7.0,0.0,0.0,0.0,0.0
AK,2022-03-12,2022,10,83,0.0,0.0,2.0,0.0,0.5,0.5,1.0,0.5,1629.0,239.0,1278.0,199.0,0.78,0.0,0.83,0.0,31.63714285714286,0,0.0,0.0,1.0,12.0,0.0,0.0,0.0,0.01
AK,2022-03-19,2022,11,84,0.0,0.0,1.0,0.0,0.5,0.5,1.0,0.5,1637.0,237.0,1287.0,194.0,0.79,0.0,0.82,0.0,31.63714285714286,0,0.0,0.0,0.0,11.0,0.0,0.0,0.0,0.01
AK,2022-03-26,2022,12,85,1.0,0.0,3.0,0.0,0.5,0.5,1.0,0.5,1641.0,251.0,1251.0,208.0,0.76,0.0,0.83,0.0,31.63714285714286,0,0.0,0.0,0.0,4.0,0.0,0.0,0.0,0.0
AK,2022-04-02,2022,13,86,0.0,0.0,0.0,0.0,0.5,0.5,1.0,0.5,1657.0,240.0,1290.0,197.0,0.78,0.0,0.82,0.0,31.63714285714286,0,1.0,0.0,0.0,2.0,0.0,0.0,0.0,0.0
AK,2022-04-09,2022,14,87,0.0,0.0,2.0,0.0,0.5,0.5,1.0,0.5,1668.0,253.0,1298.0,215.0,0.78,0.0,0.85,0.0,31.63714285714286,0,0.0,1.0,0.0,1.0,0.0,0.0,0.0,0.0
AK,2022-04-16,2022,15,88,0.0,0.0,1.0,0.0,0.5,0.5,1.0,0.5,1646.0,245.0,1256.0,202.0,0.76,0.0,0.83,0.0,31.63714285714286,0,0.0,0.0,0.0,0.0,0.0,0.0,0.0,0.0
AK,2022-04-23,2022,16,89,0.0,0.0,2.0,0.0,0.5,0.5,1.0,0.5,1650.0,234.0,1244.0,190.0,0.75,0.0,0.81,0.0,31.63714285714286,0,0.0,0.0,1.0,0.0,0.0,0.0,0.0,0.0
AK,2022-04-30,2022,17,90,1.0,0.0,1.0,0.0,0.5,0.5,1.0,0.5,1658.0,245.0,1279.0,200.0,0.77,0.0,0.82,0.0,31.63714285714286,0,0.0,0.0,0.0,0.0,0.0,0.0,0.0,0.0
AK,2022-05-07,2022,18,91,1.0,0.0,6.0,0.0,0.5,0.5,1.0,0.5,1649.0,267.0,1287.0,219.0,0.78,0.0,0.82,0.0,31.63714285714286,0,1.0,0.0,0.0,0.0,0.0,0.0,0.0,0.0
AK,2022-05-14,2022,19,92,1.0,0.0,3.0,0.0,0.5,0.5,1.0,0.5,1669.0,260.0,1306.0,214.0,0.78,0.0,0.82,0.0,31.63714285714286,0,1.0,1.0,0.0,0.0,0.0,0.0,0.0,0.0
AK,2022-05-21,2022,20,93,7.0,2.0,18.0,0.0,0.5,0.5,1.0,0.5,1646.0,254.0,1314.0,217.0,0.8,0.0,0.86,0.01,31.63714285714286,0,1.0,1.0,0.0,1.0,0.0,0.0,0.0,0.0
AK,2022-05-28,2022,21,94,12.0,2.0,4.0,0.0,0.5,0.5,1.0,0.5,1647.0,251.0,1322.0,214.0,0.8,0.01,0.85,0.01,31.63714285714286,1,7.0,1.0,1.0,0.0,0.0,0.0,0.0,0.0
AK,2022-06-04,2022,22,95,9.0,0.0,2.0,0.0,0.5,0.5,1.0,0.5,1636.0,226.0,1253.0,182.0,0.77,0.01,0.8,0.0,31.63714285714286,0,12.0,7.0,1.0,0.0,0.01,0.0,0.0,0.0
AK,2022-06-11,2022,23,96,6.0,1.0,6.0,0.0,0.5,0.5,1.0,0.5,1612.0,227.0,1257.0,186.0,0.78,0.0,0.82,0.0,31.63714285714286,0,9.0,12.0,1.0,0.0,0.01,0.01,0.0,0.0
AK,2022-06-18,2022,24,97,5.0,1.0,1.0,0.0,0.5,0.5,1.0,0.5,1621.0,239.0,1257.0,201.0,0.78,0.0,0.84,0.01,31.63714285714286,0,6.0,9.0,7.0,0.0,0.0,0.01,0.0,0.0
AK,2022-06-25,2022,25,98,4.0,0.0,3.0,0.0,0.5,0.5,1.0,0.5,1618.0,238.0,1254.0,196.0,0.78,0.0,0.82,0.0,31.63714285714286,0,5.0,6.0,12.0,1.0,0.0,0.0,0.01,0.0
AK,2022-07-02,2022,26,99,2.0,0.0,2.0,0.0,0.5,0.5,1.0,0.5,1539.0,219.0,1149.0,172.0,0.75,0.0,0.79,0.0,31.63714285714286,0,4.0,5.0,9.0,1.0,0.0,0.0,0.01,0.0
AK,2022-07-09,2022,27,100,1.0,0.0,3.0,0.0,0.5,0.5,1.0,0.5,1358.0,184.0,958.0,128.0,0.71,0.0,0.69,0.0,31.63714285714286,0,2.0,4.0,6.0,1.0,0.0,0.0,0.0,0.0
AK,2022-07-16,2022,28,101,2.0,0.0,0.0,0.0,0.5,0.5,1.0,0.5,1500.0,204.0,1168.0,155.0,0.78,0.0,0.76,0.0,31.63714285714286,0,1.0,2.0,5.0,7.0,0.0,0.0,0.0,0.0
AK,2022-07-23,2022,29,102,2.0,0.0,0.0,0.0,0.5,0.5,1.0,0.5,1669.0,234.0,1347.0,199.0,0.81,0.0,0.85,0.0,31.63714285714286,0,2.0,1.0,4.0,12.0,0.0,0.0,0.0,0.01
AK,2022-07-30,2022,30,103,2.0,0.0,0.0,0.0,0.5,0.5,1.0,0.5,1647.0,221.0,1321.0,183.0,0.8,0.0,0.83,0.0,31.63714285714286,0,2.0,2.0,2.0,9.0,0.0,0.0,0.0,0.01
AK,2022-08-06,2022,31,104,2.0,0.0,0.0,0.0,0.5,0.5,1.0,0.5,1665.0,238.0,1306.0,201.0,0.78,0.0,0.84,0.0,31.63714285714286,0,2.0,2.0,1.0,6.0,0.0,0.0,0.0,0.0
AK,2022-08-13,2022,32,105,3.0,0.0,1.0,0.0,0.5,0.5,1.0,0.5,1689.0,237.0,1352.0,208.0,0.8,0.0,0.88,0.0,31.63714285714286,0,2.0,2.0,2.0,5.0,0.0,0.0,0.0,0.0
AK,2022-08-20,2022,33,106,2.0,0.0,1.0,0.0,0.5,0.5,1.0,0.5,1679.0,246.0,1368.0,215.0,0.81,0.0,0.87,0.0,31.63714285714286,0,3.0,2.0,2.0,4.0,0.0,0.0,0.0,0.0
AK,2022-08-27,2022,34,107,0.0,0.0,1.0,0.0,0.5,0.5,1.0,0.5,1682.0,249.0,1380.0,220.0,0.82,0.0,0.88,0.0,31.63714285714286,0,2.0,3.0,2.0,2.0,0.0,0.0,0.0,0.0
AK,2022-09-03,2022,35,108,0.0,0.0,0.0,0.0,0.5,0.5,1.0,0.5,1680.0,242.0,1339.0,209.0,0.8,0.0,0.86,0.0,31.63714285714286,0,0.0,2.0,2.0,1.0,0.0,0.0,0.0,0.0
AK,2022-09-10,2022,36,109,2.0,0.0,5.0,0.0,0.5,0.5,1.0,0.5,1698.0,243.0,1360.0,212.0,0.8,0.0,0.87,0.0,31.63714285714286,0,0.0,0.0,3.0,2.0,0.0,0.0,0.0,0.0
AK,2022-09-17,2022,37,110,1.0,0.0,0.0,0.0,0.5,0.5,1.0,0.5,1690.0,241.0,1360.0,208.0,0.8,0.0,0.86,0.0,31.63714285714286,0,2.0,0.0,2.0,2.0,0.0,0.0,0.0,0.0
AK,2022-09-24,2022,38,111,0.0,0.0,0.0,0.0,0.5,0.5,1.0,0.5,1660.0,255.0,1317.0,223.0,0.79,0.0,0.87,0.0,31.63714285714286,0,1.0,2.0,0.0,2.0,0.0,0.0,0.0,0.0
AK,2022-10-01,2022,39,112,1.0,0.0,2.0,0.0,0.5,0.5,1.0,0.5,1675.0,256.0,1330.0,226.0,0.79,0.0,0.88,0.0,31.63714285714286,0,0.0,1.0,0.0,2.0,0.0,0.0,0.0,0.0
AK,2022-10-08,2022,40,113,3.0,0.0,0.0,0.0,0.5,0.5,1.0,0.5,1684.0,258.0,1358.0,226.0,0.81,0.0,0.88,0.0,31.63714285714286,0,1.0,0.0,2.0,3.0,0.0,0.0,0.0,0.0
AK,2022-10-15,2022,41,114,4.0,0.0,5.0,0.0,0.5,0.5,1.0,0.5,1663.0,259.0,1320.0,224.0,0.79,0.0,0.86,0.0,31.63714285714286,0,3.0,1.0,1.0,2.0,0.0,0.0,0.0,0.0
AK,2022-10-22,2022,42,115,2.0,0.0,1.0,0.0,0.5,0.5,1.0,0.5,1646.0,256.0,1301.0,225.0,0.79,0.0,0.88,0.0,31.63714285714286,0,4.0,3.0,0.0,0.0,0.0,0.0,0.0,0.0
AK,2022-10-29,2022,43,116,7.0,1.0,11.0,0.0,0.5,0.5,1.0,0.5,1671.0,265.0,1345.0,232.0,0.81,0.0,0.88,0.0,31.63714285714286,0,2.0,4.0,1.0,0.0,0.0,0.0,0.0,0.0
AK,2022-11-05,2022,44,117,10.0,2.0,15.0,0.0,0.5,0.5,1.0,0.5,1665.0,261.0,1342.0,227.0,0.81,0.01,0.87,0.01,31.63714285714286,0,7.0,2.0,3.0,2.0,0.0,0.0,0.0,0.0
AK,2022-11-12,2022,45,118,11.0,2.0,14.0,0.0,0.5,0.5,1.0,0.5,1687.0,260.0,1374.0,230.0,0.81,0.01,0.88,0.01,31.63714285714286,1,10.0,7.0,4.0,1.0,0.01,0.0,0.0,0.0
AK,2022-11-19,2022,46,119,27.0,6.0,36.0,0.0,0.5,0.5,1.0,0.5,1713.0,255.0,1425.0,225.0,0.83,0.02,0.88,0.02,31.63714285714286,1,11.0,10.0,2.0,0.0,0.01,0.01,0.0,0.0
AK,2022-11-26,2022,47,120,33.0,10.0,65.0,0.0,0.5,0.5,1.0,0.5,1658.0,257.0,1321.0,219.0,0.8,0.02,0.85,0.04,31.63714285714286,1,27.0,11.0,7.0,1.0,0.02,0.01,0.0,0.0
AK,2022-12-03,2022,48,121,36.0,10.0,53.0,0.0,0.5,0.5,1.0,0.5,1714.0,268.0,1412.0,236.0,0.82,0.02,0.88,0.04,31.63714285714286,1,33.0,27.0,10.0,3.0,0.02,0.02,0.01,0.0
AK,2022-12-10,2022,49,122,47.0,5.0,73.0,0.0,0.5,0.5,1.0,0.5,1713.0,265.0,1446.0,234.0,0.84,0.03,0.88,0.02,31.63714285714286,1,36.0,33.0,11.0,4.0,0.02,0.02,0.01,0.0
AK,2022-12-17,2022,50,123,32.0,4.0,51.0,0.0,0.5,0.5,1.0,0.5,1543.0,218.0,1232.0,186.0,0.8,0.02,0.85,0.02,31.63714285714286,1,47.0,36.0,27.0,2.0,0.03,0.02,0.02,0.0
AK,2022-12-24,2022,51,124,23.0,4.0,43.0,0.0,0.5,0.5,1.0,0.5,1345.0,172.0,1012.0,138.0,0.75,0.02,0.8,0.03,31.63714285714286,1,32.0,47.0,33.0,7.0,0.02,0.03,0.02,0.0
AK,2022-12-31,2022,52,125,28.0,4.0,43.0,0.0,0.5,0.5,1.0,0.5,1355.0,178.0,1026.0,145.0,0.76,0.02,0.82,0.02,31.63714285714286,1,23.0,32.0,36.0,10.0,0.02,0.02,0.02,0.01
AL,2020-10-03,2020,40,8,16.0,4.0,18.0,0.0,2.0,3.0,3.0,2.0,17246.0,2677.0,12307.0,2183.0,0.71,0.0,0.82,0.0,35.50398009950249,0,16.0,16.0,16.0,16.0,0.0,0.0,0.0,0.0
AL,2020-10-10,2020,41,9,16.0,4.0,18.0,0.0,2.0,3.0,3.0,2.0,17265.0,2710.0,12504.0,2229.0,0.72,0.0,0.82,0.0,35.50398009950249,0,16.0,16.0,16.0,16.0,0.0,0.0,0.0,0.0
AL,2020-10-17,2020,42,10,16.0,4.0,18.0,0.0,2.0,3.0,3.0,2.0,17071.0,2750.0,12719.0,2231.0,0.75,0.0,0.81,0.0,35.50398009950249,0,16.0,16.0,16.0,16.0,0.0,0.0,0.0,0.0
AL,2020-10-24,2020,43,11,5.0,1.0,3.0,0.0,2.0,3.0,3.0,2.0,16907.0,2744.0,12702.0,2245.0,0.75,0.0,0.82,0.0,35.50398009950249,0,16.0,16.0,16.0,16.0,0.0,0.0,0.0,0.0
AL,2020-10-31,2020,44,12,11.0,3.0,18.0,0.0,2.0,3.0,3.0,2.0,16714.0,2747.0,12613.0,2263.0,0.75,0.0,0.82,0.0,35.50398009950249,0,5.0,16.0,16.0,16.0,0.0,0.0,0.0,0.0
AL,2020-11-07,2020,45,13,18.0,6.0,21.0,0.0,2.0,3.0,3.0,2.0,16663.0,2744.0,12459.0,2239.0,0.75,0.0,0.82,0.0,35.50398009950249,0,11.0,5.0,16.0,16.0,0.0,0.0,0.0,0.0
AL,2020-11-14,2020,46,14,17.0,5.0,25.0,0.0,2.0,3.0,3.0,2.0,16718.0,2749.0,12958.0,2294.0,0.78,0.0,0.83,0.0,35.50398009950249,0,18.0,11.0,16.0,16.0,0.0,0.0,0.0,0.0
AL,2020-11-21,2020,47,15,17.0,7.0,11.0,0.0,2.0,3.0,3.0,2.0,16738.0,2758.0,12874.0,2276.0,0.77,0.0,0.83,0.0,35.50398009950249,0,17.0,18.0,5.0,16.0,0.0,0.0,0.0,0.0
AL,2020-11-28,2020,48,16,15.0,8.0,17.0,0.0,2.0,3.0,3.0,2.0,16739.0,2779.0,12241.0,2279.0,0.73,0.0,0.82,0.0,35.50398009950249,0,17.0,17.0,11.0,16.0,0.0,0.0,0.0,0.0
AL,2020-12-05,2020,49,17,14.0,7.0,12.0,0.0,2.0,3.0,3.0,2.0,16721.0,2767.0,12912.0,2342.0,0.77,0.0,0.85,0.0,35.50398009950249,0,15.0,17.0,18.0,16.0,0.0,0.0,0.0,0.0
AL,2020-12-12,2020,50,18,13.0,3.0,6.0,0.0,2.0,3.0,3.0,2.0,16761.0,2758.0,13127.0,2353.0,0.78,0.0,0.85,0.0,35.50398009950249,0,14.0,15.0,17.0,16.0,0.0,0.0,0.0,0.0
AL,2020-12-19,2020,51,19,17.0,4.0,35.0,0.0,2.0,3.0,3.0,2.0,16827.0,2792.0,13188.0,2396.0,0.78,0.0,0.86,0.0,35.50398009950249,0,13.0,14.0,17.0,5.0,0.0,0.0,0.0,0.0
AL,2020-12-26,2020,52,20,17.0,5.0,19.0,0.0,2.0,3.0,3.0,2.0,16758.0,2811.0,12280.0,2371.0,0.73,0.0,0.84,0.0,35.50398009950249,0,17.0,13.0,15.0,11.0,0.0,0.0,0.0,0.0
AL,2021-01-02,2021,53,21,23.0,7.0,20.0,0.0,2.0,3.0,3.0,2.0,16837.0,2833.0,12894.0,2456.0,0.77,0.0,0.87,0.0,33.42655367231639,0,17.0,17.0,14.0,18.0,0.0,0.0,0.0,0.0
AL,2021-01-09,2021,1,22,48.0,13.0,33.0,0.0,2.0,3.0,3.0,2.0,16842.0,2846.0,13446.0,2521.0,0.8,0.0,0.89,0.0,33.42655367231639,0,23.0,17.0,13.0,17.0,0.0,0.0,0.0,0.0
AL,2021-01-16,2021,2,23,48.0,16.0,42.0,0.0,2.0,3.0,3.0,2.0,16776.0,2814.0,13464.0,2496.0,0.8,0.0,0.89,0.01,33.42655367231639,0,48.0,23.0,17.0,17.0,0.0,0.0,0.0,0.0
AL,2021-01-23,2021,3,24,38.0,13.0,22.0,0.0,2.0,3.0,3.0,2.0,16643.0,2763.0,13181.0,2730.0,0.79,0.0,0.99,0.0,33.42655367231639,0,48.0,48.0,17.0,15.0,0.0,0.0,0.0,0.0
AL,2021-01-30,2021,4,25,34.0,12.0,46.0,0.0,2.0,3.0,3.0,2.0,16502.0,2739.0,12915.0,2340.0,0.78,0.0,0.85,0.0,33.42655367231639,0,38.0,48.0,23.0,14.0,0.0,0.0,0.0,0.0
AL,2021-02-06,2021,5,26,32.0,7.0,37.0,0.0,2.0,3.0,3.0,2.0,16356.0,2718.0,12617.0,2255.0,0.77,0.0,0.83,0.0,33.42655367231639,0,34.0,38.0,48.0,13.0,0.0,0.0,0.0,0.0
AL,2021-02-13,2021,6,27,27.0,5.0,33.0,0.0,2.0,3.0,3.0,2.0,16235.0,2703.0,12498.0,2215.0,0.77,0.0,0.82,0.0,33.42655367231639,0,32.0,34.0,48.0,17.0,0.0,0.0,0.0,0.0
AL,2021-02-20,2021,7,28,26.0,5.0,29.0,0.0,2.0,3.0,3.0,2.0,16262.0,2707.0,12203.0,2199.0,0.75,0.0,0.81,0.0,33.42655367231639,0,27.0,32.0,38.0,17.0,0.0,0.0,0.0,0.0
AL,2021-02-27,2021,8,29,24.0,5.0,31.0,0.0,2.0,3.0,3.0,2.0,16180.0,2689.0,12239.0,2166.0,0.76,0.0,0.81,0.0,33.42655367231639,0,26.0,27.0,34.0,23.0,0.0,0.0,0.0,0.0
AL,2021-03-06,2021,9,30,23.0,5.0,29.0,0.0,2.0,3.0,3.0,2.0,16251.0,2687.0,12068.0,2137.0,0.74,0.0,0.8,0.0,33.42655367231639,0,24.0,26.0,32.0,48.0,0.0,0.0,0.0,0.0
AL,2021-03-13,2021,10,31,28.0,2.0,23.0,0.0,2.0,3.0,3.0,2.0,16069.0,2666.0,11886.0,2075.0,0.74,0.0,0.78,0.0,33.42655367231639,0,23.0,24.0,27.0,48.0,0.0,0.0,0.0,0.0
AL,2021-03-20,2021,11,32,24.0,7.0,28.0,0.0,2.0,3.0,3.0,2.0,16040.0,2670.0,11651.0,2000.0,0.73,0.0,0.75,0.0,33.42655367231639,0,28.0,23.0,26.0,38.0,0.0,0.0,0.0,0.0
AL,2021-03-27,2021,12,33,25.0,9.0,18.0,0.0,2.0,3.0,3.0,2.0,15962.0,2667.0,11406.0,1994.0,0.71,0.0,0.75,0.0,33.42655367231639,0,24.0,28.0,24.0,34.0,0.0,0.0,0.0,0.0
AL,2021-04-03,2021,13,34,23.0,8.0,11.0,0.0,2.0,3.0,3.0,2.0,15988.0,2663.0,11624.0,2015.0,0.73,0.0,0.76,0.0,33.42655367231639,0,25.0,24.0,23.0,32.0,0.0,0.0,0.0,0.0
AL,2021-04-10,2021,14,35,11.0,3.0,13.0,0.0,2.0,3.0,3.0,2.0,16011.0,2656.0,11620.0,2060.0,0.73,0.0,0.78,0.0,33.42655367231639,0,23.0,25.0,28.0,27.0,0.0,0.0,0.0,0.0
AL,2021-04-17,2021,15,36,12.0,1.0,11.0,0.0,2.0,3.0,3.0,2.0,16131.0,2657.0,11898.0,2108.0,0.74,0.0,0.79,0.0,33.42655367231639,0,11.0,23.0,24.0,26.0,0.0,0.0,0.0,0.0
AL,2021-04-24,2021,16,37,19.0,5.0,32.0,0.0,2.0,3.0,3.0,2.0,16136.0,2661.0,11863.0,2088.0,0.74,0.0,0.78,0.0,33.42655367231639,0,12.0,11.0,25.0,24.0,0.0,0.0,0.0,0.0
AL,2021-05-01,2021,17,38,15.0,4.0,20.0,0.0,2.0,3.0,3.0,2.0,16154.0,2691.0,11895.0,2099.0,0.74,0.0,0.78,0.0,33.42655367231639,0,19.0,12.0,23.0,23.0,0.0,0.0,0.0,0.0
AL,2021-05-08,2021,18,39,12.0,6.0,14.0,0.0,2.0,3.0,3.0,2.0,16103.0,2688.0,12012.0,2136.0,0.75,0.0,0.79,0.0,33.42655367231639,0,15.0,19.0,11.0,28.0,0.0,0.0,0.0,0.0
AL,2021-05-15,2021,19,40,18.0,3.0,19.0,0.0,2.0,3.0,3.0,2.0,16104.0,2677.0,11899.0,2112.0,0.74,0.0,0.79,0.0,33.42655367231639,0,12.0,15.0,12.0,24.0,0.0,0.0,0.0,0.0
AL,2021-05-22,2021,20,41,14.0,3.0,16.0,0.0,2.0,3.0,3.0,2.0,16100.0,2673.0,12081.0,2108.0,0.75,0.0,0.79,0.0,33.42655367231639,0,18.0,12.0,19.0,25.0,0.0,0.0,0.0,0.0
AL,2021-05-29,2021,21,42,9.0,1.0,15.0,0.0,2.0,3.0,3.0,2.0,16087.0,2673.0,12069.0,2070.0,0.75,0.0,0.77,0.0,33.42655367231639,0,14.0,18.0,15.0,23.0,0.0,0.0,0.0,0.0
AL,2021-06-05,2021,22,43,14.0,3.0,18.0,0.0,2.0,3.0,3.0,2.0,16005.0,2672.0,11674.0,2026.0,0.73,0.0,0.76,0.0,33.42655367231639,0,9.0,14.0,12.0,11.0,0.0,0.0,0.0,0.0
AL,2021-06-12,2021,23,44,13.0,3.0,22.0,0.0,2.0,3.0,3.0,2.0,16040.0,2676.0,11973.0,2084.0,0.75,0.0,0.78,0.0,33.42655367231639,0,14.0,9.0,18.0,12.0,0.0,0.0,0.0,0.0
AL,2021-06-19,2021,24,45,7.0,1.0,8.0,0.0,2.0,3.0,3.0,2.0,16038.0,2670.0,11988.0,2106.0,0.75,0.0,0.79,0.0,33.42655367231639,0,13.0,14.0,14.0,19.0,0.0,0.0,0.0,0.0
AL,2021-06-26,2021,25,46,6.0,1.0,7.0,0.0,2.0,3.0,3.0,2.0,15986.0,2667.0,12039.0,2131.0,0.75,0.0,0.8,0.0,33.42655367231639,0,7.0,13.0,9.0,15.0,0.0,0.0,0.0,0.0
AL,2021-07-03,2021,26,47,9.0,2.0,18.0,0.0,2.0,3.0,3.0,2.0,15937.0,2666.0,12023.0,2109.0,0.75,0.0,0.79,0.0,33.42655367231639,0,6.0,7.0,14.0,12.0,0.0,0.0,0.0,0.0
AL,2021-07-10,2021,27,48,9.0,3.0,7.0,0.0,2.0,3.0,3.0,2.0,15886.0,2669.0,11678.0,2055.0,0.74,0.0,0.77,0.0,33.42655367231639,0,9.0,6.0,13.0,18.0,0.0,0.0,0.0,0.0
AL,2021-07-17,2021,28,49,9.0,1.0,18.0,0.0,2.0,3.0,3.0,2.0,15963.0,2683.0,12080.0,2126.0,0.76,0.0,0.79,0.0,33.42655367231639,0,9.0,9.0,7.0,14.0,0.0,0.0,0.0,0.0
AL,2021-07-24,2021,29,50,18.0,2.0,15.0,0.0,2.0,3.0,3.0,2.0,15988.0,2690.0,12138.0,2173.0,0.76,0.0,0.81,0.0,33.42655367231639,0,9.0,9.0,6.0,9.0,0.0,0.0,0.0,0.0
AL,2021-07-31,2021,30,51,36.0,4.0,45.0,0.0,2.0,3.0,3.0,2.0,16011.0,2732.0,12481.0,2211.0,0.78,0.0,0.81,0.0,33.42655367231639,0,18.0,9.0,9.0,14.0,0.0,0.0,0.0,0.0
AL,2021-08-07,2021,31,52,39.0,12.0,29.0,0.0,2.0,3.0,3.0,2.0,15936.0,2730.0,12624.0,2274.0,0.79,0.0,0.83,0.0,33.42655367231639,0,36.0,18.0,9.0,13.0,0.0,0.0,0.0,0.0
AL,2021-08-14,2021,32,53,36.0,14.0,22.0,0.0,2.0,3.0,3.0,2.0,15828.0,2708.0,12768.0,2335.0,0.81,0.0,0.86,0.0,33.42655367231639,0,39.0,36.0,9.0,7.0,0.0,0.0,0.0,0.0
AL,2021-08-21,2021,33,54,35.0,10.0,30.0,0.0,2.0,3.0,3.0,2.0,15830.0,2672.0,12932.0,2394.0,0.82,0.0,0.9,0.0,33.42655367231639,0,36.0,39.0,18.0,6.0,0.0,0.0,0.0,0.0
AL,2021-08-28,2021,34,55,33.0,6.0,41.0,0.0,2.0,3.0,3.0,2.0,15827.0,2677.0,12830.0,2447.0,0.81,0.0,0.91,0.0,33.42655367231639,0,35.0,36.0,36.0,9.0,0.0,0.0,0.0,0.0
AL,2021-09-04,2021,35,56,47.0,9.0,47.0,0.0,2.0,3.0,3.0,2.0,15860.0,2673.0,12781.0,2480.0,0.81,0.0,0.93,0.0,33.42655367231639,0,33.0,35.0,39.0,9.0,0.0,0.0,0.0,0.0
AL,2021-09-11,2021,36,57,48.0,13.0,30.0,0.0,2.0,3.0,3.0,2.0,15794.0,2622.0,12733.0,2437.0,0.81,0.0,0.93,0.0,33.42655367231639,0,47.0,33.0,36.0,9.0,0.0,0.0,0.0,0.0
AL,2021-09-18,2021,37,58,27.0,10.0,30.0,0.0,2.0,3.0,3.0,2.0,15784.0,2626.0,12721.0,2401.0,0.81,0.0,0.91,0.0,33.42655367231639,0,48.0,47.0,35.0,18.0,0.0,0.0,0.0,0.0
AL,2021-09-25,2021,38,59,13.0,5.0,15.0,0.0,2.0,3.0,3.0,2.0,15740.0,2628.0,12350.0,2355.0,0.78,0.0,0.9,0.0,33.42655367231639,0,27.0,48.0,33.0,36.0,0.0,0.0,0.0,0.0
AL,2021-10-02,2021,39,60,10.0,5.0,7.0,0.0,2.0,3.0,3.0,2.0,15694.0,2621.0,12226.0,2312.0,0.78,0.0,0.88,0.0,33.42655367231639,0,13.0,27.0,47.0,39.0,0.0,0.0,0.0,0.0
AL,2021-10-09,2021,40,61,8.0,5.0,13.0,0.0,2.0,3.0,3.0,2.0,15732.0,2647.0,12007.0,2237.0,0.76,0.0,0.84,0.0,33.42655367231639,0,10.0,13.0,48.0,36.0,0.0,0.0,0.0,0.0
AL,2021-10-16,2021,41,62,4.0,3.0,5.0,0.0,2.0,3.0,3.0,2.0,15726.0,2645.0,11899.0,2209.0,0.76,0.0,0.84,0.0,33.42655367231639,0,8.0,10.0,27.0,35.0,0.0,0.0,0.0,0.0
AL,2021-10-23,2021,42,63,8.0,5.0,6.0,0.0,2.0,3.0,3.0,2.0,15744.0,2633.0,11778.0,2157.0,0.75,0.0,0.82,0.0,33.42655367231639,0,4.0,8.0,13.0,33.0,0.0,0.0,0.0,0.0
AL,2021-10-30,2021,43,64,9.0,5.0,12.0,0.0,2.0,3.0,3.0,2.0,15743.0,2631.0,11874.0,2131.0,0.75,0.0,0.81,0.0,33.42655367231639,0,8.0,4.0,10.0,47.0,0.0,0.0,0.0,0.0
AL,2021-11-06,2021,44,65,10.0,3.0,9.0,0.0,2.0,3.0,3.0,2.0,15707.0,2640.0,11829.0,2108.0,0.75,0.0,0.8,0.0,33.42655367231639,0,9.0,8.0,8.0,48.0,0.0,0.0,0.0,0.0
AL,2021-11-13,2021,45,66,8.0,2.0,15.0,0.0,2.0,3.0,3.0,2.0,15773.0,2641.0,11952.0,2104.0,0.76,0.0,0.8,0.0,33.42655367231639,0,10.0,9.0,4.0,27.0,0.0,0.0,0.0,0.0
AL,2021-11-20,2021,46,67,13.0,4.0,16.0,0.0,2.0,3.0,3.0,2.0,15836.0,2656.0,12189.0,2138.0,0.77,0.0,0.8,0.0,33.42655367231639,0,8.0,10.0,8.0,13.0,0.0,0.0,0.0,0.0
AL,2021-11-27,2021,47,68,12.0,3.0,10.0,0.0,2.0,3.0,3.0,2.0,15738.0,2648.0,11313.0,2094.0,0.72,0.0,0.79,0.0,33.42655367231639,0,13.0,8.0,9.0,10.0,0.0,0.0,0.0,0.0
AL,2021-12-04,2021,48,69,13.0,4.0,23.0,0.0,2.0,3.0,3.0,2.0,15791.0,2635.0,12110.0,2166.0,0.77,0.0,0.82,0.0,33.42655367231639,0,12.0,13.0,10.0,8.0,0.0,0.0,0.0,0.0
AL,2021-12-11,2021,49,70,14.0,4.0,17.0,0.0,2.0,3.0,3.0,2.0,15788.0,2613.0,12251.0,2149.0,0.78,0.0,0.82,0.0,33.42655367231639,0,13.0,12.0,8.0,4.0,0.0,0.0,0.0,0.0
AL,2021-12-18,2021,50,71,23.0,9.0,23.0,0.0,2.0,3.0,3.0,2.0,15754.0,2602.0,12089.0,2124.0,0.77,0.0,0.82,0.0,33.42655367231639,0,14.0,13.0,13.0,8.0,0.0,0.0,0.0,0.0
AL,2021-12-25,2021,51,72,15.0,2.0,17.0,0.0,2.0,3.0,3.0,2.0,15664.0,2595.0,11275.0,2099.0,0.72,0.0,0.81,0.0,33.42655367231639,0,23.0,14.0,12.0,9.0,0.0,0.0,0.0,0.0
AL,2022-01-01,2022,52,73,43.0,7.0,70.0,0.0,2.0,3.0,3.0,2.0,15610.0,2601.0,11481.0,2097.0,0.74,0.0,0.81,0.0,31.192045454545454,0,15.0,23.0,13.0,10.0,0.0,0.0,0.0,0.0
AL,2022-01-08,2022,1,74,44.0,7.0,34.0,0.0,2.0,3.0,3.0,2.0,15644.0,2607.0,11992.0,2145.0,0.77,0.0,0.82,0.0,31.192045454545454,0,43.0,15.0,14.0,8.0,0.0,0.0,0.0,0.0
AL,2022-01-15,2022,2,75,34.0,5.0,17.0,0.0,2.0,3.0,3.0,2.0,15637.0,2641.0,12232.0,2233.0,0.78,0.0,0.85,0.0,31.192045454545454,0,44.0,43.0,23.0,13.0,0.0,0.0,0.0,0.0
AL,2022-01-22,2022,3,76,30.0,7.0,18.0,0.0,2.0,3.0,3.0,2.0,15785.0,2632.0,12412.0,2259.0,0.79,0.0,0.86,0.0,31.192045454545454,0,34.0,44.0,15.0,12.0,0.0,0.0,0.0,0.0
AL,2022-01-29,2022,4,77,26.0,5.0,41.0,0.0,2.0,3.0,3.0,2.0,15924.0,2640.0,12638.0,2295.0,0.79,0.0,0.87,0.0,31.192045454545454,0,30.0,34.0,43.0,13.0,0.0,0.0,0.0,0.0
AL,2022-02-05,2022,5,78,18.0,4.0,5.0,0.0,2.0,3.0,3.0,2.0,15983.0,2641.0,12672.0,2291.0,0.79,0.0,0.87,0.0,31.192045454545454,0,26.0,30.0,44.0,14.0,0.0,0.0,0.0,0.0
AL,2022-02-12,2022,6,79,11.0,2.0,9.0,0.0,2.0,3.0,3.0,2.0,15929.0,2631.0,12486.0,2249.0,0.78,0.0,0.85,0.0,31.192045454545454,0,18.0,26.0,34.0,23.0,0.0,0.0,0.0,0.0
AL,2022-02-19,2022,7,80,17.0,1.0,21.0,0.0,2.0,3.0,3.0,2.0,15866.0,2644.0,12146.0,2215.0,0.77,0.0,0.84,0.0,31.192045454545454,0,11.0,18.0,30.0,15.0,0.0,0.0,0.0,0.0
AL,2022-02-26,2022,8,81,16.0,2.0,10.0,0.0,2.0,3.0,3.0,2.0,15882.0,2652.0,12003.0,2145.0,0.76,0.0,0.81,0.0,31.192045454545454,0,17.0,11.0,26.0,43.0,0.0,0.0,0.0,0.0
AL,2022-03-05,2022,9,82,20.0,1.0,26.0,0.0,2.0,3.0,3.0,2.0,15885.0,2642.0,11751.0,2028.0,0.74,0.0,0.77,0.0,31.192045454545454,0,16.0,17.0,18.0,44.0,0.0,0.0,0.0,0.0
AL,2022-03-12,2022,10,83,21.0,4.0,35.0,0.0,2.0,3.0,3.0,2.0,15935.0,2625.0,11589.0,1993.0,0.73,0.0,0.76,0.0,31.192045454545454,0,20.0,16.0,11.0,34.0,0.0,0.0,0.0,0.0
AL,2022-03-19,2022,11,84,23.0,5.0,23.0,0.0,2.0,3.0,3.0,2.0,15910.0,2649.0,11444.0,1986.0,0.72,0.0,0.75,0.0,31.192045454545454,0,21.0,20.0,17.0,30.0,0.0,0.0,0.0,0.0
AL,2022-03-26,2022,12,85,16.0,3.0,17.0,0.0,2.0,3.0,3.0,2.0,15902.0,2623.0,11473.0,1957.0,0.72,0.0,0.75,0.0,31.192045454545454,0,23.0,21.0,16.0,26.0,0.0,0.0,0.0,0.0
AL,2022-04-02,2022,13,86,17.0,4.0,25.0,0.0,2.0,3.0,3.0,2.0,15870.0,2636.0,11201.0,1931.0,0.71,0.0,0.73,0.0,31.192045454545454,0,16.0,23.0,20.0,18.0,0.0,0.0,0.0,0.0
AL,2022-04-09,2022,14,87,16.0,4.0,23.0,0.0,2.0,3.0,3.0,2.0,15904.0,2674.0,11283.0,1961.0,0.71,0.0,0.73,0.0,31.192045454545454,0,17.0,16.0,21.0,11.0,0.0,0.0,0.0,0.0
AL,2022-04-16,2022,15,88,15.0,4.0,11.0,0.0,2.0,3.0,3.0,2.0,15860.0,2652.0,11225.0,1954.0,0.71,0.0,0.74,0.0,31.192045454545454,0,16.0,17.0,23.0,17.0,0.0,0.0,0.0,0.0
AL,2022-04-23,2022,16,89,18.0,4.0,25.0,0.0,2.0,3.0,3.0,2.0,15847.0,2679.0,11203.0,1963.0,0.71,0.0,0.73,0.0,31.192045454545454,0,15.0,16.0,16.0,16.0,0.0,0.0,0.0,0.0
AL,2022-04-30,2022,17,90,13.0,4.0,9.0,0.0,2.0,3.0,3.0,2.0,15769.0,2642.0,11267.0,1926.0,0.71,0.0,0.73,0.0,31.192045454545454,0,18.0,15.0,17.0,20.0,0.0,0.0,0.0,0.0
AL,2022-05-07,2022,18,91,17.0,7.0,19.0,0.0,2.0,3.0,3.0,2.0,15737.0,2639.0,11211.0,1939.0,0.71,0.0,0.73,0.0,31.192045454545454,0,13.0,18.0,16.0,21.0,0.0,0.0,0.0,0.0
AL,2022-05-14,2022,19,92,11.0,3.0,12.0,0.0,2.0,3.0,3.0,2.0,15715.0,2631.0,11222.0,1966.0,0.71,0.0,0.75,0.0,31.192045454545454,0,17.0,13.0,15.0,23.0,0.0,0.0,0.0,0.0
AL,2022-05-21,2022,20,93,12.0,3.0,15.0,0.0,2.0,3.0,3.0,2.0,15544.0,2626.0,11460.0,1981.0,0.74,0.0,0.75,0.0,31.192045454545454,0,11.0,17.0,18.0,16.0,0.0,0.0,0.0,0.0
AL,2022-05-28,2022,21,94,8.0,1.0,13.0,0.0,2.0,3.0,3.0,2.0,15583.0,2642.0,11454.0,1986.0,0.74,0.0,0.75,0.0,31.192045454545454,0,12.0,11.0,13.0,17.0,0.0,0.0,0.0,0.0
AL,2022-06-04,2022,22,95,8.0,3.0,13.0,0.0,2.0,3.0,3.0,2.0,15496.0,2627.0,11327.0,2192.0,0.73,0.0,0.83,0.0,31.192045454545454,0,8.0,12.0,17.0,16.0,0.0,0.0,0.0,0.0
AL,2022-06-11,2022,23,96,9.0,2.0,15.0,0.0,2.0,3.0,3.0,2.0,14417.0,2379.0,10402.0,1768.0,0.72,0.0,0.74,0.0,31.192045454545454,0,8.0,8.0,11.0,15.0,0.0,0.0,0.0,0.0
AL,2022-06-18,2022,24,97,13.0,2.0,15.0,0.0,2.0,3.0,3.0,2.0,14239.0,2342.0,10379.0,1742.0,0.73,0.0,0.74,0.0,31.192045454545454,0,9.0,8.0,12.0,18.0,0.0,0.0,0.0,0.0
AL,2022-06-25,2022,25,98,10.0,3.0,7.0,0.0,2.0,3.0,3.0,2.0,14195.0,2337.0,10238.0,1753.0,0.72,0.0,0.75,0.0,31.192045454545454,0,13.0,9.0,8.0,13.0,0.0,0.0,0.0,0.0
AL,2022-07-02,2022,26,99,8.0,1.0,8.0,0.0,2.0,3.0,3.0,2.0,14230.0,2334.0,10341.0,1733.0,0.73,0.0,0.74,0.0,31.192045454545454,0,10.0,13.0,8.0,17.0,0.0,0.0,0.0,0.0
AL,2022-07-09,2022,27,100,8.0,3.0,15.0,0.0,2.0,3.0,3.0,2.0,14153.0,2319.0,9996.0,1668.0,0.71,0.0,0.72,0.0,31.192045454545454,0,8.0,10.0,9.0,11.0,0.0,0.0,0.0,0.0
AL,2022-07-16,2022,28,101,8.0,5.0,33.0,0.0,2.0,3.0,3.0,2.0,14095.0,2318.0,10436.0,1762.0,0.74,0.0,0.76,0.0,31.192045454545454,0,8.0,8.0,13.0,12.0,0.0,0.0,0.0,0.0
AL,2022-07-23,2022,29,102,4.0,1.0,5.0,0.0,2.0,3.0,3.0,2.0,14103.0,2345.0,10433.0,1782.0,0.74,0.0,0.76,0.0,31.192045454545454,0,8.0,8.0,10.0,8.0,0.0,0.0,0.0,0.0
AL,2022-07-30,2022,30,103,5.0,1.0,9.0,0.0,2.0,3.0,3.0,2.0,14143.0,2326.0,10542.0,1780.0,0.75,0.0,0.76,0.0,31.192045454545454,0,4.0,8.0,8.0,8.0,0.0,0.0,0.0,0.0
AL,2022-08-06,2022,31,104,7.0,1.0,9.0,0.0,2.0,3.0,3.0,2.0,14161.0,2308.0,10440.0,1748.0,0.74,0.0,0.76,0.0,31.192045454545454,0,5.0,4.0,8.0,9.0,0.0,0.0,0.0,0.0
AL,2022-08-13,2022,32,105,8.0,1.0,8.0,0.0,2.0,3.0,3.0,2.0,14130.0,2310.0,10525.0,1776.0,0.74,0.0,0.77,0.0,31.192045454545454,0,7.0,5.0,8.0,13.0,0.0,0.0,0.0,0.0
AL,2022-08-20,2022,33,106,9.0,1.0,5.0,0.0,2.0,3.0,3.0,2.0,14056.0,2314.0,10556.0,1768.0,0.75,0.0,0.76,0.0,31.192045454545454,0,8.0,7.0,4.0,10.0,0.0,0.0,0.0,0.0
AL,2022-08-27,2022,34,107,10.0,3.0,10.0,0.0,2.0,3.0,3.0,2.0,14036.0,2328.0,10567.0,1770.0,0.75,0.0,0.76,0.0,31.192045454545454,0,9.0,8.0,5.0,8.0,0.0,0.0,0.0,0.0
AL,2022-09-03,2022,35,108,8.0,2.0,13.0,0.0,2.0,3.0,3.0,2.0,13999.0,2307.0,10479.0,1768.0,0.75,0.0,0.77,0.0,31.192045454545454,0,10.0,9.0,7.0,8.0,0.0,0.0,0.0,0.0
AL,2022-09-10,2022,36,109,8.0,4.0,12.0,0.0,2.0,3.0,3.0,2.0,13983.0,2303.0,10431.0,1771.0,0.75,0.0,0.77,0.0,31.192045454545454,0,8.0,10.0,8.0,8.0,0.0,0.0,0.0,0.0
AL,2022-09-17,2022,37,110,12.0,3.0,22.0,0.0,2.0,3.0,3.0,2.0,13979.0,2296.0,10483.0,1768.0,0.75,0.0,0.77,0.0,31.192045454545454,0,8.0,8.0,9.0,4.0,0.0,0.0,0.0,0.0
AL,2022-09-24,2022,38,111,13.0,5.0,20.0,0.0,2.0,3.0,3.0,2.0,13990.0,2316.0,10385.0,1794.0,0.74,0.0,0.77,0.0,31.192045454545454,0,12.0,8.0,10.0,5.0,0.0,0.0,0.0,0.0
AL,2022-10-01,2022,39,112,20.0,4.0,28.0,0.0,2.0,3.0,3.0,2.0,14019.0,2316.0,10273.0,1742.0,0.73,0.0,0.75,0.0,31.192045454545454,0,13.0,12.0,8.0,7.0,0.0,0.0,0.0,0.0
AL,2022-10-08,2022,40,113,29.0,7.0,42.0,0.0,2.0,3.0,3.0,2.0,13976.0,2330.0,10296.0,1796.0,0.74,0.0,0.77,0.0,31.192045454545454,0,20.0,13.0,8.0,8.0,0.0,0.0,0.0,0.0
AL,2022-10-15,2022,41,114,60.0,13.0,87.0,0.0,2.0,3.0,3.0,2.0,13953.0,2318.0,10234.0,1771.0,0.73,0.0,0.76,0.01,31.192045454545454,0,29.0,20.0,12.0,9.0,0.0,0.0,0.0,0.0
AL,2022-10-22,2022,42,115,91.0,21.0,141.0,0.0,2.0,3.0,3.0,2.0,13965.0,2338.0,10276.0,1813.0,0.74,0.01,0.78,0.01,31.192045454545454,0,60.0,29.0,13.0,10.0,0.0,0.0,0.0,0.0
AL,2022-10-29,2022,43,116,193.0,36.0,271.0,0.0,2.0,3.0,3.0,2.0,14007.0,2340.0,10426.0,1808.0,0.74,0.01,0.77,0.02,31.192045454545454,1,91.0,60.0,20.0,8.0,0.01,0.0,0.0,0.0
AL,2022-11-05,2022,44,117,286.0,48.0,403.0,0.0,2.0,3.0,3.0,2.0,13999.0,2353.0,10414.0,1830.0,0.74,0.02,0.78,0.02,31.192045454545454,1,193.0,91.0,29.0,8.0,0.01,0.01,0.0,0.0
AL,2022-11-12,2022,45,118,281.0,52.0,353.0,0.0,2.0,3.0,3.0,2.0,14027.0,2325.0,10580.0,1814.0,0.75,0.02,0.78,0.02,31.192045454545454,1,286.0,193.0,60.0,12.0,0.02,0.01,0.0,0.0
AL,2022-11-19,2022,46,119,256.0,50.0,262.0,0.0,2.0,3.0,3.0,2.0,14006.0,2331.0,10483.0,1823.0,0.75,0.02,0.78,0.02,31.192045454545454,1,281.0,286.0,91.0,13.0,0.02,0.02,0.01,0.0
AL,2022-11-26,2022,47,120,243.0,43.0,270.0,0.0,2.0,3.0,3.0,2.0,14369.0,2374.0,9894.0,1817.0,0.69,0.02,0.77,0.02,31.192045454545454,1,256.0,281.0,193.0,20.0,0.02,0.02,0.01,0.0
AL,2022-12-03,2022,48,121,309.0,70.0,418.0,0.0,2.0,3.0,3.0,2.0,13998.0,2333.0,10584.0,1832.0,0.76,0.02,0.79,0.03,31.192045454545454,1,243.0,256.0,286.0,29.0,0.02,0.02,0.02,0.0
AL,2022-12-10,2022,49,122,238.0,58.0,256.0,0.0,2.0,3.0,3.0,2.0,14019.0,2355.0,10664.0,1851.0,0.76,0.02,0.79,0.02,31.192045454545454,1,309.0,243.0,281.0,60.0,0.02,0.02,0.02,0.0
AL,2022-12-17,2022,50,123,154.0,31.0,176.0,0.0,2.0,3.0,3.0,2.0,13668.0,2258.0,10410.0,1756.0,0.76,0.01,0.78,0.01,31.192045454545454,1,238.0,309.0,256.0,91.0,0.02,0.02,0.02,0.01
AL,2022-12-24,2022,51,124,119.0,28.0,152.0,0.0,2.0,3.0,3.0,2.0,13038.0,2113.0,9464.0,1642.0,0.73,0.01,0.78,0.01,31.192045454545454,1,154.0,238.0,243.0,193.0,0.01,0.02,0.02,0.01
AL,2022-12-31,2022,52,125,118.0,26.0,148.0,0.0,2.0,3.0,3.0,2.0,13080.0,2117.0,9289.0,1606.0,0.71,0.01,0.76,0.01,31.192045454545454,1,119.0,154.0,309.0,286.0,0.01,0.01,0.02,0.02
AR,2020-10-03,2020,40,8,6.0,1.0,12.0,0.0,0.0,1.5,0.5,1.0,7955.0,1429.0,5310.0,995.0,0.67,0.0,0.7,0.0,37.225500000000004,0,6.0,6.0,6.0,6.0,0.0,0.0,0.0,0.0
AR,2020-10-10,2020,41,9,6.0,1.0,12.0,0.0,0.0,1.5,0.5,1.0,7933.0,1429.0,5347.0,996.0,0.67,0.0,0.7,0.0,37.225500000000004,0,6.0,6.0,6.0,6.0,0.0,0.0,0.0,0.0
AR,2020-10-17,2020,42,10,0.0,0.0,0.0,0.0,0.0,1.5,0.5,1.0,7958.0,1429.0,5328.0,979.0,0.67,0.0,0.68,0.0,37.225500000000004,0,6.0,6.0,6.0,6.0,0.0,0.0,0.0,0.0
AR,2020-10-24,2020,43,11,4.0,0.0,4.0,0.0,0.0,1.5,0.5,1.0,8295.0,1470.0,5278.0,999.0,0.64,0.0,0.68,0.0,37.225500000000004,0,0.0,6.0,6.0,6.0,0.0,0.0,0.0,0.0
AR,2020-10-31,2020,44,12,3.0,1.0,8.0,0.0,0.0,1.5,0.5,1.0,8463.0,1473.0,5279.0,1003.0,0.62,0.0,0.68,0.0,37.225500000000004,0,4.0,0.0,6.0,6.0,0.0,0.0,0.0,0.0
AR,2020-11-07,2020,45,13,6.0,3.0,14.0,0.0,0.0,1.5,0.5,1.0,8417.0,1498.0,5334.0,1015.0,0.63,0.0,0.68,0.0,37.225500000000004,0,3.0,4.0,6.0,6.0,0.0,0.0,0.0,0.0
AR,2020-11-14,2020,46,14,5.0,0.0,10.0,0.0,0.0,1.5,0.5,1.0,8507.0,1611.0,5474.0,1057.0,0.64,0.0,0.66,0.0,37.225500000000004,0,6.0,3.0,0.0,6.0,0.0,0.0,0.0,0.0
AR,2020-11-21,2020,47,15,4.0,1.0,6.0,0.0,0.0,1.5,0.5,1.0,8279.0,1530.0,5438.0,1049.0,0.66,0.0,0.69,0.0,37.225500000000004,0,5.0,6.0,4.0,6.0,0.0,0.0,0.0,0.0
AR,2020-11-28,2020,48,16,6.0,1.0,13.0,0.0,0.0,1.5,0.5,1.0,7544.0,1450.0,5048.0,1040.0,0.67,0.0,0.72,0.0,37.225500000000004,0,4.0,5.0,3.0,6.0,0.0,0.0,0.0,0.0
AR,2020-12-05,2020,49,17,9.0,4.0,7.0,0.0,0.0,1.5,0.5,1.0,7526.0,1428.0,5343.0,1051.0,0.71,0.0,0.74,0.0,37.225500000000004,0,6.0,4.0,6.0,6.0,0.0,0.0,0.0,0.0
AR,2020-12-12,2020,50,18,13.0,3.0,12.0,0.0,0.0,1.5,0.5,1.0,7580.0,1437.0,5499.0,1070.0,0.73,0.0,0.74,0.0,37.225500000000004,0,9.0,6.0,5.0,0.0,0.0,0.0,0.0,0.0
AR,2020-12-19,2020,51,19,11.0,2.0,12.0,0.0,0.0,1.5,0.5,1.0,7639.0,1495.0,5453.0,1048.0,0.71,0.0,0.7,0.0,37.225500000000004,0,13.0,9.0,4.0,4.0,0.0,0.0,0.0,0.0
AR,2020-12-26,2020,52,20,8.0,2.0,9.0,0.0,0.0,1.5,0.5,1.0,7478.0,1445.0,4954.0,1019.0,0.66,0.0,0.71,0.0,37.225500000000004,0,11.0,13.0,6.0,3.0,0.0,0.0,0.0,0.0
AR,2021-01-02,2021,53,21,15.0,3.0,20.0,0.0,0.0,1.5,0.5,1.0,7499.0,1453.0,5202.0,1011.0,0.69,0.0,0.7,0.0,35.26457142857143,0,8.0,11.0,9.0,6.0,0.0,0.0,0.0,0.0
AR,2021-01-09,2021,1,22,14.0,4.0,20.0,0.0,0.0,1.5,0.5,1.0,7605.0,1478.0,5436.0,1056.0,0.71,0.0,0.71,0.0,35.26457142857143,0,15.0,8.0,13.0,5.0,0.0,0.0,0.0,0.0
AR,2021-01-16,2021,2,23,15.0,3.0,17.0,0.0,0.0,1.5,0.5,1.0,7661.0,1484.0,5455.0,1068.0,0.71,0.0,0.72,0.0,35.26457142857143,0,14.0,15.0,11.0,4.0,0.0,0.0,0.0,0.0
AR,2021-01-23,2021,3,24,13.0,3.0,13.0,0.0,0.0,1.5,0.5,1.0,7652.0,1522.0,5430.0,1047.0,0.71,0.0,0.69,0.0,35.26457142857143,0,15.0,14.0,8.0,6.0,0.0,0.0,0.0,0.0
AR,2021-01-30,2021,4,25,12.0,3.0,21.0,0.0,0.0,1.5,0.5,1.0,7651.0,1474.0,5367.0,1025.0,0.7,0.0,0.7,0.0,35.26457142857143,0,13.0,15.0,15.0,9.0,0.0,0.0,0.0,0.0
AR,2021-02-06,2021,5,26,9.0,1.0,9.0,0.0,0.0,1.5,0.5,1.0,7615.0,1463.0,5272.0,1024.0,0.69,0.0,0.7,0.0,35.26457142857143,0,12.0,13.0,14.0,13.0,0.0,0.0,0.0,0.0
AR,2021-02-13,2021,6,27,13.0,1.0,19.0,0.0,0.0,1.5,0.5,1.0,7603.0,1470.0,5275.0,1012.0,0.69,0.0,0.69,0.0,35.26457142857143,0,9.0,12.0,15.0,11.0,0.0,0.0,0.0,0.0
AR,2021-02-20,2021,7,28,14.0,2.0,16.0,0.0,0.0,1.5,0.5,1.0,7500.0,1453.0,5031.0,981.0,0.67,0.0,0.67,0.0,35.26457142857143,0,13.0,9.0,13.0,8.0,0.0,0.0,0.0,0.0
AR,2021-02-27,2021,8,29,10.0,2.0,10.0,0.0,0.0,1.5,0.5,1.0,7638.0,1443.0,5386.0,1006.0,0.71,0.0,0.7,0.0,35.26457142857143,0,14.0,13.0,12.0,15.0,0.0,0.0,0.0,0.0
AR,2021-03-06,2021,9,30,9.0,2.0,10.0,0.0,0.0,1.5,0.5,1.0,7631.0,1459.0,5282.0,991.0,0.69,0.0,0.68,0.0,35.26457142857143,0,10.0,14.0,9.0,14.0,0.0,0.0,0.0,0.0
AR,2021-03-13,2021,10,31,10.0,1.0,21.0,0.0,0.0,1.5,0.5,1.0,7627.0,1453.0,5217.0,965.0,0.68,0.0,0.66,0.0,35.26457142857143,0,9.0,10.0,13.0,15.0,0.0,0.0,0.0,0.0
AR,2021-03-20,2021,11,32,7.0,1.0,13.0,0.0,0.0,1.5,0.5,1.0,7622.0,1439.0,5222.0,941.0,0.69,0.0,0.65,0.0,35.26457142857143,0,10.0,9.0,14.0,13.0,0.0,0.0,0.0,0.0
AR,2021-03-27,2021,12,33,8.0,1.0,14.0,0.0,0.0,1.5,0.5,1.0,7555.0,1422.0,4937.0,894.0,0.65,0.0,0.63,0.0,35.26457142857143,0,7.0,10.0,10.0,12.0,0.0,0.0,0.0,0.0
AR,2021-04-03,2021,13,34,6.0,1.0,11.0,0.0,0.0,1.5,0.5,1.0,7608.0,1439.0,5014.0,882.0,0.66,0.0,0.61,0.0,35.26457142857143,0,8.0,7.0,9.0,9.0,0.0,0.0,0.0,0.0
AR,2021-04-10,2021,14,35,8.0,0.0,14.0,0.0,0.0,1.5,0.5,1.0,7675.0,1446.0,5103.0,901.0,0.66,0.0,0.62,0.0,35.26457142857143,0,6.0,8.0,10.0,13.0,0.0,0.0,0.0,0.0
AR,2021-04-17,2021,15,36,13.0,0.0,16.0,0.0,0.0,1.5,0.5,1.0,7693.0,1438.0,5207.0,925.0,0.68,0.0,0.64,0.0,35.26457142857143,0,8.0,6.0,7.0,14.0,0.0,0.0,0.0,0.0
AR,2021-04-24,2021,16,37,10.0,1.0,18.0,0.0,0.0,1.5,0.5,1.0,7648.0,1428.0,5190.0,903.0,0.68,0.0,0.63,0.0,35.26457142857143,0,13.0,8.0,8.0,10.0,0.0,0.0,0.0,0.0
AR,2021-05-01,2021,17,38,9.0,2.0,15.0,0.0,0.0,1.5,0.5,1.0,7627.0,1439.0,5257.0,938.0,0.69,0.0,0.65,0.0,35.26457142857143,0,10.0,13.0,6.0,9.0,0.0,0.0,0.0,0.0
AR,2021-05-08,2021,18,39,4.0,0.0,6.0,0.0,0.0,1.5,0.5,1.0,7695.0,1445.0,5255.0,956.0,0.68,0.0,0.66,0.0,35.26457142857143,0,9.0,10.0,8.0,10.0,0.0,0.0,0.0,0.0
AR,2021-05-15,2021,19,40,4.0,0.0,6.0,0.0,0.0,1.5,0.5,1.0,7705.0,1442.0,5347.0,933.0,0.69,0.0,0.65,0.0,35.26457142857143,0,4.0,9.0,13.0,7.0,0.0,0.0,0.0,0.0
AR,2021-05-22,2021,20,41,5.0,2.0,3.0,0.0,0.0,1.5,0.5,1.0,7748.0,1445.0,5335.0,942.0,0.69,0.0,0.65,0.0,35.26457142857143,0,4.0,4.0,10.0,8.0,0.0,0.0,0.0,0.0
AR,2021-05-29,2021,21,42,2.0,0.0,1.0,0.0,0.0,1.5,0.5,1.0,7751.0,1445.0,5432.0,951.0,0.7,0.0,0.66,0.0,35.26457142857143,0,5.0,4.0,9.0,6.0,0.0,0.0,0.0,0.0
AR,2021-06-05,2021,22,43,2.0,1.0,7.0,0.0,0.0,1.5,0.5,1.0,7691.0,1447.0,5221.0,919.0,0.68,0.0,0.64,0.0,35.26457142857143,0,2.0,5.0,4.0,8.0,0.0,0.0,0.0,0.0
AR,2021-06-12,2021,23,44,0.0,0.0,1.0,0.0,0.0,1.5,0.5,1.0,7727.0,1433.0,5462.0,936.0,0.71,0.0,0.65,0.0,35.26457142857143,0,2.0,2.0,4.0,13.0,0.0,0.0,0.0,0.0
AR,2021-06-19,2021,24,45,3.0,0.0,4.0,0.0,0.0,1.5,0.5,1.0,7784.0,1431.0,5520.0,969.0,0.71,0.0,0.68,0.0,35.26457142857143,0,0.0,2.0,5.0,10.0,0.0,0.0,0.0,0.0
AR,2021-06-26,2021,25,46,4.0,0.0,4.0,0.0,0.0,1.5,0.5,1.0,7750.0,1437.0,5539.0,990.0,0.71,0.0,0.69,0.0,35.26457142857143,0,3.0,0.0,2.0,9.0,0.0,0.0,0.0,0.0
AR,2021-07-03,2021,26,47,3.0,0.0,2.0,0.0,0.0,1.5,0.5,1.0,7742.0,1448.0,5385.0,998.0,0.7,0.0,0.69,0.0,35.26457142857143,0,4.0,3.0,2.0,4.0,0.0,0.0,0.0,0.0
AR,2021-07-10,2021,27,48,2.0,0.0,1.0,0.0,0.0,1.5,0.5,1.0,7738.0,1443.0,5402.0,1014.0,0.7,0.0,0.7,0.0,35.26457142857143,0,3.0,4.0,0.0,4.0,0.0,0.0,0.0,0.0
AR,2021-07-17,2021,28,49,1.0,0.0,1.0,0.0,0.0,1.5,0.5,1.0,7842.0,1482.0,5680.0,1035.0,0.72,0.0,0.7,0.0,35.26457142857143,0,2.0,3.0,3.0,5.0,0.0,0.0,0.0,0.0
AR,2021-07-24,2021,29,50,1.0,0.0,1.0,0.0,0.0,1.5,0.5,1.0,7824.0,1478.0,5739.0,1057.0,0.73,0.0,0.71,0.0,35.26457142857143,0,1.0,2.0,4.0,2.0,0.0,0.0,0.0,0.0
AR,2021-07-31,2021,30,51,0.0,0.0,0.0,0.0,0.0,1.5,0.5,1.0,7849.0,1479.0,5718.0,1062.0,0.73,0.0,0.72,0.0,35.26457142857143,0,1.0,1.0,3.0,2.0,0.0,0.0,0.0,0.0
AR,2021-08-07,2021,31,52,1.0,0.0,3.0,0.0,0.0,1.5,0.5,1.0,7841.0,1492.0,5710.0,1086.0,0.73,0.0,0.73,0.0,35.26457142857143,0,0.0,1.0,2.0,0.0,0.0,0.0,0.0,0.0
AR,2021-08-14,2021,32,53,3.0,0.0,2.0,0.0,0.0,1.5,0.5,1.0,7723.0,1476.0,5744.0,1116.0,0.74,0.0,0.76,0.0,35.26457142857143,0,1.0,0.0,1.0,3.0,0.0,0.0,0.0,0.0
AR,2021-08-21,2021,33,54,3.0,0.0,3.0,0.0,0.0,1.5,0.5,1.0,7761.0,1447.0,5659.0,1160.0,0.73,0.0,0.8,0.0,35.26457142857143,0,3.0,1.0,1.0,4.0,0.0,0.0,0.0,0.0
AR,2021-08-28,2021,34,55,3.0,0.0,5.0,0.0,0.0,1.5,0.5,1.0,7770.0,1435.0,5753.0,1187.0,0.74,0.0,0.83,0.0,35.26457142857143,0,3.0,3.0,0.0,3.0,0.0,0.0,0.0,0.0
AR,2021-09-04,2021,35,56,3.0,0.0,2.0,0.0,0.0,1.5,0.5,1.0,7820.0,1454.0,5737.0,1205.0,0.73,0.0,0.83,0.0,35.26457142857143,0,3.0,3.0,1.0,2.0,0.0,0.0,0.0,0.0
AR,2021-09-11,2021,36,57,2.0,0.0,0.0,0.0,0.0,1.5,0.5,1.0,7729.0,1443.0,5711.0,1218.0,0.74,0.0,0.84,0.0,35.26457142857143,0,3.0,3.0,3.0,1.0,0.0,0.0,0.0,0.0
AR,2021-09-18,2021,37,58,2.0,1.0,2.0,0.0,0.0,1.5,0.5,1.0,7809.0,1448.0,5813.0,1204.0,0.74,0.0,0.83,0.0,35.26457142857143,0,2.0,3.0,3.0,1.0,0.0,0.0,0.0,0.0
AR,2021-09-25,2021,38,59,3.0,2.0,3.0,0.0,0.0,1.5,0.5,1.0,7771.0,1445.0,5647.0,1153.0,0.73,0.0,0.8,0.0,35.26457142857143,0,2.0,2.0,3.0,0.0,0.0,0.0,0.0,0.0
AR,2021-10-02,2021,39,60,2.0,1.0,0.0,0.0,0.0,1.5,0.5,1.0,7775.0,1438.0,5631.0,1134.0,0.72,0.0,0.79,0.0,35.26457142857143,0,3.0,2.0,3.0,1.0,0.0,0.0,0.0,0.0
AR,2021-10-09,2021,40,61,4.0,1.0,3.0,0.0,0.0,1.5,0.5,1.0,7779.0,1441.0,5579.0,1105.0,0.72,0.0,0.77,0.0,35.26457142857143,0,2.0,3.0,2.0,3.0,0.0,0.0,0.0,0.0
AR,2021-10-16,2021,41,62,1.0,0.0,4.0,0.0,0.0,1.5,0.5,1.0,7739.0,1433.0,5594.0,1096.0,0.72,0.0,0.76,0.0,35.26457142857143,0,4.0,2.0,2.0,3.0,0.0,0.0,0.0,0.0
AR,2021-10-23,2021,42,63,3.0,0.0,3.0,0.0,0.0,1.5,0.5,1.0,7696.0,1419.0,5403.0,1033.0,0.7,0.0,0.73,0.0,35.26457142857143,0,1.0,4.0,3.0,3.0,0.0,0.0,0.0,0.0
AR,2021-10-30,2021,43,64,3.0,0.0,3.0,0.0,0.0,1.5,0.5,1.0,7702.0,1397.0,5378.0,1025.0,0.7,0.0,0.73,0.0,35.26457142857143,0,3.0,1.0,2.0,3.0,0.0,0.0,0.0,0.0
AR,2021-11-06,2021,44,65,2.0,0.0,3.0,0.0,0.0,1.5,0.5,1.0,7660.0,1399.0,5284.0,1016.0,0.69,0.0,0.73,0.0,35.26457142857143,0,3.0,3.0,4.0,2.0,0.0,0.0,0.0,0.0
AR,2021-11-13,2021,45,66,2.0,0.0,6.0,0.0,0.0,1.5,0.5,1.0,7661.0,1393.0,5392.0,1014.0,0.7,0.0,0.73,0.0,35.26457142857143,0,2.0,3.0,1.0,2.0,0.0,0.0,0.0,0.0
AR,2021-11-20,2021,46,67,6.0,1.0,9.0,0.0,0.0,1.5,0.5,1.0,7672.0,1384.0,5456.0,1009.0,0.71,0.0,0.73,0.0,35.26457142857143,0,2.0,2.0,3.0,3.0,0.0,0.0,0.0,0.0
AR,2021-11-27,2021,47,68,5.0,2.0,2.0,0.0,0.0,1.5,0.5,1.0,7583.0,1373.0,4941.0,968.0,0.65,0.0,0.71,0.0,35.26457142857143,0,6.0,2.0,3.0,2.0,0.0,0.0,0.0,0.0
AR,2021-12-04,2021,48,69,6.0,2.0,12.0,0.0,0.0,1.5,0.5,1.0,7648.0,1377.0,5428.0,1050.0,0.71,0.0,0.76,0.0,35.26457142857143,0,5.0,6.0,2.0,4.0,0.0,0.0,0.0,0.0
AR,2021-12-11,2021,49,70,8.0,1.0,11.0,0.0,0.0,1.5,0.5,1.0,7713.0,1385.0,5556.0,1053.0,0.72,0.0,0.76,0.0,35.26457142857143,0,6.0,5.0,2.0,1.0,0.0,0.0,0.0,0.0
AR,2021-12-18,2021,50,71,6.0,0.0,13.0,0.0,0.0,1.5,0.5,1.0,7667.0,1388.0,5620.0,1088.0,0.73,0.0,0.78,0.0,35.26457142857143,0,8.0,6.0,6.0,3.0,0.0,0.0,0.0,0.0
AR,2021-12-25,2021,51,72,5.0,1.0,11.0,0.0,0.0,1.5,0.5,1.0,7550.0,1364.0,5133.0,1010.0,0.68,0.0,0.74,0.0,35.26457142857143,0,6.0,8.0,5.0,3.0,0.0,0.0,0.0,0.0
AR,2022-01-01,2022,52,73,12.0,3.0,28.0,0.0,0.0,1.5,0.5,1.0,7538.0,1360.0,5243.0,1015.0,0.7,0.0,0.75,0.0,33.670056497175146,0,5.0,6.0,6.0,2.0,0.0,0.0,0.0,0.0
AR,2022-01-08,2022,1,74,16.0,6.0,35.0,0.0,0.0,1.5,0.5,1.0,7565.0,1360.0,5349.0,1021.0,0.71,0.0,0.75,0.0,33.670056497175146,0,12.0,5.0,8.0,2.0,0.0,0.0,0.0,0.0
AR,2022-01-15,2022,2,75,18.0,6.0,30.0,0.0,0.0,1.5,0.5,1.0,7668.0,1361.0,5500.0,1042.0,0.72,0.0,0.77,0.0,33.670056497175146,0,16.0,12.0,6.0,6.0,0.0,0.0,0.0,0.0
AR,2022-01-22,2022,3,76,15.0,4.0,19.0,0.0,0.0,1.5,0.5,1.0,7667.0,1355.0,5437.0,1035.0,0.71,0.0,0.76,0.0,33.670056497175146,0,18.0,16.0,5.0,5.0,0.0,0.0,0.0,0.0
AR,2022-01-29,2022,4,77,14.0,2.0,13.0,0.0,0.0,1.5,0.5,1.0,7700.0,1325.0,5570.0,1037.0,0.72,0.0,0.78,0.0,33.670056497175146,0,15.0,18.0,12.0,6.0,0.0,0.0,0.0,0.0
AR,2022-02-05,2022,5,78,15.0,1.0,16.0,0.0,0.0,1.5,0.5,1.0,7684.0,1318.0,5544.0,1053.0,0.72,0.0,0.8,0.0,33.670056497175146,0,14.0,15.0,16.0,8.0,0.0,0.0,0.0,0.0
AR,2022-02-12,2022,6,79,14.0,2.0,23.0,0.0,0.0,1.5,0.5,1.0,7690.0,1285.0,5687.0,1044.0,0.74,0.0,0.81,0.0,33.670056497175146,0,15.0,14.0,18.0,6.0,0.0,0.0,0.0,0.0
AR,2022-02-19,2022,7,80,14.0,1.0,22.0,0.0,0.0,1.5,0.5,1.0,7628.0,1262.0,5667.0,1008.0,0.74,0.0,0.8,0.0,33.670056497175146,0,14.0,15.0,15.0,5.0,0.0,0.0,0.0,0.0
AR,2022-02-26,2022,8,81,13.0,0.0,37.0,0.0,0.0,1.5,0.5,1.0,7550.0,1236.0,5335.0,905.0,0.71,0.0,0.73,0.0,33.670056497175146,0,14.0,14.0,14.0,12.0,0.0,0.0,0.0,0.0
AR,2022-03-05,2022,9,82,19.0,3.0,57.0,0.0,0.0,1.5,0.5,1.0,7769.0,1238.0,5377.0,905.0,0.69,0.0,0.73,0.0,33.670056497175146,0,13.0,14.0,15.0,16.0,0.0,0.0,0.0,0.0
AR,2022-03-12,2022,10,83,25.0,4.0,60.0,0.0,0.0,1.5,0.5,1.0,7662.0,1242.0,5489.0,905.0,0.72,0.0,0.73,0.0,33.670056497175146,0,19.0,13.0,14.0,18.0,0.0,0.0,0.0,0.0
AR,2022-03-19,2022,11,84,27.0,4.0,62.0,0.0,0.0,1.5,0.5,1.0,7555.0,1216.0,5389.0,889.0,0.71,0.0,0.73,0.0,33.670056497175146,0,25.0,19.0,14.0,15.0,0.0,0.0,0.0,0.0
AR,2022-03-26,2022,12,85,36.0,6.0,74.0,0.0,0.0,1.5,0.5,1.0,7508.0,1209.0,5194.0,867.0,0.69,0.0,0.72,0.01,33.670056497175146,0,27.0,25.0,13.0,14.0,0.0,0.0,0.0,0.0
AR,2022-04-02,2022,13,86,31.0,4.0,56.0,0.0,0.0,1.5,0.5,1.0,7516.0,1213.0,5135.0,835.0,0.68,0.0,0.69,0.0,33.670056497175146,0,36.0,27.0,19.0,15.0,0.0,0.0,0.0,0.0
AR,2022-04-09,2022,14,87,32.0,4.0,74.0,0.0,0.0,1.5,0.5,1.0,7503.0,1216.0,5123.0,845.0,0.68,0.0,0.69,0.0,33.670056497175146,0,31.0,36.0,25.0,14.0,0.0,0.0,0.0,0.0
AR,2022-04-16,2022,15,88,22.0,3.0,43.0,0.0,0.0,1.5,0.5,1.0,7515.0,1208.0,5016.0,796.0,0.67,0.0,0.66,0.0,33.670056497175146,0,32.0,31.0,27.0,14.0,0.0,0.0,0.0,0.0
AR,2022-04-23,2022,16,89,19.0,3.0,34.0,0.0,0.0,1.5,0.5,1.0,7462.0,1189.0,4987.0,801.0,0.67,0.0,0.67,0.0,33.670056497175146,0,22.0,32.0,36.0,13.0,0.0,0.0,0.0,0.0
AR,2022-04-30,2022,17,90,15.0,2.0,33.0,0.0,0.0,1.5,0.5,1.0,7239.0,1166.0,4851.0,791.0,0.67,0.0,0.68,0.0,33.670056497175146,0,19.0,22.0,31.0,19.0,0.0,0.0,0.0,0.0
AR,2022-05-07,2022,18,91,9.0,1.0,17.0,0.0,0.0,1.5,0.5,1.0,7249.0,1167.0,4809.0,785.0,0.66,0.0,0.67,0.0,33.670056497175146,0,15.0,19.0,32.0,25.0,0.0,0.0,0.0,0.0
AR,2022-05-14,2022,19,92,9.0,1.0,28.0,0.0,0.0,1.5,0.5,1.0,7250.0,1172.0,4877.0,785.0,0.67,0.0,0.67,0.0,33.670056497175146,0,9.0,15.0,22.0,27.0,0.0,0.0,0.0,0.0
AR,2022-05-21,2022,20,93,5.0,0.0,15.0,0.0,0.0,1.5,0.5,1.0,7246.0,1158.0,4898.0,790.0,0.68,0.0,0.68,0.0,33.670056497175146,0,9.0,9.0,19.0,36.0,0.0,0.0,0.0,0.0
AR,2022-05-28,2022,21,94,6.0,0.0,14.0,0.0,0.0,1.5,0.5,1.0,7205.0,1150.0,4919.0,794.0,0.68,0.0,0.69,0.0,33.670056497175146,0,5.0,9.0,15.0,31.0,0.0,0.0,0.0,0.0
AR,2022-06-04,2022,22,95,5.0,0.0,17.0,0.0,0.0,1.5,0.5,1.0,7202.0,1140.0,4840.0,779.0,0.67,0.0,0.68,0.0,33.670056497175146,0,6.0,5.0,9.0,32.0,0.0,0.0,0.0,0.0
AR,2022-06-11,2022,23,96,9.0,2.0,19.0,0.0,0.0,1.5,0.5,1.0,7235.0,1159.0,4888.0,813.0,0.68,0.0,0.7,0.0,33.670056497175146,0,5.0,6.0,9.0,22.0,0.0,0.0,0.0,0.0
AR,2022-06-18,2022,24,97,5.0,1.0,10.0,0.0,0.0,1.5,0.5,1.0,7288.0,1156.0,4896.0,791.0,0.67,0.0,0.68,0.0,33.670056497175146,0,9.0,5.0,5.0,19.0,0.0,0.0,0.0,0.0
AR,2022-06-25,2022,25,98,6.0,1.0,16.0,0.0,0.0,1.5,0.5,1.0,7229.0,1158.0,4914.0,818.0,0.68,0.0,0.71,0.0,33.670056497175146,0,5.0,9.0,6.0,15.0,0.0,0.0,0.0,0.0
AR,2022-07-02,2022,26,99,5.0,1.0,8.0,0.0,0.0,1.5,0.5,1.0,7203.0,1160.0,4948.0,813.0,0.69,0.0,0.7,0.0,33.670056497175146,0,6.0,5.0,5.0,9.0,0.0,0.0,0.0,0.0
AR,2022-07-09,2022,27,100,3.0,0.0,5.0,0.0,0.0,1.5,0.5,1.0,7203.0,1164.0,4899.0,818.0,0.68,0.0,0.7,0.0,33.670056497175146,0,5.0,6.0,9.0,9.0,0.0,0.0,0.0,0.0
AR,2022-07-16,2022,28,101,6.0,1.0,19.0,0.0,0.0,1.5,0.5,1.0,7281.0,1170.0,5078.0,820.0,0.7,0.0,0.7,0.0,33.670056497175146,0,3.0,5.0,5.0,5.0,0.0,0.0,0.0,0.0
AR,2022-07-23,2022,29,102,5.0,0.0,10.0,0.0,0.0,1.5,0.5,1.0,7281.0,1171.0,5028.0,799.0,0.69,0.0,0.68,0.0,33.670056497175146,0,6.0,3.0,6.0,6.0,0.0,0.0,0.0,0.0
AR,2022-07-30,2022,30,103,2.0,0.0,1.0,0.0,0.0,1.5,0.5,1.0,7260.0,1170.0,4972.0,787.0,0.68,0.0,0.67,0.0,33.670056497175146,0,5.0,6.0,5.0,5.0,0.0,0.0,0.0,0.0
AR,2022-08-06,2022,31,104,2.0,0.0,3.0,0.0,0.0,1.5,0.5,1.0,7502.0,1195.0,5111.0,821.0,0.68,0.0,0.69,0.0,33.670056497175146,0,2.0,5.0,3.0,9.0,0.0,0.0,0.0,0.0
AR,2022-08-13,2022,32,105,3.0,0.0,7.0,0.0,0.0,1.5,0.5,1.0,7526.0,1189.0,5058.0,789.0,0.67,0.0,0.66,0.0,33.670056497175146,0,2.0,2.0,6.0,5.0,0.0,0.0,0.0,0.0
AR,2022-08-20,2022,33,106,5.0,1.0,3.0,0.0,0.0,1.5,0.5,1.0,7481.0,1200.0,5081.0,816.0,0.68,0.0,0.68,0.0,33.670056497175146,0,3.0,2.0,5.0,6.0,0.0,0.0,0.0,0.0
AR,2022-08-27,2022,34,107,3.0,1.0,3.0,0.0,0.0,1.5,0.5,1.0,7290.0,1188.0,5295.0,823.0,0.73,0.0,0.69,0.0,33.670056497175146,0,5.0,3.0,2.0,5.0,0.0,0.0,0.0,0.0
AR,2022-09-03,2022,35,108,1.0,0.0,6.0,0.0,0.0,1.5,0.5,1.0,7312.0,1182.0,4996.0,846.0,0.68,0.0,0.72,0.0,33.670056497175146,0,3.0,5.0,2.0,3.0,0.0,0.0,0.0,0.0
AR,2022-09-10,2022,36,109,2.0,0.0,6.0,0.0,0.0,1.5,0.5,1.0,7295.0,1180.0,4979.0,840.0,0.68,0.0,0.71,0.0,33.670056497175146,0,1.0,3.0,3.0,6.0,0.0,0.0,0.0,0.0
AR,2022-09-17,2022,37,110,4.0,1.0,5.0,0.0,0.0,1.5,0.5,1.0,7306.0,1193.0,5121.0,869.0,0.7,0.0,0.73,0.0,33.670056497175146,0,2.0,1.0,5.0,5.0,0.0,0.0,0.0,0.0
AR,2022-09-24,2022,38,111,5.0,1.0,7.0,0.0,0.0,1.5,0.5,1.0,7348.0,1202.0,5197.0,875.0,0.71,0.0,0.73,0.0,33.670056497175146,0,4.0,2.0,3.0,2.0,0.0,0.0,0.0,0.0
AR,2022-10-01,2022,39,112,6.0,2.0,10.0,0.0,0.0,1.5,0.5,1.0,7299.0,1202.0,5007.0,851.0,0.69,0.0,0.71,0.0,33.670056497175146,0,5.0,4.0,1.0,2.0,0.0,0.0,0.0,0.0
AR,2022-10-08,2022,40,113,8.0,1.0,22.0,0.0,0.0,1.5,0.5,1.0,7293.0,1190.0,4951.0,838.0,0.68,0.0,0.7,0.0,33.670056497175146,0,6.0,5.0,2.0,3.0,0.0,0.0,0.0,0.0
AR,2022-10-15,2022,41,114,15.0,2.0,37.0,0.0,0.0,1.5,0.5,1.0,7294.0,1191.0,4924.0,818.0,0.68,0.0,0.69,0.0,33.670056497175146,0,8.0,6.0,4.0,5.0,0.0,0.0,0.0,0.0
AR,2022-10-22,2022,42,115,27.0,4.0,47.0,0.0,0.0,1.5,0.5,1.0,7287.0,1189.0,4922.0,837.0,0.68,0.0,0.7,0.0,33.670056497175146,0,15.0,8.0,5.0,3.0,0.0,0.0,0.0,0.0
AR,2022-10-29,2022,43,116,42.0,10.0,77.0,0.0,0.0,1.5,0.5,1.0,7351.0,1217.0,5048.0,871.0,0.69,0.01,0.72,0.01,33.670056497175146,0,27.0,15.0,6.0,1.0,0.0,0.0,0.0,0.0
AR,2022-11-05,2022,44,117,69.0,16.0,134.0,0.0,0.0,1.5,0.5,1.0,7277.0,1195.0,5032.0,862.0,0.69,0.01,0.72,0.01,33.670056497175146,1,42.0,27.0,8.0,2.0,0.01,0.0,0.0,0.0
AR,2022-11-12,2022,45,118,96.0,16.0,203.0,0.0,0.0,1.5,0.5,1.0,7248.0,1188.0,5014.0,866.0,0.69,0.01,0.73,0.01,33.670056497175146,1,69.0,42.0,15.0,4.0,0.01,0.01,0.0,0.0
AR,2022-11-19,2022,46,119,119.0,17.0,214.0,0.0,0.0,1.5,0.5,1.0,7273.0,1194.0,4954.0,849.0,0.68,0.02,0.71,0.01,33.670056497175146,1,96.0,69.0,27.0,5.0,0.01,0.01,0.0,0.0
AR,2022-11-26,2022,47,120,194.0,37.0,407.0,0.0,0.0,1.5,0.5,1.0,7237.0,1190.0,4755.0,837.0,0.66,0.03,0.7,0.03,33.670056497175146,1,119.0,96.0,42.0,6.0,0.02,0.01,0.01,0.0
AR,2022-12-03,2022,48,121,291.0,66.0,466.0,0.0,0.0,1.5,0.5,1.0,7368.0,1201.0,5194.0,901.0,0.7,0.04,0.75,0.06,33.670056497175146,1,194.0,119.0,69.0,8.0,0.03,0.02,0.01,0.0
AR,2022-12-10,2022,49,122,253.0,51.0,346.0,0.0,0.0,1.5,0.5,1.0,7395.0,1205.0,5284.0,913.0,0.71,0.03,0.76,0.04,33.670056497175146,1,291.0,194.0,96.0,15.0,0.04,0.03,0.01,0.0
AR,2022-12-17,2022,50,123,208.0,43.0,251.0,0.0,0.0,1.5,0.5,1.0,7746.0,1186.0,5526.0,901.0,0.71,0.03,0.76,0.04,33.670056497175146,1,253.0,291.0,119.0,27.0,0.03,0.04,0.02,0.0
AR,2022-12-24,2022,51,124,150.0,30.0,202.0,0.0,0.0,1.5,0.5,1.0,7393.0,1132.0,5089.0,840.0,0.69,0.02,0.74,0.03,33.670056497175146,1,208.0,253.0,194.0,42.0,0.03,0.03,0.03,0.01
AR,2022-12-31,2022,52,125,131.0,27.0,204.0,0.0,0.0,1.5,0.5,1.0,7294.0,1167.0,4870.0,858.0,0.67,0.02,0.74,0.02,33.670056497175146,1,150.0,208.0,291.0,69.0,0.02,0.03,0.04,0.01
AZ,2020-10-03,2020,40,8,0.0,0.0,0.0,0.0,50.5,44.5,35.5,16.5,11477.0,1940.0,8527.0,1115.0,0.74,0.0,0.57,0.0,34.307804878048785,0,26.5,26.5,26.5,26.5,0.0,0.0,0.0,0.0
AZ,2020-10-10,2020,41,9,0.0,0.0,0.0,0.0,50.5,44.5,35.5,16.5,11661.0,1997.0,8699.0,1160.0,0.75,0.0,0.58,0.0,34.307804878048785,0,0.0,26.5,26.5,26.5,0.0,0.0,0.0,0.0
AZ,2020-10-17,2020,42,10,0.0,0.0,0.0,0.0,50.5,44.5,35.5,16.5,13010.0,2229.0,8918.0,1219.0,0.69,0.0,0.55,0.0,34.307804878048785,0,0.0,0.0,26.5,26.5,0.0,0.0,0.0,0.0
AZ,2020-10-24,2020,43,11,8.0,0.0,1.0,0.0,50.5,44.5,35.5,16.5,13223.0,2228.0,9105.0,1222.0,0.69,0.0,0.55,0.0,34.307804878048785,0,0.0,0.0,26.5,26.5,0.0,0.0,0.0,0.0
AZ,2020-10-31,2020,44,12,38.0,2.0,2.0,0.0,50.5,44.5,35.5,16.5,13333.0,2219.0,9076.0,1241.0,0.68,0.0,0.56,0.0,34.307804878048785,0,8.0,0.0,0.0,26.5,0.0,0.0,0.0,0.0
AZ,2020-11-07,2020,45,13,43.0,1.0,10.0,0.0,50.5,44.5,35.5,16.5,13269.0,2209.0,9152.0,1292.0,0.69,0.0,0.58,0.0,34.307804878048785,0,38.0,8.0,0.0,26.5,0.0,0.0,0.0,0.0
AZ,2020-11-14,2020,46,14,46.0,1.0,21.0,0.0,50.5,44.5,35.5,16.5,13315.0,2219.0,9472.0,1363.0,0.71,0.0,0.61,0.0,34.307804878048785,0,43.0,38.0,0.0,26.5,0.0,0.0,0.0,0.0
AZ,2020-11-21,2020,47,15,44.0,1.0,17.0,0.0,50.5,44.5,35.5,16.5,13524.0,2263.0,9848.0,1420.0,0.73,0.0,0.63,0.0,34.307804878048785,0,46.0,43.0,8.0,26.5,0.0,0.0,0.0,0.0
AZ,2020-11-28,2020,48,16,41.0,1.0,13.0,0.0,50.5,44.5,35.5,16.5,13557.0,2289.0,9513.0,1433.0,0.7,0.0,0.63,0.0,34.307804878048785,0,44.0,46.0,38.0,0.0,0.0,0.0,0.0,0.0
AZ,2020-12-05,2020,49,17,44.0,1.0,19.0,0.0,50.5,44.5,35.5,16.5,13642.0,2297.0,10121.0,1571.0,0.74,0.0,0.68,0.0,34.307804878048785,0,41.0,44.0,43.0,0.0,0.0,0.0,0.0,0.0
AZ,2020-12-12,2020,50,18,46.0,2.0,33.0,0.0,50.5,44.5,35.5,16.5,13935.0,2406.0,10586.0,1671.0,0.76,0.0,0.69,0.0,34.307804878048785,0,44.0,41.0,46.0,0.0,0.0,0.0,0.0,0.0
AZ,2020-12-19,2020,51,19,44.0,2.0,11.0,0.0,50.5,44.5,35.5,16.5,14044.0,2471.0,10770.0,1755.0,0.77,0.0,0.71,0.0,34.307804878048785,0,46.0,44.0,44.0,8.0,0.0,0.0,0.0,0.0
AZ,2020-12-26,2020,52,20,43.0,2.0,8.0,0.0,50.5,44.5,35.5,16.5,13986.0,2456.0,10504.0,1793.0,0.75,0.0,0.73,0.0,34.307804878048785,0,44.0,46.0,41.0,38.0,0.0,0.0,0.0,0.0
AZ,2021-01-02,2021,53,21,43.0,2.0,44.0,0.0,50.5,44.5,35.5,16.5,14095.0,2464.0,10823.0,1832.0,0.77,0.0,0.74,0.0,30.47734806629834,0,43.0,44.0,44.0,43.0,0.0,0.0,0.0,0.0
AZ,2021-01-09,2021,1,22,45.0,1.0,9.0,0.0,50.5,44.5,35.5,16.5,14379.0,2516.0,11273.0,1895.0,0.78,0.0,0.75,0.0,30.47734806629834,0,43.0,43.0,46.0,46.0,0.0,0.0,0.0,0.0
AZ,2021-01-16,2021,2,23,43.0,1.0,14.0,0.0,50.5,44.5,35.5,16.5,14871.0,2640.0,11430.0,1941.0,0.77,0.0,0.74,0.0,30.47734806629834,0,45.0,43.0,44.0,44.0,0.0,0.0,0.0,0.0
AZ,2021-01-23,2021,3,24,36.0,1.0,3.0,0.0,50.5,44.5,35.5,16.5,15020.0,2644.0,11373.0,1887.0,0.76,0.0,0.71,0.0,30.47734806629834,0,43.0,45.0,43.0,41.0,0.0,0.0,0.0,0.0
AZ,2021-01-30,2021,4,25,36.0,0.0,2.0,0.0,50.5,44.5,35.5,16.5,14874.0,2632.0,11064.0,1833.0,0.74,0.0,0.7,0.0,30.47734806629834,0,36.0,43.0,43.0,44.0,0.0,0.0,0.0,0.0
AZ,2021-02-06,2021,5,26,35.0,0.0,3.0,0.0,50.5,44.5,35.5,16.5,14673.0,2600.0,10680.0,1755.0,0.73,0.0,0.68,0.0,30.47734806629834,0,36.0,36.0,45.0,46.0,0.0,0.0,0.0,0.0
AZ,2021-02-13,2021,6,27,37.0,0.0,3.0,0.0,50.5,44.5,35.5,16.5,14511.0,2584.0,10113.0,1621.0,0.7,0.0,0.63,0.0,30.47734806629834,0,35.0,36.0,43.0,44.0,0.0,0.0,0.0,0.0
AZ,2021-02-20,2021,7,28,36.0,0.0,4.0,0.0,50.5,44.5,35.5,16.5,14393.0,2530.0,9775.0,1522.0,0.68,0.0,0.6,0.0,30.47734806629834,0,37.0,35.0,36.0,43.0,0.0,0.0,0.0,0.0
AZ,2021-02-27,2021,8,29,35.0,0.0,5.0,0.0,50.5,44.5,35.5,16.5,14373.0,2514.0,9750.0,1458.0,0.68,0.0,0.58,0.0,30.47734806629834,0,36.0,37.0,36.0,43.0,0.0,0.0,0.0,0.0
AZ,2021-03-06,2021,9,30,35.0,0.0,15.0,0.0,50.5,44.5,35.5,16.5,14251.0,2482.0,9509.0,1395.0,0.67,0.0,0.56,0.0,30.47734806629834,0,35.0,36.0,35.0,45.0,0.0,0.0,0.0,0.0
AZ,2021-03-13,2021,10,31,34.0,0.0,0.0,0.0,50.5,44.5,35.5,16.5,14274.0,2483.0,9560.0,1331.0,0.67,0.0,0.54,0.0,30.47734806629834,0,35.0,35.0,37.0,43.0,0.0,0.0,0.0,0.0
AZ,2021-03-20,2021,11,32,36.0,0.0,4.0,0.0,50.5,44.5,35.5,16.5,14213.0,2449.0,9350.0,1275.0,0.66,0.0,0.52,0.0,30.47734806629834,0,34.0,35.0,36.0,36.0,0.0,0.0,0.0,0.0
AZ,2021-03-27,2021,12,33,17.0,0.0,3.0,0.0,50.5,44.5,35.5,16.5,14164.0,2444.0,9326.0,1245.0,0.66,0.0,0.51,0.0,30.47734806629834,0,36.0,34.0,35.0,36.0,0.0,0.0,0.0,0.0
AZ,2021-04-03,2021,13,34,8.0,0.0,5.0,0.0,50.5,44.5,35.5,16.5,14171.0,2425.0,9387.0,1250.0,0.66,0.0,0.52,0.0,30.47734806629834,0,17.0,36.0,35.0,35.0,0.0,0.0,0.0,0.0
AZ,2021-04-10,2021,14,35,8.0,0.0,4.0,0.0,50.5,44.5,35.5,16.5,14222.0,2452.0,9429.0,1227.0,0.66,0.0,0.5,0.0,30.47734806629834,0,8.0,17.0,34.0,37.0,0.0,0.0,0.0,0.0
AZ,2021-04-17,2021,15,36,9.0,0.0,4.0,0.0,50.5,44.5,35.5,16.5,14207.0,2451.0,9471.0,1258.0,0.67,0.0,0.51,0.0,30.47734806629834,0,8.0,8.0,36.0,36.0,0.0,0.0,0.0,0.0
AZ,2021-04-24,2021,16,37,8.0,0.0,3.0,0.0,50.5,44.5,35.5,16.5,14213.0,2459.0,9497.0,1259.0,0.67,0.0,0.51,0.0,30.47734806629834,0,9.0,8.0,17.0,35.0,0.0,0.0,0.0,0.0
AZ,2021-05-01,2021,17,38,8.0,0.0,21.0,0.0,50.5,44.5,35.5,16.5,14147.0,2450.0,9547.0,1303.0,0.67,0.0,0.53,0.0,30.47734806629834,0,8.0,9.0,8.0,35.0,0.0,0.0,0.0,0.0
AZ,2021-05-08,2021,18,39,8.0,1.0,2.0,0.0,50.5,44.5,35.5,16.5,14041.0,2412.0,9457.0,1228.0,0.67,0.0,0.51,0.0,30.47734806629834,0,8.0,8.0,8.0,34.0,0.0,0.0,0.0,0.0
AZ,2021-05-15,2021,19,40,8.0,0.0,2.0,0.0,50.5,44.5,35.5,16.5,14144.0,2458.0,9492.0,1252.0,0.67,0.0,0.51,0.0,30.47734806629834,0,8.0,8.0,9.0,36.0,0.0,0.0,0.0,0.0
AZ,2021-05-22,2021,20,41,10.0,0.0,5.0,0.0,50.5,44.5,35.5,16.5,14155.0,2449.0,9499.0,1247.0,0.67,0.0,0.51,0.0,30.47734806629834,0,8.0,8.0,8.0,17.0,0.0,0.0,0.0,0.0
AZ,2021-05-29,2021,21,42,10.0,0.0,0.0,0.0,50.5,44.5,35.5,16.5,14130.0,2445.0,9413.0,1221.0,0.67,0.0,0.5,0.0,30.47734806629834,0,10.0,8.0,8.0,8.0,0.0,0.0,0.0,0.0
AZ,2021-06-05,2021,22,43,8.0,0.0,3.0,0.0,50.5,44.5,35.5,16.5,14094.0,2444.0,9368.0,1220.0,0.66,0.0,0.5,0.0,30.47734806629834,0,10.0,10.0,8.0,8.0,0.0,0.0,0.0,0.0
AZ,2021-06-12,2021,23,44,8.0,0.0,3.0,0.0,50.5,44.5,35.5,16.5,14127.0,2445.0,9497.0,1208.0,0.67,0.0,0.49,0.0,30.47734806629834,0,8.0,10.0,8.0,9.0,0.0,0.0,0.0,0.0
AZ,2021-06-19,2021,24,45,7.0,0.0,3.0,0.0,50.5,44.5,35.5,16.5,14182.0,2443.0,9536.0,1225.0,0.67,0.0,0.5,0.0,30.47734806629834,0,8.0,8.0,10.0,8.0,0.0,0.0,0.0,0.0
AZ,2021-06-26,2021,25,46,7.0,1.0,3.0,0.0,50.5,44.5,35.5,16.5,14280.0,2439.0,9671.0,1252.0,0.68,0.0,0.51,0.0,30.47734806629834,0,7.0,8.0,10.0,8.0,0.0,0.0,0.0,0.0
AZ,2021-07-03,2021,26,47,6.0,0.0,3.0,0.0,50.5,44.5,35.5,16.5,14222.0,2427.0,9510.0,1251.0,0.67,0.0,0.52,0.0,30.47734806629834,0,7.0,7.0,8.0,8.0,0.0,0.0,0.0,0.0
AZ,2021-07-10,2021,27,48,6.0,0.0,2.0,0.0,50.5,44.5,35.5,16.5,14114.0,2429.0,9377.0,1245.0,0.66,0.0,0.51,0.0,30.47734806629834,0,6.0,7.0,8.0,8.0,0.0,0.0,0.0,0.0
AZ,2021-07-17,2021,28,49,6.0,1.0,0.0,0.0,50.5,44.5,35.5,16.5,14158.0,2438.0,9635.0,1288.0,0.68,0.0,0.53,0.0,30.47734806629834,0,6.0,6.0,7.0,10.0,0.0,0.0,0.0,0.0
AZ,2021-07-24,2021,29,50,6.0,1.0,2.0,0.0,50.5,44.5,35.5,16.5,14221.0,2451.0,9710.0,1312.0,0.68,0.0,0.54,0.0,30.47734806629834,0,6.0,6.0,7.0,10.0,0.0,0.0,0.0,0.0
AZ,2021-07-31,2021,30,51,5.0,0.0,1.0,0.0,50.5,44.5,35.5,16.5,14224.0,2447.0,9682.0,1361.0,0.68,0.0,0.56,0.0,30.47734806629834,0,6.0,6.0,6.0,8.0,0.0,0.0,0.0,0.0
AZ,2021-08-07,2021,31,52,6.0,0.0,2.0,0.0,50.5,44.5,35.5,16.5,14260.0,2429.0,9897.0,1377.0,0.69,0.0,0.57,0.0,30.47734806629834,0,5.0,6.0,6.0,8.0,0.0,0.0,0.0,0.0
AZ,2021-08-14,2021,32,53,7.0,0.0,9.0,0.0,50.5,44.5,35.5,16.5,14380.0,2420.0,10137.0,1474.0,0.7,0.0,0.61,0.0,30.47734806629834,0,6.0,5.0,6.0,7.0,0.0,0.0,0.0,0.0
AZ,2021-08-21,2021,33,54,8.0,0.0,9.0,0.0,50.5,44.5,35.5,16.5,14437.0,2399.0,10206.0,1459.0,0.71,0.0,0.61,0.0,30.47734806629834,0,7.0,6.0,6.0,7.0,0.0,0.0,0.0,0.0
AZ,2021-08-28,2021,34,55,8.0,0.0,7.0,0.0,50.5,44.5,35.5,16.5,14494.0,2390.0,10391.0,1531.0,0.72,0.0,0.64,0.0,30.47734806629834,0,8.0,7.0,5.0,6.0,0.0,0.0,0.0,0.0
AZ,2021-09-04,2021,35,56,8.0,0.0,4.0,0.0,50.5,44.5,35.5,16.5,14536.0,2399.0,10375.0,1571.0,0.71,0.0,0.65,0.0,30.47734806629834,0,8.0,8.0,6.0,6.0,0.0,0.0,0.0,0.0
AZ,2021-09-11,2021,36,57,9.0,1.0,1.0,0.0,50.5,44.5,35.5,16.5,14515.0,2398.0,10357.0,1595.0,0.71,0.0,0.66,0.0,30.47734806629834,0,8.0,8.0,7.0,6.0,0.0,0.0,0.0,0.0
AZ,2021-09-18,2021,37,58,8.0,1.0,2.0,0.0,50.5,44.5,35.5,16.5,14469.0,2406.0,10390.0,1619.0,0.72,0.0,0.67,0.0,30.47734806629834,0,9.0,8.0,8.0,6.0,0.0,0.0,0.0,0.0
AZ,2021-09-25,2021,38,59,8.0,1.0,1.0,0.0,50.5,44.5,35.5,16.5,14382.0,2391.0,10573.0,1585.0,0.74,0.0,0.66,0.0,30.47734806629834,0,8.0,9.0,8.0,5.0,0.0,0.0,0.0,0.0
AZ,2021-10-02,2021,39,60,10.0,1.0,6.0,0.0,50.5,44.5,35.5,16.5,14388.0,2394.0,10547.0,1583.0,0.73,0.0,0.66,0.0,30.47734806629834,0,8.0,8.0,8.0,6.0,0.0,0.0,0.0,0.0
AZ,2021-10-09,2021,40,61,10.0,1.0,17.0,0.0,50.5,44.5,35.5,16.5,14363.0,2389.0,10574.0,1578.0,0.74,0.0,0.66,0.0,30.47734806629834,0,10.0,8.0,9.0,7.0,0.0,0.0,0.0,0.0
AZ,2021-10-16,2021,41,62,12.0,0.0,24.0,0.0,50.5,44.5,35.5,16.5,14377.0,2392.0,10556.0,1559.0,0.73,0.0,0.65,0.0,30.47734806629834,0,10.0,10.0,8.0,8.0,0.0,0.0,0.0,0.0
AZ,2021-10-23,2021,42,63,11.0,1.0,5.0,0.0,50.5,44.5,35.5,16.5,14455.0,2396.0,10647.0,1597.0,0.74,0.0,0.67,0.0,30.47734806629834,0,12.0,10.0,8.0,8.0,0.0,0.0,0.0,0.0
AZ,2021-10-30,2021,43,64,8.0,1.0,1.0,0.0,50.5,44.5,35.5,16.5,14520.0,2407.0,10818.0,1606.0,0.74,0.0,0.67,0.0,30.47734806629834,0,11.0,12.0,10.0,8.0,0.0,0.0,0.0,0.0
AZ,2021-11-06,2021,44,65,8.0,0.0,5.0,0.0,50.5,44.5,35.5,16.5,14544.0,2411.0,10903.0,1604.0,0.75,0.0,0.67,0.0,30.47734806629834,0,8.0,11.0,10.0,9.0,0.0,0.0,0.0,0.0
AZ,2021-11-13,2021,45,66,6.0,0.0,2.0,0.0,50.5,44.5,35.5,16.5,14560.0,2422.0,11157.0,1646.0,0.77,0.0,0.68,0.0,30.47734806629834,0,8.0,8.0,12.0,8.0,0.0,0.0,0.0,0.0
AZ,2021-11-20,2021,46,67,7.0,0.0,4.0,0.0,50.5,44.5,35.5,16.5,14556.0,2424.0,11201.0,1686.0,0.77,0.0,0.7,0.0,30.47734806629834,0,6.0,8.0,11.0,8.0,0.0,0.0,0.0,0.0
AZ,2021-11-27,2021,47,68,11.0,2.0,11.0,0.0,50.5,44.5,35.5,16.5,14477.0,2422.0,10623.0,1698.0,0.73,0.0,0.7,0.0,30.47734806629834,0,7.0,6.0,8.0,10.0,0.0,0.0,0.0,0.0
AZ,2021-12-04,2021,48,69,12.0,1.0,19.0,0.0,50.5,44.5,35.5,16.5,14552.0,2415.0,11312.0,1735.0,0.78,0.0,0.72,0.0,30.47734806629834,0,11.0,7.0,8.0,10.0,0.0,0.0,0.0,0.0
AZ,2021-12-11,2021,49,70,17.0,1.0,26.0,0.0,50.5,44.5,35.5,16.5,14589.0,2401.0,11654.0,1811.0,0.8,0.0,0.75,0.0,30.47734806629834,0,12.0,11.0,6.0,12.0,0.0,0.0,0.0,0.0
AZ,2021-12-18,2021,50,71,23.0,2.0,36.0,0.0,50.5,44.5,35.5,16.5,14219.0,2320.0,12206.0,1852.0,0.86,0.0,0.8,0.0,30.47734806629834,0,17.0,12.0,7.0,11.0,0.0,0.0,0.0,0.0
AZ,2021-12-25,2021,51,72,26.0,1.0,54.0,0.0,50.5,44.5,35.5,16.5,13910.0,2324.0,11404.0,1787.0,0.82,0.0,0.77,0.0,30.47734806629834,0,23.0,17.0,11.0,8.0,0.0,0.0,0.0,0.0
AZ,2022-01-01,2022,52,73,70.0,6.0,387.0,0.0,50.5,44.5,35.5,16.5,13862.0,2311.0,11159.0,1748.0,0.8,0.0,0.76,0.0,32.321978021978026,0,26.0,23.0,12.0,8.0,0.0,0.0,0.0,0.0
AZ,2022-01-08,2022,1,74,71.0,7.0,316.0,0.0,50.5,44.5,35.5,16.5,14029.0,2342.0,11615.0,1794.0,0.83,0.0,0.77,0.0,32.321978021978026,0,70.0,26.0,17.0,6.0,0.0,0.0,0.0,0.0
AZ,2022-01-15,2022,2,75,21.0,4.0,23.0,0.0,50.5,44.5,35.5,16.5,14128.0,2316.0,11840.0,1776.0,0.84,0.0,0.77,0.0,32.321978021978026,0,71.0,70.0,23.0,7.0,0.0,0.0,0.0,0.0
AZ,2022-01-22,2022,3,76,21.0,3.0,23.0,0.0,50.5,44.5,35.5,16.5,14445.0,2292.0,11842.0,1721.0,0.82,0.0,0.75,0.0,32.321978021978026,0,21.0,71.0,26.0,11.0,0.0,0.0,0.0,0.0
AZ,2022-01-29,2022,4,77,13.0,3.0,20.0,0.0,50.5,44.5,35.5,16.5,14647.0,2289.0,11939.0,1739.0,0.82,0.0,0.76,0.0,32.321978021978026,0,21.0,21.0,70.0,12.0,0.0,0.0,0.0,0.0
AZ,2022-02-05,2022,5,78,40.0,5.0,35.0,0.0,50.5,44.5,35.5,16.5,14579.0,2238.0,11589.0,1682.0,0.79,0.0,0.75,0.0,32.321978021978026,0,13.0,21.0,71.0,17.0,0.0,0.0,0.0,0.0
AZ,2022-02-12,2022,6,79,36.0,4.0,53.0,0.0,50.5,44.5,35.5,16.5,14471.0,2196.0,11356.0,1608.0,0.78,0.0,0.73,0.0,32.321978021978026,0,40.0,13.0,21.0,23.0,0.0,0.0,0.0,0.0
AZ,2022-02-19,2022,7,80,30.0,5.0,56.0,0.0,50.5,44.5,35.5,16.5,14369.0,2215.0,11296.0,1588.0,0.79,0.0,0.72,0.0,32.321978021978026,0,36.0,40.0,21.0,26.0,0.0,0.0,0.0,0.0
AZ,2022-02-26,2022,8,81,32.0,6.0,80.0,0.0,50.5,44.5,35.5,16.5,14237.0,2205.0,11007.0,1553.0,0.77,0.0,0.7,0.0,32.321978021978026,0,30.0,36.0,13.0,70.0,0.0,0.0,0.0,0.0
AZ,2022-03-05,2022,9,82,34.0,6.0,80.0,0.0,50.5,44.5,35.5,16.5,14263.0,2208.0,10882.0,1510.0,0.76,0.0,0.68,0.0,32.321978021978026,0,32.0,30.0,40.0,71.0,0.0,0.0,0.0,0.0
AZ,2022-03-12,2022,10,83,37.0,7.0,79.0,0.0,50.5,44.5,35.5,16.5,14205.0,2185.0,10696.0,1422.0,0.75,0.0,0.65,0.0,32.321978021978026,0,34.0,32.0,36.0,21.0,0.0,0.0,0.0,0.0
AZ,2022-03-19,2022,11,84,44.0,4.0,104.0,0.0,50.5,44.5,35.5,16.5,14151.0,2171.0,10515.0,1407.0,0.74,0.0,0.65,0.0,32.321978021978026,0,37.0,34.0,30.0,21.0,0.0,0.0,0.0,0.0
AZ,2022-03-26,2022,12,85,60.0,9.0,120.0,0.0,50.5,44.5,35.5,16.5,14090.0,2153.0,10524.0,1424.0,0.75,0.0,0.66,0.0,32.321978021978026,0,44.0,37.0,32.0,13.0,0.0,0.0,0.0,0.0
AZ,2022-04-02,2022,13,86,56.0,7.0,99.0,0.0,50.5,44.5,35.5,16.5,13846.0,2159.0,10489.0,1419.0,0.76,0.0,0.66,0.0,32.321978021978026,0,60.0,44.0,34.0,40.0,0.0,0.0,0.0,0.0
AZ,2022-04-09,2022,14,87,60.0,8.0,116.0,0.0,50.5,44.5,35.5,16.5,13697.0,2111.0,10198.0,1361.0,0.74,0.0,0.64,0.0,32.321978021978026,0,56.0,60.0,37.0,36.0,0.0,0.0,0.0,0.0
AZ,2022-04-16,2022,15,88,51.0,7.0,93.0,0.0,50.5,44.5,35.5,16.5,13867.0,2150.0,10311.0,1353.0,0.74,0.0,0.63,0.0,32.321978021978026,0,60.0,56.0,44.0,30.0,0.0,0.0,0.0,0.0
AZ,2022-04-23,2022,16,89,56.0,8.0,131.0,0.0,50.5,44.5,35.5,16.5,13798.0,2124.0,10096.0,1317.0,0.73,0.0,0.62,0.0,32.321978021978026,0,51.0,60.0,60.0,32.0,0.0,0.0,0.0,0.0
AZ,2022-04-30,2022,17,90,74.0,6.0,156.0,0.0,50.5,44.5,35.5,16.5,13834.0,2116.0,10241.0,1318.0,0.74,0.01,0.62,0.0,32.321978021978026,0,56.0,51.0,56.0,34.0,0.0,0.0,0.0,0.0
AZ,2022-05-07,2022,18,91,82.0,7.0,170.0,0.0,50.5,44.5,35.5,16.5,13895.0,2118.0,10142.0,1337.0,0.73,0.01,0.63,0.0,32.321978021978026,0,74.0,56.0,60.0,37.0,0.01,0.0,0.0,0.0
AZ,2022-05-14,2022,19,92,92.0,7.0,194.0,0.0,50.5,44.5,35.5,16.5,13742.0,2101.0,10062.0,1322.0,0.73,0.01,0.63,0.0,32.321978021978026,0,82.0,74.0,51.0,44.0,0.01,0.01,0.0,0.0
AZ,2022-05-21,2022,20,93,92.0,8.0,225.0,0.0,50.5,44.5,35.5,16.5,13664.0,2084.0,10211.0,1312.0,0.75,0.01,0.63,0.0,32.321978021978026,0,92.0,82.0,56.0,60.0,0.01,0.01,0.0,0.0
AZ,2022-05-28,2022,21,94,99.0,13.0,199.0,0.0,50.5,44.5,35.5,16.5,13713.0,2096.0,10222.0,1337.0,0.75,0.01,0.64,0.01,32.321978021978026,0,92.0,92.0,74.0,56.0,0.01,0.01,0.01,0.0
AZ,2022-06-04,2022,22,95,99.0,14.0,209.0,0.0,50.5,44.5,35.5,16.5,13609.0,2072.0,9946.0,1267.0,0.73,0.01,0.61,0.01,32.321978021978026,0,99.0,92.0,82.0,60.0,0.01,0.01,0.01,0.0
AZ,2022-06-11,2022,23,96,67.0,10.0,93.0,0.0,50.5,44.5,35.5,16.5,13674.0,2078.0,10224.0,1282.0,0.75,0.0,0.62,0.0,32.321978021978026,0,99.0,99.0,92.0,51.0,0.01,0.01,0.01,0.0
AZ,2022-06-18,2022,24,97,43.0,5.0,55.0,0.0,50.5,44.5,35.5,16.5,13754.0,2290.0,9942.0,1246.0,0.72,0.0,0.54,0.0,32.321978021978026,0,67.0,99.0,92.0,56.0,0.0,0.01,0.01,0.0
AZ,2022-06-25,2022,25,98,29.0,4.0,35.0,0.0,50.5,44.5,35.5,16.5,13726.0,2083.0,10086.0,1279.0,0.73,0.0,0.61,0.0,32.321978021978026,0,43.0,67.0,99.0,74.0,0.0,0.0,0.01,0.01
AZ,2022-07-02,2022,26,99,17.0,1.0,16.0,0.0,50.5,44.5,35.5,16.5,13733.0,2112.0,10090.0,1261.0,0.73,0.0,0.6,0.0,32.321978021978026,0,29.0,43.0,99.0,82.0,0.0,0.0,0.01,0.01
AZ,2022-07-09,2022,27,100,13.0,1.0,14.0,0.0,50.5,44.5,35.5,16.5,13700.0,2098.0,9855.0,1294.0,0.72,0.0,0.62,0.0,32.321978021978026,0,17.0,29.0,67.0,92.0,0.0,0.0,0.0,0.01
AZ,2022-07-16,2022,28,101,10.0,2.0,9.0,0.0,50.5,44.5,35.5,16.5,13707.0,2102.0,10100.0,1306.0,0.74,0.0,0.62,0.0,32.321978021978026,0,13.0,17.0,43.0,92.0,0.0,0.0,0.0,0.01
AZ,2022-07-23,2022,29,102,11.0,2.0,13.0,0.0,50.5,44.5,35.5,16.5,13732.0,2089.0,10266.0,1300.0,0.75,0.0,0.62,0.0,32.321978021978026,0,10.0,13.0,29.0,99.0,0.0,0.0,0.0,0.01
AZ,2022-07-30,2022,30,103,8.0,1.0,15.0,0.0,50.5,44.5,35.5,16.5,13778.0,2089.0,10183.0,1266.0,0.74,0.0,0.61,0.0,32.321978021978026,0,11.0,10.0,17.0,99.0,0.0,0.0,0.0,0.01
AZ,2022-08-06,2022,31,104,7.0,0.0,5.0,0.0,50.5,44.5,35.5,16.5,13751.0,2076.0,10165.0,1269.0,0.74,0.0,0.61,0.0,32.321978021978026,0,8.0,11.0,13.0,67.0,0.0,0.0,0.0,0.0
AZ,2022-08-13,2022,32,105,6.0,0.0,8.0,0.0,50.5,44.5,35.5,16.5,13883.0,2078.0,10078.0,1267.0,0.73,0.0,0.61,0.0,32.321978021978026,0,7.0,8.0,10.0,43.0,0.0,0.0,0.0,0.0
AZ,2022-08-20,2022,33,106,7.0,0.0,14.0,0.0,50.5,44.5,35.5,16.5,13723.0,2094.0,10226.0,1315.0,0.75,0.0,0.63,0.0,32.321978021978026,0,6.0,7.0,11.0,29.0,0.0,0.0,0.0,0.0
AZ,2022-08-27,2022,34,107,9.0,1.0,16.0,0.0,50.5,44.5,35.5,16.5,13738.0,2086.0,10235.0,1301.0,0.74,0.0,0.62,0.0,32.321978021978026,0,7.0,6.0,8.0,17.0,0.0,0.0,0.0,0.0
AZ,2022-09-03,2022,35,108,9.0,0.0,14.0,0.0,50.5,44.5,35.5,16.5,13711.0,2087.0,10263.0,1319.0,0.75,0.0,0.63,0.0,32.321978021978026,0,9.0,7.0,7.0,13.0,0.0,0.0,0.0,0.0
AZ,2022-09-10,2022,36,109,9.0,2.0,4.0,0.0,50.5,44.5,35.5,16.5,13747.0,2092.0,10187.0,1300.0,0.74,0.0,0.62,0.0,32.321978021978026,0,9.0,9.0,6.0,10.0,0.0,0.0,0.0,0.0
AZ,2022-09-17,2022,37,110,6.0,0.0,7.0,0.0,50.5,44.5,35.5,16.5,13687.0,2088.0,10188.0,1309.0,0.74,0.0,0.63,0.0,32.321978021978026,0,9.0,9.0,7.0,11.0,0.0,0.0,0.0,0.0
AZ,2022-09-24,2022,38,111,6.0,0.0,9.0,0.0,50.5,44.5,35.5,16.5,13655.0,2078.0,10052.0,1280.0,0.74,0.0,0.62,0.0,32.321978021978026,0,6.0,9.0,9.0,8.0,0.0,0.0,0.0,0.0
AZ,2022-10-01,2022,39,112,6.0,1.0,10.0,0.0,50.5,44.5,35.5,16.5,13645.0,2082.0,10005.0,1277.0,0.73,0.0,0.61,0.0,32.321978021978026,0,6.0,6.0,9.0,7.0,0.0,0.0,0.0,0.0
AZ,2022-10-08,2022,40,113,5.0,1.0,13.0,0.0,50.5,44.5,35.5,16.5,13615.0,2063.0,9987.0,1267.0,0.73,0.0,0.61,0.0,32.321978021978026,0,6.0,6.0,9.0,6.0,0.0,0.0,0.0,0.0
AZ,2022-10-15,2022,41,114,6.0,1.0,11.0,0.0,50.5,44.5,35.5,16.5,13624.0,2279.0,10035.0,1264.0,0.74,0.0,0.55,0.0,32.321978021978026,0,5.0,6.0,6.0,7.0,0.0,0.0,0.0,0.0
AZ,2022-10-22,2022,42,115,13.0,2.0,24.0,0.0,50.5,44.5,35.5,16.5,13638.0,2072.0,10120.0,1247.0,0.74,0.0,0.6,0.0,32.321978021978026,0,6.0,5.0,6.0,9.0,0.0,0.0,0.0,0.0
AZ,2022-10-29,2022,43,116,13.0,3.0,26.0,0.0,50.5,44.5,35.5,16.5,13663.0,2060.0,10251.0,1302.0,0.75,0.0,0.63,0.0,32.321978021978026,0,13.0,6.0,6.0,9.0,0.0,0.0,0.0,0.0
AZ,2022-11-05,2022,44,117,33.0,6.0,79.0,0.0,50.5,44.5,35.5,16.5,13685.0,2071.0,10377.0,1341.0,0.76,0.0,0.65,0.0,32.321978021978026,0,13.0,13.0,5.0,9.0,0.0,0.0,0.0,0.0
AZ,2022-11-12,2022,45,118,54.0,6.0,134.0,0.0,50.5,44.5,35.5,16.5,13789.0,2115.0,10678.0,1410.0,0.77,0.0,0.67,0.0,32.321978021978026,0,33.0,13.0,6.0,6.0,0.0,0.0,0.0,0.0
AZ,2022-11-19,2022,46,119,106.0,13.0,308.0,0.0,50.5,44.5,35.5,16.5,13836.0,2133.0,10928.0,1449.0,0.79,0.01,0.68,0.01,32.321978021978026,0,54.0,33.0,13.0,6.0,0.0,0.0,0.0,0.0
AZ,2022-11-26,2022,47,120,199.0,24.0,570.0,0.0,50.5,44.5,35.5,16.5,13728.0,2125.0,10693.0,1453.0,0.78,0.01,0.68,0.01,32.321978021978026,1,106.0,54.0,13.0,6.0,0.01,0.0,0.0,0.0
AZ,2022-12-03,2022,48,121,358.0,45.0,799.0,0.0,50.5,44.5,35.5,16.5,13741.0,2100.0,11237.0,1541.0,0.82,0.03,0.73,0.02,32.321978021978026,1,199.0,106.0,33.0,5.0,0.01,0.01,0.0,0.0
AZ,2022-12-10,2022,49,122,408.0,46.0,779.0,0.0,50.5,44.5,35.5,16.5,13763.0,2091.0,11340.0,1525.0,0.82,0.03,0.73,0.02,32.321978021978026,1,358.0,199.0,54.0,6.0,0.03,0.01,0.0,0.0
AZ,2022-12-17,2022,50,123,366.0,56.0,568.0,0.0,50.5,44.5,35.5,16.5,13770.0,2111.0,11032.0,1508.0,0.8,0.03,0.71,0.03,32.321978021978026,1,408.0,358.0,106.0,13.0,0.03,0.03,0.01,0.0
AZ,2022-12-24,2022,51,124,352.0,65.0,580.0,0.0,50.5,44.5,35.5,16.5,13521.0,2064.0,10551.0,1429.0,0.78,0.03,0.69,0.03,32.321978021978026,1,366.0,408.0,199.0,13.0,0.03,0.03,0.01,0.0
AZ,2022-12-31,2022,52,125,415.0,73.0,656.0,0.0,50.5,44.5,35.5,16.5,13539.0,2055.0,10232.0,1394.0,0.76,0.03,0.68,0.04,32.321978021978026,1,352.0,366.0,358.0,33.0,0.03,0.03,0.03,0.0
CA,2020-10-03,2020,40,8,48.0,5.5,45.0,0.0,25.5,20.5,22.0,33.0,61518.0,8927.0,43006.0,5762.0,0.7,0.0,0.65,0.0,35.282125603864735,0,48.0,48.0,48.0,48.0,0.0,0.0,0.0,0.0
CA,2020-10-10,2020,41,9,48.0,5.5,45.0,0.0,25.5,20.5,22.0,33.0,61950.0,8981.0,43346.0,5813.0,0.7,0.0,0.65,0.0,35.282125603864735,0,48.0,48.0,48.0,48.0,0.0,0.0,0.0,0.0
CA,2020-10-17,2020,42,10,0.0,0.0,0.0,0.0,25.5,20.5,22.0,33.0,61445.0,9031.0,43273.0,5777.0,0.7,0.0,0.64,0.0,35.282125603864735,0,48.0,48.0,48.0,48.0,0.0,0.0,0.0,0.0
CA,2020-10-24,2020,43,11,31.0,6.0,9.0,0.0,25.5,20.5,22.0,33.0,68779.0,10308.0,43581.0,6703.0,0.63,0.0,0.65,0.0,35.282125603864735,0,0.0,48.0,48.0,48.0,0.0,0.0,0.0,0.0
CA,2020-10-31,2020,44,12,50.0,5.0,30.0,0.0,25.5,20.5,22.0,33.0,69531.0,10895.0,43376.0,7161.0,0.62,0.0,0.66,0.0,35.282125603864735,0,31.0,0.0,48.0,48.0,0.0,0.0,0.0,0.0
CA,2020-11-07,2020,45,13,44.0,6.0,27.0,0.0,25.5,20.5,22.0,33.0,62971.0,10944.0,44248.0,7232.0,0.7,0.0,0.66,0.0,35.282125603864735,0,50.0,31.0,48.0,48.0,0.0,0.0,0.0,0.0
CA,2020-11-14,2020,46,14,49.0,9.0,41.0,0.0,25.5,20.5,22.0,33.0,63476.0,10987.0,44960.0,7313.0,0.71,0.0,0.67,0.0,35.282125603864735,0,44.0,50.0,0.0,48.0,0.0,0.0,0.0,0.0
CA,2020-11-21,2020,47,15,51.0,10.0,39.0,0.0,25.5,20.5,22.0,33.0,63779.0,11065.0,45822.0,7548.0,0.72,0.0,0.68,0.0,35.282125603864735,0,49.0,44.0,31.0,48.0,0.0,0.0,0.0,0.0
CA,2020-11-28,2020,48,16,69.0,16.0,76.0,0.0,25.5,20.5,22.0,33.0,63611.0,11100.0,44466.0,7601.0,0.7,0.0,0.68,0.0,35.282125603864735,0,51.0,49.0,50.0,48.0,0.0,0.0,0.0,0.0
CA,2020-12-05,2020,49,17,94.0,13.0,47.0,0.0,25.5,20.5,22.0,33.0,64205.0,11227.0,47066.0,8049.0,0.73,0.0,0.72,0.0,35.282125603864735,0,69.0,51.0,44.0,48.0,0.0,0.0,0.0,0.0
CA,2020-12-12,2020,50,18,91.0,14.0,54.0,0.0,25.5,20.5,22.0,33.0,64138.0,11364.0,48655.0,8437.0,0.76,0.0,0.74,0.0,35.282125603864735,0,94.0,69.0,49.0,0.0,0.0,0.0,0.0,0.0
CA,2020-12-19,2020,51,19,101.0,20.0,53.0,0.0,25.5,20.5,22.0,33.0,64402.0,11738.0,49899.0,8890.0,0.77,0.0,0.76,0.0,35.282125603864735,0,91.0,94.0,51.0,31.0,0.0,0.0,0.0,0.0
CA,2020-12-26,2020,52,20,149.0,26.0,70.0,0.0,25.5,20.5,22.0,33.0,64409.0,11980.0,49760.0,9040.0,0.77,0.0,0.75,0.0,35.282125603864735,0,101.0,91.0,69.0,50.0,0.0,0.0,0.0,0.0
CA,2021-01-02,2021,53,21,142.0,27.0,51.0,0.0,25.5,20.5,22.0,33.0,65528.0,12398.0,51197.0,9553.0,0.78,0.0,0.77,0.0,35.18858695652174,0,149.0,101.0,94.0,44.0,0.0,0.0,0.0,0.0
CA,2021-01-09,2021,1,22,156.0,34.0,75.0,0.0,25.5,20.5,22.0,33.0,66042.0,12720.0,53061.0,10034.0,0.8,0.0,0.79,0.0,35.18858695652174,0,142.0,149.0,91.0,49.0,0.0,0.0,0.0,0.0
CA,2021-01-16,2021,2,23,99.0,23.0,45.0,0.0,25.5,20.5,22.0,33.0,65956.0,12796.0,53942.0,10248.0,0.82,0.0,0.8,0.0,35.18858695652174,0,156.0,142.0,101.0,51.0,0.0,0.0,0.0,0.0
CA,2021-01-23,2021,3,24,55.0,14.0,40.0,0.0,25.5,20.5,22.0,33.0,65261.0,12492.0,53063.0,10087.0,0.81,0.0,0.81,0.0,35.18858695652174,0,99.0,156.0,149.0,69.0,0.0,0.0,0.0,0.0
CA,2021-01-30,2021,4,25,37.0,14.0,24.0,0.0,25.5,20.5,22.0,33.0,64545.0,12355.0,51612.0,9884.0,0.8,0.0,0.8,0.0,35.18858695652174,0,55.0,99.0,142.0,94.0,0.0,0.0,0.0,0.0
CA,2021-02-06,2021,5,26,37.0,12.0,18.0,0.0,25.5,20.5,22.0,33.0,63350.0,11992.0,49922.0,9336.0,0.79,0.0,0.78,0.0,35.18858695652174,0,37.0,55.0,156.0,91.0,0.0,0.0,0.0,0.0
CA,2021-02-13,2021,6,27,32.0,9.0,24.0,0.0,25.5,20.5,22.0,33.0,62280.0,11646.0,48128.0,8838.0,0.77,0.0,0.76,0.0,35.18858695652174,0,37.0,37.0,99.0,101.0,0.0,0.0,0.0,0.0
CA,2021-02-20,2021,7,28,24.0,8.0,16.0,0.0,25.5,20.5,22.0,33.0,61265.0,11385.0,46050.0,8339.0,0.75,0.0,0.73,0.0,35.18858695652174,0,32.0,37.0,55.0,149.0,0.0,0.0,0.0,0.0
CA,2021-02-27,2021,8,29,21.0,6.0,22.0,0.0,25.5,20.5,22.0,33.0,60960.0,11276.0,45486.0,8004.0,0.75,0.0,0.71,0.0,35.18858695652174,0,24.0,32.0,37.0,142.0,0.0,0.0,0.0,0.0
CA,2021-03-06,2021,9,30,14.0,1.0,14.0,0.0,25.5,20.5,22.0,33.0,60469.0,11123.0,44590.0,7671.0,0.74,0.0,0.69,0.0,35.18858695652174,0,21.0,24.0,37.0,156.0,0.0,0.0,0.0,0.0
CA,2021-03-13,2021,10,31,8.0,3.0,14.0,0.0,25.5,20.5,22.0,33.0,60156.0,10972.0,44027.0,7443.0,0.73,0.0,0.68,0.0,35.18858695652174,0,14.0,21.0,32.0,99.0,0.0,0.0,0.0,0.0
CA,2021-03-20,2021,11,32,10.0,3.0,10.0,0.0,25.5,20.5,22.0,33.0,60156.0,10887.0,44164.0,7328.0,0.73,0.0,0.67,0.0,35.18858695652174,0,8.0,14.0,24.0,55.0,0.0,0.0,0.0,0.0
CA,2021-03-27,2021,12,33,16.0,2.0,16.0,0.0,25.5,20.5,22.0,33.0,60204.0,10833.0,44399.0,7162.0,0.74,0.0,0.66,0.0,35.18858695652174,0,10.0,8.0,21.0,37.0,0.0,0.0,0.0,0.0
CA,2021-04-03,2021,13,34,13.0,2.0,4.0,0.0,25.5,20.5,22.0,33.0,60095.0,10781.0,44025.0,7096.0,0.73,0.0,0.66,0.0,35.18858695652174,0,16.0,10.0,14.0,37.0,0.0,0.0,0.0,0.0
CA,2021-04-10,2021,14,35,14.0,1.0,7.0,0.0,25.5,20.5,22.0,33.0,59668.0,10689.0,43330.0,6885.0,0.73,0.0,0.64,0.0,35.18858695652174,0,13.0,16.0,8.0,32.0,0.0,0.0,0.0,0.0
CA,2021-04-17,2021,15,36,14.0,1.0,11.0,0.0,25.5,20.5,22.0,33.0,59966.0,10961.0,44079.0,7101.0,0.74,0.0,0.65,0.0,35.18858695652174,0,14.0,13.0,10.0,24.0,0.0,0.0,0.0,0.0
CA,2021-04-24,2021,16,37,11.0,1.0,13.0,0.0,25.5,20.5,22.0,33.0,60046.0,10629.0,44187.0,6896.0,0.74,0.0,0.65,0.0,35.18858695652174,0,14.0,14.0,16.0,21.0,0.0,0.0,0.0,0.0
CA,2021-05-01,2021,17,38,11.0,1.0,8.0,0.0,25.5,20.5,22.0,33.0,59836.0,10649.0,44021.0,6908.0,0.74,0.0,0.65,0.0,35.18858695652174,0,11.0,14.0,13.0,14.0,0.0,0.0,0.0,0.0
CA,2021-05-08,2021,18,39,17.0,1.0,13.0,0.0,25.5,20.5,22.0,33.0,59900.0,10654.0,44435.0,6917.0,0.74,0.0,0.65,0.0,35.18858695652174,0,11.0,11.0,14.0,8.0,0.0,0.0,0.0,0.0
CA,2021-05-15,2021,19,40,9.0,0.0,5.0,0.0,25.5,20.5,22.0,33.0,58517.0,10478.0,43178.0,6809.0,0.74,0.0,0.65,0.0,35.18858695652174,0,17.0,11.0,14.0,10.0,0.0,0.0,0.0,0.0
CA,2021-05-22,2021,20,41,7.0,0.0,13.0,0.0,25.5,20.5,22.0,33.0,59674.0,10598.0,44145.0,6903.0,0.74,0.0,0.65,0.0,35.18858695652174,0,9.0,17.0,11.0,16.0,0.0,0.0,0.0,0.0
CA,2021-05-29,2021,21,42,8.0,0.0,9.0,0.0,25.5,20.5,22.0,33.0,59794.0,10607.0,44109.0,6820.0,0.74,0.0,0.64,0.0,35.18858695652174,0,7.0,9.0,11.0,13.0,0.0,0.0,0.0,0.0
CA,2021-06-05,2021,22,43,7.0,0.0,3.0,0.0,25.5,20.5,22.0,33.0,59655.0,10550.0,43887.0,6788.0,0.74,0.0,0.64,0.0,35.18858695652174,0,8.0,7.0,17.0,14.0,0.0,0.0,0.0,0.0
CA,2021-06-12,2021,23,44,5.0,0.0,3.0,0.0,25.5,20.5,22.0,33.0,60004.0,10594.0,44463.0,6870.0,0.74,0.0,0.65,0.0,35.18858695652174,0,7.0,8.0,9.0,14.0,0.0,0.0,0.0,0.0
CA,2021-06-19,2021,24,45,9.0,0.0,9.0,0.0,25.5,20.5,22.0,33.0,59755.0,10661.0,45085.0,6927.0,0.75,0.0,0.65,0.0,35.18858695652174,0,5.0,7.0,7.0,11.0,0.0,0.0,0.0,0.0
CA,2021-06-26,2021,25,46,8.0,0.0,6.0,0.0,25.5,20.5,22.0,33.0,60086.0,10650.0,45004.0,6928.0,0.75,0.0,0.65,0.0,35.18858695652174,0,9.0,5.0,8.0,11.0,0.0,0.0,0.0,0.0
CA,2021-07-03,2021,26,47,7.0,0.0,5.0,0.0,25.5,20.5,22.0,33.0,60048.0,10634.0,44898.0,6934.0,0.75,0.0,0.65,0.0,35.18858695652174,0,8.0,9.0,7.0,17.0,0.0,0.0,0.0,0.0
CA,2021-07-10,2021,27,48,7.0,1.0,8.0,0.0,25.5,20.5,22.0,33.0,59832.0,10571.0,44277.0,6832.0,0.74,0.0,0.65,0.0,35.18858695652174,0,7.0,8.0,5.0,9.0,0.0,0.0,0.0,0.0
CA,2021-07-17,2021,28,49,8.0,0.0,7.0,0.0,25.5,20.5,22.0,33.0,60426.0,10568.0,45863.0,7058.0,0.76,0.0,0.67,0.0,35.18858695652174,0,7.0,7.0,9.0,7.0,0.0,0.0,0.0,0.0
CA,2021-07-24,2021,29,50,10.0,1.0,8.0,0.0,25.5,20.5,22.0,33.0,60494.0,10562.0,46295.0,7085.0,0.77,0.0,0.67,0.0,35.18858695652174,0,8.0,7.0,8.0,8.0,0.0,0.0,0.0,0.0
CA,2021-07-31,2021,30,51,6.0,1.0,6.0,0.0,25.5,20.5,22.0,33.0,60568.0,10657.0,46739.0,7241.0,0.77,0.0,0.68,0.0,35.18858695652174,0,10.0,8.0,7.0,7.0,0.0,0.0,0.0,0.0
CA,2021-08-07,2021,31,52,9.0,0.0,11.0,0.0,25.5,20.5,22.0,33.0,61088.0,10707.0,47304.0,7422.0,0.77,0.0,0.69,0.0,35.18858695652174,0,6.0,10.0,7.0,5.0,0.0,0.0,0.0,0.0
CA,2021-08-14,2021,32,53,11.0,0.0,13.0,0.0,25.5,20.5,22.0,33.0,61317.0,10798.0,48319.0,7733.0,0.79,0.0,0.72,0.0,35.18858695652174,0,9.0,6.0,8.0,9.0,0.0,0.0,0.0,0.0
CA,2021-08-21,2021,33,54,11.0,0.0,6.0,0.0,25.5,20.5,22.0,33.0,61947.0,10938.0,49097.0,7979.0,0.79,0.0,0.73,0.0,35.18858695652174,0,11.0,9.0,10.0,8.0,0.0,0.0,0.0,0.0
CA,2021-08-28,2021,34,55,14.0,0.0,4.0,0.0,25.5,20.5,22.0,33.0,62132.0,11011.0,49381.0,8170.0,0.79,0.0,0.74,0.0,35.18858695652174,0,11.0,11.0,6.0,7.0,0.0,0.0,0.0,0.0
CA,2021-09-04,2021,35,56,11.0,2.0,2.0,0.0,25.5,20.5,22.0,33.0,61814.0,10971.0,48910.0,8184.0,0.79,0.0,0.75,0.0,35.18858695652174,0,14.0,11.0,9.0,7.0,0.0,0.0,0.0,0.0
CA,2021-09-11,2021,36,57,9.0,2.0,7.0,0.0,25.5,20.5,22.0,33.0,61442.0,10937.0,48210.0,8132.0,0.78,0.0,0.74,0.0,35.18858695652174,0,11.0,14.0,11.0,8.0,0.0,0.0,0.0,0.0
CA,2021-09-18,2021,37,58,6.0,1.0,5.0,0.0,25.5,20.5,22.0,33.0,61811.0,10919.0,48692.0,8130.0,0.79,0.0,0.74,0.0,35.18858695652174,0,9.0,11.0,11.0,10.0,0.0,0.0,0.0,0.0
CA,2021-09-25,2021,38,59,5.0,0.0,8.0,0.0,25.5,20.5,22.0,33.0,61464.0,10869.0,48318.0,8054.0,0.79,0.0,0.74,0.0,35.18858695652174,0,6.0,9.0,14.0,6.0,0.0,0.0,0.0,0.0
CA,2021-10-02,2021,39,60,5.0,0.0,8.0,0.0,25.5,20.5,22.0,33.0,61081.0,10757.0,47507.0,7864.0,0.78,0.0,0.73,0.0,35.18858695652174,0,5.0,6.0,11.0,9.0,0.0,0.0,0.0,0.0
CA,2021-10-09,2021,40,61,7.0,0.0,12.0,0.0,25.5,20.5,22.0,33.0,61016.0,10702.0,47136.0,7735.0,0.77,0.0,0.72,0.0,35.18858695652174,0,5.0,5.0,9.0,11.0,0.0,0.0,0.0,0.0
CA,2021-10-16,2021,41,62,5.0,0.0,5.0,0.0,25.5,20.5,22.0,33.0,60965.0,10684.0,46858.0,7649.0,0.77,0.0,0.72,0.0,35.18858695652174,0,7.0,5.0,6.0,11.0,0.0,0.0,0.0,0.0
CA,2021-10-23,2021,42,63,6.0,0.0,10.0,0.0,25.5,20.5,22.0,33.0,61413.0,10657.0,47406.0,7675.0,0.77,0.0,0.72,0.0,35.18858695652174,0,5.0,7.0,5.0,14.0,0.0,0.0,0.0,0.0
CA,2021-10-30,2021,43,64,3.0,0.0,5.0,0.0,25.5,20.5,22.0,33.0,61648.0,10662.0,47901.0,7696.0,0.78,0.0,0.72,0.0,35.18858695652174,0,6.0,5.0,5.0,11.0,0.0,0.0,0.0,0.0
CA,2021-11-06,2021,44,65,6.0,0.0,15.0,0.0,25.5,20.5,22.0,33.0,61259.0,10689.0,47907.0,7638.0,0.78,0.0,0.71,0.0,35.18858695652174,0,3.0,6.0,7.0,9.0,0.0,0.0,0.0,0.0
CA,2021-11-13,2021,45,66,17.0,1.0,15.0,0.0,25.5,20.5,22.0,33.0,61298.0,10679.0,47716.0,7695.0,0.78,0.0,0.72,0.0,35.18858695652174,0,6.0,3.0,5.0,6.0,0.0,0.0,0.0,0.0
CA,2021-11-20,2021,46,67,21.0,2.0,17.0,0.0,25.5,20.5,22.0,33.0,60840.0,10648.0,47579.0,7678.0,0.78,0.0,0.72,0.0,35.18858695652174,0,17.0,6.0,6.0,5.0,0.0,0.0,0.0,0.0
CA,2021-11-27,2021,47,68,21.0,2.0,20.0,0.0,25.5,20.5,22.0,33.0,60102.0,10642.0,45787.0,7526.0,0.76,0.0,0.71,0.0,35.18858695652174,0,21.0,17.0,3.0,5.0,0.0,0.0,0.0,0.0
CA,2021-12-04,2021,48,69,29.0,2.0,44.0,0.0,25.5,20.5,22.0,33.0,61390.0,10730.0,47742.0,7655.0,0.78,0.0,0.71,0.0,35.18858695652174,0,21.0,21.0,6.0,7.0,0.0,0.0,0.0,0.0
CA,2021-12-11,2021,49,70,45.0,1.0,61.0,0.0,25.5,20.5,22.0,33.0,61568.0,10840.0,48872.0,7806.0,0.79,0.0,0.72,0.0,35.18858695652174,0,29.0,21.0,17.0,5.0,0.0,0.0,0.0,0.0
CA,2021-12-18,2021,50,71,54.0,2.0,60.0,0.0,25.5,20.5,22.0,33.0,61572.0,10744.0,49016.0,7877.0,0.8,0.0,0.73,0.0,35.18858695652174,0,45.0,29.0,21.0,6.0,0.0,0.0,0.0,0.0
CA,2021-12-25,2021,51,72,58.0,4.0,111.0,0.0,25.5,20.5,22.0,33.0,60615.0,10666.0,47010.0,7606.0,0.78,0.0,0.71,0.0,35.18858695652174,0,54.0,45.0,21.0,3.0,0.0,0.0,0.0,0.0
CA,2022-01-01,2022,52,73,64.0,2.0,96.0,0.0,25.5,20.5,22.0,33.0,60317.0,10633.0,46424.0,7551.0,0.77,0.0,0.71,0.0,35.19322916666667,0,58.0,54.0,29.0,6.0,0.0,0.0,0.0,0.0
CA,2022-01-08,2022,1,74,64.0,3.0,87.0,0.0,25.5,20.5,22.0,33.0,61659.0,10778.0,49353.0,7371.0,0.8,0.0,0.68,0.0,35.19322916666667,0,64.0,58.0,45.0,17.0,0.0,0.0,0.0,0.0
CA,2022-01-15,2022,2,75,58.0,9.0,75.0,0.0,25.5,20.5,22.0,33.0,62632.0,10792.0,50931.0,8054.0,0.81,0.0,0.75,0.0,35.19322916666667,0,64.0,64.0,54.0,21.0,0.0,0.0,0.0,0.0
CA,2022-01-22,2022,3,76,52.0,9.0,63.0,0.0,25.5,20.5,22.0,33.0,64372.0,10861.0,51802.0,8303.0,0.8,0.0,0.76,0.0,35.19322916666667,0,58.0,64.0,58.0,21.0,0.0,0.0,0.0,0.0
CA,2022-01-29,2022,4,77,36.0,4.0,23.0,0.0,25.5,20.5,22.0,33.0,64296.0,10867.0,51721.0,8346.0,0.8,0.0,0.77,0.0,35.19322916666667,0,52.0,58.0,64.0,29.0,0.0,0.0,0.0,0.0
CA,2022-02-05,2022,5,78,34.0,5.0,30.0,0.0,25.5,20.5,22.0,33.0,63869.0,10822.0,51040.0,8317.0,0.8,0.0,0.77,0.0,35.19322916666667,0,36.0,52.0,64.0,45.0,0.0,0.0,0.0,0.0
CA,2022-02-12,2022,6,79,34.0,4.0,28.0,0.0,25.5,20.5,22.0,33.0,63491.0,10840.0,50727.0,8129.0,0.8,0.0,0.75,0.0,35.19322916666667,0,34.0,36.0,58.0,54.0,0.0,0.0,0.0,0.0
CA,2022-02-19,2022,7,80,34.0,4.0,11.0,0.0,25.5,20.5,22.0,33.0,63397.0,10733.0,49993.0,7779.0,0.79,0.0,0.72,0.0,35.19322916666667,0,34.0,34.0,52.0,58.0,0.0,0.0,0.0,0.0
CA,2022-02-26,2022,8,81,28.0,3.0,23.0,0.0,25.5,20.5,22.0,33.0,62576.0,10598.0,48563.0,7480.0,0.78,0.0,0.71,0.0,35.19322916666667,0,34.0,34.0,36.0,64.0,0.0,0.0,0.0,0.0
CA,2022-03-05,2022,9,82,31.0,1.0,34.0,0.0,25.5,20.5,22.0,33.0,62767.0,10567.0,48225.0,7341.0,0.77,0.0,0.69,0.0,35.19322916666667,0,28.0,34.0,34.0,64.0,0.0,0.0,0.0,0.0
CA,2022-03-12,2022,10,83,33.0,1.0,40.0,0.0,25.5,20.5,22.0,33.0,62011.0,10424.0,47396.0,7147.0,0.76,0.0,0.69,0.0,35.19322916666667,0,31.0,28.0,34.0,58.0,0.0,0.0,0.0,0.0
CA,2022-03-19,2022,11,84,37.0,3.0,51.0,0.0,25.5,20.5,22.0,33.0,61837.0,10296.0,47020.0,7007.0,0.76,0.0,0.68,0.0,35.19322916666667,0,33.0,31.0,34.0,52.0,0.0,0.0,0.0,0.0
CA,2022-03-26,2022,12,85,38.0,4.0,61.0,0.0,25.5,20.5,22.0,33.0,61652.0,10268.0,46572.0,6858.0,0.76,0.0,0.67,0.0,35.19322916666667,0,37.0,33.0,28.0,36.0,0.0,0.0,0.0,0.0
CA,2022-04-02,2022,13,86,47.0,6.0,79.0,0.0,25.5,20.5,22.0,33.0,61143.0,10309.0,45992.0,6873.0,0.75,0.0,0.67,0.0,35.19322916666667,0,38.0,37.0,31.0,34.0,0.0,0.0,0.0,0.0
CA,2022-04-09,2022,14,87,49.0,3.0,96.0,0.0,25.5,20.5,22.0,33.0,60871.0,10225.0,45536.0,6792.0,0.75,0.0,0.66,0.0,35.19322916666667,0,47.0,38.0,33.0,34.0,0.0,0.0,0.0,0.0
CA,2022-04-16,2022,15,88,56.0,7.0,104.0,0.0,25.5,20.5,22.0,33.0,60952.0,10175.0,45315.0,6754.0,0.74,0.0,0.66,0.0,35.19322916666667,0,49.0,47.0,37.0,34.0,0.0,0.0,0.0,0.0
CA,2022-04-23,2022,16,89,84.0,8.0,148.0,0.0,25.5,20.5,22.0,33.0,60659.0,10150.0,45103.0,6611.0,0.74,0.0,0.65,0.0,35.19322916666667,0,56.0,49.0,38.0,28.0,0.0,0.0,0.0,0.0
CA,2022-04-30,2022,17,90,97.0,7.0,213.0,0.0,25.5,20.5,22.0,33.0,60976.0,10093.0,45810.0,6581.0,0.75,0.0,0.65,0.0,35.19322916666667,0,84.0,56.0,47.0,31.0,0.0,0.0,0.0,0.0
CA,2022-05-07,2022,18,91,118.0,7.0,206.0,0.0,25.5,20.5,22.0,33.0,60785.0,10086.0,45614.0,6644.0,0.75,0.0,0.66,0.0,35.19322916666667,0,97.0,84.0,49.0,33.0,0.0,0.0,0.0,0.0
CA,2022-05-14,2022,19,92,139.0,7.0,277.0,0.0,25.5,20.5,22.0,33.0,60864.0,10197.0,45766.0,6682.0,0.75,0.0,0.66,0.0,35.19322916666667,0,118.0,97.0,56.0,37.0,0.0,0.0,0.0,0.0
CA,2022-05-21,2022,20,93,209.0,19.0,355.0,0.0,25.5,20.5,22.0,33.0,60528.0,10134.0,46577.0,6813.0,0.77,0.0,0.67,0.0,35.19322916666667,0,139.0,118.0,84.0,38.0,0.0,0.0,0.0,0.0
CA,2022-05-28,2022,21,94,246.0,22.0,412.0,0.0,25.5,20.5,22.0,33.0,60521.0,10087.0,46697.0,6796.0,0.77,0.0,0.67,0.0,35.19322916666667,0,209.0,139.0,97.0,47.0,0.0,0.0,0.0,0.0
CA,2022-06-04,2022,22,95,245.0,22.0,432.0,0.0,25.5,20.5,22.0,33.0,60281.0,10113.0,46101.0,6710.0,0.76,0.0,0.66,0.0,35.19322916666667,0,246.0,209.0,118.0,49.0,0.0,0.0,0.0,0.0
CA,2022-06-11,2022,23,96,243.0,22.0,391.0,0.0,25.5,20.5,22.0,33.0,60473.0,10152.0,46637.0,6775.0,0.77,0.0,0.67,0.0,35.19322916666667,0,245.0,246.0,139.0,56.0,0.0,0.0,0.0,0.0
CA,2022-06-18,2022,24,97,203.0,16.0,305.0,0.0,25.5,20.5,22.0,33.0,60619.0,10118.0,46280.0,6729.0,0.76,0.0,0.66,0.0,35.19322916666667,0,243.0,245.0,209.0,84.0,0.0,0.0,0.0,0.0
CA,2022-06-25,2022,25,98,170.0,18.0,238.0,0.0,25.5,20.5,22.0,33.0,60113.0,10099.0,46065.0,6664.0,0.77,0.0,0.66,0.0,35.19322916666667,0,203.0,243.0,246.0,97.0,0.0,0.0,0.0,0.0
CA,2022-07-02,2022,26,99,146.0,19.0,193.0,0.0,25.5,20.5,22.0,33.0,60311.0,10306.0,46596.0,6848.0,0.77,0.0,0.66,0.0,35.19322916666667,0,170.0,203.0,245.0,118.0,0.0,0.0,0.0,0.0
CA,2022-07-09,2022,27,100,111.0,16.0,115.0,0.0,25.5,20.5,22.0,33.0,60443.0,10243.0,46282.0,6870.0,0.77,0.0,0.67,0.0,35.19322916666667,0,146.0,170.0,243.0,139.0,0.0,0.0,0.0,0.0
CA,2022-07-16,2022,28,101,73.0,12.0,99.0,0.0,25.5,20.5,22.0,33.0,61223.0,10263.0,47561.0,7012.0,0.78,0.0,0.68,0.0,35.19322916666667,0,111.0,146.0,203.0,209.0,0.0,0.0,0.0,0.0
CA,2022-07-23,2022,29,102,54.0,13.0,61.0,0.0,25.5,20.5,22.0,33.0,61349.0,10231.0,47346.0,6954.0,0.77,0.0,0.68,0.0,35.19322916666667,0,73.0,111.0,170.0,246.0,0.0,0.0,0.0,0.0
CA,2022-07-30,2022,30,103,39.0,12.0,47.0,0.0,25.5,20.5,22.0,33.0,61507.0,10263.0,47273.0,7014.0,0.77,0.0,0.68,0.0,35.19322916666667,0,54.0,73.0,146.0,245.0,0.0,0.0,0.0,0.0
CA,2022-08-06,2022,31,104,33.0,6.0,38.0,0.0,25.5,20.5,22.0,33.0,61478.0,10231.0,47142.0,6990.0,0.77,0.0,0.68,0.0,35.19322916666667,0,39.0,54.0,111.0,243.0,0.0,0.0,0.0,0.0
CA,2022-08-13,2022,32,105,29.0,5.0,39.0,0.0,25.5,20.5,22.0,33.0,60934.0,10222.0,47199.0,6991.0,0.77,0.0,0.68,0.0,35.19322916666667,0,33.0,39.0,73.0,203.0,0.0,0.0,0.0,0.0
CA,2022-08-20,2022,33,106,24.0,4.0,35.0,0.0,25.5,20.5,22.0,33.0,61364.0,10258.0,47255.0,6972.0,0.77,0.0,0.68,0.0,35.19322916666667,0,29.0,33.0,54.0,170.0,0.0,0.0,0.0,0.0
CA,2022-08-27,2022,34,107,21.0,5.0,29.0,0.0,25.5,20.5,22.0,33.0,58798.0,10023.0,45985.0,6836.0,0.78,0.0,0.68,0.0,35.19322916666667,0,24.0,29.0,39.0,146.0,0.0,0.0,0.0,0.0
CA,2022-09-03,2022,35,108,30.0,4.0,33.0,0.0,25.5,20.5,22.0,33.0,60485.0,10044.0,46516.0,6878.0,0.77,0.0,0.68,0.0,35.19322916666667,0,21.0,24.0,33.0,111.0,0.0,0.0,0.0,0.0
CA,2022-09-10,2022,36,109,50.0,1.0,36.0,0.0,25.5,20.5,22.0,33.0,60271.0,10231.0,47181.0,6998.0,0.78,0.0,0.68,0.0,35.19322916666667,0,30.0,21.0,29.0,73.0,0.0,0.0,0.0,0.0
CA,2022-09-17,2022,37,110,41.0,4.0,21.0,0.0,25.5,20.5,22.0,33.0,60796.0,10253.0,48097.0,7087.0,0.79,0.0,0.69,0.0,35.19322916666667,0,50.0,30.0,24.0,54.0,0.0,0.0,0.0,0.0
CA,2022-09-24,2022,38,111,27.0,5.0,35.0,0.0,25.5,20.5,22.0,33.0,60772.0,10151.0,47531.0,6956.0,0.78,0.0,0.69,0.0,35.19322916666667,0,41.0,50.0,21.0,39.0,0.0,0.0,0.0,0.0
CA,2022-10-01,2022,39,112,39.0,7.0,68.0,0.0,25.5,20.5,22.0,33.0,61265.0,10185.0,47181.0,6886.0,0.77,0.0,0.68,0.0,35.19322916666667,0,27.0,41.0,30.0,33.0,0.0,0.0,0.0,0.0
CA,2022-10-08,2022,40,113,51.0,6.0,92.0,0.0,25.5,20.5,22.0,33.0,61219.0,10324.0,47132.0,6946.0,0.77,0.0,0.67,0.0,35.19322916666667,0,39.0,27.0,50.0,29.0,0.0,0.0,0.0,0.0
CA,2022-10-15,2022,41,114,66.0,8.0,87.0,0.0,25.5,20.5,22.0,33.0,61007.0,10269.0,47199.0,7024.0,0.77,0.0,0.68,0.0,35.19322916666667,0,51.0,39.0,41.0,24.0,0.0,0.0,0.0,0.0
CA,2022-10-22,2022,42,115,80.0,9.0,121.0,0.0,25.5,20.5,22.0,33.0,60957.0,10236.0,47223.0,7036.0,0.77,0.0,0.69,0.0,35.19322916666667,0,66.0,51.0,27.0,21.0,0.0,0.0,0.0,0.0
CA,2022-10-29,2022,43,116,109.0,11.0,199.0,0.0,25.5,20.5,22.0,33.0,61135.0,10294.0,47546.0,7093.0,0.78,0.0,0.69,0.0,35.19322916666667,0,80.0,66.0,39.0,30.0,0.0,0.0,0.0,0.0
CA,2022-11-05,2022,44,117,197.0,24.0,416.0,0.0,25.5,20.5,22.0,33.0,61166.0,10313.0,48183.0,7103.0,0.79,0.0,0.69,0.0,35.19322916666667,0,109.0,80.0,51.0,50.0,0.0,0.0,0.0,0.0
CA,2022-11-12,2022,45,118,372.0,39.0,858.0,0.0,25.5,20.5,22.0,33.0,61596.0,10298.0,48599.0,7296.0,0.79,0.01,0.71,0.0,35.19322916666667,0,197.0,109.0,66.0,41.0,0.0,0.0,0.0,0.0
CA,2022-11-19,2022,46,119,648.0,72.0,1499.0,0.0,25.5,20.5,22.0,33.0,61888.0,10330.0,49319.0,7322.0,0.8,0.01,0.71,0.01,35.19322916666667,1,372.0,197.0,80.0,27.0,0.01,0.0,0.0,0.0
CA,2022-11-26,2022,47,120,1150.0,118.0,2631.0,0.0,25.5,20.5,22.0,33.0,61517.0,10303.0,48573.0,7333.0,0.79,0.02,0.71,0.01,35.19322916666667,1,648.0,372.0,109.0,39.0,0.01,0.01,0.0,0.0
CA,2022-12-03,2022,48,121,1941.0,224.0,3159.0,0.0,25.5,20.5,22.0,33.0,62693.0,10383.0,51111.0,7582.0,0.82,0.03,0.73,0.02,35.19322916666667,1,1150.0,648.0,197.0,51.0,0.02,0.01,0.0,0.0
CA,2022-12-10,2022,49,122,1964.0,255.0,2435.0,0.0,25.5,20.5,22.0,33.0,64341.0,10382.0,51464.0,7594.0,0.8,0.03,0.73,0.02,35.19322916666667,1,1941.0,1150.0,372.0,66.0,0.03,0.02,0.01,0.0
CA,2022-12-17,2022,50,123,1538.0,213.0,1614.0,0.0,25.5,20.5,22.0,33.0,63105.0,10439.0,51061.0,7638.0,0.81,0.02,0.73,0.02,35.19322916666667,1,1964.0,1941.0,648.0,80.0,0.03,0.03,0.01,0.0
CA,2022-12-24,2022,51,124,1278.0,189.0,1596.0,0.0,25.5,20.5,22.0,33.0,61897.0,10302.0,49411.0,7485.0,0.8,0.02,0.73,0.02,35.19322916666667,1,1538.0,1964.0,1150.0,109.0,0.02,0.03,0.02,0.0
CA,2022-12-31,2022,52,125,1180.0,170.0,1423.0,0.0,25.5,20.5,22.0,33.0,60615.0,10335.0,47624.0,7204.0,0.79,0.02,0.7,0.02,35.19322916666667,1,1278.0,1538.0,1941.0,197.0,0.02,0.02,0.03,0.0
CO,2020-10-03,2020,40,8,4.0,0.0,8.0,0.0,2.5,4.0,1.0,3.0,9994.0,1718.0,6497.0,1001.0,0.65,0.0,0.58,0.0,39.99227053140096,0,4.0,4.0,4.0,4.0,0.0,0.0,0.0,0.0
CO,2020-10-10,2020,41,9,4.0,0.0,8.0,0.0,2.5,4.0,1.0,3.0,9984.0,1718.0,6500.0,1024.0,0.65,0.0,0.6,0.0,39.99227053140096,0,4.0,4.0,4.0,4.0,0.0,0.0,0.0,0.0
CO,2020-10-17,2020,42,10,0.0,0.0,0.0,0.0,2.5,4.0,1.0,3.0,9982.0,1715.0,6537.0,1029.0,0.65,0.0,0.6,0.0,39.99227053140096,0,4.0,4.0,4.0,4.0,0.0,0.0,0.0,0.0
CO,2020-10-24,2020,43,11,1.0,0.0,0.0,0.0,2.5,4.0,1.0,3.0,10124.0,1705.0,6496.0,1032.0,0.64,0.0,0.61,0.0,39.99227053140096,0,0.0,4.0,4.0,4.0,0.0,0.0,0.0,0.0
CO,2020-10-31,2020,44,12,0.0,0.0,0.0,0.0,2.5,4.0,1.0,3.0,10102.0,1723.0,6564.0,1077.0,0.65,0.0,0.62,0.0,39.99227053140096,0,1.0,0.0,4.0,4.0,0.0,0.0,0.0,0.0
CO,2020-11-07,2020,45,13,1.0,1.0,3.0,0.0,2.5,4.0,1.0,3.0,10355.0,1878.0,6843.0,1200.0,0.66,0.0,0.64,0.0,39.99227053140096,0,0.0,1.0,4.0,4.0,0.0,0.0,0.0,0.0
CO,2020-11-14,2020,46,14,2.0,1.0,5.0,0.0,2.5,4.0,1.0,3.0,10334.0,1923.0,7006.0,1255.0,0.68,0.0,0.65,0.0,39.99227053140096,0,1.0,0.0,0.0,4.0,0.0,0.0,0.0,0.0
CO,2020-11-21,2020,47,15,1.0,0.0,5.0,0.0,2.5,4.0,1.0,3.0,10334.0,1890.0,7003.0,1265.0,0.68,0.0,0.67,0.0,39.99227053140096,0,2.0,1.0,1.0,4.0,0.0,0.0,0.0,0.0
CO,2020-11-28,2020,48,16,2.0,0.0,3.0,0.0,2.5,4.0,1.0,3.0,10392.0,1990.0,6777.0,1267.0,0.65,0.0,0.64,0.0,39.99227053140096,0,1.0,2.0,0.0,4.0,0.0,0.0,0.0,0.0
CO,2020-12-05,2020,49,17,2.0,0.0,2.0,0.0,2.5,4.0,1.0,3.0,10430.0,1991.0,7083.0,1271.0,0.68,0.0,0.64,0.0,39.99227053140096,0,2.0,1.0,1.0,4.0,0.0,0.0,0.0,0.0
CO,2020-12-12,2020,50,18,4.0,0.0,5.0,0.0,2.5,4.0,1.0,3.0,10491.0,2031.0,7069.0,1265.0,0.67,0.0,0.62,0.0,39.99227053140096,0,2.0,2.0,2.0,0.0,0.0,0.0,0.0,0.0
CO,2020-12-19,2020,51,19,4.0,1.0,5.0,0.0,2.5,4.0,1.0,3.0,10494.0,2095.0,7089.0,1275.0,0.68,0.0,0.61,0.0,39.99227053140096,0,4.0,2.0,1.0,1.0,0.0,0.0,0.0,0.0
CO,2020-12-26,2020,52,20,3.0,1.0,5.0,0.0,2.5,4.0,1.0,3.0,10463.0,2077.0,6484.0,1201.0,0.62,0.0,0.58,0.0,39.99227053140096,0,4.0,4.0,2.0,0.0,0.0,0.0,0.0,0.0
CO,2021-01-02,2021,53,21,4.0,1.0,0.0,0.0,2.5,4.0,1.0,3.0,10444.0,1951.0,6545.0,1183.0,0.63,0.0,0.61,0.0,41.093296089385476,0,3.0,4.0,2.0,1.0,0.0,0.0,0.0,0.0
CO,2021-01-09,2021,1,22,3.0,0.0,0.0,0.0,2.5,4.0,1.0,3.0,10440.0,1947.0,6740.0,1156.0,0.65,0.0,0.59,0.0,41.093296089385476,0,4.0,3.0,4.0,2.0,0.0,0.0,0.0,0.0
CO,2021-01-16,2021,2,23,4.0,0.0,4.0,0.0,2.5,4.0,1.0,3.0,10502.0,1943.0,6736.0,1147.0,0.64,0.0,0.59,0.0,41.093296089385476,0,3.0,4.0,4.0,1.0,0.0,0.0,0.0,0.0
CO,2021-01-23,2021,3,24,4.0,0.0,5.0,0.0,2.5,4.0,1.0,3.0,10466.0,1938.0,6708.0,1144.0,0.64,0.0,0.59,0.0,41.093296089385476,0,4.0,3.0,3.0,2.0,0.0,0.0,0.0,0.0
CO,2021-01-30,2021,4,25,3.0,0.0,5.0,0.0,2.5,4.0,1.0,3.0,10426.0,1927.0,6834.0,1167.0,0.66,0.0,0.61,0.0,41.093296089385476,0,4.0,4.0,4.0,2.0,0.0,0.0,0.0,0.0
CO,2021-02-06,2021,5,26,3.0,0.0,2.0,0.0,2.5,4.0,1.0,3.0,10431.0,1925.0,6820.0,1145.0,0.65,0.0,0.59,0.0,41.093296089385476,0,3.0,4.0,3.0,4.0,0.0,0.0,0.0,0.0
CO,2021-02-13,2021,6,27,3.0,0.0,1.0,0.0,2.5,4.0,1.0,3.0,10427.0,1918.0,6762.0,1140.0,0.65,0.0,0.59,0.0,41.093296089385476,0,3.0,3.0,4.0,4.0,0.0,0.0,0.0,0.0
CO,2021-02-20,2021,7,28,3.0,0.0,1.0,0.0,2.5,4.0,1.0,3.0,10433.0,1920.0,6753.0,1137.0,0.65,0.0,0.59,0.0,41.093296089385476,0,3.0,3.0,4.0,3.0,0.0,0.0,0.0,0.0
CO,2021-02-27,2021,8,29,2.0,0.0,0.0,0.0,2.5,4.0,1.0,3.0,10995.0,2025.0,7171.0,1210.0,0.65,0.0,0.6,0.0,41.093296089385476,0,3.0,3.0,3.0,4.0,0.0,0.0,0.0,0.0
CO,2021-03-06,2021,9,30,3.0,0.0,8.0,0.0,2.5,4.0,1.0,3.0,10457.0,1872.0,6729.0,1140.0,0.64,0.0,0.61,0.0,41.093296089385476,0,2.0,3.0,3.0,3.0,0.0,0.0,0.0,0.0
CO,2021-03-13,2021,10,31,3.0,0.0,2.0,0.0,2.5,4.0,1.0,3.0,10468.0,1865.0,6781.0,1159.0,0.65,0.0,0.62,0.0,41.093296089385476,0,3.0,2.0,3.0,4.0,0.0,0.0,0.0,0.0
CO,2021-03-20,2021,11,32,2.0,0.0,0.0,0.0,2.5,4.0,1.0,3.0,10464.0,1861.0,6598.0,1150.0,0.63,0.0,0.62,0.0,41.093296089385476,0,3.0,3.0,3.0,4.0,0.0,0.0,0.0,0.0
CO,2021-03-27,2021,12,33,0.0,0.0,1.0,0.0,2.5,4.0,1.0,3.0,10481.0,1864.0,6787.0,1138.0,0.65,0.0,0.61,0.0,41.093296089385476,0,2.0,3.0,2.0,3.0,0.0,0.0,0.0,0.0
CO,2021-04-03,2021,13,34,0.0,0.0,0.0,0.0,2.5,4.0,1.0,3.0,10465.0,1859.0,6655.0,1100.0,0.64,0.0,0.59,0.0,41.093296089385476,0,0.0,2.0,3.0,3.0,0.0,0.0,0.0,0.0
CO,2021-04-10,2021,14,35,0.0,0.0,1.0,0.0,2.5,4.0,1.0,3.0,10484.0,1859.0,6819.0,1133.0,0.65,0.0,0.61,0.0,41.093296089385476,0,0.0,0.0,3.0,3.0,0.0,0.0,0.0,0.0
CO,2021-04-17,2021,15,36,0.0,0.0,0.0,0.0,2.5,4.0,1.0,3.0,10499.0,1863.0,6875.0,1133.0,0.65,0.0,0.61,0.0,41.093296089385476,0,0.0,0.0,2.0,3.0,0.0,0.0,0.0,0.0
CO,2021-04-24,2021,16,37,0.0,0.0,1.0,0.0,2.5,4.0,1.0,3.0,10484.0,1898.0,7201.0,1228.0,0.69,0.0,0.65,0.0,41.093296089385476,0,0.0,0.0,0.0,2.0,0.0,0.0,0.0,0.0
CO,2021-05-01,2021,17,38,0.0,0.0,0.0,0.0,2.5,4.0,1.0,3.0,10472.0,1883.0,7095.0,1267.0,0.68,0.0,0.67,0.0,41.093296089385476,0,0.0,0.0,0.0,3.0,0.0,0.0,0.0,0.0
CO,2021-05-08,2021,18,39,0.0,0.0,0.0,0.0,2.5,4.0,1.0,3.0,10421.0,1868.0,6899.0,1259.0,0.66,0.0,0.67,0.0,41.093296089385476,0,0.0,0.0,0.0,3.0,0.0,0.0,0.0,0.0
CO,2021-05-15,2021,19,40,0.0,0.0,0.0,0.0,2.5,4.0,1.0,3.0,10458.0,1879.0,6877.0,1227.0,0.66,0.0,0.65,0.0,41.093296089385476,0,0.0,0.0,0.0,2.0,0.0,0.0,0.0,0.0
CO,2021-05-22,2021,20,41,1.0,0.0,1.0,0.0,2.5,4.0,1.0,3.0,10283.0,1820.0,6791.0,1208.0,0.66,0.0,0.66,0.0,41.093296089385476,0,0.0,0.0,0.0,0.0,0.0,0.0,0.0,0.0
CO,2021-05-29,2021,21,42,1.0,0.0,1.0,0.0,2.5,4.0,1.0,3.0,10282.0,1826.0,6914.0,1221.0,0.67,0.0,0.67,0.0,41.093296089385476,0,1.0,0.0,0.0,0.0,0.0,0.0,0.0,0.0
CO,2021-06-05,2021,22,43,1.0,0.0,0.0,0.0,2.5,4.0,1.0,3.0,10254.0,1839.0,6682.0,1194.0,0.65,0.0,0.65,0.0,41.093296089385476,0,1.0,1.0,0.0,0.0,0.0,0.0,0.0,0.0
CO,2021-06-12,2021,23,44,1.0,0.0,0.0,0.0,2.5,4.0,1.0,3.0,10203.0,1826.0,6865.0,1215.0,0.67,0.0,0.67,0.0,41.093296089385476,0,1.0,1.0,0.0,0.0,0.0,0.0,0.0,0.0
CO,2021-06-19,2021,24,45,0.0,0.0,0.0,0.0,2.5,4.0,1.0,3.0,10207.0,1843.0,6806.0,1197.0,0.67,0.0,0.65,0.0,41.093296089385476,0,1.0,1.0,1.0,0.0,0.0,0.0,0.0,0.0
CO,2021-06-26,2021,25,46,0.0,0.0,0.0,0.0,2.5,4.0,1.0,3.0,10186.0,1811.0,6711.0,1166.0,0.66,0.0,0.64,0.0,41.093296089385476,0,0.0,1.0,1.0,0.0,0.0,0.0,0.0,0.0
CO,2021-07-03,2021,26,47,0.0,0.0,1.0,0.0,2.5,4.0,1.0,3.0,10183.0,1808.0,6833.0,1191.0,0.67,0.0,0.66,0.0,41.093296089385476,0,0.0,0.0,1.0,0.0,0.0,0.0,0.0,0.0
CO,2021-07-10,2021,27,48,0.0,0.0,0.0,0.0,2.5,4.0,1.0,3.0,10187.0,1815.0,6774.0,1200.0,0.66,0.0,0.66,0.0,41.093296089385476,0,0.0,0.0,1.0,0.0,0.0,0.0,0.0,0.0
CO,2021-07-17,2021,28,49,0.0,0.0,0.0,0.0,2.5,4.0,1.0,3.0,10209.0,1828.0,6902.0,1228.0,0.68,0.0,0.67,0.0,41.093296089385476,0,0.0,0.0,0.0,1.0,0.0,0.0,0.0,0.0
CO,2021-07-24,2021,29,50,0.0,0.0,0.0,0.0,2.5,4.0,1.0,3.0,10209.0,1874.0,6769.0,1181.0,0.66,0.0,0.63,0.0,41.093296089385476,0,0.0,0.0,0.0,1.0,0.0,0.0,0.0,0.0
CO,2021-07-31,2021,30,51,0.0,0.0,0.0,0.0,2.5,4.0,1.0,3.0,10207.0,1870.0,6822.0,1201.0,0.67,0.0,0.64,0.0,41.093296089385476,0,0.0,0.0,0.0,1.0,0.0,0.0,0.0,0.0
CO,2021-08-07,2021,31,52,0.0,0.0,1.0,0.0,2.5,4.0,1.0,3.0,10206.0,1877.0,6852.0,1227.0,0.67,0.0,0.65,0.0,41.093296089385476,0,0.0,0.0,0.0,1.0,0.0,0.0,0.0,0.0
CO,2021-08-14,2021,32,53,0.0,0.0,0.0,0.0,2.5,4.0,1.0,3.0,10213.0,1899.0,6962.0,1262.0,0.68,0.0,0.66,0.0,41.093296089385476,0,0.0,0.0,0.0,0.0,0.0,0.0,0.0,0.0
CO,2021-08-21,2021,33,54,0.0,0.0,0.0,0.0,2.5,4.0,1.0,3.0,10283.0,1868.0,7004.0,1253.0,0.68,0.0,0.67,0.0,41.093296089385476,0,0.0,0.0,0.0,0.0,0.0,0.0,0.0,0.0
CO,2021-08-28,2021,34,55,0.0,0.0,1.0,0.0,2.5,4.0,1.0,3.0,10326.0,1871.0,7015.0,1271.0,0.68,0.0,0.68,0.0,41.093296089385476,0,0.0,0.0,0.0,0.0,0.0,0.0,0.0,0.0
CO,2021-09-04,2021,35,56,1.0,0.0,3.0,0.0,2.5,4.0,1.0,3.0,10362.0,1940.0,7161.0,1307.0,0.69,0.0,0.67,0.0,41.093296089385476,0,0.0,0.0,0.0,0.0,0.0,0.0,0.0,0.0
CO,2021-09-11,2021,36,57,0.0,0.0,2.0,0.0,2.5,4.0,1.0,3.0,10395.0,1878.0,7103.0,1322.0,0.68,0.0,0.7,0.0,41.093296089385476,0,1.0,0.0,0.0,0.0,0.0,0.0,0.0,0.0
CO,2021-09-18,2021,37,58,0.0,0.0,0.0,0.0,2.5,4.0,1.0,3.0,10476.0,1812.0,7340.0,1282.0,0.7,0.0,0.71,0.0,41.093296089385476,0,0.0,1.0,0.0,0.0,0.0,0.0,0.0,0.0
CO,2021-09-25,2021,38,59,0.0,0.0,0.0,0.0,2.5,4.0,1.0,3.0,10463.0,1803.0,7256.0,1263.0,0.69,0.0,0.7,0.0,41.093296089385476,0,0.0,0.0,0.0,0.0,0.0,0.0,0.0,0.0
CO,2021-10-02,2021,39,60,0.0,0.0,0.0,0.0,2.5,4.0,1.0,3.0,10418.0,1808.0,7276.0,1315.0,0.7,0.0,0.73,0.0,41.093296089385476,0,0.0,0.0,1.0,0.0,0.0,0.0,0.0,0.0
CO,2021-10-09,2021,40,61,0.0,0.0,1.0,0.0,2.5,4.0,1.0,3.0,10435.0,1801.0,7364.0,1378.0,0.71,0.0,0.77,0.0,41.093296089385476,0,0.0,0.0,0.0,0.0,0.0,0.0,0.0,0.0
CO,2021-10-16,2021,41,62,1.0,0.0,0.0,0.0,2.5,4.0,1.0,3.0,10426.0,1821.0,7366.0,1362.0,0.71,0.0,0.75,0.0,41.093296089385476,0,0.0,0.0,0.0,0.0,0.0,0.0,0.0,0.0
CO,2021-10-23,2021,42,63,0.0,0.0,0.0,0.0,2.5,4.0,1.0,3.0,10397.0,1785.0,7467.0,1387.0,0.72,0.0,0.78,0.0,41.093296089385476,0,1.0,0.0,0.0,0.0,0.0,0.0,0.0,0.0
CO,2021-10-30,2021,43,64,1.0,0.0,2.0,0.0,2.5,4.0,1.0,3.0,10411.0,1811.0,7572.0,1417.0,0.73,0.0,0.78,0.0,41.093296089385476,0,0.0,1.0,0.0,1.0,0.0,0.0,0.0,0.0
CO,2021-11-06,2021,44,65,2.0,1.0,4.0,0.0,2.5,4.0,1.0,3.0,10452.0,1802.0,7627.0,1412.0,0.73,0.0,0.78,0.0,41.093296089385476,0,1.0,0.0,0.0,0.0,0.0,0.0,0.0,0.0
CO,2021-11-13,2021,45,66,2.0,0.0,3.0,0.0,2.5,4.0,1.0,3.0,10492.0,1795.0,7676.0,1387.0,0.73,0.0,0.77,0.0,41.093296089385476,0,2.0,1.0,1.0,0.0,0.0,0.0,0.0,0.0
CO,2021-11-20,2021,46,67,2.0,0.0,2.0,0.0,2.5,4.0,1.0,3.0,10369.0,1777.0,7615.0,1320.0,0.73,0.0,0.74,0.0,41.093296089385476,0,2.0,2.0,0.0,0.0,0.0,0.0,0.0,0.0
CO,2021-11-27,2021,47,68,5.0,0.0,4.0,0.0,2.5,4.0,1.0,3.0,10413.0,1796.0,7383.0,1319.0,0.71,0.0,0.73,0.0,41.093296089385476,0,2.0,2.0,1.0,0.0,0.0,0.0,0.0,0.0
CO,2021-12-04,2021,48,69,9.0,0.0,16.0,0.0,2.5,4.0,1.0,3.0,10465.0,1792.0,7588.0,1304.0,0.73,0.0,0.73,0.0,41.093296089385476,0,5.0,2.0,2.0,0.0,0.0,0.0,0.0,0.0
CO,2021-12-11,2021,49,70,9.0,0.0,26.0,0.0,2.5,4.0,1.0,3.0,10471.0,1785.0,7731.0,1327.0,0.74,0.0,0.74,0.0,41.093296089385476,0,9.0,5.0,2.0,1.0,0.0,0.0,0.0,0.0
CO,2021-12-18,2021,50,71,9.0,0.0,32.0,0.0,2.5,4.0,1.0,3.0,10414.0,1749.0,7515.0,1279.0,0.72,0.0,0.73,0.0,41.093296089385476,0,9.0,9.0,2.0,0.0,0.0,0.0,0.0,0.0
CO,2021-12-25,2021,51,72,16.0,1.0,47.0,0.0,2.5,4.0,1.0,3.0,10361.0,1733.0,7076.0,1191.0,0.68,0.0,0.69,0.0,41.093296089385476,0,9.0,9.0,5.0,1.0,0.0,0.0,0.0,0.0
CO,2022-01-01,2022,52,73,22.0,1.0,65.0,0.0,2.5,4.0,1.0,3.0,10300.0,1734.0,7024.0,1194.0,0.68,0.0,0.69,0.0,39.533879781420765,0,16.0,9.0,9.0,2.0,0.0,0.0,0.0,0.0
CO,2022-01-08,2022,1,74,16.0,3.0,29.0,0.0,2.5,4.0,1.0,3.0,10272.0,1757.0,7164.0,1246.0,0.7,0.0,0.71,0.0,39.533879781420765,0,22.0,16.0,9.0,2.0,0.0,0.0,0.0,0.0
CO,2022-01-15,2022,2,75,13.0,3.0,24.0,0.0,2.5,4.0,1.0,3.0,10298.0,1770.0,7386.0,1267.0,0.72,0.0,0.72,0.0,39.533879781420765,0,16.0,22.0,9.0,2.0,0.0,0.0,0.0,0.0
CO,2022-01-22,2022,3,76,14.0,4.0,9.0,0.0,2.5,4.0,1.0,3.0,10429.0,1808.0,7358.0,1276.0,0.71,0.0,0.71,0.0,39.533879781420765,0,13.0,16.0,16.0,5.0,0.0,0.0,0.0,0.0
CO,2022-01-29,2022,4,77,9.0,5.0,9.0,0.0,2.5,4.0,1.0,3.0,10438.0,1799.0,7397.0,1260.0,0.71,0.0,0.7,0.0,39.533879781420765,0,14.0,13.0,22.0,9.0,0.0,0.0,0.0,0.0
CO,2022-02-05,2022,5,78,7.0,3.0,12.0,0.0,2.5,4.0,1.0,3.0,10392.0,1786.0,7216.0,1174.0,0.69,0.0,0.66,0.0,39.533879781420765,0,9.0,14.0,16.0,9.0,0.0,0.0,0.0,0.0
CO,2022-02-12,2022,6,79,10.0,3.0,27.0,0.0,2.5,4.0,1.0,3.0,10384.0,1777.0,7171.0,1102.0,0.69,0.0,0.62,0.0,39.533879781420765,0,7.0,9.0,13.0,9.0,0.0,0.0,0.0,0.0
CO,2022-02-19,2022,7,80,7.0,2.0,16.0,0.0,2.5,4.0,1.0,3.0,10361.0,1767.0,7040.0,1064.0,0.68,0.0,0.6,0.0,39.533879781420765,0,10.0,7.0,14.0,16.0,0.0,0.0,0.0,0.0
CO,2022-02-26,2022,8,81,9.0,1.0,24.0,0.0,2.5,4.0,1.0,3.0,10354.0,1775.0,7036.0,1028.0,0.68,0.0,0.58,0.0,39.533879781420765,0,7.0,10.0,9.0,22.0,0.0,0.0,0.0,0.0
CO,2022-03-05,2022,9,82,7.0,1.0,21.0,0.0,2.5,4.0,1.0,3.0,10987.0,1755.0,6955.0,996.0,0.63,0.0,0.57,0.0,39.533879781420765,0,9.0,7.0,7.0,16.0,0.0,0.0,0.0,0.0
CO,2022-03-12,2022,10,83,12.0,3.0,38.0,0.0,2.5,4.0,1.0,3.0,10339.0,1730.0,6972.0,987.0,0.67,0.0,0.57,0.0,39.533879781420765,0,7.0,9.0,10.0,13.0,0.0,0.0,0.0,0.0
CO,2022-03-19,2022,11,84,18.0,4.0,55.0,0.0,2.5,4.0,1.0,3.0,10569.0,1730.0,6872.0,980.0,0.65,0.0,0.57,0.0,39.533879781420765,0,12.0,7.0,7.0,14.0,0.0,0.0,0.0,0.0
CO,2022-03-26,2022,12,85,23.0,4.0,82.0,0.0,2.5,4.0,1.0,3.0,10365.0,1733.0,6782.0,931.0,0.65,0.0,0.54,0.0,39.533879781420765,0,18.0,12.0,9.0,9.0,0.0,0.0,0.0,0.0
CO,2022-04-02,2022,13,86,38.0,7.0,121.0,0.0,2.5,4.0,1.0,3.0,10326.0,1729.0,6809.0,926.0,0.66,0.0,0.54,0.0,39.533879781420765,0,23.0,18.0,7.0,7.0,0.0,0.0,0.0,0.0
CO,2022-04-09,2022,14,87,34.0,4.0,104.0,0.0,2.5,4.0,1.0,3.0,10301.0,1692.0,6813.0,951.0,0.66,0.0,0.56,0.0,39.533879781420765,0,38.0,23.0,12.0,10.0,0.0,0.0,0.0,0.0
CO,2022-04-16,2022,15,88,48.0,4.0,139.0,0.0,2.5,4.0,1.0,3.0,10245.0,1614.0,6820.0,961.0,0.67,0.0,0.6,0.0,39.533879781420765,1,34.0,38.0,18.0,7.0,0.0,0.0,0.0,0.0
CO,2022-04-23,2022,16,89,62.0,6.0,179.0,0.0,2.5,4.0,1.0,3.0,10271.0,1597.0,6853.0,949.0,0.67,0.01,0.59,0.0,39.533879781420765,1,48.0,34.0,23.0,9.0,0.0,0.0,0.0,0.0
CO,2022-04-30,2022,17,90,60.0,8.0,163.0,0.0,2.5,4.0,1.0,3.0,10243.0,1602.0,6835.0,961.0,0.67,0.01,0.6,0.0,39.533879781420765,1,62.0,48.0,38.0,7.0,0.01,0.0,0.0,0.0
CO,2022-05-07,2022,18,91,80.0,10.0,258.0,0.0,2.5,4.0,1.0,3.0,10256.0,1609.0,6934.0,965.0,0.68,0.01,0.6,0.01,39.533879781420765,1,60.0,62.0,34.0,12.0,0.01,0.01,0.0,0.0
CO,2022-05-14,2022,19,92,54.0,4.0,173.0,0.0,2.5,4.0,1.0,3.0,10247.0,1600.0,6897.0,968.0,0.67,0.01,0.61,0.0,39.533879781420765,1,80.0,60.0,48.0,18.0,0.01,0.01,0.0,0.0
CO,2022-05-21,2022,20,93,34.0,3.0,120.0,0.0,2.5,4.0,1.0,3.0,10249.0,1603.0,6751.0,941.0,0.66,0.0,0.59,0.0,39.533879781420765,0,54.0,80.0,62.0,23.0,0.01,0.01,0.01,0.0
CO,2022-05-28,2022,21,94,42.0,5.0,87.0,0.0,2.5,4.0,1.0,3.0,10244.0,1605.0,6700.0,972.0,0.65,0.0,0.61,0.0,39.533879781420765,0,34.0,54.0,60.0,38.0,0.0,0.01,0.01,0.0
CO,2022-06-04,2022,22,95,34.0,6.0,75.0,0.0,2.5,4.0,1.0,3.0,10199.0,1606.0,6668.0,952.0,0.65,0.0,0.59,0.0,39.533879781420765,0,42.0,34.0,80.0,34.0,0.0,0.0,0.01,0.0
CO,2022-06-11,2022,23,96,25.0,2.0,39.0,0.0,2.5,4.0,1.0,3.0,10154.0,1611.0,6971.0,1025.0,0.69,0.0,0.64,0.0,39.533879781420765,0,34.0,42.0,54.0,48.0,0.0,0.0,0.01,0.0
CO,2022-06-18,2022,24,97,14.0,1.0,25.0,0.0,2.5,4.0,1.0,3.0,10165.0,1620.0,6811.0,983.0,0.67,0.0,0.61,0.0,39.533879781420765,0,25.0,34.0,34.0,62.0,0.0,0.0,0.0,0.01
CO,2022-06-25,2022,25,98,3.0,0.0,9.0,0.0,2.5,4.0,1.0,3.0,10183.0,1617.0,6887.0,1005.0,0.68,0.0,0.62,0.0,39.533879781420765,0,14.0,25.0,42.0,60.0,0.0,0.0,0.0,0.01
CO,2022-07-02,2022,26,99,5.0,1.0,13.0,0.0,2.5,4.0,1.0,3.0,10150.0,1609.0,6782.0,976.0,0.67,0.0,0.61,0.0,39.533879781420765,0,3.0,14.0,34.0,80.0,0.0,0.0,0.0,0.01
CO,2022-07-09,2022,27,100,8.0,1.0,11.0,0.0,2.5,4.0,1.0,3.0,10277.0,1632.0,6901.0,990.0,0.67,0.0,0.61,0.0,39.533879781420765,0,5.0,3.0,25.0,54.0,0.0,0.0,0.0,0.01
CO,2022-07-16,2022,28,101,5.0,1.0,9.0,0.0,2.5,4.0,1.0,3.0,10342.0,1641.0,7125.0,1000.0,0.69,0.0,0.61,0.0,39.533879781420765,0,8.0,5.0,14.0,34.0,0.0,0.0,0.0,0.0
CO,2022-07-23,2022,29,102,3.0,1.0,9.0,0.0,2.5,4.0,1.0,3.0,10182.0,1619.0,6869.0,972.0,0.67,0.0,0.6,0.0,39.533879781420765,0,5.0,8.0,3.0,42.0,0.0,0.0,0.0,0.0
CO,2022-07-30,2022,30,103,2.0,0.0,8.0,0.0,2.5,4.0,1.0,3.0,10160.0,1619.0,6861.0,984.0,0.68,0.0,0.61,0.0,39.533879781420765,0,3.0,5.0,5.0,34.0,0.0,0.0,0.0,0.0
CO,2022-08-06,2022,31,104,2.0,0.0,12.0,0.0,2.5,4.0,1.0,3.0,10201.0,1641.0,6702.0,979.0,0.66,0.0,0.6,0.0,39.533879781420765,0,2.0,3.0,8.0,25.0,0.0,0.0,0.0,0.0
CO,2022-08-13,2022,32,105,1.0,0.0,10.0,0.0,2.5,4.0,1.0,3.0,10167.0,1642.0,6720.0,974.0,0.66,0.0,0.59,0.0,39.533879781420765,0,2.0,2.0,5.0,14.0,0.0,0.0,0.0,0.0
CO,2022-08-20,2022,33,106,2.0,0.0,10.0,0.0,2.5,4.0,1.0,3.0,10143.0,1611.0,6812.0,956.0,0.67,0.0,0.59,0.0,39.533879781420765,0,1.0,2.0,3.0,3.0,0.0,0.0,0.0,0.0
CO,2022-08-27,2022,34,107,1.0,0.0,1.0,0.0,2.5,4.0,1.0,3.0,10125.0,1609.0,6904.0,978.0,0.68,0.0,0.61,0.0,39.533879781420765,0,2.0,1.0,2.0,5.0,0.0,0.0,0.0,0.0
CO,2022-09-03,2022,35,108,1.0,0.0,1.0,0.0,2.5,4.0,1.0,3.0,10119.0,1610.0,6953.0,978.0,0.69,0.0,0.61,0.0,39.533879781420765,0,1.0,2.0,2.0,8.0,0.0,0.0,0.0,0.0
CO,2022-09-10,2022,36,109,0.0,0.0,2.0,0.0,2.5,4.0,1.0,3.0,10122.0,1612.0,6784.0,952.0,0.67,0.0,0.59,0.0,39.533879781420765,0,1.0,1.0,1.0,5.0,0.0,0.0,0.0,0.0
CO,2022-09-17,2022,37,110,3.0,1.0,3.0,0.0,2.5,4.0,1.0,3.0,10119.0,1612.0,6922.0,963.0,0.68,0.0,0.6,0.0,39.533879781420765,0,0.0,1.0,2.0,3.0,0.0,0.0,0.0,0.0
CO,2022-09-24,2022,38,111,2.0,1.0,4.0,0.0,2.5,4.0,1.0,3.0,10136.0,1619.0,6930.0,962.0,0.68,0.0,0.59,0.0,39.533879781420765,0,3.0,0.0,1.0,2.0,0.0,0.0,0.0,0.0
CO,2022-10-01,2022,39,112,1.0,0.0,3.0,0.0,2.5,4.0,1.0,3.0,10138.0,1619.0,6954.0,983.0,0.69,0.0,0.61,0.0,39.533879781420765,0,2.0,3.0,1.0,2.0,0.0,0.0,0.0,0.0
CO,2022-10-08,2022,40,113,1.0,0.0,2.0,0.0,2.5,4.0,1.0,3.0,10144.0,1615.0,6963.0,983.0,0.69,0.0,0.61,0.0,39.533879781420765,0,1.0,2.0,0.0,1.0,0.0,0.0,0.0,0.0
CO,2022-10-15,2022,41,114,2.0,0.0,3.0,0.0,2.5,4.0,1.0,3.0,10140.0,1616.0,6952.0,979.0,0.69,0.0,0.61,0.0,39.533879781420765,0,1.0,1.0,3.0,2.0,0.0,0.0,0.0,0.0
CO,2022-10-22,2022,42,115,4.0,0.0,14.0,0.0,2.5,4.0,1.0,3.0,10138.0,1617.0,6951.0,984.0,0.69,0.0,0.61,0.0,39.533879781420765,0,2.0,1.0,2.0,1.0,0.0,0.0,0.0,0.0
CO,2022-10-29,2022,43,116,10.0,2.0,27.0,0.0,2.5,4.0,1.0,3.0,10149.0,1620.0,7103.0,1015.0,0.7,0.0,0.63,0.0,39.533879781420765,0,4.0,2.0,1.0,1.0,0.0,0.0,0.0,0.0
CO,2022-11-05,2022,44,117,20.0,3.0,35.0,0.0,2.5,4.0,1.0,3.0,10155.0,1618.0,7154.0,1001.0,0.7,0.0,0.62,0.0,39.533879781420765,0,10.0,4.0,1.0,0.0,0.0,0.0,0.0,0.0
CO,2022-11-12,2022,45,118,22.0,3.0,58.0,0.0,2.5,4.0,1.0,3.0,10151.0,1623.0,7297.0,998.0,0.72,0.0,0.61,0.0,39.533879781420765,0,20.0,10.0,2.0,3.0,0.0,0.0,0.0,0.0
CO,2022-11-19,2022,46,119,43.0,7.0,107.0,0.0,2.5,4.0,1.0,3.0,10170.0,1629.0,7286.0,1010.0,0.72,0.0,0.62,0.0,39.533879781420765,0,22.0,20.0,4.0,2.0,0.0,0.0,0.0,0.0
CO,2022-11-26,2022,47,120,82.0,9.0,157.0,0.0,2.5,4.0,1.0,3.0,10222.0,1629.0,7064.0,993.0,0.69,0.01,0.61,0.01,39.533879781420765,1,43.0,22.0,10.0,1.0,0.0,0.0,0.0,0.0
CO,2022-12-03,2022,48,121,131.0,14.0,163.0,0.0,2.5,4.0,1.0,3.0,10251.0,1638.0,7453.0,1043.0,0.73,0.01,0.64,0.01,39.533879781420765,1,82.0,43.0,20.0,1.0,0.01,0.0,0.0,0.0
CO,2022-12-10,2022,49,122,135.0,18.0,235.0,0.0,2.5,4.0,1.0,3.0,10215.0,1629.0,7442.0,1040.0,0.73,0.01,0.64,0.01,39.533879781420765,1,131.0,82.0,22.0,2.0,0.01,0.01,0.0,0.0
CO,2022-12-17,2022,50,123,167.0,22.0,255.0,0.0,2.5,4.0,1.0,3.0,10379.0,1649.0,7533.0,1045.0,0.73,0.02,0.63,0.01,39.533879781420765,1,135.0,131.0,43.0,4.0,0.01,0.01,0.0,0.0
CO,2022-12-24,2022,51,124,158.0,23.0,399.0,0.0,2.5,4.0,1.0,3.0,10411.0,1610.0,6996.0,1018.0,0.67,0.02,0.63,0.01,39.533879781420765,1,167.0,135.0,82.0,10.0,0.02,0.01,0.01,0.0
CO,2022-12-31,2022,52,125,177.0,29.0,315.0,0.0,2.5,4.0,1.0,3.0,10861.0,1594.0,6815.0,988.0,0.63,0.02,0.62,0.02,39.533879781420765,1,158.0,167.0,131.0,20.0,0.02,0.02,0.01,0.0
CT,2020-10-03,2020,40,8,0.0,0.0,0.0,0.0,0.5,0.0,0.0,3.0,8196.0,1398.0,6114.0,727.0,0.75,0.0,0.52,0.0,42.81219512195122,0,0.0,4.0,4.0,4.0,0.0,0.0,0.0,0.0
CT,2020-10-10,2020,41,9,0.0,0.0,0.0,0.0,0.5,0.0,0.0,3.0,8182.0,1400.0,6073.0,720.0,0.74,0.0,0.51,0.0,42.81219512195122,0,0.0,0.0,4.0,4.0,0.0,0.0,0.0,0.0
CT,2020-10-17,2020,42,10,0.0,0.0,0.0,0.0,0.5,0.0,0.0,3.0,8198.0,1403.0,5944.0,717.0,0.73,0.0,0.51,0.0,42.81219512195122,0,0.0,0.0,4.0,4.0,0.0,0.0,0.0,0.0
CT,2020-10-24,2020,43,11,0.0,0.0,0.0,0.0,0.5,0.0,0.0,3.0,8204.0,1398.0,5939.0,703.0,0.72,0.0,0.5,0.0,42.81219512195122,0,0.0,0.0,0.0,4.0,0.0,0.0,0.0,0.0
CT,2020-10-31,2020,44,12,0.0,0.0,0.0,0.0,0.5,0.0,0.0,3.0,8244.0,1397.0,5948.0,707.0,0.72,0.0,0.51,0.0,42.81219512195122,0,0.0,0.0,0.0,4.0,0.0,0.0,0.0,0.0
CT,2020-11-07,2020,45,13,0.0,0.0,0.0,0.0,0.5,0.0,0.0,3.0,8226.0,1403.0,5790.0,730.0,0.7,0.0,0.52,0.0,42.81219512195122,0,0.0,0.0,0.0,4.0,0.0,0.0,0.0,0.0
CT,2020-11-14,2020,46,14,1.0,1.0,1.0,0.0,0.5,0.0,0.0,3.0,8251.0,1405.0,6057.0,738.0,0.73,0.0,0.53,0.0,42.81219512195122,0,0.0,0.0,0.0,4.0,0.0,0.0,0.0,0.0
CT,2020-11-21,2020,47,15,2.0,1.0,2.0,0.0,0.5,0.0,0.0,3.0,8272.0,1405.0,5975.0,755.0,0.72,0.0,0.54,0.0,42.81219512195122,0,1.0,0.0,0.0,0.0,0.0,0.0,0.0,0.0
CT,2020-11-28,2020,48,16,1.0,1.0,0.0,0.0,0.5,0.0,0.0,3.0,8267.0,1405.0,5871.0,791.0,0.71,0.0,0.56,0.0,42.81219512195122,0,2.0,1.0,0.0,0.0,0.0,0.0,0.0,0.0
CT,2020-12-05,2020,49,17,2.0,1.0,2.0,0.0,0.5,0.0,0.0,3.0,8256.0,1437.0,6151.0,811.0,0.75,0.0,0.56,0.0,42.81219512195122,0,1.0,2.0,0.0,0.0,0.0,0.0,0.0,0.0
CT,2020-12-12,2020,50,18,2.0,1.0,0.0,0.0,0.5,0.0,0.0,3.0,8226.0,1459.0,6128.0,836.0,0.74,0.0,0.57,0.0,42.81219512195122,0,2.0,1.0,1.0,0.0,0.0,0.0,0.0,0.0
CT,2020-12-19,2020,51,19,2.0,1.0,3.0,0.0,0.5,0.0,0.0,3.0,8149.0,1455.0,6045.0,835.0,0.74,0.0,0.57,0.0,42.81219512195122,0,2.0,2.0,2.0,0.0,0.0,0.0,0.0,0.0
CT,2020-12-26,2020,52,20,1.0,1.0,0.0,0.0,0.5,0.0,0.0,3.0,7960.0,1437.0,5787.0,826.0,0.73,0.0,0.57,0.0,42.81219512195122,0,2.0,2.0,1.0,0.0,0.0,0.0,0.0,0.0
CT,2021-01-02,2021,53,21,1.0,1.0,1.0,0.0,0.5,0.0,0.0,3.0,7864.0,1431.0,5870.0,822.0,0.75,0.0,0.57,0.0,43.39673913043478,0,1.0,2.0,2.0,0.0,0.0,0.0,0.0,0.0
CT,2021-01-09,2021,1,22,1.0,1.0,1.0,0.0,0.5,0.0,0.0,3.0,7858.0,1418.0,6137.0,827.0,0.78,0.0,0.58,0.0,43.39673913043478,0,1.0,1.0,2.0,1.0,0.0,0.0,0.0,0.0
CT,2021-01-16,2021,2,23,2.0,1.0,1.0,0.0,0.5,0.0,0.0,3.0,7843.0,1413.0,6207.0,846.0,0.79,0.0,0.6,0.0,43.39673913043478,0,1.0,1.0,2.0,2.0,0.0,0.0,0.0,0.0
CT,2021-01-23,2021,3,24,2.0,0.0,0.0,0.0,0.5,0.0,0.0,3.0,7850.0,1412.0,6236.0,870.0,0.79,0.0,0.62,0.0,43.39673913043478,0,2.0,1.0,1.0,1.0,0.0,0.0,0.0,0.0
CT,2021-01-30,2021,4,25,1.0,0.0,0.0,0.0,0.5,0.0,0.0,3.0,7827.0,1408.0,6239.0,867.0,0.8,0.0,0.62,0.0,43.39673913043478,0,2.0,2.0,1.0,2.0,0.0,0.0,0.0,0.0
CT,2021-02-06,2021,5,26,1.0,0.0,0.0,0.0,0.5,0.0,0.0,3.0,7819.0,1410.0,6133.0,851.0,0.78,0.0,0.6,0.0,43.39673913043478,0,1.0,2.0,1.0,2.0,0.0,0.0,0.0,0.0
CT,2021-02-13,2021,6,27,0.0,0.0,0.0,0.0,0.5,0.0,0.0,3.0,7806.0,1415.0,6162.0,857.0,0.79,0.0,0.61,0.0,43.39673913043478,0,1.0,1.0,2.0,2.0,0.0,0.0,0.0,0.0
CT,2021-02-20,2021,7,28,0.0,0.0,0.0,0.0,0.5,0.0,0.0,3.0,7794.0,1406.0,6020.0,827.0,0.77,0.0,0.59,0.0,43.39673913043478,0,0.0,1.0,2.0,1.0,0.0,0.0,0.0,0.0
CT,2021-02-27,2021,8,29,0.0,0.0,0.0,0.0,0.5,0.0,0.0,3.0,7811.0,1403.0,6065.0,803.0,0.78,0.0,0.57,0.0,43.39673913043478,0,0.0,0.0,1.0,1.0,0.0,0.0,0.0,0.0
CT,2021-03-06,2021,9,30,0.0,0.0,0.0,0.0,0.5,0.0,0.0,3.0,7814.0,1404.0,6062.0,806.0,0.78,0.0,0.57,0.0,43.39673913043478,0,0.0,0.0,1.0,1.0,0.0,0.0,0.0,0.0
CT,2021-03-13,2021,10,31,0.0,0.0,0.0,0.0,0.5,0.0,0.0,3.0,7790.0,1401.0,6028.0,780.0,0.77,0.0,0.56,0.0,43.39673913043478,0,0.0,0.0,0.0,2.0,0.0,0.0,0.0,0.0
CT,2021-03-20,2021,11,32,0.0,0.0,0.0,0.0,0.5,0.0,0.0,3.0,7799.0,1407.0,5997.0,795.0,0.77,0.0,0.56,0.0,43.39673913043478,0,0.0,0.0,0.0,2.0,0.0,0.0,0.0,0.0
CT,2021-03-27,2021,12,33,0.0,0.0,0.0,0.0,0.5,0.0,0.0,3.0,7835.0,1411.0,6151.0,816.0,0.78,0.0,0.58,0.0,43.39673913043478,0,0.0,0.0,0.0,1.0,0.0,0.0,0.0,0.0
CT,2021-04-03,2021,13,34,0.0,0.0,0.0,0.0,0.5,0.0,0.0,3.0,7807.0,1405.0,6123.0,814.0,0.78,0.0,0.58,0.0,43.39673913043478,0,0.0,0.0,0.0,1.0,0.0,0.0,0.0,0.0
CT,2021-04-10,2021,14,35,0.0,0.0,0.0,0.0,0.5,0.0,0.0,3.0,7830.0,1393.0,6085.0,804.0,0.78,0.0,0.58,0.0,43.39673913043478,0,0.0,0.0,0.0,0.0,0.0,0.0,0.0,0.0
CT,2021-04-17,2021,15,36,0.0,0.0,0.0,0.0,0.5,0.0,0.0,3.0,7834.0,1394.0,6218.0,812.0,0.79,0.0,0.58,0.0,43.39673913043478,0,0.0,0.0,0.0,0.0,0.0,0.0,0.0,0.0
CT,2021-04-24,2021,16,37,0.0,0.0,0.0,0.0,0.5,0.0,0.0,3.0,7819.0,1391.0,6341.0,818.0,0.81,0.0,0.59,0.0,43.39673913043478,0,0.0,0.0,0.0,0.0,0.0,0.0,0.0,0.0
CT,2021-05-01,2021,17,38,0.0,0.0,0.0,0.0,0.5,0.0,0.0,3.0,7801.0,1392.0,6271.0,812.0,0.8,0.0,0.58,0.0,43.39673913043478,0,0.0,0.0,0.0,0.0,0.0,0.0,0.0,0.0
CT,2021-05-08,2021,18,39,0.0,0.0,1.0,0.0,0.5,0.0,0.0,3.0,7813.0,1394.0,6198.0,811.0,0.79,0.0,0.58,0.0,43.39673913043478,0,0.0,0.0,0.0,0.0,0.0,0.0,0.0,0.0
CT,2021-05-15,2021,19,40,0.0,0.0,0.0,0.0,0.5,0.0,0.0,3.0,7817.0,1392.0,6129.0,802.0,0.78,0.0,0.58,0.0,43.39673913043478,0,0.0,0.0,0.0,0.0,0.0,0.0,0.0,0.0
CT,2021-05-22,2021,20,41,0.0,0.0,0.0,0.0,0.5,0.0,0.0,3.0,7789.0,1390.0,6096.0,760.0,0.78,0.0,0.55,0.0,43.39673913043478,0,0.0,0.0,0.0,0.0,0.0,0.0,0.0,0.0
CT,2021-05-29,2021,21,42,0.0,0.0,0.0,0.0,0.5,0.0,0.0,3.0,7792.0,1388.0,6018.0,715.0,0.77,0.0,0.52,0.0,43.39673913043478,0,0.0,0.0,0.0,0.0,0.0,0.0,0.0,0.0
CT,2021-06-05,2021,22,43,0.0,0.0,0.0,0.0,0.5,0.0,0.0,3.0,7796.0,1388.0,5842.0,704.0,0.75,0.0,0.51,0.0,43.39673913043478,0,0.0,0.0,0.0,0.0,0.0,0.0,0.0,0.0
CT,2021-06-12,2021,23,44,0.0,0.0,0.0,0.0,0.5,0.0,0.0,3.0,7802.0,1389.0,6011.0,753.0,0.77,0.0,0.54,0.0,43.39673913043478,0,0.0,0.0,0.0,0.0,0.0,0.0,0.0,0.0
CT,2021-06-19,2021,24,45,0.0,0.0,0.0,0.0,0.5,0.0,0.0,3.0,7806.0,1389.0,6110.0,749.0,0.78,0.0,0.54,0.0,43.39673913043478,0,0.0,0.0,0.0,0.0,0.0,0.0,0.0,0.0
CT,2021-06-26,2021,25,46,0.0,0.0,0.0,0.0,0.5,0.0,0.0,3.0,7801.0,1390.0,5978.0,721.0,0.77,0.0,0.52,0.0,43.39673913043478,0,0.0,0.0,0.0,0.0,0.0,0.0,0.0,0.0
CT,2021-07-03,2021,26,47,0.0,0.0,0.0,0.0,0.5,0.0,0.0,3.0,7800.0,1388.0,5904.0,717.0,0.76,0.0,0.52,0.0,43.39673913043478,0,0.0,0.0,0.0,0.0,0.0,0.0,0.0,0.0
CT,2021-07-10,2021,27,48,0.0,0.0,0.0,0.0,0.5,0.0,0.0,3.0,7810.0,1388.0,5882.0,722.0,0.75,0.0,0.52,0.0,43.39673913043478,0,0.0,0.0,0.0,0.0,0.0,0.0,0.0,0.0
CT,2021-07-17,2021,28,49,0.0,0.0,0.0,0.0,0.5,0.0,0.0,3.0,7803.0,1390.0,6198.0,744.0,0.79,0.0,0.54,0.0,43.39673913043478,0,0.0,0.0,0.0,0.0,0.0,0.0,0.0,0.0
CT,2021-07-24,2021,29,50,0.0,0.0,0.0,0.0,0.5,0.0,0.0,3.0,7811.0,1388.0,6145.0,765.0,0.79,0.0,0.55,0.0,43.39673913043478,0,0.0,0.0,0.0,0.0,0.0,0.0,0.0,0.0
CT,2021-07-31,2021,30,51,0.0,0.0,1.0,0.0,0.5,0.0,0.0,3.0,7810.0,1390.0,6114.0,753.0,0.78,0.0,0.54,0.0,43.39673913043478,0,0.0,0.0,0.0,0.0,0.0,0.0,0.0,0.0
CT,2021-08-07,2021,31,52,0.0,0.0,0.0,0.0,0.5,0.0,0.0,3.0,7806.0,1391.0,6067.0,746.0,0.78,0.0,0.54,0.0,43.39673913043478,0,0.0,0.0,0.0,0.0,0.0,0.0,0.0,0.0
CT,2021-08-14,2021,32,53,0.0,0.0,0.0,0.0,0.5,0.0,0.0,3.0,7798.0,1390.0,6141.0,759.0,0.79,0.0,0.55,0.0,43.39673913043478,0,0.0,0.0,0.0,0.0,0.0,0.0,0.0,0.0
CT,2021-08-21,2021,33,54,0.0,0.0,0.0,0.0,0.5,0.0,0.0,3.0,7789.0,1388.0,6156.0,766.0,0.79,0.0,0.55,0.0,43.39673913043478,0,0.0,0.0,0.0,0.0,0.0,0.0,0.0,0.0
CT,2021-08-28,2021,34,55,0.0,0.0,0.0,0.0,0.5,0.0,0.0,3.0,7804.0,1386.0,6128.0,779.0,0.79,0.0,0.56,0.0,43.39673913043478,0,0.0,0.0,0.0,0.0,0.0,0.0,0.0,0.0
CT,2021-09-04,2021,35,56,0.0,0.0,0.0,0.0,0.5,0.0,0.0,3.0,7799.0,1386.0,6155.0,776.0,0.79,0.0,0.56,0.0,43.39673913043478,0,0.0,0.0,0.0,0.0,0.0,0.0,0.0,0.0
CT,2021-09-11,2021,36,57,0.0,0.0,0.0,0.0,0.5,0.0,0.0,3.0,7800.0,1386.0,6209.0,791.0,0.8,0.0,0.57,0.0,43.39673913043478,0,0.0,0.0,0.0,0.0,0.0,0.0,0.0,0.0
CT,2021-09-18,2021,37,58,0.0,0.0,0.0,0.0,0.5,0.0,0.0,3.0,7824.0,1378.0,6339.0,802.0,0.81,0.0,0.58,0.0,43.39673913043478,0,0.0,0.0,0.0,0.0,0.0,0.0,0.0,0.0
CT,2021-09-25,2021,38,59,0.0,0.0,0.0,0.0,0.5,0.0,0.0,3.0,7824.0,1359.0,6242.0,780.0,0.8,0.0,0.57,0.0,43.39673913043478,0,0.0,0.0,0.0,0.0,0.0,0.0,0.0,0.0
CT,2021-10-02,2021,39,60,0.0,0.0,0.0,0.0,0.5,0.0,0.0,3.0,7808.0,1358.0,6171.0,751.0,0.79,0.0,0.55,0.0,43.39673913043478,0,0.0,0.0,0.0,0.0,0.0,0.0,0.0,0.0
CT,2021-10-09,2021,40,61,0.0,0.0,0.0,0.0,0.5,0.0,0.0,3.0,7828.0,1360.0,6204.0,755.0,0.79,0.0,0.56,0.0,43.39673913043478,0,0.0,0.0,0.0,0.0,0.0,0.0,0.0,0.0
CT,2021-10-16,2021,41,62,0.0,0.0,0.0,0.0,0.5,0.0,0.0,3.0,7835.0,1360.0,6223.0,778.0,0.79,0.0,0.57,0.0,43.39673913043478,0,0.0,0.0,0.0,0.0,0.0,0.0,0.0,0.0
CT,2021-10-23,2021,42,63,0.0,0.0,0.0,0.0,0.5,0.0,0.0,3.0,7836.0,1359.0,6298.0,770.0,0.8,0.0,0.57,0.0,43.39673913043478,0,0.0,0.0,0.0,0.0,0.0,0.0,0.0,0.0
CT,2021-10-30,2021,43,64,0.0,0.0,0.0,0.0,0.5,0.0,0.0,3.0,7824.0,1360.0,6174.0,772.0,0.79,0.0,0.57,0.0,43.39673913043478,0,0.0,0.0,0.0,0.0,0.0,0.0,0.0,0.0
CT,2021-11-06,2021,44,65,0.0,0.0,0.0,0.0,0.5,0.0,0.0,3.0,7785.0,1349.0,6193.0,773.0,0.8,0.0,0.57,0.0,43.39673913043478,0,0.0,0.0,0.0,0.0,0.0,0.0,0.0,0.0
CT,2021-11-13,2021,45,66,0.0,0.0,0.0,0.0,0.5,0.0,0.0,3.0,7827.0,1361.0,6231.0,775.0,0.8,0.0,0.57,0.0,43.39673913043478,0,0.0,0.0,0.0,0.0,0.0,0.0,0.0,0.0
CT,2021-11-20,2021,46,67,0.0,0.0,2.0,0.0,0.5,0.0,0.0,3.0,7839.0,1363.0,6282.0,781.0,0.8,0.0,0.57,0.0,43.39673913043478,0,0.0,0.0,0.0,0.0,0.0,0.0,0.0,0.0
CT,2021-11-27,2021,47,68,1.0,0.0,3.0,0.0,0.5,0.0,0.0,3.0,7835.0,1365.0,5935.0,771.0,0.76,0.0,0.56,0.0,43.39673913043478,0,0.0,0.0,0.0,0.0,0.0,0.0,0.0,0.0
CT,2021-12-04,2021,48,69,4.0,0.0,13.0,0.0,0.5,0.0,0.0,3.0,7843.0,1363.0,6210.0,795.0,0.79,0.0,0.58,0.0,43.39673913043478,0,1.0,0.0,0.0,0.0,0.0,0.0,0.0,0.0
CT,2021-12-11,2021,49,70,6.0,2.0,14.0,0.0,0.5,0.0,0.0,3.0,7851.0,1360.0,6365.0,815.0,0.81,0.0,0.6,0.0,43.39673913043478,0,4.0,1.0,0.0,0.0,0.0,0.0,0.0,0.0
CT,2021-12-18,2021,50,71,8.0,1.0,18.0,0.0,0.5,0.0,0.0,3.0,7733.0,1359.0,6284.0,813.0,0.81,0.0,0.6,0.0,43.39673913043478,0,6.0,4.0,0.0,0.0,0.0,0.0,0.0,0.0
CT,2021-12-25,2021,51,72,15.0,0.0,23.0,0.0,0.5,0.0,0.0,3.0,7554.0,1251.0,5970.0,845.0,0.79,0.0,0.68,0.0,43.39673913043478,0,8.0,6.0,1.0,0.0,0.0,0.0,0.0,0.0
CT,2022-01-01,2022,52,73,15.0,1.0,23.0,0.0,0.5,0.0,0.0,3.0,7492.0,1212.0,5874.0,859.0,0.78,0.0,0.71,0.0,43.8242774566474,0,15.0,8.0,4.0,0.0,0.0,0.0,0.0,0.0
CT,2022-01-08,2022,1,74,8.0,1.0,9.0,0.0,0.5,0.0,0.0,3.0,7487.0,1214.0,6113.0,895.0,0.82,0.0,0.74,0.0,43.8242774566474,0,15.0,15.0,6.0,0.0,0.0,0.0,0.0,0.0
CT,2022-01-15,2022,2,75,4.0,0.0,2.0,0.0,0.5,0.0,0.0,3.0,7498.0,1233.0,6107.0,910.0,0.81,0.0,0.74,0.0,43.8242774566474,0,8.0,15.0,8.0,0.0,0.0,0.0,0.0,0.0
CT,2022-01-22,2022,3,76,4.0,0.0,11.0,0.0,0.5,0.0,0.0,3.0,7509.0,1230.0,6113.0,900.0,0.81,0.0,0.73,0.0,43.8242774566474,0,4.0,8.0,15.0,1.0,0.0,0.0,0.0,0.0
CT,2022-01-29,2022,4,77,4.0,2.0,2.0,0.0,0.5,0.0,0.0,3.0,7494.0,1235.0,6020.0,885.0,0.8,0.0,0.72,0.0,43.8242774566474,0,4.0,4.0,15.0,4.0,0.0,0.0,0.0,0.0
CT,2022-02-05,2022,5,78,1.0,0.0,4.0,0.0,0.5,0.0,0.0,3.0,7484.0,1237.0,5920.0,887.0,0.79,0.0,0.72,0.0,43.8242774566474,0,4.0,4.0,8.0,6.0,0.0,0.0,0.0,0.0
CT,2022-02-12,2022,6,79,1.0,0.0,0.0,0.0,0.5,0.0,0.0,3.0,7481.0,1222.0,5901.0,859.0,0.79,0.0,0.7,0.0,43.8242774566474,0,1.0,4.0,4.0,8.0,0.0,0.0,0.0,0.0
CT,2022-02-19,2022,7,80,0.0,0.0,1.0,0.0,0.5,0.0,0.0,3.0,7481.0,1224.0,5893.0,812.0,0.79,0.0,0.66,0.0,43.8242774566474,0,1.0,1.0,4.0,15.0,0.0,0.0,0.0,0.0
CT,2022-02-26,2022,8,81,2.0,0.0,7.0,0.0,0.5,0.0,0.0,3.0,7471.0,1223.0,5797.0,784.0,0.78,0.0,0.64,0.0,43.8242774566474,0,0.0,1.0,4.0,15.0,0.0,0.0,0.0,0.0
CT,2022-03-05,2022,9,82,2.0,0.0,4.0,0.0,0.5,0.0,0.0,3.0,7476.0,1226.0,5702.0,783.0,0.76,0.0,0.64,0.0,43.8242774566474,0,2.0,0.0,1.0,8.0,0.0,0.0,0.0,0.0
CT,2022-03-12,2022,10,83,3.0,0.0,8.0,0.0,0.5,0.0,0.0,3.0,7480.0,1235.0,5744.0,799.0,0.77,0.0,0.65,0.0,43.8242774566474,0,2.0,2.0,1.0,4.0,0.0,0.0,0.0,0.0
CT,2022-03-19,2022,11,84,8.0,2.0,18.0,0.0,0.5,0.0,0.0,3.0,7481.0,1235.0,5633.0,791.0,0.75,0.0,0.64,0.0,43.8242774566474,0,3.0,2.0,0.0,4.0,0.0,0.0,0.0,0.0
CT,2022-03-26,2022,12,85,17.0,3.0,25.0,0.0,0.5,0.0,0.0,3.0,7471.0,1237.0,5652.0,773.0,0.76,0.0,0.62,0.0,43.8242774566474,0,8.0,3.0,2.0,4.0,0.0,0.0,0.0,0.0
CT,2022-04-02,2022,13,86,14.0,1.0,26.0,0.0,0.5,0.0,0.0,3.0,7473.0,1235.0,5588.0,771.0,0.75,0.0,0.62,0.0,43.8242774566474,0,17.0,8.0,2.0,1.0,0.0,0.0,0.0,0.0
CT,2022-04-09,2022,14,87,20.0,2.0,47.0,0.0,0.5,0.0,0.0,3.0,7483.0,1232.0,5629.0,783.0,0.75,0.0,0.64,0.0,43.8242774566474,0,14.0,17.0,3.0,1.0,0.0,0.0,0.0,0.0
CT,2022-04-16,2022,15,88,30.0,3.0,45.0,0.0,0.5,0.0,0.0,3.0,7486.0,1239.0,5546.0,776.0,0.74,0.0,0.63,0.0,43.8242774566474,0,20.0,14.0,8.0,0.0,0.0,0.0,0.0,0.0
CT,2022-04-23,2022,16,89,35.0,5.0,52.0,0.0,0.5,0.0,0.0,3.0,7487.0,1239.0,5426.0,768.0,0.72,0.0,0.62,0.0,43.8242774566474,0,30.0,20.0,17.0,2.0,0.0,0.0,0.0,0.0
CT,2022-04-30,2022,17,90,36.0,3.0,57.0,0.0,0.5,0.0,0.0,3.0,7487.0,1240.0,5564.0,760.0,0.74,0.0,0.61,0.0,43.8242774566474,0,35.0,30.0,14.0,2.0,0.0,0.0,0.0,0.0
CT,2022-05-07,2022,18,91,44.0,3.0,76.0,0.0,0.5,0.0,0.0,3.0,7489.0,1240.0,5644.0,798.0,0.75,0.01,0.64,0.0,43.8242774566474,0,36.0,35.0,20.0,3.0,0.0,0.0,0.0,0.0
CT,2022-05-14,2022,19,92,53.0,4.0,70.0,0.0,0.5,0.0,0.0,3.0,7488.0,1244.0,5733.0,808.0,0.77,0.01,0.65,0.0,43.8242774566474,0,44.0,36.0,30.0,8.0,0.01,0.0,0.0,0.0
CT,2022-05-21,2022,20,93,56.0,5.0,75.0,0.0,0.5,0.0,0.0,3.0,7468.0,1241.0,5826.0,823.0,0.78,0.01,0.66,0.0,43.8242774566474,0,53.0,44.0,35.0,17.0,0.01,0.01,0.0,0.0
CT,2022-05-28,2022,21,94,31.0,2.0,36.0,0.0,0.5,0.0,0.0,3.0,7479.0,1242.0,5809.0,826.0,0.78,0.0,0.66,0.0,43.8242774566474,0,56.0,53.0,36.0,14.0,0.01,0.01,0.0,0.0
CT,2022-06-04,2022,22,95,17.0,3.0,20.0,0.0,0.5,0.0,0.0,3.0,7477.0,1241.0,5698.0,793.0,0.76,0.0,0.64,0.0,43.8242774566474,0,31.0,56.0,44.0,20.0,0.0,0.01,0.01,0.0
CT,2022-06-11,2022,23,96,11.0,3.0,36.0,0.0,0.5,0.0,0.0,3.0,7470.0,1239.0,5729.0,805.0,0.77,0.0,0.65,0.0,43.8242774566474,0,17.0,31.0,53.0,30.0,0.0,0.0,0.01,0.0
CT,2022-06-18,2022,24,97,9.0,1.0,14.0,0.0,0.5,0.0,0.0,3.0,7472.0,1234.0,5712.0,797.0,0.76,0.0,0.65,0.0,43.8242774566474,0,11.0,17.0,56.0,35.0,0.0,0.0,0.01,0.0
CT,2022-06-25,2022,25,98,4.0,1.0,6.0,0.0,0.5,0.0,0.0,3.0,7462.0,1241.0,5566.0,783.0,0.75,0.0,0.63,0.0,43.8242774566474,0,9.0,11.0,31.0,36.0,0.0,0.0,0.0,0.0
CT,2022-07-02,2022,26,99,4.0,1.0,8.0,0.0,0.5,0.0,0.0,3.0,7468.0,1242.0,5525.0,774.0,0.74,0.0,0.62,0.0,43.8242774566474,0,4.0,9.0,17.0,44.0,0.0,0.0,0.0,0.01
CT,2022-07-09,2022,27,100,3.0,0.0,5.0,0.0,0.5,0.0,0.0,3.0,7468.0,1243.0,5514.0,763.0,0.74,0.0,0.61,0.0,43.8242774566474,0,4.0,4.0,11.0,53.0,0.0,0.0,0.0,0.01
CT,2022-07-16,2022,28,101,1.0,0.0,3.0,0.0,0.5,0.0,0.0,3.0,7461.0,1245.0,5739.0,778.0,0.77,0.0,0.62,0.0,43.8242774566474,0,3.0,4.0,9.0,56.0,0.0,0.0,0.0,0.01
CT,2022-07-23,2022,29,102,3.0,0.0,6.0,0.0,0.5,0.0,0.0,3.0,7467.0,1245.0,5656.0,772.0,0.76,0.0,0.62,0.0,43.8242774566474,0,1.0,3.0,4.0,31.0,0.0,0.0,0.0,0.0
CT,2022-07-30,2022,30,103,2.0,0.0,3.0,0.0,0.5,0.0,0.0,3.0,7465.0,1245.0,5645.0,763.0,0.76,0.0,0.61,0.0,43.8242774566474,0,3.0,1.0,4.0,17.0,0.0,0.0,0.0,0.0
CT,2022-08-06,2022,31,104,1.0,0.0,3.0,0.0,0.5,0.0,0.0,3.0,7459.0,1243.0,5819.0,774.0,0.78,0.0,0.62,0.0,43.8242774566474,0,2.0,3.0,3.0,11.0,0.0,0.0,0.0,0.0
CT,2022-08-13,2022,32,105,1.0,0.0,1.0,0.0,0.5,0.0,0.0,3.0,7461.0,1243.0,5788.0,780.0,0.78,0.0,0.63,0.0,43.8242774566474,0,1.0,2.0,1.0,9.0,0.0,0.0,0.0,0.0
CT,2022-08-20,2022,33,106,1.0,0.0,2.0,0.0,0.5,0.0,0.0,3.0,7423.0,1239.0,5722.0,788.0,0.77,0.0,0.64,0.0,43.8242774566474,0,1.0,1.0,3.0,4.0,0.0,0.0,0.0,0.0
CT,2022-08-27,2022,34,107,3.0,1.0,8.0,0.0,0.5,0.0,0.0,3.0,7396.0,1236.0,5698.0,797.0,0.77,0.0,0.64,0.0,43.8242774566474,0,1.0,1.0,2.0,4.0,0.0,0.0,0.0,0.0
CT,2022-09-03,2022,35,108,3.0,1.0,4.0,0.0,0.5,0.0,0.0,3.0,7464.0,1246.0,5665.0,774.0,0.76,0.0,0.62,0.0,43.8242774566474,0,3.0,1.0,1.0,3.0,0.0,0.0,0.0,0.0
CT,2022-09-10,2022,36,109,2.0,1.0,3.0,0.0,0.5,0.0,0.0,3.0,7467.0,1245.0,5805.0,785.0,0.78,0.0,0.63,0.0,43.8242774566474,0,3.0,3.0,1.0,1.0,0.0,0.0,0.0,0.0
CT,2022-09-17,2022,37,110,4.0,0.0,5.0,0.0,0.5,0.0,0.0,3.0,7455.0,1243.0,5859.0,819.0,0.79,0.0,0.66,0.0,43.8242774566474,0,2.0,3.0,1.0,3.0,0.0,0.0,0.0,0.0
CT,2022-09-24,2022,38,111,3.0,0.0,3.0,0.0,0.5,0.0,0.0,3.0,7444.0,1246.0,5815.0,824.0,0.78,0.0,0.66,0.0,43.8242774566474,0,4.0,2.0,3.0,2.0,0.0,0.0,0.0,0.0
CT,2022-10-01,2022,39,112,2.0,1.0,2.0,0.0,0.5,0.0,0.0,3.0,7464.0,1246.0,5817.0,828.0,0.78,0.0,0.66,0.0,43.8242774566474,0,3.0,4.0,3.0,1.0,0.0,0.0,0.0,0.0
CT,2022-10-08,2022,40,113,1.0,0.0,2.0,0.0,0.5,0.0,0.0,3.0,7460.0,1244.0,5828.0,845.0,0.78,0.0,0.68,0.0,43.8242774566474,0,2.0,3.0,2.0,1.0,0.0,0.0,0.0,0.0
CT,2022-10-15,2022,41,114,3.0,0.0,6.0,0.0,0.5,0.0,0.0,3.0,7457.0,1246.0,5837.0,842.0,0.78,0.0,0.68,0.0,43.8242774566474,0,1.0,2.0,4.0,1.0,0.0,0.0,0.0,0.0
CT,2022-10-22,2022,42,115,6.0,1.0,11.0,0.0,0.5,0.0,0.0,3.0,7460.0,1249.0,5866.0,846.0,0.79,0.0,0.68,0.0,43.8242774566474,0,3.0,1.0,3.0,3.0,0.0,0.0,0.0,0.0
CT,2022-10-29,2022,43,116,9.0,0.0,36.0,0.0,0.5,0.0,0.0,3.0,7465.0,1246.0,5942.0,856.0,0.8,0.0,0.69,0.0,43.8242774566474,0,6.0,3.0,2.0,3.0,0.0,0.0,0.0,0.0
CT,2022-11-05,2022,44,117,15.0,1.0,38.0,0.0,0.5,0.0,0.0,3.0,7469.0,1245.0,5864.0,840.0,0.79,0.0,0.67,0.0,43.8242774566474,0,9.0,6.0,1.0,2.0,0.0,0.0,0.0,0.0
CT,2022-11-12,2022,45,118,28.0,2.0,52.0,0.0,0.5,0.0,0.0,3.0,7464.0,1250.0,5868.0,832.0,0.79,0.0,0.67,0.0,43.8242774566474,0,15.0,9.0,3.0,4.0,0.0,0.0,0.0,0.0
CT,2022-11-19,2022,46,119,49.0,4.0,103.0,0.0,0.5,0.0,0.0,3.0,7470.0,1254.0,5918.0,838.0,0.79,0.01,0.67,0.0,43.8242774566474,0,28.0,15.0,6.0,3.0,0.0,0.0,0.0,0.0
CT,2022-11-26,2022,47,120,96.0,10.0,183.0,0.0,0.5,0.0,0.0,3.0,7470.0,1247.0,5672.0,822.0,0.76,0.01,0.66,0.01,43.8242774566474,1,49.0,28.0,9.0,2.0,0.01,0.0,0.0,0.0
CT,2022-12-03,2022,48,121,256.0,23.0,426.0,0.0,0.5,0.0,0.0,3.0,7473.0,1220.0,6007.0,861.0,0.8,0.03,0.71,0.02,43.8242774566474,1,96.0,49.0,15.0,1.0,0.01,0.01,0.0,0.0
CT,2022-12-10,2022,49,122,328.0,31.0,394.0,0.0,0.5,0.0,0.0,3.0,7445.0,1221.0,6075.0,877.0,0.82,0.04,0.72,0.03,43.8242774566474,1,256.0,96.0,28.0,3.0,0.03,0.01,0.0,0.0
CT,2022-12-17,2022,50,123,289.0,31.0,395.0,0.0,0.5,0.0,0.0,3.0,7477.0,1226.0,6049.0,866.0,0.81,0.04,0.71,0.02,43.8242774566474,1,328.0,256.0,49.0,6.0,0.04,0.03,0.01,0.0
CT,2022-12-24,2022,51,124,267.0,23.0,270.0,0.0,0.5,0.0,0.0,3.0,7430.0,1193.0,5888.0,851.0,0.79,0.04,0.71,0.02,43.8242774566474,1,289.0,328.0,96.0,9.0,0.04,0.04,0.01,0.0
CT,2022-12-31,2022,52,125,230.0,23.0,241.0,0.0,0.5,0.0,0.0,3.0,7428.0,1192.0,5657.0,820.0,0.76,0.03,0.69,0.02,43.8242774566474,1,267.0,289.0,256.0,15.0,0.04,0.04,0.03,0.0
DC,2020-10-03,2020,40,8,2.0,0.0,1.0,0.0,0.0,0.0,0.0,0.0,2778.0,595.0,2244.0,453.0,0.81,0.0,0.76,0.0,42.983574879227056,0,2.0,2.0,2.0,2.0,0.0,0.0,0.0,0.0
DC,2020-10-10,2020,41,9,2.0,0.0,1.0,0.0,0.0,0.0,0.0,0.0,2841.0,603.0,2247.0,444.0,0.79,0.0,0.74,0.0,42.983574879227056,0,2.0,2.0,2.0,2.0,0.0,0.0,0.0,0.0
DC,2020-10-17,2020,42,10,2.0,0.0,1.0,0.0,0.0,0.0,0.0,0.0,2832.0,621.0,2230.0,439.0,0.79,0.0,0.71,0.0,42.983574879227056,0,2.0,2.0,2.0,2.0,0.0,0.0,0.0,0.0
DC,2020-10-24,2020,43,11,1.0,0.0,0.0,0.0,0.0,0.0,0.0,0.0,2817.0,616.0,2220.0,443.0,0.79,0.0,0.72,0.0,42.983574879227056,0,2.0,2.0,2.0,2.0,0.0,0.0,0.0,0.0
DC,2020-10-31,2020,44,12,2.0,0.0,1.0,0.0,0.0,0.0,0.0,0.0,2834.0,613.0,2260.0,447.0,0.8,0.0,0.73,0.0,42.983574879227056,0,1.0,2.0,2.0,2.0,0.0,0.0,0.0,0.0
DC,2020-11-07,2020,45,13,1.0,0.0,1.0,0.0,0.0,0.0,0.0,0.0,2836.0,608.0,2259.0,443.0,0.8,0.0,0.73,0.0,42.983574879227056,0,2.0,1.0,2.0,2.0,0.0,0.0,0.0,0.0
DC,2020-11-14,2020,46,14,0.0,0.0,0.0,0.0,0.0,0.0,0.0,0.0,2871.0,619.0,2327.0,459.0,0.81,0.0,0.74,0.0,42.983574879227056,0,1.0,2.0,2.0,2.0,0.0,0.0,0.0,0.0
DC,2020-11-21,2020,47,15,0.0,0.0,0.0,0.0,0.0,0.0,0.0,0.0,2868.0,597.0,2303.0,451.0,0.8,0.0,0.76,0.0,42.983574879227056,0,0.0,1.0,1.0,2.0,0.0,0.0,0.0,0.0
DC,2020-11-28,2020,48,16,0.0,0.0,0.0,0.0,0.0,0.0,0.0,0.0,2835.0,576.0,2172.0,439.0,0.77,0.0,0.76,0.0,42.983574879227056,0,0.0,0.0,2.0,2.0,0.0,0.0,0.0,0.0
DC,2020-12-05,2020,49,17,1.0,0.0,0.0,0.0,0.0,0.0,0.0,0.0,2850.0,579.0,2255.0,450.0,0.79,0.0,0.78,0.0,42.983574879227056,0,0.0,0.0,1.0,2.0,0.0,0.0,0.0,0.0
DC,2020-12-12,2020,50,18,2.0,0.0,0.0,0.0,0.0,0.0,0.0,0.0,2863.0,579.0,2311.0,466.0,0.81,0.0,0.81,0.0,42.983574879227056,0,1.0,0.0,0.0,2.0,0.0,0.0,0.0,0.0
DC,2020-12-19,2020,51,19,1.0,1.0,0.0,0.0,0.0,0.0,0.0,0.0,2870.0,585.0,2296.0,472.0,0.8,0.0,0.81,0.0,42.983574879227056,0,2.0,1.0,0.0,1.0,0.0,0.0,0.0,0.0
DC,2020-12-26,2020,52,20,1.0,1.0,0.0,0.0,0.0,0.0,0.0,0.0,2797.0,567.0,2151.0,439.0,0.77,0.0,0.77,0.0,42.983574879227056,0,1.0,2.0,0.0,2.0,0.0,0.0,0.0,0.0
DC,2021-01-02,2021,53,21,2.0,1.0,0.0,0.0,0.0,0.0,0.0,0.0,2793.0,576.0,2135.0,440.0,0.76,0.0,0.76,0.0,47.22415730337079,0,1.0,1.0,1.0,1.0,0.0,0.0,0.0,0.0
DC,2021-01-09,2021,1,22,3.0,0.0,1.0,0.0,0.0,0.0,0.0,0.0,2852.0,580.0,2297.0,451.0,0.81,0.0,0.78,0.0,47.22415730337079,0,2.0,1.0,2.0,0.0,0.0,0.0,0.0,0.0
DC,2021-01-16,2021,2,23,2.0,0.0,0.0,0.0,0.0,0.0,0.0,0.0,2930.0,577.0,2329.0,465.0,0.79,0.0,0.81,0.0,47.22415730337079,0,3.0,2.0,1.0,0.0,0.0,0.0,0.0,0.0
DC,2021-01-23,2021,3,24,3.0,1.0,1.0,0.0,0.0,0.0,0.0,0.0,2936.0,577.0,2296.0,458.0,0.78,0.0,0.79,0.0,47.22415730337079,0,2.0,3.0,1.0,0.0,0.0,0.0,0.0,0.0
DC,2021-01-30,2021,4,25,4.0,1.0,2.0,0.0,0.0,0.0,0.0,0.0,2937.0,576.0,2333.0,473.0,0.79,0.0,0.82,0.0,47.22415730337079,0,3.0,2.0,2.0,1.0,0.0,0.0,0.0,0.0
DC,2021-02-06,2021,5,26,3.0,0.0,0.0,0.0,0.0,0.0,0.0,0.0,2923.0,575.0,2229.0,460.0,0.76,0.0,0.8,0.0,47.22415730337079,0,4.0,3.0,3.0,2.0,0.0,0.0,0.0,0.0
DC,2021-02-13,2021,6,27,2.0,0.0,0.0,0.0,0.0,0.0,0.0,0.0,2918.0,581.0,2236.0,461.0,0.77,0.0,0.79,0.0,47.22415730337079,0,3.0,4.0,2.0,1.0,0.0,0.0,0.0,0.0
DC,2021-02-20,2021,7,28,3.0,0.0,0.0,0.0,0.0,0.0,0.0,0.0,2889.0,569.0,2211.0,453.0,0.77,0.0,0.8,0.0,47.22415730337079,0,2.0,3.0,3.0,1.0,0.0,0.0,0.0,0.0
DC,2021-02-27,2021,8,29,2.0,0.0,0.0,0.0,0.0,0.0,0.0,0.0,2910.0,581.0,2297.0,468.0,0.79,0.0,0.8,0.0,47.22415730337079,0,3.0,2.0,4.0,2.0,0.0,0.0,0.0,0.0
DC,2021-03-06,2021,9,30,0.0,0.0,0.0,0.0,0.0,0.0,0.0,0.0,2888.0,572.0,2277.0,449.0,0.79,0.0,0.79,0.0,47.22415730337079,0,2.0,3.0,3.0,3.0,0.0,0.0,0.0,0.0
DC,2021-03-13,2021,10,31,0.0,0.0,0.0,0.0,0.0,0.0,0.0,0.0,2904.0,578.0,2293.0,436.0,0.79,0.0,0.75,0.0,47.22415730337079,0,0.0,2.0,2.0,2.0,0.0,0.0,0.0,0.0
DC,2021-03-20,2021,11,32,0.0,0.0,0.0,0.0,0.0,0.0,0.0,0.0,2906.0,574.0,2252.0,438.0,0.78,0.0,0.76,0.0,47.22415730337079,0,0.0,0.0,3.0,3.0,0.0,0.0,0.0,0.0
DC,2021-03-27,2021,12,33,0.0,0.0,0.0,0.0,0.0,0.0,0.0,0.0,2903.0,574.0,2219.0,436.0,0.76,0.0,0.76,0.0,47.22415730337079,0,0.0,0.0,2.0,4.0,0.0,0.0,0.0,0.0
DC,2021-04-03,2021,13,34,0.0,0.0,0.0,0.0,0.0,0.0,0.0,0.0,2897.0,573.0,2153.0,423.0,0.74,0.0,0.74,0.0,47.22415730337079,0,0.0,0.0,0.0,3.0,0.0,0.0,0.0,0.0
DC,2021-04-10,2021,14,35,0.0,0.0,0.0,0.0,0.0,0.0,0.0,0.0,2887.0,573.0,2122.0,424.0,0.74,0.0,0.74,0.0,47.22415730337079,0,0.0,0.0,0.0,2.0,0.0,0.0,0.0,0.0
DC,2021-04-17,2021,15,36,0.0,0.0,0.0,0.0,0.0,0.0,0.0,0.0,2895.0,575.0,2209.0,442.0,0.76,0.0,0.77,0.0,47.22415730337079,0,0.0,0.0,0.0,3.0,0.0,0.0,0.0,0.0
DC,2021-04-24,2021,16,37,0.0,0.0,0.0,0.0,0.0,0.0,0.0,0.0,2901.0,574.0,2236.0,430.0,0.77,0.0,0.75,0.0,47.22415730337079,0,0.0,0.0,0.0,2.0,0.0,0.0,0.0,0.0
DC,2021-05-01,2021,17,38,0.0,0.0,0.0,0.0,0.0,0.0,0.0,0.0,2909.0,581.0,2253.0,444.0,0.77,0.0,0.76,0.0,47.22415730337079,0,0.0,0.0,0.0,0.0,0.0,0.0,0.0,0.0
DC,2021-05-08,2021,18,39,1.0,0.0,0.0,0.0,0.0,0.0,0.0,0.0,2911.0,582.0,2229.0,439.0,0.77,0.0,0.75,0.0,47.22415730337079,0,0.0,0.0,0.0,0.0,0.0,0.0,0.0,0.0
DC,2021-05-15,2021,19,40,1.0,0.0,0.0,0.0,0.0,0.0,0.0,0.0,2913.0,552.0,2231.0,431.0,0.77,0.0,0.78,0.0,47.22415730337079,0,1.0,0.0,0.0,0.0,0.0,0.0,0.0,0.0
DC,2021-05-22,2021,20,41,0.0,0.0,0.0,0.0,0.0,0.0,0.0,0.0,2926.0,578.0,2290.0,445.0,0.78,0.0,0.77,0.0,47.22415730337079,0,1.0,1.0,0.0,0.0,0.0,0.0,0.0,0.0
DC,2021-05-29,2021,21,42,0.0,0.0,0.0,0.0,0.0,0.0,0.0,0.0,2923.0,582.0,2276.0,439.0,0.78,0.0,0.75,0.0,47.22415730337079,0,0.0,1.0,0.0,0.0,0.0,0.0,0.0,0.0
DC,2021-06-05,2021,22,43,0.0,0.0,0.0,0.0,0.0,0.0,0.0,0.0,2920.0,582.0,2232.0,441.0,0.76,0.0,0.76,0.0,47.22415730337079,0,0.0,0.0,1.0,0.0,0.0,0.0,0.0,0.0
DC,2021-06-12,2021,23,44,0.0,0.0,0.0,0.0,0.0,0.0,0.0,0.0,2923.0,577.0,2298.0,448.0,0.79,0.0,0.78,0.0,47.22415730337079,0,0.0,0.0,1.0,0.0,0.0,0.0,0.0,0.0
DC,2021-06-19,2021,24,45,1.0,1.0,0.0,0.0,0.0,0.0,0.0,0.0,2911.0,576.0,2270.0,440.0,0.78,0.0,0.76,0.0,47.22415730337079,0,0.0,0.0,0.0,0.0,0.0,0.0,0.0,0.0
DC,2021-06-26,2021,25,46,0.0,0.0,0.0,0.0,0.0,0.0,0.0,0.0,2914.0,582.0,2230.0,434.0,0.77,0.0,0.75,0.0,47.22415730337079,0,1.0,0.0,0.0,0.0,0.0,0.0,0.0,0.0
DC,2021-07-03,2021,26,47,1.0,0.0,0.0,0.0,0.0,0.0,0.0,0.0,2902.0,568.0,2245.0,438.0,0.77,0.0,0.77,0.0,47.22415730337079,0,0.0,1.0,0.0,1.0,0.0,0.0,0.0,0.0
DC,2021-07-10,2021,27,48,0.0,0.0,1.0,0.0,0.0,0.0,0.0,0.0,2893.0,561.0,2223.0,437.0,0.77,0.0,0.78,0.0,47.22415730337079,0,1.0,0.0,0.0,1.0,0.0,0.0,0.0,0.0
DC,2021-07-17,2021,28,49,0.0,0.0,0.0,0.0,0.0,0.0,0.0,0.0,2911.0,574.0,2308.0,447.0,0.79,0.0,0.78,0.0,47.22415730337079,0,0.0,1.0,1.0,0.0,0.0,0.0,0.0,0.0
DC,2021-07-24,2021,29,50,0.0,0.0,0.0,0.0,0.0,0.0,0.0,0.0,2898.0,573.0,2290.0,441.0,0.79,0.0,0.77,0.0,47.22415730337079,0,0.0,0.0,0.0,0.0,0.0,0.0,0.0,0.0
DC,2021-07-31,2021,30,51,0.0,0.0,0.0,0.0,0.0,0.0,0.0,0.0,2908.0,581.0,2256.0,448.0,0.78,0.0,0.77,0.0,47.22415730337079,0,0.0,0.0,1.0,0.0,0.0,0.0,0.0,0.0
DC,2021-08-07,2021,31,52,0.0,0.0,0.0,0.0,0.0,0.0,0.0,0.0,2920.0,584.0,2248.0,455.0,0.77,0.0,0.78,0.0,47.22415730337079,0,0.0,0.0,0.0,0.0,0.0,0.0,0.0,0.0
DC,2021-08-14,2021,32,53,0.0,0.0,0.0,0.0,0.0,0.0,0.0,0.0,2924.0,586.0,2277.0,473.0,0.78,0.0,0.81,0.0,47.22415730337079,0,0.0,0.0,0.0,1.0,0.0,0.0,0.0,0.0
DC,2021-08-21,2021,33,54,0.0,0.0,0.0,0.0,0.0,0.0,0.0,0.0,2904.0,580.0,2279.0,465.0,0.78,0.0,0.8,0.0,47.22415730337079,0,0.0,0.0,0.0,0.0,0.0,0.0,0.0,0.0
DC,2021-08-28,2021,34,55,0.0,0.0,0.0,0.0,0.0,0.0,0.0,0.0,2901.0,582.0,2268.0,460.0,0.78,0.0,0.79,0.0,47.22415730337079,0,0.0,0.0,0.0,1.0,0.0,0.0,0.0,0.0
DC,2021-09-04,2021,35,56,0.0,0.0,0.0,0.0,0.0,0.0,0.0,0.0,2903.0,578.0,2316.0,475.0,0.8,0.0,0.82,0.0,47.22415730337079,0,0.0,0.0,0.0,0.0,0.0,0.0,0.0,0.0
DC,2021-09-11,2021,36,57,0.0,0.0,0.0,0.0,0.0,0.0,0.0,0.0,2914.0,573.0,2351.0,478.0,0.81,0.0,0.83,0.0,47.22415730337079,0,0.0,0.0,0.0,0.0,0.0,0.0,0.0,0.0
DC,2021-09-18,2021,37,58,0.0,0.0,0.0,0.0,0.0,0.0,0.0,0.0,2927.0,585.0,2403.0,474.0,0.82,0.0,0.81,0.0,47.22415730337079,0,0.0,0.0,0.0,0.0,0.0,0.0,0.0,0.0
DC,2021-09-25,2021,38,59,0.0,0.0,0.0,0.0,0.0,0.0,0.0,0.0,2935.0,582.0,2384.0,453.0,0.81,0.0,0.78,0.0,47.22415730337079,0,0.0,0.0,0.0,0.0,0.0,0.0,0.0,0.0
DC,2021-10-02,2021,39,60,1.0,1.0,0.0,0.0,0.0,0.0,0.0,0.0,2924.0,583.0,2355.0,460.0,0.81,0.0,0.79,0.0,47.22415730337079,0,0.0,0.0,0.0,0.0,0.0,0.0,0.0,0.0
DC,2021-10-09,2021,40,61,1.0,0.0,0.0,0.0,0.0,0.0,0.0,0.0,2951.0,585.0,2326.0,452.0,0.79,0.0,0.77,0.0,47.22415730337079,0,1.0,0.0,0.0,0.0,0.0,0.0,0.0,0.0
DC,2021-10-16,2021,41,62,1.0,0.0,0.0,0.0,0.0,0.0,0.0,0.0,2915.0,570.0,2340.0,457.0,0.8,0.0,0.8,0.0,47.22415730337079,0,1.0,1.0,0.0,0.0,0.0,0.0,0.0,0.0
DC,2021-10-23,2021,42,63,0.0,0.0,0.0,0.0,0.0,0.0,0.0,0.0,2918.0,575.0,2365.0,458.0,0.81,0.0,0.8,0.0,47.22415730337079,0,1.0,1.0,0.0,0.0,0.0,0.0,0.0,0.0
DC,2021-10-30,2021,43,64,0.0,0.0,0.0,0.0,0.0,0.0,0.0,0.0,2931.0,580.0,2320.0,453.0,0.79,0.0,0.78,0.0,47.22415730337079,0,0.0,1.0,1.0,0.0,0.0,0.0,0.0,0.0
DC,2021-11-06,2021,44,65,0.0,0.0,0.0,0.0,0.0,0.0,0.0,0.0,2922.0,569.0,2286.0,442.0,0.78,0.0,0.78,0.0,47.22415730337079,0,0.0,0.0,1.0,0.0,0.0,0.0,0.0,0.0
DC,2021-11-13,2021,45,66,0.0,0.0,0.0,0.0,0.0,0.0,0.0,0.0,2914.0,572.0,2322.0,447.0,0.8,0.0,0.78,0.0,47.22415730337079,0,0.0,0.0,1.0,0.0,0.0,0.0,0.0,0.0
DC,2021-11-20,2021,46,67,1.0,0.0,0.0,0.0,0.0,0.0,0.0,0.0,2906.0,570.0,2285.0,445.0,0.79,0.0,0.78,0.0,47.22415730337079,0,0.0,0.0,0.0,0.0,0.0,0.0,0.0,0.0
DC,2021-11-27,2021,47,68,1.0,0.0,1.0,0.0,0.0,0.0,0.0,0.0,2872.0,562.0,2120.0,426.0,0.74,0.0,0.76,0.0,47.22415730337079,0,1.0,0.0,0.0,1.0,0.0,0.0,0.0,0.0
DC,2021-12-04,2021,48,69,1.0,0.0,1.0,0.0,0.0,0.0,0.0,0.0,2905.0,570.0,2225.0,425.0,0.77,0.0,0.75,0.0,47.22415730337079,0,1.0,1.0,0.0,1.0,0.0,0.0,0.0,0.0
DC,2021-12-11,2021,49,70,2.0,0.0,2.0,0.0,0.0,0.0,0.0,0.0,2917.0,573.0,2328.0,450.0,0.8,0.0,0.78,0.0,47.22415730337079,0,1.0,1.0,0.0,1.0,0.0,0.0,0.0,0.0
DC,2021-12-18,2021,50,71,3.0,1.0,1.0,0.0,0.0,0.0,0.0,0.0,2922.0,577.0,2355.0,453.0,0.81,0.0,0.79,0.0,47.22415730337079,0,2.0,1.0,1.0,0.0,0.0,0.0,0.0,0.0
DC,2021-12-25,2021,51,72,3.0,1.0,0.0,0.0,0.0,0.0,0.0,0.0,2912.0,567.0,2126.0,422.0,0.73,0.0,0.74,0.0,47.22415730337079,0,3.0,2.0,1.0,0.0,0.0,0.0,0.0,0.0
DC,2022-01-01,2022,52,73,3.0,1.0,0.0,0.0,0.0,0.0,0.0,0.0,2897.0,558.0,2078.0,435.0,0.72,0.0,0.78,0.0,48.71091954022989,0,3.0,3.0,1.0,0.0,0.0,0.0,0.0,0.0
DC,2022-01-08,2022,1,74,2.0,1.0,0.0,0.0,0.0,0.0,0.0,0.0,2911.0,575.0,2270.0,471.0,0.78,0.0,0.82,0.0,48.71091954022989,0,3.0,3.0,2.0,0.0,0.0,0.0,0.0,0.0
DC,2022-01-15,2022,2,75,1.0,0.0,0.0,0.0,0.0,0.0,0.0,0.0,2820.0,575.0,2327.0,472.0,0.83,0.0,0.82,0.0,48.71091954022989,0,2.0,3.0,3.0,1.0,0.0,0.0,0.0,0.0
DC,2022-01-22,2022,3,76,1.0,0.0,0.0,0.0,0.0,0.0,0.0,0.0,2822.0,574.0,2283.0,456.0,0.81,0.0,0.8,0.0,48.71091954022989,0,1.0,2.0,3.0,1.0,0.0,0.0,0.0,0.0
DC,2022-01-29,2022,4,77,0.0,0.0,0.0,0.0,0.0,0.0,0.0,0.0,2824.0,550.0,2271.0,425.0,0.8,0.0,0.77,0.0,48.71091954022989,0,1.0,1.0,3.0,1.0,0.0,0.0,0.0,0.0
DC,2022-02-05,2022,5,78,2.0,0.0,3.0,0.0,0.0,0.0,0.0,0.0,2835.0,573.0,2307.0,439.0,0.81,0.0,0.77,0.0,48.71091954022989,0,0.0,1.0,2.0,2.0,0.0,0.0,0.0,0.0
DC,2022-02-12,2022,6,79,2.0,1.0,0.0,0.0,0.0,0.0,0.0,0.0,2824.0,566.0,2284.0,436.0,0.81,0.0,0.77,0.0,48.71091954022989,0,2.0,0.0,1.0,3.0,0.0,0.0,0.0,0.0
DC,2022-02-19,2022,7,80,1.0,0.0,1.0,0.0,0.0,0.0,0.0,0.0,2824.0,565.0,2327.0,444.0,0.82,0.0,0.79,0.0,48.71091954022989,0,2.0,2.0,1.0,3.0,0.0,0.0,0.0,0.0
DC,2022-02-26,2022,8,81,1.0,0.0,0.0,0.0,0.0,0.0,0.0,0.0,2834.0,560.0,2333.0,434.0,0.82,0.0,0.77,0.0,48.71091954022989,0,1.0,2.0,0.0,3.0,0.0,0.0,0.0,0.0
DC,2022-03-05,2022,9,82,2.0,1.0,1.0,0.0,0.0,0.0,0.0,0.0,2850.0,569.0,2350.0,440.0,0.82,0.0,0.77,0.0,48.71091954022989,0,1.0,1.0,2.0,2.0,0.0,0.0,0.0,0.0
DC,2022-03-12,2022,10,83,2.0,1.0,4.0,0.0,0.0,0.0,0.0,0.0,2830.0,564.0,2351.0,453.0,0.83,0.0,0.8,0.0,48.71091954022989,0,2.0,1.0,2.0,1.0,0.0,0.0,0.0,0.0
DC,2022-03-19,2022,11,84,2.0,1.0,2.0,0.0,0.0,0.0,0.0,0.0,2812.0,560.0,2294.0,448.0,0.82,0.0,0.8,0.0,48.71091954022989,0,2.0,2.0,1.0,1.0,0.0,0.0,0.0,0.0
DC,2022-03-26,2022,12,85,2.0,0.0,4.0,0.0,0.0,0.0,0.0,0.0,2818.0,564.0,2295.0,445.0,0.81,0.0,0.79,0.0,48.71091954022989,0,2.0,2.0,1.0,0.0,0.0,0.0,0.0,0.0
DC,2022-04-02,2022,13,86,4.0,1.0,4.0,0.0,0.0,0.0,0.0,0.0,2803.0,601.0,2286.0,453.0,0.82,0.0,0.75,0.0,48.71091954022989,0,2.0,2.0,2.0,2.0,0.0,0.0,0.0,0.0
DC,2022-04-09,2022,14,87,2.0,0.0,2.0,0.0,0.0,0.0,0.0,0.0,2829.0,562.0,2312.0,457.0,0.82,0.0,0.81,0.0,48.71091954022989,0,4.0,2.0,2.0,2.0,0.0,0.0,0.0,0.0
DC,2022-04-16,2022,15,88,4.0,0.0,2.0,0.0,0.0,0.0,0.0,0.0,2830.0,560.0,2299.0,443.0,0.81,0.0,0.79,0.0,48.71091954022989,0,2.0,4.0,2.0,1.0,0.0,0.0,0.0,0.0
DC,2022-04-23,2022,16,89,3.0,0.0,1.0,0.0,0.0,0.0,0.0,0.0,2812.0,557.0,2291.0,447.0,0.81,0.0,0.8,0.0,48.71091954022989,0,4.0,2.0,2.0,1.0,0.0,0.0,0.0,0.0
DC,2022-04-30,2022,17,90,2.0,1.0,3.0,0.0,0.0,0.0,0.0,0.0,2813.0,562.0,2304.0,444.0,0.82,0.0,0.79,0.0,48.71091954022989,0,3.0,4.0,4.0,2.0,0.0,0.0,0.0,0.0
DC,2022-05-07,2022,18,91,2.0,0.0,2.0,0.0,0.0,0.0,0.0,0.0,2815.0,557.0,2279.0,448.0,0.81,0.0,0.8,0.0,48.71091954022989,0,2.0,3.0,2.0,2.0,0.0,0.0,0.0,0.0
DC,2022-05-14,2022,19,92,4.0,0.0,5.0,0.0,0.0,0.0,0.0,0.0,2823.0,559.0,2288.0,450.0,0.81,0.0,0.8,0.0,48.71091954022989,0,2.0,2.0,4.0,2.0,0.0,0.0,0.0,0.0
DC,2022-05-21,2022,20,93,5.0,1.0,4.0,0.0,0.0,0.0,0.0,0.0,2813.0,554.0,2352.0,435.0,0.84,0.0,0.79,0.0,48.71091954022989,0,4.0,2.0,3.0,2.0,0.0,0.0,0.0,0.0
DC,2022-05-28,2022,21,94,5.0,1.0,4.0,0.0,0.0,0.0,0.0,0.0,2831.0,553.0,2311.0,447.0,0.82,0.0,0.81,0.0,48.71091954022989,0,5.0,4.0,2.0,4.0,0.0,0.0,0.0,0.0
DC,2022-06-04,2022,22,95,4.0,1.0,5.0,0.0,0.0,0.0,0.0,0.0,2816.0,556.0,2209.0,443.0,0.78,0.0,0.8,0.0,48.71091954022989,0,5.0,5.0,2.0,2.0,0.0,0.0,0.0,0.0
DC,2022-06-11,2022,23,96,3.0,0.0,2.0,0.0,0.0,0.0,0.0,0.0,2830.0,557.0,2297.0,440.0,0.81,0.0,0.79,0.0,48.71091954022989,0,4.0,5.0,4.0,4.0,0.0,0.0,0.0,0.0
DC,2022-06-18,2022,24,97,2.0,0.0,2.0,0.0,0.0,0.0,0.0,0.0,2852.0,554.0,2258.0,423.0,0.79,0.0,0.76,0.0,48.71091954022989,0,3.0,4.0,5.0,3.0,0.0,0.0,0.0,0.0
DC,2022-06-25,2022,25,98,4.0,2.0,3.0,0.0,0.0,0.0,0.0,0.0,2831.0,558.0,2259.0,432.0,0.8,0.0,0.77,0.0,48.71091954022989,0,2.0,3.0,5.0,2.0,0.0,0.0,0.0,0.0
DC,2022-07-02,2022,26,99,4.0,1.0,1.0,0.0,0.0,0.0,0.0,0.0,2820.0,560.0,2302.0,436.0,0.82,0.0,0.78,0.0,48.71091954022989,0,4.0,2.0,4.0,2.0,0.0,0.0,0.0,0.0
DC,2022-07-09,2022,27,100,8.0,2.0,2.0,0.0,0.0,0.0,0.0,0.0,2814.0,552.0,2298.0,432.0,0.82,0.0,0.78,0.0,48.71091954022989,0,4.0,4.0,3.0,4.0,0.0,0.0,0.0,0.0
DC,2022-07-16,2022,28,101,2.0,1.0,1.0,0.0,0.0,0.0,0.0,0.0,2832.0,560.0,2366.0,449.0,0.84,0.0,0.8,0.0,48.71091954022989,0,8.0,4.0,2.0,5.0,0.0,0.0,0.0,0.0
DC,2022-07-23,2022,29,102,1.0,1.0,0.0,0.0,0.0,0.0,0.0,0.0,2823.0,559.0,2306.0,436.0,0.82,0.0,0.78,0.0,48.71091954022989,0,2.0,8.0,4.0,5.0,0.0,0.0,0.0,0.0
DC,2022-07-30,2022,30,103,1.0,1.0,0.0,0.0,0.0,0.0,0.0,0.0,2836.0,563.0,2320.0,437.0,0.82,0.0,0.78,0.0,48.71091954022989,0,1.0,2.0,4.0,4.0,0.0,0.0,0.0,0.0
DC,2022-08-06,2022,31,104,1.0,0.0,2.0,0.0,0.0,0.0,0.0,0.0,2828.0,562.0,2293.0,443.0,0.81,0.0,0.79,0.0,48.71091954022989,0,1.0,1.0,8.0,3.0,0.0,0.0,0.0,0.0
DC,2022-08-13,2022,32,105,1.0,1.0,0.0,0.0,0.0,0.0,0.0,0.0,2825.0,567.0,2315.0,433.0,0.82,0.0,0.76,0.0,48.71091954022989,0,1.0,1.0,2.0,2.0,0.0,0.0,0.0,0.0
DC,2022-08-20,2022,33,106,1.0,0.0,0.0,0.0,0.0,0.0,0.0,0.0,2816.0,562.0,2305.0,438.0,0.82,0.0,0.78,0.0,48.71091954022989,0,1.0,1.0,1.0,4.0,0.0,0.0,0.0,0.0
DC,2022-08-27,2022,34,107,1.0,0.0,1.0,0.0,0.0,0.0,0.0,0.0,2827.0,559.0,2307.0,429.0,0.82,0.0,0.77,0.0,48.71091954022989,0,1.0,1.0,1.0,4.0,0.0,0.0,0.0,0.0
DC,2022-09-03,2022,35,108,1.0,0.0,0.0,0.0,0.0,0.0,0.0,0.0,2849.0,562.0,2336.0,450.0,0.82,0.0,0.8,0.0,48.71091954022989,0,1.0,1.0,1.0,8.0,0.0,0.0,0.0,0.0
DC,2022-09-10,2022,36,109,1.0,1.0,0.0,0.0,0.0,0.0,0.0,0.0,2843.0,562.0,2372.0,453.0,0.83,0.0,0.81,0.0,48.71091954022989,0,1.0,1.0,1.0,2.0,0.0,0.0,0.0,0.0
DC,2022-09-17,2022,37,110,0.0,0.0,0.0,0.0,0.0,0.0,0.0,0.0,2845.0,566.0,2377.0,459.0,0.84,0.0,0.81,0.0,48.71091954022989,0,1.0,1.0,1.0,1.0,0.0,0.0,0.0,0.0
DC,2022-09-24,2022,38,111,1.0,0.0,1.0,0.0,0.0,0.0,0.0,0.0,2827.0,559.0,2369.0,450.0,0.84,0.0,0.8,0.0,48.71091954022989,0,0.0,1.0,1.0,1.0,0.0,0.0,0.0,0.0
DC,2022-10-01,2022,39,112,0.0,0.0,0.0,0.0,0.0,0.0,0.0,0.0,2842.0,563.0,2366.0,455.0,0.83,0.0,0.81,0.0,48.71091954022989,0,1.0,0.0,1.0,1.0,0.0,0.0,0.0,0.0
DC,2022-10-08,2022,40,113,0.0,0.0,1.0,0.0,0.0,0.0,0.0,0.0,2817.0,552.0,2358.0,458.0,0.84,0.0,0.83,0.0,48.71091954022989,0,0.0,1.0,1.0,1.0,0.0,0.0,0.0,0.0
DC,2022-10-15,2022,41,114,2.0,0.0,2.0,0.0,0.0,0.0,0.0,0.0,2828.0,555.0,2384.0,459.0,0.84,0.0,0.83,0.0,48.71091954022989,0,0.0,0.0,0.0,1.0,0.0,0.0,0.0,0.0
DC,2022-10-22,2022,42,115,2.0,0.0,5.0,0.0,0.0,0.0,0.0,0.0,2838.0,555.0,2334.0,448.0,0.82,0.0,0.81,0.0,48.71091954022989,0,2.0,0.0,1.0,1.0,0.0,0.0,0.0,0.0
DC,2022-10-29,2022,43,116,6.0,2.0,11.0,0.0,0.0,0.0,0.0,0.0,2810.0,553.0,2319.0,452.0,0.83,0.0,0.82,0.0,48.71091954022989,0,2.0,2.0,0.0,1.0,0.0,0.0,0.0,0.0
DC,2022-11-05,2022,44,117,18.0,5.0,33.0,0.0,0.0,0.0,0.0,0.0,2836.0,551.0,2332.0,446.0,0.82,0.01,0.81,0.01,48.71091954022989,1,6.0,2.0,0.0,1.0,0.0,0.0,0.0,0.0
DC,2022-11-12,2022,45,118,22.0,5.0,44.0,0.0,0.0,0.0,0.0,0.0,2825.0,547.0,2360.0,451.0,0.84,0.01,0.82,0.01,48.71091954022989,1,18.0,6.0,2.0,0.0,0.01,0.0,0.0,0.0
DC,2022-11-19,2022,46,119,28.0,6.0,36.0,0.0,0.0,0.0,0.0,0.0,2837.0,564.0,2380.0,464.0,0.84,0.01,0.82,0.01,48.71091954022989,1,22.0,18.0,2.0,1.0,0.01,0.01,0.0,0.0
DC,2022-11-26,2022,47,120,40.0,10.0,58.0,0.0,0.0,0.0,0.0,0.0,2815.0,543.0,2236.0,434.0,0.79,0.01,0.8,0.02,48.71091954022989,1,28.0,22.0,6.0,0.0,0.01,0.01,0.0,0.0
DC,2022-12-03,2022,48,121,58.0,13.0,66.0,0.0,0.0,0.0,0.0,0.0,2857.0,559.0,2378.0,452.0,0.83,0.02,0.81,0.02,48.71091954022989,1,40.0,28.0,18.0,0.0,0.01,0.01,0.01,0.0
DC,2022-12-10,2022,49,122,50.0,10.0,41.0,0.0,0.0,0.0,0.0,0.0,2849.0,561.0,2402.0,451.0,0.84,0.02,0.8,0.02,48.71091954022989,1,58.0,40.0,22.0,2.0,0.02,0.01,0.01,0.0
DC,2022-12-17,2022,50,123,35.0,8.0,23.0,0.0,0.0,0.0,0.0,0.0,2899.0,570.0,2443.0,459.0,0.84,0.01,0.8,0.01,48.71091954022989,1,50.0,58.0,28.0,2.0,0.02,0.02,0.01,0.0
DC,2022-12-24,2022,51,124,29.0,9.0,21.0,0.0,0.0,0.0,0.0,0.0,2786.0,554.0,2265.0,439.0,0.81,0.01,0.79,0.02,48.71091954022989,1,35.0,50.0,40.0,6.0,0.01,0.02,0.01,0.0
DC,2022-12-31,2022,52,125,35.0,8.0,32.0,0.0,0.0,0.0,0.0,0.0,2741.0,544.0,2100.0,413.0,0.77,0.01,0.76,0.01,48.71091954022989,1,29.0,35.0,58.0,18.0,0.01,0.01,0.02,0.01
DE,2020-10-03,2020,40,8,0.0,0.0,0.0,0.0,0.0,0.0,0.0,0.0,2330.0,316.0,1746.0,235.0,0.75,0.0,0.74,0.0,40.162926829268294,0,0.0,0.0,0.0,0.0,0.0,0.0,0.0,0.0
DE,2020-10-10,2020,41,9,0.0,0.0,0.0,0.0,0.0,0.0,0.0,0.0,2427.0,333.0,1816.0,245.0,0.75,0.0,0.74,0.0,40.162926829268294,0,0.0,0.0,0.0,0.0,0.0,0.0,0.0,0.0
DE,2020-10-17,2020,42,10,0.0,0.0,0.0,0.0,0.0,0.0,0.0,0.0,2450.0,322.0,1856.0,242.0,0.76,0.0,0.75,0.0,40.162926829268294,0,0.0,0.0,0.0,0.0,0.0,0.0,0.0,0.0
DE,2020-10-24,2020,43,11,0.0,0.0,0.0,0.0,0.0,0.0,0.0,0.0,2547.0,333.0,1739.0,247.0,0.68,0.0,0.74,0.0,40.162926829268294,0,0.0,0.0,0.0,0.0,0.0,0.0,0.0,0.0
DE,2020-10-31,2020,44,12,0.0,0.0,0.0,0.0,0.0,0.0,0.0,0.0,2554.0,348.0,1708.0,239.0,0.67,0.0,0.69,0.0,40.162926829268294,0,0.0,0.0,0.0,0.0,0.0,0.0,0.0,0.0
DE,2020-11-07,2020,45,13,0.0,0.0,0.0,0.0,0.0,0.0,0.0,0.0,2554.0,350.0,1688.0,250.0,0.66,0.0,0.71,0.0,40.162926829268294,0,0.0,0.0,0.0,0.0,0.0,0.0,0.0,0.0
DE,2020-11-14,2020,46,14,0.0,0.0,0.0,0.0,0.0,0.0,0.0,0.0,2550.0,351.0,1754.0,263.0,0.69,0.0,0.75,0.0,40.162926829268294,0,0.0,0.0,0.0,0.0,0.0,0.0,0.0,0.0
DE,2020-11-21,2020,47,15,0.0,0.0,0.0,0.0,0.0,0.0,0.0,0.0,2573.0,352.0,1811.0,271.0,0.7,0.0,0.77,0.0,40.162926829268294,0,0.0,0.0,0.0,0.0,0.0,0.0,0.0,0.0
DE,2020-11-28,2020,48,16,0.0,0.0,0.0,0.0,0.0,0.0,0.0,0.0,2566.0,352.0,1760.0,267.0,0.69,0.0,0.76,0.0,40.162926829268294,0,0.0,0.0,0.0,0.0,0.0,0.0,0.0,0.0
DE,2020-12-05,2020,49,17,0.0,0.0,0.0,0.0,0.0,0.0,0.0,0.0,2580.0,353.0,1829.0,259.0,0.71,0.0,0.73,0.0,40.162926829268294,0,0.0,0.0,0.0,0.0,0.0,0.0,0.0,0.0
DE,2020-12-12,2020,50,18,0.0,0.0,0.0,0.0,0.0,0.0,0.0,0.0,2610.0,356.0,1855.0,267.0,0.71,0.0,0.75,0.0,40.162926829268294,0,0.0,0.0,0.0,0.0,0.0,0.0,0.0,0.0
DE,2020-12-19,2020,51,19,1.0,0.0,0.0,0.0,0.0,0.0,0.0,0.0,2625.0,364.0,1828.0,276.0,0.7,0.0,0.76,0.0,40.162926829268294,0,0.0,0.0,0.0,0.0,0.0,0.0,0.0,0.0
DE,2020-12-26,2020,52,20,0.0,0.0,0.0,0.0,0.0,0.0,0.0,0.0,2599.0,369.0,1717.0,266.0,0.66,0.0,0.72,0.0,40.162926829268294,0,1.0,0.0,0.0,0.0,0.0,0.0,0.0,0.0
DE,2021-01-02,2021,53,21,0.0,0.0,0.0,0.0,0.0,0.0,0.0,0.0,2598.0,370.0,1813.0,263.0,0.7,0.0,0.71,0.0,37.65029239766082,0,0.0,1.0,0.0,0.0,0.0,0.0,0.0,0.0
DE,2021-01-09,2021,1,22,0.0,0.0,0.0,0.0,0.0,0.0,0.0,0.0,2619.0,372.0,1892.0,274.0,0.72,0.0,0.74,0.0,37.65029239766082,0,0.0,0.0,0.0,0.0,0.0,0.0,0.0,0.0
DE,2021-01-16,2021,2,23,0.0,0.0,3.0,0.0,0.0,0.0,0.0,0.0,2655.0,371.0,1926.0,266.0,0.73,0.0,0.72,0.0,37.65029239766082,0,0.0,0.0,1.0,0.0,0.0,0.0,0.0,0.0
DE,2021-01-23,2021,3,24,1.0,0.0,0.0,0.0,0.0,0.0,0.0,0.0,2656.0,371.0,1959.0,280.0,0.74,0.0,0.75,0.0,37.65029239766082,0,0.0,0.0,0.0,0.0,0.0,0.0,0.0,0.0
DE,2021-01-30,2021,4,25,1.0,0.0,0.0,0.0,0.0,0.0,0.0,0.0,2648.0,373.0,1932.0,280.0,0.73,0.0,0.75,0.0,37.65029239766082,0,1.0,0.0,0.0,0.0,0.0,0.0,0.0,0.0
DE,2021-02-06,2021,5,26,1.0,0.0,0.0,0.0,0.0,0.0,0.0,0.0,2626.0,369.0,1880.0,254.0,0.72,0.0,0.69,0.0,37.65029239766082,0,1.0,1.0,0.0,0.0,0.0,0.0,0.0,0.0
DE,2021-02-13,2021,6,27,1.0,0.0,0.0,0.0,0.0,0.0,0.0,0.0,2632.0,370.0,1886.0,259.0,0.72,0.0,0.7,0.0,37.65029239766082,0,1.0,1.0,0.0,1.0,0.0,0.0,0.0,0.0
DE,2021-02-20,2021,7,28,1.0,0.0,0.0,0.0,0.0,0.0,0.0,0.0,2599.0,369.0,1820.0,267.0,0.7,0.0,0.72,0.0,37.65029239766082,0,1.0,1.0,1.0,0.0,0.0,0.0,0.0,0.0
DE,2021-02-27,2021,8,29,1.0,0.0,0.0,0.0,0.0,0.0,0.0,0.0,2628.0,370.0,1835.0,280.0,0.7,0.0,0.76,0.0,37.65029239766082,0,1.0,1.0,1.0,0.0,0.0,0.0,0.0,0.0
DE,2021-03-06,2021,9,30,1.0,0.0,0.0,0.0,0.0,0.0,0.0,0.0,2625.0,368.0,1807.0,277.0,0.69,0.0,0.75,0.0,37.65029239766082,0,1.0,1.0,1.0,0.0,0.0,0.0,0.0,0.0
DE,2021-03-13,2021,10,31,0.0,0.0,0.0,0.0,0.0,0.0,0.0,0.0,2658.0,374.0,1844.0,278.0,0.69,0.0,0.74,0.0,37.65029239766082,0,1.0,1.0,1.0,0.0,0.0,0.0,0.0,0.0
DE,2021-03-20,2021,11,32,0.0,0.0,0.0,0.0,0.0,0.0,0.0,0.0,2628.0,365.0,1824.0,261.0,0.69,0.0,0.71,0.0,37.65029239766082,0,0.0,1.0,1.0,1.0,0.0,0.0,0.0,0.0
DE,2021-03-27,2021,12,33,0.0,0.0,0.0,0.0,0.0,0.0,0.0,0.0,2629.0,365.0,1867.0,272.0,0.71,0.0,0.74,0.0,37.65029239766082,0,0.0,0.0,1.0,1.0,0.0,0.0,0.0,0.0
DE,2021-04-03,2021,13,34,0.0,0.0,0.0,0.0,0.0,0.0,0.0,0.0,2635.0,365.0,1863.0,280.0,0.71,0.0,0.77,0.0,37.65029239766082,0,0.0,0.0,1.0,1.0,0.0,0.0,0.0,0.0
DE,2021-04-10,2021,14,35,0.0,0.0,0.0,0.0,0.0,0.0,0.0,0.0,2634.0,365.0,1874.0,285.0,0.71,0.0,0.78,0.0,37.65029239766082,0,0.0,0.0,0.0,1.0,0.0,0.0,0.0,0.0
DE,2021-04-17,2021,15,36,0.0,0.0,0.0,0.0,0.0,0.0,0.0,0.0,2642.0,366.0,1934.0,276.0,0.73,0.0,0.75,0.0,37.65029239766082,0,0.0,0.0,0.0,1.0,0.0,0.0,0.0,0.0
DE,2021-04-24,2021,16,37,1.0,0.0,2.0,0.0,0.0,0.0,0.0,0.0,2641.0,366.0,1950.0,278.0,0.74,0.0,0.76,0.0,37.65029239766082,0,0.0,0.0,0.0,1.0,0.0,0.0,0.0,0.0
DE,2021-05-01,2021,17,38,0.0,0.0,0.0,0.0,0.0,0.0,0.0,0.0,2632.0,361.0,1905.0,259.0,0.72,0.0,0.72,0.0,37.65029239766082,0,1.0,0.0,0.0,1.0,0.0,0.0,0.0,0.0
DE,2021-05-08,2021,18,39,0.0,0.0,0.0,0.0,0.0,0.0,0.0,0.0,2678.0,354.0,1945.0,249.0,0.73,0.0,0.7,0.0,37.65029239766082,0,0.0,1.0,0.0,0.0,0.0,0.0,0.0,0.0
DE,2021-05-15,2021,19,40,0.0,0.0,0.0,0.0,0.0,0.0,0.0,0.0,2725.0,354.0,1975.0,246.0,0.72,0.0,0.69,0.0,37.65029239766082,0,0.0,0.0,0.0,0.0,0.0,0.0,0.0,0.0
DE,2021-05-22,2021,20,41,0.0,0.0,0.0,0.0,0.0,0.0,0.0,0.0,2936.0,435.0,2076.0,270.0,0.71,0.0,0.62,0.0,37.65029239766082,0,0.0,0.0,1.0,0.0,0.0,0.0,0.0,0.0
DE,2021-05-29,2021,21,42,0.0,0.0,0.0,0.0,0.0,0.0,0.0,0.0,2925.0,435.0,2005.0,258.0,0.69,0.0,0.59,0.0,37.65029239766082,0,0.0,0.0,0.0,0.0,0.0,0.0,0.0,0.0
DE,2021-06-05,2021,22,43,0.0,0.0,0.0,0.0,0.0,0.0,0.0,0.0,2764.0,355.0,1950.0,244.0,0.71,0.0,0.69,0.0,37.65029239766082,0,0.0,0.0,0.0,0.0,0.0,0.0,0.0,0.0
DE,2021-06-12,2021,23,44,0.0,0.0,0.0,0.0,0.0,0.0,0.0,0.0,2769.0,360.0,2066.0,257.0,0.75,0.0,0.71,0.0,37.65029239766082,0,0.0,0.0,0.0,0.0,0.0,0.0,0.0,0.0
DE,2021-06-19,2021,24,45,0.0,0.0,0.0,0.0,0.0,0.0,0.0,0.0,2761.0,353.0,2057.0,259.0,0.75,0.0,0.73,0.0,37.65029239766082,0,0.0,0.0,0.0,1.0,0.0,0.0,0.0,0.0
DE,2021-06-26,2021,25,46,0.0,0.0,0.0,0.0,0.0,0.0,0.0,0.0,2745.0,358.0,2048.0,267.0,0.75,0.0,0.75,0.0,37.65029239766082,0,0.0,0.0,0.0,0.0,0.0,0.0,0.0,0.0
DE,2021-07-03,2021,26,47,0.0,0.0,0.0,0.0,0.0,0.0,0.0,0.0,2762.0,362.0,2057.0,264.0,0.74,0.0,0.73,0.0,37.65029239766082,0,0.0,0.0,0.0,0.0,0.0,0.0,0.0,0.0
DE,2021-07-10,2021,27,48,0.0,0.0,0.0,0.0,0.0,0.0,0.0,0.0,2761.0,361.0,2043.0,258.0,0.74,0.0,0.71,0.0,37.65029239766082,0,0.0,0.0,0.0,0.0,0.0,0.0,0.0,0.0
DE,2021-07-17,2021,28,49,0.0,0.0,0.0,0.0,0.0,0.0,0.0,0.0,2771.0,360.0,2067.0,264.0,0.75,0.0,0.73,0.0,37.65029239766082,0,0.0,0.0,0.0,0.0,0.0,0.0,0.0,0.0
DE,2021-07-24,2021,29,50,0.0,0.0,0.0,0.0,0.0,0.0,0.0,0.0,2782.0,359.0,2083.0,269.0,0.75,0.0,0.75,0.0,37.65029239766082,0,0.0,0.0,0.0,0.0,0.0,0.0,0.0,0.0
DE,2021-07-31,2021,30,51,0.0,0.0,0.0,0.0,0.0,0.0,0.0,0.0,2763.0,359.0,2017.0,250.0,0.73,0.0,0.7,0.0,37.65029239766082,0,0.0,0.0,0.0,0.0,0.0,0.0,0.0,0.0
DE,2021-08-07,2021,31,52,0.0,0.0,0.0,0.0,0.0,0.0,0.0,0.0,2761.0,359.0,2043.0,255.0,0.74,0.0,0.71,0.0,37.65029239766082,0,0.0,0.0,0.0,0.0,0.0,0.0,0.0,0.0
DE,2021-08-14,2021,32,53,0.0,0.0,0.0,0.0,0.0,0.0,0.0,0.0,2761.0,359.0,2071.0,257.0,0.75,0.0,0.72,0.0,37.65029239766082,0,0.0,0.0,0.0,0.0,0.0,0.0,0.0,0.0
DE,2021-08-21,2021,33,54,0.0,0.0,0.0,0.0,0.0,0.0,0.0,0.0,2762.0,359.0,2084.0,250.0,0.75,0.0,0.7,0.0,37.65029239766082,0,0.0,0.0,0.0,0.0,0.0,0.0,0.0,0.0
DE,2021-08-28,2021,34,55,0.0,0.0,0.0,0.0,0.0,0.0,0.0,0.0,2798.0,359.0,2118.0,252.0,0.76,0.0,0.7,0.0,37.65029239766082,0,0.0,0.0,0.0,0.0,0.0,0.0,0.0,0.0
DE,2021-09-04,2021,35,56,0.0,0.0,0.0,0.0,0.0,0.0,0.0,0.0,2809.0,358.0,2139.0,270.0,0.76,0.0,0.75,0.0,37.65029239766082,0,0.0,0.0,0.0,0.0,0.0,0.0,0.0,0.0
DE,2021-09-11,2021,36,57,0.0,0.0,0.0,0.0,0.0,0.0,0.0,0.0,2804.0,363.0,2132.0,278.0,0.76,0.0,0.76,0.0,37.65029239766082,0,0.0,0.0,0.0,0.0,0.0,0.0,0.0,0.0
DE,2021-09-18,2021,37,58,0.0,0.0,0.0,0.0,0.0,0.0,0.0,0.0,2829.0,371.0,2222.0,288.0,0.79,0.0,0.78,0.0,37.65029239766082,0,0.0,0.0,0.0,0.0,0.0,0.0,0.0,0.0
DE,2021-09-25,2021,38,59,0.0,0.0,0.0,0.0,0.0,0.0,0.0,0.0,2824.0,371.0,2153.0,288.0,0.76,0.0,0.78,0.0,37.65029239766082,0,0.0,0.0,0.0,0.0,0.0,0.0,0.0,0.0
DE,2021-10-02,2021,39,60,0.0,0.0,0.0,0.0,0.0,0.0,0.0,0.0,2832.0,371.0,2166.0,290.0,0.76,0.0,0.78,0.0,37.65029239766082,0,0.0,0.0,0.0,0.0,0.0,0.0,0.0,0.0
DE,2021-10-09,2021,40,61,0.0,0.0,0.0,0.0,0.0,0.0,0.0,0.0,2814.0,371.0,2163.0,284.0,0.77,0.0,0.77,0.0,37.65029239766082,0,0.0,0.0,0.0,0.0,0.0,0.0,0.0,0.0
DE,2021-10-16,2021,41,62,0.0,0.0,0.0,0.0,0.0,0.0,0.0,0.0,2825.0,371.0,2182.0,284.0,0.77,0.0,0.76,0.0,37.65029239766082,0,0.0,0.0,0.0,0.0,0.0,0.0,0.0,0.0
DE,2021-10-23,2021,42,63,0.0,0.0,0.0,0.0,0.0,0.0,0.0,0.0,2822.0,371.0,2176.0,289.0,0.77,0.0,0.78,0.0,37.65029239766082,0,0.0,0.0,0.0,0.0,0.0,0.0,0.0,0.0
DE,2021-10-30,2021,43,64,0.0,0.0,0.0,0.0,0.0,0.0,0.0,0.0,2819.0,371.0,2133.0,276.0,0.76,0.0,0.74,0.0,37.65029239766082,0,0.0,0.0,0.0,0.0,0.0,0.0,0.0,0.0
DE,2021-11-06,2021,44,65,0.0,0.0,0.0,0.0,0.0,0.0,0.0,0.0,2818.0,368.0,2129.0,275.0,0.76,0.0,0.75,0.0,37.65029239766082,0,0.0,0.0,0.0,0.0,0.0,0.0,0.0,0.0
DE,2021-11-13,2021,45,66,0.0,0.0,0.0,0.0,0.0,0.0,0.0,0.0,2831.0,370.0,2164.0,268.0,0.76,0.0,0.73,0.0,37.65029239766082,0,0.0,0.0,0.0,0.0,0.0,0.0,0.0,0.0
DE,2021-11-20,2021,46,67,0.0,0.0,0.0,0.0,0.0,0.0,0.0,0.0,2827.0,368.0,2145.0,279.0,0.76,0.0,0.76,0.0,37.65029239766082,0,0.0,0.0,0.0,0.0,0.0,0.0,0.0,0.0
DE,2021-11-27,2021,47,68,0.0,0.0,0.0,0.0,0.0,0.0,0.0,0.0,2817.0,366.0,2042.0,272.0,0.72,0.0,0.74,0.0,37.65029239766082,0,0.0,0.0,0.0,0.0,0.0,0.0,0.0,0.0
DE,2021-12-04,2021,48,69,0.0,0.0,0.0,0.0,0.0,0.0,0.0,0.0,2834.0,369.0,2142.0,280.0,0.76,0.0,0.76,0.0,37.65029239766082,0,0.0,0.0,0.0,0.0,0.0,0.0,0.0,0.0
DE,2021-12-11,2021,49,70,1.0,0.0,1.0,0.0,0.0,0.0,0.0,0.0,2845.0,370.0,2208.0,289.0,0.78,0.0,0.78,0.0,37.65029239766082,0,0.0,0.0,0.0,0.0,0.0,0.0,0.0,0.0
DE,2021-12-18,2021,50,71,2.0,0.0,6.0,0.0,0.0,0.0,0.0,0.0,2840.0,370.0,2229.0,284.0,0.78,0.0,0.77,0.0,37.65029239766082,0,1.0,0.0,0.0,0.0,0.0,0.0,0.0,0.0
DE,2021-12-25,2021,51,72,2.0,0.0,3.0,0.0,0.0,0.0,0.0,0.0,2820.0,368.0,2147.0,272.0,0.76,0.0,0.74,0.0,37.65029239766082,0,2.0,1.0,0.0,0.0,0.0,0.0,0.0,0.0
DE,2022-01-01,2022,52,73,4.0,0.0,10.0,0.0,0.0,0.0,0.0,0.0,2822.0,372.0,2129.0,273.0,0.75,0.0,0.73,0.0,37.50289017341041,0,2.0,2.0,0.0,0.0,0.0,0.0,0.0,0.0
DE,2022-01-08,2022,1,74,1.0,0.0,6.0,0.0,0.0,0.0,0.0,0.0,2853.0,374.0,2263.0,286.0,0.79,0.0,0.77,0.0,37.50289017341041,0,4.0,2.0,1.0,0.0,0.0,0.0,0.0,0.0
DE,2022-01-15,2022,2,75,0.0,0.0,0.0,0.0,0.0,0.0,0.0,0.0,2887.0,373.0,2324.0,280.0,0.8,0.0,0.75,0.0,37.50289017341041,0,1.0,4.0,2.0,0.0,0.0,0.0,0.0,0.0
DE,2022-01-22,2022,3,76,0.0,0.0,0.0,0.0,0.0,0.0,0.0,0.0,2877.0,370.0,2302.0,291.0,0.8,0.0,0.79,0.0,37.50289017341041,0,0.0,1.0,2.0,0.0,0.0,0.0,0.0,0.0
DE,2022-01-29,2022,4,77,0.0,0.0,0.0,0.0,0.0,0.0,0.0,0.0,2871.0,365.0,2240.0,276.0,0.78,0.0,0.75,0.0,37.50289017341041,0,0.0,0.0,4.0,0.0,0.0,0.0,0.0,0.0
DE,2022-02-05,2022,5,78,1.0,0.0,0.0,0.0,0.0,0.0,0.0,0.0,2771.0,334.0,2142.0,256.0,0.77,0.0,0.77,0.0,37.50289017341041,0,0.0,0.0,1.0,1.0,0.0,0.0,0.0,0.0
DE,2022-02-12,2022,6,79,0.0,0.0,0.0,0.0,0.0,0.0,0.0,0.0,2520.0,275.0,2034.0,264.0,0.81,0.0,0.96,0.0,37.50289017341041,0,1.0,0.0,0.0,2.0,0.0,0.0,0.0,0.0
DE,2022-02-19,2022,7,80,0.0,0.0,0.0,0.0,0.0,0.0,0.0,0.0,2525.0,274.0,1997.0,250.0,0.79,0.0,0.91,0.0,37.50289017341041,0,0.0,1.0,0.0,2.0,0.0,0.0,0.0,0.0
DE,2022-02-26,2022,8,81,0.0,0.0,0.0,0.0,0.0,0.0,0.0,0.0,2534.0,273.0,2014.0,251.0,0.79,0.0,0.92,0.0,37.50289017341041,0,0.0,0.0,0.0,4.0,0.0,0.0,0.0,0.0
DE,2022-03-05,2022,9,82,1.0,0.0,1.0,0.0,0.0,0.0,0.0,0.0,2523.0,273.0,1957.0,229.0,0.78,0.0,0.84,0.0,37.50289017341041,0,0.0,0.0,1.0,1.0,0.0,0.0,0.0,0.0
DE,2022-03-12,2022,10,83,2.0,0.0,7.0,0.0,0.0,0.0,0.0,0.0,2523.0,274.0,2052.0,245.0,0.81,0.0,0.9,0.0,37.50289017341041,0,1.0,0.0,0.0,0.0,0.0,0.0,0.0,0.0
DE,2022-03-19,2022,11,84,3.0,0.0,4.0,0.0,0.0,0.0,0.0,0.0,2520.0,273.0,1924.0,224.0,0.76,0.0,0.82,0.0,37.50289017341041,0,2.0,1.0,0.0,0.0,0.0,0.0,0.0,0.0
DE,2022-03-26,2022,12,85,5.0,0.0,4.0,0.0,0.0,0.0,0.0,0.0,2537.0,275.0,2442.0,275.0,0.96,0.0,1.1,0.0,37.50289017341041,0,3.0,2.0,0.0,0.0,0.0,0.0,0.0,0.0
DE,2022-04-02,2022,13,86,3.0,1.0,3.0,0.0,0.0,0.0,0.0,0.0,2522.0,272.0,1985.0,252.0,0.79,0.0,0.93,0.0,37.50289017341041,0,5.0,3.0,1.0,1.0,0.0,0.0,0.0,0.0
DE,2022-04-09,2022,14,87,5.0,0.0,7.0,0.0,0.0,0.0,0.0,0.0,2519.0,269.0,1988.0,246.0,0.79,0.0,0.91,0.0,37.50289017341041,0,3.0,5.0,2.0,0.0,0.0,0.0,0.0,0.0
DE,2022-04-16,2022,15,88,11.0,0.0,38.0,0.0,0.0,0.0,0.0,0.0,2517.0,272.0,1997.0,230.0,0.79,0.0,0.84,0.0,37.50289017341041,1,5.0,3.0,3.0,0.0,0.0,0.0,0.0,0.0
DE,2022-04-23,2022,16,89,6.0,0.0,17.0,0.0,0.0,0.0,0.0,0.0,2514.0,271.0,1972.0,242.0,0.78,0.0,0.89,0.0,37.50289017341041,0,11.0,5.0,5.0,0.0,0.0,0.0,0.0,0.0
DE,2022-04-30,2022,17,90,6.0,1.0,7.0,0.0,0.0,0.0,0.0,0.0,2516.0,270.0,2026.0,242.0,0.81,0.0,0.9,0.0,37.50289017341041,0,6.0,11.0,3.0,1.0,0.0,0.0,0.0,0.0
DE,2022-05-07,2022,18,91,6.0,1.0,4.0,0.0,0.0,0.0,0.0,0.0,2519.0,273.0,2008.0,256.0,0.8,0.0,0.94,0.0,37.50289017341041,0,6.0,6.0,5.0,2.0,0.0,0.0,0.0,0.0
DE,2022-05-14,2022,19,92,4.0,1.0,3.0,0.0,0.0,0.0,0.0,0.0,2522.0,273.0,2025.0,248.0,0.8,0.0,0.91,0.0,37.50289017341041,0,6.0,6.0,11.0,3.0,0.0,0.0,0.0,0.0
DE,2022-05-21,2022,20,93,4.0,2.0,4.0,0.0,0.0,0.0,0.0,0.0,2516.0,272.0,2026.0,241.0,0.81,0.0,0.88,0.01,37.50289017341041,0,4.0,6.0,6.0,5.0,0.0,0.0,0.0,0.0
DE,2022-05-28,2022,21,94,3.0,2.0,3.0,0.0,0.0,0.0,0.0,0.0,2517.0,273.0,2192.0,268.0,0.87,0.0,0.98,0.01,37.50289017341041,0,4.0,4.0,6.0,3.0,0.0,0.0,0.0,0.0
DE,2022-06-04,2022,22,95,3.0,1.0,9.0,0.0,0.0,0.0,0.0,0.0,2519.0,273.0,2057.0,259.0,0.82,0.0,0.95,0.0,37.50289017341041,0,3.0,4.0,6.0,5.0,0.0,0.0,0.0,0.0
DE,2022-06-11,2022,23,96,2.0,0.0,6.0,0.0,0.0,0.0,0.0,0.0,2520.0,273.0,2055.0,250.0,0.82,0.0,0.91,0.0,37.50289017341041,0,3.0,3.0,4.0,11.0,0.0,0.0,0.0,0.0
DE,2022-06-18,2022,24,97,1.0,0.0,1.0,0.0,0.0,0.0,0.0,0.0,2519.0,274.0,2044.0,250.0,0.81,0.0,0.91,0.0,37.50289017341041,0,2.0,3.0,4.0,6.0,0.0,0.0,0.0,0.0
DE,2022-06-25,2022,25,98,2.0,0.0,2.0,0.0,0.0,0.0,0.0,0.0,2519.0,274.0,2044.0,244.0,0.81,0.0,0.89,0.0,37.50289017341041,0,1.0,2.0,3.0,6.0,0.0,0.0,0.0,0.0
DE,2022-07-02,2022,26,99,0.0,0.0,0.0,0.0,0.0,0.0,0.0,0.0,2518.0,274.0,2010.0,242.0,0.8,0.0,0.88,0.0,37.50289017341041,0,2.0,1.0,3.0,6.0,0.0,0.0,0.0,0.0
DE,2022-07-09,2022,27,100,0.0,0.0,0.0,0.0,0.0,0.0,0.0,0.0,2517.0,274.0,2013.0,254.0,0.8,0.0,0.93,0.0,37.50289017341041,0,0.0,2.0,2.0,4.0,0.0,0.0,0.0,0.0
DE,2022-07-16,2022,28,101,0.0,0.0,1.0,0.0,0.0,0.0,0.0,0.0,2515.0,273.0,2247.0,273.0,0.89,0.0,1.06,0.0,37.50289017341041,0,0.0,0.0,1.0,4.0,0.0,0.0,0.0,0.0
DE,2022-07-23,2022,29,102,0.0,0.0,0.0,0.0,0.0,0.0,0.0,0.0,2519.0,273.0,2096.0,262.0,0.83,0.0,0.96,0.0,37.50289017341041,0,0.0,0.0,2.0,3.0,0.0,0.0,0.0,0.0
DE,2022-07-30,2022,30,103,0.0,0.0,0.0,0.0,0.0,0.0,0.0,0.0,2519.0,273.0,2238.0,273.0,0.89,0.0,1.09,0.0,37.50289017341041,0,0.0,0.0,0.0,3.0,0.0,0.0,0.0,0.0
DE,2022-08-06,2022,31,104,0.0,0.0,0.0,0.0,0.0,0.0,0.0,0.0,2515.0,273.0,2062.0,263.0,0.82,0.0,0.96,0.0,37.50289017341041,0,0.0,0.0,0.0,2.0,0.0,0.0,0.0,0.0
DE,2022-08-13,2022,32,105,0.0,0.0,0.0,0.0,0.0,0.0,0.0,0.0,2526.0,273.0,2221.0,271.0,0.88,0.0,0.99,0.0,37.50289017341041,0,0.0,0.0,0.0,1.0,0.0,0.0,0.0,0.0
DE,2022-08-20,2022,33,106,0.0,0.0,0.0,0.0,0.0,0.0,0.0,0.0,2527.0,273.0,2079.0,254.0,0.82,0.0,0.93,0.0,37.50289017341041,0,0.0,0.0,0.0,2.0,0.0,0.0,0.0,0.0
DE,2022-08-27,2022,34,107,0.0,0.0,0.0,0.0,0.0,0.0,0.0,0.0,2525.0,273.0,2105.0,259.0,0.83,0.0,0.95,0.0,37.50289017341041,0,0.0,0.0,0.0,0.0,0.0,0.0,0.0,0.0
DE,2022-09-03,2022,35,108,0.0,0.0,1.0,0.0,0.0,0.0,0.0,0.0,2527.0,273.0,2086.0,265.0,0.83,0.0,0.97,0.0,37.50289017341041,0,0.0,0.0,0.0,0.0,0.0,0.0,0.0,0.0
DE,2022-09-10,2022,36,109,1.0,0.0,0.0,0.0,0.0,0.0,0.0,0.0,2526.0,273.0,2075.0,253.0,0.82,0.0,0.93,0.0,37.50289017341041,0,0.0,0.0,0.0,0.0,0.0,0.0,0.0,0.0
DE,2022-09-17,2022,37,110,0.0,0.0,2.0,0.0,0.0,0.0,0.0,0.0,2522.0,273.0,2096.0,261.0,0.83,0.0,0.96,0.0,37.50289017341041,0,1.0,0.0,0.0,0.0,0.0,0.0,0.0,0.0
DE,2022-09-24,2022,38,111,0.0,0.0,0.0,0.0,0.0,0.0,0.0,0.0,2522.0,273.0,2076.0,252.0,0.82,0.0,0.92,0.0,37.50289017341041,0,0.0,1.0,0.0,0.0,0.0,0.0,0.0,0.0
DE,2022-10-01,2022,39,112,0.0,0.0,0.0,0.0,0.0,0.0,0.0,0.0,2521.0,273.0,2087.0,263.0,0.83,0.0,0.96,0.0,37.50289017341041,0,0.0,0.0,0.0,0.0,0.0,0.0,0.0,0.0
DE,2022-10-08,2022,40,113,0.0,0.0,0.0,0.0,0.0,0.0,0.0,0.0,2522.0,273.0,2100.0,256.0,0.83,0.0,0.94,0.0,37.50289017341041,0,0.0,0.0,1.0,0.0,0.0,0.0,0.0,0.0
DE,2022-10-15,2022,41,114,1.0,0.0,0.0,0.0,0.0,0.0,0.0,0.0,2524.0,273.0,2524.0,273.0,1.12,0.0,1.28,0.0,37.50289017341041,0,0.0,0.0,0.0,0.0,0.0,0.0,0.0,0.0
DE,2022-10-22,2022,42,115,0.0,0.0,1.0,0.0,0.0,0.0,0.0,0.0,2524.0,273.0,2074.0,256.0,0.82,0.0,0.94,0.0,37.50289017341041,0,1.0,0.0,0.0,0.0,0.0,0.0,0.0,0.0
DE,2022-10-29,2022,43,116,2.0,0.0,4.0,0.0,0.0,0.0,0.0,0.0,2525.0,274.0,2048.0,250.0,0.81,0.0,0.91,0.0,37.50289017341041,0,0.0,1.0,0.0,0.0,0.0,0.0,0.0,0.0
DE,2022-11-05,2022,44,117,5.0,0.0,10.0,0.0,0.0,0.0,0.0,0.0,2524.0,273.0,2063.0,249.0,0.82,0.0,0.91,0.0,37.50289017341041,0,2.0,0.0,0.0,1.0,0.0,0.0,0.0,0.0
DE,2022-11-12,2022,45,118,5.0,1.0,13.0,0.0,0.0,0.0,0.0,0.0,2527.0,273.0,2092.0,249.0,0.83,0.0,0.91,0.0,37.50289017341041,0,5.0,2.0,1.0,0.0,0.0,0.0,0.0,0.0
DE,2022-11-19,2022,46,119,18.0,4.0,53.0,0.0,0.0,0.0,0.0,0.0,2526.0,273.0,2084.0,265.0,0.82,0.01,0.97,0.01,37.50289017341041,1,5.0,5.0,0.0,0.0,0.0,0.0,0.0,0.0
DE,2022-11-26,2022,47,120,25.0,3.0,39.0,0.0,0.0,0.0,0.0,0.0,2521.0,273.0,1990.0,253.0,0.79,0.01,0.93,0.01,37.50289017341041,1,18.0,5.0,2.0,0.0,0.01,0.0,0.0,0.0
DE,2022-12-03,2022,48,121,45.0,4.0,86.0,0.0,0.0,0.0,0.0,0.0,2528.0,273.0,2528.0,273.0,1.14,0.02,1.35,0.02,37.50289017341041,1,25.0,18.0,5.0,0.0,0.01,0.01,0.0,0.0
DE,2022-12-10,2022,49,122,25.0,3.0,30.0,0.0,0.0,0.0,0.0,0.0,2528.0,273.0,2097.0,250.0,0.83,0.01,0.91,0.01,37.50289017341041,1,45.0,25.0,5.0,1.0,0.02,0.01,0.0,0.0
DE,2022-12-17,2022,50,123,24.0,2.0,25.0,0.0,0.0,0.0,0.0,0.0,2701.0,283.0,2213.0,226.0,0.82,0.01,0.8,0.01,37.50289017341041,1,25.0,45.0,18.0,0.0,0.01,0.02,0.01,0.0
DE,2022-12-24,2022,51,124,28.0,3.0,29.0,0.0,0.0,0.0,0.0,0.0,2455.0,273.0,2097.0,197.0,0.85,0.01,0.72,0.01,37.50289017341041,1,24.0,25.0,25.0,2.0,0.01,0.01,0.01,0.0
DE,2022-12-31,2022,52,125,25.0,1.0,42.0,0.0,0.0,0.0,0.0,0.0,2546.0,273.0,1967.0,245.0,0.77,0.01,0.9,0.0,37.50289017341041,1,28.0,24.0,45.0,5.0,0.01,0.01,0.02,0.0
FL,2020-10-03,2020,40,8,74.0,9.0,90.0,0.0,20.5,31.5,25.5,41.0,82414.0,8215.0,45866.0,6031.0,0.56,0.0,0.73,0.0,30.356284153005465,0,74.0,74.0,74.0,74.0,0.0,0.0,0.0,0.0
FL,2020-10-10,2020,41,9,74.0,9.0,90.0,0.0,20.5,31.5,25.5,41.0,81026.0,8105.0,45811.0,6026.0,0.57,0.0,0.74,0.0,30.356284153005465,0,74.0,74.0,74.0,74.0,0.0,0.0,0.0,0.0
FL,2020-10-17,2020,42,10,0.0,0.0,0.0,0.0,20.5,31.5,25.5,41.0,80733.0,8154.0,46336.0,6012.0,0.57,0.0,0.74,0.0,30.356284153005465,0,74.0,74.0,74.0,74.0,0.0,0.0,0.0,0.0
FL,2020-10-24,2020,43,11,18.0,4.0,21.0,0.0,20.5,31.5,25.5,41.0,81286.0,8264.0,46236.0,6073.0,0.57,0.0,0.73,0.0,30.356284153005465,0,0.0,74.0,74.0,74.0,0.0,0.0,0.0,0.0
FL,2020-10-31,2020,44,12,28.0,4.0,21.0,0.0,20.5,31.5,25.5,41.0,72149.0,8630.0,45255.0,6286.0,0.63,0.0,0.73,0.0,30.356284153005465,0,18.0,0.0,74.0,74.0,0.0,0.0,0.0,0.0
FL,2020-11-07,2020,45,13,23.0,3.0,30.0,0.0,20.5,31.5,25.5,41.0,51519.0,8110.0,38139.0,5806.0,0.74,0.0,0.72,0.0,30.356284153005465,0,28.0,18.0,74.0,74.0,0.0,0.0,0.0,0.0
FL,2020-11-14,2020,46,14,27.0,6.0,38.0,0.0,20.5,31.5,25.5,41.0,51150.0,7986.0,39239.0,6032.0,0.77,0.0,0.76,0.0,30.356284153005465,0,23.0,28.0,0.0,74.0,0.0,0.0,0.0,0.0
FL,2020-11-21,2020,47,15,32.0,9.0,34.0,0.0,20.5,31.5,25.5,41.0,51334.0,8000.0,39542.0,6086.0,0.77,0.0,0.76,0.0,30.356284153005465,0,27.0,23.0,18.0,74.0,0.0,0.0,0.0,0.0
FL,2020-11-28,2020,48,16,38.0,9.0,46.0,0.0,20.5,31.5,25.5,41.0,51165.0,7975.0,37663.0,5976.0,0.74,0.0,0.75,0.0,30.356284153005465,0,32.0,27.0,28.0,74.0,0.0,0.0,0.0,0.0
FL,2020-12-05,2020,49,17,36.0,5.0,31.0,0.0,20.5,31.5,25.5,41.0,51497.0,7991.0,39883.0,6117.0,0.77,0.0,0.77,0.0,30.356284153005465,0,38.0,32.0,23.0,74.0,0.0,0.0,0.0,0.0
FL,2020-12-12,2020,50,18,31.0,5.0,38.0,0.0,20.5,31.5,25.5,41.0,51601.0,8021.0,40599.0,6252.0,0.79,0.0,0.78,0.0,30.356284153005465,0,36.0,38.0,27.0,0.0,0.0,0.0,0.0,0.0
FL,2020-12-19,2020,51,19,31.0,5.0,34.0,0.0,20.5,31.5,25.5,41.0,51763.0,8032.0,41517.0,6319.0,0.8,0.0,0.79,0.0,30.356284153005465,0,31.0,36.0,32.0,18.0,0.0,0.0,0.0,0.0
FL,2020-12-26,2020,52,20,31.0,8.0,50.0,0.0,20.5,31.5,25.5,41.0,51439.0,8045.0,39450.0,6125.0,0.77,0.0,0.76,0.0,30.356284153005465,0,31.0,31.0,38.0,28.0,0.0,0.0,0.0,0.0
FL,2021-01-02,2021,53,21,31.0,6.0,31.0,0.0,20.5,31.5,25.5,41.0,51524.0,8060.0,39697.0,6157.0,0.77,0.0,0.76,0.0,27.810555555555553,0,31.0,31.0,36.0,23.0,0.0,0.0,0.0,0.0
FL,2021-01-09,2021,1,22,30.0,7.0,40.0,0.0,20.5,31.5,25.5,41.0,52103.0,8139.0,42458.0,6464.0,0.81,0.0,0.79,0.0,27.810555555555553,0,31.0,31.0,31.0,27.0,0.0,0.0,0.0,0.0
FL,2021-01-16,2021,2,23,34.0,6.0,48.0,0.0,20.5,31.5,25.5,41.0,52237.0,8176.0,42615.0,6533.0,0.82,0.0,0.8,0.0,27.810555555555553,0,30.0,31.0,31.0,32.0,0.0,0.0,0.0,0.0
FL,2021-01-23,2021,3,24,35.0,5.0,50.0,0.0,20.5,31.5,25.5,41.0,52313.0,8182.0,42448.0,6494.0,0.81,0.0,0.79,0.0,27.810555555555553,0,34.0,30.0,31.0,38.0,0.0,0.0,0.0,0.0
FL,2021-01-30,2021,4,25,34.0,5.0,41.0,0.0,20.5,31.5,25.5,41.0,52422.0,8166.0,42887.0,6521.0,0.82,0.0,0.8,0.0,27.810555555555553,0,35.0,34.0,31.0,36.0,0.0,0.0,0.0,0.0
FL,2021-02-06,2021,5,26,39.0,6.0,52.0,0.0,20.5,31.5,25.5,41.0,52167.0,8144.0,41815.0,6410.0,0.8,0.0,0.79,0.0,27.810555555555553,0,34.0,35.0,30.0,31.0,0.0,0.0,0.0,0.0
FL,2021-02-13,2021,6,27,44.0,7.0,51.0,0.0,20.5,31.5,25.5,41.0,52240.0,8142.0,42134.0,6367.0,0.81,0.0,0.78,0.0,27.810555555555553,0,39.0,34.0,34.0,31.0,0.0,0.0,0.0,0.0
FL,2021-02-20,2021,7,28,33.0,3.0,42.0,0.0,20.5,31.5,25.5,41.0,52423.0,8141.0,41890.0,6247.0,0.8,0.0,0.77,0.0,27.810555555555553,0,44.0,39.0,35.0,31.0,0.0,0.0,0.0,0.0
FL,2021-02-27,2021,8,29,34.0,5.0,41.0,0.0,20.5,31.5,25.5,41.0,52462.0,8130.0,41439.0,6160.0,0.79,0.0,0.76,0.0,27.810555555555553,0,33.0,44.0,34.0,31.0,0.0,0.0,0.0,0.0
FL,2021-03-06,2021,9,30,34.0,6.0,43.0,0.0,20.5,31.5,25.5,41.0,52499.0,8124.0,41167.0,6139.0,0.78,0.0,0.76,0.0,27.810555555555553,0,34.0,33.0,39.0,30.0,0.0,0.0,0.0,0.0
FL,2021-03-13,2021,10,31,26.0,6.0,25.0,0.0,20.5,31.5,25.5,41.0,52477.0,8162.0,40757.0,6086.0,0.78,0.0,0.75,0.0,27.810555555555553,0,34.0,34.0,44.0,34.0,0.0,0.0,0.0,0.0
FL,2021-03-20,2021,11,32,30.0,5.0,55.0,0.0,20.5,31.5,25.5,41.0,52341.0,8178.0,40487.0,6062.0,0.77,0.0,0.74,0.0,27.810555555555553,0,26.0,34.0,33.0,35.0,0.0,0.0,0.0,0.0
FL,2021-03-27,2021,12,33,30.0,5.0,49.0,0.0,20.5,31.5,25.5,41.0,52404.0,8170.0,40711.0,6064.0,0.78,0.0,0.74,0.0,27.810555555555553,0,30.0,26.0,34.0,34.0,0.0,0.0,0.0,0.0
FL,2021-04-03,2021,13,34,36.0,7.0,56.0,0.0,20.5,31.5,25.5,41.0,52518.0,8150.0,40826.0,6006.0,0.78,0.0,0.74,0.0,27.810555555555553,0,30.0,30.0,34.0,39.0,0.0,0.0,0.0,0.0
FL,2021-04-10,2021,14,35,23.0,3.0,39.0,0.0,20.5,31.5,25.5,41.0,52470.0,8140.0,40551.0,6117.0,0.77,0.0,0.75,0.0,27.810555555555553,0,36.0,30.0,26.0,44.0,0.0,0.0,0.0,0.0
FL,2021-04-17,2021,15,36,22.0,3.0,39.0,0.0,20.5,31.5,25.5,41.0,52570.0,8170.0,41475.0,6227.0,0.79,0.0,0.76,0.0,27.810555555555553,0,23.0,36.0,30.0,33.0,0.0,0.0,0.0,0.0
FL,2021-04-24,2021,16,37,33.0,6.0,49.0,0.0,20.5,31.5,25.5,41.0,52624.0,8159.0,41779.0,6234.0,0.79,0.0,0.76,0.0,27.810555555555553,0,22.0,23.0,30.0,34.0,0.0,0.0,0.0,0.0
FL,2021-05-01,2021,17,38,33.0,6.0,31.0,0.0,20.5,31.5,25.5,41.0,52485.0,8160.0,41660.0,6278.0,0.79,0.0,0.77,0.0,27.810555555555553,0,33.0,22.0,36.0,34.0,0.0,0.0,0.0,0.0
FL,2021-05-08,2021,18,39,35.0,8.0,38.0,0.0,20.5,31.5,25.5,41.0,52474.0,8154.0,41561.0,6232.0,0.79,0.0,0.76,0.0,27.810555555555553,0,33.0,33.0,23.0,26.0,0.0,0.0,0.0,0.0
FL,2021-05-15,2021,19,40,37.0,8.0,35.0,0.0,20.5,31.5,25.5,41.0,52500.0,8140.0,41056.0,6130.0,0.78,0.0,0.75,0.0,27.810555555555553,0,35.0,33.0,22.0,30.0,0.0,0.0,0.0,0.0
FL,2021-05-22,2021,20,41,26.0,4.0,35.0,0.0,20.5,31.5,25.5,41.0,52428.0,8115.0,40896.0,6006.0,0.78,0.0,0.74,0.0,27.810555555555553,0,37.0,35.0,33.0,30.0,0.0,0.0,0.0,0.0
FL,2021-05-29,2021,21,42,23.0,5.0,31.0,0.0,20.5,31.5,25.5,41.0,52459.0,8136.0,40765.0,5974.0,0.78,0.0,0.73,0.0,27.810555555555553,0,26.0,37.0,33.0,36.0,0.0,0.0,0.0,0.0
FL,2021-06-05,2021,22,43,27.0,7.0,23.0,0.0,20.5,31.5,25.5,41.0,52327.0,8123.0,40168.0,5934.0,0.77,0.0,0.73,0.0,27.810555555555553,0,23.0,26.0,35.0,23.0,0.0,0.0,0.0,0.0
FL,2021-06-12,2021,23,44,20.0,5.0,13.0,0.0,20.5,31.5,25.5,41.0,52338.0,8115.0,40879.0,6015.0,0.78,0.0,0.74,0.0,27.810555555555553,0,27.0,23.0,37.0,22.0,0.0,0.0,0.0,0.0
FL,2021-06-19,2021,24,45,14.0,3.0,12.0,0.0,20.5,31.5,25.5,41.0,52407.0,8130.0,40637.0,5938.0,0.78,0.0,0.73,0.0,27.810555555555553,0,20.0,27.0,26.0,33.0,0.0,0.0,0.0,0.0
FL,2021-06-26,2021,25,46,16.0,5.0,20.0,0.0,20.5,31.5,25.5,41.0,52297.0,8123.0,40476.0,5933.0,0.77,0.0,0.73,0.0,27.810555555555553,0,14.0,20.0,23.0,33.0,0.0,0.0,0.0,0.0
FL,2021-07-03,2021,26,47,20.0,4.0,20.0,0.0,20.5,31.5,25.5,41.0,52330.0,8116.0,40598.0,5960.0,0.78,0.0,0.73,0.0,27.810555555555553,0,16.0,14.0,27.0,35.0,0.0,0.0,0.0,0.0
FL,2021-07-10,2021,27,48,22.0,4.0,22.0,0.0,20.5,31.5,25.5,41.0,52417.0,8119.0,40388.0,6067.0,0.77,0.0,0.75,0.0,27.810555555555553,0,20.0,16.0,20.0,37.0,0.0,0.0,0.0,0.0
FL,2021-07-17,2021,28,49,28.0,6.0,39.0,0.0,20.5,31.5,25.5,41.0,52761.0,8173.0,42484.0,6380.0,0.81,0.0,0.78,0.0,27.810555555555553,0,22.0,20.0,14.0,26.0,0.0,0.0,0.0,0.0
FL,2021-07-24,2021,29,50,30.0,4.0,25.0,0.0,20.5,31.5,25.5,41.0,52875.0,8210.0,43552.0,6592.0,0.82,0.0,0.8,0.0,27.810555555555553,0,28.0,22.0,16.0,23.0,0.0,0.0,0.0,0.0
FL,2021-07-31,2021,30,51,25.0,4.0,22.0,0.0,20.5,31.5,25.5,41.0,53019.0,8266.0,44620.0,6858.0,0.84,0.0,0.83,0.0,27.810555555555553,0,30.0,28.0,20.0,27.0,0.0,0.0,0.0,0.0
FL,2021-08-07,2021,31,52,28.0,7.0,40.0,0.0,20.5,31.5,25.5,41.0,53316.0,8326.0,45566.0,7103.0,0.85,0.0,0.85,0.0,27.810555555555553,0,25.0,30.0,22.0,20.0,0.0,0.0,0.0,0.0
FL,2021-08-14,2021,32,53,27.0,6.0,32.0,0.0,20.5,31.5,25.5,41.0,53476.0,8436.0,46314.0,7443.0,0.87,0.0,0.88,0.0,27.810555555555553,0,28.0,25.0,28.0,14.0,0.0,0.0,0.0,0.0
FL,2021-08-21,2021,33,54,27.0,4.0,29.0,0.0,20.5,31.5,25.5,41.0,53641.0,8471.0,46808.0,7625.0,0.87,0.0,0.9,0.0,27.810555555555553,0,27.0,28.0,30.0,16.0,0.0,0.0,0.0,0.0
FL,2021-08-28,2021,34,55,25.0,4.0,21.0,0.0,20.5,31.5,25.5,41.0,53728.0,8570.0,46442.0,7810.0,0.86,0.0,0.91,0.0,27.810555555555553,0,27.0,27.0,25.0,20.0,0.0,0.0,0.0,0.0
FL,2021-09-04,2021,35,56,20.0,4.0,11.0,0.0,20.5,31.5,25.5,41.0,53560.0,8563.0,45793.0,7722.0,0.86,0.0,0.9,0.0,27.810555555555553,0,25.0,27.0,28.0,22.0,0.0,0.0,0.0,0.0
FL,2021-09-11,2021,36,57,16.0,4.0,16.0,0.0,20.5,31.5,25.5,41.0,53417.0,8491.0,44920.0,7504.0,0.84,0.0,0.88,0.0,27.810555555555553,0,20.0,25.0,27.0,28.0,0.0,0.0,0.0,0.0
FL,2021-09-18,2021,37,58,17.0,3.0,28.0,0.0,20.5,31.5,25.5,41.0,53102.0,8422.0,44404.0,7268.0,0.84,0.0,0.86,0.0,27.810555555555553,0,16.0,20.0,27.0,30.0,0.0,0.0,0.0,0.0
FL,2021-09-25,2021,38,59,16.0,5.0,19.0,0.0,20.5,31.5,25.5,41.0,53056.0,8392.0,43368.0,7023.0,0.82,0.0,0.84,0.0,27.810555555555553,0,17.0,16.0,25.0,25.0,0.0,0.0,0.0,0.0
FL,2021-10-02,2021,39,60,13.0,3.0,19.0,0.0,20.5,31.5,25.5,41.0,53008.0,8352.0,42378.0,6893.0,0.8,0.0,0.83,0.0,27.810555555555553,0,16.0,17.0,20.0,28.0,0.0,0.0,0.0,0.0
FL,2021-10-09,2021,40,61,25.0,5.0,35.0,0.0,20.5,31.5,25.5,41.0,52885.0,8291.0,41754.0,6478.0,0.79,0.0,0.78,0.0,27.810555555555553,0,13.0,16.0,16.0,27.0,0.0,0.0,0.0,0.0
FL,2021-10-16,2021,41,62,21.0,5.0,16.0,0.0,20.5,31.5,25.5,41.0,52753.0,8235.0,41241.0,6298.0,0.78,0.0,0.76,0.0,27.810555555555553,0,25.0,13.0,17.0,27.0,0.0,0.0,0.0,0.0
FL,2021-10-23,2021,42,63,21.0,5.0,28.0,0.0,20.5,31.5,25.5,41.0,52763.0,8174.0,41016.0,6123.0,0.78,0.0,0.75,0.0,27.810555555555553,0,21.0,25.0,16.0,25.0,0.0,0.0,0.0,0.0
FL,2021-10-30,2021,43,64,23.0,5.0,27.0,0.0,20.5,31.5,25.5,41.0,52764.0,8164.0,41064.0,6078.0,0.78,0.0,0.74,0.0,27.810555555555553,0,21.0,21.0,13.0,20.0,0.0,0.0,0.0,0.0
FL,2021-11-06,2021,44,65,32.0,5.0,30.0,0.0,20.5,31.5,25.5,41.0,52614.0,8089.0,40604.0,6002.0,0.77,0.0,0.74,0.0,27.810555555555553,0,23.0,21.0,25.0,16.0,0.0,0.0,0.0,0.0
FL,2021-11-13,2021,45,66,29.0,6.0,49.0,0.0,20.5,31.5,25.5,41.0,52573.0,8065.0,40734.0,5945.0,0.77,0.0,0.74,0.0,27.810555555555553,0,32.0,23.0,21.0,17.0,0.0,0.0,0.0,0.0
FL,2021-11-20,2021,46,67,33.0,7.0,49.0,0.0,20.5,31.5,25.5,41.0,52899.0,8102.0,41330.0,6033.0,0.78,0.0,0.74,0.0,27.810555555555553,0,29.0,32.0,21.0,16.0,0.0,0.0,0.0,0.0
FL,2021-11-27,2021,47,68,41.0,6.0,64.0,0.0,20.5,31.5,25.5,41.0,52411.0,8070.0,38977.0,5803.0,0.74,0.0,0.72,0.0,27.810555555555553,0,33.0,29.0,23.0,13.0,0.0,0.0,0.0,0.0
FL,2021-12-04,2021,48,69,41.0,7.0,62.0,0.0,20.5,31.5,25.5,41.0,52701.0,8115.0,41085.0,5977.0,0.78,0.0,0.74,0.0,27.810555555555553,0,41.0,33.0,32.0,25.0,0.0,0.0,0.0,0.0
FL,2021-12-11,2021,49,70,48.0,7.0,81.0,0.0,20.5,31.5,25.5,41.0,52980.0,8131.0,42390.0,6243.0,0.8,0.0,0.77,0.0,27.810555555555553,0,41.0,41.0,29.0,21.0,0.0,0.0,0.0,0.0
FL,2021-12-18,2021,50,71,51.0,7.0,83.0,0.0,20.5,31.5,25.5,41.0,52998.0,8140.0,42173.0,6119.0,0.8,0.0,0.75,0.0,27.810555555555553,0,48.0,41.0,33.0,21.0,0.0,0.0,0.0,0.0
FL,2021-12-25,2021,51,72,64.0,7.0,103.0,0.0,20.5,31.5,25.5,41.0,52465.0,8098.0,39117.0,5876.0,0.75,0.0,0.73,0.0,27.810555555555553,0,51.0,48.0,41.0,23.0,0.0,0.0,0.0,0.0
FL,2022-01-01,2022,52,73,70.0,6.0,112.0,0.0,20.5,31.5,25.5,41.0,52537.0,8111.0,39912.0,5867.0,0.76,0.0,0.72,0.0,28.13978494623656,0,64.0,51.0,41.0,32.0,0.0,0.0,0.0,0.0
FL,2022-01-08,2022,1,74,65.0,7.0,72.0,0.0,20.5,31.5,25.5,41.0,53213.0,8206.0,43122.0,6326.0,0.81,0.0,0.77,0.0,28.13978494623656,0,70.0,64.0,48.0,29.0,0.0,0.0,0.0,0.0
FL,2022-01-15,2022,2,75,64.0,11.0,102.0,0.0,20.5,31.5,25.5,41.0,53936.0,8262.0,44842.0,6604.0,0.83,0.0,0.8,0.0,28.13978494623656,0,65.0,70.0,51.0,33.0,0.0,0.0,0.0,0.0
FL,2022-01-22,2022,3,76,62.0,10.0,69.0,0.0,20.5,31.5,25.5,41.0,54036.0,8218.0,45206.0,6670.0,0.84,0.0,0.81,0.0,28.13978494623656,0,64.0,65.0,64.0,41.0,0.0,0.0,0.0,0.0
FL,2022-01-29,2022,4,77,50.0,9.0,44.0,0.0,20.5,31.5,25.5,41.0,54278.0,8230.0,44940.0,6669.0,0.83,0.0,0.81,0.0,28.13978494623656,0,62.0,64.0,70.0,41.0,0.0,0.0,0.0,0.0
FL,2022-02-05,2022,5,78,46.0,10.0,56.0,0.0,20.5,31.5,25.5,41.0,54234.0,8248.0,44431.0,6524.0,0.82,0.0,0.79,0.0,28.13978494623656,0,50.0,62.0,65.0,48.0,0.0,0.0,0.0,0.0
FL,2022-02-12,2022,6,79,38.0,7.0,47.0,0.0,20.5,31.5,25.5,41.0,54560.0,8308.0,44525.0,6442.0,0.82,0.0,0.78,0.0,28.13978494623656,0,46.0,50.0,64.0,51.0,0.0,0.0,0.0,0.0
FL,2022-02-19,2022,7,80,30.0,6.0,47.0,0.0,20.5,31.5,25.5,41.0,54375.0,8280.0,43957.0,6247.0,0.81,0.0,0.75,0.0,28.13978494623656,0,38.0,46.0,62.0,64.0,0.0,0.0,0.0,0.0
FL,2022-02-26,2022,8,81,35.0,8.0,55.0,0.0,20.5,31.5,25.5,41.0,54290.0,8262.0,43538.0,6085.0,0.8,0.0,0.74,0.0,28.13978494623656,0,30.0,38.0,50.0,70.0,0.0,0.0,0.0,0.0
FL,2022-03-05,2022,9,82,34.0,7.0,59.0,0.0,20.5,31.5,25.5,41.0,53958.0,8238.0,42543.0,5946.0,0.79,0.0,0.72,0.0,28.13978494623656,0,35.0,30.0,46.0,65.0,0.0,0.0,0.0,0.0
FL,2022-03-12,2022,10,83,35.0,8.0,47.0,0.0,20.5,31.5,25.5,41.0,53985.0,8221.0,42142.0,5859.0,0.78,0.0,0.71,0.0,28.13978494623656,0,34.0,35.0,38.0,64.0,0.0,0.0,0.0,0.0
FL,2022-03-19,2022,11,84,36.0,8.0,58.0,0.0,20.5,31.5,25.5,41.0,53888.0,8199.0,41427.0,5660.0,0.77,0.0,0.69,0.0,28.13978494623656,0,35.0,34.0,30.0,62.0,0.0,0.0,0.0,0.0
FL,2022-03-26,2022,12,85,52.0,12.0,84.0,0.0,20.5,31.5,25.5,41.0,53971.0,8194.0,41829.0,5738.0,0.78,0.0,0.7,0.0,28.13978494623656,0,36.0,35.0,35.0,50.0,0.0,0.0,0.0,0.0
FL,2022-04-02,2022,13,86,51.0,11.0,78.0,0.0,20.5,31.5,25.5,41.0,53806.0,8147.0,41617.0,5710.0,0.77,0.0,0.7,0.0,28.13978494623656,0,52.0,36.0,34.0,46.0,0.0,0.0,0.0,0.0
FL,2022-04-09,2022,14,87,49.0,8.0,83.0,0.0,20.5,31.5,25.5,41.0,53855.0,8159.0,41527.0,5665.0,0.77,0.0,0.69,0.0,28.13978494623656,0,51.0,52.0,35.0,38.0,0.0,0.0,0.0,0.0
FL,2022-04-16,2022,15,88,63.0,10.0,148.0,0.0,20.5,31.5,25.5,41.0,53853.0,8162.0,40944.0,5664.0,0.76,0.0,0.69,0.0,28.13978494623656,0,49.0,51.0,36.0,30.0,0.0,0.0,0.0,0.0
FL,2022-04-23,2022,16,89,81.0,10.0,141.0,0.0,20.5,31.5,25.5,41.0,53708.0,8152.0,40961.0,5632.0,0.76,0.0,0.69,0.0,28.13978494623656,0,63.0,49.0,52.0,35.0,0.0,0.0,0.0,0.0
FL,2022-04-30,2022,17,90,83.0,13.0,164.0,0.0,20.5,31.5,25.5,41.0,53571.0,8052.0,40698.0,5547.0,0.76,0.0,0.69,0.0,28.13978494623656,0,81.0,63.0,51.0,34.0,0.0,0.0,0.0,0.0
FL,2022-05-07,2022,18,91,102.0,12.0,213.0,0.0,20.5,31.5,25.5,41.0,53910.0,8136.0,40880.0,5606.0,0.76,0.0,0.69,0.0,28.13978494623656,0,83.0,81.0,49.0,35.0,0.0,0.0,0.0,0.0
FL,2022-05-14,2022,19,92,130.0,13.0,278.0,0.0,20.5,31.5,25.5,41.0,53870.0,8222.0,41156.0,5718.0,0.76,0.0,0.7,0.0,28.13978494623656,0,102.0,83.0,63.0,36.0,0.0,0.0,0.0,0.0
FL,2022-05-21,2022,20,93,183.0,20.0,371.0,0.0,20.5,31.5,25.5,41.0,53609.0,8169.0,41663.0,5709.0,0.78,0.0,0.7,0.0,28.13978494623656,0,130.0,102.0,81.0,52.0,0.0,0.0,0.0,0.0
FL,2022-05-28,2022,21,94,225.0,26.0,517.0,0.0,20.5,31.5,25.5,41.0,53657.0,8195.0,41434.0,5680.0,0.77,0.0,0.69,0.0,28.13978494623656,1,183.0,130.0,83.0,51.0,0.0,0.0,0.0,0.0
FL,2022-06-04,2022,22,95,288.0,26.0,665.0,0.0,20.5,31.5,25.5,41.0,53637.0,8218.0,40958.0,5688.0,0.76,0.01,0.69,0.0,28.13978494623656,1,225.0,183.0,102.0,49.0,0.0,0.0,0.0,0.0
FL,2022-06-11,2022,23,96,280.0,26.0,551.0,0.0,20.5,31.5,25.5,41.0,53674.0,8241.0,41502.0,5762.0,0.77,0.01,0.7,0.0,28.13978494623656,1,288.0,225.0,130.0,63.0,0.01,0.0,0.0,0.0
FL,2022-06-18,2022,24,97,249.0,27.0,461.0,0.0,20.5,31.5,25.5,41.0,53748.0,8235.0,41784.0,5847.0,0.78,0.0,0.71,0.0,28.13978494623656,1,280.0,288.0,183.0,81.0,0.01,0.01,0.0,0.0
FL,2022-06-25,2022,25,98,187.0,29.0,302.0,0.0,20.5,31.5,25.5,41.0,53571.0,8223.0,41637.0,5852.0,0.78,0.0,0.71,0.0,28.13978494623656,1,249.0,280.0,225.0,83.0,0.0,0.01,0.0,0.0
FL,2022-07-02,2022,26,99,156.0,20.0,208.0,0.0,20.5,31.5,25.5,41.0,53560.0,8179.0,41428.0,5822.0,0.77,0.0,0.71,0.0,28.13978494623656,0,187.0,249.0,288.0,102.0,0.0,0.0,0.01,0.0
FL,2022-07-09,2022,27,100,114.0,15.0,161.0,0.0,20.5,31.5,25.5,41.0,53378.0,8182.0,40864.0,5716.0,0.77,0.0,0.7,0.0,28.13978494623656,0,156.0,187.0,280.0,130.0,0.0,0.0,0.01,0.0
FL,2022-07-16,2022,28,101,97.0,10.0,124.0,0.0,20.5,31.5,25.5,41.0,53448.0,8204.0,41784.0,5880.0,0.78,0.0,0.72,0.0,28.13978494623656,0,114.0,156.0,249.0,183.0,0.0,0.0,0.0,0.0
FL,2022-07-23,2022,29,102,74.0,7.0,89.0,0.0,20.5,31.5,25.5,41.0,53440.0,8183.0,41681.0,5848.0,0.78,0.0,0.71,0.0,28.13978494623656,0,97.0,114.0,187.0,225.0,0.0,0.0,0.0,0.0
FL,2022-07-30,2022,30,103,61.0,9.0,74.0,0.0,20.5,31.5,25.5,41.0,53392.0,8173.0,41401.0,5752.0,0.78,0.0,0.7,0.0,28.13978494623656,0,74.0,97.0,156.0,288.0,0.0,0.0,0.0,0.01
FL,2022-08-06,2022,31,104,51.0,5.0,69.0,0.0,20.5,31.5,25.5,41.0,53441.0,8165.0,41292.0,5726.0,0.77,0.0,0.7,0.0,28.13978494623656,0,61.0,74.0,114.0,280.0,0.0,0.0,0.0,0.01
FL,2022-08-13,2022,32,105,42.0,6.0,74.0,0.0,20.5,31.5,25.5,41.0,53310.0,8194.0,41233.0,5706.0,0.77,0.0,0.7,0.0,28.13978494623656,0,51.0,61.0,97.0,249.0,0.0,0.0,0.0,0.0
FL,2022-08-20,2022,33,106,40.0,7.0,60.0,0.0,20.5,31.5,25.5,41.0,53379.0,8165.0,41472.0,5653.0,0.78,0.0,0.69,0.0,28.13978494623656,0,42.0,51.0,74.0,187.0,0.0,0.0,0.0,0.0
FL,2022-08-27,2022,34,107,46.0,7.0,65.0,0.0,20.5,31.5,25.5,41.0,53493.0,8205.0,41821.0,5775.0,0.78,0.0,0.7,0.0,28.13978494623656,0,40.0,42.0,61.0,156.0,0.0,0.0,0.0,0.0
FL,2022-09-03,2022,35,108,40.0,4.0,53.0,0.0,20.5,31.5,25.5,41.0,53689.0,8199.0,41230.0,5723.0,0.77,0.0,0.7,0.0,28.13978494623656,0,46.0,40.0,51.0,114.0,0.0,0.0,0.0,0.0
FL,2022-09-10,2022,36,109,41.0,5.0,50.0,0.0,20.5,31.5,25.5,41.0,53206.0,8135.0,40964.0,5610.0,0.77,0.0,0.69,0.0,28.13978494623656,0,40.0,46.0,42.0,97.0,0.0,0.0,0.0,0.0
FL,2022-09-17,2022,37,110,43.0,7.0,79.0,0.0,20.5,31.5,25.5,41.0,53280.0,8198.0,41381.0,5750.0,0.78,0.0,0.7,0.0,28.13978494623656,0,41.0,40.0,40.0,74.0,0.0,0.0,0.0,0.0
FL,2022-09-24,2022,38,111,44.0,6.0,78.0,0.0,20.5,31.5,25.5,41.0,53223.0,8163.0,41178.0,5776.0,0.77,0.0,0.71,0.0,28.13978494623656,0,43.0,41.0,46.0,61.0,0.0,0.0,0.0,0.0
FL,2022-10-01,2022,39,112,42.0,4.0,78.0,0.0,20.5,31.5,25.5,41.0,53295.0,8161.0,39816.0,5654.0,0.75,0.0,0.69,0.0,28.13978494623656,0,44.0,43.0,40.0,51.0,0.0,0.0,0.0,0.0
FL,2022-10-08,2022,40,113,61.0,5.0,113.0,0.0,20.5,31.5,25.5,41.0,54372.0,8190.0,41223.0,5798.0,0.76,0.0,0.71,0.0,28.13978494623656,0,42.0,44.0,41.0,42.0,0.0,0.0,0.0,0.0
FL,2022-10-15,2022,41,114,69.0,9.0,101.0,0.0,20.5,31.5,25.5,41.0,54002.0,8178.0,41352.0,5805.0,0.77,0.0,0.71,0.0,28.13978494623656,0,61.0,42.0,43.0,40.0,0.0,0.0,0.0,0.0
FL,2022-10-22,2022,42,115,76.0,9.0,124.0,0.0,20.5,31.5,25.5,41.0,53971.0,8184.0,41626.0,5827.0,0.77,0.0,0.71,0.0,28.13978494623656,0,69.0,61.0,44.0,46.0,0.0,0.0,0.0,0.0
FL,2022-10-29,2022,43,116,104.0,16.0,241.0,0.0,20.5,31.5,25.5,41.0,53988.0,8180.0,41355.0,5803.0,0.77,0.0,0.71,0.0,28.13978494623656,0,76.0,69.0,42.0,40.0,0.0,0.0,0.0,0.0
FL,2022-11-05,2022,44,117,145.0,20.0,290.0,0.0,20.5,31.5,25.5,41.0,53941.0,8108.0,41406.0,5828.0,0.77,0.0,0.72,0.0,28.13978494623656,0,104.0,76.0,61.0,41.0,0.0,0.0,0.0,0.0
FL,2022-11-12,2022,45,118,210.0,21.0,453.0,0.0,20.5,31.5,25.5,41.0,53942.0,8142.0,41266.0,5849.0,0.76,0.0,0.72,0.0,28.13978494623656,1,145.0,104.0,69.0,43.0,0.0,0.0,0.0,0.0
FL,2022-11-19,2022,46,119,278.0,34.0,517.0,0.0,20.5,31.5,25.5,41.0,54081.0,8150.0,41648.0,5845.0,0.77,0.01,0.72,0.0,28.13978494623656,1,210.0,145.0,76.0,44.0,0.0,0.0,0.0,0.0
FL,2022-11-26,2022,47,120,347.0,33.0,743.0,0.0,20.5,31.5,25.5,41.0,53783.0,8129.0,39681.0,5641.0,0.74,0.01,0.69,0.0,28.13978494623656,1,278.0,210.0,104.0,42.0,0.01,0.0,0.0,0.0
FL,2022-12-03,2022,48,121,447.0,45.0,921.0,0.0,20.5,31.5,25.5,41.0,54143.0,8144.0,42249.0,5914.0,0.78,0.01,0.73,0.01,28.13978494623656,1,347.0,278.0,145.0,61.0,0.01,0.01,0.0,0.0
FL,2022-12-10,2022,49,122,448.0,51.0,789.0,0.0,20.5,31.5,25.5,41.0,54364.0,8112.0,42591.0,5996.0,0.78,0.01,0.74,0.01,28.13978494623656,1,447.0,347.0,210.0,69.0,0.01,0.01,0.0,0.0
FL,2022-12-17,2022,50,123,466.0,57.0,846.0,0.0,20.5,31.5,25.5,41.0,56804.0,8497.0,44389.0,6326.0,0.78,0.01,0.74,0.01,28.13978494623656,1,448.0,447.0,278.0,76.0,0.01,0.01,0.01,0.0
FL,2022-12-24,2022,51,124,518.0,59.0,1024.0,0.0,20.5,31.5,25.5,41.0,54219.0,8141.0,41613.0,5871.0,0.77,0.01,0.72,0.01,28.13978494623656,1,466.0,448.0,347.0,104.0,0.01,0.01,0.01,0.0
FL,2022-12-31,2022,52,125,641.0,79.0,1244.0,0.0,20.5,31.5,25.5,41.0,54178.0,8106.0,39852.0,5730.0,0.74,0.01,0.71,0.01,28.13978494623656,1,518.0,466.0,447.0,145.0,0.01,0.01,0.01,0.0
GA,2020-10-03,2020,40,8,0.0,0.0,0.0,0.0,2.5,2.0,3.5,2.0,31887.0,5351.0,25102.0,4278.0,0.79,0.0,0.8,0.0,32.029901960784315,0,0.0,0.0,0.0,35.5,0.0,0.0,0.0,0.0
GA,2020-10-10,2020,41,9,0.0,0.0,0.0,0.0,2.5,2.0,3.5,2.0,32832.0,5294.0,26090.0,4203.0,0.79,0.0,0.79,0.0,32.029901960784315,0,0.0,0.0,0.0,35.5,0.0,0.0,0.0,0.0
GA,2020-10-17,2020,42,10,0.0,0.0,1.0,0.0,2.5,2.0,3.5,2.0,31486.0,5088.0,25033.0,4052.0,0.8,0.0,0.8,0.0,32.029901960784315,0,0.0,0.0,0.0,35.5,0.0,0.0,0.0,0.0
GA,2020-10-24,2020,43,11,10.0,2.0,8.0,0.0,2.5,2.0,3.5,2.0,30949.0,5021.0,24532.0,4000.0,0.79,0.0,0.8,0.0,32.029901960784315,0,0.0,0.0,0.0,35.5,0.0,0.0,0.0,0.0
GA,2020-10-31,2020,44,12,12.0,4.0,18.0,0.0,2.5,2.0,3.5,2.0,30876.0,5010.0,24542.0,4006.0,0.79,0.0,0.8,0.0,32.029901960784315,0,10.0,0.0,0.0,0.0,0.0,0.0,0.0,0.0
GA,2020-11-07,2020,45,13,7.0,2.0,14.0,0.0,2.5,2.0,3.5,2.0,30541.0,4927.0,23423.0,3912.0,0.77,0.0,0.79,0.0,32.029901960784315,0,12.0,10.0,0.0,0.0,0.0,0.0,0.0,0.0
GA,2020-11-14,2020,46,14,13.0,3.0,34.0,0.0,2.5,2.0,3.5,2.0,31007.0,4992.0,23872.0,4005.0,0.77,0.0,0.8,0.0,32.029901960784315,0,7.0,12.0,0.0,0.0,0.0,0.0,0.0,0.0
GA,2020-11-21,2020,47,15,18.0,2.0,30.0,0.0,2.5,2.0,3.5,2.0,30736.0,4891.0,23689.0,3915.0,0.77,0.0,0.8,0.0,32.029901960784315,0,13.0,7.0,10.0,0.0,0.0,0.0,0.0,0.0
GA,2020-11-28,2020,48,16,7.0,1.0,10.0,0.0,2.5,2.0,3.5,2.0,30691.0,4877.0,23107.0,3884.0,0.75,0.0,0.8,0.0,32.029901960784315,0,18.0,13.0,12.0,0.0,0.0,0.0,0.0,0.0
GA,2020-12-05,2020,49,17,10.0,1.0,13.0,0.0,2.5,2.0,3.5,2.0,31018.0,4927.0,24262.0,4066.0,0.78,0.0,0.83,0.0,32.029901960784315,0,7.0,18.0,7.0,0.0,0.0,0.0,0.0,0.0
GA,2020-12-12,2020,50,18,13.0,4.0,19.0,0.0,2.5,2.0,3.5,2.0,30870.0,4899.0,24578.0,4122.0,0.8,0.0,0.84,0.0,32.029901960784315,0,10.0,7.0,13.0,0.0,0.0,0.0,0.0,0.0
GA,2020-12-19,2020,51,19,26.0,8.0,20.0,0.0,2.5,2.0,3.5,2.0,31045.0,4941.0,25586.0,4208.0,0.82,0.0,0.85,0.0,32.029901960784315,0,13.0,10.0,18.0,10.0,0.0,0.0,0.0,0.0
GA,2020-12-26,2020,52,20,24.0,9.0,21.0,0.0,2.5,2.0,3.5,2.0,30982.0,4986.0,24130.0,4196.0,0.78,0.0,0.84,0.0,32.029901960784315,0,26.0,13.0,7.0,12.0,0.0,0.0,0.0,0.0
GA,2021-01-02,2021,53,21,36.0,6.0,36.0,0.0,2.5,2.0,3.5,2.0,31076.0,4986.0,25452.0,4297.0,0.82,0.0,0.86,0.0,31.993333333333336,0,24.0,26.0,10.0,7.0,0.0,0.0,0.0,0.0
GA,2021-01-09,2021,1,22,41.0,6.0,22.0,0.0,2.5,2.0,3.5,2.0,31222.0,5028.0,26411.0,4445.0,0.85,0.0,0.88,0.0,31.993333333333336,0,36.0,24.0,13.0,13.0,0.0,0.0,0.0,0.0
GA,2021-01-16,2021,2,23,38.0,5.0,40.0,0.0,2.5,2.0,3.5,2.0,31421.0,5077.0,26283.0,4523.0,0.84,0.0,0.89,0.0,31.993333333333336,0,41.0,36.0,26.0,18.0,0.0,0.0,0.0,0.0
GA,2021-01-23,2021,3,24,32.0,3.0,25.0,0.0,2.5,2.0,3.5,2.0,31470.0,5132.0,31470.0,4556.0,2017.27,0.0,0.89,0.0,31.993333333333336,0,38.0,41.0,24.0,7.0,0.0,0.0,0.0,0.0
GA,2021-01-30,2021,4,25,30.0,6.0,33.0,0.0,2.5,2.0,3.5,2.0,31671.0,5180.0,25921.0,4501.0,0.82,0.0,0.87,0.0,31.993333333333336,0,32.0,38.0,36.0,10.0,0.0,0.0,0.0,0.0
GA,2021-02-06,2021,5,26,20.0,4.0,16.0,0.0,2.5,2.0,3.5,2.0,31603.0,5253.0,25497.0,4441.0,0.81,0.0,0.85,0.0,31.993333333333336,0,30.0,32.0,41.0,13.0,0.0,0.0,0.0,0.0
GA,2021-02-13,2021,6,27,25.0,6.0,30.0,0.0,2.5,2.0,3.5,2.0,31338.0,5181.0,24900.0,4306.0,0.79,0.0,0.83,0.0,31.993333333333336,0,20.0,30.0,38.0,26.0,0.0,0.0,0.0,0.0
GA,2021-02-20,2021,7,28,30.0,7.0,33.0,0.0,2.5,2.0,3.5,2.0,31337.0,5156.0,24313.0,4230.0,0.78,0.0,0.82,0.0,31.993333333333336,0,25.0,20.0,32.0,24.0,0.0,0.0,0.0,0.0
GA,2021-02-27,2021,8,29,26.0,2.0,18.0,0.0,2.5,2.0,3.5,2.0,26530.0,4366.0,20281.0,3414.0,0.76,0.0,0.78,0.0,31.993333333333336,0,30.0,25.0,30.0,36.0,0.0,0.0,0.0,0.0
GA,2021-03-06,2021,9,30,23.0,4.0,12.0,0.0,2.5,2.0,3.5,2.0,25070.0,4140.0,19082.0,3227.0,0.76,0.0,0.78,0.0,31.993333333333336,0,26.0,30.0,20.0,41.0,0.0,0.0,0.0,0.0
GA,2021-03-13,2021,10,31,17.0,3.0,14.0,0.0,2.5,2.0,3.5,2.0,31199.0,5087.0,23403.0,3925.0,0.75,0.0,0.77,0.0,31.993333333333336,0,23.0,26.0,25.0,38.0,0.0,0.0,0.0,0.0
GA,2021-03-20,2021,11,32,19.0,2.0,39.0,0.0,2.5,2.0,3.5,2.0,30851.0,4984.0,23200.0,3823.0,0.75,0.0,0.77,0.0,31.993333333333336,0,17.0,23.0,30.0,32.0,0.0,0.0,0.0,0.0
GA,2021-03-27,2021,12,33,16.0,4.0,26.0,0.0,2.5,2.0,3.5,2.0,30825.0,5062.0,23595.0,3907.0,0.77,0.0,0.77,0.0,31.993333333333336,0,19.0,17.0,26.0,30.0,0.0,0.0,0.0,0.0
GA,2021-04-03,2021,13,34,18.0,3.0,23.0,0.0,2.5,2.0,3.5,2.0,30803.0,5087.0,22991.0,3813.0,0.75,0.0,0.75,0.0,31.993333333333336,0,16.0,19.0,23.0,20.0,0.0,0.0,0.0,0.0
GA,2021-04-10,2021,14,35,9.0,1.0,8.0,0.0,2.5,2.0,3.5,2.0,30839.0,5088.0,22476.0,3794.0,0.73,0.0,0.75,0.0,31.993333333333336,0,18.0,16.0,17.0,25.0,0.0,0.0,0.0,0.0
GA,2021-04-17,2021,15,36,8.0,2.0,17.0,0.0,2.5,2.0,3.5,2.0,31037.0,5048.0,23665.0,3854.0,0.76,0.0,0.76,0.0,31.993333333333336,0,9.0,18.0,19.0,30.0,0.0,0.0,0.0,0.0
GA,2021-04-24,2021,16,37,12.0,2.0,20.0,0.0,2.5,2.0,3.5,2.0,31121.0,5067.0,23733.0,3891.0,0.76,0.0,0.77,0.0,31.993333333333336,0,8.0,9.0,16.0,26.0,0.0,0.0,0.0,0.0
GA,2021-05-01,2021,17,38,8.0,0.0,14.0,0.0,2.5,2.0,3.5,2.0,31151.0,5058.0,23809.0,3913.0,0.76,0.0,0.77,0.0,31.993333333333336,0,12.0,8.0,18.0,23.0,0.0,0.0,0.0,0.0
GA,2021-05-08,2021,18,39,14.0,3.0,24.0,0.0,2.5,2.0,3.5,2.0,31008.0,5018.0,23710.0,3891.0,0.76,0.0,0.78,0.0,31.993333333333336,0,8.0,12.0,9.0,17.0,0.0,0.0,0.0,0.0
GA,2021-05-15,2021,19,40,12.0,4.0,7.0,0.0,2.5,2.0,3.5,2.0,30884.0,5006.0,23625.0,3806.0,0.76,0.0,0.76,0.0,31.993333333333336,0,14.0,8.0,8.0,19.0,0.0,0.0,0.0,0.0
GA,2021-05-22,2021,20,41,15.0,5.0,16.0,0.0,2.5,2.0,3.5,2.0,31001.0,5018.0,23939.0,3835.0,0.77,0.0,0.76,0.0,31.993333333333336,0,12.0,14.0,12.0,16.0,0.0,0.0,0.0,0.0
GA,2021-05-29,2021,21,42,9.0,2.0,8.0,0.0,2.5,2.0,3.5,2.0,30709.0,4975.0,23660.0,3821.0,0.77,0.0,0.77,0.0,31.993333333333336,0,15.0,12.0,8.0,18.0,0.0,0.0,0.0,0.0
GA,2021-06-05,2021,22,43,12.0,2.0,9.0,0.0,2.5,2.0,3.5,2.0,30657.0,4998.0,22777.0,3735.0,0.74,0.0,0.75,0.0,31.993333333333336,0,9.0,15.0,14.0,9.0,0.0,0.0,0.0,0.0
GA,2021-06-12,2021,23,44,10.0,3.0,9.0,0.0,2.5,2.0,3.5,2.0,30643.0,4947.0,23398.0,3778.0,0.76,0.0,0.76,0.0,31.993333333333336,0,12.0,9.0,12.0,8.0,0.0,0.0,0.0,0.0
GA,2021-06-19,2021,24,45,5.0,0.0,7.0,0.0,2.5,2.0,3.5,2.0,30714.0,4952.0,23363.0,3768.0,0.76,0.0,0.76,0.0,31.993333333333336,0,10.0,12.0,15.0,12.0,0.0,0.0,0.0,0.0
GA,2021-06-26,2021,25,46,5.0,1.0,3.0,0.0,2.5,2.0,3.5,2.0,28010.0,4537.0,21265.0,3372.0,0.76,0.0,0.74,0.0,31.993333333333336,0,5.0,10.0,9.0,8.0,0.0,0.0,0.0,0.0
GA,2021-07-03,2021,26,47,4.0,1.0,8.0,0.0,2.5,2.0,3.5,2.0,28952.0,4654.0,21777.0,3479.0,0.75,0.0,0.75,0.0,31.993333333333336,0,5.0,5.0,12.0,14.0,0.0,0.0,0.0,0.0
GA,2021-07-10,2021,27,48,6.0,2.0,4.0,0.0,2.5,2.0,3.5,2.0,30623.0,4872.0,23006.0,3669.0,0.75,0.0,0.75,0.0,31.993333333333336,0,4.0,5.0,10.0,12.0,0.0,0.0,0.0,0.0
GA,2021-07-17,2021,28,49,7.0,2.0,4.0,0.0,2.5,2.0,3.5,2.0,30714.0,4895.0,23879.0,3727.0,0.78,0.0,0.76,0.0,31.993333333333336,0,6.0,4.0,5.0,15.0,0.0,0.0,0.0,0.0
GA,2021-07-24,2021,29,50,12.0,2.0,15.0,0.0,2.5,2.0,3.5,2.0,30771.0,4933.0,24100.0,3887.0,0.78,0.0,0.79,0.0,31.993333333333336,0,7.0,6.0,5.0,9.0,0.0,0.0,0.0,0.0
GA,2021-07-31,2021,30,51,8.0,3.0,11.0,0.0,2.5,2.0,3.5,2.0,30856.0,4948.0,24844.0,3965.0,0.81,0.0,0.8,0.0,31.993333333333336,0,12.0,7.0,4.0,12.0,0.0,0.0,0.0,0.0
GA,2021-08-07,2021,31,52,12.0,3.0,16.0,0.0,2.5,2.0,3.5,2.0,30428.0,4884.0,24954.0,4027.0,0.82,0.0,0.82,0.0,31.993333333333336,0,8.0,12.0,6.0,10.0,0.0,0.0,0.0,0.0
GA,2021-08-14,2021,32,53,10.0,2.0,10.0,0.0,2.5,2.0,3.5,2.0,30778.0,4957.0,26004.0,4254.0,0.84,0.0,0.86,0.0,31.993333333333336,0,12.0,8.0,7.0,5.0,0.0,0.0,0.0,0.0
GA,2021-08-21,2021,33,54,12.0,4.0,15.0,0.0,2.5,2.0,3.5,2.0,31273.0,5034.0,26294.0,4436.0,0.84,0.0,0.88,0.0,31.993333333333336,0,10.0,12.0,12.0,5.0,0.0,0.0,0.0,0.0
GA,2021-08-28,2021,34,55,12.0,13.0,12.0,0.0,2.5,2.0,3.5,2.0,31377.0,5091.0,26693.0,4537.0,0.85,0.0,0.89,0.0,31.993333333333336,0,12.0,10.0,8.0,4.0,0.0,0.0,0.0,0.0
GA,2021-09-04,2021,35,56,12.0,4.0,28.0,0.0,2.5,2.0,3.5,2.0,31158.0,5088.0,26729.0,4654.0,0.86,0.0,0.91,0.0,31.993333333333336,0,12.0,12.0,12.0,6.0,0.0,0.0,0.0,0.0
GA,2021-09-11,2021,36,57,13.0,4.0,36.0,0.0,2.5,2.0,3.5,2.0,30802.0,5091.0,26106.0,4702.0,0.85,0.0,0.92,0.0,31.993333333333336,0,12.0,12.0,10.0,7.0,0.0,0.0,0.0,0.0
GA,2021-09-18,2021,37,58,7.0,4.0,21.0,0.0,2.5,2.0,3.5,2.0,31112.0,5136.0,26369.0,4678.0,0.85,0.0,0.91,0.0,31.993333333333336,0,13.0,12.0,12.0,12.0,0.0,0.0,0.0,0.0
GA,2021-09-25,2021,38,59,18.0,3.0,24.0,0.0,2.5,2.0,3.5,2.0,30892.0,5074.0,25333.0,4546.0,0.82,0.0,0.9,0.0,31.993333333333336,0,7.0,13.0,12.0,8.0,0.0,0.0,0.0,0.0
GA,2021-10-02,2021,39,60,19.0,4.0,27.0,0.0,2.5,2.0,3.5,2.0,30650.0,4995.0,24605.0,4387.0,0.8,0.0,0.88,0.0,31.993333333333336,0,18.0,7.0,12.0,12.0,0.0,0.0,0.0,0.0
GA,2021-10-09,2021,40,61,8.0,3.0,4.0,0.0,2.5,2.0,3.5,2.0,27928.0,4515.0,22390.0,3829.0,0.8,0.0,0.85,0.0,31.993333333333336,0,19.0,18.0,13.0,10.0,0.0,0.0,0.0,0.0
GA,2021-10-16,2021,41,62,8.0,2.0,11.0,0.0,2.5,2.0,3.5,2.0,27821.0,4459.0,22153.0,3764.0,0.8,0.0,0.84,0.0,31.993333333333336,0,8.0,19.0,7.0,12.0,0.0,0.0,0.0,0.0
GA,2021-10-23,2021,42,63,7.0,4.0,13.0,0.0,2.5,2.0,3.5,2.0,30707.0,4871.0,23800.0,3979.0,0.78,0.0,0.82,0.0,31.993333333333336,0,8.0,8.0,18.0,12.0,0.0,0.0,0.0,0.0
GA,2021-10-30,2021,43,64,9.0,6.0,21.0,0.0,2.5,2.0,3.5,2.0,30754.0,4850.0,23920.0,3913.0,0.78,0.0,0.81,0.0,31.993333333333336,0,7.0,8.0,19.0,12.0,0.0,0.0,0.0,0.0
GA,2021-11-06,2021,44,65,18.0,7.0,25.0,0.0,2.5,2.0,3.5,2.0,30468.0,4780.0,23653.0,3831.0,0.78,0.0,0.8,0.0,31.993333333333336,0,9.0,7.0,8.0,13.0,0.0,0.0,0.0,0.0
GA,2021-11-13,2021,45,66,21.0,9.0,36.0,0.0,2.5,2.0,3.5,2.0,30002.0,4658.0,23580.0,3746.0,0.79,0.0,0.8,0.0,31.993333333333336,0,18.0,9.0,8.0,7.0,0.0,0.0,0.0,0.0
GA,2021-11-20,2021,46,67,16.0,9.0,21.0,0.0,2.5,2.0,3.5,2.0,29850.0,4643.0,23465.0,3676.0,0.79,0.0,0.79,0.0,31.993333333333336,0,21.0,18.0,7.0,18.0,0.0,0.0,0.0,0.0
GA,2021-11-27,2021,47,68,19.0,8.0,19.0,0.0,2.5,2.0,3.5,2.0,29746.0,4616.0,21835.0,3483.0,0.73,0.0,0.75,0.0,31.993333333333336,0,16.0,21.0,9.0,19.0,0.0,0.0,0.0,0.0
GA,2021-12-04,2021,48,69,32.0,9.0,49.0,0.0,2.5,2.0,3.5,2.0,30197.0,4677.0,23466.0,3661.0,0.78,0.0,0.78,0.0,31.993333333333336,0,19.0,16.0,18.0,8.0,0.0,0.0,0.0,0.0
GA,2021-12-11,2021,49,70,40.0,8.0,62.0,0.0,2.5,2.0,3.5,2.0,29990.0,4646.0,24032.0,3682.0,0.8,0.0,0.79,0.0,31.993333333333336,0,32.0,19.0,21.0,8.0,0.0,0.0,0.0,0.0
GA,2021-12-18,2021,50,71,36.0,8.0,53.0,0.0,2.5,2.0,3.5,2.0,29961.0,4646.0,23952.0,3726.0,0.8,0.0,0.8,0.0,31.993333333333336,0,40.0,32.0,16.0,7.0,0.0,0.0,0.0,0.0
GA,2021-12-25,2021,51,72,31.0,11.0,52.0,0.0,2.5,2.0,3.5,2.0,29538.0,4583.0,22798.0,3594.0,0.77,0.0,0.78,0.0,31.993333333333336,0,36.0,40.0,19.0,9.0,0.0,0.0,0.0,0.0
GA,2022-01-01,2022,52,73,45.0,12.0,77.0,0.0,2.5,2.0,3.5,2.0,29435.0,4556.0,23357.0,3590.0,0.79,0.0,0.79,0.0,31.16978021978022,0,31.0,36.0,32.0,18.0,0.0,0.0,0.0,0.0
GA,2022-01-08,2022,1,74,44.0,13.0,52.0,0.0,2.5,2.0,3.5,2.0,30061.0,4649.0,25246.0,3851.0,0.84,0.0,0.83,0.0,31.16978021978022,0,45.0,31.0,40.0,21.0,0.0,0.0,0.0,0.0
GA,2022-01-15,2022,2,75,39.0,12.0,38.0,0.0,2.5,2.0,3.5,2.0,30233.0,4676.0,25756.0,4014.0,0.85,0.0,0.86,0.0,31.16978021978022,0,44.0,45.0,36.0,16.0,0.0,0.0,0.0,0.0
GA,2022-01-22,2022,3,76,33.0,16.0,49.0,0.0,2.5,2.0,3.5,2.0,30301.0,4664.0,25631.0,4022.0,0.85,0.0,0.86,0.0,31.16978021978022,0,39.0,44.0,31.0,19.0,0.0,0.0,0.0,0.0
GA,2022-01-29,2022,4,77,28.0,17.0,35.0,0.0,2.5,2.0,3.5,2.0,30042.0,4639.0,25592.0,4034.0,0.85,0.0,0.87,0.0,31.16978021978022,0,33.0,39.0,45.0,32.0,0.0,0.0,0.0,0.0
GA,2022-02-05,2022,5,78,31.0,15.0,53.0,0.0,2.5,2.0,3.5,2.0,29977.0,4624.0,25444.0,3994.0,0.85,0.0,0.86,0.0,31.16978021978022,0,28.0,33.0,44.0,40.0,0.0,0.0,0.0,0.0
GA,2022-02-12,2022,6,79,42.0,13.0,41.0,0.0,2.5,2.0,3.5,2.0,30109.0,4661.0,26025.0,3957.0,0.86,0.0,0.85,0.0,31.16978021978022,0,31.0,28.0,39.0,36.0,0.0,0.0,0.0,0.0
GA,2022-02-19,2022,7,80,46.0,16.0,48.0,0.0,2.5,2.0,3.5,2.0,30231.0,4684.0,25888.0,3896.0,0.86,0.0,0.83,0.0,31.16978021978022,0,42.0,31.0,33.0,31.0,0.0,0.0,0.0,0.0
GA,2022-02-26,2022,8,81,50.0,19.0,44.0,0.0,2.5,2.0,3.5,2.0,29776.0,4615.0,25218.0,3736.0,0.85,0.0,0.81,0.0,31.16978021978022,0,46.0,42.0,28.0,45.0,0.0,0.0,0.0,0.0
GA,2022-03-05,2022,9,82,39.0,16.0,27.0,0.0,2.5,2.0,3.5,2.0,29797.0,4626.0,24772.0,3629.0,0.83,0.0,0.78,0.0,31.16978021978022,0,50.0,46.0,31.0,44.0,0.0,0.0,0.0,0.0
GA,2022-03-12,2022,10,83,38.0,17.0,38.0,0.0,2.5,2.0,3.5,2.0,30438.0,4700.0,24933.0,3595.0,0.82,0.0,0.76,0.0,31.16978021978022,0,39.0,50.0,42.0,39.0,0.0,0.0,0.0,0.0
GA,2022-03-19,2022,11,84,44.0,17.0,35.0,0.0,2.5,2.0,3.5,2.0,29717.0,4602.0,24084.0,3445.0,0.81,0.0,0.75,0.0,31.16978021978022,0,38.0,39.0,46.0,33.0,0.0,0.0,0.0,0.0
GA,2022-03-26,2022,12,85,45.0,18.0,33.0,0.0,2.5,2.0,3.5,2.0,30039.0,4621.0,24717.0,3454.0,0.82,0.0,0.75,0.0,31.16978021978022,0,44.0,38.0,50.0,28.0,0.0,0.0,0.0,0.0
GA,2022-04-02,2022,13,86,45.0,20.0,45.0,0.0,2.5,2.0,3.5,2.0,30141.0,4624.0,24269.0,3460.0,0.81,0.0,0.75,0.0,31.16978021978022,0,45.0,44.0,39.0,31.0,0.0,0.0,0.0,0.0
GA,2022-04-09,2022,14,87,50.0,21.0,33.0,0.0,2.5,2.0,3.5,2.0,29643.0,4565.0,23555.0,3359.0,0.79,0.0,0.74,0.0,31.16978021978022,0,45.0,45.0,38.0,42.0,0.0,0.0,0.0,0.0
GA,2022-04-16,2022,15,88,52.0,21.0,42.0,0.0,2.5,2.0,3.5,2.0,29632.0,4567.0,23929.0,3463.0,0.81,0.0,0.76,0.0,31.16978021978022,0,50.0,45.0,44.0,46.0,0.0,0.0,0.0,0.0
GA,2022-04-23,2022,16,89,39.0,16.0,46.0,0.0,2.5,2.0,3.5,2.0,28660.0,4447.0,23271.0,3267.0,0.81,0.0,0.73,0.0,31.16978021978022,0,52.0,50.0,45.0,50.0,0.0,0.0,0.0,0.0
GA,2022-04-30,2022,17,90,37.0,16.0,36.0,0.0,2.5,2.0,3.5,2.0,29727.0,4585.0,24328.0,3395.0,0.82,0.0,0.74,0.0,31.16978021978022,0,39.0,52.0,45.0,39.0,0.0,0.0,0.0,0.0
GA,2022-05-07,2022,18,91,30.0,15.0,44.0,0.0,2.5,2.0,3.5,2.0,29435.0,4540.0,24191.0,3362.0,0.82,0.0,0.74,0.0,31.16978021978022,0,37.0,39.0,50.0,38.0,0.0,0.0,0.0,0.0
GA,2022-05-14,2022,19,92,36.0,19.0,60.0,0.0,2.5,2.0,3.5,2.0,29386.0,4520.0,24087.0,3365.0,0.82,0.0,0.74,0.0,31.16978021978022,0,30.0,37.0,52.0,44.0,0.0,0.0,0.0,0.0
GA,2022-05-21,2022,20,93,46.0,17.0,55.0,0.0,2.5,2.0,3.5,2.0,29444.0,4529.0,24926.0,3428.0,0.85,0.0,0.76,0.0,31.16978021978022,0,36.0,30.0,39.0,45.0,0.0,0.0,0.0,0.0
GA,2022-05-28,2022,21,94,46.0,27.0,62.0,0.0,2.5,2.0,3.5,2.0,29282.0,4451.0,23952.0,3291.0,0.82,0.0,0.74,0.01,31.16978021978022,0,46.0,36.0,37.0,45.0,0.0,0.0,0.0,0.0
GA,2022-06-04,2022,22,95,51.0,32.0,66.0,0.0,2.5,2.0,3.5,2.0,29064.0,4444.0,23633.0,3280.0,0.81,0.0,0.74,0.01,31.16978021978022,0,46.0,46.0,30.0,50.0,0.0,0.0,0.0,0.0
GA,2022-06-11,2022,23,96,40.0,30.0,48.0,0.0,2.5,2.0,3.5,2.0,28789.0,4380.0,24049.0,3324.0,0.84,0.0,0.76,0.01,31.16978021978022,0,51.0,46.0,36.0,52.0,0.0,0.0,0.0,0.0
GA,2022-06-18,2022,24,97,35.0,31.0,41.0,0.0,2.5,2.0,3.5,2.0,29397.0,4508.0,24448.0,3490.0,0.83,0.0,0.77,0.01,31.16978021978022,0,40.0,51.0,46.0,39.0,0.0,0.0,0.0,0.0
GA,2022-06-25,2022,25,98,30.0,31.0,27.0,0.0,2.5,2.0,3.5,2.0,29190.0,4478.0,24336.0,3458.0,0.83,0.0,0.77,0.01,31.16978021978022,0,35.0,40.0,46.0,37.0,0.0,0.0,0.0,0.0
GA,2022-07-02,2022,26,99,33.0,34.0,35.0,0.0,2.5,2.0,3.5,2.0,29444.0,4519.0,24383.0,3530.0,0.83,0.0,0.78,0.01,31.16978021978022,0,30.0,35.0,51.0,30.0,0.0,0.0,0.0,0.0
GA,2022-07-09,2022,27,100,29.0,34.0,28.0,0.0,2.5,2.0,3.5,2.0,29396.0,4525.0,24046.0,3434.0,0.82,0.0,0.76,0.01,31.16978021978022,0,33.0,30.0,40.0,36.0,0.0,0.0,0.0,0.0
GA,2022-07-16,2022,28,101,29.0,34.0,27.0,0.0,2.5,2.0,3.5,2.0,29402.0,4546.0,24980.0,3537.0,0.85,0.0,0.78,0.01,31.16978021978022,0,29.0,33.0,35.0,46.0,0.0,0.0,0.0,0.0
GA,2022-07-23,2022,29,102,27.0,35.0,28.0,0.0,2.5,2.0,3.5,2.0,29394.0,4549.0,24858.0,3521.0,0.85,0.0,0.77,0.01,31.16978021978022,0,29.0,29.0,30.0,46.0,0.0,0.0,0.0,0.0
GA,2022-07-30,2022,30,103,21.0,35.0,39.0,0.0,2.5,2.0,3.5,2.0,29471.0,4595.0,25014.0,3519.0,0.85,0.0,0.77,0.01,31.16978021978022,0,27.0,29.0,33.0,51.0,0.0,0.0,0.0,0.0
GA,2022-08-06,2022,31,104,22.0,35.0,33.0,0.0,2.5,2.0,3.5,2.0,29477.0,4579.0,24497.0,3461.0,0.83,0.0,0.76,0.01,31.16978021978022,0,21.0,27.0,29.0,40.0,0.0,0.0,0.0,0.0
GA,2022-08-13,2022,32,105,23.0,33.0,19.0,0.0,2.5,2.0,3.5,2.0,29612.0,4590.0,24915.0,3548.0,0.84,0.0,0.77,0.01,31.16978021978022,0,22.0,21.0,29.0,35.0,0.0,0.0,0.0,0.0
GA,2022-08-20,2022,33,106,18.0,33.0,13.0,0.0,2.5,2.0,3.5,2.0,29493.0,4577.0,24974.0,3584.0,0.85,0.0,0.78,0.01,31.16978021978022,0,23.0,22.0,27.0,30.0,0.0,0.0,0.0,0.0
GA,2022-08-27,2022,34,107,28.0,35.0,26.0,0.0,2.5,2.0,3.5,2.0,30074.0,4661.0,25424.0,3675.0,0.85,0.0,0.79,0.01,31.16978021978022,0,18.0,23.0,21.0,33.0,0.0,0.0,0.0,0.0
GA,2022-09-03,2022,35,108,26.0,34.0,20.0,0.0,2.5,2.0,3.5,2.0,29673.0,4570.0,25112.0,3646.0,0.85,0.0,0.8,0.01,31.16978021978022,0,28.0,18.0,22.0,29.0,0.0,0.0,0.0,0.0
GA,2022-09-10,2022,36,109,27.0,34.0,43.0,0.0,2.5,2.0,3.5,2.0,29282.0,4519.0,24582.0,3526.0,0.84,0.0,0.78,0.01,31.16978021978022,0,26.0,28.0,23.0,29.0,0.0,0.0,0.0,0.0
GA,2022-09-17,2022,37,110,40.0,37.0,46.0,0.0,2.5,2.0,3.5,2.0,29286.0,4544.0,24852.0,3652.0,0.85,0.0,0.8,0.01,31.16978021978022,0,27.0,26.0,18.0,27.0,0.0,0.0,0.0,0.0
GA,2022-09-24,2022,38,111,58.0,36.0,55.0,0.0,2.5,2.0,3.5,2.0,29297.0,4539.0,24522.0,3585.0,0.84,0.0,0.79,0.01,31.16978021978022,0,40.0,27.0,28.0,21.0,0.0,0.0,0.0,0.0
GA,2022-10-01,2022,39,112,71.0,35.0,77.0,0.0,2.5,2.0,3.5,2.0,29127.0,4534.0,24039.0,3567.0,0.83,0.0,0.79,0.01,31.16978021978022,0,58.0,40.0,26.0,22.0,0.0,0.0,0.0,0.0
GA,2022-10-08,2022,40,113,100.0,41.0,109.0,0.0,2.5,2.0,3.5,2.0,29236.0,4544.0,24271.0,3596.0,0.83,0.0,0.79,0.01,31.16978021978022,0,71.0,58.0,27.0,23.0,0.0,0.0,0.0,0.0
GA,2022-10-15,2022,41,114,141.0,49.0,144.0,0.0,2.5,2.0,3.5,2.0,29256.0,4498.0,24587.0,3584.0,0.84,0.0,0.8,0.01,31.16978021978022,1,100.0,71.0,40.0,18.0,0.0,0.0,0.0,0.0
GA,2022-10-22,2022,42,115,149.0,56.0,137.0,0.0,2.5,2.0,3.5,2.0,29113.0,4437.0,24531.0,3530.0,0.84,0.01,0.8,0.01,31.16978021978022,1,141.0,100.0,58.0,28.0,0.0,0.0,0.0,0.0
GA,2022-10-29,2022,43,116,168.0,58.0,216.0,0.0,2.5,2.0,3.5,2.0,28898.0,4405.0,24703.0,3553.0,0.85,0.01,0.81,0.01,31.16978021978022,1,149.0,141.0,71.0,26.0,0.01,0.0,0.0,0.0
GA,2022-11-05,2022,44,117,205.0,60.0,250.0,0.0,2.5,2.0,3.5,2.0,29052.0,4418.0,24489.0,3692.0,0.84,0.01,0.84,0.01,31.16978021978022,1,168.0,149.0,100.0,27.0,0.01,0.01,0.0,0.0
GA,2022-11-12,2022,45,118,259.0,63.0,263.0,0.0,2.5,2.0,3.5,2.0,29305.0,4361.0,24784.0,3571.0,0.85,0.01,0.82,0.01,31.16978021978022,1,205.0,168.0,141.0,40.0,0.01,0.01,0.0,0.0
GA,2022-11-19,2022,46,119,208.0,63.0,236.0,0.0,2.5,2.0,3.5,2.0,29128.0,4292.0,24143.0,3420.0,0.83,0.01,0.8,0.01,31.16978021978022,1,259.0,205.0,149.0,58.0,0.01,0.01,0.01,0.0
GA,2022-11-26,2022,47,120,217.0,80.0,258.0,0.0,2.5,2.0,3.5,2.0,28528.0,4174.0,23200.0,3222.0,0.81,0.01,0.77,0.02,31.16978021978022,1,208.0,259.0,168.0,71.0,0.01,0.01,0.01,0.0
GA,2022-12-03,2022,48,121,292.0,92.0,342.0,0.0,2.5,2.0,3.5,2.0,29413.0,4349.0,25038.0,3560.0,0.85,0.01,0.82,0.02,31.16978021978022,1,217.0,208.0,205.0,100.0,0.01,0.01,0.01,0.0
GA,2022-12-10,2022,49,122,268.0,85.0,209.0,0.0,2.5,2.0,3.5,2.0,28956.0,4289.0,24992.0,3546.0,0.86,0.01,0.83,0.02,31.16978021978022,1,292.0,217.0,259.0,141.0,0.01,0.01,0.01,0.0
GA,2022-12-17,2022,50,123,258.0,95.0,179.0,0.0,2.5,2.0,3.5,2.0,28289.0,4215.0,23671.0,3484.0,0.84,0.01,0.83,0.02,31.16978021978022,1,268.0,292.0,208.0,149.0,0.01,0.01,0.01,0.01
GA,2022-12-24,2022,51,124,217.0,80.0,158.0,0.0,2.5,2.0,3.5,2.0,22389.0,3377.0,18079.0,2701.0,0.81,0.01,0.8,0.02,31.16978021978022,1,258.0,268.0,217.0,168.0,0.01,0.01,0.01,0.01
GA,2022-12-31,2022,52,125,217.0,89.0,184.0,0.0,2.5,2.0,3.5,2.0,20251.0,3074.0,15303.0,2414.0,0.76,0.01,0.79,0.03,31.16978021978022,1,217.0,258.0,292.0,205.0,0.01,0.01,0.01,0.01
HI,2020-10-03,2020,40,8,2.0,0.0,2.0,0.0,0.5,1.0,0.0,1.0,1786.0,459.0,1786.0,306.0,1.57,0.0,0.67,0.0,39.104830917874395,0,2.0,2.0,2.0,2.0,0.0,0.0,0.0,0.0
HI,2020-10-10,2020,41,9,2.0,0.0,2.0,0.0,0.5,1.0,0.0,1.0,1771.0,498.0,1771.0,308.0,1.63,0.0,0.62,0.0,39.104830917874395,0,2.0,2.0,2.0,2.0,0.0,0.0,0.0,0.0
HI,2020-10-17,2020,42,10,0.0,0.0,0.0,0.0,0.5,1.0,0.0,1.0,1991.0,497.0,1991.0,299.0,1.47,0.0,0.6,0.0,39.104830917874395,0,2.0,2.0,2.0,2.0,0.0,0.0,0.0,0.0
HI,2020-10-24,2020,43,11,0.0,0.0,0.0,0.0,0.5,1.0,0.0,1.0,2130.0,304.0,1533.0,203.0,0.72,0.0,0.67,0.0,39.104830917874395,0,0.0,2.0,2.0,2.0,0.0,0.0,0.0,0.0
HI,2020-10-31,2020,44,12,0.0,0.0,0.0,0.0,0.5,1.0,0.0,1.0,2412.0,336.0,1663.0,225.0,0.69,0.0,0.67,0.0,39.104830917874395,0,0.0,0.0,2.0,2.0,0.0,0.0,0.0,0.0
HI,2020-11-07,2020,45,13,0.0,0.0,0.0,0.0,0.5,1.0,0.0,1.0,2457.0,349.0,1682.0,239.0,0.68,0.0,0.68,0.0,39.104830917874395,0,0.0,0.0,2.0,2.0,0.0,0.0,0.0,0.0
HI,2020-11-14,2020,46,14,0.0,0.0,0.0,0.0,0.5,1.0,0.0,1.0,2474.0,353.0,1710.0,224.0,0.69,0.0,0.63,0.0,39.104830917874395,0,0.0,0.0,0.0,2.0,0.0,0.0,0.0,0.0
HI,2020-11-21,2020,47,15,0.0,0.0,0.0,0.0,0.5,1.0,0.0,1.0,2482.0,337.0,1691.0,211.0,0.68,0.0,0.63,0.0,39.104830917874395,0,0.0,0.0,0.0,2.0,0.0,0.0,0.0,0.0
HI,2020-11-28,2020,48,16,0.0,0.0,1.0,0.0,0.5,1.0,0.0,1.0,2511.0,325.0,1659.0,199.0,0.66,0.0,0.61,0.0,39.104830917874395,0,0.0,0.0,0.0,2.0,0.0,0.0,0.0,0.0
HI,2020-12-05,2020,49,17,1.0,0.0,0.0,0.0,0.5,1.0,0.0,1.0,2505.0,328.0,1714.0,213.0,0.68,0.0,0.65,0.0,39.104830917874395,0,0.0,0.0,0.0,2.0,0.0,0.0,0.0,0.0
HI,2020-12-12,2020,50,18,0.0,0.0,0.0,0.0,0.5,1.0,0.0,1.0,2481.0,339.0,1710.0,224.0,0.69,0.0,0.66,0.0,39.104830917874395,0,1.0,0.0,0.0,0.0,0.0,0.0,0.0,0.0
HI,2020-12-19,2020,51,19,0.0,0.0,0.0,0.0,0.5,1.0,0.0,1.0,2476.0,334.0,1708.0,220.0,0.69,0.0,0.66,0.0,39.104830917874395,0,0.0,1.0,0.0,0.0,0.0,0.0,0.0,0.0
HI,2020-12-26,2020,52,20,0.0,0.0,0.0,0.0,0.5,1.0,0.0,1.0,2472.0,325.0,1628.0,201.0,0.66,0.0,0.62,0.0,39.104830917874395,0,0.0,0.0,0.0,0.0,0.0,0.0,0.0,0.0
HI,2021-01-02,2021,53,21,0.0,0.0,0.0,0.0,0.5,1.0,0.0,1.0,2477.0,337.0,1667.0,220.0,0.67,0.0,0.65,0.0,36.13924731182796,0,0.0,0.0,1.0,0.0,0.0,0.0,0.0,0.0
HI,2021-01-09,2021,1,22,0.0,0.0,0.0,0.0,0.5,1.0,0.0,1.0,2479.0,328.0,1749.0,213.0,0.71,0.0,0.65,0.0,36.13924731182796,0,0.0,0.0,0.0,0.0,0.0,0.0,0.0,0.0
HI,2021-01-16,2021,2,23,0.0,0.0,0.0,0.0,0.5,1.0,0.0,1.0,2474.0,330.0,1757.0,219.0,0.71,0.0,0.66,0.0,36.13924731182796,0,0.0,0.0,0.0,0.0,0.0,0.0,0.0,0.0
HI,2021-01-23,2021,3,24,0.0,0.0,0.0,0.0,0.5,1.0,0.0,1.0,2479.0,324.0,1747.0,213.0,0.7,0.0,0.66,0.0,36.13924731182796,0,0.0,0.0,0.0,0.0,0.0,0.0,0.0,0.0
HI,2021-01-30,2021,4,25,0.0,0.0,0.0,0.0,0.5,1.0,0.0,1.0,2481.0,329.0,1730.0,218.0,0.7,0.0,0.66,0.0,36.13924731182796,0,0.0,0.0,0.0,1.0,0.0,0.0,0.0,0.0
HI,2021-02-06,2021,5,26,0.0,0.0,0.0,0.0,0.5,1.0,0.0,1.0,2486.0,324.0,1706.0,203.0,0.69,0.0,0.63,0.0,36.13924731182796,0,0.0,0.0,0.0,0.0,0.0,0.0,0.0,0.0
HI,2021-02-13,2021,6,27,0.0,0.0,0.0,0.0,0.5,1.0,0.0,1.0,2483.0,327.0,1756.0,211.0,0.71,0.0,0.65,0.0,36.13924731182796,0,0.0,0.0,0.0,0.0,0.0,0.0,0.0,0.0
HI,2021-02-20,2021,7,28,0.0,0.0,0.0,0.0,0.5,1.0,0.0,1.0,2489.0,326.0,1773.0,218.0,0.71,0.0,0.67,0.0,36.13924731182796,0,0.0,0.0,0.0,0.0,0.0,0.0,0.0,0.0
HI,2021-02-27,2021,8,29,0.0,0.0,0.0,0.0,0.5,1.0,0.0,1.0,2479.0,328.0,1726.0,218.0,0.7,0.0,0.66,0.0,36.13924731182796,0,0.0,0.0,0.0,0.0,0.0,0.0,0.0,0.0
HI,2021-03-06,2021,9,30,0.0,0.0,0.0,0.0,0.5,1.0,0.0,1.0,2477.0,333.0,1658.0,222.0,0.67,0.0,0.67,0.0,36.13924731182796,0,0.0,0.0,0.0,0.0,0.0,0.0,0.0,0.0
HI,2021-03-13,2021,10,31,0.0,0.0,0.0,0.0,0.5,1.0,0.0,1.0,2476.0,331.0,1696.0,227.0,0.68,0.0,0.69,0.0,36.13924731182796,0,0.0,0.0,0.0,0.0,0.0,0.0,0.0,0.0
HI,2021-03-20,2021,11,32,0.0,0.0,0.0,0.0,0.5,1.0,0.0,1.0,2473.0,330.0,1750.0,238.0,0.71,0.0,0.72,0.0,36.13924731182796,0,0.0,0.0,0.0,0.0,0.0,0.0,0.0,0.0
HI,2021-03-27,2021,12,33,0.0,0.0,0.0,0.0,0.5,1.0,0.0,1.0,2477.0,332.0,1725.0,220.0,0.7,0.0,0.66,0.0,36.13924731182796,0,0.0,0.0,0.0,0.0,0.0,0.0,0.0,0.0
HI,2021-04-03,2021,13,34,0.0,0.0,0.0,0.0,0.5,1.0,0.0,1.0,2469.0,330.0,1753.0,220.0,0.71,0.0,0.67,0.0,36.13924731182796,0,0.0,0.0,0.0,0.0,0.0,0.0,0.0,0.0
HI,2021-04-10,2021,14,35,0.0,0.0,0.0,0.0,0.5,1.0,0.0,1.0,2484.0,322.0,1726.0,204.0,0.69,0.0,0.63,0.0,36.13924731182796,0,0.0,0.0,0.0,0.0,0.0,0.0,0.0,0.0
HI,2021-04-17,2021,15,36,0.0,0.0,0.0,0.0,0.5,1.0,0.0,1.0,2490.0,327.0,1778.0,226.0,0.71,0.0,0.69,0.0,36.13924731182796,0,0.0,0.0,0.0,0.0,0.0,0.0,0.0,0.0
HI,2021-04-24,2021,16,37,0.0,0.0,0.0,0.0,0.5,1.0,0.0,1.0,2486.0,329.0,1771.0,233.0,0.71,0.0,0.71,0.0,36.13924731182796,0,0.0,0.0,0.0,0.0,0.0,0.0,0.0,0.0
HI,2021-05-01,2021,17,38,0.0,0.0,0.0,0.0,0.5,1.0,0.0,1.0,2487.0,332.0,1765.0,230.0,0.71,0.0,0.69,0.0,36.13924731182796,0,0.0,0.0,0.0,0.0,0.0,0.0,0.0,0.0
HI,2021-05-08,2021,18,39,0.0,0.0,0.0,0.0,0.5,1.0,0.0,1.0,2478.0,324.0,1729.0,207.0,0.7,0.0,0.64,0.0,36.13924731182796,0,0.0,0.0,0.0,0.0,0.0,0.0,0.0,0.0
HI,2021-05-15,2021,19,40,0.0,0.0,0.0,0.0,0.5,1.0,0.0,1.0,2476.0,318.0,1737.0,209.0,0.7,0.0,0.66,0.0,36.13924731182796,0,0.0,0.0,0.0,0.0,0.0,0.0,0.0,0.0
HI,2021-05-22,2021,20,41,0.0,0.0,0.0,0.0,0.5,1.0,0.0,1.0,2485.0,323.0,1753.0,224.0,0.71,0.0,0.69,0.0,36.13924731182796,0,0.0,0.0,0.0,0.0,0.0,0.0,0.0,0.0
HI,2021-05-29,2021,21,42,0.0,0.0,0.0,0.0,0.5,1.0,0.0,1.0,2475.0,328.0,1748.0,209.0,0.71,0.0,0.64,0.0,36.13924731182796,0,0.0,0.0,0.0,0.0,0.0,0.0,0.0,0.0
HI,2021-06-05,2021,22,43,0.0,0.0,0.0,0.0,0.5,1.0,0.0,1.0,2473.0,332.0,1751.0,209.0,0.71,0.0,0.63,0.0,36.13924731182796,0,0.0,0.0,0.0,0.0,0.0,0.0,0.0,0.0
HI,2021-06-12,2021,23,44,0.0,0.0,0.0,0.0,0.5,1.0,0.0,1.0,2483.0,424.0,1734.0,215.0,0.7,0.0,0.51,0.0,36.13924731182796,0,0.0,0.0,0.0,0.0,0.0,0.0,0.0,0.0
HI,2021-06-19,2021,24,45,0.0,0.0,0.0,0.0,0.5,1.0,0.0,1.0,2478.0,491.0,1749.0,213.0,0.71,0.0,0.43,0.0,36.13924731182796,0,0.0,0.0,0.0,0.0,0.0,0.0,0.0,0.0
HI,2021-06-26,2021,25,46,1.0,0.0,0.0,0.0,0.5,1.0,0.0,1.0,2476.0,491.0,1720.0,200.0,0.69,0.0,0.41,0.0,36.13924731182796,0,0.0,0.0,0.0,0.0,0.0,0.0,0.0,0.0
HI,2021-07-03,2021,26,47,0.0,0.0,0.0,0.0,0.5,1.0,0.0,1.0,2472.0,487.0,1713.0,209.0,0.69,0.0,0.43,0.0,36.13924731182796,0,1.0,0.0,0.0,0.0,0.0,0.0,0.0,0.0
HI,2021-07-10,2021,27,48,0.0,0.0,1.0,0.0,0.5,1.0,0.0,1.0,2471.0,485.0,1714.0,214.0,0.69,0.0,0.44,0.0,36.13924731182796,0,0.0,1.0,0.0,0.0,0.0,0.0,0.0,0.0
HI,2021-07-17,2021,28,49,0.0,0.0,1.0,0.0,0.5,1.0,0.0,1.0,2470.0,486.0,1727.0,225.0,0.7,0.0,0.46,0.0,36.13924731182796,0,0.0,0.0,0.0,0.0,0.0,0.0,0.0,0.0
HI,2021-07-24,2021,29,50,0.0,0.0,0.0,0.0,0.5,1.0,0.0,1.0,2472.0,487.0,1772.0,225.0,0.72,0.0,0.46,0.0,36.13924731182796,0,0.0,0.0,1.0,0.0,0.0,0.0,0.0,0.0
HI,2021-07-31,2021,30,51,0.0,0.0,0.0,0.0,0.5,1.0,0.0,1.0,2470.0,496.0,1778.0,221.0,0.72,0.0,0.45,0.0,36.13924731182796,0,0.0,0.0,0.0,0.0,0.0,0.0,0.0,0.0
HI,2021-08-07,2021,31,52,2.0,0.0,2.0,0.0,0.5,1.0,0.0,1.0,2474.0,492.0,1775.0,221.0,0.72,0.0,0.45,0.0,36.13924731182796,0,0.0,0.0,0.0,0.0,0.0,0.0,0.0,0.0
HI,2021-08-14,2021,32,53,0.0,0.0,2.0,0.0,0.5,1.0,0.0,1.0,2469.0,507.0,1798.0,246.0,0.73,0.0,0.49,0.0,36.13924731182796,0,2.0,0.0,0.0,0.0,0.0,0.0,0.0,0.0
HI,2021-08-21,2021,33,54,1.0,0.0,0.0,0.0,0.5,1.0,0.0,1.0,2458.0,515.0,1822.0,248.0,0.74,0.0,0.48,0.0,36.13924731182796,0,0.0,2.0,0.0,1.0,0.0,0.0,0.0,0.0
HI,2021-08-28,2021,34,55,0.0,0.0,0.0,0.0,0.5,1.0,0.0,1.0,2431.0,512.0,1816.0,264.0,0.75,0.0,0.52,0.0,36.13924731182796,0,1.0,0.0,0.0,0.0,0.0,0.0,0.0,0.0
HI,2021-09-04,2021,35,56,0.0,0.0,0.0,0.0,0.5,1.0,0.0,1.0,2435.0,516.0,1883.0,287.0,0.77,0.0,0.56,0.0,36.13924731182796,0,0.0,1.0,2.0,0.0,0.0,0.0,0.0,0.0
HI,2021-09-11,2021,36,57,0.0,0.0,0.0,0.0,0.5,1.0,0.0,1.0,2439.0,524.0,1909.0,495.0,0.78,0.0,0.94,0.0,36.13924731182796,0,0.0,0.0,0.0,0.0,0.0,0.0,0.0,0.0
HI,2021-09-18,2021,37,58,0.0,0.0,0.0,0.0,0.5,1.0,0.0,1.0,2437.0,521.0,1928.0,276.0,0.79,0.0,0.53,0.0,36.13924731182796,0,0.0,0.0,1.0,0.0,0.0,0.0,0.0,0.0
HI,2021-09-25,2021,38,59,1.0,0.0,1.0,0.0,0.5,1.0,0.0,1.0,2446.0,508.0,1887.0,283.0,0.77,0.0,0.56,0.0,36.13924731182796,0,0.0,0.0,0.0,0.0,0.0,0.0,0.0,0.0
HI,2021-10-02,2021,39,60,0.0,0.0,0.0,0.0,0.5,1.0,0.0,1.0,2448.0,474.0,1832.0,248.0,0.75,0.0,0.52,0.0,36.13924731182796,0,1.0,0.0,0.0,2.0,0.0,0.0,0.0,0.0
HI,2021-10-09,2021,40,61,0.0,0.0,0.0,0.0,0.5,1.0,0.0,1.0,2435.0,475.0,1844.0,255.0,0.76,0.0,0.54,0.0,36.13924731182796,0,0.0,1.0,0.0,0.0,0.0,0.0,0.0,0.0
HI,2021-10-16,2021,41,62,0.0,0.0,0.0,0.0,0.5,1.0,0.0,1.0,2444.0,479.0,1841.0,235.0,0.75,0.0,0.49,0.0,36.13924731182796,0,0.0,0.0,0.0,1.0,0.0,0.0,0.0,0.0
HI,2021-10-23,2021,42,63,0.0,0.0,0.0,0.0,0.5,1.0,0.0,1.0,2447.0,486.0,1835.0,230.0,0.75,0.0,0.47,0.0,36.13924731182796,0,0.0,0.0,1.0,0.0,0.0,0.0,0.0,0.0
HI,2021-10-30,2021,43,64,0.0,0.0,0.0,0.0,0.5,1.0,0.0,1.0,2444.0,482.0,1812.0,237.0,0.74,0.0,0.49,0.0,36.13924731182796,0,0.0,0.0,0.0,0.0,0.0,0.0,0.0,0.0
HI,2021-11-06,2021,44,65,0.0,0.0,0.0,0.0,0.5,1.0,0.0,1.0,2437.0,492.0,1793.0,227.0,0.74,0.0,0.46,0.0,36.13924731182796,0,0.0,0.0,0.0,0.0,0.0,0.0,0.0,0.0
HI,2021-11-13,2021,45,66,0.0,0.0,0.0,0.0,0.5,1.0,0.0,1.0,2437.0,503.0,1835.0,228.0,0.75,0.0,0.45,0.0,36.13924731182796,0,0.0,0.0,0.0,0.0,0.0,0.0,0.0,0.0
HI,2021-11-20,2021,46,67,0.0,0.0,0.0,0.0,0.5,1.0,0.0,1.0,2434.0,505.0,1857.0,224.0,0.76,0.0,0.44,0.0,36.13924731182796,0,0.0,0.0,0.0,1.0,0.0,0.0,0.0,0.0
HI,2021-11-27,2021,47,68,0.0,0.0,1.0,0.0,0.5,1.0,0.0,1.0,2429.0,484.0,1777.0,212.0,0.73,0.0,0.44,0.0,36.13924731182796,0,0.0,0.0,0.0,0.0,0.0,0.0,0.0,0.0
HI,2021-12-04,2021,48,69,0.0,0.0,0.0,0.0,0.5,1.0,0.0,1.0,2435.0,494.0,1825.0,220.0,0.75,0.0,0.45,0.0,36.13924731182796,0,0.0,0.0,0.0,0.0,0.0,0.0,0.0,0.0
HI,2021-12-11,2021,49,70,0.0,0.0,0.0,0.0,0.5,1.0,0.0,1.0,2438.0,505.0,1842.0,218.0,0.76,0.0,0.43,0.0,36.13924731182796,0,0.0,0.0,0.0,0.0,0.0,0.0,0.0,0.0
HI,2021-12-18,2021,50,71,0.0,0.0,0.0,0.0,0.5,1.0,0.0,1.0,2430.0,486.0,1861.0,219.0,0.77,0.0,0.45,0.0,36.13924731182796,0,0.0,0.0,0.0,0.0,0.0,0.0,0.0,0.0
HI,2021-12-25,2021,51,72,0.0,0.0,1.0,0.0,0.5,1.0,0.0,1.0,2431.0,480.0,1759.0,199.0,0.72,0.0,0.41,0.0,36.13924731182796,0,0.0,0.0,0.0,0.0,0.0,0.0,0.0,0.0
HI,2022-01-01,2022,52,73,0.0,0.0,0.0,0.0,0.5,1.0,0.0,1.0,2421.0,484.0,1732.0,206.0,0.72,0.0,0.42,0.0,35.818617021276594,0,0.0,0.0,0.0,0.0,0.0,0.0,0.0,0.0
HI,2022-01-08,2022,1,74,0.0,0.0,0.0,0.0,0.5,1.0,0.0,1.0,2418.0,508.0,1857.0,219.0,0.77,0.0,0.43,0.0,35.818617021276594,0,0.0,0.0,0.0,0.0,0.0,0.0,0.0,0.0
HI,2022-01-15,2022,2,75,0.0,0.0,0.0,0.0,0.5,1.0,0.0,1.0,2419.0,509.0,1925.0,233.0,0.8,0.0,0.46,0.0,35.818617021276594,0,0.0,0.0,0.0,0.0,0.0,0.0,0.0,0.0
HI,2022-01-22,2022,3,76,0.0,0.0,0.0,0.0,0.5,1.0,0.0,1.0,2424.0,522.0,1950.0,253.0,0.8,0.0,0.48,0.0,35.818617021276594,0,0.0,0.0,0.0,0.0,0.0,0.0,0.0,0.0
HI,2022-01-29,2022,4,77,0.0,0.0,0.0,0.0,0.5,1.0,0.0,1.0,2425.0,504.0,1923.0,248.0,0.79,0.0,0.49,0.0,35.818617021276594,0,0.0,0.0,0.0,0.0,0.0,0.0,0.0,0.0
HI,2022-02-05,2022,5,78,0.0,0.0,0.0,0.0,0.5,1.0,0.0,1.0,2436.0,502.0,1926.0,247.0,0.79,0.0,0.49,0.0,35.818617021276594,0,0.0,0.0,0.0,0.0,0.0,0.0,0.0,0.0
HI,2022-02-12,2022,6,79,0.0,0.0,0.0,0.0,0.5,1.0,0.0,1.0,2448.0,508.0,1912.0,234.0,0.78,0.0,0.46,0.0,35.818617021276594,0,0.0,0.0,0.0,0.0,0.0,0.0,0.0,0.0
HI,2022-02-19,2022,7,80,0.0,0.0,0.0,0.0,0.5,1.0,0.0,1.0,2457.0,507.0,1929.0,226.0,0.78,0.0,0.45,0.0,35.818617021276594,0,0.0,0.0,0.0,0.0,0.0,0.0,0.0,0.0
HI,2022-02-26,2022,8,81,0.0,0.0,0.0,0.0,0.5,1.0,0.0,1.0,2443.0,497.0,1912.0,217.0,0.78,0.0,0.44,0.0,35.818617021276594,0,0.0,0.0,0.0,0.0,0.0,0.0,0.0,0.0
HI,2022-03-05,2022,9,82,0.0,0.0,0.0,0.0,0.5,1.0,0.0,1.0,2445.0,493.0,1890.0,216.0,0.77,0.0,0.44,0.0,35.818617021276594,0,0.0,0.0,0.0,0.0,0.0,0.0,0.0,0.0
HI,2022-03-12,2022,10,83,0.0,0.0,0.0,0.0,0.5,1.0,0.0,1.0,2446.0,507.0,1902.0,213.0,0.78,0.0,0.42,0.0,35.818617021276594,0,0.0,0.0,0.0,0.0,0.0,0.0,0.0,0.0
HI,2022-03-19,2022,11,84,0.0,0.0,1.0,0.0,0.5,1.0,0.0,1.0,2439.0,483.0,1857.0,205.0,0.76,0.0,0.42,0.0,35.818617021276594,0,0.0,0.0,0.0,0.0,0.0,0.0,0.0,0.0
HI,2022-03-26,2022,12,85,1.0,0.0,0.0,0.0,0.5,1.0,0.0,1.0,2431.0,478.0,1818.0,204.0,0.75,0.0,0.43,0.0,35.818617021276594,0,0.0,0.0,0.0,0.0,0.0,0.0,0.0,0.0
HI,2022-04-02,2022,13,86,0.0,0.0,1.0,0.0,0.5,1.0,0.0,1.0,2437.0,483.0,1844.0,213.0,0.76,0.0,0.44,0.0,35.818617021276594,0,1.0,0.0,0.0,0.0,0.0,0.0,0.0,0.0
HI,2022-04-09,2022,14,87,1.0,0.0,3.0,0.0,0.5,1.0,0.0,1.0,2449.0,495.0,1863.0,219.0,0.76,0.0,0.44,0.0,35.818617021276594,0,0.0,1.0,0.0,0.0,0.0,0.0,0.0,0.0
HI,2022-04-16,2022,15,88,3.0,1.0,9.0,0.0,0.5,1.0,0.0,1.0,2452.0,488.0,1862.0,213.0,0.76,0.0,0.44,0.0,35.818617021276594,0,1.0,0.0,0.0,0.0,0.0,0.0,0.0,0.0
HI,2022-04-23,2022,16,89,4.0,1.0,7.0,0.0,0.5,1.0,0.0,1.0,2456.0,478.0,1813.0,200.0,0.74,0.0,0.42,0.0,35.818617021276594,0,3.0,1.0,1.0,0.0,0.0,0.0,0.0,0.0
HI,2022-04-30,2022,17,90,4.0,0.0,4.0,0.0,0.5,1.0,0.0,1.0,2448.0,482.0,1827.0,204.0,0.75,0.0,0.42,0.0,35.818617021276594,0,4.0,3.0,0.0,0.0,0.0,0.0,0.0,0.0
HI,2022-05-07,2022,18,91,3.0,0.0,2.0,0.0,0.5,1.0,0.0,1.0,2444.0,488.0,1854.0,203.0,0.76,0.0,0.42,0.0,35.818617021276594,0,4.0,4.0,1.0,0.0,0.0,0.0,0.0,0.0
HI,2022-05-14,2022,19,92,2.0,0.0,3.0,0.0,0.5,1.0,0.0,1.0,2449.0,483.0,1837.0,210.0,0.75,0.0,0.43,0.0,35.818617021276594,0,3.0,4.0,3.0,0.0,0.0,0.0,0.0,0.0
HI,2022-05-21,2022,20,93,7.0,2.0,11.0,0.0,0.5,1.0,0.0,1.0,2477.0,483.0,1877.0,221.0,0.76,0.0,0.46,0.0,35.818617021276594,1,2.0,3.0,4.0,1.0,0.0,0.0,0.0,0.0
HI,2022-05-28,2022,21,94,11.0,2.0,9.0,0.0,0.5,1.0,0.0,1.0,2450.0,488.0,1827.0,221.0,0.75,0.0,0.45,0.0,35.818617021276594,1,7.0,2.0,4.0,0.0,0.0,0.0,0.0,0.0
HI,2022-06-04,2022,22,95,6.0,0.0,4.0,0.0,0.5,1.0,0.0,1.0,2453.0,476.0,1832.0,211.0,0.75,0.0,0.44,0.0,35.818617021276594,0,11.0,7.0,3.0,1.0,0.0,0.0,0.0,0.0
HI,2022-06-11,2022,23,96,4.0,0.0,3.0,0.0,0.5,1.0,0.0,1.0,2446.0,476.0,1872.0,212.0,0.77,0.0,0.44,0.0,35.818617021276594,0,6.0,11.0,2.0,3.0,0.0,0.0,0.0,0.0
HI,2022-06-18,2022,24,97,3.0,1.0,4.0,0.0,0.5,1.0,0.0,1.0,2454.0,483.0,1865.0,207.0,0.76,0.0,0.43,0.0,35.818617021276594,0,4.0,6.0,7.0,4.0,0.0,0.0,0.0,0.0
HI,2022-06-25,2022,25,98,3.0,1.0,6.0,0.0,0.5,1.0,0.0,1.0,2453.0,503.0,1872.0,214.0,0.76,0.0,0.43,0.0,35.818617021276594,0,3.0,4.0,11.0,4.0,0.0,0.0,0.0,0.0
HI,2022-07-02,2022,26,99,4.0,1.0,3.0,0.0,0.5,1.0,0.0,1.0,2460.0,500.0,1853.0,212.0,0.75,0.0,0.42,0.0,35.818617021276594,0,3.0,3.0,6.0,3.0,0.0,0.0,0.0,0.0
HI,2022-07-09,2022,27,100,4.0,0.0,3.0,0.0,0.5,1.0,0.0,1.0,2453.0,485.0,1871.0,216.0,0.76,0.0,0.44,0.0,35.818617021276594,0,4.0,3.0,4.0,2.0,0.0,0.0,0.0,0.0
HI,2022-07-16,2022,28,101,4.0,1.0,0.0,0.0,0.5,1.0,0.0,1.0,2451.0,493.0,1943.0,217.0,0.79,0.0,0.44,0.0,35.818617021276594,0,4.0,4.0,3.0,7.0,0.0,0.0,0.0,0.0
HI,2022-07-23,2022,29,102,4.0,1.0,1.0,0.0,0.5,1.0,0.0,1.0,2462.0,492.0,1949.0,222.0,0.79,0.0,0.45,0.0,35.818617021276594,0,4.0,4.0,3.0,11.0,0.0,0.0,0.0,0.0
HI,2022-07-30,2022,30,103,1.0,0.0,2.0,0.0,0.5,1.0,0.0,1.0,2524.0,502.0,1952.0,216.0,0.77,0.0,0.43,0.0,35.818617021276594,0,4.0,4.0,4.0,6.0,0.0,0.0,0.0,0.0
HI,2022-08-06,2022,31,104,2.0,0.0,3.0,0.0,0.5,1.0,0.0,1.0,2507.0,495.0,1919.0,218.0,0.77,0.0,0.44,0.0,35.818617021276594,0,1.0,4.0,4.0,4.0,0.0,0.0,0.0,0.0
HI,2022-08-13,2022,32,105,1.0,0.0,1.0,0.0,0.5,1.0,0.0,1.0,2479.0,500.0,1938.0,213.0,0.78,0.0,0.43,0.0,35.818617021276594,0,2.0,1.0,4.0,3.0,0.0,0.0,0.0,0.0
HI,2022-08-20,2022,33,106,2.0,0.0,1.0,0.0,0.5,1.0,0.0,1.0,2485.0,489.0,1932.0,218.0,0.78,0.0,0.45,0.0,35.818617021276594,0,1.0,2.0,4.0,3.0,0.0,0.0,0.0,0.0
HI,2022-08-27,2022,34,107,1.0,0.0,1.0,0.0,0.5,1.0,0.0,1.0,2482.0,494.0,1991.0,230.0,0.8,0.0,0.47,0.0,35.818617021276594,0,2.0,1.0,1.0,4.0,0.0,0.0,0.0,0.0
HI,2022-09-03,2022,35,108,2.0,0.0,2.0,0.0,0.5,1.0,0.0,1.0,2487.0,488.0,1968.0,227.0,0.79,0.0,0.47,0.0,35.818617021276594,0,1.0,2.0,2.0,4.0,0.0,0.0,0.0,0.0
HI,2022-09-10,2022,36,109,3.0,1.0,1.0,0.0,0.5,1.0,0.0,1.0,2483.0,493.0,1916.0,212.0,0.77,0.0,0.43,0.0,35.818617021276594,0,2.0,1.0,1.0,4.0,0.0,0.0,0.0,0.0
HI,2022-09-17,2022,37,110,1.0,0.0,2.0,0.0,0.5,1.0,0.0,1.0,2486.0,493.0,1947.0,223.0,0.78,0.0,0.45,0.0,35.818617021276594,0,3.0,2.0,2.0,4.0,0.0,0.0,0.0,0.0
HI,2022-09-24,2022,38,111,4.0,0.0,3.0,0.0,0.5,1.0,0.0,1.0,2476.0,483.0,1909.0,214.0,0.77,0.0,0.44,0.0,35.818617021276594,0,1.0,3.0,1.0,1.0,0.0,0.0,0.0,0.0
HI,2022-10-01,2022,39,112,4.0,0.0,4.0,0.0,0.5,1.0,0.0,1.0,2482.0,489.0,1905.0,225.0,0.77,0.0,0.46,0.0,35.818617021276594,0,4.0,1.0,2.0,2.0,0.0,0.0,0.0,0.0
HI,2022-10-08,2022,40,113,5.0,0.0,5.0,0.0,0.5,1.0,0.0,1.0,2490.0,495.0,1955.0,224.0,0.79,0.0,0.45,0.0,35.818617021276594,0,4.0,4.0,3.0,1.0,0.0,0.0,0.0,0.0
HI,2022-10-15,2022,41,114,5.0,1.0,6.0,0.0,0.5,1.0,0.0,1.0,2488.0,499.0,1964.0,237.0,0.79,0.0,0.47,0.0,35.818617021276594,0,5.0,4.0,1.0,2.0,0.0,0.0,0.0,0.0
HI,2022-10-22,2022,42,115,5.0,0.0,3.0,0.0,0.5,1.0,0.0,1.0,2481.0,507.0,1968.0,231.0,0.79,0.0,0.46,0.0,35.818617021276594,0,5.0,5.0,4.0,1.0,0.0,0.0,0.0,0.0
HI,2022-10-29,2022,43,116,3.0,1.0,7.0,0.0,0.5,1.0,0.0,1.0,2485.0,506.0,1948.0,222.0,0.78,0.0,0.44,0.0,35.818617021276594,0,5.0,5.0,4.0,2.0,0.0,0.0,0.0,0.0
HI,2022-11-05,2022,44,117,7.0,3.0,7.0,0.0,0.5,1.0,0.0,1.0,2486.0,505.0,1996.0,228.0,0.8,0.0,0.45,0.01,35.818617021276594,1,3.0,5.0,5.0,3.0,0.0,0.0,0.0,0.0
HI,2022-11-12,2022,45,118,9.0,2.0,21.0,0.0,0.5,1.0,0.0,1.0,2506.0,502.0,1998.0,242.0,0.8,0.0,0.48,0.0,35.818617021276594,1,7.0,3.0,5.0,1.0,0.0,0.0,0.0,0.0
HI,2022-11-19,2022,46,119,7.0,1.0,15.0,0.0,0.5,1.0,0.0,1.0,2511.0,502.0,2018.0,241.0,0.8,0.0,0.48,0.0,35.818617021276594,1,9.0,7.0,5.0,4.0,0.0,0.0,0.0,0.0
HI,2022-11-26,2022,47,120,12.0,2.0,12.0,0.0,0.5,1.0,0.0,1.0,2508.0,357.0,1931.0,230.0,0.77,0.0,0.64,0.01,35.818617021276594,1,7.0,9.0,3.0,4.0,0.0,0.0,0.0,0.0
HI,2022-12-03,2022,48,121,10.0,2.0,9.0,0.0,0.5,1.0,0.0,1.0,2513.0,334.0,2025.0,231.0,0.81,0.0,0.69,0.01,35.818617021276594,1,12.0,7.0,7.0,5.0,0.0,0.0,0.0,0.0
HI,2022-12-10,2022,49,122,13.0,2.0,13.0,0.0,0.5,1.0,0.0,1.0,2510.0,333.0,2031.0,218.0,0.81,0.01,0.66,0.01,35.818617021276594,1,10.0,12.0,9.0,5.0,0.0,0.0,0.0,0.0
HI,2022-12-17,2022,50,123,15.0,1.0,14.0,0.0,0.5,1.0,0.0,1.0,2554.0,334.0,2010.0,227.0,0.79,0.01,0.68,0.0,35.818617021276594,1,13.0,10.0,7.0,5.0,0.01,0.0,0.0,0.0
HI,2022-12-24,2022,51,124,26.0,2.0,29.0,0.0,0.5,1.0,0.0,1.0,2529.0,332.0,1942.0,230.0,0.77,0.01,0.69,0.0,35.818617021276594,1,15.0,13.0,12.0,3.0,0.01,0.01,0.0,0.0
HI,2022-12-31,2022,52,125,22.0,4.0,34.0,0.0,0.5,1.0,0.0,1.0,2521.0,332.0,1903.0,218.0,0.75,0.01,0.66,0.01,35.818617021276594,1,26.0,15.0,10.0,7.0,0.01,0.01,0.0,0.0
IA,2020-10-03,2020,40,8,3.0,0.0,3.0,0.0,0.0,0.5,0.0,0.5,9136.0,1059.0,5760.0,727.0,0.63,0.0,0.69,0.0,41.404455445544556,0,3.0,3.0,3.0,3.0,0.0,0.0,0.0,0.0
IA,2020-10-10,2020,41,9,3.0,0.0,3.0,0.0,0.0,0.5,0.0,0.5,9134.0,1057.0,5784.0,719.0,0.63,0.0,0.68,0.0,41.404455445544556,0,3.0,3.0,3.0,3.0,0.0,0.0,0.0,0.0
IA,2020-10-17,2020,42,10,3.0,0.0,3.0,0.0,0.0,0.5,0.0,0.5,9127.0,1072.0,5713.0,723.0,0.63,0.0,0.67,0.0,41.404455445544556,0,3.0,3.0,3.0,3.0,0.0,0.0,0.0,0.0
IA,2020-10-24,2020,43,11,3.0,0.0,1.0,0.0,0.0,0.5,0.0,0.5,8401.0,1092.0,5252.0,726.0,0.63,0.0,0.66,0.0,41.404455445544556,0,3.0,3.0,3.0,3.0,0.0,0.0,0.0,0.0
IA,2020-10-31,2020,44,12,0.0,1.0,2.0,0.0,0.0,0.5,0.0,0.5,8257.0,1077.0,5225.0,724.0,0.63,0.0,0.67,0.0,41.404455445544556,0,3.0,3.0,3.0,3.0,0.0,0.0,0.0,0.0
IA,2020-11-07,2020,45,13,4.0,1.0,9.0,0.0,0.0,0.5,0.0,0.5,8265.0,1063.0,5363.0,739.0,0.65,0.0,0.7,0.0,41.404455445544556,0,0.0,3.0,3.0,3.0,0.0,0.0,0.0,0.0
IA,2020-11-14,2020,46,14,11.0,2.0,16.0,0.0,0.0,0.5,0.0,0.5,8247.0,1055.0,5529.0,758.0,0.67,0.0,0.72,0.0,41.404455445544556,0,4.0,0.0,3.0,3.0,0.0,0.0,0.0,0.0
IA,2020-11-21,2020,47,15,5.0,2.0,4.0,0.0,0.0,0.5,0.0,0.5,8326.0,1063.0,5518.0,756.0,0.66,0.0,0.71,0.0,41.404455445544556,0,11.0,4.0,3.0,3.0,0.0,0.0,0.0,0.0
IA,2020-11-28,2020,48,16,8.0,1.0,9.0,0.0,0.0,0.5,0.0,0.5,8395.0,1085.0,5149.0,750.0,0.61,0.0,0.69,0.0,41.404455445544556,0,5.0,11.0,0.0,3.0,0.0,0.0,0.0,0.0
IA,2020-12-05,2020,49,17,1.0,1.0,1.0,0.0,0.0,0.5,0.0,0.5,8395.0,1069.0,5182.0,725.0,0.62,0.0,0.68,0.0,41.404455445544556,0,8.0,5.0,4.0,3.0,0.0,0.0,0.0,0.0
IA,2020-12-12,2020,50,18,2.0,0.0,3.0,0.0,0.0,0.5,0.0,0.5,8422.0,1067.0,5182.0,717.0,0.62,0.0,0.67,0.0,41.404455445544556,0,1.0,8.0,11.0,3.0,0.0,0.0,0.0,0.0
IA,2020-12-19,2020,51,19,2.0,0.0,4.0,0.0,0.0,0.5,0.0,0.5,8298.0,1050.0,5164.0,709.0,0.62,0.0,0.68,0.0,41.404455445544556,0,2.0,1.0,5.0,3.0,0.0,0.0,0.0,0.0
IA,2020-12-26,2020,52,20,2.0,1.0,2.0,0.0,0.0,0.5,0.0,0.5,8124.0,1028.0,4687.0,689.0,0.58,0.0,0.67,0.0,41.404455445544556,0,2.0,2.0,8.0,0.0,0.0,0.0,0.0,0.0
IA,2021-01-02,2021,53,21,4.0,1.0,7.0,0.0,0.0,0.5,0.0,0.5,8092.0,1016.0,4802.0,679.0,0.59,0.0,0.67,0.0,39.3954802259887,0,2.0,2.0,1.0,4.0,0.0,0.0,0.0,0.0
IA,2021-01-09,2021,1,22,2.0,0.0,2.0,0.0,0.0,0.5,0.0,0.5,8081.0,996.0,5025.0,686.0,0.62,0.0,0.69,0.0,39.3954802259887,0,4.0,2.0,2.0,11.0,0.0,0.0,0.0,0.0
IA,2021-01-16,2021,2,23,2.0,0.0,7.0,0.0,0.0,0.5,0.0,0.5,8085.0,998.0,5067.0,659.0,0.63,0.0,0.66,0.0,39.3954802259887,0,2.0,4.0,2.0,5.0,0.0,0.0,0.0,0.0
IA,2021-01-23,2021,3,24,1.0,0.0,1.0,0.0,0.0,0.5,0.0,0.5,8091.0,1001.0,5056.0,665.0,0.62,0.0,0.66,0.0,39.3954802259887,0,2.0,2.0,2.0,8.0,0.0,0.0,0.0,0.0
IA,2021-01-30,2021,4,25,1.0,0.0,3.0,0.0,0.0,0.5,0.0,0.5,8078.0,1000.0,4965.0,656.0,0.61,0.0,0.66,0.0,39.3954802259887,0,1.0,2.0,4.0,1.0,0.0,0.0,0.0,0.0
IA,2021-02-06,2021,5,26,2.0,0.0,2.0,0.0,0.0,0.5,0.0,0.5,8052.0,997.0,4946.0,660.0,0.61,0.0,0.66,0.0,39.3954802259887,0,1.0,1.0,2.0,2.0,0.0,0.0,0.0,0.0
IA,2021-02-13,2021,6,27,0.0,0.0,1.0,0.0,0.0,0.5,0.0,0.5,8047.0,989.0,4845.0,638.0,0.6,0.0,0.65,0.0,39.3954802259887,0,2.0,1.0,2.0,2.0,0.0,0.0,0.0,0.0
IA,2021-02-20,2021,7,28,1.0,0.0,4.0,0.0,0.0,0.5,0.0,0.5,8059.0,992.0,4822.0,641.0,0.6,0.0,0.65,0.0,39.3954802259887,0,0.0,2.0,1.0,2.0,0.0,0.0,0.0,0.0
IA,2021-02-27,2021,8,29,1.0,0.0,0.0,0.0,0.0,0.5,0.0,0.5,7969.0,997.0,4951.0,642.0,0.62,0.0,0.64,0.0,39.3954802259887,0,1.0,0.0,1.0,4.0,0.0,0.0,0.0,0.0
IA,2021-03-06,2021,9,30,0.0,0.0,0.0,0.0,0.0,0.5,0.0,0.5,8075.0,999.0,4820.0,614.0,0.6,0.0,0.61,0.0,39.3954802259887,0,1.0,1.0,2.0,2.0,0.0,0.0,0.0,0.0
IA,2021-03-13,2021,10,31,1.0,1.0,2.0,0.0,0.0,0.5,0.0,0.5,8069.0,996.0,5027.0,627.0,0.62,0.0,0.63,0.0,39.3954802259887,0,0.0,1.0,0.0,2.0,0.0,0.0,0.0,0.0
IA,2021-03-20,2021,11,32,0.0,0.0,0.0,0.0,0.0,0.5,0.0,0.5,8034.0,1003.0,4747.0,603.0,0.59,0.0,0.6,0.0,39.3954802259887,0,1.0,0.0,1.0,1.0,0.0,0.0,0.0,0.0
IA,2021-03-27,2021,12,33,4.0,1.0,10.0,0.0,0.0,0.5,0.0,0.5,8061.0,1004.0,4872.0,633.0,0.6,0.0,0.63,0.0,39.3954802259887,0,0.0,1.0,1.0,1.0,0.0,0.0,0.0,0.0
IA,2021-04-03,2021,13,34,2.0,0.0,3.0,0.0,0.0,0.5,0.0,0.5,8035.0,1000.0,4821.0,615.0,0.6,0.0,0.62,0.0,39.3954802259887,0,4.0,0.0,0.0,2.0,0.0,0.0,0.0,0.0
IA,2021-04-10,2021,14,35,1.0,0.0,1.0,0.0,0.0,0.5,0.0,0.5,8039.0,1003.0,4979.0,656.0,0.62,0.0,0.65,0.0,39.3954802259887,0,2.0,4.0,1.0,0.0,0.0,0.0,0.0,0.0
IA,2021-04-17,2021,15,36,0.0,0.0,13.0,0.0,0.0,0.5,0.0,0.5,8041.0,1000.0,5063.0,642.0,0.63,0.0,0.64,0.0,39.3954802259887,0,1.0,2.0,0.0,1.0,0.0,0.0,0.0,0.0
IA,2021-04-24,2021,16,37,1.0,0.0,2.0,0.0,0.0,0.5,0.0,0.5,8027.0,998.0,4963.0,651.0,0.62,0.0,0.65,0.0,39.3954802259887,0,0.0,1.0,4.0,1.0,0.0,0.0,0.0,0.0
IA,2021-05-01,2021,17,38,1.0,0.0,2.0,0.0,0.0,0.5,0.0,0.5,8016.0,999.0,4994.0,645.0,0.62,0.0,0.65,0.0,39.3954802259887,0,1.0,0.0,2.0,0.0,0.0,0.0,0.0,0.0
IA,2021-05-08,2021,18,39,1.0,0.0,2.0,0.0,0.0,0.5,0.0,0.5,8026.0,999.0,4996.0,674.0,0.62,0.0,0.67,0.0,39.3954802259887,0,1.0,1.0,1.0,1.0,0.0,0.0,0.0,0.0
IA,2021-05-15,2021,19,40,0.0,0.0,0.0,0.0,0.0,0.5,0.0,0.5,8036.0,1005.0,4976.0,659.0,0.62,0.0,0.66,0.0,39.3954802259887,0,1.0,1.0,0.0,0.0,0.0,0.0,0.0,0.0
IA,2021-05-22,2021,20,41,0.0,0.0,1.0,0.0,0.0,0.5,0.0,0.5,8040.0,1005.0,5035.0,681.0,0.63,0.0,0.68,0.0,39.3954802259887,0,0.0,1.0,1.0,4.0,0.0,0.0,0.0,0.0
IA,2021-05-29,2021,21,42,0.0,0.0,1.0,0.0,0.0,0.5,0.0,0.5,8026.0,1005.0,4950.0,659.0,0.62,0.0,0.66,0.0,39.3954802259887,0,0.0,0.0,1.0,2.0,0.0,0.0,0.0,0.0
IA,2021-06-05,2021,22,43,0.0,0.0,0.0,0.0,0.0,0.5,0.0,0.5,8020.0,1002.0,4867.0,645.0,0.61,0.0,0.64,0.0,39.3954802259887,0,0.0,0.0,1.0,1.0,0.0,0.0,0.0,0.0
IA,2021-06-12,2021,23,44,0.0,0.0,1.0,0.0,0.0,0.5,0.0,0.5,8065.0,1000.0,5079.0,670.0,0.63,0.0,0.67,0.0,39.3954802259887,0,0.0,0.0,0.0,0.0,0.0,0.0,0.0,0.0
IA,2021-06-19,2021,24,45,2.0,0.0,0.0,0.0,0.0,0.5,0.0,0.5,8013.0,997.0,4954.0,641.0,0.62,0.0,0.64,0.0,39.3954802259887,0,0.0,0.0,0.0,1.0,0.0,0.0,0.0,0.0
IA,2021-06-26,2021,25,46,0.0,0.0,0.0,0.0,0.0,0.5,0.0,0.5,7991.0,997.0,4953.0,644.0,0.62,0.0,0.65,0.0,39.3954802259887,0,2.0,0.0,0.0,1.0,0.0,0.0,0.0,0.0
IA,2021-07-03,2021,26,47,0.0,0.0,0.0,0.0,0.0,0.5,0.0,0.5,7983.0,996.0,4956.0,644.0,0.62,0.0,0.65,0.0,39.3954802259887,0,0.0,2.0,0.0,1.0,0.0,0.0,0.0,0.0
IA,2021-07-10,2021,27,48,0.0,0.0,0.0,0.0,0.0,0.5,0.0,0.5,11198.0,1399.0,6993.0,915.0,0.62,0.0,0.65,0.0,39.3954802259887,0,0.0,0.0,0.0,0.0,0.0,0.0,0.0,0.0
IA,2021-07-17,2021,28,49,1.0,0.0,0.0,0.0,0.0,0.5,0.0,0.5,15482.0,1943.0,9702.0,1278.0,0.63,0.0,0.66,0.0,39.3954802259887,0,0.0,0.0,2.0,0.0,0.0,0.0,0.0,0.0
IA,2021-07-24,2021,29,50,0.0,0.0,0.0,0.0,0.0,0.5,0.0,0.5,15474.0,1932.0,9673.0,1280.0,0.63,0.0,0.66,0.0,39.3954802259887,0,1.0,0.0,0.0,0.0,0.0,0.0,0.0,0.0
IA,2021-07-31,2021,30,51,0.0,0.0,0.0,0.0,0.0,0.5,0.0,0.5,15421.0,1922.0,9573.0,1290.0,0.62,0.0,0.67,0.0,39.3954802259887,0,0.0,1.0,0.0,0.0,0.0,0.0,0.0,0.0
IA,2021-08-07,2021,31,52,0.0,0.0,0.0,0.0,0.0,0.5,0.0,0.5,15398.0,2089.0,9597.0,1302.0,0.62,0.0,0.62,0.0,39.3954802259887,0,0.0,0.0,0.0,0.0,0.0,0.0,0.0,0.0
IA,2021-08-14,2021,32,53,6.0,0.0,0.0,0.0,0.0,0.5,0.0,0.5,15429.0,1903.0,10076.0,1370.0,0.65,0.0,0.72,0.0,39.3954802259887,0,0.0,0.0,1.0,2.0,0.0,0.0,0.0,0.0
IA,2021-08-21,2021,33,54,1.0,0.0,3.0,0.0,0.0,0.5,0.0,0.5,9929.0,1232.0,6425.0,883.0,0.65,0.0,0.72,0.0,39.3954802259887,0,6.0,0.0,0.0,0.0,0.0,0.0,0.0,0.0
IA,2021-08-28,2021,34,55,0.0,0.0,0.0,0.0,0.0,0.5,0.0,0.5,7698.0,953.0,5060.0,697.0,0.66,0.0,0.73,0.0,39.3954802259887,0,1.0,6.0,0.0,0.0,0.0,0.0,0.0,0.0
IA,2021-09-04,2021,35,56,0.0,0.0,0.0,0.0,0.0,0.5,0.0,0.5,7665.0,946.0,5150.0,708.0,0.67,0.0,0.75,0.0,39.3954802259887,0,0.0,1.0,0.0,0.0,0.0,0.0,0.0,0.0
IA,2021-09-11,2021,36,57,1.0,0.0,1.0,0.0,0.0,0.5,0.0,0.5,7641.0,951.0,5003.0,717.0,0.65,0.0,0.75,0.0,39.3954802259887,0,0.0,0.0,6.0,1.0,0.0,0.0,0.0,0.0
IA,2021-09-18,2021,37,58,0.0,0.0,0.0,0.0,0.0,0.5,0.0,0.5,7593.0,947.0,5092.0,710.0,0.67,0.0,0.75,0.0,39.3954802259887,0,1.0,0.0,1.0,0.0,0.0,0.0,0.0,0.0
IA,2021-09-25,2021,38,59,0.0,3.0,9.0,0.0,0.0,0.5,0.0,0.5,7575.0,944.0,5167.0,741.0,0.68,0.0,0.78,0.0,39.3954802259887,0,0.0,1.0,0.0,0.0,0.0,0.0,0.0,0.0
IA,2021-10-02,2021,39,60,0.0,0.0,0.0,0.0,0.0,0.5,0.0,0.5,7538.0,942.0,5141.0,742.0,0.68,0.0,0.79,0.0,39.3954802259887,0,0.0,0.0,0.0,0.0,0.0,0.0,0.0,0.0
IA,2021-10-09,2021,40,61,0.0,0.0,0.0,0.0,0.0,0.5,0.0,0.5,7424.0,932.0,5115.0,729.0,0.69,0.0,0.78,0.0,39.3954802259887,0,0.0,0.0,1.0,6.0,0.0,0.0,0.0,0.0
IA,2021-10-16,2021,41,62,0.0,0.0,0.0,0.0,0.0,0.5,0.0,0.5,7208.0,933.0,5163.0,732.0,0.72,0.0,0.78,0.0,39.3954802259887,0,0.0,0.0,0.0,1.0,0.0,0.0,0.0,0.0
IA,2021-10-23,2021,42,63,0.0,0.0,0.0,0.0,0.0,0.5,0.0,0.5,7226.0,937.0,5100.0,733.0,0.71,0.0,0.78,0.0,39.3954802259887,0,0.0,0.0,0.0,0.0,0.0,0.0,0.0,0.0
IA,2021-10-30,2021,43,64,0.0,0.0,0.0,0.0,0.0,0.5,0.0,0.5,7222.0,940.0,5052.0,731.0,0.7,0.0,0.78,0.0,39.3954802259887,0,0.0,0.0,0.0,0.0,0.0,0.0,0.0,0.0
IA,2021-11-06,2021,44,65,1.0,0.0,0.0,0.0,0.0,0.5,0.0,0.5,7262.0,941.0,5051.0,727.0,0.7,0.0,0.77,0.0,39.3954802259887,0,0.0,0.0,0.0,1.0,0.0,0.0,0.0,0.0
IA,2021-11-13,2021,45,66,2.0,1.0,0.0,0.0,0.0,0.5,0.0,0.5,7246.0,931.0,5090.0,731.0,0.7,0.0,0.79,0.0,39.3954802259887,0,1.0,0.0,0.0,0.0,0.0,0.0,0.0,0.0
IA,2021-11-20,2021,46,67,1.0,1.0,1.0,0.0,0.0,0.5,0.0,0.5,7222.0,940.0,5154.0,740.0,0.71,0.0,0.79,0.0,39.3954802259887,0,2.0,1.0,0.0,0.0,0.0,0.0,0.0,0.0
IA,2021-11-27,2021,47,68,2.0,0.0,2.0,0.0,0.0,0.5,0.0,0.5,7230.0,930.0,4948.0,711.0,0.68,0.0,0.76,0.0,39.3954802259887,0,1.0,2.0,0.0,0.0,0.0,0.0,0.0,0.0
IA,2021-12-04,2021,48,69,2.0,0.0,1.0,0.0,0.0,0.5,0.0,0.5,7259.0,920.0,5206.0,721.0,0.72,0.0,0.78,0.0,39.3954802259887,0,2.0,1.0,1.0,0.0,0.0,0.0,0.0,0.0
IA,2021-12-11,2021,49,70,11.0,0.0,3.0,0.0,0.0,0.5,0.0,0.5,7252.0,921.0,5293.0,736.0,0.73,0.0,0.8,0.0,39.3954802259887,0,2.0,2.0,2.0,0.0,0.0,0.0,0.0,0.0
IA,2021-12-18,2021,50,71,4.0,1.0,3.0,0.0,0.0,0.5,0.0,0.5,7271.0,916.0,5257.0,728.0,0.72,0.0,0.79,0.0,39.3954802259887,0,11.0,2.0,1.0,0.0,0.0,0.0,0.0,0.0
IA,2021-12-25,2021,51,72,6.0,1.0,3.0,0.0,0.0,0.5,0.0,0.5,7245.0,917.0,5003.0,710.0,0.69,0.0,0.77,0.0,39.3954802259887,0,4.0,11.0,2.0,0.0,0.0,0.0,0.0,0.0
IA,2022-01-01,2022,52,73,10.0,2.0,12.0,0.0,0.0,0.5,0.0,0.5,7225.0,910.0,4977.0,696.0,0.69,0.0,0.77,0.0,37.696111111111115,0,6.0,4.0,2.0,1.0,0.0,0.0,0.0,0.0
IA,2022-01-08,2022,1,74,13.0,1.0,15.0,0.0,0.0,0.5,0.0,0.5,7237.0,910.0,5195.0,706.0,0.72,0.0,0.78,0.0,37.696111111111115,0,10.0,6.0,11.0,2.0,0.0,0.0,0.0,0.0
IA,2022-01-15,2022,2,75,13.0,0.0,12.0,0.0,0.0,0.5,0.0,0.5,7229.0,913.0,5211.0,739.0,0.72,0.0,0.81,0.0,37.696111111111115,0,13.0,10.0,4.0,1.0,0.0,0.0,0.0,0.0
IA,2022-01-22,2022,3,76,10.0,0.0,21.0,0.0,0.0,0.5,0.0,0.5,7209.0,909.0,5087.0,714.0,0.71,0.0,0.79,0.0,37.696111111111115,0,13.0,13.0,6.0,2.0,0.0,0.0,0.0,0.0
IA,2022-01-29,2022,4,77,7.0,0.0,7.0,0.0,0.0,0.5,0.0,0.5,7224.0,899.0,5027.0,690.0,0.7,0.0,0.77,0.0,37.696111111111115,0,10.0,13.0,10.0,2.0,0.0,0.0,0.0,0.0
IA,2022-02-05,2022,5,78,14.0,2.0,16.0,0.0,0.0,0.5,0.0,0.5,7173.0,897.0,5030.0,679.0,0.7,0.0,0.76,0.0,37.696111111111115,0,7.0,10.0,13.0,11.0,0.0,0.0,0.0,0.0
IA,2022-02-12,2022,6,79,18.0,2.0,46.0,0.0,0.0,0.5,0.0,0.5,7172.0,901.0,4981.0,663.0,0.69,0.0,0.74,0.0,37.696111111111115,0,14.0,7.0,13.0,4.0,0.0,0.0,0.0,0.0
IA,2022-02-19,2022,7,80,17.0,1.0,40.0,0.0,0.0,0.5,0.0,0.5,7182.0,873.0,4891.0,638.0,0.68,0.0,0.73,0.0,37.696111111111115,0,18.0,14.0,10.0,6.0,0.0,0.0,0.0,0.0
IA,2022-02-26,2022,8,81,26.0,3.0,57.0,0.0,0.0,0.5,0.0,0.5,7135.0,840.0,4810.0,570.0,0.67,0.0,0.68,0.0,37.696111111111115,0,17.0,18.0,7.0,10.0,0.0,0.0,0.0,0.0
IA,2022-03-05,2022,9,82,32.0,4.0,56.0,0.0,0.0,0.5,0.0,0.5,7122.0,813.0,4772.0,563.0,0.67,0.0,0.69,0.0,37.696111111111115,0,26.0,17.0,14.0,13.0,0.0,0.0,0.0,0.0
IA,2022-03-12,2022,10,83,35.0,4.0,54.0,0.0,0.0,0.5,0.0,0.5,7234.0,826.0,4774.0,584.0,0.66,0.0,0.71,0.0,37.696111111111115,0,32.0,26.0,18.0,13.0,0.0,0.0,0.0,0.0
IA,2022-03-19,2022,11,84,30.0,5.0,49.0,0.0,0.0,0.5,0.0,0.5,7154.0,828.0,4693.0,545.0,0.66,0.0,0.66,0.01,37.696111111111115,0,35.0,32.0,17.0,10.0,0.0,0.0,0.0,0.0
IA,2022-03-26,2022,12,85,30.0,6.0,43.0,0.0,0.0,0.5,0.0,0.5,7050.0,841.0,4406.0,531.0,0.62,0.0,0.63,0.01,37.696111111111115,0,30.0,35.0,26.0,7.0,0.0,0.0,0.0,0.0
IA,2022-04-02,2022,13,86,21.0,3.0,36.0,0.0,0.0,0.5,0.0,0.5,7158.0,834.0,4719.0,569.0,0.66,0.0,0.68,0.0,37.696111111111115,0,30.0,30.0,32.0,14.0,0.0,0.0,0.0,0.0
IA,2022-04-09,2022,14,87,18.0,2.0,25.0,0.0,0.0,0.5,0.0,0.5,7198.0,831.0,4662.0,568.0,0.65,0.0,0.68,0.0,37.696111111111115,0,21.0,30.0,35.0,18.0,0.0,0.0,0.0,0.0
IA,2022-04-16,2022,15,88,20.0,2.0,25.0,0.0,0.0,0.5,0.0,0.5,7079.0,835.0,4631.0,574.0,0.65,0.0,0.69,0.0,37.696111111111115,0,18.0,21.0,30.0,17.0,0.0,0.0,0.0,0.0
IA,2022-04-23,2022,16,89,14.0,3.0,20.0,0.0,0.0,0.5,0.0,0.5,7125.0,837.0,4540.0,537.0,0.64,0.0,0.64,0.0,37.696111111111115,0,20.0,18.0,30.0,26.0,0.0,0.0,0.0,0.0
IA,2022-04-30,2022,17,90,16.0,2.0,17.0,0.0,0.0,0.5,0.0,0.5,7151.0,837.0,4565.0,549.0,0.64,0.0,0.66,0.0,37.696111111111115,0,14.0,20.0,21.0,32.0,0.0,0.0,0.0,0.0
IA,2022-05-07,2022,18,91,11.0,2.0,20.0,0.0,0.0,0.5,0.0,0.5,7055.0,850.0,4593.0,556.0,0.65,0.0,0.65,0.0,37.696111111111115,0,16.0,14.0,18.0,35.0,0.0,0.0,0.0,0.0
IA,2022-05-14,2022,19,92,8.0,1.0,17.0,0.0,0.0,0.5,0.0,0.5,7053.0,837.0,4707.0,573.0,0.67,0.0,0.68,0.0,37.696111111111115,0,11.0,16.0,20.0,30.0,0.0,0.0,0.0,0.0
IA,2022-05-21,2022,20,93,5.0,0.0,10.0,0.0,0.0,0.5,0.0,0.5,6958.0,826.0,4700.0,582.0,0.68,0.0,0.7,0.0,37.696111111111115,0,8.0,11.0,14.0,30.0,0.0,0.0,0.0,0.0
IA,2022-05-28,2022,21,94,3.0,0.0,6.0,0.0,0.0,0.5,0.0,0.5,7010.0,827.0,4745.0,580.0,0.68,0.0,0.7,0.0,37.696111111111115,0,5.0,8.0,16.0,21.0,0.0,0.0,0.0,0.0
IA,2022-06-04,2022,22,95,3.0,0.0,6.0,0.0,0.0,0.5,0.0,0.5,6910.0,824.0,4520.0,553.0,0.65,0.0,0.67,0.0,37.696111111111115,0,3.0,5.0,11.0,18.0,0.0,0.0,0.0,0.0
IA,2022-06-11,2022,23,96,4.0,1.0,9.0,0.0,0.0,0.5,0.0,0.5,6967.0,826.0,4597.0,568.0,0.66,0.0,0.69,0.0,37.696111111111115,0,3.0,3.0,8.0,20.0,0.0,0.0,0.0,0.0
IA,2022-06-18,2022,24,97,3.0,0.0,6.0,0.0,0.0,0.5,0.0,0.5,6868.0,824.0,4611.0,552.0,0.67,0.0,0.67,0.0,37.696111111111115,0,4.0,3.0,5.0,14.0,0.0,0.0,0.0,0.0
IA,2022-06-25,2022,25,98,3.0,0.0,5.0,0.0,0.0,0.5,0.0,0.5,6904.0,827.0,4592.0,562.0,0.67,0.0,0.68,0.0,37.696111111111115,0,3.0,4.0,3.0,16.0,0.0,0.0,0.0,0.0
IA,2022-07-02,2022,26,99,2.0,0.0,3.0,0.0,0.0,0.5,0.0,0.5,6863.0,822.0,4454.0,549.0,0.65,0.0,0.67,0.0,37.696111111111115,0,3.0,3.0,3.0,11.0,0.0,0.0,0.0,0.0
IA,2022-07-09,2022,27,100,1.0,0.0,3.0,0.0,0.0,0.5,0.0,0.5,6853.0,826.0,4427.0,546.0,0.65,0.0,0.66,0.0,37.696111111111115,0,2.0,3.0,4.0,8.0,0.0,0.0,0.0,0.0
IA,2022-07-16,2022,28,101,0.0,0.0,0.0,0.0,0.0,0.5,0.0,0.5,6891.0,822.0,4515.0,551.0,0.66,0.0,0.67,0.0,37.696111111111115,0,1.0,2.0,3.0,5.0,0.0,0.0,0.0,0.0
IA,2022-07-23,2022,29,102,0.0,0.0,0.0,0.0,0.0,0.5,0.0,0.5,6909.0,826.0,4520.0,552.0,0.65,0.0,0.67,0.0,37.696111111111115,0,0.0,1.0,3.0,3.0,0.0,0.0,0.0,0.0
IA,2022-07-30,2022,30,103,1.0,0.0,0.0,0.0,0.0,0.5,0.0,0.5,6957.0,824.0,4518.0,548.0,0.65,0.0,0.67,0.0,37.696111111111115,0,0.0,0.0,2.0,3.0,0.0,0.0,0.0,0.0
IA,2022-08-06,2022,31,104,0.0,0.0,1.0,0.0,0.0,0.5,0.0,0.5,6935.0,826.0,4527.0,548.0,0.65,0.0,0.66,0.0,37.696111111111115,0,1.0,0.0,1.0,4.0,0.0,0.0,0.0,0.0
IA,2022-08-13,2022,32,105,0.0,0.0,1.0,0.0,0.0,0.5,0.0,0.5,6977.0,826.0,4563.0,545.0,0.65,0.0,0.66,0.0,37.696111111111115,0,0.0,1.0,0.0,3.0,0.0,0.0,0.0,0.0
IA,2022-08-20,2022,33,106,1.0,0.0,4.0,0.0,0.0,0.5,0.0,0.5,6936.0,822.0,4536.0,538.0,0.65,0.0,0.65,0.0,37.696111111111115,0,0.0,0.0,0.0,3.0,0.0,0.0,0.0,0.0
IA,2022-08-27,2022,34,107,1.0,0.0,1.0,0.0,0.0,0.5,0.0,0.5,6955.0,819.0,4567.0,531.0,0.66,0.0,0.65,0.0,37.696111111111115,0,1.0,0.0,1.0,2.0,0.0,0.0,0.0,0.0
IA,2022-09-03,2022,35,108,2.0,0.0,3.0,0.0,0.0,0.5,0.0,0.5,6935.0,819.0,4553.0,533.0,0.66,0.0,0.65,0.0,37.696111111111115,0,1.0,1.0,0.0,1.0,0.0,0.0,0.0,0.0
IA,2022-09-10,2022,36,109,1.0,0.0,0.0,0.0,0.0,0.5,0.0,0.5,6941.0,817.0,4529.0,540.0,0.65,0.0,0.66,0.0,37.696111111111115,0,2.0,1.0,0.0,0.0,0.0,0.0,0.0,0.0
IA,2022-09-17,2022,37,110,1.0,0.0,1.0,0.0,0.0,0.5,0.0,0.5,6963.0,810.0,4580.0,532.0,0.66,0.0,0.66,0.0,37.696111111111115,0,1.0,2.0,1.0,0.0,0.0,0.0,0.0,0.0
IA,2022-09-24,2022,38,111,1.0,0.0,2.0,0.0,0.0,0.5,0.0,0.5,6944.0,813.0,4565.0,546.0,0.66,0.0,0.67,0.0,37.696111111111115,0,1.0,1.0,1.0,1.0,0.0,0.0,0.0,0.0
IA,2022-10-01,2022,39,112,2.0,0.0,9.0,0.0,0.0,0.5,0.0,0.5,6949.0,825.0,4516.0,543.0,0.65,0.0,0.66,0.0,37.696111111111115,0,1.0,1.0,2.0,0.0,0.0,0.0,0.0,0.0
IA,2022-10-08,2022,40,113,1.0,0.0,6.0,0.0,0.0,0.5,0.0,0.5,6969.0,817.0,4542.0,534.0,0.65,0.0,0.65,0.0,37.696111111111115,0,2.0,1.0,1.0,0.0,0.0,0.0,0.0,0.0
IA,2022-10-15,2022,41,114,3.0,1.0,7.0,0.0,0.0,0.5,0.0,0.5,6978.0,822.0,4571.0,553.0,0.66,0.0,0.67,0.0,37.696111111111115,0,1.0,2.0,1.0,1.0,0.0,0.0,0.0,0.0
IA,2022-10-22,2022,42,115,3.0,0.0,9.0,0.0,0.0,0.5,0.0,0.5,6959.0,824.0,4636.0,582.0,0.67,0.0,0.71,0.0,37.696111111111115,0,3.0,1.0,1.0,1.0,0.0,0.0,0.0,0.0
IA,2022-10-29,2022,43,116,4.0,0.0,15.0,0.0,0.0,0.5,0.0,0.5,6956.0,830.0,4767.0,602.0,0.69,0.0,0.73,0.0,37.696111111111115,0,3.0,3.0,2.0,2.0,0.0,0.0,0.0,0.0
IA,2022-11-05,2022,44,117,5.0,0.0,16.0,0.0,0.0,0.5,0.0,0.5,6973.0,833.0,4706.0,584.0,0.67,0.0,0.7,0.0,37.696111111111115,0,4.0,3.0,1.0,1.0,0.0,0.0,0.0,0.0
IA,2022-11-12,2022,45,118,7.0,0.0,20.0,0.0,0.0,0.5,0.0,0.5,6973.0,829.0,4777.0,582.0,0.68,0.0,0.7,0.0,37.696111111111115,0,5.0,4.0,3.0,1.0,0.0,0.0,0.0,0.0
IA,2022-11-19,2022,46,119,17.0,1.0,37.0,0.0,0.0,0.5,0.0,0.5,6983.0,832.0,4753.0,589.0,0.68,0.0,0.71,0.0,37.696111111111115,0,7.0,5.0,3.0,1.0,0.0,0.0,0.0,0.0
IA,2022-11-26,2022,47,120,38.0,3.0,104.0,0.0,0.0,0.5,0.0,0.5,7026.0,833.0,4577.0,583.0,0.65,0.01,0.7,0.0,37.696111111111115,0,17.0,7.0,4.0,2.0,0.0,0.0,0.0,0.0
IA,2022-12-03,2022,48,121,97.0,9.0,208.0,0.0,0.0,0.5,0.0,0.5,6988.0,836.0,4905.0,603.0,0.7,0.01,0.72,0.01,37.696111111111115,1,38.0,17.0,5.0,1.0,0.01,0.0,0.0,0.0
IA,2022-12-10,2022,49,122,122.0,13.0,231.0,0.0,0.0,0.5,0.0,0.5,6902.0,826.0,4818.0,590.0,0.7,0.02,0.71,0.02,37.696111111111115,1,97.0,38.0,7.0,3.0,0.01,0.01,0.0,0.0
IA,2022-12-17,2022,50,123,191.0,19.0,325.0,0.0,0.0,0.5,0.0,0.5,7188.0,854.0,5087.0,622.0,0.71,0.03,0.73,0.02,37.696111111111115,1,122.0,97.0,17.0,3.0,0.02,0.01,0.0,0.0
IA,2022-12-24,2022,51,124,213.0,24.0,328.0,0.0,0.0,0.5,0.0,0.5,7047.0,836.0,4672.0,579.0,0.66,0.03,0.69,0.03,37.696111111111115,1,191.0,122.0,38.0,4.0,0.03,0.02,0.01,0.0
IA,2022-12-31,2022,52,125,216.0,25.0,320.0,0.0,0.0,0.5,0.0,0.5,7040.0,828.0,4673.0,576.0,0.66,0.03,0.7,0.03,37.696111111111115,1,213.0,191.0,97.0,5.0,0.03,0.03,0.01,0.0
ID,2020-10-03,2020,40,8,1.0,0.0,2.0,0.0,1.0,0.5,1.5,0.5,3757.0,525.0,1819.0,259.0,0.48,0.0,0.49,0.0,32.95916230366492,0,1.0,1.0,1.0,1.0,0.0,0.0,0.0,0.0
ID,2020-10-10,2020,41,9,0.0,0.0,0.0,0.0,1.0,0.5,1.5,0.5,3733.0,522.0,1846.0,267.0,0.49,0.0,0.51,0.0,32.95916230366492,0,1.0,1.0,1.0,1.0,0.0,0.0,0.0,0.0
ID,2020-10-17,2020,42,10,0.0,0.0,0.0,0.0,1.0,0.5,1.5,0.5,3721.0,545.0,1879.0,262.0,0.5,0.0,0.48,0.0,32.95916230366492,0,0.0,1.0,1.0,1.0,0.0,0.0,0.0,0.0
ID,2020-10-24,2020,43,11,0.0,0.0,1.0,0.0,1.0,0.5,1.5,0.5,3681.0,502.0,1861.0,278.0,0.51,0.0,0.55,0.0,32.95916230366492,0,0.0,0.0,1.0,1.0,0.0,0.0,0.0,0.0
ID,2020-10-31,2020,44,12,0.0,0.0,0.0,0.0,1.0,0.5,1.5,0.5,3677.0,519.0,1854.0,274.0,0.5,0.0,0.53,0.0,32.95916230366492,0,0.0,0.0,1.0,1.0,0.0,0.0,0.0,0.0
ID,2020-11-07,2020,45,13,0.0,0.0,0.0,0.0,1.0,0.5,1.5,0.5,3691.0,520.0,1909.0,287.0,0.52,0.0,0.55,0.0,32.95916230366492,0,0.0,0.0,0.0,1.0,0.0,0.0,0.0,0.0
ID,2020-11-14,2020,46,14,0.0,0.0,1.0,0.0,1.0,0.5,1.5,0.5,3695.0,517.0,1994.0,281.0,0.54,0.0,0.54,0.0,32.95916230366492,0,0.0,0.0,0.0,1.0,0.0,0.0,0.0,0.0
ID,2020-11-21,2020,47,15,0.0,0.0,0.0,0.0,1.0,0.5,1.5,0.5,3458.0,522.0,1994.0,286.0,0.58,0.0,0.55,0.0,32.95916230366492,0,0.0,0.0,0.0,1.0,0.0,0.0,0.0,0.0
ID,2020-11-28,2020,48,16,0.0,0.0,0.0,0.0,1.0,0.5,1.5,0.5,3285.0,524.0,1864.0,301.0,0.57,0.0,0.57,0.0,32.95916230366492,0,0.0,0.0,0.0,1.0,0.0,0.0,0.0,0.0
ID,2020-12-05,2020,49,17,1.0,0.0,1.0,0.0,1.0,0.5,1.5,0.5,3292.0,520.0,1934.0,306.0,0.59,0.0,0.59,0.0,32.95916230366492,0,0.0,0.0,0.0,0.0,0.0,0.0,0.0,0.0
ID,2020-12-12,2020,50,18,0.0,0.0,1.0,0.0,1.0,0.5,1.5,0.5,3300.0,523.0,1918.0,298.0,0.58,0.0,0.57,0.0,32.95916230366492,0,1.0,0.0,0.0,0.0,0.0,0.0,0.0,0.0
ID,2020-12-19,2020,51,19,1.0,0.0,2.0,0.0,1.0,0.5,1.5,0.5,3315.0,533.0,1958.0,326.0,0.59,0.0,0.61,0.0,32.95916230366492,0,0.0,1.0,0.0,0.0,0.0,0.0,0.0,0.0
ID,2020-12-26,2020,52,20,1.0,0.0,2.0,0.0,1.0,0.5,1.5,0.5,3274.0,538.0,1758.0,294.0,0.54,0.0,0.55,0.0,32.95916230366492,0,1.0,0.0,0.0,0.0,0.0,0.0,0.0,0.0
ID,2021-01-02,2021,53,21,0.0,0.0,0.0,0.0,1.0,0.5,1.5,0.5,3284.0,538.0,1789.0,281.0,0.54,0.0,0.52,0.0,30.363128491620113,0,1.0,1.0,1.0,0.0,0.0,0.0,0.0,0.0
ID,2021-01-09,2021,1,22,1.0,0.0,2.0,0.0,1.0,0.5,1.5,0.5,3269.0,537.0,1847.0,282.0,0.56,0.0,0.53,0.0,30.363128491620113,0,0.0,1.0,0.0,0.0,0.0,0.0,0.0,0.0
ID,2021-01-16,2021,2,23,3.0,0.0,2.0,0.0,1.0,0.5,1.5,0.5,3283.0,533.0,1839.0,279.0,0.56,0.0,0.52,0.0,30.363128491620113,0,1.0,0.0,1.0,0.0,0.0,0.0,0.0,0.0
ID,2021-01-23,2021,3,24,3.0,0.0,0.0,0.0,1.0,0.5,1.5,0.5,3251.0,541.0,1853.0,290.0,0.57,0.0,0.54,0.0,30.363128491620113,0,3.0,1.0,1.0,0.0,0.0,0.0,0.0,0.0
ID,2021-01-30,2021,4,25,0.0,0.0,0.0,0.0,1.0,0.5,1.5,0.5,3260.0,547.0,1880.0,292.0,0.58,0.0,0.53,0.0,30.363128491620113,0,3.0,3.0,0.0,1.0,0.0,0.0,0.0,0.0
ID,2021-02-06,2021,5,26,1.0,0.0,0.0,0.0,1.0,0.5,1.5,0.5,3259.0,535.0,1803.0,276.0,0.55,0.0,0.52,0.0,30.363128491620113,0,0.0,3.0,1.0,0.0,0.0,0.0,0.0,0.0
ID,2021-02-13,2021,6,27,0.0,0.0,0.0,0.0,1.0,0.5,1.5,0.5,3250.0,529.0,1766.0,263.0,0.54,0.0,0.5,0.0,30.363128491620113,0,1.0,0.0,3.0,1.0,0.0,0.0,0.0,0.0
ID,2021-02-20,2021,7,28,0.0,0.0,0.0,0.0,1.0,0.5,1.5,0.5,3241.0,532.0,1778.0,249.0,0.55,0.0,0.47,0.0,30.363128491620113,0,0.0,1.0,3.0,1.0,0.0,0.0,0.0,0.0
ID,2021-02-27,2021,8,29,0.0,0.0,0.0,0.0,1.0,0.5,1.5,0.5,3232.0,530.0,1803.0,269.0,0.56,0.0,0.51,0.0,30.363128491620113,0,0.0,0.0,0.0,0.0,0.0,0.0,0.0,0.0
ID,2021-03-06,2021,9,30,0.0,0.0,0.0,0.0,1.0,0.5,1.5,0.5,3247.0,532.0,1746.0,256.0,0.54,0.0,0.48,0.0,30.363128491620113,0,0.0,0.0,1.0,1.0,0.0,0.0,0.0,0.0
ID,2021-03-13,2021,10,31,0.0,0.0,1.0,0.0,1.0,0.5,1.5,0.5,3264.0,536.0,1790.0,269.0,0.55,0.0,0.5,0.0,30.363128491620113,0,0.0,0.0,0.0,3.0,0.0,0.0,0.0,0.0
ID,2021-03-20,2021,11,32,0.0,0.0,2.0,0.0,1.0,0.5,1.5,0.5,3254.0,536.0,1839.0,276.0,0.57,0.0,0.52,0.0,30.363128491620113,0,0.0,0.0,0.0,3.0,0.0,0.0,0.0,0.0
ID,2021-03-27,2021,12,33,0.0,0.0,1.0,0.0,1.0,0.5,1.5,0.5,3268.0,532.0,1849.0,273.0,0.57,0.0,0.51,0.0,30.363128491620113,0,0.0,0.0,0.0,0.0,0.0,0.0,0.0,0.0
ID,2021-04-03,2021,13,34,0.0,0.0,0.0,0.0,1.0,0.5,1.5,0.5,3279.0,533.0,1845.0,282.0,0.56,0.0,0.53,0.0,30.363128491620113,0,0.0,0.0,0.0,1.0,0.0,0.0,0.0,0.0
ID,2021-04-10,2021,14,35,0.0,0.0,1.0,0.0,1.0,0.5,1.5,0.5,3265.0,537.0,1807.0,280.0,0.55,0.0,0.52,0.0,30.363128491620113,0,0.0,0.0,0.0,0.0,0.0,0.0,0.0,0.0
ID,2021-04-17,2021,15,36,0.0,0.0,0.0,0.0,1.0,0.5,1.5,0.5,3269.0,536.0,1809.0,272.0,0.55,0.0,0.51,0.0,30.363128491620113,0,0.0,0.0,0.0,0.0,0.0,0.0,0.0,0.0
ID,2021-04-24,2021,16,37,0.0,0.0,0.0,0.0,1.0,0.5,1.5,0.5,3294.0,542.0,1870.0,292.0,0.57,0.0,0.54,0.0,30.363128491620113,0,0.0,0.0,0.0,0.0,0.0,0.0,0.0,0.0
ID,2021-05-01,2021,17,38,0.0,0.0,0.0,0.0,1.0,0.5,1.5,0.5,3290.0,533.0,1837.0,282.0,0.56,0.0,0.53,0.0,30.363128491620113,0,0.0,0.0,0.0,0.0,0.0,0.0,0.0,0.0
ID,2021-05-08,2021,18,39,0.0,0.0,0.0,0.0,1.0,0.5,1.5,0.5,3296.0,537.0,1869.0,285.0,0.57,0.0,0.53,0.0,30.363128491620113,0,0.0,0.0,0.0,0.0,0.0,0.0,0.0,0.0
ID,2021-05-15,2021,19,40,0.0,0.0,0.0,0.0,1.0,0.5,1.5,0.5,3313.0,534.0,1922.0,297.0,0.58,0.0,0.56,0.0,30.363128491620113,0,0.0,0.0,0.0,0.0,0.0,0.0,0.0,0.0
ID,2021-05-22,2021,20,41,0.0,0.0,0.0,0.0,1.0,0.5,1.5,0.5,3311.0,534.0,1935.0,295.0,0.58,0.0,0.55,0.0,30.363128491620113,0,0.0,0.0,0.0,0.0,0.0,0.0,0.0,0.0
ID,2021-05-29,2021,21,42,0.0,0.0,0.0,0.0,1.0,0.5,1.5,0.5,3313.0,527.0,1900.0,280.0,0.57,0.0,0.53,0.0,30.363128491620113,0,0.0,0.0,0.0,0.0,0.0,0.0,0.0,0.0
ID,2021-06-05,2021,22,43,0.0,0.0,0.0,0.0,1.0,0.5,1.5,0.5,3312.0,525.0,1868.0,260.0,0.56,0.0,0.5,0.0,30.363128491620113,0,0.0,0.0,0.0,0.0,0.0,0.0,0.0,0.0
ID,2021-06-12,2021,23,44,0.0,0.0,1.0,0.0,1.0,0.5,1.5,0.5,3325.0,527.0,1944.0,270.0,0.58,0.0,0.51,0.0,30.363128491620113,0,0.0,0.0,0.0,0.0,0.0,0.0,0.0,0.0
ID,2021-06-19,2021,24,45,0.0,0.0,0.0,0.0,1.0,0.5,1.5,0.5,3304.0,535.0,1837.0,261.0,0.56,0.0,0.49,0.0,30.363128491620113,0,0.0,0.0,0.0,0.0,0.0,0.0,0.0,0.0
ID,2021-06-26,2021,25,46,0.0,0.0,1.0,0.0,1.0,0.5,1.5,0.5,3317.0,528.0,1958.0,293.0,0.59,0.0,0.56,0.0,30.363128491620113,0,0.0,0.0,0.0,0.0,0.0,0.0,0.0,0.0
ID,2021-07-03,2021,26,47,0.0,0.0,0.0,0.0,1.0,0.5,1.5,0.5,3316.0,529.0,1947.0,302.0,0.59,0.0,0.57,0.0,30.363128491620113,0,0.0,0.0,0.0,0.0,0.0,0.0,0.0,0.0
ID,2021-07-10,2021,27,48,0.0,0.0,0.0,0.0,1.0,0.5,1.5,0.5,3316.0,527.0,1920.0,305.0,0.58,0.0,0.58,0.0,30.363128491620113,0,0.0,0.0,0.0,0.0,0.0,0.0,0.0,0.0
ID,2021-07-17,2021,28,49,0.0,0.0,0.0,0.0,1.0,0.5,1.5,0.5,3326.0,533.0,2023.0,321.0,0.61,0.0,0.6,0.0,30.363128491620113,0,0.0,0.0,0.0,0.0,0.0,0.0,0.0,0.0
ID,2021-07-24,2021,29,50,0.0,0.0,0.0,0.0,1.0,0.5,1.5,0.5,3297.0,530.0,1964.0,311.0,0.6,0.0,0.59,0.0,30.363128491620113,0,0.0,0.0,0.0,0.0,0.0,0.0,0.0,0.0
ID,2021-07-31,2021,30,51,0.0,0.0,0.0,0.0,1.0,0.5,1.5,0.5,3311.0,534.0,2021.0,331.0,0.61,0.0,0.62,0.0,30.363128491620113,0,0.0,0.0,0.0,0.0,0.0,0.0,0.0,0.0
ID,2021-08-07,2021,31,52,0.0,0.0,0.0,0.0,1.0,0.5,1.5,0.5,3310.0,534.0,2020.0,330.0,0.61,0.0,0.62,0.0,30.363128491620113,0,0.0,0.0,0.0,0.0,0.0,0.0,0.0,0.0
ID,2021-08-14,2021,32,53,0.0,0.0,0.0,0.0,1.0,0.5,1.5,0.5,3297.0,532.0,2039.0,336.0,0.62,0.0,0.63,0.0,30.363128491620113,0,0.0,0.0,0.0,0.0,0.0,0.0,0.0,0.0
ID,2021-08-21,2021,33,54,0.0,0.0,0.0,0.0,1.0,0.5,1.5,0.5,3307.0,544.0,2026.0,358.0,0.61,0.0,0.66,0.0,30.363128491620113,0,0.0,0.0,0.0,0.0,0.0,0.0,0.0,0.0
ID,2021-08-28,2021,34,55,0.0,0.0,0.0,0.0,1.0,0.5,1.5,0.5,3327.0,552.0,2092.0,372.0,0.63,0.0,0.67,0.0,30.363128491620113,0,0.0,0.0,0.0,0.0,0.0,0.0,0.0,0.0
ID,2021-09-04,2021,35,56,0.0,0.0,0.0,0.0,1.0,0.5,1.5,0.5,3295.0,555.0,2125.0,375.0,0.64,0.0,0.67,0.0,30.363128491620113,0,0.0,0.0,0.0,0.0,0.0,0.0,0.0,0.0
ID,2021-09-11,2021,36,57,0.0,0.0,0.0,0.0,1.0,0.5,1.5,0.5,3264.0,551.0,2106.0,382.0,0.65,0.0,0.69,0.0,30.363128491620113,0,0.0,0.0,0.0,0.0,0.0,0.0,0.0,0.0
ID,2021-09-18,2021,37,58,0.0,0.0,0.0,0.0,1.0,0.5,1.5,0.5,3302.0,548.0,2237.0,405.0,0.68,0.0,0.74,0.0,30.363128491620113,0,0.0,0.0,0.0,0.0,0.0,0.0,0.0,0.0
ID,2021-09-25,2021,38,59,0.0,0.0,0.0,0.0,1.0,0.5,1.5,0.5,3414.0,563.0,2256.0,422.0,0.66,0.0,0.75,0.0,30.363128491620113,0,0.0,0.0,0.0,0.0,0.0,0.0,0.0,0.0
ID,2021-10-02,2021,39,60,0.0,0.0,0.0,0.0,1.0,0.5,1.5,0.5,3466.0,560.0,2285.0,402.0,0.66,0.0,0.72,0.0,30.363128491620113,0,0.0,0.0,0.0,0.0,0.0,0.0,0.0,0.0
ID,2021-10-09,2021,40,61,0.0,0.0,0.0,0.0,1.0,0.5,1.5,0.5,3478.0,571.0,2241.0,406.0,0.64,0.0,0.71,0.0,30.363128491620113,0,0.0,0.0,0.0,0.0,0.0,0.0,0.0,0.0
ID,2021-10-16,2021,41,62,0.0,0.0,0.0,0.0,1.0,0.5,1.5,0.5,3546.0,569.0,2216.0,389.0,0.62,0.0,0.68,0.0,30.363128491620113,0,0.0,0.0,0.0,0.0,0.0,0.0,0.0,0.0
ID,2021-10-23,2021,42,63,0.0,0.0,0.0,0.0,1.0,0.5,1.5,0.5,3536.0,563.0,2223.0,394.0,0.63,0.0,0.7,0.0,30.363128491620113,0,0.0,0.0,0.0,0.0,0.0,0.0,0.0,0.0
ID,2021-10-30,2021,43,64,0.0,0.0,0.0,0.0,1.0,0.5,1.5,0.5,3008.0,468.0,2233.0,392.0,0.74,0.0,0.84,0.0,30.363128491620113,0,0.0,0.0,0.0,0.0,0.0,0.0,0.0,0.0
ID,2021-11-06,2021,44,65,0.0,0.0,0.0,0.0,1.0,0.5,1.5,0.5,2906.0,447.0,2165.0,374.0,0.74,0.0,0.83,0.0,30.363128491620113,0,0.0,0.0,0.0,0.0,0.0,0.0,0.0,0.0
ID,2021-11-13,2021,45,66,0.0,0.0,0.0,0.0,1.0,0.5,1.5,0.5,2904.0,442.0,2103.0,359.0,0.72,0.0,0.81,0.0,30.363128491620113,0,0.0,0.0,0.0,0.0,0.0,0.0,0.0,0.0
ID,2021-11-20,2021,46,67,1.0,0.0,2.0,0.0,1.0,0.5,1.5,0.5,2873.0,436.0,2062.0,348.0,0.72,0.0,0.8,0.0,30.363128491620113,0,0.0,0.0,0.0,0.0,0.0,0.0,0.0,0.0
ID,2021-11-27,2021,47,68,1.0,0.0,2.0,0.0,1.0,0.5,1.5,0.5,2862.0,427.0,1981.0,344.0,0.69,0.0,0.81,0.0,30.363128491620113,0,1.0,0.0,0.0,0.0,0.0,0.0,0.0,0.0
ID,2021-12-04,2021,48,69,0.0,0.0,0.0,0.0,1.0,0.5,1.5,0.5,2855.0,421.0,2051.0,340.0,0.72,0.0,0.81,0.0,30.363128491620113,0,1.0,1.0,0.0,0.0,0.0,0.0,0.0,0.0
ID,2021-12-11,2021,49,70,0.0,1.0,0.0,0.0,1.0,0.5,1.5,0.5,2868.0,408.0,2091.0,336.0,0.73,0.0,0.82,0.0,30.363128491620113,0,0.0,1.0,0.0,0.0,0.0,0.0,0.0,0.0
ID,2021-12-18,2021,50,71,0.0,0.0,2.0,0.0,1.0,0.5,1.5,0.5,2900.0,424.0,2077.0,335.0,0.72,0.0,0.79,0.0,30.363128491620113,0,0.0,0.0,1.0,0.0,0.0,0.0,0.0,0.0
ID,2021-12-25,2021,51,72,1.0,0.0,2.0,0.0,1.0,0.5,1.5,0.5,2839.0,419.0,1855.0,320.0,0.65,0.0,0.76,0.0,30.363128491620113,0,0.0,0.0,1.0,0.0,0.0,0.0,0.0,0.0
ID,2022-01-01,2022,52,73,5.0,0.0,4.0,0.0,1.0,0.5,1.5,0.5,2824.0,413.0,1961.0,313.0,0.69,0.0,0.76,0.0,28.909411764705883,0,1.0,0.0,0.0,0.0,0.0,0.0,0.0,0.0
ID,2022-01-08,2022,1,74,5.0,0.0,4.0,0.0,1.0,0.5,1.5,0.5,2869.0,411.0,2063.0,328.0,0.72,0.0,0.8,0.0,28.909411764705883,0,5.0,1.0,0.0,0.0,0.0,0.0,0.0,0.0
ID,2022-01-15,2022,2,75,3.0,0.0,3.0,0.0,1.0,0.5,1.5,0.5,3480.0,424.0,2094.0,350.0,0.6,0.0,0.83,0.0,28.909411764705883,0,5.0,5.0,0.0,1.0,0.0,0.0,0.0,0.0
ID,2022-01-22,2022,3,76,1.0,1.0,1.0,0.0,1.0,0.5,1.5,0.5,2869.0,430.0,2072.0,340.0,0.72,0.0,0.79,0.0,28.909411764705883,0,3.0,5.0,1.0,1.0,0.0,0.0,0.0,0.0
ID,2022-01-29,2022,4,77,1.0,0.0,2.0,0.0,1.0,0.5,1.5,0.5,3302.0,421.0,2115.0,347.0,0.64,0.0,0.82,0.0,28.909411764705883,0,1.0,3.0,5.0,0.0,0.0,0.0,0.0,0.0
ID,2022-02-05,2022,5,78,1.0,0.0,1.0,0.0,1.0,0.5,1.5,0.5,2861.0,423.0,2100.0,342.0,0.73,0.0,0.81,0.0,28.909411764705883,0,1.0,1.0,5.0,0.0,0.0,0.0,0.0,0.0
ID,2022-02-12,2022,6,79,1.0,1.0,1.0,0.0,1.0,0.5,1.5,0.5,2886.0,417.0,2074.0,344.0,0.72,0.0,0.83,0.0,28.909411764705883,0,1.0,1.0,3.0,0.0,0.0,0.0,0.0,0.0
ID,2022-02-19,2022,7,80,1.0,1.0,1.0,0.0,1.0,0.5,1.5,0.5,2852.0,411.0,2044.0,320.0,0.72,0.0,0.78,0.0,28.909411764705883,0,1.0,1.0,1.0,1.0,0.0,0.0,0.0,0.0
ID,2022-02-26,2022,8,81,2.0,0.0,3.0,0.0,1.0,0.5,1.5,0.5,2743.0,402.0,1955.0,298.0,0.71,0.0,0.74,0.0,28.909411764705883,0,1.0,1.0,1.0,5.0,0.0,0.0,0.0,0.0
ID,2022-03-05,2022,9,82,2.0,0.0,1.0,0.0,1.0,0.5,1.5,0.5,2853.0,402.0,1984.0,273.0,0.7,0.0,0.68,0.0,28.909411764705883,0,2.0,1.0,1.0,5.0,0.0,0.0,0.0,0.0
ID,2022-03-12,2022,10,83,5.0,1.0,13.0,0.0,1.0,0.5,1.5,0.5,2810.0,391.0,1917.0,254.0,0.68,0.0,0.65,0.0,28.909411764705883,0,2.0,2.0,1.0,3.0,0.0,0.0,0.0,0.0
ID,2022-03-19,2022,11,84,7.0,0.0,16.0,0.0,1.0,0.5,1.5,0.5,2816.0,394.0,1890.0,263.0,0.67,0.0,0.67,0.0,28.909411764705883,0,5.0,2.0,1.0,1.0,0.0,0.0,0.0,0.0
ID,2022-03-26,2022,12,85,11.0,0.0,14.0,0.0,1.0,0.5,1.5,0.5,2844.0,405.0,1857.0,239.0,0.65,0.0,0.59,0.0,28.909411764705883,0,7.0,5.0,2.0,1.0,0.0,0.0,0.0,0.0
ID,2022-04-02,2022,13,86,15.0,1.0,19.0,0.0,1.0,0.5,1.5,0.5,2834.0,384.0,1862.0,247.0,0.66,0.01,0.64,0.0,28.909411764705883,0,11.0,7.0,2.0,1.0,0.0,0.0,0.0,0.0
ID,2022-04-09,2022,14,87,12.0,0.0,20.0,0.0,1.0,0.5,1.5,0.5,2899.0,440.0,1836.0,244.0,0.63,0.0,0.55,0.0,28.909411764705883,0,15.0,11.0,5.0,1.0,0.01,0.0,0.0,0.0
ID,2022-04-16,2022,15,88,7.0,0.0,16.0,0.0,1.0,0.5,1.5,0.5,2829.0,405.0,1804.0,244.0,0.64,0.0,0.6,0.0,28.909411764705883,0,12.0,15.0,7.0,1.0,0.0,0.01,0.0,0.0
ID,2022-04-23,2022,16,89,7.0,0.0,17.0,0.0,1.0,0.5,1.5,0.5,2874.0,415.0,1855.0,257.0,0.65,0.0,0.62,0.0,28.909411764705883,0,7.0,12.0,11.0,2.0,0.0,0.0,0.0,0.0
ID,2022-04-30,2022,17,90,5.0,1.0,15.0,0.0,1.0,0.5,1.5,0.5,2840.0,412.0,1878.0,257.0,0.66,0.0,0.62,0.0,28.909411764705883,0,7.0,7.0,15.0,2.0,0.0,0.0,0.01,0.0
ID,2022-05-07,2022,18,91,5.0,0.0,13.0,0.0,1.0,0.5,1.5,0.5,2829.0,408.0,1863.0,241.0,0.66,0.0,0.59,0.0,28.909411764705883,0,5.0,7.0,12.0,5.0,0.0,0.0,0.0,0.0
ID,2022-05-14,2022,19,92,3.0,0.0,16.0,0.0,1.0,0.5,1.5,0.5,2836.0,403.0,1871.0,235.0,0.66,0.0,0.58,0.0,28.909411764705883,0,5.0,5.0,7.0,7.0,0.0,0.0,0.0,0.0
ID,2022-05-21,2022,20,93,3.0,0.0,12.0,0.0,1.0,0.5,1.5,0.5,2848.0,408.0,1829.0,232.0,0.64,0.0,0.57,0.0,28.909411764705883,0,3.0,5.0,7.0,11.0,0.0,0.0,0.0,0.0
ID,2022-05-28,2022,21,94,1.0,0.0,3.0,0.0,1.0,0.5,1.5,0.5,2825.0,415.0,1890.0,264.0,0.67,0.0,0.64,0.0,28.909411764705883,0,3.0,3.0,5.0,15.0,0.0,0.0,0.0,0.01
ID,2022-06-04,2022,22,95,3.0,0.0,10.0,0.0,1.0,0.5,1.5,0.5,2822.0,414.0,1862.0,266.0,0.66,0.0,0.64,0.0,28.909411764705883,0,1.0,3.0,5.0,12.0,0.0,0.0,0.0,0.0
ID,2022-06-11,2022,23,96,3.0,0.0,7.0,0.0,1.0,0.5,1.5,0.5,2813.0,408.0,1962.0,262.0,0.7,0.0,0.64,0.0,28.909411764705883,0,3.0,1.0,3.0,7.0,0.0,0.0,0.0,0.0
ID,2022-06-18,2022,24,97,4.0,0.0,5.0,0.0,1.0,0.5,1.5,0.5,2774.0,390.0,1727.0,223.0,0.62,0.0,0.57,0.0,28.909411764705883,0,3.0,3.0,3.0,7.0,0.0,0.0,0.0,0.0
ID,2022-06-25,2022,25,98,1.0,0.0,2.0,0.0,1.0,0.5,1.5,0.5,2750.0,380.0,1850.0,237.0,0.67,0.0,0.62,0.0,28.909411764705883,0,4.0,3.0,1.0,5.0,0.0,0.0,0.0,0.0
ID,2022-07-02,2022,26,99,2.0,0.0,3.0,0.0,1.0,0.5,1.5,0.5,2751.0,385.0,1861.0,261.0,0.68,0.0,0.68,0.0,28.909411764705883,0,1.0,4.0,3.0,5.0,0.0,0.0,0.0,0.0
ID,2022-07-09,2022,27,100,1.0,0.0,3.0,0.0,1.0,0.5,1.5,0.5,2741.0,382.0,1845.0,258.0,0.67,0.0,0.67,0.0,28.909411764705883,0,2.0,1.0,3.0,3.0,0.0,0.0,0.0,0.0
ID,2022-07-16,2022,28,101,1.0,0.0,4.0,0.0,1.0,0.5,1.5,0.5,2778.0,387.0,1897.0,272.0,0.68,0.0,0.7,0.0,28.909411764705883,0,1.0,2.0,4.0,3.0,0.0,0.0,0.0,0.0
ID,2022-07-23,2022,29,102,0.0,0.0,0.0,0.0,1.0,0.5,1.5,0.5,2740.0,387.0,1918.0,276.0,0.7,0.0,0.71,0.0,28.909411764705883,0,1.0,1.0,1.0,1.0,0.0,0.0,0.0,0.0
ID,2022-07-30,2022,30,103,0.0,0.0,1.0,0.0,1.0,0.5,1.5,0.5,2716.0,376.0,1905.0,271.0,0.7,0.0,0.72,0.0,28.909411764705883,0,0.0,1.0,2.0,3.0,0.0,0.0,0.0,0.0
ID,2022-08-06,2022,31,104,1.0,0.0,2.0,0.0,1.0,0.5,1.5,0.5,2691.0,376.0,1891.0,267.0,0.7,0.0,0.71,0.0,28.909411764705883,0,0.0,0.0,1.0,3.0,0.0,0.0,0.0,0.0
ID,2022-08-13,2022,32,105,0.0,0.0,0.0,0.0,1.0,0.5,1.5,0.5,2617.0,349.0,1873.0,245.0,0.72,0.0,0.7,0.0,28.909411764705883,0,1.0,0.0,1.0,4.0,0.0,0.0,0.0,0.0
ID,2022-08-20,2022,33,106,2.0,0.0,1.0,0.0,1.0,0.5,1.5,0.5,2621.0,347.0,1851.0,249.0,0.71,0.0,0.72,0.0,28.909411764705883,0,0.0,1.0,0.0,1.0,0.0,0.0,0.0,0.0
ID,2022-08-27,2022,34,107,1.0,0.0,0.0,0.0,1.0,0.5,1.5,0.5,2641.0,354.0,1890.0,256.0,0.72,0.0,0.72,0.0,28.909411764705883,0,2.0,0.0,0.0,2.0,0.0,0.0,0.0,0.0
ID,2022-09-03,2022,35,108,1.0,0.0,3.0,0.0,1.0,0.5,1.5,0.5,2637.0,357.0,1873.0,259.0,0.71,0.0,0.72,0.0,28.909411764705883,0,1.0,2.0,1.0,1.0,0.0,0.0,0.0,0.0
ID,2022-09-10,2022,36,109,0.0,0.0,0.0,0.0,1.0,0.5,1.5,0.5,2650.0,350.0,1900.0,260.0,0.72,0.0,0.74,0.0,28.909411764705883,0,1.0,1.0,0.0,1.0,0.0,0.0,0.0,0.0
ID,2022-09-17,2022,37,110,1.0,0.0,0.0,0.0,1.0,0.5,1.5,0.5,2676.0,360.0,1935.0,259.0,0.72,0.0,0.72,0.0,28.909411764705883,0,0.0,1.0,2.0,0.0,0.0,0.0,0.0,0.0
ID,2022-09-24,2022,38,111,1.0,0.0,3.0,0.0,1.0,0.5,1.5,0.5,2705.0,367.0,1935.0,258.0,0.72,0.0,0.7,0.0,28.909411764705883,0,1.0,0.0,1.0,0.0,0.0,0.0,0.0,0.0
ID,2022-10-01,2022,39,112,1.0,0.0,3.0,0.0,1.0,0.5,1.5,0.5,2673.0,352.0,1967.0,254.0,0.74,0.0,0.72,0.0,28.909411764705883,0,1.0,1.0,1.0,1.0,0.0,0.0,0.0,0.0
ID,2022-10-08,2022,40,113,0.0,0.0,1.0,0.0,1.0,0.5,1.5,0.5,2749.0,358.0,1998.0,265.0,0.73,0.0,0.74,0.0,28.909411764705883,0,1.0,1.0,0.0,0.0,0.0,0.0,0.0,0.0
ID,2022-10-15,2022,41,114,0.0,0.0,1.0,0.0,1.0,0.5,1.5,0.5,2733.0,363.0,1982.0,274.0,0.73,0.0,0.75,0.0,28.909411764705883,0,0.0,1.0,1.0,2.0,0.0,0.0,0.0,0.0
ID,2022-10-22,2022,42,115,0.0,0.0,1.0,0.0,1.0,0.5,1.5,0.5,2707.0,362.0,1848.0,250.0,0.68,0.0,0.69,0.0,28.909411764705883,0,0.0,0.0,1.0,1.0,0.0,0.0,0.0,0.0
ID,2022-10-29,2022,43,116,0.0,0.0,1.0,0.0,1.0,0.5,1.5,0.5,2728.0,367.0,1946.0,264.0,0.71,0.0,0.72,0.0,28.909411764705883,0,0.0,0.0,1.0,1.0,0.0,0.0,0.0,0.0
ID,2022-11-05,2022,44,117,3.0,0.0,16.0,0.0,1.0,0.5,1.5,0.5,2714.0,360.0,1943.0,264.0,0.72,0.0,0.73,0.0,28.909411764705883,0,0.0,0.0,0.0,0.0,0.0,0.0,0.0,0.0
ID,2022-11-12,2022,45,118,2.0,0.0,11.0,0.0,1.0,0.5,1.5,0.5,2742.0,361.0,1982.0,274.0,0.72,0.0,0.76,0.0,28.909411764705883,0,3.0,0.0,0.0,1.0,0.0,0.0,0.0,0.0
ID,2022-11-19,2022,46,119,10.0,0.0,56.0,0.0,1.0,0.5,1.5,0.5,2765.0,357.0,1988.0,273.0,0.72,0.0,0.76,0.0,28.909411764705883,0,2.0,3.0,0.0,1.0,0.0,0.0,0.0,0.0
ID,2022-11-26,2022,47,120,29.0,1.0,141.0,0.0,1.0,0.5,1.5,0.5,2718.0,357.0,1895.0,263.0,0.7,0.01,0.74,0.0,28.909411764705883,1,10.0,2.0,0.0,1.0,0.0,0.0,0.0,0.0
ID,2022-12-03,2022,48,121,48.0,4.0,183.0,0.0,1.0,0.5,1.5,0.5,2788.0,346.0,2044.0,259.0,0.73,0.02,0.75,0.01,28.909411764705883,1,29.0,10.0,3.0,0.0,0.01,0.0,0.0,0.0
ID,2022-12-10,2022,49,122,56.0,4.0,185.0,0.0,1.0,0.5,1.5,0.5,2768.0,323.0,2058.0,229.0,0.74,0.02,0.71,0.01,28.909411764705883,1,48.0,29.0,2.0,0.0,0.02,0.01,0.0,0.0
ID,2022-12-17,2022,50,123,89.0,12.0,286.0,0.0,1.0,0.5,1.5,0.5,2911.0,344.0,2185.0,239.0,0.75,0.03,0.7,0.03,28.909411764705883,1,56.0,48.0,10.0,0.0,0.02,0.02,0.0,0.0
ID,2022-12-24,2022,51,124,74.0,10.0,203.0,0.0,1.0,0.5,1.5,0.5,2722.0,326.0,1963.0,224.0,0.72,0.03,0.69,0.03,28.909411764705883,1,89.0,56.0,29.0,0.0,0.03,0.02,0.01,0.0
ID,2022-12-31,2022,52,125,81.0,11.0,223.0,0.0,1.0,0.5,1.5,0.5,2721.0,332.0,1952.0,235.0,0.72,0.03,0.71,0.03,28.909411764705883,1,74.0,89.0,48.0,3.0,0.03,0.03,0.02,0.0
IL,2020-10-03,2020,40,8,11.0,2.0,12.0,0.0,2.0,3.0,2.0,4.0,27827.0,4660.0,17864.0,2482.0,0.64,0.0,0.53,0.0,38.88701923076923,0,11.0,11.0,11.0,11.0,0.0,0.0,0.0,0.0
IL,2020-10-10,2020,41,9,11.0,2.0,12.0,0.0,2.0,3.0,2.0,4.0,28195.0,4627.0,18190.0,2560.0,0.65,0.0,0.55,0.0,38.88701923076923,0,11.0,11.0,11.0,11.0,0.0,0.0,0.0,0.0
IL,2020-10-17,2020,42,10,0.0,0.0,0.0,0.0,2.0,3.0,2.0,4.0,28462.0,4644.0,18537.0,2608.0,0.65,0.0,0.56,0.0,38.88701923076923,0,11.0,11.0,11.0,11.0,0.0,0.0,0.0,0.0
IL,2020-10-24,2020,43,11,4.0,2.0,1.0,0.0,2.0,3.0,2.0,4.0,28409.0,4647.0,18716.0,2637.0,0.66,0.0,0.57,0.0,38.88701923076923,0,0.0,11.0,11.0,11.0,0.0,0.0,0.0,0.0
IL,2020-10-31,2020,44,12,4.0,2.0,4.0,0.0,2.0,3.0,2.0,4.0,28438.0,4693.0,18747.0,2652.0,0.66,0.0,0.57,0.0,38.88701923076923,0,4.0,0.0,11.0,11.0,0.0,0.0,0.0,0.0
IL,2020-11-07,2020,45,13,7.0,2.0,7.0,0.0,2.0,3.0,2.0,4.0,29310.0,4685.0,19017.0,2762.0,0.65,0.0,0.59,0.0,38.88701923076923,0,4.0,4.0,11.0,11.0,0.0,0.0,0.0,0.0
IL,2020-11-14,2020,46,14,5.0,2.0,3.0,0.0,2.0,3.0,2.0,4.0,29105.0,4704.0,19624.0,2815.0,0.67,0.0,0.6,0.0,38.88701923076923,0,7.0,4.0,0.0,11.0,0.0,0.0,0.0,0.0
IL,2020-11-21,2020,47,15,4.0,1.0,5.0,0.0,2.0,3.0,2.0,4.0,28813.0,4618.0,19592.0,2864.0,0.68,0.0,0.62,0.0,38.88701923076923,0,5.0,7.0,4.0,11.0,0.0,0.0,0.0,0.0
IL,2020-11-28,2020,48,16,5.0,0.0,11.0,0.0,2.0,3.0,2.0,4.0,28673.0,4557.0,19004.0,2891.0,0.66,0.0,0.63,0.0,38.88701923076923,0,4.0,5.0,4.0,11.0,0.0,0.0,0.0,0.0
IL,2020-12-05,2020,49,17,6.0,1.0,6.0,0.0,2.0,3.0,2.0,4.0,28514.0,4556.0,19326.0,2890.0,0.68,0.0,0.63,0.0,38.88701923076923,0,5.0,4.0,7.0,11.0,0.0,0.0,0.0,0.0
IL,2020-12-12,2020,50,18,5.0,0.0,2.0,0.0,2.0,3.0,2.0,4.0,28697.0,4646.0,19566.0,2949.0,0.68,0.0,0.63,0.0,38.88701923076923,0,6.0,5.0,5.0,0.0,0.0,0.0,0.0,0.0
IL,2020-12-19,2020,51,19,7.0,0.0,3.0,0.0,2.0,3.0,2.0,4.0,28326.0,4483.0,19624.0,2868.0,0.69,0.0,0.64,0.0,38.88701923076923,0,5.0,6.0,4.0,4.0,0.0,0.0,0.0,0.0
IL,2020-12-26,2020,52,20,7.0,0.0,3.0,0.0,2.0,3.0,2.0,4.0,28519.0,4498.0,18310.0,2757.0,0.64,0.0,0.61,0.0,38.88701923076923,0,7.0,5.0,5.0,4.0,0.0,0.0,0.0,0.0
IL,2021-01-02,2021,53,21,8.0,0.0,8.0,0.0,2.0,3.0,2.0,4.0,28491.0,4477.0,18469.0,2697.0,0.65,0.0,0.6,0.0,36.06022099447514,0,7.0,7.0,6.0,7.0,0.0,0.0,0.0,0.0
IL,2021-01-09,2021,1,22,7.0,0.0,10.0,0.0,2.0,3.0,2.0,4.0,28496.0,4482.0,19187.0,2760.0,0.67,0.0,0.62,0.0,36.06022099447514,0,8.0,7.0,5.0,5.0,0.0,0.0,0.0,0.0
IL,2021-01-16,2021,2,23,6.0,2.0,4.0,0.0,2.0,3.0,2.0,4.0,28444.0,4467.0,19143.0,2711.0,0.67,0.0,0.61,0.0,36.06022099447514,0,7.0,8.0,7.0,4.0,0.0,0.0,0.0,0.0
IL,2021-01-23,2021,3,24,3.0,2.0,1.0,0.0,2.0,3.0,2.0,4.0,28454.0,4486.0,18935.0,2685.0,0.67,0.0,0.6,0.0,36.06022099447514,0,6.0,7.0,7.0,5.0,0.0,0.0,0.0,0.0
IL,2021-01-30,2021,4,25,2.0,0.0,1.0,0.0,2.0,3.0,2.0,4.0,28377.0,4465.0,18585.0,2641.0,0.65,0.0,0.59,0.0,36.06022099447514,0,3.0,6.0,8.0,6.0,0.0,0.0,0.0,0.0
IL,2021-02-06,2021,5,26,3.0,1.0,8.0,0.0,2.0,3.0,2.0,4.0,28335.0,4450.0,18481.0,2630.0,0.65,0.0,0.59,0.0,36.06022099447514,0,2.0,3.0,7.0,5.0,0.0,0.0,0.0,0.0
IL,2021-02-13,2021,6,27,2.0,1.0,1.0,0.0,2.0,3.0,2.0,4.0,28320.0,4466.0,18475.0,2600.0,0.65,0.0,0.58,0.0,36.06022099447514,0,3.0,2.0,6.0,7.0,0.0,0.0,0.0,0.0
IL,2021-02-20,2021,7,28,0.0,0.0,1.0,0.0,2.0,3.0,2.0,4.0,28311.0,4455.0,18287.0,2524.0,0.65,0.0,0.57,0.0,36.06022099447514,0,2.0,3.0,3.0,7.0,0.0,0.0,0.0,0.0
IL,2021-02-27,2021,8,29,1.0,1.0,2.0,0.0,2.0,3.0,2.0,4.0,28274.0,4448.0,18743.0,2567.0,0.66,0.0,0.58,0.0,36.06022099447514,0,0.0,2.0,2.0,8.0,0.0,0.0,0.0,0.0
IL,2021-03-06,2021,9,30,1.0,0.0,2.0,0.0,2.0,3.0,2.0,4.0,28242.0,4443.0,18476.0,2483.0,0.65,0.0,0.56,0.0,36.06022099447514,0,1.0,0.0,3.0,7.0,0.0,0.0,0.0,0.0
IL,2021-03-13,2021,10,31,1.0,0.0,0.0,0.0,2.0,3.0,2.0,4.0,28186.0,4401.0,18283.0,2456.0,0.65,0.0,0.56,0.0,36.06022099447514,0,1.0,1.0,2.0,6.0,0.0,0.0,0.0,0.0
IL,2021-03-20,2021,11,32,0.0,0.0,0.0,0.0,2.0,3.0,2.0,4.0,28196.0,4389.0,18313.0,2484.0,0.65,0.0,0.57,0.0,36.06022099447514,0,1.0,1.0,0.0,3.0,0.0,0.0,0.0,0.0
IL,2021-03-27,2021,12,33,1.0,0.0,2.0,0.0,2.0,3.0,2.0,4.0,28144.0,4384.0,18382.0,2531.0,0.65,0.0,0.58,0.0,36.06022099447514,0,0.0,1.0,1.0,2.0,0.0,0.0,0.0,0.0
IL,2021-04-03,2021,13,34,2.0,1.0,7.0,0.0,2.0,3.0,2.0,4.0,28009.0,4357.0,18271.0,2526.0,0.65,0.0,0.58,0.0,36.06022099447514,0,1.0,0.0,1.0,3.0,0.0,0.0,0.0,0.0
IL,2021-04-10,2021,14,35,2.0,1.0,7.0,0.0,2.0,3.0,2.0,4.0,27987.0,4357.0,18716.0,2594.0,0.67,0.0,0.6,0.0,36.06022099447514,0,2.0,1.0,1.0,2.0,0.0,0.0,0.0,0.0
IL,2021-04-17,2021,15,36,2.0,1.0,3.0,0.0,2.0,3.0,2.0,4.0,28069.0,4359.0,19433.0,2705.0,0.69,0.0,0.62,0.0,36.06022099447514,0,2.0,2.0,0.0,0.0,0.0,0.0,0.0,0.0
IL,2021-04-24,2021,16,37,2.0,1.0,1.0,0.0,2.0,3.0,2.0,4.0,28121.0,4357.0,19316.0,2730.0,0.69,0.0,0.63,0.0,36.06022099447514,0,2.0,2.0,1.0,1.0,0.0,0.0,0.0,0.0
IL,2021-05-01,2021,17,38,2.0,1.0,3.0,0.0,2.0,3.0,2.0,4.0,28142.0,4359.0,19436.0,2743.0,0.69,0.0,0.63,0.0,36.06022099447514,0,2.0,2.0,2.0,1.0,0.0,0.0,0.0,0.0
IL,2021-05-08,2021,18,39,2.0,1.0,1.0,0.0,2.0,3.0,2.0,4.0,28136.0,4362.0,19397.0,2737.0,0.69,0.0,0.63,0.0,36.06022099447514,0,2.0,2.0,2.0,1.0,0.0,0.0,0.0,0.0
IL,2021-05-15,2021,19,40,2.0,1.0,2.0,0.0,2.0,3.0,2.0,4.0,28066.0,4351.0,18906.0,2641.0,0.67,0.0,0.61,0.0,36.06022099447514,0,2.0,2.0,2.0,0.0,0.0,0.0,0.0,0.0
IL,2021-05-22,2021,20,41,2.0,1.0,3.0,0.0,2.0,3.0,2.0,4.0,28128.0,4341.0,19162.0,2658.0,0.68,0.0,0.61,0.0,36.06022099447514,0,2.0,2.0,2.0,1.0,0.0,0.0,0.0,0.0
IL,2021-05-29,2021,21,42,2.0,0.0,2.0,0.0,2.0,3.0,2.0,4.0,28082.0,4325.0,19325.0,2615.0,0.69,0.0,0.6,0.0,36.06022099447514,0,2.0,2.0,2.0,2.0,0.0,0.0,0.0,0.0
IL,2021-06-05,2021,22,43,2.0,0.0,3.0,0.0,2.0,3.0,2.0,4.0,27959.0,4322.0,18544.0,2533.0,0.66,0.0,0.59,0.0,36.06022099447514,0,2.0,2.0,2.0,2.0,0.0,0.0,0.0,0.0
IL,2021-06-12,2021,23,44,2.0,1.0,1.0,0.0,2.0,3.0,2.0,4.0,27867.0,4294.0,19222.0,2583.0,0.69,0.0,0.6,0.0,36.06022099447514,0,2.0,2.0,2.0,2.0,0.0,0.0,0.0,0.0
IL,2021-06-19,2021,24,45,3.0,1.0,3.0,0.0,2.0,3.0,2.0,4.0,27759.0,4266.0,18860.0,2492.0,0.68,0.0,0.58,0.0,36.06022099447514,0,2.0,2.0,2.0,2.0,0.0,0.0,0.0,0.0
IL,2021-06-26,2021,25,46,4.0,0.0,4.0,0.0,2.0,3.0,2.0,4.0,27790.0,4272.0,18637.0,2462.0,0.67,0.0,0.58,0.0,36.06022099447514,0,3.0,2.0,2.0,2.0,0.0,0.0,0.0,0.0
IL,2021-07-03,2021,26,47,5.0,1.0,4.0,0.0,2.0,3.0,2.0,4.0,27756.0,4263.0,18539.0,2458.0,0.67,0.0,0.58,0.0,36.06022099447514,0,4.0,3.0,2.0,2.0,0.0,0.0,0.0,0.0
IL,2021-07-10,2021,27,48,4.0,1.0,5.0,0.0,2.0,3.0,2.0,4.0,27748.0,4249.0,18510.0,2471.0,0.67,0.0,0.58,0.0,36.06022099447514,0,5.0,4.0,2.0,2.0,0.0,0.0,0.0,0.0
IL,2021-07-17,2021,28,49,3.0,1.0,5.0,0.0,2.0,3.0,2.0,4.0,27733.0,4245.0,19245.0,2596.0,0.69,0.0,0.61,0.0,36.06022099447514,0,4.0,5.0,3.0,2.0,0.0,0.0,0.0,0.0
IL,2021-07-24,2021,29,50,6.0,0.0,6.0,0.0,2.0,3.0,2.0,4.0,27727.0,4249.0,19280.0,2563.0,0.7,0.0,0.6,0.0,36.06022099447514,0,3.0,4.0,4.0,2.0,0.0,0.0,0.0,0.0
IL,2021-07-31,2021,30,51,5.0,1.0,6.0,0.0,2.0,3.0,2.0,4.0,27707.0,4243.0,19285.0,2594.0,0.7,0.0,0.61,0.0,36.06022099447514,0,6.0,3.0,5.0,2.0,0.0,0.0,0.0,0.0
IL,2021-08-07,2021,31,52,6.0,1.0,6.0,0.0,2.0,3.0,2.0,4.0,27678.0,4240.0,19213.0,2641.0,0.69,0.0,0.62,0.0,36.06022099447514,0,5.0,6.0,4.0,2.0,0.0,0.0,0.0,0.0
IL,2021-08-14,2021,32,53,4.0,0.0,5.0,0.0,2.0,3.0,2.0,4.0,27609.0,4223.0,19634.0,2742.0,0.71,0.0,0.65,0.0,36.06022099447514,0,6.0,5.0,3.0,3.0,0.0,0.0,0.0,0.0
IL,2021-08-21,2021,33,54,2.0,0.0,4.0,0.0,2.0,3.0,2.0,4.0,27567.0,4202.0,19745.0,2773.0,0.72,0.0,0.66,0.0,36.06022099447514,0,4.0,6.0,6.0,4.0,0.0,0.0,0.0,0.0
IL,2021-08-28,2021,34,55,0.0,0.0,0.0,0.0,2.0,3.0,2.0,4.0,27604.0,4198.0,20005.0,2801.0,0.72,0.0,0.67,0.0,36.06022099447514,0,2.0,4.0,5.0,5.0,0.0,0.0,0.0,0.0
IL,2021-09-04,2021,35,56,2.0,0.0,1.0,0.0,2.0,3.0,2.0,4.0,27564.0,4197.0,19852.0,2837.0,0.72,0.0,0.68,0.0,36.06022099447514,0,0.0,2.0,6.0,4.0,0.0,0.0,0.0,0.0
IL,2021-09-11,2021,36,57,1.0,0.0,1.0,0.0,2.0,3.0,2.0,4.0,27595.0,4191.0,19672.0,2819.0,0.71,0.0,0.67,0.0,36.06022099447514,0,2.0,0.0,4.0,3.0,0.0,0.0,0.0,0.0
IL,2021-09-18,2021,37,58,1.0,0.0,0.0,0.0,2.0,3.0,2.0,4.0,27594.0,4204.0,19967.0,2867.0,0.72,0.0,0.68,0.0,36.06022099447514,0,1.0,2.0,2.0,6.0,0.0,0.0,0.0,0.0
IL,2021-09-25,2021,38,59,1.0,0.0,0.0,0.0,2.0,3.0,2.0,4.0,27560.0,4193.0,19895.0,2801.0,0.72,0.0,0.67,0.0,36.06022099447514,0,1.0,1.0,0.0,5.0,0.0,0.0,0.0,0.0
IL,2021-10-02,2021,39,60,2.0,1.0,1.0,0.0,2.0,3.0,2.0,4.0,27577.0,4183.0,19662.0,2777.0,0.71,0.0,0.66,0.0,36.06022099447514,0,1.0,1.0,2.0,6.0,0.0,0.0,0.0,0.0
IL,2021-10-09,2021,40,61,2.0,0.0,0.0,0.0,2.0,3.0,2.0,4.0,27585.0,4192.0,19817.0,2760.0,0.72,0.0,0.66,0.0,36.06022099447514,0,2.0,1.0,1.0,4.0,0.0,0.0,0.0,0.0
IL,2021-10-16,2021,41,62,2.0,0.0,4.0,0.0,2.0,3.0,2.0,4.0,27610.0,4166.0,19784.0,2731.0,0.72,0.0,0.66,0.0,36.06022099447514,0,2.0,2.0,1.0,2.0,0.0,0.0,0.0,0.0
IL,2021-10-23,2021,42,63,3.0,0.0,2.0,0.0,2.0,3.0,2.0,4.0,27596.0,4163.0,19401.0,2638.0,0.7,0.0,0.63,0.0,36.06022099447514,0,2.0,2.0,1.0,0.0,0.0,0.0,0.0,0.0
IL,2021-10-30,2021,43,64,4.0,0.0,3.0,0.0,2.0,3.0,2.0,4.0,27568.0,4160.0,19451.0,2630.0,0.71,0.0,0.63,0.0,36.06022099447514,0,3.0,2.0,2.0,2.0,0.0,0.0,0.0,0.0
IL,2021-11-06,2021,44,65,4.0,2.0,2.0,0.0,2.0,3.0,2.0,4.0,27520.0,4167.0,19369.0,2678.0,0.7,0.0,0.64,0.0,36.06022099447514,0,4.0,3.0,2.0,1.0,0.0,0.0,0.0,0.0
IL,2021-11-13,2021,45,66,3.0,1.0,1.0,0.0,2.0,3.0,2.0,4.0,27553.0,4150.0,19626.0,2686.0,0.71,0.0,0.65,0.0,36.06022099447514,0,4.0,4.0,2.0,1.0,0.0,0.0,0.0,0.0
IL,2021-11-20,2021,46,67,4.0,0.0,5.0,0.0,2.0,3.0,2.0,4.0,27610.0,4160.0,19639.0,2685.0,0.71,0.0,0.65,0.0,36.06022099447514,0,3.0,4.0,3.0,1.0,0.0,0.0,0.0,0.0
IL,2021-11-27,2021,47,68,6.0,1.0,6.0,0.0,2.0,3.0,2.0,4.0,27551.0,4160.0,18757.0,2648.0,0.68,0.0,0.64,0.0,36.06022099447514,0,4.0,3.0,4.0,2.0,0.0,0.0,0.0,0.0
IL,2021-12-04,2021,48,69,14.0,1.0,17.0,0.0,2.0,3.0,2.0,4.0,27602.0,4164.0,20031.0,2833.0,0.73,0.0,0.68,0.0,36.06022099447514,0,6.0,4.0,4.0,2.0,0.0,0.0,0.0,0.0
IL,2021-12-11,2021,49,70,22.0,4.0,24.0,0.0,2.0,3.0,2.0,4.0,27611.0,4163.0,20506.0,2835.0,0.74,0.0,0.68,0.0,36.06022099447514,0,14.0,6.0,3.0,2.0,0.0,0.0,0.0,0.0
IL,2021-12-18,2021,50,71,22.0,1.0,26.0,0.0,2.0,3.0,2.0,4.0,27643.0,4161.0,20650.0,2880.0,0.75,0.0,0.69,0.0,36.06022099447514,0,22.0,14.0,4.0,3.0,0.0,0.0,0.0,0.0
IL,2021-12-25,2021,51,72,25.0,2.0,28.0,0.0,2.0,3.0,2.0,4.0,27372.0,4149.0,19381.0,2771.0,0.71,0.0,0.67,0.0,36.06022099447514,0,22.0,22.0,6.0,4.0,0.0,0.0,0.0,0.0
IL,2022-01-01,2022,52,73,32.0,2.0,42.0,0.0,2.0,3.0,2.0,4.0,27406.0,4162.0,19374.0,2810.0,0.71,0.0,0.68,0.0,35.4775956284153,0,25.0,22.0,14.0,4.0,0.0,0.0,0.0,0.0
IL,2022-01-08,2022,1,74,33.0,4.0,26.0,0.0,2.0,3.0,2.0,4.0,27370.0,4158.0,20125.0,2896.0,0.74,0.0,0.7,0.0,35.4775956284153,0,32.0,25.0,22.0,3.0,0.0,0.0,0.0,0.0
IL,2022-01-15,2022,2,75,31.0,3.0,41.0,0.0,2.0,3.0,2.0,4.0,27402.0,4132.0,20705.0,2978.0,0.76,0.0,0.72,0.0,35.4775956284153,0,33.0,32.0,22.0,4.0,0.0,0.0,0.0,0.0
IL,2022-01-22,2022,3,76,23.0,4.0,15.0,0.0,2.0,3.0,2.0,4.0,27432.0,4129.0,20495.0,2966.0,0.75,0.0,0.72,0.0,35.4775956284153,0,31.0,33.0,25.0,6.0,0.0,0.0,0.0,0.0
IL,2022-01-29,2022,4,77,9.0,2.0,7.0,0.0,2.0,3.0,2.0,4.0,27412.0,4142.0,20001.0,2850.0,0.73,0.0,0.69,0.0,35.4775956284153,0,23.0,31.0,32.0,14.0,0.0,0.0,0.0,0.0
IL,2022-02-05,2022,5,78,6.0,1.0,10.0,0.0,2.0,3.0,2.0,4.0,27283.0,3983.0,19555.0,2659.0,0.72,0.0,0.67,0.0,35.4775956284153,0,9.0,23.0,33.0,22.0,0.0,0.0,0.0,0.0
IL,2022-02-12,2022,6,79,5.0,0.0,8.0,0.0,2.0,3.0,2.0,4.0,27225.0,3885.0,19553.0,2598.0,0.72,0.0,0.67,0.0,35.4775956284153,0,6.0,9.0,31.0,22.0,0.0,0.0,0.0,0.0
IL,2022-02-19,2022,7,80,12.0,0.0,22.0,0.0,2.0,3.0,2.0,4.0,27147.0,3907.0,19316.0,2519.0,0.71,0.0,0.64,0.0,35.4775956284153,0,5.0,6.0,23.0,25.0,0.0,0.0,0.0,0.0
IL,2022-02-26,2022,8,81,19.0,2.0,26.0,0.0,2.0,3.0,2.0,4.0,27290.0,4057.0,19143.0,2571.0,0.7,0.0,0.63,0.0,35.4775956284153,0,12.0,5.0,9.0,32.0,0.0,0.0,0.0,0.0
IL,2022-03-05,2022,9,82,15.0,2.0,21.0,0.0,2.0,3.0,2.0,4.0,27229.0,4052.0,19079.0,2541.0,0.7,0.0,0.63,0.0,35.4775956284153,0,19.0,12.0,6.0,33.0,0.0,0.0,0.0,0.0
IL,2022-03-12,2022,10,83,26.0,3.0,34.0,0.0,2.0,3.0,2.0,4.0,27235.0,4035.0,19059.0,2465.0,0.7,0.0,0.61,0.0,35.4775956284153,0,15.0,19.0,5.0,31.0,0.0,0.0,0.0,0.0
IL,2022-03-19,2022,11,84,44.0,6.0,58.0,0.0,2.0,3.0,2.0,4.0,27521.0,4034.0,18880.0,2422.0,0.69,0.0,0.6,0.0,35.4775956284153,0,26.0,15.0,12.0,23.0,0.0,0.0,0.0,0.0
IL,2022-03-26,2022,12,85,69.0,8.0,114.0,0.0,2.0,3.0,2.0,4.0,27213.0,4040.0,18840.0,2390.0,0.69,0.0,0.59,0.0,35.4775956284153,0,44.0,26.0,19.0,9.0,0.0,0.0,0.0,0.0
IL,2022-04-02,2022,13,86,68.0,6.0,88.0,0.0,2.0,3.0,2.0,4.0,27186.0,4039.0,18505.0,2379.0,0.68,0.0,0.59,0.0,35.4775956284153,0,69.0,44.0,15.0,6.0,0.0,0.0,0.0,0.0
IL,2022-04-09,2022,14,87,74.0,9.0,105.0,0.0,2.0,3.0,2.0,4.0,27144.0,4024.0,18897.0,2365.0,0.7,0.0,0.59,0.0,35.4775956284153,0,68.0,69.0,26.0,5.0,0.0,0.0,0.0,0.0
IL,2022-04-16,2022,15,88,79.0,12.0,79.0,0.0,2.0,3.0,2.0,4.0,27149.0,4024.0,18822.0,2427.0,0.69,0.0,0.6,0.0,35.4775956284153,0,74.0,68.0,44.0,12.0,0.0,0.0,0.0,0.0
IL,2022-04-23,2022,16,89,82.0,11.0,106.0,0.0,2.0,3.0,2.0,4.0,27059.0,4041.0,18405.0,2328.0,0.68,0.0,0.58,0.0,35.4775956284153,0,79.0,74.0,69.0,19.0,0.0,0.0,0.0,0.0
IL,2022-04-30,2022,17,90,87.0,9.0,97.0,0.0,2.0,3.0,2.0,4.0,27218.0,4007.0,18644.0,2359.0,0.68,0.0,0.59,0.0,35.4775956284153,0,82.0,79.0,68.0,15.0,0.0,0.0,0.0,0.0
IL,2022-05-07,2022,18,91,81.0,8.0,108.0,0.0,2.0,3.0,2.0,4.0,27108.0,4001.0,18633.0,2371.0,0.69,0.0,0.59,0.0,35.4775956284153,0,87.0,82.0,74.0,26.0,0.0,0.0,0.0,0.0
IL,2022-05-14,2022,19,92,77.0,11.0,123.0,0.0,2.0,3.0,2.0,4.0,27111.0,3997.0,18871.0,2405.0,0.7,0.0,0.6,0.0,35.4775956284153,0,81.0,87.0,79.0,44.0,0.0,0.0,0.0,0.0
IL,2022-05-21,2022,20,93,63.0,9.0,98.0,0.0,2.0,3.0,2.0,4.0,26920.0,3995.0,19451.0,2379.0,0.72,0.0,0.6,0.0,35.4775956284153,0,77.0,81.0,82.0,69.0,0.0,0.0,0.0,0.0
IL,2022-05-28,2022,21,94,48.0,6.0,49.0,0.0,2.0,3.0,2.0,4.0,26965.0,3997.0,18919.0,2368.0,0.7,0.0,0.59,0.0,35.4775956284153,0,63.0,77.0,87.0,68.0,0.0,0.0,0.0,0.0
IL,2022-06-04,2022,22,95,37.0,5.0,41.0,0.0,2.0,3.0,2.0,4.0,27033.0,3991.0,18586.0,2376.0,0.69,0.0,0.6,0.0,35.4775956284153,0,48.0,63.0,81.0,74.0,0.0,0.0,0.0,0.0
IL,2022-06-11,2022,23,96,21.0,3.0,16.0,0.0,2.0,3.0,2.0,4.0,27049.0,3994.0,18828.0,2441.0,0.7,0.0,0.61,0.0,35.4775956284153,0,37.0,48.0,77.0,79.0,0.0,0.0,0.0,0.0
IL,2022-06-18,2022,24,97,20.0,4.0,23.0,0.0,2.0,3.0,2.0,4.0,27059.0,3994.0,18756.0,2437.0,0.69,0.0,0.61,0.0,35.4775956284153,0,21.0,37.0,63.0,82.0,0.0,0.0,0.0,0.0
IL,2022-06-25,2022,25,98,20.0,3.0,19.0,0.0,2.0,3.0,2.0,4.0,27045.0,3994.0,18671.0,2424.0,0.69,0.0,0.61,0.0,35.4775956284153,0,20.0,21.0,48.0,87.0,0.0,0.0,0.0,0.0
IL,2022-07-02,2022,26,99,11.0,2.0,7.0,0.0,2.0,3.0,2.0,4.0,27060.0,3982.0,18711.0,2436.0,0.69,0.0,0.61,0.0,35.4775956284153,0,20.0,20.0,37.0,81.0,0.0,0.0,0.0,0.0
IL,2022-07-09,2022,27,100,9.0,3.0,10.0,0.0,2.0,3.0,2.0,4.0,27060.0,3977.0,18386.0,2416.0,0.68,0.0,0.61,0.0,35.4775956284153,0,11.0,20.0,21.0,77.0,0.0,0.0,0.0,0.0
IL,2022-07-16,2022,28,101,11.0,2.0,11.0,0.0,2.0,3.0,2.0,4.0,27023.0,3976.0,19056.0,2458.0,0.71,0.0,0.62,0.0,35.4775956284153,0,9.0,11.0,20.0,63.0,0.0,0.0,0.0,0.0
IL,2022-07-23,2022,29,102,8.0,1.0,4.0,0.0,2.0,3.0,2.0,4.0,26982.0,3975.0,19098.0,2461.0,0.71,0.0,0.62,0.0,35.4775956284153,0,11.0,9.0,20.0,48.0,0.0,0.0,0.0,0.0
IL,2022-07-30,2022,30,103,5.0,1.0,9.0,0.0,2.0,3.0,2.0,4.0,27017.0,3975.0,19077.0,2449.0,0.71,0.0,0.62,0.0,35.4775956284153,0,8.0,11.0,11.0,37.0,0.0,0.0,0.0,0.0
IL,2022-08-06,2022,31,104,8.0,1.0,13.0,0.0,2.0,3.0,2.0,4.0,26998.0,3969.0,18995.0,2444.0,0.7,0.0,0.62,0.0,35.4775956284153,0,5.0,8.0,9.0,21.0,0.0,0.0,0.0,0.0
IL,2022-08-13,2022,32,105,8.0,1.0,11.0,0.0,2.0,3.0,2.0,4.0,26723.0,3926.0,18768.0,2404.0,0.7,0.0,0.61,0.0,35.4775956284153,0,8.0,5.0,11.0,20.0,0.0,0.0,0.0,0.0
IL,2022-08-20,2022,33,106,9.0,2.0,12.0,0.0,2.0,3.0,2.0,4.0,26656.0,3920.0,18706.0,2423.0,0.7,0.0,0.62,0.0,35.4775956284153,0,8.0,8.0,8.0,20.0,0.0,0.0,0.0,0.0
IL,2022-08-27,2022,34,107,9.0,1.0,16.0,0.0,2.0,3.0,2.0,4.0,26648.0,3940.0,18844.0,2405.0,0.71,0.0,0.61,0.0,35.4775956284153,0,9.0,8.0,5.0,11.0,0.0,0.0,0.0,0.0
IL,2022-09-03,2022,35,108,8.0,3.0,10.0,0.0,2.0,3.0,2.0,4.0,26770.0,3961.0,18827.0,2378.0,0.7,0.0,0.6,0.0,35.4775956284153,0,9.0,9.0,8.0,9.0,0.0,0.0,0.0,0.0
IL,2022-09-10,2022,36,109,7.0,2.0,5.0,0.0,2.0,3.0,2.0,4.0,26791.0,3969.0,18805.0,2407.0,0.7,0.0,0.61,0.0,35.4775956284153,0,8.0,9.0,8.0,11.0,0.0,0.0,0.0,0.0
IL,2022-09-17,2022,37,110,6.0,1.0,4.0,0.0,2.0,3.0,2.0,4.0,26792.0,3968.0,19033.0,2415.0,0.71,0.0,0.61,0.0,35.4775956284153,0,7.0,8.0,9.0,8.0,0.0,0.0,0.0,0.0
IL,2022-09-24,2022,38,111,10.0,2.0,15.0,0.0,2.0,3.0,2.0,4.0,26780.0,3954.0,18975.0,2428.0,0.71,0.0,0.61,0.0,35.4775956284153,0,6.0,7.0,9.0,5.0,0.0,0.0,0.0,0.0
IL,2022-10-01,2022,39,112,12.0,2.0,10.0,0.0,2.0,3.0,2.0,4.0,26678.0,3919.0,18707.0,2412.0,0.7,0.0,0.62,0.0,35.4775956284153,0,10.0,6.0,8.0,8.0,0.0,0.0,0.0,0.0
IL,2022-10-08,2022,40,113,11.0,2.0,12.0,0.0,2.0,3.0,2.0,4.0,26661.0,3904.0,18849.0,2426.0,0.71,0.0,0.62,0.0,35.4775956284153,0,12.0,10.0,7.0,8.0,0.0,0.0,0.0,0.0
IL,2022-10-15,2022,41,114,18.0,4.0,28.0,0.0,2.0,3.0,2.0,4.0,26674.0,3925.0,19038.0,2452.0,0.71,0.0,0.62,0.0,35.4775956284153,0,11.0,12.0,6.0,9.0,0.0,0.0,0.0,0.0
IL,2022-10-22,2022,42,115,28.0,5.0,39.0,0.0,2.0,3.0,2.0,4.0,26666.0,3918.0,19122.0,2508.0,0.72,0.0,0.64,0.0,35.4775956284153,0,18.0,11.0,10.0,9.0,0.0,0.0,0.0,0.0
IL,2022-10-29,2022,43,116,57.0,8.0,106.0,0.0,2.0,3.0,2.0,4.0,26705.0,3926.0,19364.0,2561.0,0.73,0.0,0.65,0.0,35.4775956284153,0,28.0,18.0,12.0,8.0,0.0,0.0,0.0,0.0
IL,2022-11-05,2022,44,117,86.0,10.0,155.0,0.0,2.0,3.0,2.0,4.0,26824.0,3938.0,19095.0,2534.0,0.71,0.0,0.64,0.0,35.4775956284153,0,57.0,28.0,11.0,7.0,0.0,0.0,0.0,0.0
IL,2022-11-12,2022,45,118,134.0,13.0,256.0,0.0,2.0,3.0,2.0,4.0,26871.0,3957.0,19263.0,2574.0,0.72,0.0,0.65,0.0,35.4775956284153,0,86.0,57.0,18.0,6.0,0.0,0.0,0.0,0.0
IL,2022-11-19,2022,46,119,231.0,27.0,386.0,0.0,2.0,3.0,2.0,4.0,26859.0,3965.0,19357.0,2577.0,0.72,0.01,0.65,0.01,35.4775956284153,1,134.0,86.0,28.0,10.0,0.0,0.0,0.0,0.0
IL,2022-11-26,2022,47,120,390.0,53.0,801.0,0.0,2.0,3.0,2.0,4.0,27028.0,3970.0,18695.0,2537.0,0.69,0.01,0.64,0.01,35.4775956284153,1,231.0,134.0,57.0,12.0,0.01,0.0,0.0,0.0
IL,2022-12-03,2022,48,121,720.0,91.0,1102.0,0.0,2.0,3.0,2.0,4.0,27033.0,3980.0,19860.0,2687.0,0.73,0.03,0.68,0.02,35.4775956284153,1,390.0,231.0,86.0,11.0,0.01,0.01,0.0,0.0
IL,2022-12-10,2022,49,122,692.0,85.0,956.0,0.0,2.0,3.0,2.0,4.0,26933.0,3961.0,19966.0,2662.0,0.74,0.03,0.67,0.02,35.4775956284153,1,720.0,390.0,134.0,18.0,0.03,0.01,0.0,0.0
IL,2022-12-17,2022,50,123,714.0,89.0,733.0,0.0,2.0,3.0,2.0,4.0,28927.0,4273.0,21380.0,2913.0,0.74,0.02,0.68,0.02,35.4775956284153,1,692.0,720.0,231.0,28.0,0.03,0.03,0.01,0.0
IL,2022-12-24,2022,51,124,567.0,82.0,578.0,0.0,2.0,3.0,2.0,4.0,28403.0,4195.0,19502.0,2711.0,0.69,0.02,0.65,0.02,35.4775956284153,1,714.0,692.0,390.0,57.0,0.02,0.03,0.01,0.0
IL,2022-12-31,2022,52,125,506.0,74.0,555.0,0.0,2.0,3.0,2.0,4.0,28325.0,4202.0,18958.0,2607.0,0.67,0.02,0.62,0.02,35.4775956284153,1,567.0,714.0,720.0,86.0,0.02,0.02,0.03,0.0
IN,2020-10-03,2020,40,8,8.0,2.0,16.0,0.0,0.5,1.5,2.0,2.5,15967.0,2691.0,9929.0,1710.0,0.62,0.0,0.64,0.0,35.30714285714286,0,8.0,8.0,8.0,8.0,0.0,0.0,0.0,0.0
IN,2020-10-10,2020,41,9,8.0,2.0,16.0,0.0,0.5,1.5,2.0,2.5,16055.0,2676.0,10082.0,1786.0,0.63,0.0,0.67,0.0,35.30714285714286,0,8.0,8.0,8.0,8.0,0.0,0.0,0.0,0.0
IN,2020-10-17,2020,42,10,8.0,2.0,16.0,0.0,0.5,1.5,2.0,2.5,16111.0,2662.0,10302.0,1773.0,0.64,0.0,0.67,0.0,35.30714285714286,0,8.0,8.0,8.0,8.0,0.0,0.0,0.0,0.0
IN,2020-10-24,2020,43,11,0.0,0.0,0.0,0.0,0.5,1.5,2.0,2.5,16164.0,2635.0,10110.0,1753.0,0.63,0.0,0.67,0.0,35.30714285714286,0,8.0,8.0,8.0,8.0,0.0,0.0,0.0,0.0
IN,2020-10-31,2020,44,12,0.0,0.0,0.0,0.0,0.5,1.5,2.0,2.5,16233.0,2594.0,10410.0,1784.0,0.64,0.0,0.69,0.0,35.30714285714286,0,0.0,8.0,8.0,8.0,0.0,0.0,0.0,0.0
IN,2020-11-07,2020,45,13,3.0,2.0,6.0,0.0,0.5,1.5,2.0,2.5,16245.0,2610.0,10421.0,1809.0,0.64,0.0,0.69,0.0,35.30714285714286,0,0.0,0.0,8.0,8.0,0.0,0.0,0.0,0.0
IN,2020-11-14,2020,46,14,6.0,2.0,8.0,0.0,0.5,1.5,2.0,2.5,16295.0,2606.0,10954.0,1878.0,0.67,0.0,0.72,0.0,35.30714285714286,0,3.0,0.0,8.0,8.0,0.0,0.0,0.0,0.0
IN,2020-11-21,2020,47,15,6.0,2.0,8.0,0.0,0.5,1.5,2.0,2.5,16374.0,2608.0,11013.0,1939.0,0.67,0.0,0.74,0.0,35.30714285714286,0,6.0,3.0,0.0,8.0,0.0,0.0,0.0,0.0
IN,2020-11-28,2020,48,16,4.0,0.0,5.0,0.0,0.5,1.5,2.0,2.5,16342.0,2617.0,10676.0,1939.0,0.65,0.0,0.74,0.0,35.30714285714286,0,6.0,6.0,0.0,8.0,0.0,0.0,0.0,0.0
IN,2020-12-05,2020,49,17,6.0,2.0,3.0,0.0,0.5,1.5,2.0,2.5,16411.0,2622.0,11155.0,1987.0,0.68,0.0,0.76,0.0,35.30714285714286,0,4.0,6.0,3.0,8.0,0.0,0.0,0.0,0.0
IN,2020-12-12,2020,50,18,7.0,1.0,6.0,0.0,0.5,1.5,2.0,2.5,16431.0,2632.0,11322.0,2002.0,0.69,0.0,0.76,0.0,35.30714285714286,0,6.0,4.0,6.0,8.0,0.0,0.0,0.0,0.0
IN,2020-12-19,2020,51,19,7.0,2.0,11.0,0.0,0.5,1.5,2.0,2.5,16414.0,2597.0,11187.0,1953.0,0.68,0.0,0.75,0.0,35.30714285714286,0,7.0,6.0,6.0,0.0,0.0,0.0,0.0,0.0
IN,2020-12-26,2020,52,20,8.0,3.0,6.0,0.0,0.5,1.5,2.0,2.5,16382.0,2581.0,10309.0,1877.0,0.63,0.0,0.73,0.0,35.30714285714286,0,7.0,7.0,4.0,0.0,0.0,0.0,0.0,0.0
IN,2021-01-02,2021,53,21,5.0,2.0,4.0,0.0,0.5,1.5,2.0,2.5,16380.0,2580.0,10370.0,1886.0,0.63,0.0,0.73,0.0,34.3445652173913,0,8.0,7.0,6.0,3.0,0.0,0.0,0.0,0.0
IN,2021-01-09,2021,1,22,6.0,2.0,6.0,0.0,0.5,1.5,2.0,2.5,16416.0,2592.0,10946.0,1914.0,0.67,0.0,0.74,0.0,34.3445652173913,0,5.0,8.0,7.0,6.0,0.0,0.0,0.0,0.0
IN,2021-01-16,2021,2,23,8.0,1.0,5.0,0.0,0.5,1.5,2.0,2.5,16387.0,2595.0,10781.0,1860.0,0.66,0.0,0.72,0.0,34.3445652173913,0,6.0,5.0,7.0,6.0,0.0,0.0,0.0,0.0
IN,2021-01-23,2021,3,24,5.0,2.0,8.0,0.0,0.5,1.5,2.0,2.5,16379.0,2632.0,10502.0,1810.0,0.64,0.0,0.69,0.0,34.3445652173913,0,8.0,6.0,8.0,4.0,0.0,0.0,0.0,0.0
IN,2021-01-30,2021,4,25,7.0,1.0,6.0,0.0,0.5,1.5,2.0,2.5,16397.0,2662.0,10326.0,1735.0,0.63,0.0,0.65,0.0,34.3445652173913,0,5.0,8.0,5.0,6.0,0.0,0.0,0.0,0.0
IN,2021-02-06,2021,5,26,5.0,1.0,10.0,0.0,0.5,1.5,2.0,2.5,16376.0,2640.0,10150.0,1741.0,0.62,0.0,0.66,0.0,34.3445652173913,0,7.0,5.0,6.0,7.0,0.0,0.0,0.0,0.0
IN,2021-02-13,2021,6,27,6.0,1.0,8.0,0.0,0.5,1.5,2.0,2.5,16430.0,2642.0,9989.0,1635.0,0.61,0.0,0.62,0.0,34.3445652173913,0,5.0,7.0,8.0,7.0,0.0,0.0,0.0,0.0
IN,2021-02-20,2021,7,28,4.0,2.0,6.0,0.0,0.5,1.5,2.0,2.5,16363.0,2627.0,9663.0,1595.0,0.59,0.0,0.61,0.0,34.3445652173913,0,6.0,5.0,5.0,8.0,0.0,0.0,0.0,0.0
IN,2021-02-27,2021,8,29,4.0,2.0,1.0,0.0,0.5,1.5,2.0,2.5,16552.0,2710.0,10088.0,1670.0,0.61,0.0,0.62,0.0,34.3445652173913,0,4.0,6.0,7.0,5.0,0.0,0.0,0.0,0.0
IN,2021-03-06,2021,9,30,3.0,1.0,3.0,0.0,0.5,1.5,2.0,2.5,16741.0,2835.0,10144.0,1716.0,0.61,0.0,0.61,0.0,34.3445652173913,0,4.0,4.0,5.0,6.0,0.0,0.0,0.0,0.0
IN,2021-03-13,2021,10,31,2.0,1.0,3.0,0.0,0.5,1.5,2.0,2.5,16695.0,2815.0,9890.0,1714.0,0.59,0.0,0.61,0.0,34.3445652173913,0,3.0,4.0,6.0,8.0,0.0,0.0,0.0,0.0
IN,2021-03-20,2021,11,32,2.0,0.0,3.0,0.0,0.5,1.5,2.0,2.5,16678.0,2818.0,10021.0,1729.0,0.6,0.0,0.61,0.0,34.3445652173913,0,2.0,3.0,4.0,5.0,0.0,0.0,0.0,0.0
IN,2021-03-27,2021,12,33,2.0,0.0,8.0,0.0,0.5,1.5,2.0,2.5,16664.0,2854.0,9994.0,1766.0,0.6,0.0,0.62,0.0,34.3445652173913,0,2.0,2.0,4.0,7.0,0.0,0.0,0.0,0.0
IN,2021-04-03,2021,13,34,2.0,1.0,55.0,0.0,0.5,1.5,2.0,2.5,16625.0,2891.0,10067.0,1753.0,0.61,0.0,0.61,0.0,34.3445652173913,0,2.0,2.0,3.0,5.0,0.0,0.0,0.0,0.0
IN,2021-04-10,2021,14,35,4.0,1.0,11.0,0.0,0.5,1.5,2.0,2.5,16676.0,2922.0,10139.0,1797.0,0.61,0.0,0.62,0.0,34.3445652173913,0,2.0,2.0,2.0,6.0,0.0,0.0,0.0,0.0
IN,2021-04-17,2021,15,36,3.0,0.0,11.0,0.0,0.5,1.5,2.0,2.5,16706.0,2912.0,10501.0,1868.0,0.63,0.0,0.64,0.0,34.3445652173913,0,4.0,2.0,2.0,4.0,0.0,0.0,0.0,0.0
IN,2021-04-24,2021,16,37,2.0,1.0,5.0,0.0,0.5,1.5,2.0,2.5,16694.0,2910.0,10578.0,1844.0,0.63,0.0,0.63,0.0,34.3445652173913,0,3.0,4.0,2.0,4.0,0.0,0.0,0.0,0.0
IN,2021-05-01,2021,17,38,4.0,0.0,3.0,0.0,0.5,1.5,2.0,2.5,16917.0,2955.0,10787.0,1867.0,0.64,0.0,0.63,0.0,34.3445652173913,0,2.0,3.0,2.0,3.0,0.0,0.0,0.0,0.0
IN,2021-05-08,2021,18,39,2.0,0.0,2.0,0.0,0.5,1.5,2.0,2.5,16971.0,2983.0,10784.0,1855.0,0.64,0.0,0.62,0.0,34.3445652173913,0,4.0,2.0,4.0,2.0,0.0,0.0,0.0,0.0
IN,2021-05-15,2021,19,40,2.0,0.0,3.0,0.0,0.5,1.5,2.0,2.5,16632.0,2918.0,10498.0,1827.0,0.63,0.0,0.63,0.0,34.3445652173913,0,2.0,4.0,3.0,2.0,0.0,0.0,0.0,0.0
IN,2021-05-22,2021,20,41,2.0,0.0,4.0,0.0,0.5,1.5,2.0,2.5,16680.0,2946.0,10809.0,1879.0,0.65,0.0,0.64,0.0,34.3445652173913,0,2.0,2.0,2.0,2.0,0.0,0.0,0.0,0.0
IN,2021-05-29,2021,21,42,2.0,1.0,3.0,0.0,0.5,1.5,2.0,2.5,16702.0,2965.0,10686.0,1830.0,0.64,0.0,0.62,0.0,34.3445652173913,0,2.0,2.0,4.0,2.0,0.0,0.0,0.0,0.0
IN,2021-06-05,2021,22,43,2.0,1.0,4.0,0.0,0.5,1.5,2.0,2.5,16896.0,3021.0,10492.0,1841.0,0.62,0.0,0.61,0.0,34.3445652173913,0,2.0,2.0,2.0,4.0,0.0,0.0,0.0,0.0
IN,2021-06-12,2021,23,44,4.0,0.0,0.0,0.0,0.5,1.5,2.0,2.5,16674.0,2955.0,10580.0,1841.0,0.63,0.0,0.62,0.0,34.3445652173913,0,2.0,2.0,2.0,3.0,0.0,0.0,0.0,0.0
IN,2021-06-19,2021,24,45,3.0,0.0,2.0,0.0,0.5,1.5,2.0,2.5,16662.0,2956.0,10559.0,1807.0,0.63,0.0,0.61,0.0,34.3445652173913,0,4.0,2.0,2.0,2.0,0.0,0.0,0.0,0.0
IN,2021-06-26,2021,25,46,3.0,0.0,3.0,0.0,0.5,1.5,2.0,2.5,16680.0,2964.0,10500.0,1783.0,0.63,0.0,0.6,0.0,34.3445652173913,0,3.0,4.0,2.0,4.0,0.0,0.0,0.0,0.0
IN,2021-07-03,2021,26,47,0.0,0.0,2.0,0.0,0.5,1.5,2.0,2.5,16641.0,2970.0,10521.0,1785.0,0.63,0.0,0.6,0.0,34.3445652173913,0,3.0,3.0,2.0,2.0,0.0,0.0,0.0,0.0
IN,2021-07-10,2021,27,48,2.0,1.0,4.0,0.0,0.5,1.5,2.0,2.5,16581.0,2969.0,10280.0,1748.0,0.62,0.0,0.59,0.0,34.3445652173913,0,0.0,3.0,4.0,2.0,0.0,0.0,0.0,0.0
IN,2021-07-17,2021,28,49,3.0,1.0,9.0,0.0,0.5,1.5,2.0,2.5,16659.0,2990.0,10649.0,1815.0,0.64,0.0,0.61,0.0,34.3445652173913,0,2.0,0.0,3.0,2.0,0.0,0.0,0.0,0.0
IN,2021-07-24,2021,29,50,4.0,1.0,11.0,0.0,0.5,1.5,2.0,2.5,16681.0,3001.0,10735.0,1871.0,0.64,0.0,0.62,0.0,34.3445652173913,0,3.0,2.0,3.0,2.0,0.0,0.0,0.0,0.0
IN,2021-07-31,2021,30,51,7.0,2.0,25.0,0.0,0.5,1.5,2.0,2.5,16963.0,3064.0,10999.0,1948.0,0.65,0.0,0.64,0.0,34.3445652173913,0,4.0,3.0,0.0,2.0,0.0,0.0,0.0,0.0
IN,2021-08-07,2021,31,52,9.0,3.0,29.0,0.0,0.5,1.5,2.0,2.5,16643.0,3012.0,10844.0,1909.0,0.65,0.0,0.63,0.0,34.3445652173913,0,7.0,4.0,2.0,4.0,0.0,0.0,0.0,0.0
IN,2021-08-14,2021,32,53,8.0,3.0,25.0,0.0,0.5,1.5,2.0,2.5,16685.0,2995.0,11087.0,1980.0,0.66,0.0,0.66,0.0,34.3445652173913,0,9.0,7.0,3.0,3.0,0.0,0.0,0.0,0.0
IN,2021-08-21,2021,33,54,8.0,2.0,34.0,0.0,0.5,1.5,2.0,2.5,16688.0,2981.0,11156.0,1993.0,0.67,0.0,0.67,0.0,34.3445652173913,0,8.0,9.0,4.0,3.0,0.0,0.0,0.0,0.0
IN,2021-08-28,2021,34,55,7.0,3.0,16.0,0.0,0.5,1.5,2.0,2.5,16257.0,2894.0,10931.0,1942.0,0.67,0.0,0.67,0.0,34.3445652173913,0,8.0,8.0,7.0,0.0,0.0,0.0,0.0,0.0
IN,2021-09-04,2021,35,56,12.0,3.0,22.0,0.0,0.5,1.5,2.0,2.5,16299.0,2895.0,11110.0,2017.0,0.68,0.0,0.7,0.0,34.3445652173913,0,7.0,8.0,9.0,2.0,0.0,0.0,0.0,0.0
IN,2021-09-11,2021,36,57,8.0,4.0,13.0,0.0,0.5,1.5,2.0,2.5,16397.0,2842.0,11103.0,2041.0,0.68,0.0,0.72,0.0,34.3445652173913,0,12.0,7.0,8.0,3.0,0.0,0.0,0.0,0.0
IN,2021-09-18,2021,37,58,10.0,4.0,12.0,0.0,0.5,1.5,2.0,2.5,16718.0,2971.0,11547.0,2186.0,0.69,0.0,0.74,0.0,34.3445652173913,0,8.0,12.0,8.0,4.0,0.0,0.0,0.0,0.0
IN,2021-09-25,2021,38,59,9.0,5.0,15.0,0.0,0.5,1.5,2.0,2.5,16788.0,3029.0,11321.0,2218.0,0.67,0.0,0.73,0.0,34.3445652173913,0,10.0,8.0,7.0,7.0,0.0,0.0,0.0,0.0
IN,2021-10-02,2021,39,60,9.0,4.0,15.0,0.0,0.5,1.5,2.0,2.5,16748.0,3028.0,11201.0,2175.0,0.67,0.0,0.72,0.0,34.3445652173913,0,9.0,10.0,12.0,9.0,0.0,0.0,0.0,0.0
IN,2021-10-09,2021,40,61,7.0,3.0,13.0,0.0,0.5,1.5,2.0,2.5,16818.0,3032.0,11242.0,2127.0,0.67,0.0,0.7,0.0,34.3445652173913,0,9.0,9.0,8.0,8.0,0.0,0.0,0.0,0.0
IN,2021-10-16,2021,41,62,5.0,3.0,7.0,0.0,0.5,1.5,2.0,2.5,16842.0,3023.0,11196.0,2059.0,0.66,0.0,0.68,0.0,34.3445652173913,0,7.0,9.0,10.0,8.0,0.0,0.0,0.0,0.0
IN,2021-10-23,2021,42,63,3.0,2.0,7.0,0.0,0.5,1.5,2.0,2.5,16817.0,3020.0,11001.0,2052.0,0.65,0.0,0.68,0.0,34.3445652173913,0,5.0,7.0,9.0,7.0,0.0,0.0,0.0,0.0
IN,2021-10-30,2021,43,64,4.0,1.0,13.0,0.0,0.5,1.5,2.0,2.5,16880.0,3027.0,11036.0,2042.0,0.65,0.0,0.67,0.0,34.3445652173913,0,3.0,5.0,9.0,12.0,0.0,0.0,0.0,0.0
IN,2021-11-06,2021,44,65,4.0,1.0,14.0,0.0,0.5,1.5,2.0,2.5,16947.0,3029.0,10969.0,2064.0,0.65,0.0,0.68,0.0,34.3445652173913,0,4.0,3.0,7.0,8.0,0.0,0.0,0.0,0.0
IN,2021-11-13,2021,45,66,5.0,2.0,6.0,0.0,0.5,1.5,2.0,2.5,16944.0,3018.0,11136.0,2019.0,0.66,0.0,0.67,0.0,34.3445652173913,0,4.0,4.0,5.0,10.0,0.0,0.0,0.0,0.0
IN,2021-11-20,2021,46,67,15.0,3.0,15.0,0.0,0.5,1.5,2.0,2.5,16965.0,3013.0,11358.0,2058.0,0.67,0.0,0.68,0.0,34.3445652173913,0,5.0,4.0,3.0,9.0,0.0,0.0,0.0,0.0
IN,2021-11-27,2021,47,68,9.0,2.0,16.0,0.0,0.5,1.5,2.0,2.5,16899.0,3015.0,10996.0,2063.0,0.65,0.0,0.68,0.0,34.3445652173913,0,15.0,5.0,4.0,9.0,0.0,0.0,0.0,0.0
IN,2021-12-04,2021,48,69,15.0,1.0,32.0,0.0,0.5,1.5,2.0,2.5,16989.0,3024.0,11753.0,2179.0,0.69,0.0,0.72,0.0,34.3445652173913,0,9.0,15.0,4.0,7.0,0.0,0.0,0.0,0.0
IN,2021-12-11,2021,49,70,21.0,3.0,33.0,0.0,0.5,1.5,2.0,2.5,16984.0,3021.0,11797.0,2196.0,0.69,0.0,0.73,0.0,34.3445652173913,0,15.0,9.0,5.0,5.0,0.0,0.0,0.0,0.0
IN,2021-12-18,2021,50,71,20.0,2.0,46.0,0.0,0.5,1.5,2.0,2.5,15811.0,2931.0,12035.0,2246.0,0.76,0.0,0.77,0.0,34.3445652173913,0,21.0,15.0,15.0,3.0,0.0,0.0,0.0,0.0
IN,2021-12-25,2021,51,72,29.0,2.0,100.0,0.0,0.5,1.5,2.0,2.5,14601.0,2796.0,11461.0,2168.0,0.78,0.0,0.78,0.0,34.3445652173913,0,20.0,21.0,9.0,4.0,0.0,0.0,0.0,0.0
IN,2022-01-01,2022,52,73,56.0,5.0,110.0,0.0,0.5,1.5,2.0,2.5,14180.0,2733.0,11434.0,2137.0,0.81,0.0,0.78,0.0,32.23989071038251,0,29.0,20.0,15.0,4.0,0.0,0.0,0.0,0.0
IN,2022-01-08,2022,1,74,49.0,9.0,60.0,0.0,0.5,1.5,2.0,2.5,14204.0,2726.0,11664.0,2155.0,0.82,0.0,0.79,0.0,32.23989071038251,0,56.0,29.0,21.0,5.0,0.0,0.0,0.0,0.0
IN,2022-01-15,2022,2,75,33.0,8.0,46.0,0.0,0.5,1.5,2.0,2.5,14179.0,2691.0,11631.0,2139.0,0.82,0.0,0.79,0.0,32.23989071038251,0,49.0,56.0,20.0,15.0,0.0,0.0,0.0,0.0
IN,2022-01-22,2022,3,76,32.0,5.0,28.0,0.0,0.5,1.5,2.0,2.5,14205.0,2664.0,11521.0,2111.0,0.81,0.0,0.79,0.0,32.23989071038251,0,33.0,49.0,29.0,9.0,0.0,0.0,0.0,0.0
IN,2022-01-29,2022,4,77,21.0,2.0,32.0,0.0,0.5,1.5,2.0,2.5,14057.0,2630.0,11339.0,2069.0,0.81,0.0,0.79,0.0,32.23989071038251,0,32.0,33.0,56.0,15.0,0.0,0.0,0.0,0.0
IN,2022-02-05,2022,5,78,17.0,3.0,33.0,0.0,0.5,1.5,2.0,2.5,13933.0,2614.0,11073.0,2004.0,0.79,0.0,0.77,0.0,32.23989071038251,0,21.0,32.0,49.0,21.0,0.0,0.0,0.0,0.0
IN,2022-02-12,2022,6,79,16.0,3.0,31.0,0.0,0.5,1.5,2.0,2.5,14054.0,2628.0,11099.0,1959.0,0.79,0.0,0.75,0.0,32.23989071038251,0,17.0,21.0,33.0,20.0,0.0,0.0,0.0,0.0
IN,2022-02-19,2022,7,80,21.0,3.0,53.0,0.0,0.5,1.5,2.0,2.5,13985.0,2585.0,10946.0,1896.0,0.78,0.0,0.73,0.0,32.23989071038251,0,16.0,17.0,32.0,29.0,0.0,0.0,0.0,0.0
IN,2022-02-26,2022,8,81,22.0,3.0,42.0,0.0,0.5,1.5,2.0,2.5,13975.0,2579.0,10684.0,1838.0,0.76,0.0,0.71,0.0,32.23989071038251,0,21.0,16.0,21.0,56.0,0.0,0.0,0.0,0.0
IN,2022-03-05,2022,9,82,26.0,1.0,59.0,0.0,0.5,1.5,2.0,2.5,14002.0,2592.0,10685.0,1840.0,0.76,0.0,0.71,0.0,32.23989071038251,0,22.0,21.0,17.0,49.0,0.0,0.0,0.0,0.0
IN,2022-03-12,2022,10,83,43.0,5.0,108.0,0.0,0.5,1.5,2.0,2.5,14032.0,2610.0,10616.0,1844.0,0.76,0.0,0.71,0.0,32.23989071038251,0,26.0,22.0,16.0,33.0,0.0,0.0,0.0,0.0
IN,2022-03-19,2022,11,84,53.0,8.0,119.0,0.0,0.5,1.5,2.0,2.5,14287.0,2651.0,10564.0,1822.0,0.74,0.0,0.69,0.0,32.23989071038251,0,43.0,26.0,21.0,32.0,0.0,0.0,0.0,0.0
IN,2022-03-26,2022,12,85,56.0,8.0,125.0,0.0,0.5,1.5,2.0,2.5,14362.0,2650.0,10541.0,1813.0,0.73,0.0,0.68,0.0,32.23989071038251,0,53.0,43.0,22.0,21.0,0.0,0.0,0.0,0.0
IN,2022-04-02,2022,13,86,59.0,9.0,115.0,0.0,0.5,1.5,2.0,2.5,14378.0,2672.0,10440.0,1732.0,0.73,0.0,0.65,0.0,32.23989071038251,0,56.0,53.0,26.0,17.0,0.0,0.0,0.0,0.0
IN,2022-04-09,2022,14,87,64.0,9.0,109.0,0.0,0.5,1.5,2.0,2.5,14324.0,2678.0,10254.0,1727.0,0.72,0.0,0.64,0.0,32.23989071038251,0,59.0,56.0,43.0,16.0,0.0,0.0,0.0,0.0
IN,2022-04-16,2022,15,88,53.0,7.0,93.0,0.0,0.5,1.5,2.0,2.5,14363.0,2685.0,10350.0,1760.0,0.72,0.0,0.66,0.0,32.23989071038251,0,64.0,59.0,53.0,21.0,0.0,0.0,0.0,0.0
IN,2022-04-23,2022,16,89,35.0,5.0,64.0,0.0,0.5,1.5,2.0,2.5,14384.0,2704.0,10381.0,1755.0,0.72,0.0,0.65,0.0,32.23989071038251,0,53.0,64.0,56.0,22.0,0.0,0.0,0.0,0.0
IN,2022-04-30,2022,17,90,40.0,5.0,72.0,0.0,0.5,1.5,2.0,2.5,14596.0,2720.0,10496.0,1742.0,0.72,0.0,0.64,0.0,32.23989071038251,0,35.0,53.0,59.0,26.0,0.0,0.0,0.0,0.0
IN,2022-05-07,2022,18,91,28.0,6.0,49.0,0.0,0.5,1.5,2.0,2.5,14810.0,2723.0,10432.0,1740.0,0.7,0.0,0.64,0.0,32.23989071038251,0,40.0,35.0,64.0,43.0,0.0,0.0,0.0,0.0
IN,2022-05-14,2022,19,92,20.0,5.0,35.0,0.0,0.5,1.5,2.0,2.5,14850.0,2727.0,10486.0,1777.0,0.71,0.0,0.65,0.0,32.23989071038251,0,28.0,40.0,53.0,53.0,0.0,0.0,0.0,0.0
IN,2022-05-21,2022,20,93,23.0,4.0,45.0,0.0,0.5,1.5,2.0,2.5,14766.0,2723.0,10556.0,1754.0,0.71,0.0,0.64,0.0,32.23989071038251,0,20.0,28.0,35.0,56.0,0.0,0.0,0.0,0.0
IN,2022-05-28,2022,21,94,17.0,2.0,31.0,0.0,0.5,1.5,2.0,2.5,14777.0,2761.0,10442.0,1702.0,0.71,0.0,0.62,0.0,32.23989071038251,0,23.0,20.0,40.0,59.0,0.0,0.0,0.0,0.0
IN,2022-06-04,2022,22,95,10.0,0.0,27.0,0.0,0.5,1.5,2.0,2.5,14734.0,2766.0,10385.0,1801.0,0.7,0.0,0.65,0.0,32.23989071038251,0,17.0,23.0,28.0,64.0,0.0,0.0,0.0,0.0
IN,2022-06-11,2022,23,96,8.0,2.0,8.0,0.0,0.5,1.5,2.0,2.5,14787.0,2784.0,10550.0,1770.0,0.71,0.0,0.64,0.0,32.23989071038251,0,10.0,17.0,20.0,53.0,0.0,0.0,0.0,0.0
IN,2022-06-18,2022,24,97,9.0,2.0,18.0,0.0,0.5,1.5,2.0,2.5,14761.0,2781.0,10508.0,1760.0,0.71,0.0,0.63,0.0,32.23989071038251,0,8.0,10.0,23.0,35.0,0.0,0.0,0.0,0.0
IN,2022-06-25,2022,25,98,9.0,0.0,17.0,0.0,0.5,1.5,2.0,2.5,14804.0,2795.0,10566.0,1763.0,0.71,0.0,0.63,0.0,32.23989071038251,0,9.0,8.0,17.0,40.0,0.0,0.0,0.0,0.0
IN,2022-07-02,2022,26,99,5.0,0.0,12.0,0.0,0.5,1.5,2.0,2.5,14740.0,2767.0,10489.0,1760.0,0.71,0.0,0.64,0.0,32.23989071038251,0,9.0,9.0,10.0,28.0,0.0,0.0,0.0,0.0
IN,2022-07-09,2022,27,100,4.0,0.0,8.0,0.0,0.5,1.5,2.0,2.5,14727.0,2756.0,10278.0,1720.0,0.7,0.0,0.62,0.0,32.23989071038251,0,5.0,9.0,8.0,20.0,0.0,0.0,0.0,0.0
IN,2022-07-16,2022,28,101,3.0,0.0,9.0,0.0,0.5,1.5,2.0,2.5,14759.0,2753.0,10657.0,1750.0,0.72,0.0,0.64,0.0,32.23989071038251,0,4.0,5.0,9.0,23.0,0.0,0.0,0.0,0.0
IN,2022-07-23,2022,29,102,2.0,0.0,7.0,0.0,0.5,1.5,2.0,2.5,14759.0,2759.0,10688.0,1751.0,0.72,0.0,0.63,0.0,32.23989071038251,0,3.0,4.0,9.0,17.0,0.0,0.0,0.0,0.0
IN,2022-07-30,2022,30,103,5.0,2.0,10.0,0.0,0.5,1.5,2.0,2.5,14778.0,2775.0,10585.0,1749.0,0.72,0.0,0.63,0.0,32.23989071038251,0,2.0,3.0,5.0,10.0,0.0,0.0,0.0,0.0
IN,2022-08-06,2022,31,104,6.0,2.0,10.0,0.0,0.5,1.5,2.0,2.5,14801.0,2751.0,10514.0,1732.0,0.71,0.0,0.63,0.0,32.23989071038251,0,5.0,2.0,4.0,8.0,0.0,0.0,0.0,0.0
IN,2022-08-13,2022,32,105,5.0,2.0,4.0,0.0,0.5,1.5,2.0,2.5,14816.0,2753.0,10645.0,1739.0,0.72,0.0,0.63,0.0,32.23989071038251,0,6.0,5.0,3.0,9.0,0.0,0.0,0.0,0.0
IN,2022-08-20,2022,33,106,6.0,1.0,11.0,0.0,0.5,1.5,2.0,2.5,14789.0,2745.0,10722.0,1774.0,0.72,0.0,0.65,0.0,32.23989071038251,0,5.0,6.0,2.0,9.0,0.0,0.0,0.0,0.0
IN,2022-08-27,2022,34,107,8.0,3.0,15.0,0.0,0.5,1.5,2.0,2.5,14780.0,2752.0,10675.0,1776.0,0.72,0.0,0.65,0.0,32.23989071038251,0,6.0,5.0,5.0,5.0,0.0,0.0,0.0,0.0
IN,2022-09-03,2022,35,108,9.0,3.0,18.0,0.0,0.5,1.5,2.0,2.5,14799.0,2749.0,10524.0,1739.0,0.71,0.0,0.63,0.0,32.23989071038251,0,8.0,6.0,6.0,4.0,0.0,0.0,0.0,0.0
IN,2022-09-10,2022,36,109,13.0,4.0,26.0,0.0,0.5,1.5,2.0,2.5,14763.0,2752.0,10317.0,1694.0,0.7,0.0,0.62,0.0,32.23989071038251,0,9.0,8.0,5.0,3.0,0.0,0.0,0.0,0.0
IN,2022-09-17,2022,37,110,16.0,3.0,26.0,0.0,0.5,1.5,2.0,2.5,14842.0,2763.0,10625.0,1748.0,0.72,0.0,0.63,0.0,32.23989071038251,0,13.0,9.0,6.0,2.0,0.0,0.0,0.0,0.0
IN,2022-09-24,2022,38,111,17.0,4.0,32.0,0.0,0.5,1.5,2.0,2.5,14801.0,2761.0,10574.0,1746.0,0.71,0.0,0.63,0.0,32.23989071038251,0,16.0,13.0,8.0,5.0,0.0,0.0,0.0,0.0
IN,2022-10-01,2022,39,112,19.0,6.0,38.0,0.0,0.5,1.5,2.0,2.5,14792.0,2743.0,10329.0,1697.0,0.7,0.0,0.62,0.0,32.23989071038251,0,17.0,16.0,9.0,6.0,0.0,0.0,0.0,0.0
IN,2022-10-08,2022,40,113,19.0,4.0,46.0,0.0,0.5,1.5,2.0,2.5,14766.0,2738.0,10440.0,1728.0,0.71,0.0,0.63,0.0,32.23989071038251,0,19.0,17.0,13.0,5.0,0.0,0.0,0.0,0.0
IN,2022-10-15,2022,41,114,20.0,5.0,54.0,0.0,0.5,1.5,2.0,2.5,14773.0,2748.0,10569.0,1754.0,0.72,0.0,0.64,0.0,32.23989071038251,0,19.0,19.0,16.0,6.0,0.0,0.0,0.0,0.0
IN,2022-10-22,2022,42,115,25.0,7.0,69.0,0.0,0.5,1.5,2.0,2.5,14799.0,2776.0,10649.0,1794.0,0.72,0.0,0.65,0.0,32.23989071038251,0,20.0,19.0,17.0,8.0,0.0,0.0,0.0,0.0
IN,2022-10-29,2022,43,116,45.0,8.0,103.0,0.0,0.5,1.5,2.0,2.5,14847.0,2772.0,10785.0,1815.0,0.73,0.0,0.65,0.0,32.23989071038251,0,25.0,20.0,19.0,9.0,0.0,0.0,0.0,0.0
IN,2022-11-05,2022,44,117,62.0,8.0,141.0,0.0,0.5,1.5,2.0,2.5,14776.0,2752.0,10597.0,1769.0,0.72,0.0,0.64,0.0,32.23989071038251,0,45.0,25.0,19.0,13.0,0.0,0.0,0.0,0.0
IN,2022-11-12,2022,45,118,68.0,10.0,136.0,0.0,0.5,1.5,2.0,2.5,14825.0,2751.0,10692.0,1815.0,0.72,0.0,0.66,0.0,32.23989071038251,0,62.0,45.0,20.0,16.0,0.0,0.0,0.0,0.0
IN,2022-11-19,2022,46,119,106.0,22.0,235.0,0.0,0.5,1.5,2.0,2.5,14851.0,2746.0,10769.0,1801.0,0.73,0.01,0.66,0.01,32.23989071038251,0,68.0,62.0,25.0,17.0,0.0,0.0,0.0,0.0
IN,2022-11-26,2022,47,120,190.0,27.0,457.0,0.0,0.5,1.5,2.0,2.5,14822.0,2715.0,10346.0,1772.0,0.7,0.01,0.65,0.01,32.23989071038251,1,106.0,68.0,45.0,19.0,0.01,0.0,0.0,0.0
IN,2022-12-03,2022,48,121,448.0,75.0,831.0,0.0,0.5,1.5,2.0,2.5,14872.0,2762.0,11239.0,1893.0,0.76,0.03,0.69,0.03,32.23989071038251,1,190.0,106.0,62.0,19.0,0.01,0.01,0.0,0.0
IN,2022-12-10,2022,49,122,529.0,86.0,843.0,0.0,0.5,1.5,2.0,2.5,14980.0,2776.0,11227.0,1906.0,0.75,0.04,0.69,0.03,32.23989071038251,1,448.0,190.0,68.0,20.0,0.03,0.01,0.0,0.0
IN,2022-12-17,2022,50,123,507.0,91.0,731.0,0.0,0.5,1.5,2.0,2.5,14863.0,2755.0,11189.0,1922.0,0.75,0.03,0.7,0.03,32.23989071038251,1,529.0,448.0,106.0,25.0,0.04,0.03,0.01,0.0
IN,2022-12-24,2022,51,124,448.0,86.0,615.0,0.0,0.5,1.5,2.0,2.5,14711.0,2713.0,10523.0,1811.0,0.72,0.03,0.67,0.03,32.23989071038251,1,507.0,529.0,190.0,45.0,0.03,0.04,0.01,0.0
IN,2022-12-31,2022,52,125,402.0,71.0,566.0,0.0,0.5,1.5,2.0,2.5,14586.0,2704.0,10333.0,1766.0,0.71,0.03,0.65,0.03,32.23989071038251,1,448.0,507.0,448.0,62.0,0.03,0.03,0.03,0.0
KS,2020-10-03,2020,40,8,4.0,0.0,4.0,0.0,0.0,0.5,1.0,2.0,7425.0,1021.0,4405.0,636.0,0.59,0.0,0.62,0.0,37.67560975609756,0,4.0,4.0,4.0,4.0,0.0,0.0,0.0,0.0
KS,2020-10-10,2020,41,9,4.0,0.0,4.0,0.0,0.0,0.5,1.0,2.0,7870.0,1045.0,4781.0,677.0,0.61,0.0,0.65,0.0,37.67560975609756,0,4.0,4.0,4.0,4.0,0.0,0.0,0.0,0.0
KS,2020-10-17,2020,42,10,0.0,0.0,0.0,0.0,0.0,0.5,1.0,2.0,7862.0,1030.0,4789.0,675.0,0.61,0.0,0.66,0.0,37.67560975609756,0,4.0,4.0,4.0,4.0,0.0,0.0,0.0,0.0
KS,2020-10-24,2020,43,11,1.0,0.0,6.0,0.0,0.0,0.5,1.0,2.0,7992.0,1048.0,4667.0,653.0,0.58,0.0,0.62,0.0,37.67560975609756,0,0.0,4.0,4.0,4.0,0.0,0.0,0.0,0.0
KS,2020-10-31,2020,44,12,4.0,1.0,8.0,0.0,0.0,0.5,1.0,2.0,8121.0,1051.0,4643.0,663.0,0.57,0.0,0.63,0.0,37.67560975609756,0,1.0,0.0,4.0,4.0,0.0,0.0,0.0,0.0
KS,2020-11-07,2020,45,13,3.0,1.0,2.0,0.0,0.0,0.5,1.0,2.0,8083.0,1078.0,4748.0,692.0,0.59,0.0,0.64,0.0,37.67560975609756,0,4.0,1.0,4.0,4.0,0.0,0.0,0.0,0.0
KS,2020-11-14,2020,46,14,2.0,1.0,3.0,0.0,0.0,0.5,1.0,2.0,7957.0,1048.0,4842.0,685.0,0.61,0.0,0.65,0.0,37.67560975609756,0,3.0,4.0,0.0,4.0,0.0,0.0,0.0,0.0
KS,2020-11-21,2020,47,15,2.0,1.0,4.0,0.0,0.0,0.5,1.0,2.0,7916.0,1070.0,4845.0,710.0,0.61,0.0,0.66,0.0,37.67560975609756,0,2.0,3.0,1.0,4.0,0.0,0.0,0.0,0.0
KS,2020-11-28,2020,48,16,2.0,1.0,4.0,0.0,0.0,0.5,1.0,2.0,7810.0,1059.0,4574.0,667.0,0.59,0.0,0.63,0.0,37.67560975609756,0,2.0,2.0,4.0,4.0,0.0,0.0,0.0,0.0
KS,2020-12-05,2020,49,17,3.0,2.0,7.0,0.0,0.0,0.5,1.0,2.0,8201.0,1069.0,5002.0,694.0,0.61,0.0,0.65,0.0,37.67560975609756,0,2.0,2.0,3.0,4.0,0.0,0.0,0.0,0.0
KS,2020-12-12,2020,50,18,1.0,0.0,4.0,0.0,0.0,0.5,1.0,2.0,8185.0,1075.0,4971.0,733.0,0.61,0.0,0.68,0.0,37.67560975609756,0,3.0,2.0,2.0,0.0,0.0,0.0,0.0,0.0
KS,2020-12-19,2020,51,19,3.0,0.0,10.0,0.0,0.0,0.5,1.0,2.0,8189.0,1075.0,4945.0,717.0,0.6,0.0,0.67,0.0,37.67560975609756,0,1.0,3.0,2.0,1.0,0.0,0.0,0.0,0.0
KS,2020-12-26,2020,52,20,2.0,0.0,1.0,0.0,0.0,0.5,1.0,2.0,8154.0,1073.0,4524.0,687.0,0.55,0.0,0.64,0.0,37.67560975609756,0,3.0,1.0,2.0,4.0,0.0,0.0,0.0,0.0
KS,2021-01-02,2021,53,21,1.0,0.0,1.0,0.0,0.0,0.5,1.0,2.0,8161.0,1071.0,4703.0,692.0,0.58,0.0,0.65,0.0,36.518478260869564,0,2.0,3.0,3.0,3.0,0.0,0.0,0.0,0.0
KS,2021-01-09,2021,1,22,2.0,0.0,2.0,0.0,0.0,0.5,1.0,2.0,8185.0,1071.0,4979.0,729.0,0.61,0.0,0.68,0.0,36.518478260869564,0,1.0,2.0,1.0,2.0,0.0,0.0,0.0,0.0
KS,2021-01-16,2021,2,23,2.0,0.0,9.0,0.0,0.0,0.5,1.0,2.0,8162.0,1063.0,4864.0,685.0,0.6,0.0,0.64,0.0,36.518478260869564,0,2.0,1.0,3.0,2.0,0.0,0.0,0.0,0.0
KS,2021-01-23,2021,3,24,1.0,0.0,1.0,0.0,0.0,0.5,1.0,2.0,8152.0,1059.0,4797.0,678.0,0.59,0.0,0.64,0.0,36.518478260869564,0,2.0,2.0,2.0,2.0,0.0,0.0,0.0,0.0
KS,2021-01-30,2021,4,25,1.0,0.0,1.0,0.0,0.0,0.5,1.0,2.0,8178.0,1063.0,4782.0,685.0,0.58,0.0,0.64,0.0,36.518478260869564,0,1.0,2.0,1.0,3.0,0.0,0.0,0.0,0.0
KS,2021-02-06,2021,5,26,0.0,0.0,0.0,0.0,0.0,0.5,1.0,2.0,8170.0,1066.0,4648.0,641.0,0.57,0.0,0.6,0.0,36.518478260869564,0,1.0,1.0,2.0,1.0,0.0,0.0,0.0,0.0
KS,2021-02-13,2021,6,27,1.0,0.0,4.0,0.0,0.0,0.5,1.0,2.0,8145.0,1068.0,4488.0,609.0,0.55,0.0,0.57,0.0,36.518478260869564,0,0.0,1.0,2.0,3.0,0.0,0.0,0.0,0.0
KS,2021-02-20,2021,7,28,3.0,0.0,5.0,0.0,0.0,0.5,1.0,2.0,8171.0,1071.0,4508.0,623.0,0.55,0.0,0.58,0.0,36.518478260869564,0,1.0,0.0,1.0,2.0,0.0,0.0,0.0,0.0
KS,2021-02-27,2021,8,29,3.0,1.0,0.0,0.0,0.0,0.5,1.0,2.0,8210.0,1076.0,4693.0,649.0,0.57,0.0,0.6,0.0,36.518478260869564,0,3.0,1.0,1.0,1.0,0.0,0.0,0.0,0.0
KS,2021-03-06,2021,9,30,1.0,0.0,0.0,0.0,0.0,0.5,1.0,2.0,8191.0,1069.0,4682.0,640.0,0.57,0.0,0.6,0.0,36.518478260869564,0,3.0,3.0,0.0,2.0,0.0,0.0,0.0,0.0
KS,2021-03-13,2021,10,31,1.0,0.0,6.0,0.0,0.0,0.5,1.0,2.0,8158.0,1061.0,4571.0,656.0,0.56,0.0,0.62,0.0,36.518478260869564,0,1.0,3.0,1.0,2.0,0.0,0.0,0.0,0.0
KS,2021-03-20,2021,11,32,1.0,0.0,0.0,0.0,0.0,0.5,1.0,2.0,8158.0,1059.0,4379.0,603.0,0.54,0.0,0.57,0.0,36.518478260869564,0,1.0,1.0,3.0,1.0,0.0,0.0,0.0,0.0
KS,2021-03-27,2021,12,33,3.0,0.0,1.0,0.0,0.0,0.5,1.0,2.0,8173.0,1060.0,4521.0,620.0,0.55,0.0,0.59,0.0,36.518478260869564,0,1.0,1.0,3.0,1.0,0.0,0.0,0.0,0.0
KS,2021-04-03,2021,13,34,2.0,0.0,2.0,0.0,0.0,0.5,1.0,2.0,8178.0,1066.0,4571.0,640.0,0.56,0.0,0.6,0.0,36.518478260869564,0,3.0,1.0,1.0,0.0,0.0,0.0,0.0,0.0
KS,2021-04-10,2021,14,35,1.0,2.0,6.0,0.0,0.0,0.5,1.0,2.0,8140.0,1059.0,4551.0,631.0,0.56,0.0,0.6,0.0,36.518478260869564,0,2.0,3.0,1.0,1.0,0.0,0.0,0.0,0.0
KS,2021-04-17,2021,15,36,1.0,2.0,3.0,0.0,0.0,0.5,1.0,2.0,8147.0,1067.0,4605.0,647.0,0.57,0.0,0.61,0.0,36.518478260869564,0,1.0,2.0,1.0,3.0,0.0,0.0,0.0,0.0
KS,2021-04-24,2021,16,37,1.0,0.0,4.0,0.0,0.0,0.5,1.0,2.0,8164.0,1065.0,4528.0,632.0,0.55,0.0,0.59,0.0,36.518478260869564,0,1.0,1.0,3.0,3.0,0.0,0.0,0.0,0.0
KS,2021-05-01,2021,17,38,1.0,0.0,4.0,0.0,0.0,0.5,1.0,2.0,8163.0,1059.0,4697.0,659.0,0.58,0.0,0.62,0.0,36.518478260869564,0,1.0,1.0,2.0,1.0,0.0,0.0,0.0,0.0
KS,2021-05-08,2021,18,39,2.0,0.0,10.0,0.0,0.0,0.5,1.0,2.0,8185.0,1062.0,4673.0,650.0,0.57,0.0,0.61,0.0,36.518478260869564,0,1.0,1.0,1.0,1.0,0.0,0.0,0.0,0.0
KS,2021-05-15,2021,19,40,0.0,0.0,0.0,0.0,0.0,0.5,1.0,2.0,8175.0,1056.0,4657.0,640.0,0.57,0.0,0.61,0.0,36.518478260869564,0,2.0,1.0,1.0,1.0,0.0,0.0,0.0,0.0
KS,2021-05-22,2021,20,41,1.0,0.0,2.0,0.0,0.0,0.5,1.0,2.0,8333.0,1122.0,4767.0,660.0,0.57,0.0,0.59,0.0,36.518478260869564,0,0.0,2.0,1.0,3.0,0.0,0.0,0.0,0.0
KS,2021-05-29,2021,21,42,0.0,0.0,0.0,0.0,0.0,0.5,1.0,2.0,8342.0,1124.0,4745.0,676.0,0.57,0.0,0.6,0.0,36.518478260869564,0,1.0,0.0,1.0,2.0,0.0,0.0,0.0,0.0
KS,2021-06-05,2021,22,43,0.0,0.0,0.0,0.0,0.0,0.5,1.0,2.0,8320.0,1124.0,4718.0,664.0,0.57,0.0,0.59,0.0,36.518478260869564,0,0.0,1.0,2.0,1.0,0.0,0.0,0.0,0.0
KS,2021-06-12,2021,23,44,0.0,0.0,0.0,0.0,0.0,0.5,1.0,2.0,8330.0,1129.0,4745.0,660.0,0.57,0.0,0.58,0.0,36.518478260869564,0,0.0,0.0,0.0,1.0,0.0,0.0,0.0,0.0
KS,2021-06-19,2021,24,45,0.0,0.0,0.0,0.0,0.0,0.5,1.0,2.0,8335.0,1124.0,4738.0,660.0,0.57,0.0,0.59,0.0,36.518478260869564,0,0.0,0.0,1.0,1.0,0.0,0.0,0.0,0.0
KS,2021-06-26,2021,25,46,1.0,0.0,3.0,0.0,0.0,0.5,1.0,2.0,8333.0,1126.0,4840.0,711.0,0.58,0.0,0.63,0.0,36.518478260869564,0,0.0,0.0,0.0,1.0,0.0,0.0,0.0,0.0
KS,2021-07-03,2021,26,47,1.0,0.0,2.0,0.0,0.0,0.5,1.0,2.0,8355.0,1128.0,4802.0,700.0,0.57,0.0,0.62,0.0,36.518478260869564,0,1.0,0.0,0.0,2.0,0.0,0.0,0.0,0.0
KS,2021-07-10,2021,27,48,0.0,0.0,0.0,0.0,0.0,0.5,1.0,2.0,8357.0,1125.0,4756.0,695.0,0.57,0.0,0.62,0.0,36.518478260869564,0,1.0,1.0,0.0,0.0,0.0,0.0,0.0,0.0
KS,2021-07-17,2021,28,49,1.0,0.0,4.0,0.0,0.0,0.5,1.0,2.0,8363.0,1121.0,4919.0,708.0,0.59,0.0,0.63,0.0,36.518478260869564,0,0.0,1.0,0.0,1.0,0.0,0.0,0.0,0.0
KS,2021-07-24,2021,29,50,1.0,0.0,0.0,0.0,0.0,0.5,1.0,2.0,8368.0,1128.0,4961.0,718.0,0.59,0.0,0.64,0.0,36.518478260869564,0,1.0,0.0,1.0,0.0,0.0,0.0,0.0,0.0
KS,2021-07-31,2021,30,51,0.0,0.0,0.0,0.0,0.0,0.5,1.0,2.0,8339.0,1123.0,4962.0,723.0,0.6,0.0,0.64,0.0,36.518478260869564,0,1.0,1.0,1.0,0.0,0.0,0.0,0.0,0.0
KS,2021-08-07,2021,31,52,0.0,0.0,2.0,0.0,0.0,0.5,1.0,2.0,8354.0,1121.0,4959.0,737.0,0.59,0.0,0.66,0.0,36.518478260869564,0,0.0,1.0,0.0,0.0,0.0,0.0,0.0,0.0
KS,2021-08-14,2021,32,53,1.0,0.0,1.0,0.0,0.0,0.5,1.0,2.0,8357.0,1122.0,5030.0,756.0,0.6,0.0,0.67,0.0,36.518478260869564,0,0.0,0.0,1.0,0.0,0.0,0.0,0.0,0.0
KS,2021-08-21,2021,33,54,1.0,0.0,0.0,0.0,0.0,0.5,1.0,2.0,8276.0,1117.0,5081.0,741.0,0.61,0.0,0.66,0.0,36.518478260869564,0,1.0,0.0,1.0,1.0,0.0,0.0,0.0,0.0
KS,2021-08-28,2021,34,55,1.0,0.0,1.0,0.0,0.0,0.5,1.0,2.0,8229.0,1117.0,5108.0,748.0,0.62,0.0,0.67,0.0,36.518478260869564,0,1.0,1.0,0.0,1.0,0.0,0.0,0.0,0.0
KS,2021-09-04,2021,35,56,2.0,0.0,2.0,0.0,0.0,0.5,1.0,2.0,8120.0,1103.0,5018.0,752.0,0.62,0.0,0.68,0.0,36.518478260869564,0,1.0,1.0,0.0,0.0,0.0,0.0,0.0,0.0
KS,2021-09-11,2021,36,57,1.0,0.0,0.0,0.0,0.0,0.5,1.0,2.0,7890.0,1047.0,4889.0,737.0,0.62,0.0,0.7,0.0,36.518478260869564,0,2.0,1.0,1.0,1.0,0.0,0.0,0.0,0.0
KS,2021-09-18,2021,37,58,0.0,0.0,0.0,0.0,0.0,0.5,1.0,2.0,7828.0,1024.0,4964.0,745.0,0.63,0.0,0.73,0.0,36.518478260869564,0,1.0,2.0,1.0,1.0,0.0,0.0,0.0,0.0
KS,2021-09-25,2021,38,59,0.0,0.0,2.0,0.0,0.0,0.5,1.0,2.0,7835.0,1028.0,4913.0,726.0,0.63,0.0,0.71,0.0,36.518478260869564,0,0.0,1.0,1.0,0.0,0.0,0.0,0.0,0.0
KS,2021-10-02,2021,39,60,2.0,1.0,4.0,0.0,0.0,0.5,1.0,2.0,7849.0,1028.0,4936.0,724.0,0.63,0.0,0.7,0.0,36.518478260869564,0,0.0,0.0,2.0,0.0,0.0,0.0,0.0,0.0
KS,2021-10-09,2021,40,61,1.0,0.0,4.0,0.0,0.0,0.5,1.0,2.0,7851.0,1022.0,4876.0,713.0,0.62,0.0,0.7,0.0,36.518478260869564,0,2.0,0.0,1.0,1.0,0.0,0.0,0.0,0.0
KS,2021-10-16,2021,41,62,2.0,0.0,7.0,0.0,0.0,0.5,1.0,2.0,7833.0,1021.0,4828.0,704.0,0.62,0.0,0.69,0.0,36.518478260869564,0,1.0,2.0,0.0,1.0,0.0,0.0,0.0,0.0
KS,2021-10-23,2021,42,63,3.0,0.0,7.0,0.0,0.0,0.5,1.0,2.0,7814.0,1018.0,4831.0,688.0,0.62,0.0,0.68,0.0,36.518478260869564,0,2.0,1.0,0.0,1.0,0.0,0.0,0.0,0.0
KS,2021-10-30,2021,43,64,3.0,0.0,2.0,0.0,0.0,0.5,1.0,2.0,7817.0,1024.0,4820.0,704.0,0.62,0.0,0.69,0.0,36.518478260869564,0,3.0,2.0,2.0,2.0,0.0,0.0,0.0,0.0
KS,2021-11-06,2021,44,65,2.0,0.0,0.0,0.0,0.0,0.5,1.0,2.0,7807.0,1017.0,4799.0,689.0,0.61,0.0,0.68,0.0,36.518478260869564,0,3.0,3.0,1.0,1.0,0.0,0.0,0.0,0.0
KS,2021-11-13,2021,45,66,3.0,0.0,6.0,0.0,0.0,0.5,1.0,2.0,7834.0,1017.0,4878.0,684.0,0.62,0.0,0.67,0.0,36.518478260869564,0,2.0,3.0,2.0,0.0,0.0,0.0,0.0,0.0
KS,2021-11-20,2021,46,67,1.0,0.0,2.0,0.0,0.0,0.5,1.0,2.0,7808.0,1038.0,4917.0,710.0,0.63,0.0,0.68,0.0,36.518478260869564,0,3.0,2.0,3.0,0.0,0.0,0.0,0.0,0.0
KS,2021-11-27,2021,47,68,1.0,0.0,0.0,0.0,0.0,0.5,1.0,2.0,7790.0,1027.0,4536.0,685.0,0.58,0.0,0.67,0.0,36.518478260869564,0,1.0,3.0,3.0,2.0,0.0,0.0,0.0,0.0
KS,2021-12-04,2021,48,69,2.0,0.0,2.0,0.0,0.0,0.5,1.0,2.0,7798.0,1026.0,4937.0,730.0,0.63,0.0,0.71,0.0,36.518478260869564,0,1.0,1.0,2.0,1.0,0.0,0.0,0.0,0.0
KS,2021-12-11,2021,49,70,3.0,0.0,6.0,0.0,0.0,0.5,1.0,2.0,7804.0,1024.0,5031.0,743.0,0.64,0.0,0.73,0.0,36.518478260869564,0,2.0,1.0,3.0,2.0,0.0,0.0,0.0,0.0
KS,2021-12-18,2021,50,71,5.0,1.0,10.0,0.0,0.0,0.5,1.0,2.0,7852.0,1037.0,5061.0,754.0,0.64,0.0,0.73,0.0,36.518478260869564,0,3.0,2.0,1.0,3.0,0.0,0.0,0.0,0.0
KS,2021-12-25,2021,51,72,8.0,1.0,14.0,0.0,0.0,0.5,1.0,2.0,7809.0,1045.0,4747.0,737.0,0.61,0.0,0.71,0.0,36.518478260869564,0,5.0,3.0,1.0,3.0,0.0,0.0,0.0,0.0
KS,2022-01-01,2022,52,73,16.0,1.0,31.0,0.0,0.0,0.5,1.0,2.0,7799.0,1042.0,4828.0,747.0,0.62,0.0,0.72,0.0,35.007303370786516,0,8.0,5.0,2.0,2.0,0.0,0.0,0.0,0.0
KS,2022-01-08,2022,1,74,18.0,4.0,54.0,0.0,0.0,0.5,1.0,2.0,7842.0,1041.0,5068.0,774.0,0.65,0.0,0.74,0.0,35.007303370786516,0,16.0,8.0,3.0,3.0,0.0,0.0,0.0,0.0
KS,2022-01-15,2022,2,75,17.0,1.0,32.0,0.0,0.0,0.5,1.0,2.0,8008.0,1053.0,5009.0,769.0,0.63,0.0,0.73,0.0,35.007303370786516,0,18.0,16.0,5.0,1.0,0.0,0.0,0.0,0.0
KS,2022-01-22,2022,3,76,15.0,0.0,18.0,0.0,0.0,0.5,1.0,2.0,8064.0,1050.0,4910.0,752.0,0.61,0.0,0.72,0.0,35.007303370786516,0,17.0,18.0,8.0,1.0,0.0,0.0,0.0,0.0
KS,2022-01-29,2022,4,77,6.0,0.0,6.0,0.0,0.0,0.5,1.0,2.0,8486.0,1051.0,4893.0,755.0,0.58,0.0,0.72,0.0,35.007303370786516,0,15.0,17.0,16.0,2.0,0.0,0.0,0.0,0.0
KS,2022-02-05,2022,5,78,7.0,1.0,9.0,0.0,0.0,0.5,1.0,2.0,8169.0,1049.0,4847.0,735.0,0.59,0.0,0.7,0.0,35.007303370786516,0,6.0,15.0,18.0,3.0,0.0,0.0,0.0,0.0
KS,2022-02-12,2022,6,79,10.0,1.0,22.0,0.0,0.0,0.5,1.0,2.0,8182.0,1048.0,4945.0,722.0,0.6,0.0,0.69,0.0,35.007303370786516,0,7.0,6.0,17.0,5.0,0.0,0.0,0.0,0.0
KS,2022-02-19,2022,7,80,16.0,2.0,25.0,0.0,0.0,0.5,1.0,2.0,8175.0,1049.0,4828.0,691.0,0.59,0.0,0.66,0.0,35.007303370786516,0,10.0,7.0,15.0,8.0,0.0,0.0,0.0,0.0
KS,2022-02-26,2022,8,81,16.0,2.0,34.0,0.0,0.0,0.5,1.0,2.0,8174.0,1043.0,4905.0,686.0,0.6,0.0,0.66,0.0,35.007303370786516,0,16.0,10.0,6.0,16.0,0.0,0.0,0.0,0.0
KS,2022-03-05,2022,9,82,14.0,3.0,28.0,0.0,0.0,0.5,1.0,2.0,8164.0,1034.0,4846.0,682.0,0.59,0.0,0.66,0.0,35.007303370786516,0,16.0,16.0,7.0,18.0,0.0,0.0,0.0,0.0
KS,2022-03-12,2022,10,83,21.0,3.0,40.0,0.0,0.0,0.5,1.0,2.0,8143.0,1029.0,4754.0,647.0,0.58,0.0,0.63,0.0,35.007303370786516,0,14.0,16.0,10.0,17.0,0.0,0.0,0.0,0.0
KS,2022-03-19,2022,11,84,17.0,3.0,31.0,0.0,0.0,0.5,1.0,2.0,8116.0,1022.0,4563.0,607.0,0.56,0.0,0.59,0.0,35.007303370786516,0,21.0,14.0,16.0,15.0,0.0,0.0,0.0,0.0
KS,2022-03-26,2022,12,85,22.0,2.0,49.0,0.0,0.0,0.5,1.0,2.0,8133.0,1025.0,4575.0,597.0,0.56,0.0,0.58,0.0,35.007303370786516,0,17.0,21.0,16.0,6.0,0.0,0.0,0.0,0.0
KS,2022-04-02,2022,13,86,19.0,1.0,28.0,0.0,0.0,0.5,1.0,2.0,8141.0,1027.0,4657.0,629.0,0.57,0.0,0.61,0.0,35.007303370786516,0,22.0,17.0,14.0,7.0,0.0,0.0,0.0,0.0
KS,2022-04-09,2022,14,87,17.0,3.0,32.0,0.0,0.0,0.5,1.0,2.0,8120.0,1029.0,4615.0,656.0,0.57,0.0,0.64,0.0,35.007303370786516,0,19.0,22.0,21.0,10.0,0.0,0.0,0.0,0.0
KS,2022-04-16,2022,15,88,23.0,3.0,19.0,0.0,0.0,0.5,1.0,2.0,8089.0,1031.0,4614.0,642.0,0.57,0.0,0.62,0.0,35.007303370786516,0,17.0,19.0,17.0,16.0,0.0,0.0,0.0,0.0
KS,2022-04-23,2022,16,89,20.0,2.0,26.0,0.0,0.0,0.5,1.0,2.0,8086.0,1032.0,4552.0,650.0,0.56,0.0,0.63,0.0,35.007303370786516,0,23.0,17.0,22.0,16.0,0.0,0.0,0.0,0.0
KS,2022-04-30,2022,17,90,20.0,1.0,19.0,0.0,0.0,0.5,1.0,2.0,8079.0,1032.0,4653.0,662.0,0.58,0.0,0.64,0.0,35.007303370786516,0,20.0,23.0,19.0,14.0,0.0,0.0,0.0,0.0
KS,2022-05-07,2022,18,91,12.0,1.0,8.0,0.0,0.0,0.5,1.0,2.0,8052.0,1028.0,4556.0,637.0,0.57,0.0,0.62,0.0,35.007303370786516,0,20.0,20.0,17.0,21.0,0.0,0.0,0.0,0.0
KS,2022-05-14,2022,19,92,10.0,0.0,7.0,0.0,0.0,0.5,1.0,2.0,8071.0,1029.0,4573.0,637.0,0.57,0.0,0.62,0.0,35.007303370786516,0,12.0,20.0,23.0,17.0,0.0,0.0,0.0,0.0
KS,2022-05-21,2022,20,93,10.0,0.0,7.0,0.0,0.0,0.5,1.0,2.0,8059.0,1023.0,4545.0,610.0,0.56,0.0,0.6,0.0,35.007303370786516,0,10.0,12.0,20.0,22.0,0.0,0.0,0.0,0.0
KS,2022-05-28,2022,21,94,9.0,0.0,2.0,0.0,0.0,0.5,1.0,2.0,8074.0,1024.0,4452.0,598.0,0.55,0.0,0.58,0.0,35.007303370786516,0,10.0,10.0,20.0,19.0,0.0,0.0,0.0,0.0
KS,2022-06-04,2022,22,95,8.0,1.0,2.0,0.0,0.0,0.5,1.0,2.0,8072.0,1026.0,4422.0,607.0,0.55,0.0,0.59,0.0,35.007303370786516,0,9.0,10.0,12.0,17.0,0.0,0.0,0.0,0.0
KS,2022-06-11,2022,23,96,7.0,0.0,2.0,0.0,0.0,0.5,1.0,2.0,8071.0,1030.0,4506.0,620.0,0.56,0.0,0.6,0.0,35.007303370786516,0,8.0,9.0,10.0,23.0,0.0,0.0,0.0,0.0
KS,2022-06-18,2022,24,97,8.0,0.0,0.0,0.0,0.0,0.5,1.0,2.0,8070.0,1026.0,4582.0,626.0,0.57,0.0,0.61,0.0,35.007303370786516,0,7.0,8.0,10.0,20.0,0.0,0.0,0.0,0.0
KS,2022-06-25,2022,25,98,8.0,0.0,3.0,0.0,0.0,0.5,1.0,2.0,8069.0,1028.0,4561.0,619.0,0.57,0.0,0.6,0.0,35.007303370786516,0,8.0,7.0,9.0,20.0,0.0,0.0,0.0,0.0
KS,2022-07-02,2022,26,99,7.0,0.0,4.0,0.0,0.0,0.5,1.0,2.0,8057.0,1023.0,4466.0,598.0,0.55,0.0,0.58,0.0,35.007303370786516,0,8.0,8.0,8.0,12.0,0.0,0.0,0.0,0.0
KS,2022-07-09,2022,27,100,8.0,1.0,3.0,0.0,0.0,0.5,1.0,2.0,8066.0,1026.0,4517.0,614.0,0.56,0.0,0.6,0.0,35.007303370786516,0,7.0,8.0,7.0,10.0,0.0,0.0,0.0,0.0
KS,2022-07-16,2022,28,101,6.0,0.0,0.0,0.0,0.0,0.5,1.0,2.0,8088.0,1030.0,4637.0,644.0,0.57,0.0,0.62,0.0,35.007303370786516,0,8.0,7.0,8.0,10.0,0.0,0.0,0.0,0.0
KS,2022-07-23,2022,29,102,6.0,0.0,2.0,0.0,0.0,0.5,1.0,2.0,8058.0,1030.0,4623.0,646.0,0.57,0.0,0.63,0.0,35.007303370786516,0,6.0,8.0,8.0,9.0,0.0,0.0,0.0,0.0
KS,2022-07-30,2022,30,103,8.0,0.0,3.0,0.0,0.0,0.5,1.0,2.0,8036.0,1034.0,4609.0,645.0,0.57,0.0,0.62,0.0,35.007303370786516,0,6.0,6.0,7.0,8.0,0.0,0.0,0.0,0.0
KS,2022-08-06,2022,31,104,8.0,0.0,2.0,0.0,0.0,0.5,1.0,2.0,8038.0,1032.0,4641.0,652.0,0.58,0.0,0.63,0.0,35.007303370786516,0,8.0,6.0,8.0,7.0,0.0,0.0,0.0,0.0
KS,2022-08-13,2022,32,105,7.0,0.0,1.0,0.0,0.0,0.5,1.0,2.0,8060.0,1027.0,4663.0,659.0,0.58,0.0,0.64,0.0,35.007303370786516,0,8.0,8.0,6.0,8.0,0.0,0.0,0.0,0.0
KS,2022-08-20,2022,33,106,7.0,0.0,2.0,0.0,0.0,0.5,1.0,2.0,8064.0,1026.0,4583.0,646.0,0.57,0.0,0.63,0.0,35.007303370786516,0,7.0,8.0,6.0,8.0,0.0,0.0,0.0,0.0
KS,2022-08-27,2022,34,107,7.0,0.0,1.0,0.0,0.0,0.5,1.0,2.0,8067.0,1022.0,4589.0,637.0,0.57,0.0,0.62,0.0,35.007303370786516,0,7.0,7.0,8.0,7.0,0.0,0.0,0.0,0.0
KS,2022-09-03,2022,35,108,7.0,0.0,0.0,0.0,0.0,0.5,1.0,2.0,8059.0,1026.0,4670.0,661.0,0.58,0.0,0.64,0.0,35.007303370786516,0,7.0,7.0,8.0,8.0,0.0,0.0,0.0,0.0
KS,2022-09-10,2022,36,109,7.0,1.0,1.0,0.0,0.0,0.5,1.0,2.0,8041.0,1029.0,4626.0,658.0,0.58,0.0,0.64,0.0,35.007303370786516,0,7.0,7.0,7.0,6.0,0.0,0.0,0.0,0.0
KS,2022-09-17,2022,37,110,6.0,0.0,0.0,0.0,0.0,0.5,1.0,2.0,8072.0,1026.0,4747.0,660.0,0.59,0.0,0.64,0.0,35.007303370786516,0,7.0,7.0,7.0,6.0,0.0,0.0,0.0,0.0
KS,2022-09-24,2022,38,111,7.0,0.0,1.0,0.0,0.0,0.5,1.0,2.0,8066.0,1028.0,4715.0,655.0,0.58,0.0,0.64,0.0,35.007303370786516,0,6.0,7.0,7.0,8.0,0.0,0.0,0.0,0.0
KS,2022-10-01,2022,39,112,7.0,0.0,1.0,0.0,0.0,0.5,1.0,2.0,8069.0,1029.0,4624.0,648.0,0.57,0.0,0.63,0.0,35.007303370786516,0,7.0,6.0,7.0,8.0,0.0,0.0,0.0,0.0
KS,2022-10-08,2022,40,113,10.0,1.0,7.0,0.0,0.0,0.5,1.0,2.0,8070.0,1064.0,4641.0,659.0,0.58,0.0,0.62,0.0,35.007303370786516,0,7.0,7.0,7.0,7.0,0.0,0.0,0.0,0.0
KS,2022-10-15,2022,41,114,8.0,0.0,4.0,0.0,0.0,0.5,1.0,2.0,8074.0,1031.0,4644.0,665.0,0.58,0.0,0.65,0.0,35.007303370786516,0,10.0,7.0,6.0,7.0,0.0,0.0,0.0,0.0
KS,2022-10-22,2022,42,115,11.0,0.0,16.0,0.0,0.0,0.5,1.0,2.0,8067.0,1027.0,4642.0,663.0,0.58,0.0,0.65,0.0,35.007303370786516,0,8.0,10.0,7.0,7.0,0.0,0.0,0.0,0.0
KS,2022-10-29,2022,43,116,16.0,2.0,19.0,0.0,0.0,0.5,1.0,2.0,8072.0,1030.0,4704.0,670.0,0.58,0.0,0.65,0.0,35.007303370786516,0,11.0,8.0,7.0,7.0,0.0,0.0,0.0,0.0
KS,2022-11-05,2022,44,117,21.0,2.0,34.0,0.0,0.0,0.5,1.0,2.0,8062.0,1033.0,4713.0,665.0,0.58,0.0,0.64,0.0,35.007303370786516,0,16.0,11.0,10.0,7.0,0.0,0.0,0.0,0.0
KS,2022-11-12,2022,45,118,22.0,3.0,44.0,0.0,0.0,0.5,1.0,2.0,8088.0,1035.0,4824.0,682.0,0.6,0.0,0.66,0.0,35.007303370786516,0,21.0,16.0,8.0,6.0,0.0,0.0,0.0,0.0
KS,2022-11-19,2022,46,119,33.0,5.0,64.0,0.0,0.0,0.5,1.0,2.0,8063.0,1034.0,4728.0,674.0,0.59,0.0,0.65,0.0,35.007303370786516,0,22.0,21.0,11.0,7.0,0.0,0.0,0.0,0.0
KS,2022-11-26,2022,47,120,64.0,7.0,153.0,0.0,0.0,0.5,1.0,2.0,8039.0,1028.0,4496.0,621.0,0.56,0.01,0.6,0.01,35.007303370786516,1,33.0,22.0,16.0,7.0,0.0,0.0,0.0,0.0
KS,2022-12-03,2022,48,121,138.0,24.0,301.0,0.0,0.0,0.5,1.0,2.0,8095.0,1030.0,4912.0,703.0,0.61,0.02,0.68,0.02,35.007303370786516,1,64.0,33.0,21.0,10.0,0.01,0.0,0.0,0.0
KS,2022-12-10,2022,49,122,152.0,26.0,255.0,0.0,0.0,0.5,1.0,2.0,8052.0,1029.0,5037.0,726.0,0.63,0.02,0.71,0.02,35.007303370786516,1,138.0,64.0,22.0,8.0,0.02,0.01,0.0,0.0
KS,2022-12-17,2022,50,123,164.0,21.0,219.0,0.0,0.0,0.5,1.0,2.0,8157.0,1048.0,5029.0,720.0,0.62,0.02,0.69,0.02,35.007303370786516,1,152.0,138.0,33.0,11.0,0.02,0.02,0.0,0.0
KS,2022-12-24,2022,51,124,132.0,16.0,182.0,0.0,0.0,0.5,1.0,2.0,7989.0,1025.0,4648.0,699.0,0.58,0.02,0.68,0.02,35.007303370786516,1,164.0,152.0,64.0,16.0,0.02,0.02,0.01,0.0
KS,2022-12-31,2022,52,125,113.0,17.0,185.0,0.0,0.0,0.5,1.0,2.0,7947.0,1022.0,4510.0,663.0,0.57,0.01,0.65,0.02,35.007303370786516,1,132.0,164.0,138.0,21.0,0.02,0.02,0.02,0.0
KY,2020-10-03,2020,40,8,11.0,1.0,9.0,0.0,2.0,0.5,1.5,1.5,13615.0,1874.0,8749.0,1502.0,0.64,0.0,0.8,0.0,35.30769230769231,0,11.0,11.0,11.0,11.0,0.0,0.0,0.0,0.0
KY,2020-10-10,2020,41,9,11.0,1.0,9.0,0.0,2.0,0.5,1.5,1.5,13925.0,1931.0,9119.0,1571.0,0.65,0.0,0.81,0.0,35.30769230769231,0,11.0,11.0,11.0,11.0,0.0,0.0,0.0,0.0
KY,2020-10-17,2020,42,10,11.0,1.0,9.0,0.0,2.0,0.5,1.5,1.5,13875.0,1941.0,9246.0,1638.0,0.67,0.0,0.84,0.0,35.30769230769231,0,11.0,11.0,11.0,11.0,0.0,0.0,0.0,0.0
KY,2020-10-24,2020,43,11,8.0,0.0,12.0,0.0,2.0,0.5,1.5,1.5,13815.0,1929.0,9256.0,1592.0,0.67,0.0,0.82,0.0,35.30769230769231,0,11.0,11.0,11.0,11.0,0.0,0.0,0.0,0.0
KY,2020-10-31,2020,44,12,3.0,1.0,7.0,0.0,2.0,0.5,1.5,1.5,13940.0,1945.0,9511.0,1604.0,0.68,0.0,0.82,0.0,35.30769230769231,0,8.0,11.0,11.0,11.0,0.0,0.0,0.0,0.0
KY,2020-11-07,2020,45,13,7.0,2.0,11.0,0.0,2.0,0.5,1.5,1.5,13987.0,1952.0,9595.0,1627.0,0.69,0.0,0.83,0.0,35.30769230769231,0,3.0,8.0,11.0,11.0,0.0,0.0,0.0,0.0
KY,2020-11-14,2020,46,14,13.0,4.0,15.0,0.0,2.0,0.5,1.5,1.5,13980.0,1951.0,9788.0,1652.0,0.7,0.0,0.85,0.0,35.30769230769231,0,7.0,3.0,11.0,11.0,0.0,0.0,0.0,0.0
KY,2020-11-21,2020,47,15,16.0,7.0,11.0,0.0,2.0,0.5,1.5,1.5,13990.0,1963.0,9799.0,1665.0,0.7,0.0,0.85,0.0,35.30769230769231,0,13.0,7.0,8.0,11.0,0.0,0.0,0.0,0.0
KY,2020-11-28,2020,48,16,27.0,6.0,16.0,0.0,2.0,0.5,1.5,1.5,13982.0,1982.0,9397.0,1624.0,0.67,0.0,0.82,0.0,35.30769230769231,0,16.0,13.0,3.0,11.0,0.0,0.0,0.0,0.0
KY,2020-12-05,2020,49,17,29.0,7.0,20.0,0.0,2.0,0.5,1.5,1.5,14014.0,1988.0,9798.0,1632.0,0.7,0.0,0.82,0.0,35.30769230769231,0,27.0,16.0,7.0,11.0,0.0,0.0,0.0,0.0
KY,2020-12-12,2020,50,18,30.0,9.0,12.0,0.0,2.0,0.5,1.5,1.5,14059.0,2016.0,9494.0,1677.0,0.68,0.0,0.83,0.0,35.30769230769231,0,29.0,27.0,13.0,11.0,0.0,0.0,0.0,0.0
KY,2020-12-19,2020,51,19,37.0,10.0,33.0,0.0,2.0,0.5,1.5,1.5,14158.0,2075.0,8704.0,1667.0,0.61,0.0,0.8,0.0,35.30769230769231,0,30.0,29.0,16.0,8.0,0.0,0.0,0.0,0.0
KY,2020-12-26,2020,52,20,19.0,5.0,20.0,0.0,2.0,0.5,1.5,1.5,14160.0,2147.0,7991.0,1605.0,0.56,0.0,0.75,0.0,35.30769230769231,0,37.0,30.0,27.0,3.0,0.0,0.0,0.0,0.0
KY,2021-01-02,2021,53,21,4.0,3.0,5.0,0.0,2.0,0.5,1.5,1.5,14267.0,2249.0,8355.0,1638.0,0.59,0.0,0.73,0.0,35.75204678362573,0,19.0,37.0,29.0,7.0,0.0,0.0,0.0,0.0
KY,2021-01-09,2021,1,22,11.0,1.0,7.0,0.0,2.0,0.5,1.5,1.5,14357.0,2260.0,8792.0,1659.0,0.61,0.0,0.73,0.0,35.75204678362573,0,4.0,19.0,30.0,13.0,0.0,0.0,0.0,0.0
KY,2021-01-16,2021,2,23,9.0,1.0,7.0,0.0,2.0,0.5,1.5,1.5,14338.0,2264.0,8744.0,1650.0,0.61,0.0,0.73,0.0,35.75204678362573,0,11.0,4.0,37.0,16.0,0.0,0.0,0.0,0.0
KY,2021-01-23,2021,3,24,4.0,2.0,3.0,0.0,2.0,0.5,1.5,1.5,14344.0,2262.0,8917.0,1701.0,0.62,0.0,0.75,0.0,35.75204678362573,0,9.0,11.0,19.0,27.0,0.0,0.0,0.0,0.0
KY,2021-01-30,2021,4,25,4.0,1.0,13.0,0.0,2.0,0.5,1.5,1.5,14383.0,2262.0,8761.0,1706.0,0.61,0.0,0.75,0.0,35.75204678362573,0,4.0,9.0,4.0,29.0,0.0,0.0,0.0,0.0
KY,2021-02-06,2021,5,26,4.0,0.0,2.0,0.0,2.0,0.5,1.5,1.5,14335.0,2252.0,8683.0,1699.0,0.61,0.0,0.75,0.0,35.75204678362573,0,4.0,4.0,11.0,30.0,0.0,0.0,0.0,0.0
KY,2021-02-13,2021,6,27,5.0,0.0,2.0,0.0,2.0,0.5,1.5,1.5,14353.0,2255.0,8505.0,1671.0,0.59,0.0,0.74,0.0,35.75204678362573,0,4.0,4.0,9.0,37.0,0.0,0.0,0.0,0.0
KY,2021-02-20,2021,7,28,2.0,0.0,0.0,0.0,2.0,0.5,1.5,1.5,14324.0,2248.0,8239.0,1636.0,0.58,0.0,0.73,0.0,35.75204678362573,0,5.0,4.0,4.0,19.0,0.0,0.0,0.0,0.0
KY,2021-02-27,2021,8,29,2.0,0.0,5.0,0.0,2.0,0.5,1.5,1.5,14348.0,2250.0,8599.0,1650.0,0.6,0.0,0.73,0.0,35.75204678362573,0,2.0,5.0,4.0,4.0,0.0,0.0,0.0,0.0
KY,2021-03-06,2021,9,30,2.0,0.0,15.0,0.0,2.0,0.5,1.5,1.5,14379.0,2253.0,8464.0,1627.0,0.59,0.0,0.72,0.0,35.75204678362573,0,2.0,2.0,4.0,11.0,0.0,0.0,0.0,0.0
KY,2021-03-13,2021,10,31,1.0,0.0,12.0,0.0,2.0,0.5,1.5,1.5,14385.0,2255.0,8377.0,1593.0,0.58,0.0,0.71,0.0,35.75204678362573,0,2.0,2.0,5.0,9.0,0.0,0.0,0.0,0.0
KY,2021-03-20,2021,11,32,4.0,1.0,2.0,0.0,2.0,0.5,1.5,1.5,14391.0,2252.0,8248.0,1539.0,0.57,0.0,0.68,0.0,35.75204678362573,0,1.0,2.0,2.0,4.0,0.0,0.0,0.0,0.0
KY,2021-03-27,2021,12,33,2.0,0.0,1.0,0.0,2.0,0.5,1.5,1.5,14373.0,2252.0,8222.0,1510.0,0.57,0.0,0.67,0.0,35.75204678362573,0,4.0,1.0,2.0,4.0,0.0,0.0,0.0,0.0
KY,2021-04-03,2021,13,34,2.0,0.0,2.0,0.0,2.0,0.5,1.5,1.5,14386.0,2256.0,8076.0,1489.0,0.56,0.0,0.66,0.0,35.75204678362573,0,2.0,4.0,2.0,4.0,0.0,0.0,0.0,0.0
KY,2021-04-10,2021,14,35,0.0,0.0,1.0,0.0,2.0,0.5,1.5,1.5,14351.0,2253.0,8118.0,1516.0,0.57,0.0,0.67,0.0,35.75204678362573,0,2.0,2.0,1.0,5.0,0.0,0.0,0.0,0.0
KY,2021-04-17,2021,15,36,13.0,0.0,3.0,0.0,2.0,0.5,1.5,1.5,14364.0,2252.0,8392.0,1534.0,0.58,0.0,0.68,0.0,35.75204678362573,0,0.0,2.0,4.0,2.0,0.0,0.0,0.0,0.0
KY,2021-04-24,2021,16,37,3.0,0.0,6.0,0.0,2.0,0.5,1.5,1.5,14360.0,2250.0,8440.0,1564.0,0.59,0.0,0.7,0.0,35.75204678362573,0,13.0,0.0,2.0,2.0,0.0,0.0,0.0,0.0
KY,2021-05-01,2021,17,38,1.0,0.0,2.0,0.0,2.0,0.5,1.5,1.5,14347.0,2252.0,8519.0,1542.0,0.59,0.0,0.68,0.0,35.75204678362573,0,3.0,13.0,2.0,2.0,0.0,0.0,0.0,0.0
KY,2021-05-08,2021,18,39,2.0,0.0,3.0,0.0,2.0,0.5,1.5,1.5,14294.0,2255.0,8430.0,1523.0,0.59,0.0,0.68,0.0,35.75204678362573,0,1.0,3.0,0.0,1.0,0.0,0.0,0.0,0.0
KY,2021-05-15,2021,19,40,1.0,0.0,1.0,0.0,2.0,0.5,1.5,1.5,14280.0,2250.0,8419.0,1552.0,0.59,0.0,0.69,0.0,35.75204678362573,0,2.0,1.0,13.0,4.0,0.0,0.0,0.0,0.0
KY,2021-05-22,2021,20,41,1.0,0.0,2.0,0.0,2.0,0.5,1.5,1.5,14222.0,2247.0,8491.0,1548.0,0.6,0.0,0.69,0.0,35.75204678362573,0,1.0,2.0,3.0,2.0,0.0,0.0,0.0,0.0
KY,2021-05-29,2021,21,42,3.0,0.0,7.0,0.0,2.0,0.5,1.5,1.5,14198.0,2248.0,8459.0,1577.0,0.6,0.0,0.7,0.0,35.75204678362573,0,1.0,1.0,1.0,2.0,0.0,0.0,0.0,0.0
KY,2021-06-05,2021,22,43,2.0,2.0,2.0,0.0,2.0,0.5,1.5,1.5,14203.0,2247.0,8255.0,1547.0,0.58,0.0,0.69,0.0,35.75204678362573,0,3.0,1.0,2.0,0.0,0.0,0.0,0.0,0.0
KY,2021-06-12,2021,23,44,2.0,0.0,3.0,0.0,2.0,0.5,1.5,1.5,14187.0,2247.0,8461.0,1569.0,0.6,0.0,0.7,0.0,35.75204678362573,0,2.0,3.0,1.0,13.0,0.0,0.0,0.0,0.0
KY,2021-06-19,2021,24,45,1.0,0.0,4.0,0.0,2.0,0.5,1.5,1.5,14191.0,2246.0,8393.0,1574.0,0.59,0.0,0.7,0.0,35.75204678362573,0,2.0,2.0,1.0,3.0,0.0,0.0,0.0,0.0
KY,2021-06-26,2021,25,46,1.0,0.0,1.0,0.0,2.0,0.5,1.5,1.5,14206.0,2245.0,8392.0,1588.0,0.59,0.0,0.71,0.0,35.75204678362573,0,1.0,2.0,3.0,1.0,0.0,0.0,0.0,0.0
KY,2021-07-03,2021,26,47,1.0,0.0,3.0,0.0,2.0,0.5,1.5,1.5,14210.0,2245.0,8398.0,1567.0,0.59,0.0,0.7,0.0,35.75204678362573,0,1.0,1.0,2.0,2.0,0.0,0.0,0.0,0.0
KY,2021-07-10,2021,27,48,2.0,0.0,0.0,0.0,2.0,0.5,1.5,1.5,14196.0,2246.0,8280.0,1581.0,0.58,0.0,0.7,0.0,35.75204678362573,0,1.0,1.0,2.0,1.0,0.0,0.0,0.0,0.0
KY,2021-07-17,2021,28,49,1.0,0.0,0.0,0.0,2.0,0.5,1.5,1.5,14271.0,2274.0,8570.0,1584.0,0.6,0.0,0.7,0.0,35.75204678362573,0,2.0,1.0,1.0,1.0,0.0,0.0,0.0,0.0
KY,2021-07-24,2021,29,50,2.0,0.0,3.0,0.0,2.0,0.5,1.5,1.5,14190.0,2244.0,8550.0,1604.0,0.6,0.0,0.71,0.0,35.75204678362573,0,1.0,2.0,1.0,3.0,0.0,0.0,0.0,0.0
KY,2021-07-31,2021,30,51,0.0,0.0,0.0,0.0,2.0,0.5,1.5,1.5,14195.0,2241.0,8716.0,1626.0,0.61,0.0,0.73,0.0,35.75204678362573,0,2.0,1.0,1.0,2.0,0.0,0.0,0.0,0.0
KY,2021-08-07,2021,31,52,1.0,0.0,3.0,0.0,2.0,0.5,1.5,1.5,14191.0,2239.0,8870.0,1664.0,0.63,0.0,0.74,0.0,35.75204678362573,0,0.0,2.0,2.0,2.0,0.0,0.0,0.0,0.0
KY,2021-08-14,2021,32,53,2.0,2.0,2.0,0.0,2.0,0.5,1.5,1.5,14233.0,2240.0,8980.0,1695.0,0.63,0.0,0.76,0.0,35.75204678362573,0,1.0,0.0,1.0,1.0,0.0,0.0,0.0,0.0
KY,2021-08-21,2021,33,54,2.0,1.0,0.0,0.0,2.0,0.5,1.5,1.5,12994.0,2075.0,9053.0,1752.0,0.7,0.0,0.84,0.0,35.75204678362573,0,2.0,1.0,2.0,1.0,0.0,0.0,0.0,0.0
KY,2021-08-28,2021,34,55,1.0,0.0,1.0,0.0,2.0,0.5,1.5,1.5,11601.0,1947.0,8968.0,1781.0,0.77,0.0,0.91,0.0,35.75204678362573,0,2.0,2.0,0.0,1.0,0.0,0.0,0.0,0.0
KY,2021-09-04,2021,35,56,0.0,0.0,0.0,0.0,2.0,0.5,1.5,1.5,11545.0,1948.0,9059.0,1823.0,0.78,0.0,0.94,0.0,35.75204678362573,0,1.0,2.0,1.0,2.0,0.0,0.0,0.0,0.0
KY,2021-09-11,2021,36,57,1.0,1.0,2.0,0.0,2.0,0.5,1.5,1.5,11618.0,1960.0,9165.0,1848.0,0.79,0.0,0.94,0.0,35.75204678362573,0,0.0,1.0,2.0,1.0,0.0,0.0,0.0,0.0
KY,2021-09-18,2021,37,58,0.0,14.0,0.0,0.0,2.0,0.5,1.5,1.5,11739.0,2012.0,9206.0,1575.0,0.78,0.0,0.78,0.01,35.75204678362573,0,1.0,0.0,2.0,2.0,0.0,0.0,0.0,0.0
KY,2021-09-25,2021,38,59,1.0,0.0,2.0,0.0,2.0,0.5,1.5,1.5,11699.0,1961.0,9108.0,1515.0,0.78,0.0,0.77,0.0,35.75204678362573,0,0.0,1.0,1.0,0.0,0.0,0.0,0.0,0.0
KY,2021-10-02,2021,39,60,0.0,0.0,0.0,0.0,2.0,0.5,1.5,1.5,12402.0,1971.0,8995.0,1491.0,0.73,0.0,0.76,0.0,35.75204678362573,0,1.0,0.0,0.0,1.0,0.0,0.0,0.0,0.0
KY,2021-10-09,2021,40,61,2.0,1.0,3.0,0.0,2.0,0.5,1.5,1.5,11642.0,1900.0,8795.0,1441.0,0.76,0.0,0.76,0.0,35.75204678362573,0,0.0,1.0,1.0,2.0,0.0,0.0,0.0,0.0
KY,2021-10-16,2021,41,62,3.0,0.0,1.0,0.0,2.0,0.5,1.5,1.5,11583.0,1883.0,8920.0,1406.0,0.77,0.0,0.75,0.0,35.75204678362573,0,2.0,0.0,0.0,2.0,0.0,0.0,0.0,0.0
KY,2021-10-23,2021,42,63,2.0,0.0,0.0,0.0,2.0,0.5,1.5,1.5,11688.0,1841.0,8798.0,1376.0,0.75,0.0,0.75,0.0,35.75204678362573,0,3.0,2.0,1.0,1.0,0.0,0.0,0.0,0.0
KY,2021-10-30,2021,43,64,1.0,0.0,3.0,0.0,2.0,0.5,1.5,1.5,11581.0,1822.0,8625.0,1331.0,0.74,0.0,0.73,0.0,35.75204678362573,0,2.0,3.0,0.0,0.0,0.0,0.0,0.0,0.0
KY,2021-11-06,2021,44,65,2.0,0.0,5.0,0.0,2.0,0.5,1.5,1.5,11496.0,1831.0,8537.0,1318.0,0.74,0.0,0.72,0.0,35.75204678362573,0,1.0,2.0,2.0,1.0,0.0,0.0,0.0,0.0
KY,2021-11-13,2021,45,66,1.0,0.0,5.0,0.0,2.0,0.5,1.5,1.5,11642.0,1810.0,8690.0,1357.0,0.75,0.0,0.75,0.0,35.75204678362573,0,2.0,1.0,3.0,0.0,0.0,0.0,0.0,0.0
KY,2021-11-20,2021,46,67,1.0,0.0,2.0,0.0,2.0,0.5,1.5,1.5,11666.0,1785.0,8810.0,1330.0,0.76,0.0,0.74,0.0,35.75204678362573,0,1.0,2.0,2.0,1.0,0.0,0.0,0.0,0.0
KY,2021-11-27,2021,47,68,2.0,1.0,4.0,0.0,2.0,0.5,1.5,1.5,11463.0,1813.0,8331.0,1309.0,0.73,0.0,0.72,0.0,35.75204678362573,0,1.0,1.0,1.0,0.0,0.0,0.0,0.0,0.0
KY,2021-12-04,2021,48,69,1.0,1.0,1.0,0.0,2.0,0.5,1.5,1.5,11620.0,1944.0,8953.0,1361.0,0.77,0.0,0.7,0.0,35.75204678362573,0,2.0,1.0,2.0,2.0,0.0,0.0,0.0,0.0
KY,2021-12-11,2021,49,70,1.0,0.0,3.0,0.0,2.0,0.5,1.5,1.5,11638.0,1877.0,9229.0,1458.0,0.79,0.0,0.78,0.0,35.75204678362573,0,1.0,2.0,1.0,3.0,0.0,0.0,0.0,0.0
KY,2021-12-18,2021,50,71,4.0,1.0,9.0,0.0,2.0,0.5,1.5,1.5,11722.0,1850.0,9244.0,1427.0,0.79,0.0,0.77,0.0,35.75204678362573,0,1.0,1.0,1.0,2.0,0.0,0.0,0.0,0.0
KY,2021-12-25,2021,51,72,6.0,0.0,5.0,0.0,2.0,0.5,1.5,1.5,11390.0,1840.0,8746.0,1368.0,0.77,0.0,0.74,0.0,35.75204678362573,0,4.0,1.0,2.0,1.0,0.0,0.0,0.0,0.0
KY,2022-01-01,2022,52,73,4.0,1.0,10.0,0.0,2.0,0.5,1.5,1.5,11427.0,1847.0,8812.0,1414.0,0.77,0.0,0.77,0.0,31.534027777777776,0,6.0,4.0,1.0,2.0,0.0,0.0,0.0,0.0
KY,2022-01-08,2022,1,74,3.0,0.0,3.0,0.0,2.0,0.5,1.5,1.5,11457.0,2049.0,9019.0,1424.0,0.79,0.0,0.7,0.0,31.534027777777776,0,4.0,6.0,1.0,1.0,0.0,0.0,0.0,0.0
KY,2022-01-15,2022,2,75,8.0,2.0,18.0,0.0,2.0,0.5,1.5,1.5,11482.0,1869.0,9102.0,1430.0,0.79,0.0,0.77,0.0,31.534027777777776,0,3.0,4.0,4.0,1.0,0.0,0.0,0.0,0.0
KY,2022-01-22,2022,3,76,13.0,4.0,23.0,0.0,2.0,0.5,1.5,1.5,11379.0,1860.0,8848.0,1434.0,0.78,0.0,0.77,0.0,31.534027777777776,0,8.0,3.0,6.0,2.0,0.0,0.0,0.0,0.0
KY,2022-01-29,2022,4,77,12.0,4.0,18.0,0.0,2.0,0.5,1.5,1.5,11594.0,1866.0,9014.0,1427.0,0.78,0.0,0.76,0.0,31.534027777777776,0,13.0,8.0,4.0,1.0,0.0,0.0,0.0,0.0
KY,2022-02-05,2022,5,78,4.0,0.0,13.0,0.0,2.0,0.5,1.5,1.5,11782.0,1853.0,8898.0,1379.0,0.76,0.0,0.74,0.0,31.534027777777776,0,12.0,13.0,3.0,1.0,0.0,0.0,0.0,0.0
KY,2022-02-12,2022,6,79,5.0,2.0,11.0,0.0,2.0,0.5,1.5,1.5,11669.0,1853.0,8888.0,1397.0,0.76,0.0,0.75,0.0,31.534027777777776,0,4.0,12.0,8.0,4.0,0.0,0.0,0.0,0.0
KY,2022-02-19,2022,7,80,4.0,0.0,12.0,0.0,2.0,0.5,1.5,1.5,11740.0,1829.0,8815.0,1344.0,0.75,0.0,0.74,0.0,31.534027777777776,0,5.0,4.0,13.0,6.0,0.0,0.0,0.0,0.0
KY,2022-02-26,2022,8,81,6.0,0.0,23.0,0.0,2.0,0.5,1.5,1.5,11741.0,1826.0,8706.0,1298.0,0.74,0.0,0.71,0.0,31.534027777777776,0,4.0,5.0,12.0,4.0,0.0,0.0,0.0,0.0
KY,2022-03-05,2022,9,82,9.0,3.0,23.0,0.0,2.0,0.5,1.5,1.5,11842.0,1837.0,8582.0,1268.0,0.72,0.0,0.69,0.0,31.534027777777776,0,6.0,4.0,4.0,3.0,0.0,0.0,0.0,0.0
KY,2022-03-12,2022,10,83,13.0,4.0,30.0,0.0,2.0,0.5,1.5,1.5,11624.0,1825.0,8434.0,1265.0,0.73,0.0,0.69,0.0,31.534027777777776,0,9.0,6.0,5.0,8.0,0.0,0.0,0.0,0.0
KY,2022-03-19,2022,11,84,13.0,4.0,39.0,0.0,2.0,0.5,1.5,1.5,11593.0,1802.0,8395.0,1266.0,0.72,0.0,0.7,0.0,31.534027777777776,0,13.0,9.0,4.0,13.0,0.0,0.0,0.0,0.0
KY,2022-03-26,2022,12,85,22.0,4.0,42.0,0.0,2.0,0.5,1.5,1.5,11595.0,1803.0,8350.0,1188.0,0.72,0.0,0.66,0.0,31.534027777777776,0,13.0,13.0,6.0,12.0,0.0,0.0,0.0,0.0
KY,2022-04-02,2022,13,86,26.0,6.0,53.0,0.0,2.0,0.5,1.5,1.5,11501.0,1806.0,8136.0,1163.0,0.71,0.0,0.64,0.0,31.534027777777776,0,22.0,13.0,9.0,4.0,0.0,0.0,0.0,0.0
KY,2022-04-09,2022,14,87,43.0,7.0,90.0,0.0,2.0,0.5,1.5,1.5,11299.0,1782.0,8055.0,1183.0,0.71,0.0,0.66,0.0,31.534027777777776,0,26.0,22.0,13.0,5.0,0.0,0.0,0.0,0.0
KY,2022-04-16,2022,15,88,48.0,8.0,105.0,0.0,2.0,0.5,1.5,1.5,11506.0,1783.0,8310.0,1178.0,0.72,0.0,0.66,0.0,31.534027777777776,0,43.0,26.0,13.0,4.0,0.0,0.0,0.0,0.0
KY,2022-04-23,2022,16,89,46.0,10.0,82.0,0.0,2.0,0.5,1.5,1.5,11502.0,1786.0,8260.0,1193.0,0.72,0.0,0.67,0.01,31.534027777777776,0,48.0,43.0,22.0,6.0,0.0,0.0,0.0,0.0
KY,2022-04-30,2022,17,90,68.0,13.0,119.0,0.0,2.0,0.5,1.5,1.5,12765.0,2318.0,9225.0,1315.0,0.72,0.01,0.57,0.01,31.534027777777776,0,46.0,48.0,26.0,9.0,0.0,0.0,0.0,0.0
KY,2022-05-07,2022,18,91,81.0,16.0,109.0,0.0,2.0,0.5,1.5,1.5,17892.0,2844.0,13018.0,1920.0,0.73,0.0,0.68,0.01,31.534027777777776,0,68.0,46.0,43.0,13.0,0.01,0.0,0.0,0.0
KY,2022-05-14,2022,19,92,40.0,6.0,47.0,0.0,2.0,0.5,1.5,1.5,12535.0,2023.0,9511.0,1493.0,0.76,0.0,0.74,0.0,31.534027777777776,0,81.0,68.0,48.0,13.0,0.0,0.01,0.0,0.0
KY,2022-05-21,2022,20,93,24.0,4.0,41.0,0.0,2.0,0.5,1.5,1.5,11050.0,1789.0,8619.0,1325.0,0.78,0.0,0.74,0.0,31.534027777777776,0,40.0,81.0,46.0,22.0,0.0,0.0,0.0,0.0
KY,2022-05-28,2022,21,94,20.0,1.0,22.0,0.0,2.0,0.5,1.5,1.5,11080.0,1772.0,8442.0,1307.0,0.76,0.0,0.74,0.0,31.534027777777776,0,24.0,40.0,68.0,26.0,0.0,0.0,0.01,0.0
KY,2022-06-04,2022,22,95,20.0,2.0,22.0,0.0,2.0,0.5,1.5,1.5,11087.0,1788.0,8361.0,1288.0,0.75,0.0,0.72,0.0,31.534027777777776,0,20.0,24.0,81.0,43.0,0.0,0.0,0.0,0.0
KY,2022-06-11,2022,23,96,18.0,1.0,17.0,0.0,2.0,0.5,1.5,1.5,11085.0,1781.0,8488.0,1328.0,0.77,0.0,0.75,0.0,31.534027777777776,0,20.0,20.0,40.0,48.0,0.0,0.0,0.0,0.0
KY,2022-06-18,2022,24,97,14.0,1.0,5.0,0.0,2.0,0.5,1.5,1.5,11204.0,1807.0,8518.0,1367.0,0.76,0.0,0.76,0.0,31.534027777777776,0,18.0,20.0,24.0,46.0,0.0,0.0,0.0,0.0
KY,2022-06-25,2022,25,98,12.0,1.0,11.0,0.0,2.0,0.5,1.5,1.5,11199.0,1769.0,8477.0,1329.0,0.76,0.0,0.75,0.0,31.534027777777776,0,14.0,18.0,20.0,68.0,0.0,0.0,0.0,0.01
KY,2022-07-02,2022,26,99,10.0,2.0,1.0,0.0,2.0,0.5,1.5,1.5,11216.0,1771.0,8383.0,1311.0,0.75,0.0,0.74,0.0,31.534027777777776,0,12.0,14.0,20.0,81.0,0.0,0.0,0.0,0.0
KY,2022-07-09,2022,27,100,10.0,1.0,6.0,0.0,2.0,0.5,1.5,1.5,11184.0,1766.0,8291.0,1317.0,0.74,0.0,0.75,0.0,31.534027777777776,0,10.0,12.0,18.0,40.0,0.0,0.0,0.0,0.0
KY,2022-07-16,2022,28,101,6.0,1.0,3.0,0.0,2.0,0.5,1.5,1.5,11272.0,1788.0,8714.0,1364.0,0.77,0.0,0.76,0.0,31.534027777777776,0,10.0,10.0,14.0,24.0,0.0,0.0,0.0,0.0
KY,2022-07-23,2022,29,102,7.0,1.0,1.0,0.0,2.0,0.5,1.5,1.5,11251.0,1791.0,8693.0,1364.0,0.77,0.0,0.76,0.0,31.534027777777776,0,6.0,10.0,12.0,20.0,0.0,0.0,0.0,0.0
KY,2022-07-30,2022,30,103,12.0,1.0,6.0,0.0,2.0,0.5,1.5,1.5,11216.0,1761.0,8610.0,1340.0,0.77,0.0,0.76,0.0,31.534027777777776,0,7.0,6.0,10.0,20.0,0.0,0.0,0.0,0.0
KY,2022-08-06,2022,31,104,9.0,1.0,1.0,0.0,2.0,0.5,1.5,1.5,11235.0,1765.0,8501.0,1302.0,0.76,0.0,0.74,0.0,31.534027777777776,0,12.0,7.0,10.0,18.0,0.0,0.0,0.0,0.0
KY,2022-08-13,2022,32,105,8.0,1.0,4.0,0.0,2.0,0.5,1.5,1.5,11307.0,1777.0,8545.0,1314.0,0.76,0.0,0.74,0.0,31.534027777777776,0,9.0,12.0,6.0,14.0,0.0,0.0,0.0,0.0
KY,2022-08-20,2022,33,106,11.0,1.0,3.0,0.0,2.0,0.5,1.5,1.5,11224.0,1749.0,9043.0,1318.0,0.81,0.0,0.75,0.0,31.534027777777776,0,8.0,9.0,7.0,12.0,0.0,0.0,0.0,0.0
KY,2022-08-27,2022,34,107,9.0,2.0,4.0,0.0,2.0,0.5,1.5,1.5,11241.0,1747.0,8609.0,1332.0,0.77,0.0,0.76,0.0,31.534027777777776,0,11.0,8.0,12.0,10.0,0.0,0.0,0.0,0.0
KY,2022-09-03,2022,35,108,6.0,1.0,4.0,0.0,2.0,0.5,1.5,1.5,11296.0,1767.0,8656.0,1348.0,0.77,0.0,0.76,0.0,31.534027777777776,0,9.0,11.0,9.0,10.0,0.0,0.0,0.0,0.0
KY,2022-09-10,2022,36,109,9.0,2.0,8.0,0.0,2.0,0.5,1.5,1.5,11251.0,1770.0,8496.0,1344.0,0.76,0.0,0.76,0.0,31.534027777777776,0,6.0,9.0,8.0,6.0,0.0,0.0,0.0,0.0
KY,2022-09-17,2022,37,110,6.0,0.0,5.0,0.0,2.0,0.5,1.5,1.5,11273.0,1761.0,8808.0,1357.0,0.78,0.0,0.77,0.0,31.534027777777776,0,9.0,6.0,11.0,7.0,0.0,0.0,0.0,0.0
KY,2022-09-24,2022,38,111,13.0,0.0,10.0,0.0,2.0,0.5,1.5,1.5,11226.0,1752.0,9080.0,1331.0,0.81,0.0,0.76,0.0,31.534027777777776,0,6.0,9.0,9.0,12.0,0.0,0.0,0.0,0.0
KY,2022-10-01,2022,39,112,10.0,0.0,4.0,0.0,2.0,0.5,1.5,1.5,11292.0,1759.0,8648.0,1374.0,0.77,0.0,0.78,0.0,31.534027777777776,0,13.0,6.0,6.0,9.0,0.0,0.0,0.0,0.0
KY,2022-10-08,2022,40,113,8.0,1.0,7.0,0.0,2.0,0.5,1.5,1.5,11306.0,1749.0,8498.0,1332.0,0.75,0.0,0.76,0.0,31.534027777777776,0,10.0,13.0,9.0,8.0,0.0,0.0,0.0,0.0
KY,2022-10-15,2022,41,114,10.0,2.0,23.0,0.0,2.0,0.5,1.5,1.5,11310.0,1769.0,8597.0,1336.0,0.76,0.0,0.76,0.0,31.534027777777776,0,8.0,10.0,6.0,11.0,0.0,0.0,0.0,0.0
KY,2022-10-22,2022,42,115,13.0,2.0,13.0,0.0,2.0,0.5,1.5,1.5,11323.0,1771.0,8759.0,1375.0,0.77,0.0,0.78,0.0,31.534027777777776,0,10.0,8.0,13.0,9.0,0.0,0.0,0.0,0.0
KY,2022-10-29,2022,43,116,27.0,1.0,66.0,0.0,2.0,0.5,1.5,1.5,11339.0,1777.0,8739.0,1400.0,0.77,0.0,0.79,0.0,31.534027777777776,0,13.0,10.0,10.0,6.0,0.0,0.0,0.0,0.0
KY,2022-11-05,2022,44,117,62.0,7.0,124.0,0.0,2.0,0.5,1.5,1.5,11318.0,1779.0,8670.0,1394.0,0.77,0.01,0.78,0.0,31.534027777777776,0,27.0,13.0,8.0,9.0,0.0,0.0,0.0,0.0
KY,2022-11-12,2022,45,118,126.0,16.0,223.0,0.0,2.0,0.5,1.5,1.5,11340.0,1782.0,8888.0,1416.0,0.78,0.01,0.79,0.01,31.534027777777776,1,62.0,27.0,10.0,6.0,0.01,0.0,0.0,0.0
KY,2022-11-19,2022,46,119,174.0,26.0,291.0,0.0,2.0,0.5,1.5,1.5,11297.0,1783.0,8896.0,1440.0,0.79,0.02,0.81,0.01,31.534027777777776,1,126.0,62.0,13.0,13.0,0.01,0.01,0.0,0.0
KY,2022-11-26,2022,47,120,279.0,34.0,521.0,0.0,2.0,0.5,1.5,1.5,10349.0,1638.0,7764.0,1258.0,0.75,0.03,0.77,0.02,31.534027777777776,1,174.0,126.0,27.0,10.0,0.02,0.01,0.0,0.0
KY,2022-12-03,2022,48,121,589.0,82.0,849.0,0.0,2.0,0.5,1.5,1.5,10453.0,1655.0,8523.0,1357.0,0.82,0.06,0.82,0.05,31.534027777777776,1,279.0,174.0,62.0,8.0,0.03,0.02,0.01,0.0
KY,2022-12-10,2022,49,122,548.0,83.0,673.0,0.0,2.0,0.5,1.5,1.5,10418.0,1651.0,8514.0,1349.0,0.82,0.05,0.82,0.05,31.534027777777776,1,589.0,279.0,126.0,10.0,0.06,0.03,0.01,0.0
KY,2022-12-17,2022,50,123,406.0,64.0,429.0,0.0,2.0,0.5,1.5,1.5,11576.0,1896.0,9252.0,1492.0,0.8,0.04,0.79,0.03,31.534027777777776,1,548.0,589.0,174.0,13.0,0.05,0.06,0.02,0.0
KY,2022-12-24,2022,51,124,276.0,47.0,281.0,0.0,2.0,0.5,1.5,1.5,11502.0,1754.0,8504.0,1404.0,0.74,0.02,0.8,0.03,31.534027777777776,1,406.0,548.0,279.0,27.0,0.04,0.05,0.03,0.0
KY,2022-12-31,2022,52,125,210.0,34.0,243.0,0.0,2.0,0.5,1.5,1.5,11384.0,1737.0,8456.0,1405.0,0.74,0.02,0.81,0.02,31.534027777777776,1,276.0,406.0,589.0,62.0,0.02,0.04,0.06,0.01
LA,2020-10-03,2020,40,8,0.0,0.0,0.0,0.0,2.0,6.5,7.0,7.0,18200.0,3665.0,12190.0,2343.0,0.67,0.0,0.64,0.0,32.516,0,0.0,0.0,0.0,0.0,0.0,0.0,0.0,0.0
LA,2020-10-10,2020,41,9,0.0,0.0,0.0,0.0,2.0,6.5,7.0,7.0,18204.0,3686.0,12040.0,2318.0,0.66,0.0,0.63,0.0,32.516,0,0.0,0.0,0.0,0.0,0.0,0.0,0.0,0.0
LA,2020-10-17,2020,42,10,0.0,0.0,0.0,0.0,2.0,6.5,7.0,7.0,18336.0,3652.0,12397.0,2350.0,0.68,0.0,0.64,0.0,32.516,0,0.0,0.0,0.0,0.0,0.0,0.0,0.0,0.0
LA,2020-10-24,2020,43,11,0.0,0.0,0.0,0.0,2.0,6.5,7.0,7.0,19065.0,3696.0,12481.0,2312.0,0.65,0.0,0.63,0.0,32.516,0,0.0,0.0,0.0,0.0,0.0,0.0,0.0,0.0
LA,2020-10-31,2020,44,12,1.0,0.0,1.0,0.0,2.0,6.5,7.0,7.0,19409.0,3683.0,12556.0,2363.0,0.65,0.0,0.64,0.0,32.516,0,0.0,0.0,0.0,0.0,0.0,0.0,0.0,0.0
LA,2020-11-07,2020,45,13,5.0,1.0,5.0,0.0,2.0,6.5,7.0,7.0,19372.0,3665.0,12551.0,2391.0,0.65,0.0,0.65,0.0,32.516,0,1.0,0.0,0.0,0.0,0.0,0.0,0.0,0.0
LA,2020-11-14,2020,46,14,11.0,1.0,23.0,0.0,2.0,6.5,7.0,7.0,19447.0,3680.0,12897.0,2444.0,0.66,0.0,0.66,0.0,32.516,0,5.0,1.0,0.0,0.0,0.0,0.0,0.0,0.0
LA,2020-11-21,2020,47,15,10.0,1.0,8.0,0.0,2.0,6.5,7.0,7.0,19588.0,3699.0,12856.0,2464.0,0.66,0.0,0.67,0.0,32.516,0,11.0,5.0,0.0,0.0,0.0,0.0,0.0,0.0
LA,2020-11-28,2020,48,16,13.0,2.0,7.0,0.0,2.0,6.5,7.0,7.0,19393.0,3690.0,12272.0,2438.0,0.63,0.0,0.66,0.0,32.516,0,10.0,11.0,1.0,0.0,0.0,0.0,0.0,0.0
LA,2020-12-05,2020,49,17,16.0,0.0,10.0,0.0,2.0,6.5,7.0,7.0,19539.0,3708.0,12964.0,2545.0,0.66,0.0,0.69,0.0,32.516,0,13.0,10.0,5.0,0.0,0.0,0.0,0.0,0.0
LA,2020-12-12,2020,50,18,21.0,5.0,21.0,0.0,2.0,6.5,7.0,7.0,19476.0,3779.0,13264.0,2639.0,0.68,0.0,0.7,0.0,32.516,0,16.0,13.0,11.0,0.0,0.0,0.0,0.0,0.0
LA,2020-12-19,2020,51,19,19.0,3.0,17.0,0.0,2.0,6.5,7.0,7.0,19662.0,3928.0,13300.0,2690.0,0.68,0.0,0.68,0.0,32.516,0,21.0,16.0,10.0,0.0,0.0,0.0,0.0,0.0
LA,2020-12-26,2020,52,20,12.0,2.0,17.0,0.0,2.0,6.5,7.0,7.0,19538.0,3918.0,12473.0,2619.0,0.64,0.0,0.67,0.0,32.516,0,19.0,21.0,13.0,1.0,0.0,0.0,0.0,0.0
LA,2021-01-02,2021,53,21,13.0,3.0,16.0,0.0,2.0,6.5,7.0,7.0,19577.0,3929.0,13230.0,2712.0,0.68,0.0,0.69,0.0,30.10055555555556,0,12.0,19.0,16.0,5.0,0.0,0.0,0.0,0.0
LA,2021-01-09,2021,1,22,9.0,5.0,4.0,0.0,2.0,6.5,7.0,7.0,19706.0,3937.0,13395.0,2816.0,0.68,0.0,0.72,0.0,30.10055555555556,0,13.0,12.0,21.0,11.0,0.0,0.0,0.0,0.0
LA,2021-01-16,2021,2,23,9.0,13.0,5.0,0.0,2.0,6.5,7.0,7.0,19677.0,3960.0,13513.0,2877.0,0.69,0.0,0.73,0.0,30.10055555555556,0,9.0,13.0,19.0,10.0,0.0,0.0,0.0,0.0
LA,2021-01-23,2021,3,24,14.0,9.0,20.0,0.0,2.0,6.5,7.0,7.0,19663.0,3952.0,13710.0,2871.0,0.7,0.0,0.73,0.0,30.10055555555556,0,9.0,9.0,12.0,13.0,0.0,0.0,0.0,0.0
LA,2021-01-30,2021,4,25,14.0,7.0,20.0,0.0,2.0,6.5,7.0,7.0,19541.0,3936.0,13529.0,2812.0,0.69,0.0,0.71,0.0,30.10055555555556,0,14.0,9.0,13.0,16.0,0.0,0.0,0.0,0.0
LA,2021-02-06,2021,5,26,10.0,3.0,12.0,0.0,2.0,6.5,7.0,7.0,19540.0,3908.0,13185.0,2679.0,0.67,0.0,0.69,0.0,30.10055555555556,0,14.0,14.0,9.0,21.0,0.0,0.0,0.0,0.0
LA,2021-02-13,2021,6,27,12.0,4.0,12.0,0.0,2.0,6.5,7.0,7.0,19468.0,3909.0,12951.0,2616.0,0.67,0.0,0.67,0.0,30.10055555555556,0,10.0,14.0,9.0,19.0,0.0,0.0,0.0,0.0
LA,2021-02-20,2021,7,28,11.0,3.0,7.0,0.0,2.0,6.5,7.0,7.0,19122.0,3835.0,12070.0,2501.0,0.63,0.0,0.65,0.0,30.10055555555556,0,12.0,10.0,14.0,12.0,0.0,0.0,0.0,0.0
LA,2021-02-27,2021,8,29,11.0,3.0,19.0,0.0,2.0,6.5,7.0,7.0,19224.0,3849.0,12812.0,2594.0,0.67,0.0,0.67,0.0,30.10055555555556,0,11.0,12.0,14.0,13.0,0.0,0.0,0.0,0.0
LA,2021-03-06,2021,9,30,9.0,3.0,8.0,0.0,2.0,6.5,7.0,7.0,19319.0,3861.0,12786.0,2548.0,0.66,0.0,0.66,0.0,30.10055555555556,0,11.0,11.0,10.0,9.0,0.0,0.0,0.0,0.0
LA,2021-03-13,2021,10,31,6.0,3.0,11.0,0.0,2.0,6.5,7.0,7.0,19439.0,3838.0,12747.0,2471.0,0.66,0.0,0.64,0.0,30.10055555555556,0,9.0,11.0,12.0,9.0,0.0,0.0,0.0,0.0
LA,2021-03-20,2021,11,32,1.0,0.0,1.0,0.0,2.0,6.5,7.0,7.0,19397.0,3824.0,12540.0,2424.0,0.65,0.0,0.63,0.0,30.10055555555556,0,6.0,9.0,11.0,14.0,0.0,0.0,0.0,0.0
LA,2021-03-27,2021,12,33,2.0,1.0,9.0,0.0,2.0,6.5,7.0,7.0,19432.0,3829.0,12517.0,2433.0,0.64,0.0,0.64,0.0,30.10055555555556,0,1.0,6.0,11.0,14.0,0.0,0.0,0.0,0.0
LA,2021-04-03,2021,13,34,5.0,1.0,5.0,0.0,2.0,6.5,7.0,7.0,19349.0,3796.0,12092.0,2319.0,0.62,0.0,0.61,0.0,30.10055555555556,0,2.0,1.0,9.0,10.0,0.0,0.0,0.0,0.0
LA,2021-04-10,2021,14,35,8.0,1.0,9.0,0.0,2.0,6.5,7.0,7.0,19417.0,3809.0,12071.0,2320.0,0.62,0.0,0.61,0.0,30.10055555555556,0,5.0,2.0,6.0,12.0,0.0,0.0,0.0,0.0
LA,2021-04-17,2021,15,36,4.0,0.0,5.0,0.0,2.0,6.5,7.0,7.0,19475.0,3814.0,12443.0,2334.0,0.64,0.0,0.61,0.0,30.10055555555556,0,8.0,5.0,1.0,11.0,0.0,0.0,0.0,0.0
LA,2021-04-24,2021,16,37,5.0,1.0,16.0,0.0,2.0,6.5,7.0,7.0,19530.0,3823.0,12424.0,2367.0,0.64,0.0,0.62,0.0,30.10055555555556,0,4.0,8.0,2.0,11.0,0.0,0.0,0.0,0.0
LA,2021-05-01,2021,17,38,5.0,3.0,5.0,0.0,2.0,6.5,7.0,7.0,19513.0,3791.0,12461.0,2361.0,0.64,0.0,0.62,0.0,30.10055555555556,0,5.0,4.0,5.0,9.0,0.0,0.0,0.0,0.0
LA,2021-05-08,2021,18,39,4.0,2.0,6.0,0.0,2.0,6.5,7.0,7.0,19564.0,3804.0,12396.0,2269.0,0.63,0.0,0.6,0.0,30.10055555555556,0,5.0,5.0,8.0,6.0,0.0,0.0,0.0,0.0
LA,2021-05-15,2021,19,40,5.0,1.0,4.0,0.0,2.0,6.5,7.0,7.0,19445.0,3800.0,12074.0,2251.0,0.62,0.0,0.59,0.0,30.10055555555556,0,4.0,5.0,4.0,1.0,0.0,0.0,0.0,0.0
LA,2021-05-22,2021,20,41,5.0,1.0,6.0,0.0,2.0,6.5,7.0,7.0,19388.0,3776.0,12243.0,2280.0,0.63,0.0,0.6,0.0,30.10055555555556,0,5.0,4.0,5.0,2.0,0.0,0.0,0.0,0.0
LA,2021-05-29,2021,21,42,5.0,1.0,9.0,0.0,2.0,6.5,7.0,7.0,19371.0,3777.0,12484.0,2362.0,0.64,0.0,0.63,0.0,30.10055555555556,0,5.0,5.0,5.0,5.0,0.0,0.0,0.0,0.0
LA,2021-06-05,2021,22,43,6.0,0.0,17.0,0.0,2.0,6.5,7.0,7.0,19365.0,3789.0,12347.0,2343.0,0.64,0.0,0.62,0.0,30.10055555555556,0,5.0,5.0,4.0,8.0,0.0,0.0,0.0,0.0
LA,2021-06-12,2021,23,44,7.0,1.0,14.0,0.0,2.0,6.5,7.0,7.0,19440.0,3803.0,12612.0,2379.0,0.65,0.0,0.63,0.0,30.10055555555556,0,6.0,5.0,5.0,4.0,0.0,0.0,0.0,0.0
LA,2021-06-19,2021,24,45,5.0,1.0,9.0,0.0,2.0,6.5,7.0,7.0,19424.0,3777.0,12509.0,2372.0,0.64,0.0,0.63,0.0,30.10055555555556,0,7.0,6.0,5.0,5.0,0.0,0.0,0.0,0.0
LA,2021-06-26,2021,25,46,3.0,1.0,8.0,0.0,2.0,6.5,7.0,7.0,19340.0,3751.0,12395.0,2334.0,0.64,0.0,0.62,0.0,30.10055555555556,0,5.0,7.0,5.0,5.0,0.0,0.0,0.0,0.0
LA,2021-07-03,2021,26,47,4.0,1.0,9.0,0.0,2.0,6.5,7.0,7.0,19275.0,3754.0,12425.0,2359.0,0.64,0.0,0.63,0.0,30.10055555555556,0,3.0,5.0,6.0,4.0,0.0,0.0,0.0,0.0
LA,2021-07-10,2021,27,48,12.0,2.0,19.0,0.0,2.0,6.5,7.0,7.0,19201.0,3763.0,12424.0,2362.0,0.65,0.0,0.63,0.0,30.10055555555556,0,4.0,3.0,7.0,5.0,0.0,0.0,0.0,0.0
LA,2021-07-17,2021,28,49,8.0,1.0,26.0,0.0,2.0,6.5,7.0,7.0,19253.0,3765.0,12781.0,2484.0,0.66,0.0,0.66,0.0,30.10055555555556,0,12.0,4.0,5.0,5.0,0.0,0.0,0.0,0.0
LA,2021-07-24,2021,29,50,8.0,1.0,2.0,0.0,2.0,6.5,7.0,7.0,19258.0,3778.0,13024.0,2578.0,0.68,0.0,0.68,0.0,30.10055555555556,0,8.0,12.0,3.0,5.0,0.0,0.0,0.0,0.0
LA,2021-07-31,2021,30,51,8.0,2.0,17.0,0.0,2.0,6.5,7.0,7.0,18597.0,3705.0,13183.0,2744.0,0.71,0.0,0.74,0.0,30.10055555555556,0,8.0,8.0,4.0,6.0,0.0,0.0,0.0,0.0
LA,2021-08-07,2021,31,52,11.0,1.0,32.0,0.0,2.0,6.5,7.0,7.0,18423.0,3698.0,13401.0,2835.0,0.73,0.0,0.77,0.0,30.10055555555556,0,8.0,8.0,12.0,7.0,0.0,0.0,0.0,0.0
LA,2021-08-14,2021,32,53,11.0,2.0,18.0,0.0,2.0,6.5,7.0,7.0,18430.0,3740.0,13707.0,2967.0,0.74,0.0,0.79,0.0,30.10055555555556,0,11.0,8.0,8.0,5.0,0.0,0.0,0.0,0.0
LA,2021-08-21,2021,33,54,9.0,4.0,2.0,0.0,2.0,6.5,7.0,7.0,18444.0,3790.0,13859.0,3075.0,0.75,0.0,0.81,0.0,30.10055555555556,0,11.0,11.0,8.0,3.0,0.0,0.0,0.0,0.0
LA,2021-08-28,2021,34,55,7.0,2.0,11.0,0.0,2.0,6.5,7.0,7.0,18254.0,3755.0,13537.0,3036.0,0.74,0.0,0.81,0.0,30.10055555555556,0,9.0,11.0,8.0,4.0,0.0,0.0,0.0,0.0
LA,2021-09-04,2021,35,56,4.0,1.0,10.0,0.0,2.0,6.5,7.0,7.0,17729.0,3722.0,13225.0,2961.0,0.75,0.0,0.8,0.0,30.10055555555556,0,7.0,9.0,11.0,12.0,0.0,0.0,0.0,0.0
LA,2021-09-11,2021,36,57,5.0,0.0,3.0,0.0,2.0,6.5,7.0,7.0,17469.0,3616.0,13064.0,2780.0,0.75,0.0,0.77,0.0,30.10055555555556,0,4.0,7.0,11.0,8.0,0.0,0.0,0.0,0.0
LA,2021-09-18,2021,37,58,4.0,0.0,4.0,0.0,2.0,6.5,7.0,7.0,17638.0,3558.0,13186.0,2714.0,0.75,0.0,0.76,0.0,30.10055555555556,0,5.0,4.0,9.0,8.0,0.0,0.0,0.0,0.0
LA,2021-09-25,2021,38,59,5.0,1.0,6.0,0.0,2.0,6.5,7.0,7.0,17977.0,3587.0,13246.0,2687.0,0.74,0.0,0.75,0.0,30.10055555555556,0,4.0,5.0,7.0,8.0,0.0,0.0,0.0,0.0
LA,2021-10-02,2021,39,60,3.0,0.0,17.0,0.0,2.0,6.5,7.0,7.0,17834.0,3530.0,12843.0,2598.0,0.72,0.0,0.74,0.0,30.10055555555556,0,5.0,4.0,4.0,11.0,0.0,0.0,0.0,0.0
LA,2021-10-09,2021,40,61,2.0,0.0,9.0,0.0,2.0,6.5,7.0,7.0,17513.0,3394.0,12336.0,2442.0,0.7,0.0,0.72,0.0,30.10055555555556,0,3.0,5.0,5.0,11.0,0.0,0.0,0.0,0.0
LA,2021-10-16,2021,41,62,4.0,1.0,21.0,0.0,2.0,6.5,7.0,7.0,17516.0,3397.0,12119.0,2423.0,0.69,0.0,0.71,0.0,30.10055555555556,0,2.0,3.0,4.0,9.0,0.0,0.0,0.0,0.0
LA,2021-10-23,2021,42,63,6.0,3.0,11.0,0.0,2.0,6.5,7.0,7.0,17500.0,3368.0,12039.0,2372.0,0.69,0.0,0.7,0.0,30.10055555555556,0,4.0,2.0,5.0,7.0,0.0,0.0,0.0,0.0
LA,2021-10-30,2021,43,64,5.0,0.0,6.0,0.0,2.0,6.5,7.0,7.0,17452.0,3358.0,11882.0,2315.0,0.68,0.0,0.69,0.0,30.10055555555556,0,6.0,4.0,3.0,4.0,0.0,0.0,0.0,0.0
LA,2021-11-06,2021,44,65,4.0,1.0,10.0,0.0,2.0,6.5,7.0,7.0,17337.0,3276.0,11856.0,2271.0,0.68,0.0,0.69,0.0,30.10055555555556,0,5.0,6.0,2.0,5.0,0.0,0.0,0.0,0.0
LA,2021-11-13,2021,45,66,8.0,2.0,15.0,0.0,2.0,6.5,7.0,7.0,17408.0,3305.0,12086.0,2357.0,0.69,0.0,0.71,0.0,30.10055555555556,0,4.0,5.0,4.0,4.0,0.0,0.0,0.0,0.0
LA,2021-11-20,2021,46,67,5.0,1.0,4.0,0.0,2.0,6.5,7.0,7.0,17512.0,3315.0,12208.0,2369.0,0.7,0.0,0.71,0.0,30.10055555555556,0,8.0,4.0,6.0,5.0,0.0,0.0,0.0,0.0
LA,2021-11-27,2021,47,68,6.0,1.0,13.0,0.0,2.0,6.5,7.0,7.0,17252.0,3292.0,11342.0,2268.0,0.66,0.0,0.69,0.0,30.10055555555556,0,5.0,8.0,5.0,3.0,0.0,0.0,0.0,0.0
LA,2021-12-04,2021,48,69,15.0,1.0,50.0,0.0,2.0,6.5,7.0,7.0,17483.0,3307.0,12097.0,2343.0,0.69,0.0,0.71,0.0,30.10055555555556,0,6.0,5.0,4.0,2.0,0.0,0.0,0.0,0.0
LA,2021-12-11,2021,49,70,37.0,6.0,73.0,0.0,2.0,6.5,7.0,7.0,17470.0,3301.0,12307.0,2343.0,0.7,0.0,0.71,0.0,30.10055555555556,0,15.0,6.0,8.0,4.0,0.0,0.0,0.0,0.0
LA,2021-12-18,2021,50,71,38.0,6.0,80.0,0.0,2.0,6.5,7.0,7.0,17462.0,3316.0,12155.0,2331.0,0.7,0.0,0.7,0.0,30.10055555555556,0,37.0,15.0,5.0,6.0,0.0,0.0,0.0,0.0
LA,2021-12-25,2021,51,72,46.0,4.0,113.0,0.0,2.0,6.5,7.0,7.0,17175.0,3248.0,11301.0,2217.0,0.66,0.0,0.68,0.0,30.10055555555556,0,38.0,37.0,6.0,5.0,0.0,0.0,0.0,0.0
LA,2022-01-01,2022,52,73,72.0,6.0,171.0,0.0,2.0,6.5,7.0,7.0,17081.0,3234.0,11420.0,2306.0,0.67,0.0,0.71,0.0,31.052247191011237,1,46.0,38.0,15.0,4.0,0.0,0.0,0.0,0.0
LA,2022-01-08,2022,1,74,57.0,4.0,123.0,0.0,2.0,6.5,7.0,7.0,17254.0,3289.0,12192.0,2437.0,0.71,0.0,0.74,0.0,31.052247191011237,0,72.0,46.0,37.0,8.0,0.0,0.0,0.0,0.0
LA,2022-01-15,2022,2,75,35.0,7.0,60.0,0.0,2.0,6.5,7.0,7.0,17360.0,3307.0,12682.0,2480.0,0.73,0.0,0.75,0.0,31.052247191011237,0,57.0,72.0,38.0,5.0,0.0,0.0,0.0,0.0
LA,2022-01-22,2022,3,76,26.0,8.0,46.0,0.0,2.0,6.5,7.0,7.0,17273.0,3171.0,12673.0,2362.0,0.73,0.0,0.74,0.0,31.052247191011237,0,35.0,57.0,46.0,6.0,0.0,0.0,0.0,0.0
LA,2022-01-29,2022,4,77,18.0,4.0,42.0,0.0,2.0,6.5,7.0,7.0,17286.0,3142.0,12748.0,2358.0,0.74,0.0,0.75,0.0,31.052247191011237,0,26.0,35.0,72.0,15.0,0.0,0.0,0.0,0.0
LA,2022-02-05,2022,5,78,26.0,4.0,74.0,0.0,2.0,6.5,7.0,7.0,17248.0,3147.0,12809.0,2373.0,0.74,0.0,0.75,0.0,31.052247191011237,0,18.0,26.0,57.0,37.0,0.0,0.0,0.0,0.0
LA,2022-02-12,2022,6,79,34.0,5.0,85.0,0.0,2.0,6.5,7.0,7.0,17386.0,3138.0,12846.0,2365.0,0.74,0.0,0.75,0.0,31.052247191011237,0,26.0,18.0,35.0,38.0,0.0,0.0,0.0,0.0
LA,2022-02-19,2022,7,80,62.0,3.0,170.0,0.0,2.0,6.5,7.0,7.0,17252.0,3104.0,12471.0,2294.0,0.72,0.0,0.74,0.0,31.052247191011237,0,34.0,26.0,26.0,46.0,0.0,0.0,0.0,0.0
LA,2022-02-26,2022,8,81,61.0,4.0,116.0,0.0,2.0,6.5,7.0,7.0,17380.0,3087.0,12412.0,2247.0,0.71,0.0,0.73,0.0,31.052247191011237,0,62.0,34.0,18.0,72.0,0.0,0.0,0.0,0.0
LA,2022-03-05,2022,9,82,47.0,7.0,80.0,0.0,2.0,6.5,7.0,7.0,17107.0,3051.0,11784.0,2149.0,0.69,0.0,0.7,0.0,31.052247191011237,0,61.0,62.0,26.0,57.0,0.0,0.0,0.0,0.0
LA,2022-03-12,2022,10,83,52.0,9.0,62.0,0.0,2.0,6.5,7.0,7.0,17084.0,3077.0,11951.0,2141.0,0.7,0.0,0.7,0.0,31.052247191011237,0,47.0,61.0,34.0,35.0,0.0,0.0,0.0,0.0
LA,2022-03-19,2022,11,84,48.0,4.0,64.0,0.0,2.0,6.5,7.0,7.0,17032.0,3051.0,11771.0,2120.0,0.69,0.0,0.69,0.0,31.052247191011237,0,52.0,47.0,62.0,26.0,0.0,0.0,0.0,0.0
LA,2022-03-26,2022,12,85,52.0,10.0,74.0,0.0,2.0,6.5,7.0,7.0,17127.0,3016.0,11689.0,2033.0,0.68,0.0,0.67,0.0,31.052247191011237,0,48.0,52.0,61.0,18.0,0.0,0.0,0.0,0.0
LA,2022-04-02,2022,13,86,48.0,14.0,63.0,0.0,2.0,6.5,7.0,7.0,17169.0,3054.0,11669.0,2060.0,0.68,0.0,0.67,0.0,31.052247191011237,0,52.0,48.0,47.0,26.0,0.0,0.0,0.0,0.0
LA,2022-04-09,2022,14,87,25.0,6.0,30.0,0.0,2.0,6.5,7.0,7.0,17010.0,3083.0,11529.0,2057.0,0.68,0.0,0.67,0.0,31.052247191011237,0,48.0,52.0,52.0,34.0,0.0,0.0,0.0,0.0
LA,2022-04-16,2022,15,88,25.0,3.0,48.0,0.0,2.0,6.5,7.0,7.0,16968.0,3054.0,11331.0,2012.0,0.67,0.0,0.66,0.0,31.052247191011237,0,25.0,48.0,48.0,62.0,0.0,0.0,0.0,0.0
LA,2022-04-23,2022,16,89,23.0,3.0,44.0,0.0,2.0,6.5,7.0,7.0,17009.0,3055.0,11324.0,2014.0,0.67,0.0,0.66,0.0,31.052247191011237,0,25.0,25.0,52.0,61.0,0.0,0.0,0.0,0.0
LA,2022-04-30,2022,17,90,20.0,1.0,24.0,0.0,2.0,6.5,7.0,7.0,16922.0,3039.0,11403.0,2013.0,0.67,0.0,0.66,0.0,31.052247191011237,0,23.0,25.0,48.0,47.0,0.0,0.0,0.0,0.0
LA,2022-05-07,2022,18,91,25.0,3.0,35.0,0.0,2.0,6.5,7.0,7.0,16933.0,3048.0,11325.0,2039.0,0.67,0.0,0.67,0.0,31.052247191011237,0,20.0,23.0,25.0,52.0,0.0,0.0,0.0,0.0
LA,2022-05-14,2022,19,92,25.0,6.0,32.0,0.0,2.0,6.5,7.0,7.0,16895.0,3029.0,11394.0,2025.0,0.67,0.0,0.67,0.0,31.052247191011237,0,25.0,20.0,25.0,48.0,0.0,0.0,0.0,0.0
LA,2022-05-21,2022,20,93,17.0,3.0,36.0,0.0,2.0,6.5,7.0,7.0,16904.0,3026.0,11458.0,2042.0,0.68,0.0,0.68,0.0,31.052247191011237,0,25.0,25.0,23.0,52.0,0.0,0.0,0.0,0.0
LA,2022-05-28,2022,21,94,13.0,1.0,14.0,0.0,2.0,6.5,7.0,7.0,16813.0,2994.0,11393.0,2010.0,0.68,0.0,0.67,0.0,31.052247191011237,0,17.0,25.0,20.0,48.0,0.0,0.0,0.0,0.0
LA,2022-06-04,2022,22,95,15.0,3.0,19.0,0.0,2.0,6.5,7.0,7.0,16696.0,2975.0,11146.0,1971.0,0.67,0.0,0.66,0.0,31.052247191011237,0,13.0,17.0,25.0,25.0,0.0,0.0,0.0,0.0
LA,2022-06-11,2022,23,96,12.0,3.0,28.0,0.0,2.0,6.5,7.0,7.0,16688.0,2996.0,11324.0,2003.0,0.68,0.0,0.67,0.0,31.052247191011237,0,15.0,13.0,25.0,25.0,0.0,0.0,0.0,0.0
LA,2022-06-18,2022,24,97,7.0,2.0,12.0,0.0,2.0,6.5,7.0,7.0,16768.0,2990.0,11451.0,2003.0,0.68,0.0,0.67,0.0,31.052247191011237,0,12.0,15.0,17.0,23.0,0.0,0.0,0.0,0.0
LA,2022-06-25,2022,25,98,8.0,1.0,11.0,0.0,2.0,6.5,7.0,7.0,16565.0,2953.0,11360.0,1996.0,0.69,0.0,0.68,0.0,31.052247191011237,0,7.0,12.0,13.0,20.0,0.0,0.0,0.0,0.0
LA,2022-07-02,2022,26,99,3.0,0.0,7.0,0.0,2.0,6.5,7.0,7.0,16177.0,2911.0,10987.0,1915.0,0.68,0.0,0.66,0.0,31.052247191011237,0,8.0,7.0,15.0,25.0,0.0,0.0,0.0,0.0
LA,2022-07-09,2022,27,100,5.0,2.0,1.0,0.0,2.0,6.5,7.0,7.0,15910.0,2877.0,10815.0,1918.0,0.68,0.0,0.67,0.0,31.052247191011237,0,3.0,8.0,12.0,25.0,0.0,0.0,0.0,0.0
LA,2022-07-16,2022,28,101,3.0,1.0,4.0,0.0,2.0,6.5,7.0,7.0,15940.0,2884.0,11086.0,2003.0,0.7,0.0,0.69,0.0,31.052247191011237,0,5.0,3.0,7.0,17.0,0.0,0.0,0.0,0.0
LA,2022-07-23,2022,29,102,4.0,0.0,18.0,0.0,2.0,6.5,7.0,7.0,15821.0,2859.0,10977.0,1984.0,0.69,0.0,0.69,0.0,31.052247191011237,0,3.0,5.0,8.0,13.0,0.0,0.0,0.0,0.0
LA,2022-07-30,2022,30,103,3.0,0.0,4.0,0.0,2.0,6.5,7.0,7.0,15863.0,2876.0,11053.0,1991.0,0.7,0.0,0.69,0.0,31.052247191011237,0,4.0,3.0,3.0,15.0,0.0,0.0,0.0,0.0
LA,2022-08-06,2022,31,104,4.0,0.0,6.0,0.0,2.0,6.5,7.0,7.0,15828.0,2884.0,10880.0,1983.0,0.69,0.0,0.69,0.0,31.052247191011237,0,3.0,4.0,5.0,12.0,0.0,0.0,0.0,0.0
LA,2022-08-13,2022,32,105,4.0,0.0,13.0,0.0,2.0,6.5,7.0,7.0,15940.0,2918.0,11015.0,2030.0,0.69,0.0,0.7,0.0,31.052247191011237,0,4.0,3.0,3.0,7.0,0.0,0.0,0.0,0.0
LA,2022-08-20,2022,33,106,3.0,0.0,8.0,0.0,2.0,6.5,7.0,7.0,16042.0,2948.0,11193.0,2040.0,0.7,0.0,0.69,0.0,31.052247191011237,0,4.0,4.0,4.0,8.0,0.0,0.0,0.0,0.0
LA,2022-08-27,2022,34,107,6.0,2.0,11.0,0.0,2.0,6.5,7.0,7.0,15976.0,2919.0,11135.0,2012.0,0.7,0.0,0.69,0.0,31.052247191011237,0,3.0,4.0,3.0,3.0,0.0,0.0,0.0,0.0
LA,2022-09-03,2022,35,108,9.0,3.0,10.0,0.0,2.0,6.5,7.0,7.0,15710.0,2851.0,10960.0,1963.0,0.7,0.0,0.69,0.0,31.052247191011237,0,6.0,3.0,4.0,5.0,0.0,0.0,0.0,0.0
LA,2022-09-10,2022,36,109,9.0,3.0,16.0,0.0,2.0,6.5,7.0,7.0,14124.0,2544.0,9488.0,1634.0,0.67,0.0,0.64,0.0,31.052247191011237,0,9.0,6.0,4.0,3.0,0.0,0.0,0.0,0.0
LA,2022-09-17,2022,37,110,8.0,2.0,19.0,0.0,2.0,6.5,7.0,7.0,14285.0,2560.0,9792.0,1721.0,0.69,0.0,0.67,0.0,31.052247191011237,0,9.0,9.0,3.0,4.0,0.0,0.0,0.0,0.0
LA,2022-09-24,2022,38,111,12.0,2.0,18.0,0.0,2.0,6.5,7.0,7.0,14328.0,2579.0,9783.0,1716.0,0.68,0.0,0.67,0.0,31.052247191011237,0,8.0,9.0,6.0,3.0,0.0,0.0,0.0,0.0
LA,2022-10-01,2022,39,112,22.0,4.0,47.0,0.0,2.0,6.5,7.0,7.0,15025.0,2737.0,10216.0,1821.0,0.68,0.0,0.67,0.0,31.052247191011237,0,12.0,8.0,9.0,4.0,0.0,0.0,0.0,0.0
LA,2022-10-08,2022,40,113,29.0,5.0,67.0,0.0,2.0,6.5,7.0,7.0,15916.0,2913.0,10820.0,1976.0,0.68,0.0,0.68,0.0,31.052247191011237,0,22.0,12.0,9.0,4.0,0.0,0.0,0.0,0.0
LA,2022-10-15,2022,41,114,50.0,15.0,98.0,0.0,2.0,6.5,7.0,7.0,15968.0,2932.0,11008.0,2045.0,0.69,0.0,0.7,0.01,31.052247191011237,0,29.0,22.0,8.0,3.0,0.0,0.0,0.0,0.0
LA,2022-10-22,2022,42,115,74.0,20.0,129.0,0.0,2.0,6.5,7.0,7.0,15991.0,2910.0,10897.0,1976.0,0.68,0.0,0.68,0.01,31.052247191011237,1,50.0,29.0,12.0,6.0,0.0,0.0,0.0,0.0
LA,2022-10-29,2022,43,116,111.0,20.0,235.0,0.0,2.0,6.5,7.0,7.0,16004.0,2935.0,11068.0,2032.0,0.69,0.01,0.69,0.01,31.052247191011237,1,74.0,50.0,22.0,9.0,0.0,0.0,0.0,0.0
LA,2022-11-05,2022,44,117,126.0,30.0,221.0,0.0,2.0,6.5,7.0,7.0,15876.0,2922.0,10847.0,2008.0,0.68,0.01,0.69,0.01,31.052247191011237,1,111.0,74.0,29.0,9.0,0.01,0.0,0.0,0.0
LA,2022-11-12,2022,45,118,150.0,29.0,228.0,0.0,2.0,6.5,7.0,7.0,16051.0,2939.0,11211.0,2031.0,0.7,0.01,0.69,0.01,31.052247191011237,1,126.0,111.0,50.0,8.0,0.01,0.01,0.0,0.0
LA,2022-11-19,2022,46,119,153.0,25.0,237.0,0.0,2.0,6.5,7.0,7.0,16531.0,2965.0,11540.0,2073.0,0.7,0.01,0.7,0.01,31.052247191011237,1,150.0,126.0,74.0,12.0,0.01,0.01,0.0,0.0
LA,2022-11-26,2022,47,120,170.0,23.0,330.0,0.0,2.0,6.5,7.0,7.0,16379.0,2964.0,10977.0,2032.0,0.67,0.01,0.69,0.01,31.052247191011237,1,153.0,150.0,111.0,22.0,0.01,0.01,0.01,0.0
LA,2022-12-03,2022,48,121,282.0,36.0,452.0,0.0,2.0,6.5,7.0,7.0,16609.0,3017.0,11819.0,2171.0,0.71,0.02,0.72,0.01,31.052247191011237,1,170.0,153.0,126.0,29.0,0.01,0.01,0.01,0.0
LA,2022-12-10,2022,49,122,229.0,43.0,382.0,0.0,2.0,6.5,7.0,7.0,16569.0,3002.0,11814.0,2159.0,0.71,0.01,0.72,0.01,31.052247191011237,1,282.0,170.0,150.0,50.0,0.02,0.01,0.01,0.0
LA,2022-12-17,2022,50,123,153.0,33.0,180.0,0.0,2.0,6.5,7.0,7.0,19547.0,3433.0,13870.0,2472.0,0.71,0.01,0.72,0.01,31.052247191011237,1,229.0,282.0,153.0,74.0,0.01,0.02,0.01,0.0
LA,2022-12-24,2022,51,124,107.0,28.0,155.0,0.0,2.0,6.5,7.0,7.0,15454.0,2479.0,10285.0,1701.0,0.67,0.01,0.69,0.01,31.052247191011237,1,153.0,229.0,170.0,111.0,0.01,0.01,0.01,0.01
LA,2022-12-31,2022,52,125,104.0,23.0,166.0,0.0,2.0,6.5,7.0,7.0,12137.0,1832.0,7875.0,1257.0,0.65,0.01,0.69,0.01,31.052247191011237,1,107.0,153.0,282.0,126.0,0.01,0.01,0.02,0.01
MA,2020-10-03,2020,40,8,9.0,2.0,9.5,0.0,0.0,0.0,0.0,1.5,18603.0,2522.0,14266.0,1444.0,0.77,0.0,0.57,0.0,46.78277511961723,0,9.0,9.0,9.0,9.0,0.0,0.0,0.0,0.0
MA,2020-10-10,2020,41,9,9.0,2.0,9.5,0.0,0.0,0.0,0.0,1.5,18690.0,2556.0,14132.0,1438.0,0.76,0.0,0.56,0.0,46.78277511961723,0,9.0,9.0,9.0,9.0,0.0,0.0,0.0,0.0
MA,2020-10-17,2020,42,10,9.0,2.0,9.5,0.0,0.0,0.0,0.0,1.5,18921.0,2624.0,13717.0,1404.0,0.72,0.0,0.54,0.0,46.78277511961723,0,9.0,9.0,9.0,9.0,0.0,0.0,0.0,0.0
MA,2020-10-24,2020,43,11,0.0,0.0,0.0,0.0,0.0,0.0,0.0,1.5,18933.0,2631.0,13838.0,1440.0,0.73,0.0,0.55,0.0,46.78277511961723,0,9.0,9.0,9.0,9.0,0.0,0.0,0.0,0.0
MA,2020-10-31,2020,44,12,1.0,0.0,3.0,0.0,0.0,0.0,0.0,1.5,20034.0,2635.0,13784.0,1439.0,0.69,0.0,0.55,0.0,46.78277511961723,0,0.0,9.0,9.0,9.0,0.0,0.0,0.0,0.0
MA,2020-11-07,2020,45,13,1.0,0.0,6.0,0.0,0.0,0.0,0.0,1.5,20060.0,2636.0,13711.0,1449.0,0.68,0.0,0.55,0.0,46.78277511961723,0,1.0,0.0,9.0,9.0,0.0,0.0,0.0,0.0
MA,2020-11-14,2020,46,14,2.0,0.0,3.0,0.0,0.0,0.0,0.0,1.5,20035.0,2633.0,13945.0,1464.0,0.7,0.0,0.56,0.0,46.78277511961723,0,1.0,1.0,9.0,9.0,0.0,0.0,0.0,0.0
MA,2020-11-21,2020,47,15,2.0,0.0,1.0,0.0,0.0,0.0,0.0,1.5,20161.0,2650.0,13975.0,1472.0,0.69,0.0,0.56,0.0,46.78277511961723,0,2.0,1.0,0.0,9.0,0.0,0.0,0.0,0.0
MA,2020-11-28,2020,48,16,2.0,0.0,1.0,0.0,0.0,0.0,0.0,1.5,20050.0,2646.0,13278.0,1417.0,0.66,0.0,0.54,0.0,46.78277511961723,0,2.0,2.0,1.0,9.0,0.0,0.0,0.0,0.0
MA,2020-12-05,2020,49,17,3.0,0.0,3.0,0.0,0.0,0.0,0.0,1.5,19600.0,2553.0,13790.0,1453.0,0.7,0.0,0.57,0.0,46.78277511961723,0,2.0,2.0,1.0,9.0,0.0,0.0,0.0,0.0
MA,2020-12-12,2020,50,18,2.0,1.0,1.0,0.0,0.0,0.0,0.0,1.5,18185.0,2257.0,14014.0,1490.0,0.77,0.0,0.66,0.0,46.78277511961723,0,3.0,2.0,2.0,9.0,0.0,0.0,0.0,0.0
MA,2020-12-19,2020,51,19,2.0,1.0,3.0,0.0,0.0,0.0,0.0,1.5,17681.0,2170.0,13837.0,1463.0,0.78,0.0,0.67,0.0,46.78277511961723,0,2.0,3.0,2.0,0.0,0.0,0.0,0.0,0.0
MA,2020-12-26,2020,52,20,4.0,3.0,4.0,0.0,0.0,0.0,0.0,1.5,17600.0,2165.0,13447.0,1491.0,0.76,0.0,0.69,0.0,46.78277511961723,0,2.0,2.0,2.0,1.0,0.0,0.0,0.0,0.0
MA,2021-01-02,2021,53,21,6.0,3.0,7.0,0.0,0.0,0.0,0.0,1.5,17821.0,2190.0,13871.0,1510.0,0.78,0.0,0.69,0.0,43.494179894179894,0,4.0,2.0,3.0,1.0,0.0,0.0,0.0,0.0
MA,2021-01-09,2021,1,22,7.0,5.0,3.0,0.0,0.0,0.0,0.0,1.5,17966.0,2195.0,14418.0,1610.0,0.8,0.0,0.73,0.0,43.494179894179894,0,6.0,4.0,2.0,2.0,0.0,0.0,0.0,0.0
MA,2021-01-16,2021,2,23,3.0,0.0,3.0,0.0,0.0,0.0,0.0,1.5,17943.0,2211.0,14496.0,1629.0,0.81,0.0,0.74,0.0,43.494179894179894,0,7.0,6.0,2.0,2.0,0.0,0.0,0.0,0.0
MA,2021-01-23,2021,3,24,2.0,0.0,3.0,0.0,0.0,0.0,0.0,1.5,17896.0,2219.0,14556.0,1670.0,0.81,0.0,0.75,0.0,43.494179894179894,0,3.0,7.0,4.0,2.0,0.0,0.0,0.0,0.0
MA,2021-01-30,2021,4,25,1.0,0.0,0.0,0.0,0.0,0.0,0.0,1.5,17857.0,2218.0,14493.0,1678.0,0.81,0.0,0.76,0.0,43.494179894179894,0,2.0,3.0,6.0,3.0,0.0,0.0,0.0,0.0
MA,2021-02-06,2021,5,26,3.0,0.0,3.0,0.0,0.0,0.0,0.0,1.5,17957.0,2213.0,14150.0,1632.0,0.79,0.0,0.74,0.0,43.494179894179894,0,1.0,2.0,7.0,2.0,0.0,0.0,0.0,0.0
MA,2021-02-13,2021,6,27,2.0,0.0,1.0,0.0,0.0,0.0,0.0,1.5,17860.0,2204.0,14251.0,1620.0,0.8,0.0,0.74,0.0,43.494179894179894,0,3.0,1.0,3.0,2.0,0.0,0.0,0.0,0.0
MA,2021-02-20,2021,7,28,2.0,1.0,3.0,0.0,0.0,0.0,0.0,1.5,17820.0,2186.0,14147.0,1587.0,0.79,0.0,0.73,0.0,43.494179894179894,0,2.0,3.0,2.0,4.0,0.0,0.0,0.0,0.0
MA,2021-02-27,2021,8,29,5.0,2.0,2.0,0.0,0.0,0.0,0.0,1.5,17905.0,2190.0,14265.0,1562.0,0.8,0.0,0.71,0.0,43.494179894179894,0,2.0,2.0,1.0,6.0,0.0,0.0,0.0,0.0
MA,2021-03-06,2021,9,30,2.0,1.0,2.0,0.0,0.0,0.0,0.0,1.5,17749.0,2177.0,14158.0,1560.0,0.8,0.0,0.72,0.0,43.494179894179894,0,5.0,2.0,3.0,7.0,0.0,0.0,0.0,0.0
MA,2021-03-13,2021,10,31,3.0,1.0,5.0,0.0,0.0,0.0,0.0,1.5,17671.0,2173.0,14036.0,1556.0,0.79,0.0,0.72,0.0,43.494179894179894,0,2.0,5.0,2.0,3.0,0.0,0.0,0.0,0.0
MA,2021-03-20,2021,11,32,4.0,0.0,5.0,0.0,0.0,0.0,0.0,1.5,17640.0,2159.0,14083.0,1558.0,0.8,0.0,0.72,0.0,43.494179894179894,0,3.0,2.0,2.0,2.0,0.0,0.0,0.0,0.0
MA,2021-03-27,2021,12,33,3.0,0.0,0.0,0.0,0.0,0.0,0.0,1.5,17688.0,2149.0,14257.0,1530.0,0.81,0.0,0.71,0.0,43.494179894179894,0,4.0,3.0,5.0,1.0,0.0,0.0,0.0,0.0
MA,2021-04-03,2021,13,34,1.0,0.0,3.0,0.0,0.0,0.0,0.0,1.5,17783.0,2147.0,14385.0,1557.0,0.81,0.0,0.73,0.0,43.494179894179894,0,3.0,4.0,2.0,3.0,0.0,0.0,0.0,0.0
MA,2021-04-10,2021,14,35,2.0,0.0,4.0,0.0,0.0,0.0,0.0,1.5,17718.0,2139.0,14423.0,1558.0,0.81,0.0,0.73,0.0,43.494179894179894,0,1.0,3.0,3.0,2.0,0.0,0.0,0.0,0.0
MA,2021-04-17,2021,15,36,2.0,1.0,0.0,0.0,0.0,0.0,0.0,1.5,17725.0,2134.0,14612.0,1572.0,0.82,0.0,0.74,0.0,43.494179894179894,0,2.0,1.0,4.0,2.0,0.0,0.0,0.0,0.0
MA,2021-04-24,2021,16,37,1.0,1.0,1.0,0.0,0.0,0.0,0.0,1.5,17666.0,2144.0,14353.0,1555.0,0.81,0.0,0.73,0.0,43.494179894179894,0,2.0,2.0,3.0,5.0,0.0,0.0,0.0,0.0
MA,2021-05-01,2021,17,38,1.0,1.0,1.0,0.0,0.0,0.0,0.0,1.5,17707.0,2144.0,14472.0,1561.0,0.82,0.0,0.73,0.0,43.494179894179894,0,1.0,2.0,1.0,2.0,0.0,0.0,0.0,0.0
MA,2021-05-08,2021,18,39,1.0,1.0,2.0,0.0,0.0,0.0,0.0,1.5,17758.0,2144.0,14564.0,1573.0,0.82,0.0,0.73,0.0,43.494179894179894,0,1.0,1.0,2.0,3.0,0.0,0.0,0.0,0.0
MA,2021-05-15,2021,19,40,0.0,0.0,0.0,0.0,0.0,0.0,0.0,1.5,17687.0,2132.0,14303.0,1551.0,0.81,0.0,0.73,0.0,43.494179894179894,0,1.0,1.0,2.0,4.0,0.0,0.0,0.0,0.0
MA,2021-05-22,2021,20,41,2.0,1.0,0.0,0.0,0.0,0.0,0.0,1.5,17710.0,2123.0,14335.0,1517.0,0.81,0.0,0.71,0.0,43.494179894179894,0,0.0,1.0,1.0,3.0,0.0,0.0,0.0,0.0
MA,2021-05-29,2021,21,42,2.0,1.0,0.0,0.0,0.0,0.0,0.0,1.5,17654.0,2121.0,14352.0,1535.0,0.81,0.0,0.72,0.0,43.494179894179894,0,2.0,0.0,1.0,1.0,0.0,0.0,0.0,0.0
MA,2021-06-05,2021,22,43,2.0,1.0,0.0,0.0,0.0,0.0,0.0,1.5,17657.0,2123.0,14241.0,1508.0,0.81,0.0,0.71,0.0,43.494179894179894,0,2.0,2.0,1.0,2.0,0.0,0.0,0.0,0.0
MA,2021-06-12,2021,23,44,2.0,1.0,0.0,0.0,0.0,0.0,0.0,1.5,17703.0,2121.0,14616.0,1564.0,0.83,0.0,0.74,0.0,43.494179894179894,0,2.0,2.0,0.0,2.0,0.0,0.0,0.0,0.0
MA,2021-06-19,2021,24,45,2.0,1.0,0.0,0.0,0.0,0.0,0.0,1.5,17647.0,2111.0,14600.0,1534.0,0.83,0.0,0.73,0.0,43.494179894179894,0,2.0,2.0,2.0,1.0,0.0,0.0,0.0,0.0
MA,2021-06-26,2021,25,46,3.0,2.0,1.0,0.0,0.0,0.0,0.0,1.5,17600.0,2103.0,14545.0,1516.0,0.83,0.0,0.72,0.0,43.494179894179894,0,2.0,2.0,2.0,1.0,0.0,0.0,0.0,0.0
MA,2021-07-03,2021,26,47,0.0,0.0,0.0,0.0,0.0,0.0,0.0,1.5,17420.0,2082.0,14321.0,1474.0,0.82,0.0,0.71,0.0,43.494179894179894,0,3.0,2.0,2.0,1.0,0.0,0.0,0.0,0.0
MA,2021-07-10,2021,27,48,1.0,0.0,0.0,0.0,0.0,0.0,0.0,1.5,17441.0,2083.0,14208.0,1458.0,0.81,0.0,0.7,0.0,43.494179894179894,0,0.0,3.0,2.0,0.0,0.0,0.0,0.0,0.0
MA,2021-07-17,2021,28,49,0.0,0.0,0.0,0.0,0.0,0.0,0.0,1.5,17540.0,2089.0,14653.0,1474.0,0.84,0.0,0.71,0.0,43.494179894179894,0,1.0,0.0,2.0,2.0,0.0,0.0,0.0,0.0
MA,2021-07-24,2021,29,50,0.0,0.0,0.0,0.0,0.0,0.0,0.0,1.5,17409.0,2074.0,14618.0,1495.0,0.84,0.0,0.72,0.0,43.494179894179894,0,0.0,1.0,3.0,2.0,0.0,0.0,0.0,0.0
MA,2021-07-31,2021,30,51,1.0,0.0,0.0,0.0,0.0,0.0,0.0,1.5,17574.0,2088.0,14734.0,1548.0,0.84,0.0,0.74,0.0,43.494179894179894,0,0.0,0.0,0.0,2.0,0.0,0.0,0.0,0.0
MA,2021-08-07,2021,31,52,0.0,0.0,0.0,0.0,0.0,0.0,0.0,1.5,17526.0,2081.0,14741.0,1544.0,0.84,0.0,0.74,0.0,43.494179894179894,0,1.0,0.0,1.0,2.0,0.0,0.0,0.0,0.0
MA,2021-08-14,2021,32,53,1.0,0.0,1.0,0.0,0.0,0.0,0.0,1.5,17376.0,2078.0,14634.0,1550.0,0.84,0.0,0.75,0.0,43.494179894179894,0,0.0,1.0,0.0,2.0,0.0,0.0,0.0,0.0
MA,2021-08-21,2021,33,54,0.0,0.0,0.0,0.0,0.0,0.0,0.0,1.5,17307.0,2063.0,14438.0,1501.0,0.83,0.0,0.73,0.0,43.494179894179894,0,1.0,0.0,0.0,3.0,0.0,0.0,0.0,0.0
MA,2021-08-28,2021,34,55,0.0,0.0,0.0,0.0,0.0,0.0,0.0,1.5,17161.0,2019.0,14536.0,1521.0,0.85,0.0,0.75,0.0,43.494179894179894,0,0.0,1.0,1.0,0.0,0.0,0.0,0.0,0.0
MA,2021-09-04,2021,35,56,0.0,0.0,0.0,0.0,0.0,0.0,0.0,1.5,17144.0,2021.0,14487.0,1515.0,0.84,0.0,0.75,0.0,43.494179894179894,0,0.0,0.0,0.0,1.0,0.0,0.0,0.0,0.0
MA,2021-09-11,2021,36,57,0.0,0.0,0.0,0.0,0.0,0.0,0.0,1.5,17154.0,2022.0,14397.0,1523.0,0.84,0.0,0.75,0.0,43.494179894179894,0,0.0,0.0,1.0,0.0,0.0,0.0,0.0,0.0
MA,2021-09-18,2021,37,58,0.0,0.0,0.0,0.0,0.0,0.0,0.0,1.5,17187.0,2027.0,14611.0,1579.0,0.85,0.0,0.78,0.0,43.494179894179894,0,0.0,0.0,0.0,0.0,0.0,0.0,0.0,0.0
MA,2021-09-25,2021,38,59,0.0,0.0,0.0,0.0,0.0,0.0,0.0,1.5,16952.0,1989.0,14481.0,1531.0,0.85,0.0,0.77,0.0,43.494179894179894,0,0.0,0.0,0.0,1.0,0.0,0.0,0.0,0.0
MA,2021-10-02,2021,39,60,0.0,0.0,0.0,0.0,0.0,0.0,0.0,1.5,16846.0,1929.0,14672.0,1545.0,0.87,0.0,0.8,0.0,43.494179894179894,0,0.0,0.0,0.0,0.0,0.0,0.0,0.0,0.0
MA,2021-10-09,2021,40,61,0.0,0.0,0.0,0.0,0.0,0.0,0.0,1.5,16776.0,1912.0,14362.0,1543.0,0.86,0.0,0.81,0.0,43.494179894179894,0,0.0,0.0,0.0,1.0,0.0,0.0,0.0,0.0
MA,2021-10-16,2021,41,62,0.0,0.0,0.0,0.0,0.0,0.0,0.0,1.5,29321.0,3328.0,25058.0,2685.0,0.85,0.0,0.81,0.0,43.494179894179894,0,0.0,0.0,0.0,0.0,0.0,0.0,0.0,0.0
MA,2021-10-23,2021,42,63,0.0,0.0,0.0,0.0,0.0,0.0,0.0,1.5,31629.0,3579.0,27059.0,2899.0,0.86,0.0,0.81,0.0,43.494179894179894,0,0.0,0.0,0.0,0.0,0.0,0.0,0.0,0.0
MA,2021-10-30,2021,43,64,2.0,0.0,0.0,0.0,0.0,0.0,0.0,1.5,22823.0,2563.0,19413.0,2066.0,0.85,0.0,0.81,0.0,43.494179894179894,0,0.0,0.0,0.0,0.0,0.0,0.0,0.0,0.0
MA,2021-11-06,2021,44,65,0.0,0.0,0.0,0.0,0.0,0.0,0.0,1.5,15587.0,1804.0,13377.0,1448.0,0.86,0.0,0.8,0.0,43.494179894179894,0,2.0,0.0,0.0,0.0,0.0,0.0,0.0,0.0
MA,2021-11-13,2021,45,66,0.0,0.0,0.0,0.0,0.0,0.0,0.0,1.5,15637.0,1809.0,13395.0,1438.0,0.86,0.0,0.79,0.0,43.494179894179894,0,0.0,2.0,0.0,0.0,0.0,0.0,0.0,0.0
MA,2021-11-20,2021,46,67,3.0,1.0,4.0,0.0,0.0,0.0,0.0,1.5,15548.0,1793.0,13384.0,1457.0,0.86,0.0,0.81,0.0,43.494179894179894,0,0.0,0.0,0.0,0.0,0.0,0.0,0.0,0.0
MA,2021-11-27,2021,47,68,4.0,0.0,2.0,0.0,0.0,0.0,0.0,1.5,15396.0,1772.0,12896.0,1415.0,0.84,0.0,0.8,0.0,43.494179894179894,0,3.0,0.0,2.0,0.0,0.0,0.0,0.0,0.0
MA,2021-12-04,2021,48,69,10.0,0.0,9.0,0.0,0.0,0.0,0.0,1.5,15485.0,1800.0,13350.0,1486.0,0.86,0.0,0.83,0.0,43.494179894179894,0,4.0,3.0,0.0,0.0,0.0,0.0,0.0,0.0
MA,2021-12-11,2021,49,70,16.0,2.0,19.0,0.0,0.0,0.0,0.0,1.5,15649.0,1906.0,13514.0,1605.0,0.86,0.0,0.84,0.0,43.494179894179894,0,10.0,4.0,0.0,0.0,0.0,0.0,0.0,0.0
MA,2021-12-18,2021,50,71,16.0,3.0,15.0,0.0,0.0,0.0,0.0,1.5,15554.0,1847.0,13460.0,1532.0,0.87,0.0,0.83,0.0,43.494179894179894,0,16.0,10.0,3.0,0.0,0.0,0.0,0.0,0.0
MA,2021-12-25,2021,51,72,16.0,0.0,24.0,0.0,0.0,0.0,0.0,1.5,15295.0,1819.0,12840.0,1486.0,0.84,0.0,0.82,0.0,43.494179894179894,0,16.0,16.0,4.0,2.0,0.0,0.0,0.0,0.0
MA,2022-01-01,2022,52,73,28.0,1.0,54.0,0.0,0.0,0.0,0.0,1.5,15209.0,1808.0,12630.0,1455.0,0.83,0.0,0.8,0.0,45.51693121693122,0,16.0,16.0,10.0,0.0,0.0,0.0,0.0,0.0
MA,2022-01-08,2022,1,74,32.0,2.0,46.0,0.0,0.0,0.0,0.0,1.5,15242.0,1814.0,12967.0,1485.0,0.85,0.0,0.82,0.0,45.51693121693122,0,28.0,16.0,16.0,0.0,0.0,0.0,0.0,0.0
MA,2022-01-15,2022,2,75,48.0,9.0,42.0,0.0,0.0,0.0,0.0,1.5,15378.0,1844.0,13211.0,1543.0,0.86,0.0,0.84,0.0,45.51693121693122,0,32.0,28.0,16.0,3.0,0.0,0.0,0.0,0.0
MA,2022-01-22,2022,3,76,43.0,7.0,49.0,0.0,0.0,0.0,0.0,1.5,15511.0,1857.0,13329.0,1565.0,0.86,0.0,0.84,0.0,45.51693121693122,0,48.0,32.0,16.0,4.0,0.0,0.0,0.0,0.0
MA,2022-01-29,2022,4,77,26.0,3.0,28.0,0.0,0.0,0.0,0.0,1.5,15679.0,1950.0,13396.0,1534.0,0.85,0.0,0.79,0.0,45.51693121693122,0,43.0,48.0,28.0,10.0,0.0,0.0,0.0,0.0
MA,2022-02-05,2022,5,78,16.0,1.0,33.0,0.0,0.0,0.0,0.0,1.5,15675.0,1843.0,13385.0,1490.0,0.85,0.0,0.81,0.0,45.51693121693122,0,26.0,43.0,32.0,16.0,0.0,0.0,0.0,0.0
MA,2022-02-12,2022,6,79,12.0,1.0,30.0,0.0,0.0,0.0,0.0,1.5,15584.0,1837.0,13297.0,1468.0,0.85,0.0,0.8,0.0,45.51693121693122,0,16.0,26.0,48.0,16.0,0.0,0.0,0.0,0.0
MA,2022-02-19,2022,7,80,13.0,2.0,43.0,0.0,0.0,0.0,0.0,1.5,15668.0,1826.0,13379.0,1463.0,0.85,0.0,0.8,0.0,45.51693121693122,0,12.0,16.0,43.0,16.0,0.0,0.0,0.0,0.0
MA,2022-02-26,2022,8,81,11.0,2.0,34.0,0.0,0.0,0.0,0.0,1.5,15700.0,1819.0,13083.0,1421.0,0.83,0.0,0.78,0.0,45.51693121693122,0,13.0,12.0,26.0,28.0,0.0,0.0,0.0,0.0
MA,2022-03-05,2022,9,82,5.0,1.0,11.0,0.0,0.0,0.0,0.0,1.5,15702.0,1824.0,13110.0,1419.0,0.83,0.0,0.78,0.0,45.51693121693122,0,11.0,13.0,16.0,32.0,0.0,0.0,0.0,0.0
MA,2022-03-12,2022,10,83,12.0,1.0,23.0,0.0,0.0,0.0,0.0,1.5,15771.0,1837.0,13085.0,1410.0,0.83,0.0,0.77,0.0,45.51693121693122,0,5.0,11.0,12.0,48.0,0.0,0.0,0.0,0.0
MA,2022-03-19,2022,11,84,22.0,1.0,36.0,0.0,0.0,0.0,0.0,1.5,15722.0,1808.0,13056.0,1373.0,0.83,0.0,0.76,0.0,45.51693121693122,0,12.0,5.0,13.0,43.0,0.0,0.0,0.0,0.0
MA,2022-03-26,2022,12,85,22.0,1.0,30.0,0.0,0.0,0.0,0.0,1.5,15758.0,1812.0,13181.0,1396.0,0.84,0.0,0.77,0.0,45.51693121693122,0,22.0,12.0,11.0,26.0,0.0,0.0,0.0,0.0
MA,2022-04-02,2022,13,86,37.0,5.0,78.0,0.0,0.0,0.0,0.0,1.5,15760.0,1809.0,13115.0,1389.0,0.83,0.0,0.77,0.0,45.51693121693122,0,22.0,22.0,5.0,16.0,0.0,0.0,0.0,0.0
MA,2022-04-09,2022,14,87,74.0,7.0,131.0,0.0,0.0,0.0,0.0,1.5,15637.0,1800.0,13126.0,1382.0,0.84,0.0,0.77,0.0,45.51693121693122,0,37.0,22.0,12.0,12.0,0.0,0.0,0.0,0.0
MA,2022-04-16,2022,15,88,90.0,5.0,167.0,0.0,0.0,0.0,0.0,1.5,15633.0,1800.0,13249.0,1396.0,0.85,0.01,0.78,0.0,45.51693121693122,0,74.0,37.0,22.0,13.0,0.0,0.0,0.0,0.0
MA,2022-04-23,2022,16,89,109.0,10.0,176.0,0.0,0.0,0.0,0.0,1.5,15531.0,1792.0,12949.0,1365.0,0.83,0.01,0.76,0.01,45.51693121693122,0,90.0,74.0,22.0,11.0,0.01,0.0,0.0,0.0
MA,2022-04-30,2022,17,90,127.0,12.0,183.0,0.0,0.0,0.0,0.0,1.5,15437.0,1764.0,13060.0,1353.0,0.85,0.01,0.77,0.01,45.51693121693122,1,109.0,90.0,37.0,5.0,0.01,0.01,0.0,0.0
MA,2022-05-07,2022,18,91,125.0,12.0,174.0,0.0,0.0,0.0,0.0,1.5,15696.0,1826.0,13288.0,1426.0,0.85,0.01,0.78,0.01,45.51693121693122,1,127.0,109.0,74.0,12.0,0.01,0.01,0.0,0.0
MA,2022-05-14,2022,19,92,110.0,9.0,162.0,0.0,0.0,0.0,0.0,1.5,15600.0,1789.0,13251.0,1402.0,0.85,0.01,0.78,0.0,45.51693121693122,0,125.0,127.0,90.0,22.0,0.01,0.01,0.01,0.0
MA,2022-05-21,2022,20,93,102.0,10.0,147.0,0.0,0.0,0.0,0.0,1.5,15622.0,1782.0,13404.0,1421.0,0.86,0.01,0.8,0.01,45.51693121693122,0,110.0,125.0,109.0,22.0,0.01,0.01,0.01,0.0
MA,2022-05-28,2022,21,94,62.0,6.0,74.0,0.0,0.0,0.0,0.0,1.5,15663.0,1782.0,13365.0,1397.0,0.85,0.0,0.78,0.0,45.51693121693122,0,102.0,110.0,127.0,37.0,0.01,0.01,0.01,0.0
MA,2022-06-04,2022,22,95,34.0,5.0,39.0,0.0,0.0,0.0,0.0,1.5,15619.0,1781.0,13085.0,1344.0,0.84,0.0,0.75,0.0,45.51693121693122,0,62.0,102.0,125.0,74.0,0.0,0.01,0.01,0.0
MA,2022-06-11,2022,23,96,31.0,1.0,40.0,0.0,0.0,0.0,0.0,1.5,15565.0,1764.0,13315.0,1401.0,0.86,0.0,0.79,0.0,45.51693121693122,0,34.0,62.0,110.0,90.0,0.0,0.0,0.01,0.01
MA,2022-06-18,2022,24,97,26.0,2.0,14.0,0.0,0.0,0.0,0.0,1.5,15567.0,1859.0,13346.0,1423.0,0.86,0.0,0.77,0.0,45.51693121693122,0,31.0,34.0,102.0,109.0,0.0,0.0,0.01,0.01
MA,2022-06-25,2022,25,98,17.0,2.0,10.0,0.0,0.0,0.0,0.0,1.5,15434.0,1753.0,13241.0,1394.0,0.86,0.0,0.8,0.0,45.51693121693122,0,26.0,31.0,62.0,127.0,0.0,0.0,0.0,0.01
MA,2022-07-02,2022,26,99,11.0,1.0,6.0,0.0,0.0,0.0,0.0,1.5,15478.0,1752.0,13333.0,1385.0,0.86,0.0,0.79,0.0,45.51693121693122,0,17.0,26.0,34.0,125.0,0.0,0.0,0.0,0.01
MA,2022-07-09,2022,27,100,5.0,1.0,6.0,0.0,0.0,0.0,0.0,1.5,15359.0,1768.0,13083.0,1392.0,0.85,0.0,0.79,0.0,45.51693121693122,0,11.0,17.0,31.0,110.0,0.0,0.0,0.0,0.01
MA,2022-07-16,2022,28,101,6.0,1.0,6.0,0.0,0.0,0.0,0.0,1.5,15372.0,1729.0,13169.0,1386.0,0.86,0.0,0.8,0.0,45.51693121693122,0,5.0,11.0,26.0,102.0,0.0,0.0,0.0,0.01
MA,2022-07-23,2022,29,102,3.0,1.0,3.0,0.0,0.0,0.0,0.0,1.5,15307.0,1735.0,13172.0,1408.0,0.86,0.0,0.81,0.0,45.51693121693122,0,6.0,5.0,17.0,62.0,0.0,0.0,0.0,0.0
MA,2022-07-30,2022,30,103,3.0,1.0,3.0,0.0,0.0,0.0,0.0,1.5,15289.0,1728.0,13180.0,1383.0,0.86,0.0,0.8,0.0,45.51693121693122,0,3.0,6.0,11.0,34.0,0.0,0.0,0.0,0.0
MA,2022-08-06,2022,31,104,5.0,2.0,5.0,0.0,0.0,0.0,0.0,1.5,15262.0,1738.0,13066.0,1396.0,0.86,0.0,0.8,0.0,45.51693121693122,0,3.0,3.0,5.0,31.0,0.0,0.0,0.0,0.0
MA,2022-08-13,2022,32,105,4.0,2.0,3.0,0.0,0.0,0.0,0.0,1.5,15311.0,1742.0,13124.0,1437.0,0.86,0.0,0.82,0.0,45.51693121693122,0,5.0,3.0,6.0,26.0,0.0,0.0,0.0,0.0
MA,2022-08-20,2022,33,106,4.0,1.0,2.0,0.0,0.0,0.0,0.0,1.5,15377.0,1764.0,13251.0,1421.0,0.86,0.0,0.81,0.0,45.51693121693122,0,4.0,5.0,3.0,17.0,0.0,0.0,0.0,0.0
MA,2022-08-27,2022,34,107,4.0,1.0,3.0,0.0,0.0,0.0,0.0,1.5,15374.0,1769.0,13265.0,1408.0,0.86,0.0,0.8,0.0,45.51693121693122,0,4.0,4.0,3.0,11.0,0.0,0.0,0.0,0.0
MA,2022-09-03,2022,35,108,4.0,2.0,4.0,0.0,0.0,0.0,0.0,1.5,15358.0,1753.0,13167.0,1381.0,0.86,0.0,0.79,0.0,45.51693121693122,0,4.0,4.0,5.0,5.0,0.0,0.0,0.0,0.0
MA,2022-09-10,2022,36,109,4.0,2.0,1.0,0.0,0.0,0.0,0.0,1.5,15396.0,1752.0,13172.0,1390.0,0.86,0.0,0.79,0.0,45.51693121693122,0,4.0,4.0,4.0,6.0,0.0,0.0,0.0,0.0
MA,2022-09-17,2022,37,110,6.0,2.0,3.0,0.0,0.0,0.0,0.0,1.5,15532.0,1748.0,13491.0,1441.0,0.87,0.0,0.82,0.0,45.51693121693122,0,4.0,4.0,4.0,3.0,0.0,0.0,0.0,0.0
MA,2022-09-24,2022,38,111,4.0,1.0,4.0,0.0,0.0,0.0,0.0,1.5,15607.0,1751.0,13603.0,1454.0,0.87,0.0,0.83,0.0,45.51693121693122,0,6.0,4.0,4.0,3.0,0.0,0.0,0.0,0.0
MA,2022-10-01,2022,39,112,5.0,1.0,4.0,0.0,0.0,0.0,0.0,1.5,15603.0,1740.0,13502.0,1446.0,0.87,0.0,0.83,0.0,45.51693121693122,0,4.0,6.0,4.0,5.0,0.0,0.0,0.0,0.0
MA,2022-10-08,2022,40,113,5.0,1.0,6.0,0.0,0.0,0.0,0.0,1.5,15577.0,1740.0,13428.0,1467.0,0.86,0.0,0.84,0.0,45.51693121693122,0,5.0,4.0,4.0,4.0,0.0,0.0,0.0,0.0
MA,2022-10-15,2022,41,114,7.0,2.0,7.0,0.0,0.0,0.0,0.0,1.5,15584.0,1742.0,13554.0,1484.0,0.87,0.0,0.85,0.0,45.51693121693122,0,5.0,5.0,6.0,4.0,0.0,0.0,0.0,0.0
MA,2022-10-22,2022,42,115,8.0,2.0,9.0,0.0,0.0,0.0,0.0,1.5,15583.0,1752.0,13542.0,1456.0,0.87,0.0,0.83,0.0,45.51693121693122,0,7.0,5.0,4.0,4.0,0.0,0.0,0.0,0.0
MA,2022-10-29,2022,43,116,14.0,1.0,15.0,0.0,0.0,0.0,0.0,1.5,15536.0,1751.0,13492.0,1464.0,0.87,0.0,0.84,0.0,45.51693121693122,0,8.0,7.0,5.0,4.0,0.0,0.0,0.0,0.0
MA,2022-11-05,2022,44,117,21.0,3.0,30.0,0.0,0.0,0.0,0.0,1.5,15483.0,1751.0,13448.0,1456.0,0.87,0.0,0.83,0.0,45.51693121693122,0,14.0,8.0,5.0,4.0,0.0,0.0,0.0,0.0
MA,2022-11-12,2022,45,118,30.0,5.0,41.0,0.0,0.0,0.0,0.0,1.5,15526.0,1748.0,13561.0,1453.0,0.87,0.0,0.83,0.0,45.51693121693122,0,21.0,14.0,7.0,6.0,0.0,0.0,0.0,0.0
MA,2022-11-19,2022,46,119,38.0,3.0,73.0,0.0,0.0,0.0,0.0,1.5,15544.0,1760.0,13609.0,1481.0,0.88,0.0,0.84,0.0,45.51693121693122,0,30.0,21.0,8.0,4.0,0.0,0.0,0.0,0.0
MA,2022-11-26,2022,47,120,78.0,4.0,175.0,0.0,0.0,0.0,0.0,1.5,15402.0,1754.0,13032.0,1416.0,0.85,0.01,0.81,0.0,45.51693121693122,0,38.0,30.0,14.0,5.0,0.0,0.0,0.0,0.0
MA,2022-12-03,2022,48,121,198.0,11.0,451.0,0.0,0.0,0.0,0.0,1.5,15537.0,1745.0,13488.0,1462.0,0.87,0.01,0.84,0.01,45.51693121693122,1,78.0,38.0,21.0,5.0,0.01,0.0,0.0,0.0
MA,2022-12-10,2022,49,122,318.0,25.0,544.0,0.0,0.0,0.0,0.0,1.5,15594.0,1782.0,13652.0,1533.0,0.88,0.02,0.86,0.01,45.51693121693122,1,198.0,78.0,30.0,7.0,0.01,0.01,0.0,0.0
MA,2022-12-17,2022,50,123,418.0,41.0,659.0,0.0,0.0,0.0,0.0,1.5,15913.0,1769.0,13825.0,1501.0,0.87,0.03,0.85,0.02,45.51693121693122,1,318.0,198.0,38.0,8.0,0.02,0.01,0.0,0.0
MA,2022-12-24,2022,51,124,511.0,51.0,760.0,0.0,0.0,0.0,0.0,1.5,15789.0,1745.0,13631.0,1494.0,0.86,0.03,0.86,0.03,45.51693121693122,1,418.0,318.0,78.0,14.0,0.03,0.02,0.01,0.0
MA,2022-12-31,2022,52,125,568.0,57.0,765.0,0.0,0.0,0.0,0.0,1.5,15627.0,1735.0,13218.0,1430.0,0.85,0.04,0.82,0.03,45.51693121693122,1,511.0,418.0,198.0,21.0,0.03,0.03,0.01,0.0
MD,2020-10-03,2020,40,8,4.0,0.0,5.5,0.0,0.5,0.5,0.5,0.5,9938.0,1560.0,7607.0,1057.0,0.77,0.0,0.68,0.0,41.24230769230769,0,4.0,4.0,4.0,4.0,0.0,0.0,0.0,0.0
MD,2020-10-10,2020,41,9,4.0,0.0,5.5,0.0,0.5,0.5,0.5,0.5,10024.0,1568.0,7794.0,1080.0,0.78,0.0,0.69,0.0,41.24230769230769,0,4.0,4.0,4.0,4.0,0.0,0.0,0.0,0.0
MD,2020-10-17,2020,42,10,0.0,0.0,0.0,0.0,0.5,0.5,0.5,0.5,9907.0,1539.0,7857.0,1104.0,0.79,0.0,0.72,0.0,41.24230769230769,0,4.0,4.0,4.0,4.0,0.0,0.0,0.0,0.0
MD,2020-10-24,2020,43,11,3.0,1.0,0.0,0.0,0.5,0.5,0.5,0.5,9908.0,1531.0,7914.0,1112.0,0.8,0.0,0.73,0.0,41.24230769230769,0,0.0,4.0,4.0,4.0,0.0,0.0,0.0,0.0
MD,2020-10-31,2020,44,12,0.0,0.0,1.0,0.0,0.5,0.5,0.5,0.5,9742.0,1517.0,7853.0,1143.0,0.81,0.0,0.75,0.0,41.24230769230769,0,3.0,0.0,4.0,4.0,0.0,0.0,0.0,0.0
MD,2020-11-07,2020,45,13,2.0,0.0,2.0,0.0,0.5,0.5,0.5,0.5,9866.0,1518.0,7816.0,1127.0,0.79,0.0,0.74,0.0,41.24230769230769,0,0.0,3.0,4.0,4.0,0.0,0.0,0.0,0.0
MD,2020-11-14,2020,46,14,1.0,0.0,3.0,0.0,0.5,0.5,0.5,0.5,10048.0,1538.0,8077.0,1165.0,0.8,0.0,0.76,0.0,41.24230769230769,0,2.0,0.0,0.0,4.0,0.0,0.0,0.0,0.0
MD,2020-11-21,2020,47,15,1.0,1.0,4.0,0.0,0.5,0.5,0.5,0.5,10045.0,1546.0,8015.0,1167.0,0.8,0.0,0.75,0.0,41.24230769230769,0,1.0,2.0,3.0,4.0,0.0,0.0,0.0,0.0
MD,2020-11-28,2020,48,16,4.0,2.0,3.0,0.0,0.5,0.5,0.5,0.5,10015.0,1552.0,7906.0,1183.0,0.79,0.0,0.76,0.0,41.24230769230769,0,1.0,1.0,0.0,4.0,0.0,0.0,0.0,0.0
MD,2020-12-05,2020,49,17,5.0,3.0,0.0,0.0,0.5,0.5,0.5,0.5,10131.0,1558.0,8130.0,1173.0,0.8,0.0,0.75,0.0,41.24230769230769,0,4.0,1.0,2.0,4.0,0.0,0.0,0.0,0.0
MD,2020-12-12,2020,50,18,4.0,2.0,0.0,0.0,0.5,0.5,0.5,0.5,9962.0,1550.0,8061.0,1188.0,0.81,0.0,0.77,0.0,41.24230769230769,0,5.0,4.0,1.0,0.0,0.0,0.0,0.0,0.0
MD,2020-12-19,2020,51,19,4.0,2.0,2.0,0.0,0.5,0.5,0.5,0.5,9965.0,1552.0,8036.0,1213.0,0.81,0.0,0.78,0.0,41.24230769230769,0,4.0,5.0,1.0,3.0,0.0,0.0,0.0,0.0
MD,2020-12-26,2020,52,20,5.0,2.0,2.0,0.0,0.5,0.5,0.5,0.5,9911.0,1555.0,7756.0,1208.0,0.78,0.0,0.78,0.0,41.24230769230769,0,4.0,4.0,4.0,0.0,0.0,0.0,0.0,0.0
MD,2021-01-02,2021,53,21,5.0,1.0,4.0,0.0,0.5,0.5,0.5,0.5,10000.0,1591.0,7953.0,1214.0,0.8,0.0,0.76,0.0,42.11746031746031,0,5.0,4.0,5.0,2.0,0.0,0.0,0.0,0.0
MD,2021-01-09,2021,1,22,6.0,0.0,10.0,0.0,0.5,0.5,0.5,0.5,10113.0,1621.0,8278.0,1257.0,0.82,0.0,0.78,0.0,42.11746031746031,0,5.0,5.0,4.0,1.0,0.0,0.0,0.0,0.0
MD,2021-01-16,2021,2,23,2.0,0.0,4.0,0.0,0.5,0.5,0.5,0.5,10144.0,1601.0,8295.0,1266.0,0.82,0.0,0.79,0.0,42.11746031746031,0,6.0,5.0,4.0,1.0,0.0,0.0,0.0,0.0
MD,2021-01-23,2021,3,24,2.0,0.0,3.0,0.0,0.5,0.5,0.5,0.5,10155.0,1604.0,8212.0,1242.0,0.81,0.0,0.77,0.0,42.11746031746031,0,2.0,6.0,5.0,4.0,0.0,0.0,0.0,0.0
MD,2021-01-30,2021,4,25,1.0,0.0,4.0,0.0,0.5,0.5,0.5,0.5,10219.0,1624.0,8237.0,1215.0,0.81,0.0,0.75,0.0,42.11746031746031,0,2.0,2.0,5.0,5.0,0.0,0.0,0.0,0.0
MD,2021-02-06,2021,5,26,0.0,0.0,0.0,0.0,0.5,0.5,0.5,0.5,10153.0,1603.0,8009.0,1236.0,0.79,0.0,0.77,0.0,42.11746031746031,0,1.0,2.0,6.0,4.0,0.0,0.0,0.0,0.0
MD,2021-02-13,2021,6,27,0.0,0.0,1.0,0.0,0.5,0.5,0.5,0.5,10162.0,1592.0,8077.0,1235.0,0.79,0.0,0.78,0.0,42.11746031746031,0,0.0,1.0,2.0,4.0,0.0,0.0,0.0,0.0
MD,2021-02-20,2021,7,28,2.0,0.0,1.0,0.0,0.5,0.5,0.5,0.5,10149.0,1588.0,7923.0,1201.0,0.78,0.0,0.76,0.0,42.11746031746031,0,0.0,0.0,2.0,5.0,0.0,0.0,0.0,0.0
MD,2021-02-27,2021,8,29,2.0,0.0,1.0,0.0,0.5,0.5,0.5,0.5,10193.0,1580.0,8023.0,1194.0,0.79,0.0,0.76,0.0,42.11746031746031,0,2.0,0.0,1.0,5.0,0.0,0.0,0.0,0.0
MD,2021-03-06,2021,9,30,1.0,0.0,1.0,0.0,0.5,0.5,0.5,0.5,10407.0,1617.0,8155.0,1193.0,0.78,0.0,0.74,0.0,42.11746031746031,0,2.0,2.0,0.0,6.0,0.0,0.0,0.0,0.0
MD,2021-03-13,2021,10,31,4.0,1.0,3.0,0.0,0.5,0.5,0.5,0.5,10350.0,1600.0,8102.0,1159.0,0.78,0.0,0.72,0.0,42.11746031746031,0,1.0,2.0,0.0,2.0,0.0,0.0,0.0,0.0
MD,2021-03-20,2021,11,32,2.0,0.0,0.0,0.0,0.5,0.5,0.5,0.5,10345.0,1596.0,8171.0,1159.0,0.79,0.0,0.73,0.0,42.11746031746031,0,4.0,1.0,2.0,2.0,0.0,0.0,0.0,0.0
MD,2021-03-27,2021,12,33,1.0,0.0,1.0,0.0,0.5,0.5,0.5,0.5,10351.0,1614.0,8316.0,1165.0,0.8,0.0,0.72,0.0,42.11746031746031,0,2.0,4.0,2.0,1.0,0.0,0.0,0.0,0.0
MD,2021-04-03,2021,13,34,0.0,0.0,1.0,0.0,0.5,0.5,0.5,0.5,10166.0,1594.0,8360.0,1155.0,0.82,0.0,0.73,0.0,42.11746031746031,0,1.0,2.0,1.0,0.0,0.0,0.0,0.0,0.0
MD,2021-04-10,2021,14,35,0.0,0.0,0.0,0.0,0.5,0.5,0.5,0.5,10118.0,1583.0,8363.0,1191.0,0.83,0.0,0.75,0.0,42.11746031746031,0,0.0,1.0,4.0,0.0,0.0,0.0,0.0,0.0
MD,2021-04-17,2021,15,36,1.0,0.0,1.0,0.0,0.5,0.5,0.5,0.5,10163.0,1604.0,8483.0,1196.0,0.83,0.0,0.75,0.0,42.11746031746031,0,0.0,0.0,2.0,2.0,0.0,0.0,0.0,0.0
MD,2021-04-24,2021,16,37,0.0,0.0,0.0,0.0,0.5,0.5,0.5,0.5,10312.0,1587.0,8492.0,1186.0,0.82,0.0,0.75,0.0,42.11746031746031,0,1.0,0.0,1.0,2.0,0.0,0.0,0.0,0.0
MD,2021-05-01,2021,17,38,0.0,0.0,0.0,0.0,0.5,0.5,0.5,0.5,10313.0,1574.0,8407.0,1163.0,0.82,0.0,0.74,0.0,42.11746031746031,0,0.0,1.0,0.0,1.0,0.0,0.0,0.0,0.0
MD,2021-05-08,2021,18,39,0.0,0.0,1.0,0.0,0.5,0.5,0.5,0.5,10299.0,1554.0,8356.0,1145.0,0.81,0.0,0.74,0.0,42.11746031746031,0,0.0,0.0,0.0,4.0,0.0,0.0,0.0,0.0
MD,2021-05-15,2021,19,40,1.0,0.0,2.0,0.0,0.5,0.5,0.5,0.5,10216.0,1544.0,8346.0,1137.0,0.82,0.0,0.74,0.0,42.11746031746031,0,0.0,0.0,1.0,2.0,0.0,0.0,0.0,0.0
MD,2021-05-22,2021,20,41,1.0,0.0,0.0,0.0,0.5,0.5,0.5,0.5,10187.0,1537.0,8146.0,1113.0,0.8,0.0,0.72,0.0,42.11746031746031,0,1.0,0.0,0.0,1.0,0.0,0.0,0.0,0.0
MD,2021-05-29,2021,21,42,0.0,0.0,0.0,0.0,0.5,0.5,0.5,0.5,10098.0,1527.0,8037.0,1096.0,0.8,0.0,0.72,0.0,42.11746031746031,0,1.0,1.0,0.0,0.0,0.0,0.0,0.0,0.0
MD,2021-06-05,2021,22,43,0.0,0.0,0.0,0.0,0.5,0.5,0.5,0.5,10120.0,1523.0,7835.0,1045.0,0.77,0.0,0.69,0.0,42.11746031746031,0,0.0,1.0,0.0,0.0,0.0,0.0,0.0,0.0
MD,2021-06-12,2021,23,44,1.0,0.0,1.0,0.0,0.5,0.5,0.5,0.5,10105.0,1539.0,8092.0,1072.0,0.8,0.0,0.7,0.0,42.11746031746031,0,0.0,0.0,1.0,1.0,0.0,0.0,0.0,0.0
MD,2021-06-19,2021,24,45,1.0,0.0,2.0,0.0,0.5,0.5,0.5,0.5,10112.0,1547.0,8082.0,1067.0,0.8,0.0,0.69,0.0,42.11746031746031,0,1.0,0.0,1.0,0.0,0.0,0.0,0.0,0.0
MD,2021-06-26,2021,25,46,2.0,0.0,2.0,0.0,0.5,0.5,0.5,0.5,10066.0,1542.0,8036.0,1057.0,0.8,0.0,0.69,0.0,42.11746031746031,0,1.0,1.0,0.0,0.0,0.0,0.0,0.0,0.0
MD,2021-07-03,2021,26,47,2.0,1.0,2.0,0.0,0.5,0.5,0.5,0.5,10052.0,1533.0,7983.0,1015.0,0.79,0.0,0.66,0.0,42.11746031746031,0,2.0,1.0,0.0,0.0,0.0,0.0,0.0,0.0
MD,2021-07-10,2021,27,48,2.0,1.0,0.0,0.0,0.5,0.5,0.5,0.5,10039.0,1548.0,7955.0,1013.0,0.79,0.0,0.65,0.0,42.11746031746031,0,2.0,2.0,1.0,1.0,0.0,0.0,0.0,0.0
MD,2021-07-17,2021,28,49,0.0,0.0,0.0,0.0,0.5,0.5,0.5,0.5,9989.0,1538.0,8239.0,1071.0,0.82,0.0,0.7,0.0,42.11746031746031,0,2.0,2.0,1.0,1.0,0.0,0.0,0.0,0.0
MD,2021-07-24,2021,29,50,0.0,0.0,0.0,0.0,0.5,0.5,0.5,0.5,9887.0,1512.0,8103.0,1038.0,0.82,0.0,0.69,0.0,42.11746031746031,0,0.0,2.0,2.0,0.0,0.0,0.0,0.0,0.0
MD,2021-07-31,2021,30,51,0.0,0.0,0.0,0.0,0.5,0.5,0.5,0.5,9914.0,1511.0,8134.0,1047.0,0.82,0.0,0.69,0.0,42.11746031746031,0,0.0,0.0,2.0,0.0,0.0,0.0,0.0,0.0
MD,2021-08-07,2021,31,52,1.0,0.0,0.0,0.0,0.5,0.5,0.5,0.5,9895.0,1514.0,8098.0,1084.0,0.82,0.0,0.72,0.0,42.11746031746031,0,0.0,0.0,2.0,1.0,0.0,0.0,0.0,0.0
MD,2021-08-14,2021,32,53,1.0,0.0,0.0,0.0,0.5,0.5,0.5,0.5,10027.0,1506.0,8207.0,1070.0,0.82,0.0,0.71,0.0,42.11746031746031,0,1.0,0.0,0.0,1.0,0.0,0.0,0.0,0.0
MD,2021-08-21,2021,33,54,0.0,0.0,0.0,0.0,0.5,0.5,0.5,0.5,10014.0,1533.0,8261.0,1099.0,0.82,0.0,0.72,0.0,42.11746031746031,0,1.0,1.0,0.0,2.0,0.0,0.0,0.0,0.0
MD,2021-08-28,2021,34,55,0.0,0.0,0.0,0.0,0.5,0.5,0.5,0.5,10084.0,1539.0,8349.0,1111.0,0.83,0.0,0.72,0.0,42.11746031746031,0,0.0,1.0,0.0,2.0,0.0,0.0,0.0,0.0
MD,2021-09-04,2021,35,56,0.0,0.0,0.0,0.0,0.5,0.5,0.5,0.5,9987.0,1526.0,8313.0,1134.0,0.83,0.0,0.74,0.0,42.11746031746031,0,0.0,0.0,1.0,2.0,0.0,0.0,0.0,0.0
MD,2021-09-11,2021,36,57,0.0,0.0,0.0,0.0,0.5,0.5,0.5,0.5,9965.0,1520.0,8279.0,1123.0,0.83,0.0,0.74,0.0,42.11746031746031,0,0.0,0.0,1.0,0.0,0.0,0.0,0.0,0.0
MD,2021-09-18,2021,37,58,0.0,0.0,0.0,0.0,0.5,0.5,0.5,0.5,9984.0,1512.0,8347.0,1114.0,0.84,0.0,0.74,0.0,42.11746031746031,0,0.0,0.0,0.0,0.0,0.0,0.0,0.0,0.0
MD,2021-09-25,2021,38,59,0.0,0.0,0.0,0.0,0.5,0.5,0.5,0.5,9753.0,1528.0,8181.0,1104.0,0.84,0.0,0.72,0.0,42.11746031746031,0,0.0,0.0,0.0,0.0,0.0,0.0,0.0,0.0
MD,2021-10-02,2021,39,60,0.0,0.0,1.0,0.0,0.5,0.5,0.5,0.5,9771.0,1527.0,8083.0,1102.0,0.83,0.0,0.72,0.0,42.11746031746031,0,0.0,0.0,0.0,1.0,0.0,0.0,0.0,0.0
MD,2021-10-09,2021,40,61,2.0,0.0,0.0,0.0,0.5,0.5,0.5,0.5,9976.0,1500.0,8306.0,1105.0,0.83,0.0,0.74,0.0,42.11746031746031,0,0.0,0.0,0.0,1.0,0.0,0.0,0.0,0.0
MD,2021-10-16,2021,41,62,2.0,0.0,4.0,0.0,0.5,0.5,0.5,0.5,10013.0,1502.0,8305.0,1077.0,0.83,0.0,0.72,0.0,42.11746031746031,0,2.0,0.0,0.0,0.0,0.0,0.0,0.0,0.0
MD,2021-10-23,2021,42,63,1.0,1.0,4.0,0.0,0.5,0.5,0.5,0.5,10088.0,1506.0,8315.0,1055.0,0.82,0.0,0.7,0.0,42.11746031746031,0,2.0,2.0,0.0,0.0,0.0,0.0,0.0,0.0
MD,2021-10-30,2021,43,64,1.0,0.0,7.0,0.0,0.5,0.5,0.5,0.5,10097.0,1501.0,8297.0,1065.0,0.82,0.0,0.71,0.0,42.11746031746031,0,1.0,2.0,0.0,0.0,0.0,0.0,0.0,0.0
MD,2021-11-06,2021,44,65,0.0,0.0,3.0,0.0,0.5,0.5,0.5,0.5,10009.0,1490.0,8195.0,1061.0,0.82,0.0,0.71,0.0,42.11746031746031,0,1.0,1.0,2.0,0.0,0.0,0.0,0.0,0.0
MD,2021-11-13,2021,45,66,1.0,0.0,6.0,0.0,0.5,0.5,0.5,0.5,10149.0,1516.0,8293.0,1080.0,0.82,0.0,0.71,0.0,42.11746031746031,0,0.0,1.0,2.0,0.0,0.0,0.0,0.0,0.0
MD,2021-11-20,2021,46,67,0.0,0.0,3.0,0.0,0.5,0.5,0.5,0.5,10246.0,1530.0,8362.0,1090.0,0.82,0.0,0.71,0.0,42.11746031746031,0,1.0,0.0,1.0,0.0,0.0,0.0,0.0,0.0
MD,2021-11-27,2021,47,68,1.0,0.0,4.0,0.0,0.5,0.5,0.5,0.5,10186.0,1542.0,7996.0,1071.0,0.78,0.0,0.69,0.0,42.11746031746031,0,0.0,1.0,1.0,0.0,0.0,0.0,0.0,0.0
MD,2021-12-04,2021,48,69,3.0,0.0,7.0,0.0,0.5,0.5,0.5,0.5,10218.0,1520.0,8349.0,1080.0,0.82,0.0,0.71,0.0,42.11746031746031,0,1.0,0.0,0.0,2.0,0.0,0.0,0.0,0.0
MD,2021-12-11,2021,49,70,3.0,0.0,3.0,0.0,0.5,0.5,0.5,0.5,10248.0,1520.0,8625.0,1128.0,0.84,0.0,0.74,0.0,42.11746031746031,0,3.0,1.0,1.0,2.0,0.0,0.0,0.0,0.0
MD,2021-12-18,2021,50,71,7.0,0.0,27.0,0.0,0.5,0.5,0.5,0.5,10448.0,1559.0,8655.0,1160.0,0.83,0.0,0.74,0.0,42.11746031746031,0,3.0,3.0,0.0,1.0,0.0,0.0,0.0,0.0
MD,2021-12-25,2021,51,72,6.0,0.0,29.0,0.0,0.5,0.5,0.5,0.5,10149.0,1538.0,8202.0,1130.0,0.81,0.0,0.73,0.0,42.11746031746031,0,7.0,3.0,1.0,1.0,0.0,0.0,0.0,0.0
MD,2022-01-01,2022,52,73,6.0,0.0,11.0,0.0,0.5,0.5,0.5,0.5,10085.0,1547.0,8159.0,1126.0,0.81,0.0,0.73,0.0,42.285106382978725,0,6.0,7.0,3.0,0.0,0.0,0.0,0.0,0.0
MD,2022-01-08,2022,1,74,9.0,1.0,9.0,0.0,0.5,0.5,0.5,0.5,10393.0,1604.0,8709.0,1227.0,0.84,0.0,0.77,0.0,42.285106382978725,0,6.0,6.0,3.0,1.0,0.0,0.0,0.0,0.0
MD,2022-01-15,2022,2,75,9.0,0.0,16.0,0.0,0.5,0.5,0.5,0.5,10498.0,1585.0,8856.0,1272.0,0.84,0.0,0.8,0.0,42.285106382978725,0,9.0,6.0,7.0,0.0,0.0,0.0,0.0,0.0
MD,2022-01-22,2022,3,76,4.0,0.0,3.0,0.0,0.5,0.5,0.5,0.5,10380.0,1571.0,8791.0,1247.0,0.85,0.0,0.79,0.0,42.285106382978725,0,9.0,9.0,6.0,1.0,0.0,0.0,0.0,0.0
MD,2022-01-29,2022,4,77,4.0,0.0,6.0,0.0,0.5,0.5,0.5,0.5,10361.0,1568.0,8609.0,1202.0,0.83,0.0,0.77,0.0,42.285106382978725,0,4.0,9.0,6.0,3.0,0.0,0.0,0.0,0.0
MD,2022-02-05,2022,5,78,4.0,0.0,8.0,0.0,0.5,0.5,0.5,0.5,10182.0,1558.0,8352.0,1148.0,0.82,0.0,0.74,0.0,42.285106382978725,0,4.0,4.0,9.0,3.0,0.0,0.0,0.0,0.0
MD,2022-02-12,2022,6,79,4.0,0.0,6.0,0.0,0.5,0.5,0.5,0.5,10303.0,1524.0,8302.0,1106.0,0.81,0.0,0.73,0.0,42.285106382978725,0,4.0,4.0,9.0,7.0,0.0,0.0,0.0,0.0
MD,2022-02-19,2022,7,80,10.0,0.0,13.0,0.0,0.5,0.5,0.5,0.5,10262.0,1527.0,8277.0,1090.0,0.81,0.0,0.71,0.0,42.285106382978725,0,4.0,4.0,4.0,6.0,0.0,0.0,0.0,0.0
MD,2022-02-26,2022,8,81,7.0,1.0,15.0,0.0,0.5,0.5,0.5,0.5,10181.0,1524.0,8181.0,1065.0,0.8,0.0,0.7,0.0,42.285106382978725,0,10.0,4.0,4.0,6.0,0.0,0.0,0.0,0.0
MD,2022-03-05,2022,9,82,8.0,1.0,23.0,0.0,0.5,0.5,0.5,0.5,10292.0,1522.0,8132.0,1020.0,0.79,0.0,0.67,0.0,42.285106382978725,0,7.0,10.0,4.0,9.0,0.0,0.0,0.0,0.0
MD,2022-03-12,2022,10,83,6.0,0.0,16.0,0.0,0.5,0.5,0.5,0.5,10189.0,1527.0,8125.0,1053.0,0.8,0.0,0.69,0.0,42.285106382978725,0,8.0,7.0,4.0,9.0,0.0,0.0,0.0,0.0
MD,2022-03-19,2022,11,84,9.0,0.0,19.0,0.0,0.5,0.5,0.5,0.5,10189.0,1520.0,8082.0,1006.0,0.79,0.0,0.66,0.0,42.285106382978725,0,6.0,8.0,10.0,4.0,0.0,0.0,0.0,0.0
MD,2022-03-26,2022,12,85,15.0,1.0,30.0,0.0,0.5,0.5,0.5,0.5,10235.0,1518.0,8148.0,1016.0,0.8,0.0,0.67,0.0,42.285106382978725,0,9.0,6.0,7.0,4.0,0.0,0.0,0.0,0.0
MD,2022-04-02,2022,13,86,19.0,2.0,29.0,0.0,0.5,0.5,0.5,0.5,10173.0,1512.0,8062.0,1007.0,0.79,0.0,0.67,0.0,42.285106382978725,0,15.0,9.0,8.0,4.0,0.0,0.0,0.0,0.0
MD,2022-04-09,2022,14,87,22.0,3.0,47.0,0.0,0.5,0.5,0.5,0.5,10180.0,1507.0,8148.0,984.0,0.8,0.0,0.65,0.0,42.285106382978725,0,19.0,15.0,6.0,4.0,0.0,0.0,0.0,0.0
MD,2022-04-16,2022,15,88,29.0,4.0,51.0,0.0,0.5,0.5,0.5,0.5,10192.0,1500.0,8179.0,963.0,0.8,0.0,0.64,0.0,42.285106382978725,0,22.0,19.0,9.0,10.0,0.0,0.0,0.0,0.0
MD,2022-04-23,2022,16,89,28.0,3.0,43.0,0.0,0.5,0.5,0.5,0.5,10145.0,1481.0,8075.0,966.0,0.8,0.0,0.65,0.0,42.285106382978725,0,29.0,22.0,15.0,7.0,0.0,0.0,0.0,0.0
MD,2022-04-30,2022,17,90,26.0,1.0,51.0,0.0,0.5,0.5,0.5,0.5,10182.0,1488.0,8071.0,965.0,0.79,0.0,0.65,0.0,42.285106382978725,0,28.0,29.0,19.0,8.0,0.0,0.0,0.0,0.0
MD,2022-05-07,2022,18,91,23.0,0.0,46.0,0.0,0.5,0.5,0.5,0.5,10202.0,1492.0,8066.0,954.0,0.79,0.0,0.64,0.0,42.285106382978725,0,26.0,28.0,22.0,6.0,0.0,0.0,0.0,0.0
MD,2022-05-14,2022,19,92,24.0,1.0,54.0,0.0,0.5,0.5,0.5,0.5,10170.0,1486.0,8142.0,952.0,0.8,0.0,0.64,0.0,42.285106382978725,0,23.0,26.0,29.0,9.0,0.0,0.0,0.0,0.0
MD,2022-05-21,2022,20,93,18.0,1.0,45.0,0.0,0.5,0.5,0.5,0.5,10147.0,1495.0,8296.0,969.0,0.82,0.0,0.65,0.0,42.285106382978725,0,24.0,23.0,28.0,15.0,0.0,0.0,0.0,0.0
MD,2022-05-28,2022,21,94,18.0,2.0,29.0,0.0,0.5,0.5,0.5,0.5,10179.0,1484.0,8229.0,937.0,0.81,0.0,0.63,0.0,42.285106382978725,0,18.0,24.0,26.0,19.0,0.0,0.0,0.0,0.0
MD,2022-06-04,2022,22,95,15.0,1.0,17.0,0.0,0.5,0.5,0.5,0.5,10181.0,1507.0,8093.0,941.0,0.79,0.0,0.62,0.0,42.285106382978725,0,18.0,18.0,23.0,22.0,0.0,0.0,0.0,0.0
MD,2022-06-11,2022,23,96,9.0,1.0,17.0,0.0,0.5,0.5,0.5,0.5,10224.0,1489.0,8191.0,955.0,0.8,0.0,0.64,0.0,42.285106382978725,0,15.0,18.0,24.0,29.0,0.0,0.0,0.0,0.0
MD,2022-06-18,2022,24,97,9.0,1.0,21.0,0.0,0.5,0.5,0.5,0.5,10279.0,1482.0,8282.0,948.0,0.81,0.0,0.64,0.0,42.285106382978725,0,9.0,15.0,18.0,28.0,0.0,0.0,0.0,0.0
MD,2022-06-25,2022,25,98,9.0,0.0,20.0,0.0,0.5,0.5,0.5,0.5,10153.0,1486.0,8231.0,943.0,0.81,0.0,0.63,0.0,42.285106382978725,0,9.0,9.0,18.0,26.0,0.0,0.0,0.0,0.0
MD,2022-07-02,2022,26,99,8.0,1.0,13.0,0.0,0.5,0.5,0.5,0.5,10276.0,1417.0,8216.0,882.0,0.8,0.0,0.62,0.0,42.285106382978725,0,9.0,9.0,15.0,23.0,0.0,0.0,0.0,0.0
MD,2022-07-09,2022,27,100,5.0,1.0,12.0,0.0,0.5,0.5,0.5,0.5,10122.0,1401.0,8156.0,864.0,0.81,0.0,0.62,0.0,42.285106382978725,0,8.0,9.0,9.0,24.0,0.0,0.0,0.0,0.0
MD,2022-07-16,2022,28,101,6.0,1.0,7.0,0.0,0.5,0.5,0.5,0.5,10171.0,1407.0,8339.0,893.0,0.82,0.0,0.63,0.0,42.285106382978725,0,5.0,8.0,9.0,18.0,0.0,0.0,0.0,0.0
MD,2022-07-23,2022,29,102,2.0,0.0,3.0,0.0,0.5,0.5,0.5,0.5,10264.0,1413.0,8288.0,868.0,0.81,0.0,0.61,0.0,42.285106382978725,0,6.0,5.0,9.0,18.0,0.0,0.0,0.0,0.0
MD,2022-07-30,2022,30,103,2.0,0.0,3.0,0.0,0.5,0.5,0.5,0.5,10182.0,1407.0,8302.0,880.0,0.82,0.0,0.63,0.0,42.285106382978725,0,2.0,6.0,8.0,15.0,0.0,0.0,0.0,0.0
MD,2022-08-06,2022,31,104,2.0,0.0,2.0,0.0,0.5,0.5,0.5,0.5,10202.0,1400.0,8187.0,852.0,0.8,0.0,0.61,0.0,42.285106382978725,0,2.0,2.0,5.0,9.0,0.0,0.0,0.0,0.0
MD,2022-08-13,2022,32,105,2.0,1.0,5.0,0.0,0.5,0.5,0.5,0.5,10251.0,1399.0,8328.0,884.0,0.81,0.0,0.63,0.0,42.285106382978725,0,2.0,2.0,6.0,9.0,0.0,0.0,0.0,0.0
MD,2022-08-20,2022,33,106,5.0,1.0,6.0,0.0,0.5,0.5,0.5,0.5,10200.0,1420.0,8247.0,899.0,0.81,0.0,0.63,0.0,42.285106382978725,0,2.0,2.0,2.0,9.0,0.0,0.0,0.0,0.0
MD,2022-08-27,2022,34,107,5.0,1.0,4.0,0.0,0.5,0.5,0.5,0.5,10200.0,1421.0,8360.0,900.0,0.82,0.0,0.63,0.0,42.285106382978725,0,5.0,2.0,2.0,8.0,0.0,0.0,0.0,0.0
MD,2022-09-03,2022,35,108,4.0,2.0,0.0,0.0,0.5,0.5,0.5,0.5,10176.0,1416.0,8451.0,900.0,0.83,0.0,0.64,0.0,42.285106382978725,0,5.0,5.0,2.0,5.0,0.0,0.0,0.0,0.0
MD,2022-09-10,2022,36,109,5.0,2.0,3.0,0.0,0.5,0.5,0.5,0.5,10210.0,1406.0,8289.0,892.0,0.81,0.0,0.63,0.0,42.285106382978725,0,4.0,5.0,2.0,6.0,0.0,0.0,0.0,0.0
MD,2022-09-17,2022,37,110,6.0,1.0,8.0,0.0,0.5,0.5,0.5,0.5,10252.0,1418.0,8338.0,913.0,0.81,0.0,0.64,0.0,42.285106382978725,0,5.0,4.0,5.0,2.0,0.0,0.0,0.0,0.0
MD,2022-09-24,2022,38,111,5.0,0.0,3.0,0.0,0.5,0.5,0.5,0.5,10288.0,1427.0,8371.0,920.0,0.81,0.0,0.64,0.0,42.285106382978725,0,6.0,5.0,5.0,2.0,0.0,0.0,0.0,0.0
MD,2022-10-01,2022,39,112,3.0,0.0,6.0,0.0,0.5,0.5,0.5,0.5,10268.0,1426.0,8236.0,926.0,0.8,0.0,0.65,0.0,42.285106382978725,0,5.0,6.0,4.0,2.0,0.0,0.0,0.0,0.0
MD,2022-10-08,2022,40,113,6.0,1.0,17.0,0.0,0.5,0.5,0.5,0.5,10256.0,1425.0,8224.0,909.0,0.8,0.0,0.64,0.0,42.285106382978725,0,3.0,5.0,5.0,2.0,0.0,0.0,0.0,0.0
MD,2022-10-15,2022,41,114,14.0,1.0,27.0,0.0,0.5,0.5,0.5,0.5,10253.0,1414.0,8340.0,912.0,0.81,0.0,0.64,0.0,42.285106382978725,0,6.0,3.0,6.0,5.0,0.0,0.0,0.0,0.0
MD,2022-10-22,2022,42,115,24.0,1.0,43.0,0.0,0.5,0.5,0.5,0.5,10280.0,1421.0,8474.0,948.0,0.82,0.0,0.67,0.0,42.285106382978725,0,14.0,6.0,5.0,5.0,0.0,0.0,0.0,0.0
MD,2022-10-29,2022,43,116,45.0,4.0,105.0,0.0,0.5,0.5,0.5,0.5,10323.0,1427.0,8505.0,947.0,0.82,0.0,0.66,0.0,42.285106382978725,0,24.0,14.0,3.0,4.0,0.0,0.0,0.0,0.0
MD,2022-11-05,2022,44,117,79.0,7.0,156.0,0.0,0.5,0.5,0.5,0.5,10298.0,1416.0,8418.0,935.0,0.82,0.01,0.66,0.0,42.285106382978725,1,45.0,24.0,6.0,5.0,0.0,0.0,0.0,0.0
MD,2022-11-12,2022,45,118,108.0,12.0,214.0,0.0,0.5,0.5,0.5,0.5,10355.0,1429.0,8474.0,957.0,0.82,0.01,0.67,0.01,42.285106382978725,1,79.0,45.0,14.0,6.0,0.01,0.0,0.0,0.0
MD,2022-11-19,2022,46,119,111.0,14.0,210.0,0.0,0.5,0.5,0.5,0.5,10384.0,1444.0,8543.0,972.0,0.82,0.01,0.67,0.01,42.285106382978725,1,108.0,79.0,24.0,5.0,0.01,0.01,0.0,0.0
MD,2022-11-26,2022,47,120,139.0,18.0,308.0,0.0,0.5,0.5,0.5,0.5,10347.0,1444.0,8173.0,950.0,0.79,0.01,0.66,0.01,42.285106382978725,1,111.0,108.0,45.0,3.0,0.01,0.01,0.0,0.0
MD,2022-12-03,2022,48,121,218.0,33.0,411.0,0.0,0.5,0.5,0.5,0.5,10345.0,1449.0,8642.0,1018.0,0.84,0.02,0.7,0.02,42.285106382978725,1,139.0,111.0,79.0,6.0,0.01,0.01,0.01,0.0
MD,2022-12-10,2022,49,122,200.0,18.0,325.0,0.0,0.5,0.5,0.5,0.5,10313.0,1430.0,8683.0,994.0,0.84,0.02,0.7,0.01,42.285106382978725,1,218.0,139.0,108.0,14.0,0.02,0.01,0.01,0.0
MD,2022-12-17,2022,50,123,161.0,17.0,261.0,0.0,0.5,0.5,0.5,0.5,10456.0,1433.0,8672.0,991.0,0.83,0.02,0.69,0.01,42.285106382978725,1,200.0,218.0,111.0,24.0,0.02,0.02,0.01,0.0
MD,2022-12-24,2022,51,124,144.0,17.0,231.0,0.0,0.5,0.5,0.5,0.5,10271.0,1393.0,8304.0,957.0,0.81,0.01,0.69,0.01,42.285106382978725,1,161.0,200.0,139.0,45.0,0.02,0.02,0.01,0.0
MD,2022-12-31,2022,52,125,141.0,13.0,225.0,0.0,0.5,0.5,0.5,0.5,10199.0,1382.0,8089.0,944.0,0.79,0.01,0.68,0.01,42.285106382978725,1,144.0,161.0,218.0,79.0,0.01,0.02,0.02,0.01
ME,2020-10-03,2020,40,8,1.0,0.0,1.0,0.0,0.0,0.0,0.0,0.0,2769.0,368.0,1923.0,273.0,0.69,0.0,0.74,0.0,38.985853658536584,0,1.0,1.0,1.0,1.0,0.0,0.0,0.0,0.0
ME,2020-10-10,2020,41,9,1.0,0.0,1.0,0.0,0.0,0.0,0.0,0.0,2797.0,377.0,1880.0,270.0,0.67,0.0,0.72,0.0,38.985853658536584,0,1.0,1.0,1.0,1.0,0.0,0.0,0.0,0.0
ME,2020-10-17,2020,42,10,0.0,0.0,0.0,0.0,0.0,0.0,0.0,0.0,2798.0,373.0,1878.0,269.0,0.67,0.0,0.72,0.0,38.985853658536584,0,1.0,1.0,1.0,1.0,0.0,0.0,0.0,0.0
ME,2020-10-24,2020,43,11,0.0,0.0,0.0,0.0,0.0,0.0,0.0,0.0,2823.0,376.0,1865.0,258.0,0.66,0.0,0.69,0.0,38.985853658536584,0,0.0,1.0,1.0,1.0,0.0,0.0,0.0,0.0
ME,2020-10-31,2020,44,12,0.0,0.0,0.0,0.0,0.0,0.0,0.0,0.0,2769.0,382.0,1856.0,266.0,0.67,0.0,0.7,0.0,38.985853658536584,0,0.0,0.0,1.0,1.0,0.0,0.0,0.0,0.0
ME,2020-11-07,2020,45,13,0.0,0.0,0.0,0.0,0.0,0.0,0.0,0.0,2767.0,386.0,1886.0,286.0,0.68,0.0,0.74,0.0,38.985853658536584,0,0.0,0.0,1.0,1.0,0.0,0.0,0.0,0.0
ME,2020-11-14,2020,46,14,0.0,0.0,0.0,0.0,0.0,0.0,0.0,0.0,2773.0,383.0,1890.0,284.0,0.68,0.0,0.74,0.0,38.985853658536584,0,0.0,0.0,0.0,1.0,0.0,0.0,0.0,0.0
ME,2020-11-21,2020,47,15,0.0,0.0,0.0,0.0,0.0,0.0,0.0,0.0,2764.0,378.0,1906.0,280.0,0.69,0.0,0.74,0.0,38.985853658536584,0,0.0,0.0,0.0,1.0,0.0,0.0,0.0,0.0
ME,2020-11-28,2020,48,16,0.0,0.0,0.0,0.0,0.0,0.0,0.0,0.0,2792.0,381.0,1815.0,271.0,0.65,0.0,0.71,0.0,38.985853658536584,0,0.0,0.0,0.0,1.0,0.0,0.0,0.0,0.0
ME,2020-12-05,2020,49,17,0.0,0.0,0.0,0.0,0.0,0.0,0.0,0.0,2808.0,378.0,1887.0,281.0,0.67,0.0,0.75,0.0,38.985853658536584,0,0.0,0.0,0.0,1.0,0.0,0.0,0.0,0.0
ME,2020-12-12,2020,50,18,0.0,0.0,0.0,0.0,0.0,0.0,0.0,0.0,2823.0,380.0,1914.0,282.0,0.68,0.0,0.74,0.0,38.985853658536584,0,0.0,0.0,0.0,0.0,0.0,0.0,0.0,0.0
ME,2020-12-19,2020,51,19,0.0,0.0,0.0,0.0,0.0,0.0,0.0,0.0,2804.0,383.0,1930.0,279.0,0.69,0.0,0.73,0.0,38.985853658536584,0,0.0,0.0,0.0,0.0,0.0,0.0,0.0,0.0
ME,2020-12-26,2020,52,20,1.0,0.0,0.0,0.0,0.0,0.0,0.0,0.0,2766.0,375.0,1793.0,260.0,0.65,0.0,0.69,0.0,38.985853658536584,0,0.0,0.0,0.0,0.0,0.0,0.0,0.0,0.0
ME,2021-01-02,2021,53,21,0.0,0.0,0.0,0.0,0.0,0.0,0.0,0.0,2776.0,377.0,1879.0,275.0,0.68,0.0,0.73,0.0,40.42,0,1.0,0.0,0.0,0.0,0.0,0.0,0.0,0.0
ME,2021-01-09,2021,1,22,0.0,0.0,0.0,0.0,0.0,0.0,0.0,0.0,2790.0,386.0,1963.0,295.0,0.7,0.0,0.77,0.0,40.42,0,0.0,1.0,0.0,0.0,0.0,0.0,0.0,0.0
ME,2021-01-16,2021,2,23,0.0,0.0,0.0,0.0,0.0,0.0,0.0,0.0,2818.0,388.0,1984.0,300.0,0.7,0.0,0.77,0.0,40.42,0,0.0,0.0,0.0,0.0,0.0,0.0,0.0,0.0
ME,2021-01-23,2021,3,24,0.0,0.0,0.0,0.0,0.0,0.0,0.0,0.0,2817.0,393.0,1966.0,303.0,0.7,0.0,0.77,0.0,40.42,0,0.0,0.0,1.0,0.0,0.0,0.0,0.0,0.0
ME,2021-01-30,2021,4,25,0.0,0.0,0.0,0.0,0.0,0.0,0.0,0.0,2818.0,393.0,1970.0,295.0,0.7,0.0,0.75,0.0,40.42,0,0.0,0.0,0.0,0.0,0.0,0.0,0.0,0.0
ME,2021-02-06,2021,5,26,0.0,0.0,0.0,0.0,0.0,0.0,0.0,0.0,2821.0,393.0,1943.0,300.0,0.69,0.0,0.77,0.0,40.42,0,0.0,0.0,0.0,0.0,0.0,0.0,0.0,0.0
ME,2021-02-13,2021,6,27,0.0,0.0,1.0,0.0,0.0,0.0,0.0,0.0,2824.0,393.0,1921.0,281.0,0.68,0.0,0.71,0.0,40.42,0,0.0,0.0,0.0,0.0,0.0,0.0,0.0,0.0
ME,2021-02-20,2021,7,28,2.0,0.0,1.0,0.0,0.0,0.0,0.0,0.0,2825.0,390.0,1898.0,276.0,0.67,0.0,0.71,0.0,40.42,0,0.0,0.0,0.0,1.0,0.0,0.0,0.0,0.0
ME,2021-02-27,2021,8,29,1.0,0.0,0.0,0.0,0.0,0.0,0.0,0.0,2824.0,390.0,1914.0,274.0,0.68,0.0,0.7,0.0,40.42,0,2.0,0.0,0.0,0.0,0.0,0.0,0.0,0.0
ME,2021-03-06,2021,9,30,1.0,0.0,2.0,0.0,0.0,0.0,0.0,0.0,2819.0,392.0,1925.0,276.0,0.68,0.0,0.7,0.0,40.42,0,1.0,2.0,0.0,0.0,0.0,0.0,0.0,0.0
ME,2021-03-13,2021,10,31,1.0,0.0,0.0,0.0,0.0,0.0,0.0,0.0,2820.0,389.0,1948.0,285.0,0.69,0.0,0.73,0.0,40.42,0,1.0,1.0,0.0,0.0,0.0,0.0,0.0,0.0
ME,2021-03-20,2021,11,32,0.0,0.0,1.0,0.0,0.0,0.0,0.0,0.0,2820.0,393.0,1939.0,284.0,0.69,0.0,0.72,0.0,40.42,0,1.0,1.0,2.0,0.0,0.0,0.0,0.0,0.0
ME,2021-03-27,2021,12,33,0.0,0.0,0.0,0.0,0.0,0.0,0.0,0.0,2819.0,390.0,1944.0,285.0,0.69,0.0,0.73,0.0,40.42,0,0.0,1.0,1.0,0.0,0.0,0.0,0.0,0.0
ME,2021-04-03,2021,13,34,0.0,0.0,0.0,0.0,0.0,0.0,0.0,0.0,2822.0,379.0,1939.0,280.0,0.69,0.0,0.74,0.0,40.42,0,0.0,0.0,1.0,0.0,0.0,0.0,0.0,0.0
ME,2021-04-10,2021,14,35,0.0,0.0,0.0,0.0,0.0,0.0,0.0,0.0,2823.0,384.0,1957.0,289.0,0.69,0.0,0.75,0.0,40.42,0,0.0,0.0,1.0,0.0,0.0,0.0,0.0,0.0
ME,2021-04-17,2021,15,36,0.0,0.0,0.0,0.0,0.0,0.0,0.0,0.0,2828.0,384.0,1968.0,293.0,0.7,0.0,0.76,0.0,40.42,0,0.0,0.0,0.0,2.0,0.0,0.0,0.0,0.0
ME,2021-04-24,2021,16,37,0.0,0.0,0.0,0.0,0.0,0.0,0.0,0.0,2821.0,386.0,1980.0,298.0,0.7,0.0,0.77,0.0,40.42,0,0.0,0.0,0.0,1.0,0.0,0.0,0.0,0.0
ME,2021-05-01,2021,17,38,0.0,0.0,0.0,0.0,0.0,0.0,0.0,0.0,2809.0,382.0,1985.0,295.0,0.71,0.0,0.77,0.0,40.42,0,0.0,0.0,0.0,1.0,0.0,0.0,0.0,0.0
ME,2021-05-08,2021,18,39,1.0,0.0,1.0,0.0,0.0,0.0,0.0,0.0,2819.0,387.0,1995.0,310.0,0.71,0.0,0.8,0.0,40.42,0,0.0,0.0,0.0,1.0,0.0,0.0,0.0,0.0
ME,2021-05-15,2021,19,40,0.0,0.0,0.0,0.0,0.0,0.0,0.0,0.0,2820.0,386.0,1980.0,302.0,0.7,0.0,0.78,0.0,40.42,0,1.0,0.0,0.0,0.0,0.0,0.0,0.0,0.0
ME,2021-05-22,2021,20,41,0.0,0.0,0.0,0.0,0.0,0.0,0.0,0.0,2817.0,387.0,1957.0,292.0,0.69,0.0,0.75,0.0,40.42,0,0.0,1.0,0.0,0.0,0.0,0.0,0.0,0.0
ME,2021-05-29,2021,21,42,0.0,0.0,0.0,0.0,0.0,0.0,0.0,0.0,2824.0,386.0,1998.0,294.0,0.71,0.0,0.76,0.0,40.42,0,0.0,0.0,0.0,0.0,0.0,0.0,0.0,0.0
ME,2021-06-05,2021,22,43,0.0,0.0,0.0,0.0,0.0,0.0,0.0,0.0,2815.0,385.0,1973.0,286.0,0.7,0.0,0.74,0.0,40.42,0,0.0,0.0,1.0,0.0,0.0,0.0,0.0,0.0
ME,2021-06-12,2021,23,44,0.0,0.0,0.0,0.0,0.0,0.0,0.0,0.0,2831.0,381.0,2003.0,287.0,0.71,0.0,0.75,0.0,40.42,0,0.0,0.0,0.0,0.0,0.0,0.0,0.0,0.0
ME,2021-06-19,2021,24,45,0.0,0.0,0.0,0.0,0.0,0.0,0.0,0.0,2828.0,377.0,1994.0,282.0,0.7,0.0,0.75,0.0,40.42,0,0.0,0.0,0.0,0.0,0.0,0.0,0.0,0.0
ME,2021-06-26,2021,25,46,0.0,0.0,0.0,0.0,0.0,0.0,0.0,0.0,2827.0,378.0,2016.0,284.0,0.71,0.0,0.75,0.0,40.42,0,0.0,0.0,0.0,0.0,0.0,0.0,0.0,0.0
ME,2021-07-03,2021,26,47,0.0,0.0,0.0,0.0,0.0,0.0,0.0,0.0,2825.0,379.0,2042.0,285.0,0.72,0.0,0.75,0.0,40.42,0,0.0,0.0,0.0,1.0,0.0,0.0,0.0,0.0
ME,2021-07-10,2021,27,48,0.0,0.0,0.0,0.0,0.0,0.0,0.0,0.0,2823.0,378.0,2046.0,277.0,0.72,0.0,0.73,0.0,40.42,0,0.0,0.0,0.0,0.0,0.0,0.0,0.0,0.0
ME,2021-07-17,2021,28,49,0.0,0.0,0.0,0.0,0.0,0.0,0.0,0.0,2821.0,381.0,2067.0,292.0,0.73,0.0,0.77,0.0,40.42,0,0.0,0.0,0.0,0.0,0.0,0.0,0.0,0.0
ME,2021-07-24,2021,29,50,0.0,0.0,0.0,0.0,0.0,0.0,0.0,0.0,2827.0,378.0,2079.0,295.0,0.74,0.0,0.78,0.0,40.42,0,0.0,0.0,0.0,0.0,0.0,0.0,0.0,0.0
ME,2021-07-31,2021,30,51,0.0,0.0,0.0,0.0,0.0,0.0,0.0,0.0,2821.0,379.0,2076.0,298.0,0.74,0.0,0.79,0.0,40.42,0,0.0,0.0,0.0,0.0,0.0,0.0,0.0,0.0
ME,2021-08-07,2021,31,52,0.0,0.0,0.0,0.0,0.0,0.0,0.0,0.0,2820.0,380.0,2076.0,303.0,0.74,0.0,0.8,0.0,40.42,0,0.0,0.0,0.0,0.0,0.0,0.0,0.0,0.0
ME,2021-08-14,2021,32,53,0.0,0.0,0.0,0.0,0.0,0.0,0.0,0.0,2806.0,378.0,2093.0,298.0,0.75,0.0,0.79,0.0,40.42,0,0.0,0.0,0.0,0.0,0.0,0.0,0.0,0.0
ME,2021-08-21,2021,33,54,0.0,0.0,0.0,0.0,0.0,0.0,0.0,0.0,2812.0,374.0,2099.0,292.0,0.75,0.0,0.78,0.0,40.42,0,0.0,0.0,0.0,0.0,0.0,0.0,0.0,0.0
ME,2021-08-28,2021,34,55,0.0,0.0,0.0,0.0,0.0,0.0,0.0,0.0,2818.0,376.0,2077.0,290.0,0.74,0.0,0.77,0.0,40.42,0,0.0,0.0,0.0,0.0,0.0,0.0,0.0,0.0
ME,2021-09-04,2021,35,56,0.0,0.0,0.0,0.0,0.0,0.0,0.0,0.0,2826.0,374.0,2057.0,287.0,0.73,0.0,0.77,0.0,40.42,0,0.0,0.0,0.0,0.0,0.0,0.0,0.0,0.0
ME,2021-09-11,2021,36,57,0.0,0.0,0.0,0.0,0.0,0.0,0.0,0.0,2818.0,369.0,2050.0,285.0,0.73,0.0,0.77,0.0,40.42,0,0.0,0.0,0.0,0.0,0.0,0.0,0.0,0.0
ME,2021-09-18,2021,37,58,0.0,0.0,0.0,0.0,0.0,0.0,0.0,0.0,2828.0,373.0,2043.0,294.0,0.72,0.0,0.79,0.0,40.42,0,0.0,0.0,0.0,0.0,0.0,0.0,0.0,0.0
ME,2021-09-25,2021,38,59,0.0,0.0,0.0,0.0,0.0,0.0,0.0,0.0,2830.0,378.0,2086.0,299.0,0.74,0.0,0.79,0.0,40.42,0,0.0,0.0,0.0,0.0,0.0,0.0,0.0,0.0
ME,2021-10-02,2021,39,60,0.0,0.0,0.0,0.0,0.0,0.0,0.0,0.0,2833.0,380.0,2126.0,308.0,0.75,0.0,0.81,0.0,40.42,0,0.0,0.0,0.0,0.0,0.0,0.0,0.0,0.0
ME,2021-10-09,2021,40,61,0.0,0.0,0.0,0.0,0.0,0.0,0.0,0.0,2826.0,378.0,2083.0,297.0,0.74,0.0,0.79,0.0,40.42,0,0.0,0.0,0.0,0.0,0.0,0.0,0.0,0.0
ME,2021-10-16,2021,41,62,0.0,0.0,0.0,0.0,0.0,0.0,0.0,0.0,2830.0,381.0,2110.0,302.0,0.75,0.0,0.79,0.0,40.42,0,0.0,0.0,0.0,0.0,0.0,0.0,0.0,0.0
ME,2021-10-23,2021,42,63,0.0,0.0,0.0,0.0,0.0,0.0,0.0,0.0,2837.0,387.0,2128.0,307.0,0.75,0.0,0.79,0.0,40.42,0,0.0,0.0,0.0,0.0,0.0,0.0,0.0,0.0
ME,2021-10-30,2021,43,64,0.0,0.0,0.0,0.0,0.0,0.0,0.0,0.0,2842.0,388.0,2104.0,312.0,0.74,0.0,0.8,0.0,40.42,0,0.0,0.0,0.0,0.0,0.0,0.0,0.0,0.0
ME,2021-11-06,2021,44,65,0.0,0.0,0.0,0.0,0.0,0.0,0.0,0.0,2835.0,385.0,2084.0,301.0,0.74,0.0,0.78,0.0,40.42,0,0.0,0.0,0.0,0.0,0.0,0.0,0.0,0.0
ME,2021-11-13,2021,45,66,0.0,0.0,0.0,0.0,0.0,0.0,0.0,0.0,2853.0,387.0,2136.0,297.0,0.75,0.0,0.77,0.0,40.42,0,0.0,0.0,0.0,0.0,0.0,0.0,0.0,0.0
ME,2021-11-20,2021,46,67,0.0,0.0,0.0,0.0,0.0,0.0,0.0,0.0,2857.0,387.0,2164.0,306.0,0.76,0.0,0.79,0.0,40.42,0,0.0,0.0,0.0,0.0,0.0,0.0,0.0,0.0
ME,2021-11-27,2021,47,68,0.0,0.0,0.0,0.0,0.0,0.0,0.0,0.0,2848.0,396.0,2050.0,303.0,0.72,0.0,0.77,0.0,40.42,0,0.0,0.0,0.0,0.0,0.0,0.0,0.0,0.0
ME,2021-12-04,2021,48,69,0.0,0.0,6.0,0.0,0.0,0.0,0.0,0.0,2856.0,401.0,2117.0,307.0,0.74,0.0,0.77,0.0,40.42,0,0.0,0.0,0.0,0.0,0.0,0.0,0.0,0.0
ME,2021-12-11,2021,49,70,0.0,0.0,2.0,0.0,0.0,0.0,0.0,0.0,2851.0,408.0,2127.0,322.0,0.75,0.0,0.79,0.0,40.42,0,0.0,0.0,0.0,0.0,0.0,0.0,0.0,0.0
ME,2021-12-18,2021,50,71,1.0,0.0,1.0,0.0,0.0,0.0,0.0,0.0,2851.0,407.0,2114.0,320.0,0.74,0.0,0.79,0.0,40.42,0,0.0,0.0,0.0,0.0,0.0,0.0,0.0,0.0
ME,2021-12-25,2021,51,72,1.0,0.0,1.0,0.0,0.0,0.0,0.0,0.0,2858.0,410.0,2042.0,308.0,0.71,0.0,0.75,0.0,40.42,0,1.0,0.0,0.0,0.0,0.0,0.0,0.0,0.0
ME,2022-01-01,2022,52,73,2.0,0.0,2.0,0.0,0.0,0.0,0.0,0.0,2870.0,412.0,2043.0,307.0,0.71,0.0,0.74,0.0,40.63258426966292,0,1.0,1.0,0.0,0.0,0.0,0.0,0.0,0.0
ME,2022-01-08,2022,1,74,7.0,0.0,4.0,0.0,0.0,0.0,0.0,0.0,2899.0,419.0,2150.0,327.0,0.74,0.0,0.78,0.0,40.63258426966292,0,2.0,1.0,0.0,0.0,0.0,0.0,0.0,0.0
ME,2022-01-15,2022,2,75,3.0,0.0,0.0,0.0,0.0,0.0,0.0,0.0,2892.0,418.0,2138.0,320.0,0.74,0.0,0.76,0.0,40.63258426966292,0,7.0,2.0,1.0,0.0,0.0,0.0,0.0,0.0
ME,2022-01-22,2022,3,76,1.0,0.0,0.0,0.0,0.0,0.0,0.0,0.0,2880.0,412.0,2142.0,310.0,0.74,0.0,0.75,0.0,40.63258426966292,0,3.0,7.0,1.0,0.0,0.0,0.0,0.0,0.0
ME,2022-01-29,2022,4,77,0.0,0.0,1.0,0.0,0.0,0.0,0.0,0.0,2835.0,412.0,2150.0,310.0,0.76,0.0,0.75,0.0,40.63258426966292,0,1.0,3.0,2.0,0.0,0.0,0.0,0.0,0.0
ME,2022-02-05,2022,5,78,2.0,0.0,3.0,0.0,0.0,0.0,0.0,0.0,2840.0,412.0,2167.0,310.0,0.76,0.0,0.75,0.0,40.63258426966292,0,0.0,1.0,7.0,0.0,0.0,0.0,0.0,0.0
ME,2022-02-12,2022,6,79,2.0,0.0,5.0,0.0,0.0,0.0,0.0,0.0,2850.0,408.0,2184.0,303.0,0.77,0.0,0.74,0.0,40.63258426966292,0,2.0,0.0,3.0,1.0,0.0,0.0,0.0,0.0
ME,2022-02-19,2022,7,80,1.0,0.0,5.0,0.0,0.0,0.0,0.0,0.0,2832.0,399.0,2171.0,294.0,0.77,0.0,0.74,0.0,40.63258426966292,0,2.0,2.0,1.0,1.0,0.0,0.0,0.0,0.0
ME,2022-02-26,2022,8,81,0.0,0.0,2.0,0.0,0.0,0.0,0.0,0.0,2817.0,393.0,2123.0,276.0,0.75,0.0,0.7,0.0,40.63258426966292,0,1.0,2.0,0.0,2.0,0.0,0.0,0.0,0.0
ME,2022-03-05,2022,9,82,0.0,0.0,2.0,0.0,0.0,0.0,0.0,0.0,2836.0,395.0,2127.0,280.0,0.75,0.0,0.71,0.0,40.63258426966292,0,0.0,1.0,2.0,7.0,0.0,0.0,0.0,0.0
ME,2022-03-12,2022,10,83,1.0,0.0,2.0,0.0,0.0,0.0,0.0,0.0,2845.0,397.0,2147.0,276.0,0.75,0.0,0.69,0.0,40.63258426966292,0,0.0,0.0,2.0,3.0,0.0,0.0,0.0,0.0
ME,2022-03-19,2022,11,84,1.0,0.0,1.0,0.0,0.0,0.0,0.0,0.0,2851.0,398.0,2117.0,273.0,0.74,0.0,0.69,0.0,40.63258426966292,0,1.0,0.0,1.0,1.0,0.0,0.0,0.0,0.0
ME,2022-03-26,2022,12,85,2.0,0.0,3.0,0.0,0.0,0.0,0.0,0.0,2836.0,398.0,2104.0,278.0,0.74,0.0,0.7,0.0,40.63258426966292,0,1.0,1.0,0.0,0.0,0.0,0.0,0.0,0.0
ME,2022-04-02,2022,13,86,5.0,1.0,9.0,0.0,0.0,0.0,0.0,0.0,2831.0,394.0,2076.0,259.0,0.73,0.0,0.66,0.0,40.63258426966292,0,2.0,1.0,0.0,2.0,0.0,0.0,0.0,0.0
ME,2022-04-09,2022,14,87,5.0,0.0,11.0,0.0,0.0,0.0,0.0,0.0,2829.0,394.0,2073.0,266.0,0.73,0.0,0.67,0.0,40.63258426966292,0,5.0,2.0,1.0,2.0,0.0,0.0,0.0,0.0
ME,2022-04-16,2022,15,88,9.0,1.0,15.0,0.0,0.0,0.0,0.0,0.0,2829.0,392.0,2053.0,268.0,0.73,0.0,0.68,0.0,40.63258426966292,0,5.0,5.0,1.0,1.0,0.0,0.0,0.0,0.0
ME,2022-04-23,2022,16,89,8.0,2.0,20.0,0.0,0.0,0.0,0.0,0.0,2831.0,397.0,2030.0,266.0,0.72,0.0,0.67,0.0,40.63258426966292,0,9.0,5.0,2.0,0.0,0.0,0.0,0.0,0.0
ME,2022-04-30,2022,17,90,14.0,1.0,30.0,0.0,0.0,0.0,0.0,0.0,2831.0,396.0,2111.0,280.0,0.75,0.0,0.71,0.0,40.63258426966292,0,8.0,9.0,5.0,0.0,0.0,0.0,0.0,0.0
ME,2022-05-07,2022,18,91,9.0,1.0,8.0,0.0,0.0,0.0,0.0,0.0,2821.0,397.0,2083.0,277.0,0.74,0.0,0.7,0.0,40.63258426966292,0,14.0,8.0,5.0,1.0,0.0,0.0,0.0,0.0
ME,2022-05-14,2022,19,92,14.0,1.0,37.0,0.0,0.0,0.0,0.0,0.0,2830.0,401.0,2109.0,285.0,0.75,0.01,0.71,0.0,40.63258426966292,0,9.0,14.0,9.0,1.0,0.0,0.0,0.0,0.0
ME,2022-05-21,2022,20,93,23.0,2.0,36.0,0.0,0.0,0.0,0.0,0.0,2829.0,406.0,2106.0,289.0,0.74,0.01,0.71,0.0,40.63258426966292,0,14.0,9.0,8.0,2.0,0.01,0.0,0.0,0.0
ME,2022-05-28,2022,21,94,16.0,0.0,15.0,0.0,0.0,0.0,0.0,0.0,2837.0,408.0,2128.0,293.0,0.75,0.01,0.72,0.0,40.63258426966292,0,23.0,14.0,14.0,5.0,0.01,0.01,0.0,0.0
ME,2022-06-04,2022,22,95,12.0,1.0,12.0,0.0,0.0,0.0,0.0,0.0,2824.0,412.0,2139.0,292.0,0.76,0.0,0.71,0.0,40.63258426966292,0,16.0,23.0,9.0,5.0,0.01,0.01,0.0,0.0
ME,2022-06-11,2022,23,96,9.0,1.0,57.0,0.0,0.0,0.0,0.0,0.0,2826.0,400.0,2112.0,274.0,0.75,0.0,0.68,0.0,40.63258426966292,0,12.0,16.0,14.0,9.0,0.0,0.01,0.01,0.0
ME,2022-06-18,2022,24,97,9.0,1.0,3.0,0.0,0.0,0.0,0.0,0.0,2801.0,385.0,2116.0,274.0,0.76,0.0,0.71,0.0,40.63258426966292,0,9.0,12.0,23.0,8.0,0.0,0.0,0.01,0.0
ME,2022-06-25,2022,25,98,5.0,0.0,5.0,0.0,0.0,0.0,0.0,0.0,2788.0,378.0,2091.0,255.0,0.75,0.0,0.68,0.0,40.63258426966292,0,9.0,9.0,16.0,14.0,0.0,0.0,0.01,0.0
ME,2022-07-02,2022,26,99,3.0,0.0,2.0,0.0,0.0,0.0,0.0,0.0,2790.0,381.0,2073.0,258.0,0.74,0.0,0.68,0.0,40.63258426966292,0,5.0,9.0,12.0,9.0,0.0,0.0,0.0,0.0
ME,2022-07-09,2022,27,100,2.0,0.0,1.0,0.0,0.0,0.0,0.0,0.0,2779.0,377.0,2010.0,244.0,0.72,0.0,0.65,0.0,40.63258426966292,0,3.0,5.0,9.0,14.0,0.0,0.0,0.0,0.01
ME,2022-07-16,2022,28,101,0.0,0.0,0.0,0.0,0.0,0.0,0.0,0.0,2791.0,373.0,2033.0,253.0,0.73,0.0,0.68,0.0,40.63258426966292,0,2.0,3.0,9.0,23.0,0.0,0.0,0.0,0.01
ME,2022-07-23,2022,29,102,0.0,0.0,1.0,0.0,0.0,0.0,0.0,0.0,2780.0,373.0,2059.0,262.0,0.74,0.0,0.7,0.0,40.63258426966292,0,0.0,2.0,5.0,16.0,0.0,0.0,0.0,0.01
ME,2022-07-30,2022,30,103,0.0,0.0,0.0,0.0,0.0,0.0,0.0,0.0,2775.0,379.0,2048.0,258.0,0.74,0.0,0.68,0.0,40.63258426966292,0,0.0,0.0,3.0,12.0,0.0,0.0,0.0,0.0
ME,2022-08-06,2022,31,104,0.0,0.0,0.0,0.0,0.0,0.0,0.0,0.0,2785.0,383.0,2034.0,259.0,0.73,0.0,0.68,0.0,40.63258426966292,0,0.0,0.0,2.0,9.0,0.0,0.0,0.0,0.0
ME,2022-08-13,2022,32,105,0.0,0.0,2.0,0.0,0.0,0.0,0.0,0.0,2774.0,376.0,2250.0,249.0,0.81,0.0,0.66,0.0,40.63258426966292,0,0.0,0.0,0.0,9.0,0.0,0.0,0.0,0.0
ME,2022-08-20,2022,33,106,1.0,1.0,0.0,0.0,0.0,0.0,0.0,0.0,2770.0,374.0,2043.0,250.0,0.74,0.0,0.67,0.0,40.63258426966292,0,0.0,0.0,0.0,5.0,0.0,0.0,0.0,0.0
ME,2022-08-27,2022,34,107,0.0,0.0,0.0,0.0,0.0,0.0,0.0,0.0,2769.0,376.0,2048.0,257.0,0.74,0.0,0.68,0.0,40.63258426966292,0,1.0,0.0,0.0,3.0,0.0,0.0,0.0,0.0
ME,2022-09-03,2022,35,108,0.0,0.0,0.0,0.0,0.0,0.0,0.0,0.0,2782.0,378.0,2064.0,268.0,0.74,0.0,0.71,0.0,40.63258426966292,0,0.0,1.0,0.0,2.0,0.0,0.0,0.0,0.0
ME,2022-09-10,2022,36,109,0.0,0.0,0.0,0.0,0.0,0.0,0.0,0.0,2784.0,379.0,2082.0,264.0,0.75,0.0,0.7,0.0,40.63258426966292,0,0.0,0.0,0.0,0.0,0.0,0.0,0.0,0.0
ME,2022-09-17,2022,37,110,1.0,0.0,0.0,0.0,0.0,0.0,0.0,0.0,2785.0,383.0,2101.0,268.0,0.75,0.0,0.7,0.0,40.63258426966292,0,0.0,0.0,1.0,0.0,0.0,0.0,0.0,0.0
ME,2022-09-24,2022,38,111,1.0,0.0,0.0,0.0,0.0,0.0,0.0,0.0,2788.0,382.0,2108.0,271.0,0.76,0.0,0.71,0.0,40.63258426966292,0,1.0,0.0,0.0,0.0,0.0,0.0,0.0,0.0
ME,2022-10-01,2022,39,112,0.0,0.0,0.0,0.0,0.0,0.0,0.0,0.0,2792.0,381.0,2150.0,283.0,0.77,0.0,0.74,0.0,40.63258426966292,0,1.0,1.0,0.0,0.0,0.0,0.0,0.0,0.0
ME,2022-10-08,2022,40,113,0.0,0.0,1.0,0.0,0.0,0.0,0.0,0.0,2791.0,380.0,2133.0,276.0,0.76,0.0,0.72,0.0,40.63258426966292,0,0.0,1.0,0.0,0.0,0.0,0.0,0.0,0.0
ME,2022-10-15,2022,41,114,1.0,0.0,0.0,0.0,0.0,0.0,0.0,0.0,2787.0,384.0,2123.0,281.0,0.76,0.0,0.73,0.0,40.63258426966292,0,0.0,0.0,1.0,1.0,0.0,0.0,0.0,0.0
ME,2022-10-22,2022,42,115,0.0,0.0,0.0,0.0,0.0,0.0,0.0,0.0,2797.0,388.0,2149.0,293.0,0.77,0.0,0.76,0.0,40.63258426966292,0,1.0,0.0,1.0,0.0,0.0,0.0,0.0,0.0
ME,2022-10-29,2022,43,116,1.0,0.0,3.0,0.0,0.0,0.0,0.0,0.0,2809.0,392.0,2173.0,290.0,0.77,0.0,0.74,0.0,40.63258426966292,0,0.0,1.0,0.0,0.0,0.0,0.0,0.0,0.0
ME,2022-11-05,2022,44,117,4.0,1.0,3.0,0.0,0.0,0.0,0.0,0.0,2797.0,388.0,2143.0,284.0,0.77,0.0,0.73,0.0,40.63258426966292,0,1.0,0.0,0.0,0.0,0.0,0.0,0.0,0.0
ME,2022-11-12,2022,45,118,6.0,1.0,8.0,0.0,0.0,0.0,0.0,0.0,2811.0,390.0,2097.0,279.0,0.75,0.0,0.71,0.0,40.63258426966292,0,4.0,1.0,1.0,1.0,0.0,0.0,0.0,0.0
ME,2022-11-19,2022,46,119,7.0,1.0,14.0,0.0,0.0,0.0,0.0,0.0,2825.0,395.0,2134.0,286.0,0.76,0.0,0.72,0.0,40.63258426966292,0,6.0,4.0,0.0,1.0,0.0,0.0,0.0,0.0
ME,2022-11-26,2022,47,120,14.0,2.0,33.0,0.0,0.0,0.0,0.0,0.0,2805.0,389.0,2071.0,274.0,0.74,0.0,0.7,0.0,40.63258426966292,0,7.0,6.0,1.0,0.0,0.0,0.0,0.0,0.0
ME,2022-12-03,2022,48,121,44.0,4.0,100.0,0.0,0.0,0.0,0.0,0.0,2809.0,383.0,2184.0,285.0,0.78,0.02,0.75,0.01,40.63258426966292,1,14.0,7.0,4.0,0.0,0.0,0.0,0.0,0.0
ME,2022-12-10,2022,49,122,71.0,12.0,119.0,0.0,0.0,0.0,0.0,0.0,2801.0,385.0,2218.0,285.0,0.79,0.03,0.74,0.03,40.63258426966292,1,44.0,14.0,6.0,1.0,0.02,0.0,0.0,0.0
ME,2022-12-17,2022,50,123,111.0,18.0,182.0,0.0,0.0,0.0,0.0,0.0,2821.0,394.0,2222.0,291.0,0.79,0.04,0.74,0.05,40.63258426966292,1,71.0,44.0,7.0,0.0,0.03,0.02,0.0,0.0
ME,2022-12-24,2022,51,124,158.0,26.0,211.0,0.0,0.0,0.0,0.0,0.0,2790.0,387.0,2154.0,293.0,0.77,0.06,0.76,0.07,40.63258426966292,1,111.0,71.0,14.0,1.0,0.04,0.03,0.0,0.0
ME,2022-12-31,2022,52,125,183.0,32.0,192.0,0.0,0.0,0.0,0.0,0.0,2766.0,388.0,2114.0,284.0,0.76,0.07,0.73,0.08,40.63258426966292,1,158.0,111.0,44.0,4.0,0.06,0.04,0.02,0.0
MI,2020-10-03,2020,40,8,32.5,0.0,0.0,0.0,1.0,1.5,0.5,4.0,20315.0,2741.0,14896.0,2039.0,0.73,0.0,0.74,0.0,38.481725888324874,0,32.5,32.5,32.5,0.0,0.0,0.0,0.0,0.0
MI,2020-10-10,2020,41,9,32.5,0.0,0.0,0.0,1.0,1.5,0.5,4.0,20210.0,2764.0,14832.0,2052.0,0.73,0.0,0.74,0.0,38.481725888324874,0,32.5,32.5,32.5,0.0,0.0,0.0,0.0,0.0
MI,2020-10-17,2020,42,10,32.5,0.0,0.0,0.0,1.0,1.5,0.5,4.0,20280.0,2861.0,14973.0,2143.0,0.74,0.0,0.75,0.0,38.481725888324874,0,32.5,32.5,32.5,0.0,0.0,0.0,0.0,0.0
MI,2020-10-24,2020,43,11,2.0,1.0,7.0,0.0,1.0,1.5,0.5,4.0,20276.0,2851.0,15050.0,2178.0,0.74,0.0,0.76,0.0,38.481725888324874,0,32.5,32.5,32.5,32.5,0.0,0.0,0.0,0.0
MI,2020-10-31,2020,44,12,7.0,1.0,13.0,0.0,1.0,1.5,0.5,4.0,20297.0,2867.0,15026.0,2175.0,0.74,0.0,0.76,0.0,38.481725888324874,0,2.0,32.5,32.5,32.5,0.0,0.0,0.0,0.0
MI,2020-11-07,2020,45,13,5.0,1.0,9.0,0.0,1.0,1.5,0.5,4.0,20213.0,2861.0,15023.0,2193.0,0.74,0.0,0.77,0.0,38.481725888324874,0,7.0,2.0,32.5,32.5,0.0,0.0,0.0,0.0
MI,2020-11-14,2020,46,14,6.0,1.0,11.0,0.0,1.0,1.5,0.5,4.0,20318.0,2863.0,15623.0,2265.0,0.77,0.0,0.79,0.0,38.481725888324874,0,5.0,7.0,32.5,32.5,0.0,0.0,0.0,0.0
MI,2020-11-21,2020,47,15,10.0,1.0,16.0,0.0,1.0,1.5,0.5,4.0,20118.0,2932.0,15531.0,2328.0,0.77,0.0,0.79,0.0,38.481725888324874,0,6.0,5.0,2.0,32.5,0.0,0.0,0.0,0.0
MI,2020-11-28,2020,48,16,9.0,2.0,5.0,0.0,1.0,1.5,0.5,4.0,19901.0,2957.0,15046.0,2331.0,0.76,0.0,0.79,0.0,38.481725888324874,0,10.0,6.0,7.0,32.5,0.0,0.0,0.0,0.0
MI,2020-12-05,2020,49,17,9.0,2.0,8.0,0.0,1.0,1.5,0.5,4.0,20036.0,2978.0,15525.0,2370.0,0.77,0.0,0.8,0.0,38.481725888324874,0,9.0,10.0,5.0,32.5,0.0,0.0,0.0,0.0
MI,2020-12-12,2020,50,18,9.0,1.0,6.0,0.0,1.0,1.5,0.5,4.0,20084.0,2968.0,15317.0,2383.0,0.76,0.0,0.8,0.0,38.481725888324874,0,9.0,9.0,6.0,32.5,0.0,0.0,0.0,0.0
MI,2020-12-19,2020,51,19,7.0,1.0,11.0,0.0,1.0,1.5,0.5,4.0,20002.0,3011.0,15030.0,2375.0,0.75,0.0,0.79,0.0,38.481725888324874,0,9.0,9.0,10.0,2.0,0.0,0.0,0.0,0.0
MI,2020-12-26,2020,52,20,4.0,1.0,10.0,0.0,1.0,1.5,0.5,4.0,19708.0,2997.0,13588.0,2253.0,0.69,0.0,0.75,0.0,38.481725888324874,0,7.0,9.0,9.0,7.0,0.0,0.0,0.0,0.0
MI,2021-01-02,2021,53,21,5.0,1.0,5.0,0.0,1.0,1.5,0.5,4.0,19748.0,2988.0,13752.0,2180.0,0.7,0.0,0.73,0.0,37.869613259668505,0,4.0,7.0,9.0,5.0,0.0,0.0,0.0,0.0
MI,2021-01-09,2021,1,22,5.0,0.0,6.0,0.0,1.0,1.5,0.5,4.0,20034.0,3010.0,14669.0,2232.0,0.73,0.0,0.74,0.0,37.869613259668505,0,5.0,4.0,9.0,6.0,0.0,0.0,0.0,0.0
MI,2021-01-16,2021,2,23,3.0,1.0,6.0,0.0,1.0,1.5,0.5,4.0,20014.0,2976.0,14698.0,2216.0,0.73,0.0,0.74,0.0,37.869613259668505,0,5.0,5.0,7.0,10.0,0.0,0.0,0.0,0.0
MI,2021-01-23,2021,3,24,5.0,0.0,6.0,0.0,1.0,1.5,0.5,4.0,19995.0,2990.0,14534.0,2208.0,0.73,0.0,0.74,0.0,37.869613259668505,0,3.0,5.0,4.0,9.0,0.0,0.0,0.0,0.0
MI,2021-01-30,2021,4,25,3.0,0.0,3.0,0.0,1.0,1.5,0.5,4.0,19906.0,3029.0,14425.0,2186.0,0.72,0.0,0.72,0.0,37.869613259668505,0,5.0,3.0,5.0,9.0,0.0,0.0,0.0,0.0
MI,2021-02-06,2021,5,26,3.0,0.0,2.0,0.0,1.0,1.5,0.5,4.0,19844.0,2992.0,14181.0,2150.0,0.71,0.0,0.72,0.0,37.869613259668505,0,3.0,5.0,5.0,9.0,0.0,0.0,0.0,0.0
MI,2021-02-13,2021,6,27,2.0,0.0,0.0,0.0,1.0,1.5,0.5,4.0,19876.0,2983.0,14229.0,2197.0,0.72,0.0,0.74,0.0,37.869613259668505,0,3.0,3.0,3.0,7.0,0.0,0.0,0.0,0.0
MI,2021-02-20,2021,7,28,2.0,0.0,1.0,0.0,1.0,1.5,0.5,4.0,19722.0,2968.0,13991.0,2120.0,0.71,0.0,0.71,0.0,37.869613259668505,0,2.0,3.0,5.0,4.0,0.0,0.0,0.0,0.0
MI,2021-02-27,2021,8,29,3.0,0.0,4.0,0.0,1.0,1.5,0.5,4.0,19840.0,2976.0,14402.0,2117.0,0.73,0.0,0.71,0.0,37.869613259668505,0,2.0,2.0,3.0,5.0,0.0,0.0,0.0,0.0
MI,2021-03-06,2021,9,30,2.0,0.0,3.0,0.0,1.0,1.5,0.5,4.0,19944.0,2994.0,14463.0,2127.0,0.73,0.0,0.71,0.0,37.869613259668505,0,3.0,2.0,3.0,5.0,0.0,0.0,0.0,0.0
MI,2021-03-13,2021,10,31,2.0,1.0,2.0,0.0,1.0,1.5,0.5,4.0,19887.0,2908.0,14682.0,2110.0,0.74,0.0,0.73,0.0,37.869613259668505,0,2.0,3.0,2.0,3.0,0.0,0.0,0.0,0.0
MI,2021-03-20,2021,11,32,2.0,0.0,0.0,0.0,1.0,1.5,0.5,4.0,19872.0,2888.0,14606.0,2106.0,0.74,0.0,0.73,0.0,37.869613259668505,0,2.0,2.0,2.0,5.0,0.0,0.0,0.0,0.0
MI,2021-03-27,2021,12,33,1.0,0.0,0.0,0.0,1.0,1.5,0.5,4.0,19977.0,2891.0,15049.0,2139.0,0.75,0.0,0.74,0.0,37.869613259668505,0,2.0,2.0,3.0,3.0,0.0,0.0,0.0,0.0
MI,2021-04-03,2021,13,34,2.0,0.0,1.0,0.0,1.0,1.5,0.5,4.0,19993.0,2906.0,15164.0,2199.0,0.76,0.0,0.76,0.0,37.869613259668505,0,1.0,2.0,2.0,3.0,0.0,0.0,0.0,0.0
MI,2021-04-10,2021,14,35,5.0,0.0,5.0,0.0,1.0,1.5,0.5,4.0,20054.0,2926.0,15723.0,2301.0,0.78,0.0,0.79,0.0,37.869613259668505,0,2.0,1.0,2.0,2.0,0.0,0.0,0.0,0.0
MI,2021-04-17,2021,15,36,6.0,1.0,16.0,0.0,1.0,1.5,0.5,4.0,20026.0,3024.0,16310.0,2473.0,0.81,0.0,0.82,0.0,37.869613259668505,0,5.0,2.0,2.0,2.0,0.0,0.0,0.0,0.0
MI,2021-04-24,2021,16,37,4.0,1.0,11.0,0.0,1.0,1.5,0.5,4.0,19896.0,3113.0,15888.0,2498.0,0.8,0.0,0.8,0.0,37.869613259668505,0,6.0,5.0,1.0,3.0,0.0,0.0,0.0,0.0
MI,2021-05-01,2021,17,38,4.0,1.0,3.0,0.0,1.0,1.5,0.5,4.0,19844.0,3044.0,15758.0,2468.0,0.79,0.0,0.81,0.0,37.869613259668505,0,4.0,6.0,2.0,2.0,0.0,0.0,0.0,0.0
MI,2021-05-08,2021,18,39,3.0,0.0,1.0,0.0,1.0,1.5,0.5,4.0,19774.0,3044.0,15763.0,2437.0,0.8,0.0,0.8,0.0,37.869613259668505,0,4.0,4.0,5.0,2.0,0.0,0.0,0.0,0.0
MI,2021-05-15,2021,19,40,3.0,0.0,3.0,0.0,1.0,1.5,0.5,4.0,19647.0,3008.0,15222.0,2361.0,0.77,0.0,0.78,0.0,37.869613259668505,0,3.0,4.0,6.0,2.0,0.0,0.0,0.0,0.0
MI,2021-05-22,2021,20,41,2.0,0.0,0.0,0.0,1.0,1.5,0.5,4.0,19645.0,2960.0,15132.0,2287.0,0.77,0.0,0.77,0.0,37.869613259668505,0,3.0,3.0,4.0,1.0,0.0,0.0,0.0,0.0
MI,2021-05-29,2021,21,42,3.0,0.0,2.0,0.0,1.0,1.5,0.5,4.0,19710.0,2971.0,15324.0,2227.0,0.78,0.0,0.75,0.0,37.869613259668505,0,2.0,3.0,4.0,2.0,0.0,0.0,0.0,0.0
MI,2021-06-05,2021,22,43,3.0,0.0,1.0,0.0,1.0,1.5,0.5,4.0,19531.0,2928.0,14608.0,2137.0,0.75,0.0,0.73,0.0,37.869613259668505,0,3.0,2.0,3.0,5.0,0.0,0.0,0.0,0.0
MI,2021-06-12,2021,23,44,2.0,0.0,0.0,0.0,1.0,1.5,0.5,4.0,19641.0,2912.0,15235.0,2166.0,0.78,0.0,0.74,0.0,37.869613259668505,0,3.0,3.0,3.0,6.0,0.0,0.0,0.0,0.0
MI,2021-06-19,2021,24,45,2.0,0.0,0.0,0.0,1.0,1.5,0.5,4.0,19666.0,2867.0,14965.0,2045.0,0.76,0.0,0.71,0.0,37.869613259668505,0,2.0,3.0,2.0,4.0,0.0,0.0,0.0,0.0
MI,2021-06-26,2021,25,46,2.0,0.0,0.0,0.0,1.0,1.5,0.5,4.0,19641.0,2829.0,14920.0,2000.0,0.76,0.0,0.71,0.0,37.869613259668505,0,2.0,2.0,3.0,4.0,0.0,0.0,0.0,0.0
MI,2021-07-03,2021,26,47,2.0,0.0,0.0,0.0,1.0,1.5,0.5,4.0,19469.0,2812.0,14682.0,1944.0,0.75,0.0,0.69,0.0,37.869613259668505,0,2.0,2.0,3.0,3.0,0.0,0.0,0.0,0.0
MI,2021-07-10,2021,27,48,2.0,0.0,0.0,0.0,1.0,1.5,0.5,4.0,19388.0,2855.0,14386.0,1960.0,0.74,0.0,0.69,0.0,37.869613259668505,0,2.0,2.0,2.0,3.0,0.0,0.0,0.0,0.0
MI,2021-07-17,2021,28,49,2.0,0.0,1.0,0.0,1.0,1.5,0.5,4.0,19589.0,2865.0,15038.0,2027.0,0.77,0.0,0.71,0.0,37.869613259668505,0,2.0,2.0,2.0,2.0,0.0,0.0,0.0,0.0
MI,2021-07-24,2021,29,50,3.0,0.0,0.0,0.0,1.0,1.5,0.5,4.0,19637.0,2875.0,14969.0,2060.0,0.76,0.0,0.72,0.0,37.869613259668505,0,2.0,2.0,2.0,3.0,0.0,0.0,0.0,0.0
MI,2021-07-31,2021,30,51,2.0,0.0,0.0,0.0,1.0,1.5,0.5,4.0,19841.0,2865.0,15132.0,2082.0,0.76,0.0,0.73,0.0,37.869613259668505,0,3.0,2.0,2.0,3.0,0.0,0.0,0.0,0.0
MI,2021-08-07,2021,31,52,3.0,0.0,2.0,0.0,1.0,1.5,0.5,4.0,19826.0,2874.0,15046.0,2064.0,0.76,0.0,0.72,0.0,37.869613259668505,0,2.0,3.0,2.0,2.0,0.0,0.0,0.0,0.0
MI,2021-08-14,2021,32,53,3.0,0.0,1.0,0.0,1.0,1.5,0.5,4.0,19878.0,2884.0,15284.0,2062.0,0.77,0.0,0.72,0.0,37.869613259668505,0,3.0,2.0,2.0,2.0,0.0,0.0,0.0,0.0
MI,2021-08-21,2021,33,54,3.0,0.0,2.0,0.0,1.0,1.5,0.5,4.0,19805.0,2894.0,15448.0,2096.0,0.78,0.0,0.72,0.0,37.869613259668505,0,3.0,3.0,3.0,2.0,0.0,0.0,0.0,0.0
MI,2021-08-28,2021,34,55,5.0,1.0,2.0,0.0,1.0,1.5,0.5,4.0,19682.0,2901.0,15293.0,2131.0,0.78,0.0,0.73,0.0,37.869613259668505,0,3.0,3.0,2.0,2.0,0.0,0.0,0.0,0.0
MI,2021-09-04,2021,35,56,5.0,1.0,2.0,0.0,1.0,1.5,0.5,4.0,19715.0,2859.0,15292.0,2146.0,0.78,0.0,0.75,0.0,37.869613259668505,0,5.0,3.0,3.0,2.0,0.0,0.0,0.0,0.0
MI,2021-09-11,2021,36,57,3.0,0.0,1.0,0.0,1.0,1.5,0.5,4.0,19606.0,2838.0,15212.0,2166.0,0.78,0.0,0.76,0.0,37.869613259668505,0,5.0,5.0,3.0,2.0,0.0,0.0,0.0,0.0
MI,2021-09-18,2021,37,58,3.0,0.0,0.0,0.0,1.0,1.5,0.5,4.0,19698.0,2837.0,15662.0,2180.0,0.8,0.0,0.77,0.0,37.869613259668505,0,3.0,5.0,3.0,3.0,0.0,0.0,0.0,0.0
MI,2021-09-25,2021,38,59,5.0,1.0,1.0,0.0,1.0,1.5,0.5,4.0,19632.0,2854.0,15453.0,2186.0,0.79,0.0,0.77,0.0,37.869613259668505,0,3.0,3.0,5.0,2.0,0.0,0.0,0.0,0.0
MI,2021-10-02,2021,39,60,6.0,0.0,6.0,0.0,1.0,1.5,0.5,4.0,19604.0,2828.0,15602.0,2187.0,0.8,0.0,0.77,0.0,37.869613259668505,0,5.0,3.0,5.0,3.0,0.0,0.0,0.0,0.0
MI,2021-10-09,2021,40,61,7.0,0.0,6.0,0.0,1.0,1.5,0.5,4.0,19525.0,2827.0,15632.0,2174.0,0.8,0.0,0.77,0.0,37.869613259668505,0,6.0,5.0,3.0,3.0,0.0,0.0,0.0,0.0
MI,2021-10-16,2021,41,62,7.0,1.0,3.0,0.0,1.0,1.5,0.5,4.0,19629.0,2843.0,15815.0,2233.0,0.81,0.0,0.79,0.0,37.869613259668505,0,7.0,6.0,3.0,3.0,0.0,0.0,0.0,0.0
MI,2021-10-23,2021,42,63,6.0,0.0,2.0,0.0,1.0,1.5,0.5,4.0,19510.0,2854.0,15698.0,2246.0,0.8,0.0,0.79,0.0,37.869613259668505,0,7.0,7.0,5.0,5.0,0.0,0.0,0.0,0.0
MI,2021-10-30,2021,43,64,6.0,0.0,0.0,0.0,1.0,1.5,0.5,4.0,19611.0,2867.0,15782.0,2261.0,0.8,0.0,0.79,0.0,37.869613259668505,0,6.0,7.0,6.0,5.0,0.0,0.0,0.0,0.0
MI,2021-11-06,2021,44,65,4.0,0.0,1.0,0.0,1.0,1.5,0.5,4.0,19419.0,2888.0,15816.0,2253.0,0.81,0.0,0.78,0.0,37.869613259668505,0,6.0,6.0,7.0,3.0,0.0,0.0,0.0,0.0
MI,2021-11-13,2021,45,66,9.0,1.0,5.0,0.0,1.0,1.5,0.5,4.0,19458.0,2891.0,16143.0,2327.0,0.83,0.0,0.8,0.0,37.869613259668505,0,4.0,6.0,7.0,3.0,0.0,0.0,0.0,0.0
MI,2021-11-20,2021,46,67,10.0,2.0,7.0,0.0,1.0,1.5,0.5,4.0,19377.0,2892.0,16196.0,2340.0,0.84,0.0,0.81,0.0,37.869613259668505,0,9.0,4.0,6.0,5.0,0.0,0.0,0.0,0.0
MI,2021-11-27,2021,47,68,15.0,1.0,26.0,0.0,1.0,1.5,0.5,4.0,19180.0,2891.0,15917.0,2367.0,0.83,0.0,0.82,0.0,37.869613259668505,0,10.0,9.0,6.0,6.0,0.0,0.0,0.0,0.0
MI,2021-12-04,2021,48,69,18.0,2.0,23.0,0.0,1.0,1.5,0.5,4.0,19324.0,2918.0,16250.0,2448.0,0.84,0.0,0.84,0.0,37.869613259668505,0,15.0,10.0,4.0,7.0,0.0,0.0,0.0,0.0
MI,2021-12-11,2021,49,70,29.0,2.0,57.0,0.0,1.0,1.5,0.5,4.0,19358.0,2920.0,16469.0,2439.0,0.85,0.0,0.84,0.0,37.869613259668505,0,18.0,15.0,9.0,7.0,0.0,0.0,0.0,0.0
MI,2021-12-18,2021,50,71,34.0,4.0,55.0,0.0,1.0,1.5,0.5,4.0,19226.0,2918.0,16272.0,2429.0,0.85,0.0,0.83,0.0,37.869613259668505,0,29.0,18.0,10.0,6.0,0.0,0.0,0.0,0.0
MI,2021-12-25,2021,51,72,42.0,3.0,67.0,0.0,1.0,1.5,0.5,4.0,18792.0,2874.0,15214.0,2356.0,0.81,0.0,0.82,0.0,37.869613259668505,0,34.0,29.0,15.0,6.0,0.0,0.0,0.0,0.0
MI,2022-01-01,2022,52,73,56.0,5.0,98.0,0.0,1.0,1.5,0.5,4.0,18642.0,2861.0,15036.0,2292.0,0.81,0.0,0.8,0.0,34.32333333333333,0,42.0,34.0,18.0,4.0,0.0,0.0,0.0,0.0
MI,2022-01-08,2022,1,74,66.0,9.0,57.0,0.0,1.0,1.5,0.5,4.0,18809.0,2834.0,15539.0,2275.0,0.83,0.0,0.8,0.0,34.32333333333333,0,56.0,42.0,29.0,9.0,0.0,0.0,0.0,0.0
MI,2022-01-15,2022,2,75,43.0,6.0,54.0,0.0,1.0,1.5,0.5,4.0,18784.0,2844.0,15562.0,2303.0,0.83,0.0,0.81,0.0,34.32333333333333,0,66.0,56.0,34.0,10.0,0.0,0.0,0.0,0.0
MI,2022-01-22,2022,3,76,34.0,5.0,31.0,0.0,1.0,1.5,0.5,4.0,18976.0,2830.0,15618.0,2306.0,0.82,0.0,0.81,0.0,34.32333333333333,0,43.0,66.0,42.0,15.0,0.0,0.0,0.0,0.0
MI,2022-01-29,2022,4,77,24.0,1.0,29.0,0.0,1.0,1.5,0.5,4.0,18938.0,2830.0,15238.0,2240.0,0.8,0.0,0.79,0.0,34.32333333333333,0,34.0,43.0,56.0,18.0,0.0,0.0,0.0,0.0
MI,2022-02-05,2022,5,78,26.0,2.0,27.0,0.0,1.0,1.5,0.5,4.0,18848.0,2809.0,14828.0,2195.0,0.79,0.0,0.78,0.0,34.32333333333333,0,24.0,34.0,66.0,29.0,0.0,0.0,0.0,0.0
MI,2022-02-12,2022,6,79,35.0,3.0,40.0,0.0,1.0,1.5,0.5,4.0,18866.0,2815.0,14976.0,2135.0,0.79,0.0,0.76,0.0,34.32333333333333,0,26.0,24.0,43.0,34.0,0.0,0.0,0.0,0.0
MI,2022-02-19,2022,7,80,39.0,5.0,49.0,0.0,1.0,1.5,0.5,4.0,18714.0,2783.0,14824.0,2039.0,0.79,0.0,0.73,0.0,34.32333333333333,0,35.0,26.0,34.0,42.0,0.0,0.0,0.0,0.0
MI,2022-02-26,2022,8,81,35.0,5.0,50.0,0.0,1.0,1.5,0.5,4.0,18815.0,2772.0,14701.0,2012.0,0.78,0.0,0.73,0.0,34.32333333333333,0,39.0,35.0,24.0,56.0,0.0,0.0,0.0,0.0
MI,2022-03-05,2022,9,82,40.0,3.0,74.0,0.0,1.0,1.5,0.5,4.0,18754.0,2772.0,14503.0,2021.0,0.77,0.0,0.73,0.0,34.32333333333333,0,35.0,39.0,26.0,66.0,0.0,0.0,0.0,0.0
MI,2022-03-12,2022,10,83,48.0,4.0,88.0,0.0,1.0,1.5,0.5,4.0,18644.0,2763.0,14376.0,1951.0,0.77,0.0,0.71,0.0,34.32333333333333,0,40.0,35.0,35.0,43.0,0.0,0.0,0.0,0.0
MI,2022-03-19,2022,11,84,63.0,6.0,119.0,0.0,1.0,1.5,0.5,4.0,19031.0,2779.0,14710.0,1973.0,0.77,0.0,0.71,0.0,34.32333333333333,0,48.0,40.0,39.0,34.0,0.0,0.0,0.0,0.0
MI,2022-03-26,2022,12,85,83.0,11.0,134.0,0.0,1.0,1.5,0.5,4.0,19161.0,2767.0,14839.0,1950.0,0.77,0.0,0.7,0.0,34.32333333333333,0,63.0,48.0,35.0,24.0,0.0,0.0,0.0,0.0
MI,2022-04-02,2022,13,86,90.0,12.0,146.0,0.0,1.0,1.5,0.5,4.0,18667.0,2723.0,14229.0,1865.0,0.76,0.0,0.68,0.0,34.32333333333333,0,83.0,63.0,40.0,26.0,0.0,0.0,0.0,0.0
MI,2022-04-09,2022,14,87,112.0,11.0,160.0,0.0,1.0,1.5,0.5,4.0,18595.0,2717.0,14261.0,1904.0,0.77,0.01,0.7,0.0,34.32333333333333,0,90.0,83.0,48.0,35.0,0.0,0.0,0.0,0.0
MI,2022-04-16,2022,15,88,123.0,12.0,150.0,0.0,1.0,1.5,0.5,4.0,18561.0,2708.0,14360.0,1948.0,0.77,0.01,0.72,0.0,34.32333333333333,0,112.0,90.0,63.0,39.0,0.01,0.0,0.0,0.0
MI,2022-04-23,2022,16,89,100.0,13.0,138.0,0.0,1.0,1.5,0.5,4.0,18597.0,2707.0,14416.0,1965.0,0.78,0.01,0.73,0.0,34.32333333333333,0,123.0,112.0,83.0,35.0,0.01,0.01,0.0,0.0
MI,2022-04-30,2022,17,90,103.0,12.0,136.0,0.0,1.0,1.5,0.5,4.0,18687.0,2731.0,14604.0,1992.0,0.78,0.01,0.73,0.0,34.32333333333333,0,100.0,123.0,90.0,40.0,0.01,0.01,0.0,0.0
MI,2022-05-07,2022,18,91,119.0,13.0,169.0,0.0,1.0,1.5,0.5,4.0,18703.0,2738.0,14668.0,2045.0,0.78,0.01,0.75,0.0,34.32333333333333,0,103.0,100.0,112.0,48.0,0.01,0.01,0.01,0.0
MI,2022-05-14,2022,19,92,146.0,12.0,180.0,0.0,1.0,1.5,0.5,4.0,18597.0,2710.0,14678.0,2001.0,0.79,0.01,0.74,0.0,34.32333333333333,0,119.0,103.0,123.0,63.0,0.01,0.01,0.01,0.0
MI,2022-05-21,2022,20,93,141.0,13.0,140.0,0.0,1.0,1.5,0.5,4.0,18583.0,2716.0,14917.0,2047.0,0.8,0.01,0.75,0.0,34.32333333333333,0,146.0,119.0,100.0,83.0,0.01,0.01,0.01,0.0
MI,2022-05-28,2022,21,94,99.0,9.0,93.0,0.0,1.0,1.5,0.5,4.0,18576.0,2715.0,14693.0,2018.0,0.79,0.01,0.74,0.0,34.32333333333333,0,141.0,146.0,103.0,90.0,0.01,0.01,0.01,0.0
MI,2022-06-04,2022,22,95,74.0,4.0,70.0,0.0,1.0,1.5,0.5,4.0,18564.0,2710.0,14622.0,2009.0,0.79,0.0,0.74,0.0,34.32333333333333,0,99.0,141.0,119.0,112.0,0.01,0.01,0.01,0.01
MI,2022-06-11,2022,23,96,53.0,4.0,35.0,0.0,1.0,1.5,0.5,4.0,18531.0,2689.0,14623.0,1963.0,0.79,0.0,0.73,0.0,34.32333333333333,0,74.0,99.0,146.0,123.0,0.0,0.01,0.01,0.01
MI,2022-06-18,2022,24,97,46.0,4.0,32.0,0.0,1.0,1.5,0.5,4.0,18569.0,2681.0,14417.0,1892.0,0.78,0.0,0.71,0.0,34.32333333333333,0,53.0,74.0,141.0,100.0,0.0,0.0,0.01,0.01
MI,2022-06-25,2022,25,98,41.0,3.0,16.0,0.0,1.0,1.5,0.5,4.0,18520.0,2687.0,14435.0,1929.0,0.78,0.0,0.72,0.0,34.32333333333333,0,46.0,53.0,99.0,103.0,0.0,0.0,0.01,0.01
MI,2022-07-02,2022,26,99,32.0,2.0,11.0,0.0,1.0,1.5,0.5,4.0,18718.0,2689.0,14114.0,1903.0,0.75,0.0,0.71,0.0,34.32333333333333,0,41.0,46.0,74.0,119.0,0.0,0.0,0.0,0.01
MI,2022-07-09,2022,27,100,30.0,1.0,9.0,0.0,1.0,1.5,0.5,4.0,18471.0,2664.0,14193.0,1891.0,0.77,0.0,0.71,0.0,34.32333333333333,0,32.0,41.0,53.0,146.0,0.0,0.0,0.0,0.01
MI,2022-07-16,2022,28,101,32.0,1.0,5.0,0.0,1.0,1.5,0.5,4.0,18606.0,2683.0,14647.0,1924.0,0.79,0.0,0.72,0.0,34.32333333333333,0,30.0,32.0,46.0,141.0,0.0,0.0,0.0,0.01
MI,2022-07-23,2022,29,102,25.0,0.0,7.0,0.0,1.0,1.5,0.5,4.0,18553.0,2681.0,14724.0,1916.0,0.79,0.0,0.71,0.0,34.32333333333333,0,32.0,30.0,41.0,99.0,0.0,0.0,0.0,0.01
MI,2022-07-30,2022,30,103,35.0,0.0,4.0,0.0,1.0,1.5,0.5,4.0,18583.0,2683.0,14700.0,1943.0,0.79,0.0,0.72,0.0,34.32333333333333,0,25.0,32.0,32.0,74.0,0.0,0.0,0.0,0.0
MI,2022-08-06,2022,31,104,24.0,0.0,1.0,0.0,1.0,1.5,0.5,4.0,18565.0,2684.0,14620.0,1944.0,0.79,0.0,0.72,0.0,34.32333333333333,0,35.0,25.0,30.0,53.0,0.0,0.0,0.0,0.0
MI,2022-08-13,2022,32,105,25.0,1.0,3.0,0.0,1.0,1.5,0.5,4.0,18576.0,2668.0,14586.0,1905.0,0.79,0.0,0.71,0.0,34.32333333333333,0,24.0,35.0,32.0,46.0,0.0,0.0,0.0,0.0
MI,2022-08-20,2022,33,106,25.0,1.0,2.0,0.0,1.0,1.5,0.5,4.0,18468.0,2673.0,14530.0,1888.0,0.79,0.0,0.71,0.0,34.32333333333333,0,25.0,24.0,25.0,41.0,0.0,0.0,0.0,0.0
MI,2022-08-27,2022,34,107,29.0,1.0,2.0,0.0,1.0,1.5,0.5,4.0,18515.0,2674.0,14646.0,1901.0,0.79,0.0,0.71,0.0,34.32333333333333,0,25.0,25.0,35.0,32.0,0.0,0.0,0.0,0.0
MI,2022-09-03,2022,35,108,36.0,1.0,1.0,0.0,1.0,1.5,0.5,4.0,18545.0,2660.0,14606.0,1899.0,0.79,0.0,0.71,0.0,34.32333333333333,0,29.0,25.0,24.0,30.0,0.0,0.0,0.0,0.0
MI,2022-09-10,2022,36,109,33.0,1.0,9.0,0.0,1.0,1.5,0.5,4.0,18596.0,2684.0,14475.0,1916.0,0.78,0.0,0.71,0.0,34.32333333333333,0,36.0,29.0,25.0,32.0,0.0,0.0,0.0,0.0
MI,2022-09-17,2022,37,110,27.0,1.0,2.0,0.0,1.0,1.5,0.5,4.0,18657.0,2677.0,14903.0,1990.0,0.8,0.0,0.74,0.0,34.32333333333333,0,33.0,36.0,25.0,25.0,0.0,0.0,0.0,0.0
MI,2022-09-24,2022,38,111,22.0,1.0,7.0,0.0,1.0,1.5,0.5,4.0,18659.0,2680.0,14831.0,1976.0,0.79,0.0,0.74,0.0,34.32333333333333,0,27.0,33.0,29.0,35.0,0.0,0.0,0.0,0.0
MI,2022-10-01,2022,39,112,31.0,0.0,4.0,0.0,1.0,1.5,0.5,4.0,18645.0,2702.0,14698.0,1978.0,0.79,0.0,0.73,0.0,34.32333333333333,0,22.0,27.0,36.0,24.0,0.0,0.0,0.0,0.0
MI,2022-10-08,2022,40,113,34.0,0.0,12.0,0.0,1.0,1.5,0.5,4.0,18630.0,2715.0,14823.0,1989.0,0.8,0.0,0.73,0.0,34.32333333333333,0,31.0,22.0,33.0,25.0,0.0,0.0,0.0,0.0
MI,2022-10-15,2022,41,114,38.0,2.0,15.0,0.0,1.0,1.5,0.5,4.0,18599.0,2703.0,14828.0,2005.0,0.8,0.0,0.74,0.0,34.32333333333333,0,34.0,31.0,27.0,25.0,0.0,0.0,0.0,0.0
MI,2022-10-22,2022,42,115,38.0,2.0,12.0,0.0,1.0,1.5,0.5,4.0,18614.0,2670.0,14931.0,2018.0,0.8,0.0,0.76,0.0,34.32333333333333,0,38.0,34.0,22.0,29.0,0.0,0.0,0.0,0.0
MI,2022-10-29,2022,43,116,48.0,0.0,48.0,0.0,1.0,1.5,0.5,4.0,18670.0,2681.0,15046.0,2012.0,0.81,0.0,0.75,0.0,34.32333333333333,0,38.0,38.0,31.0,36.0,0.0,0.0,0.0,0.0
MI,2022-11-05,2022,44,117,39.0,1.0,55.0,0.0,1.0,1.5,0.5,4.0,18616.0,2688.0,14871.0,1968.0,0.8,0.0,0.73,0.0,34.32333333333333,0,48.0,38.0,34.0,33.0,0.0,0.0,0.0,0.0
MI,2022-11-12,2022,45,118,83.0,5.0,88.0,0.0,1.0,1.5,0.5,4.0,18720.0,2730.0,15030.0,2041.0,0.8,0.0,0.75,0.0,34.32333333333333,0,39.0,48.0,38.0,27.0,0.0,0.0,0.0,0.0
MI,2022-11-19,2022,46,119,68.0,7.0,165.0,0.0,1.0,1.5,0.5,4.0,18599.0,2721.0,14778.0,2002.0,0.79,0.0,0.74,0.0,34.32333333333333,0,83.0,39.0,38.0,22.0,0.0,0.0,0.0,0.0
MI,2022-11-26,2022,47,120,118.0,9.0,290.0,0.0,1.0,1.5,0.5,4.0,18467.0,2712.0,14101.0,1956.0,0.76,0.01,0.72,0.0,34.32333333333333,0,68.0,83.0,48.0,31.0,0.0,0.0,0.0,0.0
MI,2022-12-03,2022,48,121,212.0,20.0,459.0,0.0,1.0,1.5,0.5,4.0,18674.0,2737.0,15025.0,2050.0,0.8,0.01,0.75,0.01,34.32333333333333,1,118.0,68.0,39.0,34.0,0.01,0.0,0.0,0.0
MI,2022-12-10,2022,49,122,303.0,39.0,591.0,0.0,1.0,1.5,0.5,4.0,18760.0,2742.0,15163.0,2067.0,0.81,0.02,0.75,0.01,34.32333333333333,1,212.0,118.0,83.0,38.0,0.01,0.01,0.0,0.0
MI,2022-12-17,2022,50,123,481.0,66.0,894.0,0.0,1.0,1.5,0.5,4.0,20049.0,3024.0,16379.0,2318.0,0.82,0.02,0.77,0.02,34.32333333333333,1,303.0,212.0,68.0,38.0,0.02,0.01,0.0,0.0
MI,2022-12-24,2022,51,124,692.0,92.0,1123.0,0.0,1.0,1.5,0.5,4.0,19947.0,2975.0,15889.0,2225.0,0.8,0.03,0.75,0.03,34.32333333333333,1,481.0,303.0,118.0,48.0,0.02,0.02,0.01,0.0
MI,2022-12-31,2022,52,125,783.0,116.0,1137.0,0.0,1.0,1.5,0.5,4.0,19658.0,2951.0,15291.0,2189.0,0.78,0.04,0.74,0.04,34.32333333333333,1,692.0,481.0,212.0,39.0,0.03,0.02,0.01,0.0
MN,2020-10-03,2020,40,8,4.0,1.0,5.0,0.0,2.0,1.5,0.5,1.5,11168.0,1469.0,7677.0,1039.0,0.69,0.0,0.71,0.0,40.813793103448276,0,4.0,4.0,4.0,4.0,0.0,0.0,0.0,0.0
MN,2020-10-10,2020,41,9,4.0,1.0,5.0,0.0,2.0,1.5,0.5,1.5,11344.0,1472.0,7741.0,1042.0,0.68,0.0,0.71,0.0,40.813793103448276,0,4.0,4.0,4.0,4.0,0.0,0.0,0.0,0.0
MN,2020-10-17,2020,42,10,4.0,1.0,5.0,0.0,2.0,1.5,0.5,1.5,11337.0,1480.0,7734.0,1051.0,0.68,0.0,0.71,0.0,40.813793103448276,0,4.0,4.0,4.0,4.0,0.0,0.0,0.0,0.0
MN,2020-10-24,2020,43,11,0.0,0.0,0.0,0.0,2.0,1.5,0.5,1.5,11314.0,1493.0,7676.0,1055.0,0.68,0.0,0.71,0.0,40.813793103448276,0,4.0,4.0,4.0,4.0,0.0,0.0,0.0,0.0
MN,2020-10-31,2020,44,12,0.0,0.0,0.0,0.0,2.0,1.5,0.5,1.5,11340.0,1486.0,7851.0,1064.0,0.69,0.0,0.72,0.0,40.813793103448276,0,0.0,4.0,4.0,4.0,0.0,0.0,0.0,0.0
MN,2020-11-07,2020,45,13,0.0,0.0,1.0,0.0,2.0,1.5,0.5,1.5,11261.0,1477.0,7948.0,1092.0,0.71,0.0,0.74,0.0,40.813793103448276,0,0.0,0.0,4.0,4.0,0.0,0.0,0.0,0.0
MN,2020-11-14,2020,46,14,9.0,1.0,30.0,0.0,2.0,1.5,0.5,1.5,10795.0,1442.0,7885.0,1091.0,0.73,0.0,0.76,0.0,40.813793103448276,0,0.0,0.0,4.0,4.0,0.0,0.0,0.0,0.0
MN,2020-11-21,2020,47,15,20.0,0.0,8.0,0.0,2.0,1.5,0.5,1.5,10433.0,1420.0,7749.0,1101.0,0.74,0.0,0.78,0.0,40.813793103448276,0,9.0,0.0,0.0,4.0,0.0,0.0,0.0,0.0
MN,2020-11-28,2020,48,16,2.0,0.0,1.0,0.0,2.0,1.5,0.5,1.5,10009.0,1444.0,7329.0,1096.0,0.73,0.0,0.76,0.0,40.813793103448276,0,20.0,9.0,0.0,4.0,0.0,0.0,0.0,0.0
MN,2020-12-05,2020,49,17,1.0,0.0,1.0,0.0,2.0,1.5,0.5,1.5,9928.0,1426.0,7337.0,1085.0,0.74,0.0,0.76,0.0,40.813793103448276,0,2.0,20.0,0.0,4.0,0.0,0.0,0.0,0.0
MN,2020-12-12,2020,50,18,1.0,0.0,0.0,0.0,2.0,1.5,0.5,1.5,9801.0,1448.0,7290.0,1081.0,0.74,0.0,0.75,0.0,40.813793103448276,0,1.0,2.0,9.0,4.0,0.0,0.0,0.0,0.0
MN,2020-12-19,2020,51,19,1.0,0.0,0.0,0.0,2.0,1.5,0.5,1.5,9763.0,1424.0,7051.0,1052.0,0.72,0.0,0.74,0.0,40.813793103448276,0,1.0,1.0,20.0,0.0,0.0,0.0,0.0,0.0
MN,2020-12-26,2020,52,20,3.0,1.0,1.0,0.0,2.0,1.5,0.5,1.5,9582.0,1413.0,6562.0,999.0,0.68,0.0,0.71,0.0,40.813793103448276,0,1.0,1.0,2.0,0.0,0.0,0.0,0.0,0.0
MN,2021-01-02,2021,53,21,1.0,0.0,0.0,0.0,2.0,1.5,0.5,1.5,9653.0,1416.0,6751.0,1012.0,0.7,0.0,0.71,0.0,39.54673913043479,0,3.0,1.0,1.0,0.0,0.0,0.0,0.0,0.0
MN,2021-01-09,2021,1,22,2.0,0.0,1.0,0.0,2.0,1.5,0.5,1.5,9707.0,1407.0,6976.0,1011.0,0.72,0.0,0.72,0.0,39.54673913043479,0,1.0,3.0,1.0,9.0,0.0,0.0,0.0,0.0
MN,2021-01-16,2021,2,23,12.0,2.0,1.0,0.0,2.0,1.5,0.5,1.5,9740.0,1396.0,7012.0,999.0,0.72,0.0,0.72,0.0,39.54673913043479,0,2.0,1.0,1.0,20.0,0.0,0.0,0.0,0.0
MN,2021-01-23,2021,3,24,1.0,0.0,0.0,0.0,2.0,1.5,0.5,1.5,9786.0,1413.0,7029.0,1016.0,0.72,0.0,0.72,0.0,39.54673913043479,0,12.0,2.0,3.0,2.0,0.0,0.0,0.0,0.0
MN,2021-01-30,2021,4,25,10.0,3.0,12.0,0.0,2.0,1.5,0.5,1.5,9712.0,1396.0,6909.0,962.0,0.71,0.0,0.69,0.0,39.54673913043479,0,1.0,12.0,1.0,1.0,0.0,0.0,0.0,0.0
MN,2021-02-06,2021,5,26,1.0,0.0,0.0,0.0,2.0,1.5,0.5,1.5,9518.0,1379.0,6866.0,953.0,0.72,0.0,0.69,0.0,39.54673913043479,0,10.0,1.0,2.0,1.0,0.0,0.0,0.0,0.0
MN,2021-02-13,2021,6,27,0.0,0.0,0.0,0.0,2.0,1.5,0.5,1.5,9492.0,1352.0,6816.0,924.0,0.72,0.0,0.68,0.0,39.54673913043479,0,1.0,10.0,12.0,1.0,0.0,0.0,0.0,0.0
MN,2021-02-20,2021,7,28,1.0,0.0,5.0,0.0,2.0,1.5,0.5,1.5,9512.0,1372.0,6815.0,965.0,0.72,0.0,0.7,0.0,39.54673913043479,0,0.0,1.0,1.0,3.0,0.0,0.0,0.0,0.0
MN,2021-02-27,2021,8,29,2.0,0.0,8.0,0.0,2.0,1.5,0.5,1.5,9592.0,1394.0,7042.0,985.0,0.73,0.0,0.71,0.0,39.54673913043479,0,1.0,0.0,10.0,1.0,0.0,0.0,0.0,0.0
MN,2021-03-06,2021,9,30,4.0,0.0,18.0,0.0,2.0,1.5,0.5,1.5,9557.0,1405.0,6970.0,991.0,0.73,0.0,0.7,0.0,39.54673913043479,0,2.0,1.0,1.0,2.0,0.0,0.0,0.0,0.0
MN,2021-03-13,2021,10,31,4.0,1.0,8.0,0.0,2.0,1.5,0.5,1.5,9520.0,1385.0,6942.0,977.0,0.73,0.0,0.71,0.0,39.54673913043479,0,4.0,2.0,0.0,12.0,0.0,0.0,0.0,0.0
MN,2021-03-20,2021,11,32,2.0,1.0,0.0,0.0,2.0,1.5,0.5,1.5,9564.0,1375.0,6992.0,959.0,0.73,0.0,0.7,0.0,39.54673913043479,0,4.0,4.0,1.0,1.0,0.0,0.0,0.0,0.0
MN,2021-03-27,2021,12,33,1.0,1.0,0.0,0.0,2.0,1.5,0.5,1.5,9593.0,1381.0,7101.0,972.0,0.74,0.0,0.7,0.0,39.54673913043479,0,2.0,4.0,2.0,10.0,0.0,0.0,0.0,0.0
MN,2021-04-03,2021,13,34,0.0,0.0,0.0,0.0,2.0,1.5,0.5,1.5,9598.0,1394.0,7079.0,997.0,0.74,0.0,0.71,0.0,39.54673913043479,0,1.0,2.0,4.0,1.0,0.0,0.0,0.0,0.0
MN,2021-04-10,2021,14,35,1.0,0.0,0.0,0.0,2.0,1.5,0.5,1.5,9712.0,1405.0,7309.0,1027.0,0.75,0.0,0.73,0.0,39.54673913043479,0,0.0,1.0,4.0,0.0,0.0,0.0,0.0,0.0
MN,2021-04-17,2021,15,36,0.0,0.0,0.0,0.0,2.0,1.5,0.5,1.5,9783.0,1418.0,7512.0,1068.0,0.77,0.0,0.75,0.0,39.54673913043479,0,1.0,0.0,2.0,1.0,0.0,0.0,0.0,0.0
MN,2021-04-24,2021,16,37,1.0,0.0,1.0,0.0,2.0,1.5,0.5,1.5,9744.0,1418.0,7443.0,1092.0,0.76,0.0,0.77,0.0,39.54673913043479,0,0.0,1.0,1.0,2.0,0.0,0.0,0.0,0.0
MN,2021-05-01,2021,17,38,2.0,0.0,2.0,0.0,2.0,1.5,0.5,1.5,9782.0,1421.0,7457.0,1065.0,0.76,0.0,0.75,0.0,39.54673913043479,0,1.0,0.0,0.0,4.0,0.0,0.0,0.0,0.0
MN,2021-05-08,2021,18,39,1.0,0.0,1.0,0.0,2.0,1.5,0.5,1.5,9846.0,1435.0,7585.0,1073.0,0.77,0.0,0.75,0.0,39.54673913043479,0,2.0,1.0,1.0,4.0,0.0,0.0,0.0,0.0
MN,2021-05-15,2021,19,40,1.0,0.0,0.0,0.0,2.0,1.5,0.5,1.5,9702.0,1418.0,7370.0,1045.0,0.76,0.0,0.74,0.0,39.54673913043479,0,1.0,2.0,0.0,2.0,0.0,0.0,0.0,0.0
MN,2021-05-22,2021,20,41,0.0,0.0,0.0,0.0,2.0,1.5,0.5,1.5,9766.0,1426.0,7498.0,1069.0,0.77,0.0,0.75,0.0,39.54673913043479,0,1.0,1.0,1.0,1.0,0.0,0.0,0.0,0.0
MN,2021-05-29,2021,21,42,0.0,0.0,0.0,0.0,2.0,1.5,0.5,1.5,9714.0,1421.0,7451.0,1050.0,0.77,0.0,0.74,0.0,39.54673913043479,0,0.0,1.0,2.0,0.0,0.0,0.0,0.0,0.0
MN,2021-06-05,2021,22,43,0.0,0.0,0.0,0.0,2.0,1.5,0.5,1.5,9662.0,1432.0,7290.0,1045.0,0.75,0.0,0.73,0.0,39.54673913043479,0,0.0,0.0,1.0,1.0,0.0,0.0,0.0,0.0
MN,2021-06-12,2021,23,44,0.0,0.0,0.0,0.0,2.0,1.5,0.5,1.5,9760.0,1431.0,7572.0,1081.0,0.78,0.0,0.76,0.0,39.54673913043479,0,0.0,0.0,1.0,0.0,0.0,0.0,0.0,0.0
MN,2021-06-19,2021,24,45,0.0,0.0,1.0,0.0,2.0,1.5,0.5,1.5,9712.0,1402.0,7432.0,1020.0,0.77,0.0,0.73,0.0,39.54673913043479,0,0.0,0.0,0.0,1.0,0.0,0.0,0.0,0.0
MN,2021-06-26,2021,25,46,1.0,0.0,0.0,0.0,2.0,1.5,0.5,1.5,9653.0,1405.0,7336.0,995.0,0.76,0.0,0.71,0.0,39.54673913043479,0,0.0,0.0,0.0,2.0,0.0,0.0,0.0,0.0
MN,2021-07-03,2021,26,47,0.0,0.0,0.0,0.0,2.0,1.5,0.5,1.5,9694.0,1406.0,7468.0,1037.0,0.77,0.0,0.74,0.0,39.54673913043479,0,1.0,0.0,0.0,1.0,0.0,0.0,0.0,0.0
MN,2021-07-10,2021,27,48,0.0,0.0,0.0,0.0,2.0,1.5,0.5,1.5,9666.0,1407.0,7345.0,1007.0,0.76,0.0,0.72,0.0,39.54673913043479,0,0.0,1.0,0.0,1.0,0.0,0.0,0.0,0.0
MN,2021-07-17,2021,28,49,0.0,0.0,0.0,0.0,2.0,1.5,0.5,1.5,9779.0,1404.0,7639.0,1025.0,0.78,0.0,0.73,0.0,39.54673913043479,0,0.0,0.0,0.0,0.0,0.0,0.0,0.0,0.0
MN,2021-07-24,2021,29,50,0.0,0.0,0.0,0.0,2.0,1.5,0.5,1.5,9827.0,1437.0,7611.0,1058.0,0.77,0.0,0.74,0.0,39.54673913043479,0,0.0,0.0,1.0,0.0,0.0,0.0,0.0,0.0
MN,2021-07-31,2021,30,51,0.0,0.0,0.0,0.0,2.0,1.5,0.5,1.5,9781.0,1430.0,7629.0,1076.0,0.78,0.0,0.75,0.0,39.54673913043479,0,0.0,0.0,0.0,0.0,0.0,0.0,0.0,0.0
MN,2021-08-07,2021,31,52,0.0,0.0,0.0,0.0,2.0,1.5,0.5,1.5,9792.0,1435.0,7596.0,1081.0,0.78,0.0,0.75,0.0,39.54673913043479,0,0.0,0.0,0.0,0.0,0.0,0.0,0.0,0.0
MN,2021-08-14,2021,32,53,0.0,0.0,0.0,0.0,2.0,1.5,0.5,1.5,9830.0,1428.0,7717.0,1082.0,0.79,0.0,0.76,0.0,39.54673913043479,0,0.0,0.0,0.0,0.0,0.0,0.0,0.0,0.0
MN,2021-08-21,2021,33,54,0.0,0.0,0.0,0.0,2.0,1.5,0.5,1.5,9805.0,1441.0,7723.0,1124.0,0.79,0.0,0.78,0.0,39.54673913043479,0,0.0,0.0,0.0,1.0,0.0,0.0,0.0,0.0
MN,2021-08-28,2021,34,55,1.0,0.0,2.0,0.0,2.0,1.5,0.5,1.5,9783.0,1441.0,7680.0,1135.0,0.79,0.0,0.79,0.0,39.54673913043479,0,0.0,0.0,0.0,0.0,0.0,0.0,0.0,0.0
MN,2021-09-04,2021,35,56,0.0,0.0,0.0,0.0,2.0,1.5,0.5,1.5,9861.0,1441.0,7760.0,1143.0,0.79,0.0,0.79,0.0,39.54673913043479,0,1.0,0.0,0.0,0.0,0.0,0.0,0.0,0.0
MN,2021-09-11,2021,36,57,0.0,0.0,0.0,0.0,2.0,1.5,0.5,1.5,9854.0,1454.0,7729.0,1156.0,0.78,0.0,0.79,0.0,39.54673913043479,0,0.0,1.0,0.0,0.0,0.0,0.0,0.0,0.0
MN,2021-09-18,2021,37,58,1.0,1.0,3.0,0.0,2.0,1.5,0.5,1.5,9876.0,1452.0,7889.0,1165.0,0.8,0.0,0.8,0.0,39.54673913043479,0,0.0,0.0,0.0,0.0,0.0,0.0,0.0,0.0
MN,2021-09-25,2021,38,59,1.0,1.0,0.0,0.0,2.0,1.5,0.5,1.5,9844.0,1429.0,7890.0,1138.0,0.8,0.0,0.8,0.0,39.54673913043479,0,1.0,0.0,1.0,0.0,0.0,0.0,0.0,0.0
MN,2021-10-02,2021,39,60,1.0,1.0,1.0,0.0,2.0,1.5,0.5,1.5,9870.0,1443.0,7983.0,1182.0,0.81,0.0,0.82,0.0,39.54673913043479,0,1.0,1.0,0.0,0.0,0.0,0.0,0.0,0.0
MN,2021-10-09,2021,40,61,1.0,1.0,1.0,0.0,2.0,1.5,0.5,1.5,9859.0,1424.0,7966.0,1167.0,0.81,0.0,0.82,0.0,39.54673913043479,0,1.0,1.0,0.0,0.0,0.0,0.0,0.0,0.0
MN,2021-10-16,2021,41,62,2.0,1.0,1.0,0.0,2.0,1.5,0.5,1.5,9880.0,1452.0,8036.0,1185.0,0.81,0.0,0.82,0.0,39.54673913043479,0,1.0,1.0,1.0,0.0,0.0,0.0,0.0,0.0
MN,2021-10-23,2021,42,63,2.0,1.0,1.0,0.0,2.0,1.5,0.5,1.5,9819.0,1455.0,7931.0,1174.0,0.81,0.0,0.81,0.0,39.54673913043479,0,2.0,1.0,1.0,1.0,0.0,0.0,0.0,0.0
MN,2021-10-30,2021,43,64,3.0,1.0,2.0,0.0,2.0,1.5,0.5,1.5,9897.0,1452.0,7973.0,1164.0,0.81,0.0,0.8,0.0,39.54673913043479,0,2.0,2.0,1.0,0.0,0.0,0.0,0.0,0.0
MN,2021-11-06,2021,44,65,2.0,1.0,2.0,0.0,2.0,1.5,0.5,1.5,9856.0,1449.0,7996.0,1178.0,0.81,0.0,0.81,0.0,39.54673913043479,0,3.0,2.0,1.0,0.0,0.0,0.0,0.0,0.0
MN,2021-11-13,2021,45,66,1.0,1.0,0.0,0.0,2.0,1.5,0.5,1.5,9941.0,1470.0,8180.0,1222.0,0.82,0.0,0.83,0.0,39.54673913043479,0,2.0,3.0,2.0,1.0,0.0,0.0,0.0,0.0
MN,2021-11-20,2021,46,67,1.0,0.0,2.0,0.0,2.0,1.5,0.5,1.5,9947.0,1493.0,8153.0,1242.0,0.82,0.0,0.83,0.0,39.54673913043479,0,1.0,2.0,2.0,1.0,0.0,0.0,0.0,0.0
MN,2021-11-27,2021,47,68,1.0,0.0,2.0,0.0,2.0,1.5,0.5,1.5,9887.0,1477.0,7897.0,1217.0,0.8,0.0,0.82,0.0,39.54673913043479,0,1.0,1.0,3.0,1.0,0.0,0.0,0.0,0.0
MN,2021-12-04,2021,48,69,4.0,0.0,14.0,0.0,2.0,1.5,0.5,1.5,9981.0,1481.0,8122.0,1230.0,0.81,0.0,0.83,0.0,39.54673913043479,0,1.0,1.0,2.0,1.0,0.0,0.0,0.0,0.0
MN,2021-12-11,2021,49,70,9.0,0.0,25.0,0.0,2.0,1.5,0.5,1.5,10325.0,1461.0,8091.0,1221.0,0.78,0.0,0.84,0.0,39.54673913043479,0,4.0,1.0,1.0,2.0,0.0,0.0,0.0,0.0
MN,2021-12-18,2021,50,71,18.0,0.0,41.0,0.0,2.0,1.5,0.5,1.5,9887.0,1440.0,8092.0,1207.0,0.82,0.0,0.84,0.0,39.54673913043479,0,9.0,4.0,1.0,2.0,0.0,0.0,0.0,0.0
MN,2021-12-25,2021,51,72,33.0,2.0,69.0,0.0,2.0,1.5,0.5,1.5,9512.0,1424.0,7660.0,1183.0,0.81,0.0,0.83,0.0,39.54673913043479,0,18.0,9.0,1.0,3.0,0.0,0.0,0.0,0.0
MN,2022-01-01,2022,52,73,68.0,6.0,111.0,0.0,2.0,1.5,0.5,1.5,9402.0,1420.0,7704.0,1161.0,0.82,0.01,0.82,0.0,37.44153005464481,0,33.0,18.0,4.0,2.0,0.0,0.0,0.0,0.0
MN,2022-01-08,2022,1,74,64.0,5.0,103.0,0.0,2.0,1.5,0.5,1.5,9396.0,1418.0,7949.0,1181.0,0.85,0.01,0.83,0.0,37.44153005464481,0,68.0,33.0,9.0,1.0,0.01,0.0,0.0,0.0
MN,2022-01-15,2022,2,75,44.0,4.0,67.0,0.0,2.0,1.5,0.5,1.5,9300.0,1408.0,7918.0,1183.0,0.85,0.0,0.84,0.0,37.44153005464481,0,64.0,68.0,18.0,1.0,0.01,0.01,0.0,0.0
MN,2022-01-22,2022,3,76,32.0,3.0,46.0,0.0,2.0,1.5,0.5,1.5,9205.0,1393.0,7766.0,1170.0,0.84,0.0,0.84,0.0,37.44153005464481,0,44.0,64.0,33.0,1.0,0.0,0.01,0.0,0.0
MN,2022-01-29,2022,4,77,19.0,2.0,21.0,0.0,2.0,1.5,0.5,1.5,9202.0,1385.0,7772.0,1159.0,0.84,0.0,0.84,0.0,37.44153005464481,0,32.0,44.0,68.0,4.0,0.0,0.0,0.01,0.0
MN,2022-02-05,2022,5,78,13.0,2.0,19.0,0.0,2.0,1.5,0.5,1.5,9208.0,1373.0,7714.0,1115.0,0.84,0.0,0.81,0.0,37.44153005464481,0,19.0,32.0,64.0,9.0,0.0,0.0,0.01,0.0
MN,2022-02-12,2022,6,79,13.0,3.0,20.0,0.0,2.0,1.5,0.5,1.5,9212.0,1353.0,7781.0,1086.0,0.84,0.0,0.8,0.0,37.44153005464481,0,13.0,19.0,44.0,18.0,0.0,0.0,0.0,0.0
MN,2022-02-19,2022,7,80,14.0,2.0,30.0,0.0,2.0,1.5,0.5,1.5,9178.0,1338.0,7617.0,1046.0,0.83,0.0,0.78,0.0,37.44153005464481,0,13.0,13.0,32.0,33.0,0.0,0.0,0.0,0.0
MN,2022-02-26,2022,8,81,11.0,1.0,19.0,0.0,2.0,1.5,0.5,1.5,9175.0,1334.0,7546.0,1032.0,0.82,0.0,0.77,0.0,37.44153005464481,0,14.0,13.0,19.0,68.0,0.0,0.0,0.0,0.01
MN,2022-03-05,2022,9,82,14.0,1.0,28.0,0.0,2.0,1.5,0.5,1.5,9240.0,1344.0,7664.0,1051.0,0.83,0.0,0.78,0.0,37.44153005464481,0,11.0,14.0,13.0,64.0,0.0,0.0,0.0,0.01
MN,2022-03-12,2022,10,83,14.0,1.0,35.0,0.0,2.0,1.5,0.5,1.5,9202.0,1339.0,7565.0,1024.0,0.82,0.0,0.76,0.0,37.44153005464481,0,14.0,11.0,13.0,44.0,0.0,0.0,0.0,0.0
MN,2022-03-19,2022,11,84,16.0,4.0,29.0,0.0,2.0,1.5,0.5,1.5,9174.0,1326.0,7589.0,1017.0,0.83,0.0,0.77,0.0,37.44153005464481,0,14.0,14.0,14.0,32.0,0.0,0.0,0.0,0.0
MN,2022-03-26,2022,12,85,21.0,3.0,37.0,0.0,2.0,1.5,0.5,1.5,9124.0,1304.0,7565.0,1000.0,0.83,0.0,0.77,0.0,37.44153005464481,0,16.0,14.0,11.0,19.0,0.0,0.0,0.0,0.0
MN,2022-04-02,2022,13,86,21.0,3.0,33.0,0.0,2.0,1.5,0.5,1.5,9096.0,1318.0,7404.0,987.0,0.81,0.0,0.75,0.0,37.44153005464481,0,21.0,16.0,14.0,13.0,0.0,0.0,0.0,0.0
MN,2022-04-09,2022,14,87,17.0,2.0,28.0,0.0,2.0,1.5,0.5,1.5,9129.0,1343.0,7469.0,1015.0,0.82,0.0,0.76,0.0,37.44153005464481,0,21.0,21.0,14.0,13.0,0.0,0.0,0.0,0.0
MN,2022-04-16,2022,15,88,17.0,2.0,27.0,0.0,2.0,1.5,0.5,1.5,9182.0,1318.0,7581.0,996.0,0.83,0.0,0.76,0.0,37.44153005464481,0,17.0,21.0,16.0,14.0,0.0,0.0,0.0,0.0
MN,2022-04-23,2022,16,89,20.0,3.0,33.0,0.0,2.0,1.5,0.5,1.5,9211.0,1324.0,7531.0,1003.0,0.82,0.0,0.76,0.0,37.44153005464481,0,17.0,17.0,21.0,11.0,0.0,0.0,0.0,0.0
MN,2022-04-30,2022,17,90,21.0,3.0,29.0,0.0,2.0,1.5,0.5,1.5,9177.0,1347.0,7612.0,1040.0,0.83,0.0,0.77,0.0,37.44153005464481,0,20.0,17.0,21.0,14.0,0.0,0.0,0.0,0.0
MN,2022-05-07,2022,18,91,19.0,3.0,32.0,0.0,2.0,1.5,0.5,1.5,9159.0,1329.0,7583.0,1021.0,0.83,0.0,0.77,0.0,37.44153005464481,0,21.0,20.0,17.0,14.0,0.0,0.0,0.0,0.0
MN,2022-05-14,2022,19,92,15.0,2.0,17.0,0.0,2.0,1.5,0.5,1.5,9222.0,1337.0,7715.0,1050.0,0.84,0.0,0.79,0.0,37.44153005464481,0,19.0,21.0,17.0,16.0,0.0,0.0,0.0,0.0
MN,2022-05-21,2022,20,93,11.0,1.0,13.0,0.0,2.0,1.5,0.5,1.5,9152.0,1339.0,7679.0,1038.0,0.84,0.0,0.78,0.0,37.44153005464481,0,15.0,19.0,20.0,21.0,0.0,0.0,0.0,0.0
MN,2022-05-28,2022,21,94,8.0,0.0,12.0,0.0,2.0,1.5,0.5,1.5,9107.0,1314.0,7583.0,993.0,0.83,0.0,0.76,0.0,37.44153005464481,0,11.0,15.0,21.0,21.0,0.0,0.0,0.0,0.0
MN,2022-06-04,2022,22,95,7.0,1.0,6.0,0.0,2.0,1.5,0.5,1.5,9112.0,1322.0,7606.0,1016.0,0.83,0.0,0.77,0.0,37.44153005464481,0,8.0,11.0,19.0,17.0,0.0,0.0,0.0,0.0
MN,2022-06-11,2022,23,96,3.0,0.0,4.0,0.0,2.0,1.5,0.5,1.5,9117.0,1318.0,7618.0,1006.0,0.84,0.0,0.76,0.0,37.44153005464481,0,7.0,8.0,15.0,17.0,0.0,0.0,0.0,0.0
MN,2022-06-18,2022,24,97,5.0,1.0,10.0,0.0,2.0,1.5,0.5,1.5,9124.0,1317.0,7617.0,1028.0,0.83,0.0,0.78,0.0,37.44153005464481,0,3.0,7.0,11.0,20.0,0.0,0.0,0.0,0.0
MN,2022-06-25,2022,25,98,1.0,0.0,0.0,0.0,2.0,1.5,0.5,1.5,9125.0,1306.0,7642.0,1018.0,0.84,0.0,0.78,0.0,37.44153005464481,0,5.0,3.0,8.0,21.0,0.0,0.0,0.0,0.0
MN,2022-07-02,2022,26,99,2.0,0.0,1.0,0.0,2.0,1.5,0.5,1.5,9150.0,1300.0,7589.0,1015.0,0.83,0.0,0.78,0.0,37.44153005464481,0,1.0,5.0,7.0,19.0,0.0,0.0,0.0,0.0
MN,2022-07-09,2022,27,100,2.0,0.0,2.0,0.0,2.0,1.5,0.5,1.5,9016.0,1298.0,7509.0,1011.0,0.83,0.0,0.78,0.0,37.44153005464481,0,2.0,1.0,3.0,15.0,0.0,0.0,0.0,0.0
MN,2022-07-16,2022,28,101,1.0,0.0,2.0,0.0,2.0,1.5,0.5,1.5,9114.0,1303.0,7639.0,1016.0,0.84,0.0,0.78,0.0,37.44153005464481,0,2.0,2.0,5.0,11.0,0.0,0.0,0.0,0.0
MN,2022-07-23,2022,29,102,4.0,1.0,3.0,0.0,2.0,1.5,0.5,1.5,9001.0,1304.0,7566.0,1037.0,0.84,0.0,0.79,0.0,37.44153005464481,0,1.0,2.0,1.0,8.0,0.0,0.0,0.0,0.0
MN,2022-07-30,2022,30,103,1.0,0.0,3.0,0.0,2.0,1.5,0.5,1.5,9041.0,1312.0,7554.0,1028.0,0.84,0.0,0.78,0.0,37.44153005464481,0,4.0,1.0,2.0,7.0,0.0,0.0,0.0,0.0
MN,2022-08-06,2022,31,104,0.0,0.0,2.0,0.0,2.0,1.5,0.5,1.5,9008.0,1308.0,7486.0,1024.0,0.83,0.0,0.78,0.0,37.44153005464481,0,1.0,4.0,2.0,3.0,0.0,0.0,0.0,0.0
MN,2022-08-13,2022,32,105,2.0,0.0,5.0,0.0,2.0,1.5,0.5,1.5,8983.0,1295.0,7456.0,1023.0,0.83,0.0,0.79,0.0,37.44153005464481,0,0.0,1.0,1.0,5.0,0.0,0.0,0.0,0.0
MN,2022-08-20,2022,33,106,1.0,0.0,0.0,0.0,2.0,1.5,0.5,1.5,8976.0,1282.0,7462.0,1003.0,0.83,0.0,0.78,0.0,37.44153005464481,0,2.0,0.0,4.0,1.0,0.0,0.0,0.0,0.0
MN,2022-08-27,2022,34,107,1.0,0.0,1.0,0.0,2.0,1.5,0.5,1.5,9020.0,1291.0,7484.0,1008.0,0.83,0.0,0.78,0.0,37.44153005464481,0,1.0,2.0,1.0,2.0,0.0,0.0,0.0,0.0
MN,2022-09-03,2022,35,108,1.0,0.0,1.0,0.0,2.0,1.5,0.5,1.5,9039.0,1287.0,7553.0,1022.0,0.84,0.0,0.79,0.0,37.44153005464481,0,1.0,1.0,0.0,2.0,0.0,0.0,0.0,0.0
MN,2022-09-10,2022,36,109,0.0,0.0,1.0,0.0,2.0,1.5,0.5,1.5,9115.0,1296.0,7606.0,1033.0,0.83,0.0,0.8,0.0,37.44153005464481,0,1.0,1.0,2.0,1.0,0.0,0.0,0.0,0.0
MN,2022-09-17,2022,37,110,0.0,0.0,0.0,0.0,2.0,1.5,0.5,1.5,9072.0,1308.0,7573.0,1026.0,0.83,0.0,0.78,0.0,37.44153005464481,0,0.0,1.0,1.0,4.0,0.0,0.0,0.0,0.0
MN,2022-09-24,2022,38,111,1.0,0.0,2.0,0.0,2.0,1.5,0.5,1.5,9151.0,1305.0,7777.0,1046.0,0.85,0.0,0.8,0.0,37.44153005464481,0,0.0,0.0,1.0,1.0,0.0,0.0,0.0,0.0
MN,2022-10-01,2022,39,112,2.0,1.0,2.0,0.0,2.0,1.5,0.5,1.5,9148.0,1301.0,7722.0,1043.0,0.84,0.0,0.8,0.0,37.44153005464481,0,1.0,0.0,1.0,0.0,0.0,0.0,0.0,0.0
MN,2022-10-08,2022,40,113,5.0,0.0,12.0,0.0,2.0,1.5,0.5,1.5,9188.0,1323.0,7718.0,1058.0,0.84,0.0,0.8,0.0,37.44153005464481,0,2.0,1.0,0.0,2.0,0.0,0.0,0.0,0.0
MN,2022-10-15,2022,41,114,3.0,0.0,3.0,0.0,2.0,1.5,0.5,1.5,9224.0,1320.0,7811.0,1054.0,0.85,0.0,0.8,0.0,37.44153005464481,0,5.0,2.0,0.0,1.0,0.0,0.0,0.0,0.0
MN,2022-10-22,2022,42,115,5.0,1.0,14.0,0.0,2.0,1.5,0.5,1.5,9168.0,1322.0,7719.0,1059.0,0.84,0.0,0.8,0.0,37.44153005464481,0,3.0,5.0,1.0,1.0,0.0,0.0,0.0,0.0
MN,2022-10-29,2022,43,116,18.0,3.0,37.0,0.0,2.0,1.5,0.5,1.5,9271.0,1343.0,7921.0,1100.0,0.85,0.0,0.82,0.0,37.44153005464481,0,5.0,3.0,2.0,1.0,0.0,0.0,0.0,0.0
MN,2022-11-05,2022,44,117,43.0,6.0,83.0,0.0,2.0,1.5,0.5,1.5,9222.0,1354.0,7840.0,1115.0,0.85,0.0,0.82,0.0,37.44153005464481,0,18.0,5.0,5.0,0.0,0.0,0.0,0.0,0.0
MN,2022-11-12,2022,45,118,89.0,12.0,165.0,0.0,2.0,1.5,0.5,1.5,9282.0,1347.0,7905.0,1114.0,0.85,0.01,0.83,0.01,37.44153005464481,1,43.0,18.0,3.0,0.0,0.0,0.0,0.0,0.0
MN,2022-11-19,2022,46,119,162.0,25.0,243.0,0.0,2.0,1.5,0.5,1.5,9325.0,1339.0,7999.0,1089.0,0.86,0.02,0.81,0.02,37.44153005464481,1,89.0,43.0,5.0,1.0,0.01,0.0,0.0,0.0
MN,2022-11-26,2022,47,120,214.0,30.0,382.0,0.0,2.0,1.5,0.5,1.5,9227.0,1336.0,7778.0,1068.0,0.84,0.02,0.8,0.02,37.44153005464481,1,162.0,89.0,18.0,2.0,0.02,0.01,0.0,0.0
MN,2022-12-03,2022,48,121,321.0,45.0,443.0,0.0,2.0,1.5,0.5,1.5,9434.0,1369.0,8140.0,1115.0,0.86,0.03,0.81,0.03,37.44153005464481,1,214.0,162.0,43.0,5.0,0.02,0.02,0.0,0.0
MN,2022-12-10,2022,49,122,299.0,54.0,345.0,0.0,2.0,1.5,0.5,1.5,9486.0,1372.0,8138.0,1119.0,0.86,0.03,0.82,0.04,37.44153005464481,1,321.0,214.0,89.0,3.0,0.03,0.02,0.01,0.0
MN,2022-12-17,2022,50,123,231.0,46.0,247.0,0.0,2.0,1.5,0.5,1.5,9544.0,1371.0,8097.0,1093.0,0.85,0.02,0.8,0.03,37.44153005464481,1,299.0,321.0,162.0,5.0,0.03,0.03,0.02,0.0
MN,2022-12-24,2022,51,124,146.0,24.0,162.0,0.0,2.0,1.5,0.5,1.5,9301.0,1345.0,7634.0,1034.0,0.82,0.02,0.77,0.02,37.44153005464481,1,231.0,299.0,214.0,18.0,0.02,0.03,0.02,0.0
MN,2022-12-31,2022,52,125,135.0,22.0,177.0,0.0,2.0,1.5,0.5,1.5,9245.0,1342.0,7481.0,1018.0,0.81,0.01,0.76,0.02,37.44153005464481,1,146.0,231.0,321.0,43.0,0.02,0.02,0.03,0.0
MO,2020-10-03,2020,40,8,9.0,2.0,13.5,0.0,0.0,4.0,1.5,3.5,18669.0,2828.0,11578.0,1894.0,0.62,0.0,0.67,0.0,38.258128078817734,0,9.0,9.0,9.0,9.0,0.0,0.0,0.0,0.0
MO,2020-10-10,2020,41,9,9.0,2.0,13.5,0.0,0.0,4.0,1.5,3.5,18640.0,2796.0,11681.0,1928.0,0.63,0.0,0.69,0.0,38.258128078817734,0,9.0,9.0,9.0,9.0,0.0,0.0,0.0,0.0
MO,2020-10-17,2020,42,10,0.0,0.0,0.0,0.0,0.0,4.0,1.5,3.5,18850.0,2821.0,11854.0,1969.0,0.63,0.0,0.7,0.0,38.258128078817734,0,9.0,9.0,9.0,9.0,0.0,0.0,0.0,0.0
MO,2020-10-24,2020,43,11,4.0,2.0,8.0,0.0,0.0,4.0,1.5,3.5,19171.0,2838.0,11655.0,1912.0,0.61,0.0,0.67,0.0,38.258128078817734,0,0.0,9.0,9.0,9.0,0.0,0.0,0.0,0.0
MO,2020-10-31,2020,44,12,1.0,0.0,2.0,0.0,0.0,4.0,1.5,3.5,18493.0,2812.0,11469.0,1899.0,0.62,0.0,0.68,0.0,38.258128078817734,0,4.0,0.0,9.0,9.0,0.0,0.0,0.0,0.0
MO,2020-11-07,2020,45,13,3.0,0.0,8.0,0.0,0.0,4.0,1.5,3.5,18160.0,2826.0,11601.0,1949.0,0.64,0.0,0.69,0.0,38.258128078817734,0,1.0,4.0,9.0,9.0,0.0,0.0,0.0,0.0
MO,2020-11-14,2020,46,14,5.0,3.0,11.0,0.0,0.0,4.0,1.5,3.5,18019.0,2993.0,11847.0,2032.0,0.66,0.0,0.68,0.0,38.258128078817734,0,3.0,1.0,0.0,9.0,0.0,0.0,0.0,0.0
MO,2020-11-21,2020,47,15,5.0,2.0,8.0,0.0,0.0,4.0,1.5,3.5,17087.0,2960.0,11632.0,2152.0,0.68,0.0,0.73,0.0,38.258128078817734,0,5.0,3.0,4.0,9.0,0.0,0.0,0.0,0.0
MO,2020-11-28,2020,48,16,11.0,1.0,16.0,0.0,0.0,4.0,1.5,3.5,14754.0,2665.0,11061.0,2113.0,0.75,0.0,0.79,0.0,38.258128078817734,0,5.0,5.0,1.0,9.0,0.0,0.0,0.0,0.0
MO,2020-12-05,2020,49,17,13.0,3.0,15.0,0.0,0.0,4.0,1.5,3.5,14769.0,2639.0,11389.0,2144.0,0.77,0.0,0.81,0.0,38.258128078817734,0,11.0,5.0,3.0,9.0,0.0,0.0,0.0,0.0
MO,2020-12-12,2020,50,18,10.0,2.0,7.0,0.0,0.0,4.0,1.5,3.5,15051.0,2683.0,11710.0,2164.0,0.78,0.0,0.81,0.0,38.258128078817734,0,13.0,11.0,5.0,0.0,0.0,0.0,0.0,0.0
MO,2020-12-19,2020,51,19,12.0,1.0,17.0,0.0,0.0,4.0,1.5,3.5,15528.0,2798.0,11792.0,2155.0,0.76,0.0,0.77,0.0,38.258128078817734,0,10.0,13.0,5.0,4.0,0.0,0.0,0.0,0.0
MO,2020-12-26,2020,52,20,14.0,5.0,10.0,0.0,0.0,4.0,1.5,3.5,15592.0,2858.0,11047.0,2152.0,0.71,0.0,0.75,0.0,38.258128078817734,0,12.0,10.0,11.0,1.0,0.0,0.0,0.0,0.0
MO,2021-01-02,2021,53,21,11.0,5.0,6.0,0.0,0.0,4.0,1.5,3.5,15612.0,2878.0,11328.0,2177.0,0.73,0.0,0.76,0.0,35.914124293785314,0,14.0,12.0,13.0,3.0,0.0,0.0,0.0,0.0
MO,2021-01-09,2021,1,22,10.0,2.0,13.0,0.0,0.0,4.0,1.5,3.5,15788.0,2887.0,11931.0,2211.0,0.76,0.0,0.77,0.0,35.914124293785314,0,11.0,14.0,10.0,5.0,0.0,0.0,0.0,0.0
MO,2021-01-16,2021,2,23,7.0,1.0,8.0,0.0,0.0,4.0,1.5,3.5,15406.0,2814.0,11980.0,2220.0,0.78,0.0,0.79,0.0,35.914124293785314,0,10.0,11.0,12.0,5.0,0.0,0.0,0.0,0.0
MO,2021-01-23,2021,3,24,4.0,0.0,9.0,0.0,0.0,4.0,1.5,3.5,15288.0,2781.0,11715.0,2167.0,0.77,0.0,0.78,0.0,35.914124293785314,0,7.0,10.0,14.0,11.0,0.0,0.0,0.0,0.0
MO,2021-01-30,2021,4,25,5.0,1.0,6.0,0.0,0.0,4.0,1.5,3.5,15223.0,2762.0,11536.0,2124.0,0.76,0.0,0.77,0.0,35.914124293785314,0,4.0,7.0,11.0,13.0,0.0,0.0,0.0,0.0
MO,2021-02-06,2021,5,26,4.0,0.0,7.0,0.0,0.0,4.0,1.5,3.5,15163.0,2735.0,11416.0,2113.0,0.75,0.0,0.77,0.0,35.914124293785314,0,5.0,4.0,10.0,10.0,0.0,0.0,0.0,0.0
MO,2021-02-13,2021,6,27,2.0,0.0,4.0,0.0,0.0,4.0,1.5,3.5,15023.0,2694.0,11166.0,2036.0,0.74,0.0,0.76,0.0,35.914124293785314,0,4.0,5.0,7.0,12.0,0.0,0.0,0.0,0.0
MO,2021-02-20,2021,7,28,5.0,2.0,13.0,0.0,0.0,4.0,1.5,3.5,14944.0,2678.0,10941.0,2012.0,0.73,0.0,0.75,0.0,35.914124293785314,0,2.0,4.0,4.0,14.0,0.0,0.0,0.0,0.0
MO,2021-02-27,2021,8,29,6.0,2.0,15.0,0.0,0.0,4.0,1.5,3.5,15156.0,2679.0,11516.0,2050.0,0.76,0.0,0.77,0.0,35.914124293785314,0,5.0,2.0,5.0,11.0,0.0,0.0,0.0,0.0
MO,2021-03-06,2021,9,30,3.0,1.0,6.0,0.0,0.0,4.0,1.5,3.5,15188.0,2685.0,11491.0,2069.0,0.76,0.0,0.77,0.0,35.914124293785314,0,6.0,5.0,4.0,10.0,0.0,0.0,0.0,0.0
MO,2021-03-13,2021,10,31,5.0,1.0,2.0,0.0,0.0,4.0,1.5,3.5,15141.0,2669.0,11304.0,2005.0,0.75,0.0,0.75,0.0,35.914124293785314,0,3.0,6.0,2.0,7.0,0.0,0.0,0.0,0.0
MO,2021-03-20,2021,11,32,2.0,0.0,2.0,0.0,0.0,4.0,1.5,3.5,15056.0,2665.0,11134.0,1993.0,0.74,0.0,0.75,0.0,35.914124293785314,0,5.0,3.0,5.0,4.0,0.0,0.0,0.0,0.0
MO,2021-03-27,2021,12,33,2.0,0.0,2.0,0.0,0.0,4.0,1.5,3.5,14870.0,2617.0,11152.0,1944.0,0.75,0.0,0.74,0.0,35.914124293785314,0,2.0,5.0,6.0,5.0,0.0,0.0,0.0,0.0
MO,2021-04-03,2021,13,34,1.0,0.0,3.0,0.0,0.0,4.0,1.5,3.5,14785.0,2641.0,11064.0,1955.0,0.75,0.0,0.74,0.0,35.914124293785314,0,2.0,2.0,3.0,4.0,0.0,0.0,0.0,0.0
MO,2021-04-10,2021,14,35,2.0,1.0,4.0,0.0,0.0,4.0,1.5,3.5,14768.0,2617.0,11262.0,1989.0,0.76,0.0,0.76,0.0,35.914124293785314,0,1.0,2.0,5.0,2.0,0.0,0.0,0.0,0.0
MO,2021-04-17,2021,15,36,1.0,1.0,0.0,0.0,0.0,4.0,1.5,3.5,14815.0,2629.0,11454.0,2021.0,0.77,0.0,0.77,0.0,35.914124293785314,0,2.0,1.0,2.0,5.0,0.0,0.0,0.0,0.0
MO,2021-04-24,2021,16,37,1.0,0.0,3.0,0.0,0.0,4.0,1.5,3.5,14861.0,2643.0,11413.0,2011.0,0.77,0.0,0.76,0.0,35.914124293785314,0,1.0,2.0,2.0,6.0,0.0,0.0,0.0,0.0
MO,2021-05-01,2021,17,38,5.0,1.0,7.0,0.0,0.0,4.0,1.5,3.5,14930.0,2648.0,11651.0,2017.0,0.78,0.0,0.76,0.0,35.914124293785314,0,1.0,1.0,1.0,3.0,0.0,0.0,0.0,0.0
MO,2021-05-08,2021,18,39,3.0,1.0,3.0,0.0,0.0,4.0,1.5,3.5,14849.0,2638.0,11473.0,1965.0,0.77,0.0,0.74,0.0,35.914124293785314,0,5.0,1.0,2.0,5.0,0.0,0.0,0.0,0.0
MO,2021-05-15,2021,19,40,1.0,0.0,1.0,0.0,0.0,4.0,1.5,3.5,14748.0,2635.0,11273.0,1956.0,0.76,0.0,0.74,0.0,35.914124293785314,0,3.0,5.0,1.0,2.0,0.0,0.0,0.0,0.0
MO,2021-05-22,2021,20,41,1.0,0.0,2.0,0.0,0.0,4.0,1.5,3.5,14804.0,2633.0,11459.0,1965.0,0.77,0.0,0.75,0.0,35.914124293785314,0,1.0,3.0,1.0,2.0,0.0,0.0,0.0,0.0
MO,2021-05-29,2021,21,42,1.0,0.0,3.0,0.0,0.0,4.0,1.5,3.5,14784.0,2622.0,11602.0,2018.0,0.78,0.0,0.77,0.0,35.914124293785314,0,1.0,1.0,5.0,1.0,0.0,0.0,0.0,0.0
MO,2021-06-05,2021,22,43,1.0,0.0,0.0,0.0,0.0,4.0,1.5,3.5,14760.0,2651.0,11369.0,2013.0,0.77,0.0,0.76,0.0,35.914124293785314,0,1.0,1.0,3.0,2.0,0.0,0.0,0.0,0.0
MO,2021-06-12,2021,23,44,0.0,0.0,0.0,0.0,0.0,4.0,1.5,3.5,14796.0,2666.0,11700.0,2084.0,0.79,0.0,0.78,0.0,35.914124293785314,0,1.0,1.0,1.0,1.0,0.0,0.0,0.0,0.0
MO,2021-06-19,2021,24,45,0.0,0.0,0.0,0.0,0.0,4.0,1.5,3.5,14701.0,2633.0,11665.0,2063.0,0.79,0.0,0.78,0.0,35.914124293785314,0,0.0,1.0,1.0,1.0,0.0,0.0,0.0,0.0
MO,2021-06-26,2021,25,46,1.0,0.0,2.0,0.0,0.0,4.0,1.5,3.5,14733.0,2644.0,11801.0,2067.0,0.8,0.0,0.78,0.0,35.914124293785314,0,0.0,0.0,1.0,5.0,0.0,0.0,0.0,0.0
MO,2021-07-03,2021,26,47,2.0,1.0,1.0,0.0,0.0,4.0,1.5,3.5,14626.0,2614.0,11661.0,2073.0,0.8,0.0,0.79,0.0,35.914124293785314,0,1.0,0.0,1.0,3.0,0.0,0.0,0.0,0.0
MO,2021-07-10,2021,27,48,3.0,1.0,3.0,0.0,0.0,4.0,1.5,3.5,14708.0,2654.0,11588.0,2131.0,0.79,0.0,0.8,0.0,35.914124293785314,0,2.0,1.0,0.0,1.0,0.0,0.0,0.0,0.0
MO,2021-07-17,2021,28,49,2.0,0.0,1.0,0.0,0.0,4.0,1.5,3.5,14927.0,2716.0,12148.0,2223.0,0.81,0.0,0.82,0.0,35.914124293785314,0,3.0,2.0,0.0,1.0,0.0,0.0,0.0,0.0
MO,2021-07-24,2021,29,50,2.0,1.0,4.0,0.0,0.0,4.0,1.5,3.5,14862.0,2726.0,12169.0,2251.0,0.82,0.0,0.83,0.0,35.914124293785314,0,2.0,3.0,1.0,1.0,0.0,0.0,0.0,0.0
MO,2021-07-31,2021,30,51,3.0,0.0,2.0,0.0,0.0,4.0,1.5,3.5,14955.0,2746.0,12347.0,2283.0,0.83,0.0,0.83,0.0,35.914124293785314,0,2.0,2.0,2.0,1.0,0.0,0.0,0.0,0.0
MO,2021-08-07,2021,31,52,1.0,0.0,2.0,0.0,0.0,4.0,1.5,3.5,14952.0,2753.0,12238.0,2306.0,0.82,0.0,0.84,0.0,35.914124293785314,0,3.0,2.0,3.0,0.0,0.0,0.0,0.0,0.0
MO,2021-08-14,2021,32,53,2.0,0.0,2.0,0.0,0.0,4.0,1.5,3.5,15002.0,2757.0,12401.0,2317.0,0.83,0.0,0.84,0.0,35.914124293785314,0,1.0,3.0,2.0,0.0,0.0,0.0,0.0,0.0
MO,2021-08-21,2021,33,54,2.0,0.0,4.0,0.0,0.0,4.0,1.5,3.5,14997.0,2744.0,12296.0,2317.0,0.82,0.0,0.84,0.0,35.914124293785314,0,2.0,1.0,2.0,1.0,0.0,0.0,0.0,0.0
MO,2021-08-28,2021,34,55,2.0,0.0,4.0,0.0,0.0,4.0,1.5,3.5,15023.0,2741.0,12249.0,2324.0,0.82,0.0,0.85,0.0,35.914124293785314,0,2.0,2.0,3.0,2.0,0.0,0.0,0.0,0.0
MO,2021-09-04,2021,35,56,2.0,0.0,2.0,0.0,0.0,4.0,1.5,3.5,14952.0,2739.0,12176.0,2293.0,0.81,0.0,0.84,0.0,35.914124293785314,0,2.0,2.0,1.0,3.0,0.0,0.0,0.0,0.0
MO,2021-09-11,2021,36,57,1.0,0.0,2.0,0.0,0.0,4.0,1.5,3.5,14974.0,2750.0,12039.0,2250.0,0.8,0.0,0.82,0.0,35.914124293785314,0,2.0,2.0,2.0,2.0,0.0,0.0,0.0,0.0
MO,2021-09-18,2021,37,58,1.0,0.0,1.0,0.0,0.0,4.0,1.5,3.5,15162.0,2755.0,12315.0,2260.0,0.81,0.0,0.82,0.0,35.914124293785314,0,1.0,2.0,2.0,2.0,0.0,0.0,0.0,0.0
MO,2021-09-25,2021,38,59,1.0,0.0,2.0,0.0,0.0,4.0,1.5,3.5,15096.0,2739.0,12122.0,2236.0,0.8,0.0,0.82,0.0,35.914124293785314,0,1.0,1.0,2.0,3.0,0.0,0.0,0.0,0.0
MO,2021-10-02,2021,39,60,3.0,1.0,6.0,0.0,0.0,4.0,1.5,3.5,15032.0,2700.0,11965.0,2160.0,0.8,0.0,0.8,0.0,35.914124293785314,0,1.0,1.0,2.0,1.0,0.0,0.0,0.0,0.0
MO,2021-10-09,2021,40,61,2.0,0.0,0.0,0.0,0.0,4.0,1.5,3.5,14988.0,2702.0,11898.0,2108.0,0.79,0.0,0.78,0.0,35.914124293785314,0,3.0,1.0,1.0,2.0,0.0,0.0,0.0,0.0
MO,2021-10-16,2021,41,62,3.0,0.0,3.0,0.0,0.0,4.0,1.5,3.5,14978.0,2701.0,11870.0,2121.0,0.79,0.0,0.79,0.0,35.914124293785314,0,2.0,3.0,1.0,2.0,0.0,0.0,0.0,0.0
MO,2021-10-23,2021,42,63,2.0,0.0,0.0,0.0,0.0,4.0,1.5,3.5,14924.0,2681.0,11808.0,2083.0,0.79,0.0,0.78,0.0,35.914124293785314,0,3.0,2.0,1.0,2.0,0.0,0.0,0.0,0.0
MO,2021-10-30,2021,43,64,2.0,1.0,6.0,0.0,0.0,4.0,1.5,3.5,14920.0,2675.0,11807.0,2067.0,0.79,0.0,0.77,0.0,35.914124293785314,0,2.0,3.0,3.0,2.0,0.0,0.0,0.0,0.0
MO,2021-11-06,2021,44,65,4.0,2.0,8.0,0.0,0.0,4.0,1.5,3.5,14890.0,2678.0,11765.0,2039.0,0.79,0.0,0.76,0.0,35.914124293785314,0,2.0,2.0,2.0,1.0,0.0,0.0,0.0,0.0
MO,2021-11-13,2021,45,66,5.0,2.0,8.0,0.0,0.0,4.0,1.5,3.5,14929.0,2668.0,11900.0,2054.0,0.8,0.0,0.77,0.0,35.914124293785314,0,4.0,2.0,3.0,1.0,0.0,0.0,0.0,0.0
MO,2021-11-20,2021,46,67,4.0,2.0,5.0,0.0,0.0,4.0,1.5,3.5,14996.0,2675.0,11974.0,2079.0,0.8,0.0,0.78,0.0,35.914124293785314,0,5.0,4.0,2.0,1.0,0.0,0.0,0.0,0.0
MO,2021-11-27,2021,47,68,5.0,1.0,14.0,0.0,0.0,4.0,1.5,3.5,14787.0,2669.0,11376.0,2059.0,0.77,0.0,0.77,0.0,35.914124293785314,0,4.0,5.0,2.0,3.0,0.0,0.0,0.0,0.0
MO,2021-12-04,2021,48,69,10.0,1.0,26.0,0.0,0.0,4.0,1.5,3.5,14875.0,2674.0,12070.0,2167.0,0.81,0.0,0.81,0.0,35.914124293785314,0,5.0,4.0,4.0,2.0,0.0,0.0,0.0,0.0
MO,2021-12-11,2021,49,70,22.0,4.0,37.0,0.0,0.0,4.0,1.5,3.5,14945.0,2675.0,12386.0,2208.0,0.83,0.0,0.83,0.0,35.914124293785314,0,10.0,5.0,5.0,3.0,0.0,0.0,0.0,0.0
MO,2021-12-18,2021,50,71,26.0,4.0,44.0,0.0,0.0,4.0,1.5,3.5,15063.0,2696.0,12455.0,2255.0,0.83,0.0,0.84,0.0,35.914124293785314,0,22.0,10.0,4.0,2.0,0.0,0.0,0.0,0.0
MO,2021-12-25,2021,51,72,34.0,4.0,78.0,0.0,0.0,4.0,1.5,3.5,14881.0,2691.0,11796.0,2219.0,0.79,0.0,0.82,0.0,35.914124293785314,0,26.0,22.0,5.0,2.0,0.0,0.0,0.0,0.0
MO,2022-01-01,2022,52,73,61.0,5.0,123.0,0.0,0.0,4.0,1.5,3.5,14838.0,2686.0,11877.0,2200.0,0.8,0.0,0.82,0.0,34.128961748633884,0,34.0,26.0,10.0,4.0,0.0,0.0,0.0,0.0
MO,2022-01-08,2022,1,74,70.0,11.0,81.0,0.0,0.0,4.0,1.5,3.5,14970.0,2714.0,12298.0,2267.0,0.82,0.0,0.84,0.0,34.128961748633884,0,61.0,34.0,22.0,5.0,0.0,0.0,0.0,0.0
MO,2022-01-15,2022,2,75,52.0,8.0,71.0,0.0,0.0,4.0,1.5,3.5,15110.0,2728.0,12514.0,2310.0,0.83,0.0,0.85,0.0,34.128961748633884,0,70.0,61.0,26.0,4.0,0.0,0.0,0.0,0.0
MO,2022-01-22,2022,3,76,40.0,5.0,52.0,0.0,0.0,4.0,1.5,3.5,15092.0,2734.0,12376.0,2274.0,0.82,0.0,0.83,0.0,34.128961748633884,0,52.0,70.0,34.0,5.0,0.0,0.0,0.0,0.0
MO,2022-01-29,2022,4,77,36.0,6.0,53.0,0.0,0.0,4.0,1.5,3.5,14917.0,2686.0,12338.0,2261.0,0.83,0.0,0.84,0.0,34.128961748633884,0,40.0,52.0,61.0,10.0,0.0,0.0,0.0,0.0
MO,2022-02-05,2022,5,78,28.0,4.0,48.0,0.0,0.0,4.0,1.5,3.5,14755.0,2611.0,12137.0,2173.0,0.82,0.0,0.83,0.0,34.128961748633884,0,36.0,40.0,70.0,22.0,0.0,0.0,0.0,0.0
MO,2022-02-12,2022,6,79,24.0,3.0,46.0,0.0,0.0,4.0,1.5,3.5,15240.0,2598.0,12264.0,2152.0,0.8,0.0,0.83,0.0,34.128961748633884,0,28.0,36.0,52.0,26.0,0.0,0.0,0.0,0.0
MO,2022-02-19,2022,7,80,27.0,3.0,55.0,0.0,0.0,4.0,1.5,3.5,14777.0,2534.0,12158.0,2029.0,0.82,0.0,0.8,0.0,34.128961748633884,0,24.0,28.0,40.0,34.0,0.0,0.0,0.0,0.0
MO,2022-02-26,2022,8,81,30.0,5.0,50.0,0.0,0.0,4.0,1.5,3.5,14779.0,2489.0,12053.0,1968.0,0.82,0.0,0.79,0.0,34.128961748633884,0,27.0,24.0,36.0,61.0,0.0,0.0,0.0,0.0
MO,2022-03-05,2022,9,82,34.0,6.0,72.0,0.0,0.0,4.0,1.5,3.5,14753.0,2487.0,11875.0,1903.0,0.8,0.0,0.77,0.0,34.128961748633884,0,30.0,27.0,28.0,70.0,0.0,0.0,0.0,0.0
MO,2022-03-12,2022,10,83,37.0,6.0,67.0,0.0,0.0,4.0,1.5,3.5,14709.0,2467.0,11825.0,1880.0,0.8,0.0,0.76,0.0,34.128961748633884,0,34.0,30.0,24.0,52.0,0.0,0.0,0.0,0.0
MO,2022-03-19,2022,11,84,46.0,6.0,90.0,0.0,0.0,4.0,1.5,3.5,14662.0,2474.0,11696.0,1893.0,0.8,0.0,0.77,0.0,34.128961748633884,0,37.0,34.0,27.0,40.0,0.0,0.0,0.0,0.0
MO,2022-03-26,2022,12,85,54.0,7.0,79.0,0.0,0.0,4.0,1.5,3.5,14647.0,2473.0,11761.0,1887.0,0.8,0.0,0.76,0.0,34.128961748633884,0,46.0,37.0,30.0,36.0,0.0,0.0,0.0,0.0
MO,2022-04-02,2022,13,86,49.0,5.0,91.0,0.0,0.0,4.0,1.5,3.5,14637.0,2460.0,11660.0,1840.0,0.8,0.0,0.75,0.0,34.128961748633884,0,54.0,46.0,34.0,28.0,0.0,0.0,0.0,0.0
MO,2022-04-09,2022,14,87,53.0,7.0,77.0,0.0,0.0,4.0,1.5,3.5,14604.0,2457.0,11785.0,1863.0,0.81,0.0,0.76,0.0,34.128961748633884,0,49.0,54.0,37.0,24.0,0.0,0.0,0.0,0.0
MO,2022-04-16,2022,15,88,53.0,7.0,77.0,0.0,0.0,4.0,1.5,3.5,14562.0,2456.0,11629.0,1855.0,0.8,0.0,0.76,0.0,34.128961748633884,0,53.0,49.0,46.0,27.0,0.0,0.0,0.0,0.0
MO,2022-04-23,2022,16,89,45.0,7.0,70.0,0.0,0.0,4.0,1.5,3.5,14533.0,2446.0,11557.0,1869.0,0.8,0.0,0.76,0.0,34.128961748633884,0,53.0,53.0,54.0,30.0,0.0,0.0,0.0,0.0
MO,2022-04-30,2022,17,90,44.0,4.0,55.0,0.0,0.0,4.0,1.5,3.5,14462.0,2454.0,11777.0,1890.0,0.81,0.0,0.77,0.0,34.128961748633884,0,45.0,53.0,49.0,34.0,0.0,0.0,0.0,0.0
MO,2022-05-07,2022,18,91,42.0,5.0,66.0,0.0,0.0,4.0,1.5,3.5,14380.0,2444.0,11555.0,1821.0,0.8,0.0,0.74,0.0,34.128961748633884,0,44.0,45.0,53.0,37.0,0.0,0.0,0.0,0.0
MO,2022-05-14,2022,19,92,33.0,5.0,39.0,0.0,0.0,4.0,1.5,3.5,14400.0,2461.0,11557.0,1885.0,0.8,0.0,0.77,0.0,34.128961748633884,0,42.0,44.0,53.0,46.0,0.0,0.0,0.0,0.0
MO,2022-05-21,2022,20,93,25.0,5.0,33.0,0.0,0.0,4.0,1.5,3.5,14427.0,2455.0,11634.0,1874.0,0.81,0.0,0.76,0.0,34.128961748633884,0,33.0,42.0,45.0,54.0,0.0,0.0,0.0,0.0
MO,2022-05-28,2022,21,94,14.0,2.0,22.0,0.0,0.0,4.0,1.5,3.5,14387.0,2449.0,11503.0,1868.0,0.8,0.0,0.76,0.0,34.128961748633884,0,25.0,33.0,44.0,49.0,0.0,0.0,0.0,0.0
MO,2022-06-04,2022,22,95,16.0,2.0,28.0,0.0,0.0,4.0,1.5,3.5,14400.0,2492.0,11449.0,1936.0,0.8,0.0,0.78,0.0,34.128961748633884,0,14.0,25.0,42.0,53.0,0.0,0.0,0.0,0.0
MO,2022-06-11,2022,23,96,11.0,1.0,17.0,0.0,0.0,4.0,1.5,3.5,14482.0,2498.0,11690.0,1934.0,0.81,0.0,0.77,0.0,34.128961748633884,0,16.0,14.0,33.0,53.0,0.0,0.0,0.0,0.0
MO,2022-06-18,2022,24,97,9.0,2.0,23.0,0.0,0.0,4.0,1.5,3.5,14428.0,2508.0,11755.0,1940.0,0.81,0.0,0.77,0.0,34.128961748633884,0,11.0,16.0,25.0,45.0,0.0,0.0,0.0,0.0
MO,2022-06-25,2022,25,98,11.0,2.0,19.0,0.0,0.0,4.0,1.5,3.5,14339.0,2488.0,11703.0,1917.0,0.82,0.0,0.77,0.0,34.128961748633884,0,9.0,11.0,14.0,44.0,0.0,0.0,0.0,0.0
MO,2022-07-02,2022,26,99,9.0,2.0,11.0,0.0,0.0,4.0,1.5,3.5,14366.0,2496.0,11656.0,1923.0,0.81,0.0,0.77,0.0,34.128961748633884,0,11.0,9.0,16.0,42.0,0.0,0.0,0.0,0.0
MO,2022-07-09,2022,27,100,9.0,2.0,14.0,0.0,0.0,4.0,1.5,3.5,14326.0,2492.0,11467.0,1862.0,0.8,0.0,0.75,0.0,34.128961748633884,0,9.0,11.0,11.0,33.0,0.0,0.0,0.0,0.0
MO,2022-07-16,2022,28,101,6.0,1.0,12.0,0.0,0.0,4.0,1.5,3.5,14446.0,2519.0,11863.0,1951.0,0.82,0.0,0.77,0.0,34.128961748633884,0,9.0,9.0,9.0,25.0,0.0,0.0,0.0,0.0
MO,2022-07-23,2022,29,102,7.0,0.0,25.0,0.0,0.0,4.0,1.5,3.5,14431.0,2529.0,11888.0,1982.0,0.82,0.0,0.78,0.0,34.128961748633884,0,6.0,9.0,11.0,14.0,0.0,0.0,0.0,0.0
MO,2022-07-30,2022,30,103,7.0,1.0,12.0,0.0,0.0,4.0,1.5,3.5,14488.0,2498.0,11773.0,1924.0,0.81,0.0,0.77,0.0,34.128961748633884,0,7.0,6.0,9.0,16.0,0.0,0.0,0.0,0.0
MO,2022-08-06,2022,31,104,7.0,1.0,23.0,0.0,0.0,4.0,1.5,3.5,14378.0,2489.0,11570.0,1868.0,0.8,0.0,0.75,0.0,34.128961748633884,0,7.0,7.0,9.0,11.0,0.0,0.0,0.0,0.0
MO,2022-08-13,2022,32,105,5.0,0.0,12.0,0.0,0.0,4.0,1.5,3.5,14283.0,2468.0,11719.0,1892.0,0.82,0.0,0.77,0.0,34.128961748633884,0,7.0,7.0,6.0,9.0,0.0,0.0,0.0,0.0
MO,2022-08-20,2022,33,106,6.0,0.0,15.0,0.0,0.0,4.0,1.5,3.5,14165.0,2468.0,11643.0,1879.0,0.82,0.0,0.76,0.0,34.128961748633884,0,5.0,7.0,7.0,11.0,0.0,0.0,0.0,0.0
MO,2022-08-27,2022,34,107,5.0,1.0,2.0,0.0,0.0,4.0,1.5,3.5,14225.0,2490.0,11710.0,1875.0,0.82,0.0,0.75,0.0,34.128961748633884,0,6.0,5.0,7.0,9.0,0.0,0.0,0.0,0.0
MO,2022-09-03,2022,35,108,7.0,2.0,8.0,0.0,0.0,4.0,1.5,3.5,14244.0,2519.0,11739.0,1924.0,0.82,0.0,0.76,0.0,34.128961748633884,0,5.0,6.0,7.0,9.0,0.0,0.0,0.0,0.0
MO,2022-09-10,2022,36,109,4.0,2.0,4.0,0.0,0.0,4.0,1.5,3.5,14326.0,2532.0,11773.0,1957.0,0.82,0.0,0.77,0.0,34.128961748633884,0,7.0,5.0,5.0,6.0,0.0,0.0,0.0,0.0
MO,2022-09-17,2022,37,110,5.0,0.0,6.0,0.0,0.0,4.0,1.5,3.5,14371.0,2539.0,12007.0,1999.0,0.84,0.0,0.79,0.0,34.128961748633884,0,4.0,7.0,6.0,7.0,0.0,0.0,0.0,0.0
MO,2022-09-24,2022,38,111,5.0,0.0,8.0,0.0,0.0,4.0,1.5,3.5,14381.0,2532.0,12006.0,1970.0,0.83,0.0,0.78,0.0,34.128961748633884,0,5.0,4.0,5.0,7.0,0.0,0.0,0.0,0.0
MO,2022-10-01,2022,39,112,4.0,0.0,12.0,0.0,0.0,4.0,1.5,3.5,14324.0,2538.0,11874.0,1961.0,0.83,0.0,0.77,0.0,34.128961748633884,0,5.0,5.0,7.0,7.0,0.0,0.0,0.0,0.0
MO,2022-10-08,2022,40,113,5.0,1.0,6.0,0.0,0.0,4.0,1.5,3.5,14362.0,2547.0,11799.0,1963.0,0.82,0.0,0.77,0.0,34.128961748633884,0,4.0,5.0,4.0,5.0,0.0,0.0,0.0,0.0
MO,2022-10-15,2022,41,114,9.0,2.0,10.0,0.0,0.0,4.0,1.5,3.5,14388.0,2540.0,11898.0,1956.0,0.83,0.0,0.77,0.0,34.128961748633884,0,5.0,4.0,5.0,6.0,0.0,0.0,0.0,0.0
MO,2022-10-22,2022,42,115,12.0,2.0,23.0,0.0,0.0,4.0,1.5,3.5,14394.0,2511.0,11914.0,1953.0,0.83,0.0,0.78,0.0,34.128961748633884,0,9.0,5.0,5.0,5.0,0.0,0.0,0.0,0.0
MO,2022-10-29,2022,43,116,23.0,4.0,49.0,0.0,0.0,4.0,1.5,3.5,14421.0,2531.0,12105.0,1982.0,0.84,0.0,0.78,0.0,34.128961748633884,0,12.0,9.0,4.0,7.0,0.0,0.0,0.0,0.0
MO,2022-11-05,2022,44,117,35.0,6.0,66.0,0.0,0.0,4.0,1.5,3.5,14320.0,2491.0,11893.0,1898.0,0.83,0.0,0.76,0.0,34.128961748633884,0,23.0,12.0,5.0,4.0,0.0,0.0,0.0,0.0
MO,2022-11-12,2022,45,118,60.0,9.0,105.0,0.0,0.0,4.0,1.5,3.5,14380.0,2517.0,11988.0,1925.0,0.83,0.0,0.76,0.0,34.128961748633884,0,35.0,23.0,9.0,5.0,0.0,0.0,0.0,0.0
MO,2022-11-19,2022,46,119,101.0,22.0,222.0,0.0,0.0,4.0,1.5,3.5,14430.0,2517.0,11965.0,1896.0,0.83,0.01,0.75,0.01,34.128961748633884,0,60.0,35.0,12.0,5.0,0.0,0.0,0.0,0.0
MO,2022-11-26,2022,47,120,246.0,44.0,488.0,0.0,0.0,4.0,1.5,3.5,14277.0,2508.0,11531.0,1855.0,0.81,0.02,0.74,0.02,34.128961748633884,1,101.0,60.0,23.0,4.0,0.01,0.0,0.0,0.0
MO,2022-12-03,2022,48,121,503.0,83.0,850.0,0.0,0.0,4.0,1.5,3.5,14573.0,2521.0,12386.0,1952.0,0.85,0.03,0.77,0.03,34.128961748633884,1,246.0,101.0,35.0,5.0,0.02,0.01,0.0,0.0
MO,2022-12-10,2022,49,122,563.0,103.0,828.0,0.0,0.0,4.0,1.5,3.5,14621.0,2539.0,12524.0,2016.0,0.86,0.04,0.79,0.04,34.128961748633884,1,503.0,246.0,60.0,9.0,0.03,0.02,0.0,0.0
MO,2022-12-17,2022,50,123,611.0,123.0,751.0,0.0,0.0,4.0,1.5,3.5,15055.0,2678.0,12899.0,2162.0,0.86,0.04,0.81,0.05,34.128961748633884,1,563.0,503.0,101.0,12.0,0.04,0.03,0.01,0.0
MO,2022-12-24,2022,51,124,494.0,104.0,559.0,0.0,0.0,4.0,1.5,3.5,14478.0,2548.0,11890.0,2019.0,0.82,0.03,0.79,0.04,34.128961748633884,1,611.0,563.0,246.0,23.0,0.04,0.04,0.02,0.0
MO,2022-12-31,2022,52,125,500.0,94.0,636.0,0.0,0.0,4.0,1.5,3.5,14339.0,2555.0,11530.0,2000.0,0.8,0.03,0.78,0.04,34.128961748633884,1,494.0,611.0,503.0,35.0,0.03,0.04,0.03,0.0
MS,2020-10-03,2020,40,8,13.0,2.5,18.0,0.0,0.0,4.5,2.0,0.0,7486.0,1002.0,4805.0,702.0,0.64,0.0,0.7,0.0,32.8746192893401,0,13.0,13.0,13.0,13.0,0.0,0.0,0.0,0.0
MS,2020-10-10,2020,41,9,13.0,2.5,18.0,0.0,0.0,4.5,2.0,0.0,7546.0,1003.0,4967.0,735.0,0.66,0.0,0.73,0.0,32.8746192893401,0,13.0,13.0,13.0,13.0,0.0,0.0,0.0,0.0
MS,2020-10-17,2020,42,10,0.0,0.0,0.0,0.0,0.0,4.5,2.0,0.0,7608.0,999.0,5063.0,712.0,0.67,0.0,0.71,0.0,32.8746192893401,0,13.0,13.0,13.0,13.0,0.0,0.0,0.0,0.0
MS,2020-10-24,2020,43,11,2.0,0.0,6.0,0.0,0.0,4.5,2.0,0.0,7985.0,1024.0,5122.0,726.0,0.64,0.0,0.71,0.0,32.8746192893401,0,0.0,13.0,13.0,13.0,0.0,0.0,0.0,0.0
MS,2020-10-31,2020,44,12,4.0,0.0,5.0,0.0,0.0,4.5,2.0,0.0,8109.0,1024.0,5075.0,726.0,0.63,0.0,0.71,0.0,32.8746192893401,0,2.0,0.0,13.0,13.0,0.0,0.0,0.0,0.0
MS,2020-11-07,2020,45,13,6.0,1.0,13.0,0.0,0.0,4.5,2.0,0.0,8154.0,1030.0,5060.0,725.0,0.62,0.0,0.7,0.0,32.8746192893401,0,4.0,2.0,13.0,13.0,0.0,0.0,0.0,0.0
MS,2020-11-14,2020,46,14,7.0,0.0,14.0,0.0,0.0,4.5,2.0,0.0,8274.0,1053.0,5359.0,774.0,0.65,0.0,0.74,0.0,32.8746192893401,0,6.0,4.0,0.0,13.0,0.0,0.0,0.0,0.0
MS,2020-11-21,2020,47,15,6.0,0.0,6.0,0.0,0.0,4.5,2.0,0.0,8276.0,1043.0,5303.0,768.0,0.64,0.0,0.74,0.0,32.8746192893401,0,7.0,6.0,2.0,13.0,0.0,0.0,0.0,0.0
MS,2020-11-28,2020,48,16,8.0,2.0,12.0,0.0,0.0,4.5,2.0,0.0,8212.0,1047.0,4984.0,754.0,0.61,0.0,0.72,0.0,32.8746192893401,0,6.0,7.0,4.0,13.0,0.0,0.0,0.0,0.0
MS,2020-12-05,2020,49,17,9.0,2.0,11.0,0.0,0.0,4.5,2.0,0.0,8244.0,1058.0,5215.0,794.0,0.63,0.0,0.75,0.0,32.8746192893401,0,8.0,6.0,6.0,13.0,0.0,0.0,0.0,0.0
MS,2020-12-12,2020,50,18,7.0,1.0,8.0,0.0,0.0,4.5,2.0,0.0,8218.0,1067.0,5314.0,799.0,0.65,0.0,0.75,0.0,32.8746192893401,0,9.0,8.0,7.0,0.0,0.0,0.0,0.0,0.0
MS,2020-12-19,2020,51,19,10.0,3.0,11.0,0.0,0.0,4.5,2.0,0.0,8201.0,1065.0,5277.0,810.0,0.64,0.0,0.76,0.0,32.8746192893401,0,7.0,9.0,6.0,2.0,0.0,0.0,0.0,0.0
MS,2020-12-26,2020,52,20,12.0,4.0,19.0,0.0,0.0,4.5,2.0,0.0,8156.0,1063.0,4984.0,809.0,0.61,0.0,0.76,0.0,32.8746192893401,0,10.0,7.0,8.0,4.0,0.0,0.0,0.0,0.0
MS,2021-01-02,2021,53,21,11.0,4.0,5.0,0.0,0.0,4.5,2.0,0.0,8179.0,1072.0,5188.0,829.0,0.63,0.0,0.77,0.0,26.943352601156068,0,12.0,10.0,9.0,6.0,0.0,0.0,0.0,0.0
MS,2021-01-09,2021,1,22,13.0,3.0,28.0,0.0,0.0,4.5,2.0,0.0,8113.0,1071.0,5332.0,850.0,0.66,0.0,0.79,0.0,26.943352601156068,0,11.0,12.0,7.0,7.0,0.0,0.0,0.0,0.0
MS,2021-01-16,2021,2,23,17.0,4.0,29.0,0.0,0.0,4.5,2.0,0.0,8095.0,1072.0,5220.0,823.0,0.64,0.0,0.77,0.0,26.943352601156068,0,13.0,11.0,10.0,6.0,0.0,0.0,0.0,0.0
MS,2021-01-23,2021,3,24,11.0,3.0,14.0,0.0,0.0,4.5,2.0,0.0,8046.0,1070.0,5235.0,829.0,0.65,0.0,0.78,0.0,26.943352601156068,0,17.0,13.0,12.0,8.0,0.0,0.0,0.0,0.0
MS,2021-01-30,2021,4,25,15.0,4.0,14.0,0.0,0.0,4.5,2.0,0.0,8050.0,1059.0,5246.0,800.0,0.65,0.0,0.76,0.0,26.943352601156068,0,11.0,17.0,11.0,9.0,0.0,0.0,0.0,0.0
MS,2021-02-06,2021,5,26,10.0,4.0,10.0,0.0,0.0,4.5,2.0,0.0,8028.0,1050.0,5130.0,794.0,0.64,0.0,0.76,0.0,26.943352601156068,0,15.0,11.0,13.0,7.0,0.0,0.0,0.0,0.0
MS,2021-02-13,2021,6,27,8.0,2.0,9.0,0.0,0.0,4.5,2.0,0.0,7955.0,1040.0,5074.0,774.0,0.64,0.0,0.74,0.0,26.943352601156068,0,10.0,15.0,17.0,10.0,0.0,0.0,0.0,0.0
MS,2021-02-20,2021,7,28,8.0,2.0,15.0,0.0,0.0,4.5,2.0,0.0,7904.0,1028.0,4960.0,756.0,0.63,0.0,0.74,0.0,26.943352601156068,0,8.0,10.0,11.0,12.0,0.0,0.0,0.0,0.0
MS,2021-02-27,2021,8,29,9.0,2.0,7.0,0.0,0.0,4.5,2.0,0.0,7998.0,1037.0,5284.0,765.0,0.66,0.0,0.74,0.0,26.943352601156068,0,8.0,8.0,15.0,11.0,0.0,0.0,0.0,0.0
MS,2021-03-06,2021,9,30,5.0,1.0,13.0,0.0,0.0,4.5,2.0,0.0,7960.0,1024.0,5140.0,731.0,0.65,0.0,0.71,0.0,26.943352601156068,0,9.0,8.0,10.0,13.0,0.0,0.0,0.0,0.0
MS,2021-03-13,2021,10,31,5.0,0.0,18.0,0.0,0.0,4.5,2.0,0.0,7975.0,1022.0,5021.0,715.0,0.63,0.0,0.7,0.0,26.943352601156068,0,5.0,9.0,8.0,17.0,0.0,0.0,0.0,0.0
MS,2021-03-20,2021,11,32,5.0,0.0,10.0,0.0,0.0,4.5,2.0,0.0,7934.0,1017.0,4887.0,701.0,0.62,0.0,0.69,0.0,26.943352601156068,0,5.0,5.0,8.0,11.0,0.0,0.0,0.0,0.0
MS,2021-03-27,2021,12,33,3.0,0.0,8.0,0.0,0.0,4.5,2.0,0.0,8017.0,1020.0,4979.0,701.0,0.62,0.0,0.69,0.0,26.943352601156068,0,5.0,5.0,9.0,15.0,0.0,0.0,0.0,0.0
MS,2021-04-03,2021,13,34,5.0,2.0,6.0,0.0,0.0,4.5,2.0,0.0,7999.0,1016.0,4879.0,688.0,0.61,0.0,0.68,0.0,26.943352601156068,0,3.0,5.0,5.0,10.0,0.0,0.0,0.0,0.0
MS,2021-04-10,2021,14,35,4.0,1.0,9.0,0.0,0.0,4.5,2.0,0.0,7989.0,1020.0,4768.0,679.0,0.6,0.0,0.67,0.0,26.943352601156068,0,5.0,3.0,5.0,8.0,0.0,0.0,0.0,0.0
MS,2021-04-17,2021,15,36,3.0,1.0,2.0,0.0,0.0,4.5,2.0,0.0,8035.0,1028.0,4878.0,680.0,0.61,0.0,0.66,0.0,26.943352601156068,0,4.0,5.0,5.0,8.0,0.0,0.0,0.0,0.0
MS,2021-04-24,2021,16,37,5.0,2.0,10.0,0.0,0.0,4.5,2.0,0.0,8040.0,1028.0,4942.0,676.0,0.61,0.0,0.66,0.0,26.943352601156068,0,3.0,4.0,3.0,9.0,0.0,0.0,0.0,0.0
MS,2021-05-01,2021,17,38,3.0,1.0,4.0,0.0,0.0,4.5,2.0,0.0,8046.0,1027.0,5035.0,664.0,0.63,0.0,0.65,0.0,26.943352601156068,0,5.0,3.0,5.0,5.0,0.0,0.0,0.0,0.0
MS,2021-05-08,2021,18,39,4.0,1.0,9.0,0.0,0.0,4.5,2.0,0.0,8034.0,1027.0,5013.0,683.0,0.62,0.0,0.67,0.0,26.943352601156068,0,3.0,5.0,4.0,5.0,0.0,0.0,0.0,0.0
MS,2021-05-15,2021,19,40,8.0,1.0,12.0,0.0,0.0,4.5,2.0,0.0,8036.0,1034.0,4992.0,709.0,0.62,0.0,0.69,0.0,26.943352601156068,0,4.0,3.0,3.0,5.0,0.0,0.0,0.0,0.0
MS,2021-05-22,2021,20,41,6.0,0.0,15.0,0.0,0.0,4.5,2.0,0.0,8037.0,1033.0,4982.0,707.0,0.62,0.0,0.68,0.0,26.943352601156068,0,8.0,4.0,5.0,3.0,0.0,0.0,0.0,0.0
MS,2021-05-29,2021,21,42,4.0,0.0,10.0,0.0,0.0,4.5,2.0,0.0,8018.0,1026.0,5003.0,699.0,0.62,0.0,0.68,0.0,26.943352601156068,0,6.0,8.0,3.0,5.0,0.0,0.0,0.0,0.0
MS,2021-06-05,2021,22,43,4.0,0.0,11.0,0.0,0.0,4.5,2.0,0.0,7992.0,1030.0,4849.0,701.0,0.61,0.0,0.68,0.0,26.943352601156068,0,4.0,6.0,4.0,4.0,0.0,0.0,0.0,0.0
MS,2021-06-12,2021,23,44,5.0,1.0,13.0,0.0,0.0,4.5,2.0,0.0,8014.0,1035.0,4984.0,699.0,0.62,0.0,0.68,0.0,26.943352601156068,0,4.0,4.0,8.0,3.0,0.0,0.0,0.0,0.0
MS,2021-06-19,2021,24,45,4.0,2.0,9.0,0.0,0.0,4.5,2.0,0.0,8024.0,1022.0,5043.0,674.0,0.63,0.0,0.66,0.0,26.943352601156068,0,5.0,4.0,6.0,5.0,0.0,0.0,0.0,0.0
MS,2021-06-26,2021,25,46,4.0,2.0,8.0,0.0,0.0,4.5,2.0,0.0,8051.0,1019.0,5072.0,674.0,0.63,0.0,0.66,0.0,26.943352601156068,0,4.0,5.0,4.0,3.0,0.0,0.0,0.0,0.0
MS,2021-07-03,2021,26,47,5.0,2.0,9.0,0.0,0.0,4.5,2.0,0.0,8063.0,1027.0,5125.0,688.0,0.64,0.0,0.67,0.0,26.943352601156068,0,4.0,4.0,4.0,4.0,0.0,0.0,0.0,0.0
MS,2021-07-10,2021,27,48,5.0,1.0,1.0,0.0,0.0,4.5,2.0,0.0,8065.0,1027.0,5011.0,702.0,0.62,0.0,0.68,0.0,26.943352601156068,0,5.0,4.0,5.0,8.0,0.0,0.0,0.0,0.0
MS,2021-07-17,2021,28,49,3.0,1.0,6.0,0.0,0.0,4.5,2.0,0.0,8070.0,1021.0,5172.0,730.0,0.64,0.0,0.71,0.0,26.943352601156068,0,5.0,5.0,4.0,6.0,0.0,0.0,0.0,0.0
MS,2021-07-24,2021,29,50,3.0,0.0,6.0,0.0,0.0,4.5,2.0,0.0,8056.0,1028.0,5148.0,749.0,0.64,0.0,0.73,0.0,26.943352601156068,0,3.0,5.0,4.0,4.0,0.0,0.0,0.0,0.0
MS,2021-07-31,2021,30,51,4.0,0.0,3.0,0.0,0.0,4.5,2.0,0.0,8092.0,1026.0,5326.0,789.0,0.66,0.0,0.77,0.0,26.943352601156068,0,3.0,3.0,5.0,4.0,0.0,0.0,0.0,0.0
MS,2021-08-07,2021,31,52,2.0,1.0,0.0,0.0,0.0,4.5,2.0,0.0,8064.0,1027.0,5347.0,819.0,0.66,0.0,0.8,0.0,26.943352601156068,0,4.0,3.0,5.0,5.0,0.0,0.0,0.0,0.0
MS,2021-08-14,2021,32,53,3.0,0.0,3.0,0.0,0.0,4.5,2.0,0.0,8076.0,1040.0,5423.0,849.0,0.67,0.0,0.82,0.0,26.943352601156068,0,2.0,4.0,3.0,4.0,0.0,0.0,0.0,0.0
MS,2021-08-21,2021,33,54,4.0,0.0,5.0,0.0,0.0,4.5,2.0,0.0,8082.0,1062.0,5343.0,905.0,0.66,0.0,0.85,0.0,26.943352601156068,0,3.0,2.0,3.0,4.0,0.0,0.0,0.0,0.0
MS,2021-08-28,2021,34,55,4.0,1.0,15.0,0.0,0.0,4.5,2.0,0.0,8058.0,1072.0,5398.0,923.0,0.67,0.0,0.86,0.0,26.943352601156068,0,4.0,3.0,4.0,5.0,0.0,0.0,0.0,0.0
MS,2021-09-04,2021,35,56,4.0,1.0,18.0,0.0,0.0,4.5,2.0,0.0,8018.0,1077.0,5373.0,918.0,0.67,0.0,0.85,0.0,26.943352601156068,0,4.0,4.0,2.0,5.0,0.0,0.0,0.0,0.0
MS,2021-09-11,2021,36,57,4.0,1.0,6.0,0.0,0.0,4.5,2.0,0.0,8068.0,1062.0,5457.0,909.0,0.68,0.0,0.86,0.0,26.943352601156068,0,4.0,4.0,3.0,3.0,0.0,0.0,0.0,0.0
MS,2021-09-18,2021,37,58,3.0,2.0,1.0,0.0,0.0,4.5,2.0,0.0,8074.0,1047.0,5536.0,884.0,0.69,0.0,0.84,0.0,26.943352601156068,0,4.0,4.0,4.0,3.0,0.0,0.0,0.0,0.0
MS,2021-09-25,2021,38,59,6.0,1.0,5.0,0.0,0.0,4.5,2.0,0.0,8055.0,1030.0,5345.0,813.0,0.66,0.0,0.79,0.0,26.943352601156068,0,3.0,4.0,4.0,4.0,0.0,0.0,0.0,0.0
MS,2021-10-02,2021,39,60,2.0,0.0,0.0,0.0,0.0,4.5,2.0,0.0,8082.0,1024.0,5179.0,780.0,0.64,0.0,0.76,0.0,26.943352601156068,0,6.0,3.0,4.0,2.0,0.0,0.0,0.0,0.0
MS,2021-10-09,2021,40,61,2.0,0.0,2.0,0.0,0.0,4.5,2.0,0.0,8078.0,1005.0,5115.0,723.0,0.63,0.0,0.72,0.0,26.943352601156068,0,2.0,6.0,4.0,3.0,0.0,0.0,0.0,0.0
MS,2021-10-16,2021,41,62,2.0,0.0,5.0,0.0,0.0,4.5,2.0,0.0,8073.0,1007.0,5170.0,739.0,0.64,0.0,0.73,0.0,26.943352601156068,0,2.0,2.0,3.0,4.0,0.0,0.0,0.0,0.0
MS,2021-10-23,2021,42,63,5.0,0.0,14.0,0.0,0.0,4.5,2.0,0.0,8053.0,1003.0,5159.0,751.0,0.64,0.0,0.75,0.0,26.943352601156068,0,2.0,2.0,6.0,4.0,0.0,0.0,0.0,0.0
MS,2021-10-30,2021,43,64,4.0,1.0,2.0,0.0,0.0,4.5,2.0,0.0,7989.0,983.0,5116.0,737.0,0.64,0.0,0.75,0.0,26.943352601156068,0,5.0,2.0,2.0,4.0,0.0,0.0,0.0,0.0
MS,2021-11-06,2021,44,65,3.0,1.0,6.0,0.0,0.0,4.5,2.0,0.0,7955.0,969.0,5025.0,738.0,0.63,0.0,0.76,0.0,26.943352601156068,0,4.0,5.0,2.0,4.0,0.0,0.0,0.0,0.0
MS,2021-11-13,2021,45,66,7.0,2.0,8.0,0.0,0.0,4.5,2.0,0.0,7968.0,962.0,5055.0,720.0,0.63,0.0,0.75,0.0,26.943352601156068,0,3.0,4.0,2.0,3.0,0.0,0.0,0.0,0.0
MS,2021-11-20,2021,46,67,7.0,2.0,10.0,0.0,0.0,4.5,2.0,0.0,7930.0,953.0,5063.0,716.0,0.64,0.0,0.75,0.0,26.943352601156068,0,7.0,3.0,5.0,6.0,0.0,0.0,0.0,0.0
MS,2021-11-27,2021,47,68,9.0,3.0,14.0,0.0,0.0,4.5,2.0,0.0,7877.0,949.0,4690.0,692.0,0.6,0.0,0.73,0.0,26.943352601156068,0,7.0,7.0,4.0,2.0,0.0,0.0,0.0,0.0
MS,2021-12-04,2021,48,69,16.0,3.0,24.0,0.0,0.0,4.5,2.0,0.0,7933.0,953.0,5011.0,705.0,0.63,0.0,0.74,0.0,26.943352601156068,0,9.0,7.0,3.0,2.0,0.0,0.0,0.0,0.0
MS,2021-12-11,2021,49,70,13.0,1.0,10.0,0.0,0.0,4.5,2.0,0.0,7991.0,958.0,5147.0,727.0,0.64,0.0,0.76,0.0,26.943352601156068,0,16.0,9.0,7.0,2.0,0.0,0.0,0.0,0.0
MS,2021-12-18,2021,50,71,13.0,2.0,16.0,0.0,0.0,4.5,2.0,0.0,7973.0,952.0,5040.0,718.0,0.63,0.0,0.75,0.0,26.943352601156068,0,13.0,16.0,7.0,5.0,0.0,0.0,0.0,0.0
MS,2021-12-25,2021,51,72,13.0,1.0,29.0,0.0,0.0,4.5,2.0,0.0,7905.0,947.0,4745.0,686.0,0.6,0.0,0.72,0.0,26.943352601156068,0,13.0,13.0,9.0,4.0,0.0,0.0,0.0,0.0
MS,2022-01-01,2022,52,73,26.0,4.0,52.0,0.0,0.0,4.5,2.0,0.0,7896.0,950.0,4849.0,723.0,0.61,0.0,0.76,0.0,29.46936416184971,0,13.0,13.0,16.0,3.0,0.0,0.0,0.0,0.0
MS,2022-01-08,2022,1,74,22.0,4.0,37.0,0.0,0.0,4.5,2.0,0.0,7956.0,944.0,5011.0,745.0,0.63,0.0,0.79,0.0,29.46936416184971,0,26.0,13.0,13.0,7.0,0.0,0.0,0.0,0.0
MS,2022-01-15,2022,2,75,19.0,3.0,36.0,0.0,0.0,4.5,2.0,0.0,8081.0,945.0,5255.0,759.0,0.65,0.0,0.8,0.0,29.46936416184971,0,22.0,26.0,13.0,7.0,0.0,0.0,0.0,0.0
MS,2022-01-22,2022,3,76,16.0,3.0,17.0,0.0,0.0,4.5,2.0,0.0,8091.0,953.0,5342.0,789.0,0.66,0.0,0.83,0.0,29.46936416184971,0,19.0,22.0,13.0,9.0,0.0,0.0,0.0,0.0
MS,2022-01-29,2022,4,77,9.0,1.0,12.0,0.0,0.0,4.5,2.0,0.0,8074.0,945.0,5400.0,792.0,0.67,0.0,0.84,0.0,29.46936416184971,0,16.0,19.0,26.0,16.0,0.0,0.0,0.0,0.0
MS,2022-02-05,2022,5,78,10.0,1.0,21.0,0.0,0.0,4.5,2.0,0.0,8113.0,943.0,5384.0,782.0,0.66,0.0,0.83,0.0,29.46936416184971,0,9.0,16.0,22.0,13.0,0.0,0.0,0.0,0.0
MS,2022-02-12,2022,6,79,11.0,1.0,21.0,0.0,0.0,4.5,2.0,0.0,8090.0,935.0,5367.0,782.0,0.66,0.0,0.84,0.0,29.46936416184971,0,10.0,9.0,19.0,13.0,0.0,0.0,0.0,0.0
MS,2022-02-19,2022,7,80,14.0,1.0,25.0,0.0,0.0,4.5,2.0,0.0,8197.0,942.0,5482.0,786.0,0.67,0.0,0.83,0.0,29.46936416184971,0,11.0,10.0,16.0,13.0,0.0,0.0,0.0,0.0
MS,2022-02-26,2022,8,81,22.0,1.0,27.0,0.0,0.0,4.5,2.0,0.0,8103.0,917.0,5155.0,747.0,0.64,0.0,0.81,0.0,29.46936416184971,0,14.0,11.0,9.0,26.0,0.0,0.0,0.0,0.0
MS,2022-03-05,2022,9,82,24.0,5.0,34.0,0.0,0.0,4.5,2.0,0.0,8027.0,897.0,4997.0,717.0,0.62,0.0,0.8,0.01,29.46936416184971,0,22.0,14.0,10.0,22.0,0.0,0.0,0.0,0.0
MS,2022-03-12,2022,10,83,31.0,4.0,33.0,0.0,0.0,4.5,2.0,0.0,8036.0,897.0,4999.0,702.0,0.62,0.0,0.78,0.0,29.46936416184971,0,24.0,22.0,11.0,19.0,0.0,0.0,0.0,0.0
MS,2022-03-19,2022,11,84,24.0,2.0,31.0,0.0,0.0,4.5,2.0,0.0,7975.0,881.0,4833.0,655.0,0.61,0.0,0.74,0.0,29.46936416184971,0,31.0,24.0,14.0,16.0,0.0,0.0,0.0,0.0
MS,2022-03-26,2022,12,85,24.0,3.0,48.0,0.0,0.0,4.5,2.0,0.0,8044.0,890.0,5187.0,666.0,0.64,0.0,0.75,0.0,29.46936416184971,0,24.0,31.0,22.0,9.0,0.0,0.0,0.0,0.0
MS,2022-04-02,2022,13,86,24.0,2.0,25.0,0.0,0.0,4.5,2.0,0.0,8047.0,894.0,4870.0,660.0,0.61,0.0,0.74,0.0,29.46936416184971,0,24.0,24.0,24.0,10.0,0.0,0.0,0.0,0.0
MS,2022-04-09,2022,14,87,22.0,2.0,32.0,0.0,0.0,4.5,2.0,0.0,8082.0,909.0,4804.0,661.0,0.59,0.0,0.73,0.0,29.46936416184971,0,24.0,24.0,31.0,11.0,0.0,0.0,0.0,0.0
MS,2022-04-16,2022,15,88,16.0,1.0,22.0,0.0,0.0,4.5,2.0,0.0,8098.0,930.0,4828.0,692.0,0.6,0.0,0.74,0.0,29.46936416184971,0,22.0,24.0,24.0,14.0,0.0,0.0,0.0,0.0
MS,2022-04-23,2022,16,89,14.0,3.0,16.0,0.0,0.0,4.5,2.0,0.0,8086.0,925.0,4775.0,654.0,0.59,0.0,0.71,0.0,29.46936416184971,0,16.0,22.0,24.0,22.0,0.0,0.0,0.0,0.0
MS,2022-04-30,2022,17,90,12.0,0.0,26.0,0.0,0.0,4.5,2.0,0.0,8065.0,918.0,4834.0,640.0,0.6,0.0,0.7,0.0,29.46936416184971,0,14.0,16.0,24.0,24.0,0.0,0.0,0.0,0.0
MS,2022-05-07,2022,18,91,16.0,3.0,22.0,0.0,0.0,4.5,2.0,0.0,8073.0,907.0,4860.0,643.0,0.6,0.0,0.71,0.0,29.46936416184971,0,12.0,14.0,22.0,31.0,0.0,0.0,0.0,0.0
MS,2022-05-14,2022,19,92,18.0,3.0,25.0,0.0,0.0,4.5,2.0,0.0,8117.0,918.0,4869.0,653.0,0.6,0.0,0.71,0.0,29.46936416184971,0,16.0,12.0,16.0,24.0,0.0,0.0,0.0,0.0
MS,2022-05-21,2022,20,93,12.0,1.0,31.0,0.0,0.0,4.5,2.0,0.0,8081.0,901.0,4923.0,651.0,0.61,0.0,0.72,0.0,29.46936416184971,0,18.0,16.0,14.0,24.0,0.0,0.0,0.0,0.0
MS,2022-05-28,2022,21,94,11.0,2.0,20.0,0.0,0.0,4.5,2.0,0.0,8070.0,897.0,4909.0,640.0,0.61,0.0,0.71,0.0,29.46936416184971,0,12.0,18.0,12.0,24.0,0.0,0.0,0.0,0.0
MS,2022-06-04,2022,22,95,10.0,1.0,23.0,0.0,0.0,4.5,2.0,0.0,8097.0,906.0,4801.0,642.0,0.59,0.0,0.71,0.0,29.46936416184971,0,11.0,12.0,16.0,22.0,0.0,0.0,0.0,0.0
MS,2022-06-11,2022,23,96,6.0,1.0,14.0,0.0,0.0,4.5,2.0,0.0,8117.0,904.0,4848.0,634.0,0.6,0.0,0.7,0.0,29.46936416184971,0,10.0,11.0,18.0,16.0,0.0,0.0,0.0,0.0
MS,2022-06-18,2022,24,97,6.0,1.0,13.0,0.0,0.0,4.5,2.0,0.0,8157.0,911.0,4917.0,650.0,0.6,0.0,0.71,0.0,29.46936416184971,0,6.0,10.0,12.0,14.0,0.0,0.0,0.0,0.0
MS,2022-06-25,2022,25,98,8.0,1.0,23.0,0.0,0.0,4.5,2.0,0.0,8124.0,925.0,4990.0,672.0,0.61,0.0,0.73,0.0,29.46936416184971,0,6.0,6.0,11.0,12.0,0.0,0.0,0.0,0.0
MS,2022-07-02,2022,26,99,7.0,1.0,17.0,0.0,0.0,4.5,2.0,0.0,8115.0,914.0,4922.0,663.0,0.61,0.0,0.73,0.0,29.46936416184971,0,8.0,6.0,10.0,16.0,0.0,0.0,0.0,0.0
MS,2022-07-09,2022,27,100,11.0,1.0,21.0,0.0,0.0,4.5,2.0,0.0,8121.0,917.0,4848.0,646.0,0.6,0.0,0.7,0.0,29.46936416184971,0,7.0,8.0,6.0,18.0,0.0,0.0,0.0,0.0
MS,2022-07-16,2022,28,101,12.0,2.0,20.0,0.0,0.0,4.5,2.0,0.0,8176.0,927.0,5037.0,650.0,0.62,0.0,0.7,0.0,29.46936416184971,0,11.0,7.0,6.0,12.0,0.0,0.0,0.0,0.0
MS,2022-07-23,2022,29,102,17.0,5.0,23.0,0.0,0.0,4.5,2.0,0.0,8155.0,914.0,5049.0,651.0,0.62,0.0,0.71,0.0,29.46936416184971,0,12.0,11.0,8.0,11.0,0.0,0.0,0.0,0.0
MS,2022-07-30,2022,30,103,17.0,3.0,18.0,0.0,0.0,4.5,2.0,0.0,8128.0,906.0,5039.0,649.0,0.62,0.0,0.72,0.0,29.46936416184971,0,17.0,12.0,7.0,10.0,0.0,0.0,0.0,0.0
MS,2022-08-06,2022,31,104,14.0,2.0,19.0,0.0,0.0,4.5,2.0,0.0,8174.0,914.0,5004.0,652.0,0.61,0.0,0.71,0.0,29.46936416184971,0,17.0,17.0,11.0,6.0,0.0,0.0,0.0,0.0
MS,2022-08-13,2022,32,105,12.0,2.0,14.0,0.0,0.0,4.5,2.0,0.0,8190.0,909.0,4993.0,642.0,0.61,0.0,0.71,0.0,29.46936416184971,0,14.0,17.0,12.0,6.0,0.0,0.0,0.0,0.0
MS,2022-08-20,2022,33,106,11.0,1.0,13.0,0.0,0.0,4.5,2.0,0.0,8190.0,921.0,5125.0,668.0,0.63,0.0,0.73,0.0,29.46936416184971,0,12.0,14.0,17.0,8.0,0.0,0.0,0.0,0.0
MS,2022-08-27,2022,34,107,9.0,1.0,13.0,0.0,0.0,4.5,2.0,0.0,8218.0,919.0,5096.0,692.0,0.62,0.0,0.75,0.0,29.46936416184971,0,11.0,12.0,17.0,7.0,0.0,0.0,0.0,0.0
MS,2022-09-03,2022,35,108,12.0,1.0,21.0,0.0,0.0,4.5,2.0,0.0,8184.0,915.0,5029.0,699.0,0.61,0.0,0.76,0.0,29.46936416184971,0,9.0,11.0,14.0,11.0,0.0,0.0,0.0,0.0
MS,2022-09-10,2022,36,109,9.0,0.0,18.0,0.0,0.0,4.5,2.0,0.0,8153.0,887.0,5042.0,675.0,0.62,0.0,0.76,0.0,29.46936416184971,0,12.0,9.0,12.0,12.0,0.0,0.0,0.0,0.0
MS,2022-09-17,2022,37,110,16.0,2.0,36.0,0.0,0.0,4.5,2.0,0.0,8228.0,912.0,5088.0,690.0,0.62,0.0,0.76,0.0,29.46936416184971,0,9.0,12.0,11.0,17.0,0.0,0.0,0.0,0.0
MS,2022-09-24,2022,38,111,16.0,1.0,20.0,0.0,0.0,4.5,2.0,0.0,8238.0,927.0,5068.0,691.0,0.62,0.0,0.75,0.0,29.46936416184971,0,16.0,9.0,9.0,17.0,0.0,0.0,0.0,0.0
MS,2022-10-01,2022,39,112,19.0,2.0,29.0,0.0,0.0,4.5,2.0,0.0,8206.0,924.0,4974.0,696.0,0.61,0.0,0.75,0.0,29.46936416184971,0,16.0,16.0,12.0,14.0,0.0,0.0,0.0,0.0
MS,2022-10-08,2022,40,113,32.0,4.0,60.0,0.0,0.0,4.5,2.0,0.0,8228.0,913.0,4932.0,681.0,0.6,0.0,0.75,0.0,29.46936416184971,0,19.0,16.0,9.0,12.0,0.0,0.0,0.0,0.0
MS,2022-10-15,2022,41,114,47.0,8.0,67.0,0.0,0.0,4.5,2.0,0.0,8250.0,922.0,5058.0,692.0,0.61,0.01,0.75,0.01,29.46936416184971,0,32.0,19.0,16.0,11.0,0.0,0.0,0.0,0.0
MS,2022-10-22,2022,42,115,52.0,7.0,88.0,0.0,0.0,4.5,2.0,0.0,8245.0,923.0,4939.0,675.0,0.6,0.01,0.73,0.01,29.46936416184971,0,47.0,32.0,16.0,9.0,0.01,0.0,0.0,0.0
MS,2022-10-29,2022,43,116,75.0,9.0,148.0,0.0,0.0,4.5,2.0,0.0,8186.0,927.0,4984.0,687.0,0.61,0.01,0.74,0.01,29.46936416184971,1,52.0,47.0,19.0,12.0,0.01,0.01,0.0,0.0
MS,2022-11-05,2022,44,117,147.0,21.0,260.0,0.0,0.0,4.5,2.0,0.0,8230.0,927.0,4998.0,702.0,0.61,0.02,0.76,0.02,29.46936416184971,1,75.0,52.0,32.0,9.0,0.01,0.01,0.0,0.0
MS,2022-11-12,2022,45,118,176.0,29.0,244.0,0.0,0.0,4.5,2.0,0.0,8265.0,929.0,5102.0,701.0,0.62,0.02,0.75,0.03,29.46936416184971,1,147.0,75.0,47.0,16.0,0.02,0.01,0.01,0.0
MS,2022-11-19,2022,46,119,181.0,31.0,250.0,0.0,0.0,4.5,2.0,0.0,8275.0,920.0,5078.0,700.0,0.61,0.02,0.76,0.03,29.46936416184971,1,176.0,147.0,52.0,16.0,0.02,0.02,0.01,0.0
MS,2022-11-26,2022,47,120,195.0,25.0,272.0,0.0,0.0,4.5,2.0,0.0,8229.0,914.0,4808.0,683.0,0.58,0.02,0.75,0.03,29.46936416184971,1,181.0,176.0,75.0,19.0,0.02,0.02,0.01,0.0
MS,2022-12-03,2022,48,121,258.0,39.0,268.0,0.0,0.0,4.5,2.0,0.0,8250.0,923.0,5206.0,716.0,0.63,0.03,0.78,0.04,29.46936416184971,1,195.0,181.0,147.0,32.0,0.02,0.02,0.02,0.0
MS,2022-12-10,2022,49,122,200.0,33.0,179.0,0.0,0.0,4.5,2.0,0.0,8219.0,915.0,5220.0,714.0,0.64,0.02,0.78,0.04,29.46936416184971,1,258.0,195.0,176.0,47.0,0.03,0.02,0.02,0.01
MS,2022-12-17,2022,50,123,146.0,27.0,142.0,0.0,0.0,4.5,2.0,0.0,8235.0,919.0,5182.0,691.0,0.63,0.02,0.75,0.03,29.46936416184971,1,200.0,258.0,181.0,52.0,0.02,0.03,0.02,0.01
MS,2022-12-24,2022,51,124,93.0,20.0,86.0,0.0,0.0,4.5,2.0,0.0,7687.0,874.0,4638.0,656.0,0.6,0.01,0.75,0.02,29.46936416184971,1,146.0,200.0,195.0,75.0,0.02,0.02,0.02,0.01
MS,2022-12-31,2022,52,125,93.0,20.0,120.0,0.0,0.0,4.5,2.0,0.0,7630.0,880.0,4668.0,661.0,0.61,0.01,0.75,0.02,29.46936416184971,1,93.0,146.0,258.0,147.0,0.01,0.02,0.03,0.02
MT,2020-10-03,2020,40,8,1.0,0.0,1.0,0.0,0.0,0.0,0.0,0.0,2465.0,248.0,1746.0,164.0,0.71,0.0,0.66,0.0,35.55079365079365,0,1.0,1.0,1.0,1.0,0.0,0.0,0.0,0.0
MT,2020-10-10,2020,41,9,1.0,0.0,1.0,0.0,0.0,0.0,0.0,0.0,2441.0,243.0,1740.0,157.0,0.71,0.0,0.65,0.0,35.55079365079365,0,1.0,1.0,1.0,1.0,0.0,0.0,0.0,0.0
MT,2020-10-17,2020,42,10,0.0,0.0,0.0,0.0,0.0,0.0,0.0,0.0,2495.0,257.0,1762.0,180.0,0.71,0.0,0.7,0.0,35.55079365079365,0,1.0,1.0,1.0,1.0,0.0,0.0,0.0,0.0
MT,2020-10-24,2020,43,11,0.0,0.0,0.0,0.0,0.0,0.0,0.0,0.0,2548.0,260.0,1816.0,183.0,0.71,0.0,0.7,0.0,35.55079365079365,0,0.0,1.0,1.0,1.0,0.0,0.0,0.0,0.0
MT,2020-10-31,2020,44,12,0.0,0.0,1.0,0.0,0.0,0.0,0.0,0.0,2549.0,267.0,1822.0,204.0,0.71,0.0,0.76,0.0,35.55079365079365,0,0.0,0.0,1.0,1.0,0.0,0.0,0.0,0.0
MT,2020-11-07,2020,45,13,0.0,0.0,1.0,0.0,0.0,0.0,0.0,0.0,2758.0,287.0,1878.0,196.0,0.68,0.0,0.68,0.0,35.55079365079365,0,0.0,0.0,1.0,1.0,0.0,0.0,0.0,0.0
MT,2020-11-14,2020,46,14,1.0,0.0,1.0,0.0,0.0,0.0,0.0,0.0,2764.0,295.0,1940.0,216.0,0.7,0.0,0.73,0.0,35.55079365079365,0,0.0,0.0,0.0,1.0,0.0,0.0,0.0,0.0
MT,2020-11-21,2020,47,15,0.0,0.0,1.0,0.0,0.0,0.0,0.0,0.0,2781.0,297.0,1919.0,206.0,0.69,0.0,0.69,0.0,35.55079365079365,0,1.0,0.0,0.0,1.0,0.0,0.0,0.0,0.0
MT,2020-11-28,2020,48,16,0.0,0.0,0.0,0.0,0.0,0.0,0.0,0.0,2826.0,304.0,1820.0,202.0,0.64,0.0,0.66,0.0,35.55079365079365,0,0.0,1.0,0.0,1.0,0.0,0.0,0.0,0.0
MT,2020-12-05,2020,49,17,0.0,0.0,0.0,0.0,0.0,0.0,0.0,0.0,2837.0,313.0,1894.0,218.0,0.67,0.0,0.7,0.0,35.55079365079365,0,0.0,0.0,0.0,1.0,0.0,0.0,0.0,0.0
MT,2020-12-12,2020,50,18,0.0,0.0,0.0,0.0,0.0,0.0,0.0,0.0,2834.0,303.0,1920.0,214.0,0.68,0.0,0.71,0.0,35.55079365079365,0,0.0,0.0,1.0,0.0,0.0,0.0,0.0,0.0
MT,2020-12-19,2020,51,19,1.0,1.0,1.0,0.0,0.0,0.0,0.0,0.0,2805.0,299.0,1851.0,193.0,0.66,0.0,0.65,0.0,35.55079365079365,0,0.0,0.0,0.0,0.0,0.0,0.0,0.0,0.0
MT,2020-12-26,2020,52,20,2.0,1.0,1.0,0.0,0.0,0.0,0.0,0.0,2790.0,295.0,1667.0,181.0,0.6,0.0,0.61,0.0,35.55079365079365,0,1.0,0.0,0.0,0.0,0.0,0.0,0.0,0.0
MT,2021-01-02,2021,53,21,0.0,0.0,0.0,0.0,0.0,0.0,0.0,0.0,2816.0,293.0,1715.0,177.0,0.61,0.0,0.61,0.0,31.65340909090909,0,2.0,1.0,0.0,0.0,0.0,0.0,0.0,0.0
MT,2021-01-09,2021,1,22,0.0,0.0,0.0,0.0,0.0,0.0,0.0,0.0,2869.0,286.0,1820.0,165.0,0.63,0.0,0.58,0.0,31.65340909090909,0,0.0,2.0,0.0,1.0,0.0,0.0,0.0,0.0
MT,2021-01-16,2021,2,23,0.0,0.0,0.0,0.0,0.0,0.0,0.0,0.0,2901.0,284.0,1833.0,164.0,0.63,0.0,0.58,0.0,31.65340909090909,0,0.0,0.0,1.0,0.0,0.0,0.0,0.0,0.0
MT,2021-01-23,2021,3,24,0.0,0.0,0.0,0.0,0.0,0.0,0.0,0.0,2888.0,282.0,1789.0,162.0,0.62,0.0,0.57,0.0,31.65340909090909,0,0.0,0.0,2.0,0.0,0.0,0.0,0.0,0.0
MT,2021-01-30,2021,4,25,0.0,0.0,0.0,0.0,0.0,0.0,0.0,0.0,2884.0,282.0,1782.0,159.0,0.62,0.0,0.56,0.0,31.65340909090909,0,0.0,0.0,0.0,0.0,0.0,0.0,0.0,0.0
MT,2021-02-06,2021,5,26,0.0,0.0,0.0,0.0,0.0,0.0,0.0,0.0,2884.0,283.0,1740.0,163.0,0.6,0.0,0.58,0.0,31.65340909090909,0,0.0,0.0,0.0,0.0,0.0,0.0,0.0,0.0
MT,2021-02-13,2021,6,27,0.0,0.0,0.0,0.0,0.0,0.0,0.0,0.0,2874.0,276.0,1731.0,159.0,0.6,0.0,0.58,0.0,31.65340909090909,0,0.0,0.0,0.0,1.0,0.0,0.0,0.0,0.0
MT,2021-02-20,2021,7,28,0.0,0.0,0.0,0.0,0.0,0.0,0.0,0.0,2870.0,282.0,1686.0,159.0,0.59,0.0,0.57,0.0,31.65340909090909,0,0.0,0.0,0.0,2.0,0.0,0.0,0.0,0.0
MT,2021-02-27,2021,8,29,0.0,0.0,1.0,0.0,0.0,0.0,0.0,0.0,2874.0,282.0,1723.0,155.0,0.6,0.0,0.55,0.0,31.65340909090909,0,0.0,0.0,0.0,0.0,0.0,0.0,0.0,0.0
MT,2021-03-06,2021,9,30,0.0,0.0,0.0,0.0,0.0,0.0,0.0,0.0,2881.0,283.0,1710.0,150.0,0.59,0.0,0.53,0.0,31.65340909090909,0,0.0,0.0,0.0,0.0,0.0,0.0,0.0,0.0
MT,2021-03-13,2021,10,31,0.0,0.0,0.0,0.0,0.0,0.0,0.0,0.0,2887.0,284.0,1693.0,156.0,0.59,0.0,0.55,0.0,31.65340909090909,0,0.0,0.0,0.0,0.0,0.0,0.0,0.0,0.0
MT,2021-03-20,2021,11,32,0.0,0.0,0.0,0.0,0.0,0.0,0.0,0.0,2890.0,286.0,1710.0,160.0,0.59,0.0,0.56,0.0,31.65340909090909,0,0.0,0.0,0.0,0.0,0.0,0.0,0.0,0.0
MT,2021-03-27,2021,12,33,0.0,0.0,0.0,0.0,0.0,0.0,0.0,0.0,2890.0,286.0,1712.0,167.0,0.59,0.0,0.58,0.0,31.65340909090909,0,0.0,0.0,0.0,0.0,0.0,0.0,0.0,0.0
MT,2021-04-03,2021,13,34,0.0,0.0,0.0,0.0,0.0,0.0,0.0,0.0,2871.0,286.0,1685.0,171.0,0.59,0.0,0.6,0.0,31.65340909090909,0,0.0,0.0,0.0,0.0,0.0,0.0,0.0,0.0
MT,2021-04-10,2021,14,35,0.0,0.0,2.0,0.0,0.0,0.0,0.0,0.0,2879.0,286.0,1735.0,170.0,0.6,0.0,0.59,0.0,31.65340909090909,0,0.0,0.0,0.0,0.0,0.0,0.0,0.0,0.0
MT,2021-04-17,2021,15,36,0.0,0.0,0.0,0.0,0.0,0.0,0.0,0.0,2881.0,286.0,1730.0,162.0,0.6,0.0,0.57,0.0,31.65340909090909,0,0.0,0.0,0.0,0.0,0.0,0.0,0.0,0.0
MT,2021-04-24,2021,16,37,0.0,0.0,0.0,0.0,0.0,0.0,0.0,0.0,2873.0,286.0,1750.0,165.0,0.61,0.0,0.58,0.0,31.65340909090909,0,0.0,0.0,0.0,0.0,0.0,0.0,0.0,0.0
MT,2021-05-01,2021,17,38,0.0,0.0,0.0,0.0,0.0,0.0,0.0,0.0,2880.0,285.0,1772.0,161.0,0.62,0.0,0.57,0.0,31.65340909090909,0,0.0,0.0,0.0,0.0,0.0,0.0,0.0,0.0
MT,2021-05-08,2021,18,39,0.0,0.0,0.0,0.0,0.0,0.0,0.0,0.0,2883.0,284.0,1794.0,179.0,0.62,0.0,0.63,0.0,31.65340909090909,0,0.0,0.0,0.0,0.0,0.0,0.0,0.0,0.0
MT,2021-05-15,2021,19,40,0.0,0.0,0.0,0.0,0.0,0.0,0.0,0.0,2883.0,285.0,1819.0,172.0,0.63,0.0,0.6,0.0,31.65340909090909,0,0.0,0.0,0.0,0.0,0.0,0.0,0.0,0.0
MT,2021-05-22,2021,20,41,0.0,0.0,0.0,0.0,0.0,0.0,0.0,0.0,2885.0,285.0,1835.0,168.0,0.64,0.0,0.59,0.0,31.65340909090909,0,0.0,0.0,0.0,0.0,0.0,0.0,0.0,0.0
MT,2021-05-29,2021,21,42,0.0,0.0,0.0,0.0,0.0,0.0,0.0,0.0,2887.0,285.0,1791.0,162.0,0.62,0.0,0.57,0.0,31.65340909090909,0,0.0,0.0,0.0,0.0,0.0,0.0,0.0,0.0
MT,2021-06-05,2021,22,43,0.0,0.0,0.0,0.0,0.0,0.0,0.0,0.0,2884.0,285.0,1765.0,161.0,0.61,0.0,0.57,0.0,31.65340909090909,0,0.0,0.0,0.0,0.0,0.0,0.0,0.0,0.0
MT,2021-06-12,2021,23,44,0.0,0.0,0.0,0.0,0.0,0.0,0.0,0.0,2882.0,285.0,1828.0,163.0,0.63,0.0,0.57,0.0,31.65340909090909,0,0.0,0.0,0.0,0.0,0.0,0.0,0.0,0.0
MT,2021-06-19,2021,24,45,0.0,0.0,1.0,0.0,0.0,0.0,0.0,0.0,2883.0,285.0,1797.0,166.0,0.62,0.0,0.58,0.0,31.65340909090909,0,0.0,0.0,0.0,0.0,0.0,0.0,0.0,0.0
MT,2021-06-26,2021,25,46,0.0,0.0,0.0,0.0,0.0,0.0,0.0,0.0,2884.0,285.0,1793.0,161.0,0.62,0.0,0.57,0.0,31.65340909090909,0,0.0,0.0,0.0,0.0,0.0,0.0,0.0,0.0
MT,2021-07-03,2021,26,47,0.0,0.0,0.0,0.0,0.0,0.0,0.0,0.0,2874.0,286.0,1787.0,160.0,0.62,0.0,0.56,0.0,31.65340909090909,0,0.0,0.0,0.0,0.0,0.0,0.0,0.0,0.0
MT,2021-07-10,2021,27,48,0.0,0.0,0.0,0.0,0.0,0.0,0.0,0.0,2879.0,286.0,1828.0,167.0,0.63,0.0,0.58,0.0,31.65340909090909,0,0.0,0.0,0.0,0.0,0.0,0.0,0.0,0.0
MT,2021-07-17,2021,28,49,0.0,0.0,0.0,0.0,0.0,0.0,0.0,0.0,2878.0,277.0,1856.0,175.0,0.64,0.0,0.63,0.0,31.65340909090909,0,0.0,0.0,0.0,0.0,0.0,0.0,0.0,0.0
MT,2021-07-24,2021,29,50,0.0,0.0,0.0,0.0,0.0,0.0,0.0,0.0,2874.0,274.0,1801.0,176.0,0.63,0.0,0.64,0.0,31.65340909090909,0,0.0,0.0,0.0,0.0,0.0,0.0,0.0,0.0
MT,2021-07-31,2021,30,51,0.0,0.0,0.0,0.0,0.0,0.0,0.0,0.0,2866.0,281.0,1871.0,175.0,0.65,0.0,0.62,0.0,31.65340909090909,0,0.0,0.0,0.0,0.0,0.0,0.0,0.0,0.0
MT,2021-08-07,2021,31,52,0.0,0.0,0.0,0.0,0.0,0.0,0.0,0.0,2875.0,286.0,1872.0,182.0,0.65,0.0,0.64,0.0,31.65340909090909,0,0.0,0.0,0.0,0.0,0.0,0.0,0.0,0.0
MT,2021-08-14,2021,32,53,0.0,0.0,0.0,0.0,0.0,0.0,0.0,0.0,2876.0,286.0,1910.0,195.0,0.66,0.0,0.68,0.0,31.65340909090909,0,0.0,0.0,0.0,0.0,0.0,0.0,0.0,0.0
MT,2021-08-21,2021,33,54,0.0,0.0,0.0,0.0,0.0,0.0,0.0,0.0,2892.0,285.0,1920.0,208.0,0.66,0.0,0.73,0.0,31.65340909090909,0,0.0,0.0,0.0,0.0,0.0,0.0,0.0,0.0
MT,2021-08-28,2021,34,55,0.0,0.0,0.0,0.0,0.0,0.0,0.0,0.0,2778.0,296.0,1878.0,207.0,0.68,0.0,0.7,0.0,31.65340909090909,0,0.0,0.0,0.0,0.0,0.0,0.0,0.0,0.0
MT,2021-09-04,2021,35,56,0.0,0.0,0.0,0.0,0.0,0.0,0.0,0.0,2729.0,298.0,1862.0,209.0,0.68,0.0,0.7,0.0,31.65340909090909,0,0.0,0.0,0.0,0.0,0.0,0.0,0.0,0.0
MT,2021-09-11,2021,36,57,1.0,0.0,0.0,0.0,0.0,0.0,0.0,0.0,2731.0,314.0,1889.0,223.0,0.69,0.0,0.71,0.0,31.65340909090909,0,0.0,0.0,0.0,0.0,0.0,0.0,0.0,0.0
MT,2021-09-18,2021,37,58,1.0,0.0,7.0,0.0,0.0,0.0,0.0,0.0,2736.0,329.0,1925.0,228.0,0.7,0.0,0.69,0.0,31.65340909090909,0,1.0,0.0,0.0,0.0,0.0,0.0,0.0,0.0
MT,2021-09-25,2021,38,59,0.0,0.0,1.0,0.0,0.0,0.0,0.0,0.0,2745.0,321.0,1901.0,222.0,0.69,0.0,0.69,0.0,31.65340909090909,0,1.0,1.0,0.0,0.0,0.0,0.0,0.0,0.0
MT,2021-10-02,2021,39,60,0.0,0.0,0.0,0.0,0.0,0.0,0.0,0.0,2739.0,318.0,1987.0,227.0,0.73,0.0,0.71,0.0,31.65340909090909,0,0.0,1.0,0.0,0.0,0.0,0.0,0.0,0.0
MT,2021-10-09,2021,40,61,0.0,0.0,0.0,0.0,0.0,0.0,0.0,0.0,2744.0,321.0,2029.0,242.0,0.74,0.0,0.76,0.0,31.65340909090909,0,0.0,0.0,1.0,0.0,0.0,0.0,0.0,0.0
MT,2021-10-16,2021,41,62,0.0,0.0,0.0,0.0,0.0,0.0,0.0,0.0,2753.0,328.0,2034.0,244.0,0.74,0.0,0.74,0.0,31.65340909090909,0,0.0,0.0,1.0,0.0,0.0,0.0,0.0,0.0
MT,2021-10-23,2021,42,63,0.0,0.0,0.0,0.0,0.0,0.0,0.0,0.0,2743.0,321.0,2018.0,239.0,0.74,0.0,0.74,0.0,31.65340909090909,0,0.0,0.0,0.0,0.0,0.0,0.0,0.0,0.0
MT,2021-10-30,2021,43,64,0.0,0.0,0.0,0.0,0.0,0.0,0.0,0.0,2736.0,311.0,2027.0,236.0,0.74,0.0,0.76,0.0,31.65340909090909,0,0.0,0.0,0.0,0.0,0.0,0.0,0.0,0.0
MT,2021-11-06,2021,44,65,0.0,0.0,0.0,0.0,0.0,0.0,0.0,0.0,2736.0,319.0,2015.0,232.0,0.74,0.0,0.73,0.0,31.65340909090909,0,0.0,0.0,0.0,1.0,0.0,0.0,0.0,0.0
MT,2021-11-13,2021,45,66,0.0,0.0,0.0,0.0,0.0,0.0,0.0,0.0,2695.0,317.0,2021.0,231.0,0.75,0.0,0.73,0.0,31.65340909090909,0,0.0,0.0,0.0,1.0,0.0,0.0,0.0,0.0
MT,2021-11-20,2021,46,67,0.0,0.0,0.0,0.0,0.0,0.0,0.0,0.0,2694.0,300.0,1956.0,217.0,0.73,0.0,0.72,0.0,31.65340909090909,0,0.0,0.0,0.0,0.0,0.0,0.0,0.0,0.0
MT,2021-11-27,2021,47,68,0.0,0.0,0.0,0.0,0.0,0.0,0.0,0.0,2674.0,282.0,1781.0,201.0,0.67,0.0,0.71,0.0,31.65340909090909,0,0.0,0.0,0.0,0.0,0.0,0.0,0.0,0.0
MT,2021-12-04,2021,48,69,0.0,0.0,0.0,0.0,0.0,0.0,0.0,0.0,2703.0,293.0,1866.0,208.0,0.69,0.0,0.71,0.0,31.65340909090909,0,0.0,0.0,0.0,0.0,0.0,0.0,0.0,0.0
MT,2021-12-11,2021,49,70,0.0,0.0,1.0,0.0,0.0,0.0,0.0,0.0,2725.0,292.0,1872.0,200.0,0.69,0.0,0.68,0.0,31.65340909090909,0,0.0,0.0,0.0,0.0,0.0,0.0,0.0,0.0
MT,2021-12-18,2021,50,71,1.0,0.0,2.0,0.0,0.0,0.0,0.0,0.0,2708.0,289.0,1866.0,198.0,0.69,0.0,0.68,0.0,31.65340909090909,0,0.0,0.0,0.0,0.0,0.0,0.0,0.0,0.0
MT,2021-12-25,2021,51,72,2.0,0.0,1.0,0.0,0.0,0.0,0.0,0.0,2701.0,288.0,1750.0,184.0,0.65,0.0,0.64,0.0,31.65340909090909,0,1.0,0.0,0.0,0.0,0.0,0.0,0.0,0.0
MT,2022-01-01,2022,52,73,11.0,1.0,20.0,0.0,0.0,0.0,0.0,0.0,2689.0,290.0,1773.0,188.0,0.66,0.0,0.65,0.0,29.49230769230769,0,2.0,1.0,0.0,0.0,0.0,0.0,0.0,0.0
MT,2022-01-08,2022,1,74,11.0,1.0,21.0,0.0,0.0,0.0,0.0,0.0,2710.0,287.0,1827.0,178.0,0.67,0.0,0.62,0.0,29.49230769230769,0,11.0,2.0,0.0,0.0,0.0,0.0,0.0,0.0
MT,2022-01-15,2022,2,75,9.0,1.0,12.0,0.0,0.0,0.0,0.0,0.0,2721.0,286.0,1830.0,174.0,0.67,0.0,0.61,0.0,29.49230769230769,0,11.0,11.0,1.0,0.0,0.0,0.0,0.0,0.0
MT,2022-01-22,2022,3,76,11.0,2.0,12.0,0.0,0.0,0.0,0.0,0.0,2693.0,285.0,1845.0,183.0,0.69,0.0,0.64,0.01,29.49230769230769,0,9.0,11.0,2.0,0.0,0.0,0.0,0.0,0.0
MT,2022-01-29,2022,4,77,8.0,2.0,7.0,0.0,0.0,0.0,0.0,0.0,2695.0,286.0,1864.0,186.0,0.69,0.0,0.65,0.01,29.49230769230769,0,11.0,9.0,11.0,0.0,0.0,0.0,0.0,0.0
MT,2022-02-05,2022,5,78,8.0,1.0,9.0,0.0,0.0,0.0,0.0,0.0,2690.0,300.0,1802.0,181.0,0.67,0.0,0.6,0.0,29.49230769230769,0,8.0,11.0,11.0,0.0,0.0,0.0,0.0,0.0
MT,2022-02-12,2022,6,79,8.0,2.0,13.0,0.0,0.0,0.0,0.0,0.0,2677.0,306.0,1819.0,180.0,0.68,0.0,0.59,0.01,29.49230769230769,0,8.0,8.0,9.0,1.0,0.0,0.0,0.0,0.0
MT,2022-02-19,2022,7,80,6.0,1.0,7.0,0.0,0.0,0.0,0.0,0.0,2660.0,307.0,1787.0,173.0,0.67,0.0,0.56,0.0,29.49230769230769,0,8.0,8.0,11.0,2.0,0.0,0.0,0.0,0.0
MT,2022-02-26,2022,8,81,8.0,1.0,16.0,0.0,0.0,0.0,0.0,0.0,2667.0,307.0,1726.0,151.0,0.65,0.0,0.49,0.0,29.49230769230769,0,6.0,8.0,8.0,11.0,0.0,0.0,0.0,0.0
MT,2022-03-05,2022,9,82,11.0,2.0,21.0,0.0,0.0,0.0,0.0,0.0,2660.0,308.0,1715.0,158.0,0.64,0.0,0.51,0.01,29.49230769230769,0,8.0,6.0,8.0,11.0,0.0,0.0,0.0,0.0
MT,2022-03-12,2022,10,83,9.0,1.0,14.0,0.0,0.0,0.0,0.0,0.0,2679.0,308.0,1713.0,154.0,0.64,0.0,0.5,0.0,29.49230769230769,0,11.0,8.0,8.0,9.0,0.0,0.0,0.0,0.0
MT,2022-03-19,2022,11,84,7.0,2.0,16.0,0.0,0.0,0.0,0.0,0.0,2681.0,307.0,1624.0,145.0,0.61,0.0,0.47,0.01,29.49230769230769,0,9.0,11.0,6.0,11.0,0.0,0.0,0.0,0.0
MT,2022-03-26,2022,12,85,5.0,1.0,19.0,0.0,0.0,0.0,0.0,0.0,2675.0,307.0,1662.0,151.0,0.62,0.0,0.49,0.0,29.49230769230769,0,7.0,9.0,8.0,8.0,0.0,0.0,0.0,0.0
MT,2022-04-02,2022,13,86,13.0,2.0,38.0,0.0,0.0,0.0,0.0,0.0,2966.0,307.0,1645.0,148.0,0.55,0.0,0.48,0.01,29.49230769230769,0,5.0,7.0,11.0,8.0,0.0,0.0,0.0,0.0
MT,2022-04-09,2022,14,87,9.0,4.0,19.0,0.0,0.0,0.0,0.0,0.0,2677.0,307.0,1679.0,150.0,0.63,0.0,0.49,0.01,29.49230769230769,0,13.0,5.0,9.0,8.0,0.0,0.0,0.0,0.0
MT,2022-04-16,2022,15,88,8.0,3.0,14.0,0.0,0.0,0.0,0.0,0.0,2666.0,307.0,1679.0,147.0,0.63,0.0,0.48,0.01,29.49230769230769,0,9.0,13.0,7.0,6.0,0.0,0.0,0.0,0.0
MT,2022-04-23,2022,16,89,5.0,2.0,21.0,0.0,0.0,0.0,0.0,0.0,2672.0,307.0,1631.0,148.0,0.61,0.0,0.48,0.01,29.49230769230769,0,8.0,9.0,5.0,8.0,0.0,0.0,0.0,0.0
MT,2022-04-30,2022,17,90,5.0,1.0,18.0,0.0,0.0,0.0,0.0,0.0,2673.0,308.0,1673.0,153.0,0.63,0.0,0.5,0.0,29.49230769230769,0,5.0,8.0,13.0,11.0,0.0,0.0,0.0,0.0
MT,2022-05-07,2022,18,91,5.0,2.0,20.0,0.0,0.0,0.0,0.0,0.0,2677.0,307.0,1653.0,150.0,0.62,0.0,0.49,0.01,29.49230769230769,0,5.0,5.0,9.0,9.0,0.0,0.0,0.0,0.0
MT,2022-05-14,2022,19,92,5.0,2.0,9.0,0.0,0.0,0.0,0.0,0.0,2681.0,307.0,1730.0,161.0,0.65,0.0,0.52,0.01,29.49230769230769,0,5.0,5.0,8.0,7.0,0.0,0.0,0.0,0.0
MT,2022-05-21,2022,20,93,6.0,2.0,11.0,0.0,0.0,0.0,0.0,0.0,2672.0,305.0,1695.0,159.0,0.63,0.0,0.52,0.01,29.49230769230769,0,5.0,5.0,5.0,5.0,0.0,0.0,0.0,0.0
MT,2022-05-28,2022,21,94,4.0,0.0,14.0,0.0,0.0,0.0,0.0,0.0,2674.0,308.0,1703.0,159.0,0.64,0.0,0.52,0.0,29.49230769230769,0,6.0,5.0,5.0,13.0,0.0,0.0,0.0,0.0
MT,2022-06-04,2022,22,95,7.0,0.0,23.0,0.0,0.0,0.0,0.0,0.0,2681.0,307.0,1687.0,161.0,0.63,0.0,0.53,0.0,29.49230769230769,0,4.0,6.0,5.0,9.0,0.0,0.0,0.0,0.0
MT,2022-06-11,2022,23,96,5.0,0.0,10.0,0.0,0.0,0.0,0.0,0.0,2677.0,309.0,1766.0,154.0,0.66,0.0,0.5,0.0,29.49230769230769,0,7.0,4.0,5.0,8.0,0.0,0.0,0.0,0.0
MT,2022-06-18,2022,24,97,2.0,0.0,1.0,0.0,0.0,0.0,0.0,0.0,2671.0,307.0,1689.0,158.0,0.63,0.0,0.51,0.0,29.49230769230769,0,5.0,7.0,6.0,5.0,0.0,0.0,0.0,0.0
MT,2022-06-25,2022,25,98,0.0,0.0,0.0,0.0,0.0,0.0,0.0,0.0,2673.0,306.0,1728.0,172.0,0.65,0.0,0.56,0.0,29.49230769230769,0,2.0,5.0,4.0,5.0,0.0,0.0,0.0,0.0
MT,2022-07-02,2022,26,99,2.0,1.0,4.0,0.0,0.0,0.0,0.0,0.0,2666.0,307.0,1732.0,168.0,0.65,0.0,0.55,0.0,29.49230769230769,0,0.0,2.0,7.0,5.0,0.0,0.0,0.0,0.0
MT,2022-07-09,2022,27,100,3.0,1.0,2.0,0.0,0.0,0.0,0.0,0.0,2666.0,306.0,1700.0,157.0,0.64,0.0,0.51,0.0,29.49230769230769,0,2.0,0.0,5.0,5.0,0.0,0.0,0.0,0.0
MT,2022-07-16,2022,28,101,2.0,0.0,2.0,0.0,0.0,0.0,0.0,0.0,2674.0,304.0,1751.0,163.0,0.65,0.0,0.54,0.0,29.49230769230769,0,3.0,2.0,2.0,6.0,0.0,0.0,0.0,0.0
MT,2022-07-23,2022,29,102,0.0,0.0,0.0,0.0,0.0,0.0,0.0,0.0,2670.0,305.0,1767.0,163.0,0.66,0.0,0.53,0.0,29.49230769230769,0,2.0,3.0,0.0,4.0,0.0,0.0,0.0,0.0
MT,2022-07-30,2022,30,103,0.0,0.0,0.0,0.0,0.0,0.0,0.0,0.0,2663.0,305.0,1730.0,162.0,0.65,0.0,0.53,0.0,29.49230769230769,0,0.0,2.0,2.0,7.0,0.0,0.0,0.0,0.0
MT,2022-08-06,2022,31,104,0.0,0.0,0.0,0.0,0.0,0.0,0.0,0.0,2658.0,306.0,1732.0,170.0,0.65,0.0,0.56,0.0,29.49230769230769,0,0.0,0.0,3.0,5.0,0.0,0.0,0.0,0.0
MT,2022-08-13,2022,32,105,0.0,0.0,0.0,0.0,0.0,0.0,0.0,0.0,2664.0,306.0,2198.0,171.0,0.83,0.0,0.56,0.0,29.49230769230769,0,0.0,0.0,2.0,2.0,0.0,0.0,0.0,0.0
MT,2022-08-20,2022,33,106,0.0,0.0,1.0,0.0,0.0,0.0,0.0,0.0,2669.0,307.0,1755.0,176.0,0.66,0.0,0.57,0.0,29.49230769230769,0,0.0,0.0,0.0,0.0,0.0,0.0,0.0,0.0
MT,2022-08-27,2022,34,107,0.0,0.0,0.0,0.0,0.0,0.0,0.0,0.0,2673.0,307.0,1726.0,171.0,0.65,0.0,0.56,0.0,29.49230769230769,0,0.0,0.0,0.0,2.0,0.0,0.0,0.0,0.0
MT,2022-09-03,2022,35,108,0.0,0.0,0.0,0.0,0.0,0.0,0.0,0.0,2661.0,306.0,1708.0,170.0,0.64,0.0,0.55,0.0,29.49230769230769,0,0.0,0.0,0.0,3.0,0.0,0.0,0.0,0.0
MT,2022-09-10,2022,36,109,0.0,0.0,0.0,0.0,0.0,0.0,0.0,0.0,2625.0,307.0,1659.0,160.0,0.63,0.0,0.52,0.0,29.49230769230769,0,0.0,0.0,0.0,2.0,0.0,0.0,0.0,0.0
MT,2022-09-17,2022,37,110,0.0,0.0,1.0,0.0,0.0,0.0,0.0,0.0,2640.0,307.0,1714.0,163.0,0.65,0.0,0.53,0.0,29.49230769230769,0,0.0,0.0,0.0,0.0,0.0,0.0,0.0,0.0
MT,2022-09-24,2022,38,111,0.0,0.0,0.0,0.0,0.0,0.0,0.0,0.0,2645.0,306.0,1733.0,173.0,0.66,0.0,0.57,0.0,29.49230769230769,0,0.0,0.0,0.0,0.0,0.0,0.0,0.0,0.0
MT,2022-10-01,2022,39,112,0.0,0.0,2.0,0.0,0.0,0.0,0.0,0.0,2629.0,307.0,1728.0,170.0,0.66,0.0,0.55,0.0,29.49230769230769,0,0.0,0.0,0.0,0.0,0.0,0.0,0.0,0.0
MT,2022-10-08,2022,40,113,0.0,0.0,0.0,0.0,0.0,0.0,0.0,0.0,2637.0,307.0,1685.0,156.0,0.64,0.0,0.51,0.0,29.49230769230769,0,0.0,0.0,0.0,0.0,0.0,0.0,0.0,0.0
MT,2022-10-15,2022,41,114,0.0,0.0,0.0,0.0,0.0,0.0,0.0,0.0,2639.0,307.0,1698.0,174.0,0.64,0.0,0.57,0.0,29.49230769230769,0,0.0,0.0,0.0,0.0,0.0,0.0,0.0,0.0
MT,2022-10-22,2022,42,115,0.0,0.0,0.0,0.0,0.0,0.0,0.0,0.0,2643.0,307.0,1710.0,169.0,0.65,0.0,0.55,0.0,29.49230769230769,0,0.0,0.0,0.0,0.0,0.0,0.0,0.0,0.0
MT,2022-10-29,2022,43,116,1.0,0.0,3.0,0.0,0.0,0.0,0.0,0.0,2645.0,307.0,1729.0,172.0,0.65,0.0,0.56,0.0,29.49230769230769,0,0.0,0.0,0.0,0.0,0.0,0.0,0.0,0.0
MT,2022-11-05,2022,44,117,2.0,2.0,6.0,0.0,0.0,0.0,0.0,0.0,2644.0,307.0,1707.0,163.0,0.65,0.0,0.53,0.01,29.49230769230769,0,1.0,0.0,0.0,0.0,0.0,0.0,0.0,0.0
MT,2022-11-12,2022,45,118,3.0,1.0,11.0,0.0,0.0,0.0,0.0,0.0,2636.0,308.0,1664.0,154.0,0.63,0.0,0.5,0.0,29.49230769230769,0,2.0,1.0,0.0,0.0,0.0,0.0,0.0,0.0
MT,2022-11-19,2022,46,119,4.0,0.0,13.0,0.0,0.0,0.0,0.0,0.0,2636.0,307.0,1662.0,155.0,0.63,0.0,0.5,0.0,29.49230769230769,0,3.0,2.0,0.0,0.0,0.0,0.0,0.0,0.0
MT,2022-11-26,2022,47,120,14.0,1.0,44.0,0.0,0.0,0.0,0.0,0.0,2628.0,306.0,1616.0,153.0,0.62,0.01,0.5,0.0,29.49230769230769,0,4.0,3.0,1.0,0.0,0.0,0.0,0.0,0.0
MT,2022-12-03,2022,48,121,32.0,5.0,65.0,0.0,0.0,0.0,0.0,0.0,2637.0,305.0,1720.0,174.0,0.65,0.01,0.57,0.02,29.49230769230769,1,14.0,4.0,2.0,0.0,0.01,0.0,0.0,0.0
MT,2022-12-10,2022,49,122,57.0,7.0,100.0,0.0,0.0,0.0,0.0,0.0,2643.0,305.0,1794.0,184.0,0.68,0.02,0.6,0.02,29.49230769230769,1,32.0,14.0,3.0,0.0,0.01,0.01,0.0,0.0
MT,2022-12-17,2022,50,123,56.0,7.0,99.0,0.0,0.0,0.0,0.0,0.0,2652.0,307.0,1799.0,186.0,0.68,0.02,0.6,0.02,29.49230769230769,1,57.0,32.0,4.0,0.0,0.02,0.01,0.0,0.0
MT,2022-12-24,2022,51,124,49.0,7.0,60.0,0.0,0.0,0.0,0.0,0.0,2541.0,303.0,1708.0,185.0,0.67,0.02,0.61,0.02,29.49230769230769,1,56.0,57.0,14.0,1.0,0.02,0.02,0.01,0.0
MT,2022-12-31,2022,52,125,56.0,8.0,91.0,0.0,0.0,0.0,0.0,0.0,2541.0,304.0,1731.0,180.0,0.68,0.02,0.59,0.03,29.49230769230769,1,49.0,56.0,32.0,2.0,0.02,0.02,0.01,0.0
NC,2020-10-03,2020,40,8,12.5,2.0,17.0,1.5,8.5,10.5,9.0,9.0,28438.0,3447.0,21200.0,2503.0,0.75,0.0,0.73,0.0,36.841981132075475,0,12.5,12.5,12.5,12.5,0.0,0.0,0.0,0.0
NC,2020-10-10,2020,41,9,12.5,2.0,17.0,1.5,8.5,10.5,9.0,9.0,26154.0,3206.0,19434.0,2288.0,0.74,0.0,0.71,0.0,36.841981132075475,0,12.5,12.5,12.5,12.5,0.0,0.0,0.0,0.0
NC,2020-10-17,2020,42,10,0.0,0.0,0.0,1.5,8.5,10.5,9.0,9.0,26216.0,3208.0,19773.0,2422.0,0.75,0.0,0.76,0.0,36.841981132075475,0,12.5,12.5,12.5,12.5,0.0,0.0,0.0,0.0
NC,2020-10-24,2020,43,11,5.0,1.0,7.0,1.5,8.5,10.5,9.0,9.0,26207.0,3202.0,19784.0,2443.0,0.75,0.0,0.76,0.0,36.841981132075475,0,0.0,12.5,12.5,12.5,0.0,0.0,0.0,0.0
NC,2020-10-31,2020,44,12,9.0,3.0,12.0,1.5,8.5,10.5,9.0,9.0,25995.0,3197.0,19486.0,2443.0,0.75,0.0,0.76,0.0,36.841981132075475,0,5.0,0.0,12.5,12.5,0.0,0.0,0.0,0.0
NC,2020-11-07,2020,45,13,7.0,2.0,8.0,1.5,8.5,10.5,9.0,9.0,26054.0,3214.0,19110.0,2427.0,0.73,0.0,0.76,0.0,36.841981132075475,0,9.0,5.0,12.5,12.5,0.0,0.0,0.0,0.0
NC,2020-11-14,2020,46,14,7.0,2.0,8.0,1.5,8.5,10.5,9.0,9.0,26024.0,3244.0,19455.0,2433.0,0.75,0.0,0.75,0.0,36.841981132075475,0,7.0,9.0,0.0,12.5,0.0,0.0,0.0,0.0
NC,2020-11-21,2020,47,15,15.0,3.0,18.0,1.5,8.5,10.5,9.0,9.0,26177.0,3276.0,19376.0,2458.0,0.74,0.0,0.75,0.0,36.841981132075475,0,7.0,7.0,5.0,12.5,0.0,0.0,0.0,0.0
NC,2020-11-28,2020,48,16,14.0,1.0,19.0,1.5,8.5,10.5,9.0,9.0,26005.0,3208.0,18527.0,2394.0,0.71,0.0,0.75,0.0,36.841981132075475,0,15.0,7.0,9.0,12.5,0.0,0.0,0.0,0.0
NC,2020-12-05,2020,49,17,16.0,3.0,9.0,1.5,8.5,10.5,9.0,9.0,26025.0,3253.0,19555.0,2501.0,0.75,0.0,0.77,0.0,36.841981132075475,0,14.0,15.0,7.0,12.5,0.0,0.0,0.0,0.0
NC,2020-12-12,2020,50,18,13.0,2.0,11.0,1.5,8.5,10.5,9.0,9.0,25963.0,3347.0,19842.0,2645.0,0.76,0.0,0.79,0.0,36.841981132075475,0,16.0,14.0,7.0,0.0,0.0,0.0,0.0,0.0
NC,2020-12-19,2020,51,19,11.0,2.0,8.0,1.5,8.5,10.5,9.0,9.0,25826.0,3363.0,19887.0,2703.0,0.77,0.0,0.8,0.0,36.841981132075475,0,13.0,16.0,15.0,5.0,0.0,0.0,0.0,0.0
NC,2020-12-26,2020,52,20,10.0,2.0,10.0,1.5,8.5,10.5,9.0,9.0,25771.0,3349.0,18861.0,2657.0,0.73,0.0,0.79,0.0,36.841981132075475,0,11.0,13.0,14.0,9.0,0.0,0.0,0.0,0.0
NC,2021-01-02,2021,53,21,19.0,4.0,15.0,1.5,8.5,10.5,9.0,9.0,25820.0,3341.0,19391.0,2686.0,0.75,0.0,0.8,0.0,36.33559322033898,0,10.0,11.0,16.0,7.0,0.0,0.0,0.0,0.0
NC,2021-01-09,2021,1,22,17.0,3.0,12.0,1.5,8.5,10.5,9.0,9.0,25880.0,3358.0,20089.0,2766.0,0.78,0.0,0.82,0.0,36.33559322033898,0,19.0,10.0,13.0,7.0,0.0,0.0,0.0,0.0
NC,2021-01-16,2021,2,23,17.0,3.0,24.0,1.5,8.5,10.5,9.0,9.0,25922.0,3360.0,20059.0,2785.0,0.77,0.0,0.83,0.0,36.33559322033898,0,17.0,19.0,11.0,15.0,0.0,0.0,0.0,0.0
NC,2021-01-23,2021,3,24,10.0,2.0,4.0,1.5,8.5,10.5,9.0,9.0,26041.0,3381.0,20188.0,2801.0,0.78,0.0,0.83,0.0,36.33559322033898,0,17.0,17.0,10.0,14.0,0.0,0.0,0.0,0.0
NC,2021-01-30,2021,4,25,13.0,2.0,10.0,1.5,8.5,10.5,9.0,9.0,26192.0,3383.0,20013.0,2728.0,0.76,0.0,0.81,0.0,36.33559322033898,0,10.0,17.0,19.0,16.0,0.0,0.0,0.0,0.0
NC,2021-02-06,2021,5,26,10.0,4.0,4.0,1.5,8.5,10.5,9.0,9.0,26236.0,3385.0,19676.0,2718.0,0.75,0.0,0.8,0.0,36.33559322033898,0,13.0,10.0,17.0,13.0,0.0,0.0,0.0,0.0
NC,2021-02-13,2021,6,27,9.0,4.0,3.0,1.5,8.5,10.5,9.0,9.0,26175.0,3381.0,19586.0,2646.0,0.75,0.0,0.78,0.0,36.33559322033898,0,10.0,13.0,17.0,11.0,0.0,0.0,0.0,0.0
NC,2021-02-20,2021,7,28,12.0,4.0,8.0,1.5,8.5,10.5,9.0,9.0,26139.0,3381.0,19347.0,2580.0,0.74,0.0,0.76,0.0,36.33559322033898,0,9.0,10.0,10.0,10.0,0.0,0.0,0.0,0.0
NC,2021-02-27,2021,8,29,8.0,2.0,8.0,1.5,8.5,10.5,9.0,9.0,26113.0,3385.0,19030.0,2465.0,0.73,0.0,0.73,0.0,36.33559322033898,0,12.0,9.0,13.0,19.0,0.0,0.0,0.0,0.0
NC,2021-03-06,2021,9,30,5.0,1.0,4.0,1.5,8.5,10.5,9.0,9.0,26156.0,3379.0,19019.0,2449.0,0.73,0.0,0.72,0.0,36.33559322033898,0,8.0,12.0,10.0,17.0,0.0,0.0,0.0,0.0
NC,2021-03-13,2021,10,31,8.0,1.0,5.0,1.5,8.5,10.5,9.0,9.0,26168.0,3366.0,18882.0,2417.0,0.72,0.0,0.72,0.0,36.33559322033898,0,5.0,8.0,9.0,17.0,0.0,0.0,0.0,0.0
NC,2021-03-20,2021,11,32,9.0,1.0,6.0,1.5,8.5,10.5,9.0,9.0,26175.0,3361.0,19208.0,2449.0,0.73,0.0,0.73,0.0,36.33559322033898,0,8.0,5.0,12.0,10.0,0.0,0.0,0.0,0.0
NC,2021-03-27,2021,12,33,5.0,0.0,3.0,1.5,8.5,10.5,9.0,9.0,26195.0,3364.0,19395.0,2441.0,0.74,0.0,0.73,0.0,36.33559322033898,0,9.0,8.0,8.0,13.0,0.0,0.0,0.0,0.0
NC,2021-04-03,2021,13,34,5.0,0.0,1.0,1.5,8.5,10.5,9.0,9.0,26155.0,3345.0,19039.0,2405.0,0.73,0.0,0.72,0.0,36.33559322033898,0,5.0,9.0,5.0,10.0,0.0,0.0,0.0,0.0
NC,2021-04-10,2021,14,35,6.0,0.0,3.0,1.5,8.5,10.5,9.0,9.0,26064.0,3337.0,18974.0,2410.0,0.73,0.0,0.72,0.0,36.33559322033898,0,5.0,5.0,8.0,9.0,0.0,0.0,0.0,0.0
NC,2021-04-17,2021,15,36,6.0,0.0,10.0,1.5,8.5,10.5,9.0,9.0,26072.0,3342.0,19482.0,2488.0,0.75,0.0,0.74,0.0,36.33559322033898,0,6.0,5.0,9.0,12.0,0.0,0.0,0.0,0.0
NC,2021-04-24,2021,16,37,11.0,1.0,57.0,1.5,8.5,10.5,9.0,9.0,26048.0,3346.0,19562.0,2507.0,0.75,0.0,0.75,0.0,36.33559322033898,0,6.0,6.0,5.0,8.0,0.0,0.0,0.0,0.0
NC,2021-05-01,2021,17,38,18.0,3.0,102.0,1.5,8.5,10.5,9.0,9.0,25987.0,3335.0,19636.0,2536.0,0.76,0.0,0.76,0.0,36.33559322033898,0,11.0,6.0,5.0,5.0,0.0,0.0,0.0,0.0
NC,2021-05-08,2021,18,39,8.0,1.0,34.0,1.5,8.5,10.5,9.0,9.0,25977.0,3325.0,19518.0,2520.0,0.75,0.0,0.76,0.0,36.33559322033898,0,18.0,11.0,6.0,8.0,0.0,0.0,0.0,0.0
NC,2021-05-15,2021,19,40,7.0,1.0,15.0,1.5,8.5,10.5,9.0,9.0,25891.0,3320.0,19307.0,2485.0,0.75,0.0,0.75,0.0,36.33559322033898,0,8.0,18.0,6.0,9.0,0.0,0.0,0.0,0.0
NC,2021-05-22,2021,20,41,8.0,2.0,12.0,1.5,8.5,10.5,9.0,9.0,29481.0,3811.0,21946.0,2884.0,0.74,0.0,0.76,0.0,36.33559322033898,0,7.0,8.0,11.0,5.0,0.0,0.0,0.0,0.0
NC,2021-05-29,2021,21,42,6.0,1.0,6.0,1.5,8.5,10.5,9.0,9.0,24357.0,3179.0,18199.0,2449.0,0.75,0.0,0.77,0.0,36.33559322033898,0,8.0,7.0,18.0,5.0,0.0,0.0,0.0,0.0
NC,2021-06-05,2021,22,43,3.0,0.0,1.0,1.5,8.5,10.5,9.0,9.0,21625.0,2819.0,15794.0,2110.0,0.73,0.0,0.75,0.0,36.33559322033898,0,6.0,8.0,8.0,6.0,0.0,0.0,0.0,0.0
NC,2021-06-12,2021,23,44,4.0,0.0,9.0,1.5,8.5,10.5,9.0,9.0,21599.0,2800.0,16163.0,2154.0,0.75,0.0,0.77,0.0,36.33559322033898,0,3.0,6.0,7.0,6.0,0.0,0.0,0.0,0.0
NC,2021-06-19,2021,24,45,4.0,0.0,6.0,1.5,8.5,10.5,9.0,9.0,21626.0,2795.0,16173.0,2134.0,0.75,0.0,0.76,0.0,36.33559322033898,0,4.0,3.0,8.0,11.0,0.0,0.0,0.0,0.0
NC,2021-06-26,2021,25,46,4.0,0.0,6.0,1.5,8.5,10.5,9.0,9.0,21583.0,2786.0,16158.0,2090.0,0.75,0.0,0.75,0.0,36.33559322033898,0,4.0,4.0,6.0,18.0,0.0,0.0,0.0,0.0
NC,2021-07-03,2021,26,47,3.0,0.0,5.0,1.5,8.5,10.5,9.0,9.0,21476.0,2785.0,15774.0,2074.0,0.73,0.0,0.74,0.0,36.33559322033898,0,4.0,4.0,3.0,8.0,0.0,0.0,0.0,0.0
NC,2021-07-10,2021,27,48,3.0,0.0,4.0,1.5,8.5,10.5,9.0,9.0,21471.0,2775.0,15713.0,2062.0,0.73,0.0,0.74,0.0,36.33559322033898,0,3.0,4.0,4.0,7.0,0.0,0.0,0.0,0.0
NC,2021-07-17,2021,28,49,4.0,0.0,6.0,1.5,8.5,10.5,9.0,9.0,21499.0,2771.0,16234.0,2113.0,0.76,0.0,0.76,0.0,36.33559322033898,0,3.0,3.0,4.0,8.0,0.0,0.0,0.0,0.0
NC,2021-07-24,2021,29,50,4.0,0.0,8.0,1.5,8.5,10.5,9.0,9.0,21442.0,2767.0,16318.0,2122.0,0.76,0.0,0.77,0.0,36.33559322033898,0,4.0,3.0,4.0,6.0,0.0,0.0,0.0,0.0
NC,2021-07-31,2021,30,51,4.0,0.0,10.0,1.5,8.5,10.5,9.0,9.0,21432.0,2759.0,16472.0,2158.0,0.77,0.0,0.78,0.0,36.33559322033898,0,4.0,4.0,3.0,3.0,0.0,0.0,0.0,0.0
NC,2021-08-07,2021,31,52,4.0,0.0,3.0,1.5,8.5,10.5,9.0,9.0,21426.0,2759.0,16531.0,2197.0,0.77,0.0,0.8,0.0,36.33559322033898,0,4.0,4.0,3.0,4.0,0.0,0.0,0.0,0.0
NC,2021-08-14,2021,32,53,5.0,0.0,15.0,1.5,8.5,10.5,9.0,9.0,21416.0,2753.0,16760.0,2270.0,0.78,0.0,0.82,0.0,36.33559322033898,0,4.0,4.0,4.0,4.0,0.0,0.0,0.0,0.0
NC,2021-08-21,2021,33,54,6.0,1.0,8.0,1.5,8.5,10.5,9.0,9.0,21372.0,2771.0,16819.0,2312.0,0.79,0.0,0.83,0.0,36.33559322033898,0,5.0,4.0,4.0,4.0,0.0,0.0,0.0,0.0
NC,2021-08-28,2021,34,55,7.0,3.0,4.0,1.5,8.5,10.5,9.0,9.0,21391.0,2805.0,16856.0,2363.0,0.79,0.0,0.84,0.0,36.33559322033898,0,6.0,5.0,4.0,3.0,0.0,0.0,0.0,0.0
NC,2021-09-04,2021,35,56,8.0,3.0,8.0,1.5,8.5,10.5,9.0,9.0,21278.0,2803.0,16657.0,2356.0,0.78,0.0,0.84,0.0,36.33559322033898,0,7.0,6.0,4.0,3.0,0.0,0.0,0.0,0.0
NC,2021-09-11,2021,36,57,5.0,1.0,13.0,1.5,8.5,10.5,9.0,9.0,21458.0,2819.0,16855.0,2395.0,0.79,0.0,0.85,0.0,36.33559322033898,0,8.0,7.0,5.0,4.0,0.0,0.0,0.0,0.0
NC,2021-09-18,2021,37,58,6.0,1.0,13.0,1.5,8.5,10.5,9.0,9.0,21468.0,2840.0,16971.0,2404.0,0.79,0.0,0.85,0.0,36.33559322033898,0,5.0,8.0,6.0,4.0,0.0,0.0,0.0,0.0
NC,2021-09-25,2021,38,59,5.0,1.0,5.0,1.5,8.5,10.5,9.0,9.0,21481.0,2847.0,16972.0,2387.0,0.79,0.0,0.84,0.0,36.33559322033898,0,6.0,5.0,7.0,4.0,0.0,0.0,0.0,0.0
NC,2021-10-02,2021,39,60,6.0,1.0,15.0,1.5,8.5,10.5,9.0,9.0,21491.0,2842.0,16910.0,2382.0,0.79,0.0,0.84,0.0,36.33559322033898,0,5.0,6.0,8.0,4.0,0.0,0.0,0.0,0.0
NC,2021-10-09,2021,40,61,5.0,0.0,8.0,1.5,8.5,10.5,9.0,9.0,21560.0,2857.0,16870.0,2354.0,0.78,0.0,0.82,0.0,36.33559322033898,0,6.0,5.0,5.0,5.0,0.0,0.0,0.0,0.0
NC,2021-10-16,2021,41,62,10.0,1.0,25.0,1.5,8.5,10.5,9.0,9.0,21470.0,2810.0,16726.0,2245.0,0.78,0.0,0.8,0.0,36.33559322033898,0,5.0,6.0,6.0,6.0,0.0,0.0,0.0,0.0
NC,2021-10-23,2021,42,63,11.0,1.0,34.0,1.5,8.5,10.5,9.0,9.0,21248.0,2764.0,16700.0,2243.0,0.79,0.0,0.81,0.0,36.33559322033898,0,10.0,5.0,5.0,7.0,0.0,0.0,0.0,0.0
NC,2021-10-30,2021,43,64,11.0,2.0,38.0,1.5,8.5,10.5,9.0,9.0,21177.0,2745.0,16637.0,2188.0,0.79,0.0,0.8,0.0,36.33559322033898,0,11.0,10.0,6.0,8.0,0.0,0.0,0.0,0.0
NC,2021-11-06,2021,44,65,9.0,2.0,51.0,1.5,8.5,10.5,9.0,9.0,22404.0,2881.0,17453.0,2270.0,0.78,0.0,0.79,0.0,36.33559322033898,0,11.0,11.0,5.0,5.0,0.0,0.0,0.0,0.0
NC,2021-11-13,2021,45,66,4.0,2.0,3.0,1.5,8.5,10.5,9.0,9.0,21220.0,2739.0,16538.0,2160.0,0.78,0.0,0.79,0.0,36.33559322033898,0,9.0,11.0,10.0,6.0,0.0,0.0,0.0,0.0
NC,2021-11-20,2021,46,67,4.0,1.0,3.0,1.5,8.5,10.5,9.0,9.0,21269.0,2739.0,16721.0,2146.0,0.79,0.0,0.78,0.0,36.33559322033898,0,4.0,9.0,11.0,5.0,0.0,0.0,0.0,0.0
NC,2021-11-27,2021,47,68,7.0,2.0,18.0,1.5,8.5,10.5,9.0,9.0,21167.0,2727.0,15922.0,2077.0,0.75,0.0,0.76,0.0,36.33559322033898,0,4.0,4.0,11.0,6.0,0.0,0.0,0.0,0.0
NC,2021-12-04,2021,48,69,13.0,0.0,19.0,1.5,8.5,10.5,9.0,9.0,21229.0,2726.0,16665.0,2160.0,0.78,0.0,0.79,0.0,36.33559322033898,0,7.0,4.0,9.0,5.0,0.0,0.0,0.0,0.0
NC,2021-12-11,2021,49,70,17.0,2.0,36.0,1.5,8.5,10.5,9.0,9.0,21254.0,2737.0,16991.0,2235.0,0.8,0.0,0.82,0.0,36.33559322033898,0,13.0,7.0,4.0,10.0,0.0,0.0,0.0,0.0
NC,2021-12-18,2021,50,71,19.0,4.0,41.0,1.5,8.5,10.5,9.0,9.0,21234.0,2747.0,16830.0,2263.0,0.79,0.0,0.82,0.0,36.33559322033898,0,17.0,13.0,4.0,11.0,0.0,0.0,0.0,0.0
NC,2021-12-25,2021,51,72,29.0,6.0,92.0,1.5,8.5,10.5,9.0,9.0,21085.0,2731.0,16017.0,2164.0,0.76,0.0,0.79,0.0,36.33559322033898,0,19.0,17.0,7.0,11.0,0.0,0.0,0.0,0.0
NC,2022-01-01,2022,52,73,45.0,3.0,162.0,1.5,8.5,10.5,9.0,9.0,21074.0,2743.0,16709.0,2189.0,0.79,0.0,0.8,0.0,35.0065934065934,0,29.0,19.0,13.0,9.0,0.0,0.0,0.0,0.0
NC,2022-01-08,2022,1,74,45.0,3.0,180.0,1.5,8.5,10.5,9.0,9.0,21058.0,2755.0,16901.0,2260.0,0.8,0.0,0.82,0.0,35.0065934065934,0,45.0,29.0,17.0,4.0,0.0,0.0,0.0,0.0
NC,2022-01-15,2022,2,75,31.0,5.0,128.0,1.5,8.5,10.5,9.0,9.0,21129.0,2752.0,16942.0,2279.0,0.8,0.0,0.83,0.0,35.0065934065934,0,45.0,45.0,19.0,4.0,0.0,0.0,0.0,0.0
NC,2022-01-22,2022,3,76,20.0,2.0,47.0,1.5,8.5,10.5,9.0,9.0,21141.0,2772.0,16877.0,2281.0,0.8,0.0,0.82,0.0,35.0065934065934,0,31.0,45.0,29.0,7.0,0.0,0.0,0.0,0.0
NC,2022-01-29,2022,4,77,15.0,2.0,25.0,1.5,8.5,10.5,9.0,9.0,21270.0,2779.0,17249.0,2318.0,0.81,0.0,0.83,0.0,35.0065934065934,0,20.0,31.0,45.0,13.0,0.0,0.0,0.0,0.0
NC,2022-02-05,2022,5,78,23.0,6.0,48.0,1.5,8.5,10.5,9.0,9.0,21326.0,2786.0,17290.0,2320.0,0.81,0.0,0.83,0.0,35.0065934065934,0,15.0,20.0,45.0,17.0,0.0,0.0,0.0,0.0
NC,2022-02-12,2022,6,79,19.0,4.0,25.0,1.5,8.5,10.5,9.0,9.0,21342.0,2777.0,17098.0,2290.0,0.8,0.0,0.82,0.0,35.0065934065934,0,23.0,15.0,31.0,19.0,0.0,0.0,0.0,0.0
NC,2022-02-19,2022,7,80,19.0,1.0,34.0,1.5,8.5,10.5,9.0,9.0,21309.0,2753.0,16946.0,2208.0,0.8,0.0,0.8,0.0,35.0065934065934,0,19.0,23.0,20.0,29.0,0.0,0.0,0.0,0.0
NC,2022-02-26,2022,8,81,14.0,1.0,33.0,1.5,8.5,10.5,9.0,9.0,21280.0,2748.0,16720.0,2172.0,0.79,0.0,0.79,0.0,35.0065934065934,0,19.0,19.0,15.0,45.0,0.0,0.0,0.0,0.0
NC,2022-03-05,2022,9,82,16.0,2.0,44.0,1.5,8.5,10.5,9.0,9.0,21258.0,2731.0,16329.0,2086.0,0.77,0.0,0.76,0.0,35.0065934065934,0,14.0,19.0,23.0,45.0,0.0,0.0,0.0,0.0
NC,2022-03-12,2022,10,83,16.0,2.0,55.0,1.5,8.5,10.5,9.0,9.0,21213.0,2703.0,16293.0,2057.0,0.77,0.0,0.76,0.0,35.0065934065934,0,16.0,14.0,19.0,31.0,0.0,0.0,0.0,0.0
NC,2022-03-19,2022,11,84,13.0,2.0,14.0,1.5,8.5,10.5,9.0,9.0,21182.0,2694.0,16128.0,2006.0,0.76,0.0,0.74,0.0,35.0065934065934,0,16.0,16.0,19.0,20.0,0.0,0.0,0.0,0.0
NC,2022-03-26,2022,12,85,17.0,1.0,23.0,1.5,8.5,10.5,9.0,9.0,21113.0,2695.0,16094.0,2017.0,0.76,0.0,0.75,0.0,35.0065934065934,0,13.0,16.0,14.0,15.0,0.0,0.0,0.0,0.0
NC,2022-04-02,2022,13,86,17.0,1.0,28.0,1.5,8.5,10.5,9.0,9.0,21082.0,2675.0,15933.0,2046.0,0.76,0.0,0.76,0.0,35.0065934065934,0,17.0,13.0,16.0,23.0,0.0,0.0,0.0,0.0
NC,2022-04-09,2022,14,87,22.0,3.0,35.0,1.5,8.5,10.5,9.0,9.0,21126.0,2685.0,16034.0,2061.0,0.76,0.0,0.77,0.0,35.0065934065934,0,17.0,17.0,16.0,19.0,0.0,0.0,0.0,0.0
NC,2022-04-16,2022,15,88,29.0,4.0,57.0,1.5,8.5,10.5,9.0,9.0,21490.0,2716.0,16230.0,2067.0,0.76,0.0,0.76,0.0,35.0065934065934,0,22.0,17.0,13.0,19.0,0.0,0.0,0.0,0.0
NC,2022-04-23,2022,16,89,32.0,4.0,45.0,1.5,8.5,10.5,9.0,9.0,21105.0,2648.0,15794.0,1983.0,0.75,0.0,0.75,0.0,35.0065934065934,0,29.0,22.0,17.0,14.0,0.0,0.0,0.0,0.0
NC,2022-04-30,2022,17,90,28.0,3.0,63.0,1.5,8.5,10.5,9.0,9.0,21072.0,2650.0,15904.0,1990.0,0.75,0.0,0.75,0.0,35.0065934065934,0,32.0,29.0,17.0,16.0,0.0,0.0,0.0,0.0
NC,2022-05-07,2022,18,91,27.0,5.0,51.0,1.5,8.5,10.5,9.0,9.0,21121.0,2662.0,15963.0,1996.0,0.76,0.0,0.75,0.0,35.0065934065934,0,28.0,32.0,22.0,16.0,0.0,0.0,0.0,0.0
NC,2022-05-14,2022,19,92,23.0,2.0,37.0,1.5,8.5,10.5,9.0,9.0,21118.0,2668.0,16063.0,2037.0,0.76,0.0,0.76,0.0,35.0065934065934,0,27.0,28.0,29.0,13.0,0.0,0.0,0.0,0.0
NC,2022-05-21,2022,20,93,28.0,2.0,45.0,1.5,8.5,10.5,9.0,9.0,21101.0,2648.0,16164.0,2012.0,0.77,0.0,0.76,0.0,35.0065934065934,0,23.0,27.0,32.0,17.0,0.0,0.0,0.0,0.0
NC,2022-05-28,2022,21,94,23.0,2.0,40.0,1.5,8.5,10.5,9.0,9.0,21085.0,2658.0,16073.0,2040.0,0.76,0.0,0.77,0.0,35.0065934065934,0,28.0,23.0,28.0,17.0,0.0,0.0,0.0,0.0
NC,2022-06-04,2022,22,95,26.0,1.0,22.0,1.5,8.5,10.5,9.0,9.0,21083.0,2647.0,15944.0,2032.0,0.76,0.0,0.77,0.0,35.0065934065934,0,23.0,28.0,27.0,22.0,0.0,0.0,0.0,0.0
NC,2022-06-11,2022,23,96,30.0,3.0,43.0,1.5,8.5,10.5,9.0,9.0,21110.0,2642.0,16149.0,2027.0,0.76,0.0,0.77,0.0,35.0065934065934,0,26.0,23.0,23.0,29.0,0.0,0.0,0.0,0.0
NC,2022-06-18,2022,24,97,24.0,3.0,59.0,1.5,8.5,10.5,9.0,9.0,21088.0,2631.0,16144.0,2034.0,0.77,0.0,0.77,0.0,35.0065934065934,0,30.0,26.0,28.0,32.0,0.0,0.0,0.0,0.0
NC,2022-06-25,2022,25,98,26.0,5.0,58.0,1.5,8.5,10.5,9.0,9.0,21045.0,2635.0,16015.0,2029.0,0.76,0.0,0.77,0.0,35.0065934065934,0,24.0,30.0,23.0,28.0,0.0,0.0,0.0,0.0
NC,2022-07-02,2022,26,99,15.0,5.0,38.0,1.5,8.5,10.5,9.0,9.0,20979.0,2649.0,16090.0,2057.0,0.77,0.0,0.78,0.0,35.0065934065934,0,26.0,24.0,26.0,27.0,0.0,0.0,0.0,0.0
NC,2022-07-09,2022,27,100,14.0,2.0,15.0,1.5,8.5,10.5,9.0,9.0,20819.0,2647.0,15881.0,2059.0,0.76,0.0,0.78,0.0,35.0065934065934,0,15.0,26.0,30.0,23.0,0.0,0.0,0.0,0.0
NC,2022-07-16,2022,28,101,14.0,2.0,41.0,1.5,8.5,10.5,9.0,9.0,20921.0,2643.0,16258.0,2098.0,0.78,0.0,0.79,0.0,35.0065934065934,0,14.0,15.0,24.0,28.0,0.0,0.0,0.0,0.0
NC,2022-07-23,2022,29,102,13.0,2.0,38.0,1.5,8.5,10.5,9.0,9.0,20944.0,2627.0,16347.0,2082.0,0.78,0.0,0.79,0.0,35.0065934065934,0,14.0,14.0,26.0,23.0,0.0,0.0,0.0,0.0
NC,2022-07-30,2022,30,103,5.0,1.0,11.0,1.5,8.5,10.5,9.0,9.0,20969.0,2615.0,16336.0,2084.0,0.78,0.0,0.8,0.0,35.0065934065934,0,13.0,14.0,15.0,26.0,0.0,0.0,0.0,0.0
NC,2022-08-06,2022,31,104,4.0,1.0,1.0,1.5,8.5,10.5,9.0,9.0,21006.0,2633.0,16355.0,2113.0,0.78,0.0,0.8,0.0,35.0065934065934,0,5.0,13.0,14.0,30.0,0.0,0.0,0.0,0.0
NC,2022-08-13,2022,32,105,5.0,0.0,9.0,1.5,8.5,10.5,9.0,9.0,20973.0,2623.0,16352.0,2097.0,0.78,0.0,0.8,0.0,35.0065934065934,0,4.0,5.0,14.0,24.0,0.0,0.0,0.0,0.0
NC,2022-08-20,2022,33,106,12.0,2.0,12.0,1.5,8.5,10.5,9.0,9.0,20975.0,2630.0,16448.0,2126.0,0.78,0.0,0.81,0.0,35.0065934065934,0,5.0,4.0,13.0,26.0,0.0,0.0,0.0,0.0
NC,2022-08-27,2022,34,107,9.0,2.0,11.0,1.5,8.5,10.5,9.0,9.0,20983.0,2632.0,16546.0,2133.0,0.79,0.0,0.81,0.0,35.0065934065934,0,12.0,5.0,5.0,15.0,0.0,0.0,0.0,0.0
NC,2022-09-03,2022,35,108,8.0,2.0,6.0,1.5,8.5,10.5,9.0,9.0,20982.0,2638.0,16479.0,2129.0,0.79,0.0,0.81,0.0,35.0065934065934,0,9.0,12.0,4.0,14.0,0.0,0.0,0.0,0.0
NC,2022-09-10,2022,36,109,9.0,3.0,13.0,1.5,8.5,10.5,9.0,9.0,20954.0,2630.0,16304.0,2099.0,0.78,0.0,0.8,0.0,35.0065934065934,0,8.0,9.0,5.0,14.0,0.0,0.0,0.0,0.0
NC,2022-09-17,2022,37,110,9.0,3.0,17.0,1.5,8.5,10.5,9.0,9.0,20987.0,2645.0,16618.0,2121.0,0.79,0.0,0.8,0.0,35.0065934065934,0,9.0,8.0,12.0,13.0,0.0,0.0,0.0,0.0
NC,2022-09-24,2022,38,111,7.0,1.0,11.0,1.5,8.5,10.5,9.0,9.0,20977.0,2639.0,16428.0,2098.0,0.78,0.0,0.8,0.0,35.0065934065934,0,9.0,9.0,9.0,5.0,0.0,0.0,0.0,0.0
NC,2022-10-01,2022,39,112,11.0,1.0,21.0,1.5,8.5,10.5,9.0,9.0,21005.0,2632.0,16347.0,2100.0,0.78,0.0,0.8,0.0,35.0065934065934,0,7.0,9.0,8.0,4.0,0.0,0.0,0.0,0.0
NC,2022-10-08,2022,40,113,9.0,1.0,20.0,1.5,8.5,10.5,9.0,9.0,21001.0,2641.0,16349.0,2141.0,0.78,0.0,0.81,0.0,35.0065934065934,0,11.0,7.0,9.0,5.0,0.0,0.0,0.0,0.0
NC,2022-10-15,2022,41,114,20.0,2.0,34.0,1.5,8.5,10.5,9.0,9.0,21016.0,2625.0,16405.0,2137.0,0.78,0.0,0.81,0.0,35.0065934065934,0,9.0,11.0,9.0,12.0,0.0,0.0,0.0,0.0
NC,2022-10-22,2022,42,115,43.0,6.0,71.0,1.5,8.5,10.5,9.0,9.0,21046.0,2623.0,16562.0,2138.0,0.79,0.0,0.82,0.0,35.0065934065934,0,20.0,9.0,7.0,9.0,0.0,0.0,0.0,0.0
NC,2022-10-29,2022,43,116,92.0,12.0,185.0,1.5,8.5,10.5,9.0,9.0,21038.0,2620.0,16629.0,2114.0,0.79,0.0,0.81,0.0,35.0065934065934,0,43.0,20.0,11.0,8.0,0.0,0.0,0.0,0.0
NC,2022-11-05,2022,44,117,206.0,27.0,283.0,1.5,8.5,10.5,9.0,9.0,20917.0,2636.0,16517.0,2150.0,0.79,0.01,0.82,0.01,35.0065934065934,1,92.0,43.0,9.0,9.0,0.0,0.0,0.0,0.0
NC,2022-11-12,2022,45,118,275.0,38.0,351.0,1.5,8.5,10.5,9.0,9.0,20700.0,2632.0,16563.0,2154.0,0.8,0.01,0.82,0.01,35.0065934065934,1,206.0,92.0,20.0,9.0,0.01,0.0,0.0,0.0
NC,2022-11-19,2022,46,119,297.0,39.0,369.0,1.5,8.5,10.5,9.0,9.0,20648.0,2598.0,16436.0,2146.0,0.8,0.01,0.83,0.01,35.0065934065934,1,275.0,206.0,43.0,7.0,0.01,0.01,0.0,0.0
NC,2022-11-26,2022,47,120,308.0,35.0,430.0,1.5,8.5,10.5,9.0,9.0,20545.0,2621.0,16004.0,2108.0,0.78,0.02,0.8,0.01,35.0065934065934,1,297.0,275.0,92.0,11.0,0.01,0.01,0.0,0.0
NC,2022-12-03,2022,48,121,493.0,58.0,638.0,1.5,8.5,10.5,9.0,9.0,20607.0,2628.0,16796.0,2219.0,0.82,0.02,0.84,0.02,35.0065934065934,1,308.0,297.0,206.0,9.0,0.02,0.01,0.01,0.0
NC,2022-12-10,2022,49,122,398.0,45.0,395.0,1.5,8.5,10.5,9.0,9.0,20585.0,2618.0,16759.0,2221.0,0.81,0.02,0.85,0.02,35.0065934065934,1,493.0,308.0,275.0,20.0,0.02,0.02,0.01,0.0
NC,2022-12-17,2022,50,123,288.0,47.0,319.0,1.5,8.5,10.5,9.0,9.0,20278.0,2560.0,16532.0,2143.0,0.82,0.01,0.84,0.02,35.0065934065934,1,398.0,493.0,297.0,43.0,0.02,0.02,0.01,0.0
NC,2022-12-24,2022,51,124,230.0,30.0,298.0,1.5,8.5,10.5,9.0,9.0,19985.0,2524.0,16001.0,2099.0,0.8,0.01,0.83,0.01,35.0065934065934,1,288.0,398.0,308.0,92.0,0.01,0.02,0.02,0.0
NC,2022-12-31,2022,52,125,240.0,35.0,299.0,1.5,8.5,10.5,9.0,9.0,19992.0,2498.0,15899.0,2100.0,0.8,0.01,0.84,0.01,35.0065934065934,1,230.0,288.0,493.0,206.0,0.01,0.01,0.02,0.01
ND,2020-10-03,2020,40,8,2.0,0.0,2.0,0.0,0.0,0.0,0.0,0.0,3332.0,535.0,2369.0,258.0,0.71,0.0,0.48,0.0,40.54522613065327,0,2.0,2.0,2.0,2.0,0.0,0.0,0.0,0.0
ND,2020-10-10,2020,41,9,2.0,0.0,2.0,0.0,0.0,0.0,0.0,0.0,3179.0,512.0,2333.0,262.0,0.73,0.0,0.51,0.0,40.54522613065327,0,2.0,2.0,2.0,2.0,0.0,0.0,0.0,0.0
ND,2020-10-17,2020,42,10,2.0,0.0,2.0,0.0,0.0,0.0,0.0,0.0,3181.0,516.0,2366.0,272.0,0.74,0.0,0.53,0.0,40.54522613065327,0,2.0,2.0,2.0,2.0,0.0,0.0,0.0,0.0
ND,2020-10-24,2020,43,11,0.0,0.0,2.0,0.0,0.0,0.0,0.0,0.0,3112.0,487.0,2360.0,252.0,0.76,0.0,0.52,0.0,40.54522613065327,0,2.0,2.0,2.0,2.0,0.0,0.0,0.0,0.0
ND,2020-10-31,2020,44,12,1.0,0.0,0.0,0.0,0.0,0.0,0.0,0.0,3083.0,479.0,2290.0,238.0,0.74,0.0,0.5,0.0,40.54522613065327,0,0.0,2.0,2.0,2.0,0.0,0.0,0.0,0.0
ND,2020-11-07,2020,45,13,1.0,0.0,1.0,0.0,0.0,0.0,0.0,0.0,3136.0,482.0,2391.0,260.0,0.76,0.0,0.54,0.0,40.54522613065327,0,1.0,0.0,2.0,2.0,0.0,0.0,0.0,0.0
ND,2020-11-14,2020,46,14,3.0,0.0,7.0,0.0,0.0,0.0,0.0,0.0,3152.0,477.0,2450.0,266.0,0.78,0.0,0.56,0.0,40.54522613065327,0,1.0,1.0,2.0,2.0,0.0,0.0,0.0,0.0
ND,2020-11-21,2020,47,15,0.0,0.0,0.0,0.0,0.0,0.0,0.0,0.0,3146.0,472.0,2408.0,269.0,0.77,0.0,0.57,0.0,40.54522613065327,0,3.0,1.0,0.0,2.0,0.0,0.0,0.0,0.0
ND,2020-11-28,2020,48,16,1.0,0.0,1.0,0.0,0.0,0.0,0.0,0.0,3133.0,475.0,2311.0,250.0,0.74,0.0,0.53,0.0,40.54522613065327,0,0.0,3.0,1.0,2.0,0.0,0.0,0.0,0.0
ND,2020-12-05,2020,49,17,3.0,0.0,4.0,0.0,0.0,0.0,0.0,0.0,2824.0,399.0,2055.0,225.0,0.73,0.0,0.57,0.0,40.54522613065327,0,1.0,0.0,1.0,2.0,0.0,0.0,0.0,0.0
ND,2020-12-12,2020,50,18,2.0,0.0,2.0,0.0,0.0,0.0,0.0,0.0,2919.0,403.0,2080.0,232.0,0.71,0.0,0.58,0.0,40.54522613065327,0,3.0,1.0,3.0,2.0,0.0,0.0,0.0,0.0
ND,2020-12-19,2020,51,19,1.0,0.0,0.0,0.0,0.0,0.0,0.0,0.0,3316.0,476.0,2208.0,271.0,0.67,0.0,0.57,0.0,40.54522613065327,0,2.0,3.0,0.0,0.0,0.0,0.0,0.0,0.0
ND,2020-12-26,2020,52,20,1.0,0.0,2.0,0.0,0.0,0.0,0.0,0.0,3445.0,500.0,2146.0,289.0,0.62,0.0,0.58,0.0,40.54522613065327,0,1.0,2.0,1.0,1.0,0.0,0.0,0.0,0.0
ND,2021-01-02,2021,53,21,0.0,0.0,0.0,0.0,0.0,0.0,0.0,0.0,3160.0,452.0,2038.0,225.0,0.65,0.0,0.5,0.0,40.30584795321638,0,1.0,1.0,3.0,1.0,0.0,0.0,0.0,0.0
ND,2021-01-09,2021,1,22,0.0,0.0,1.0,0.0,0.0,0.0,0.0,0.0,3294.0,472.0,2114.0,216.0,0.64,0.0,0.46,0.0,40.30584795321638,0,0.0,1.0,2.0,3.0,0.0,0.0,0.0,0.0
ND,2021-01-16,2021,2,23,1.0,0.0,2.0,0.0,0.0,0.0,0.0,0.0,3011.0,421.0,1931.0,234.0,0.64,0.0,0.56,0.0,40.30584795321638,0,0.0,0.0,1.0,0.0,0.0,0.0,0.0,0.0
ND,2021-01-23,2021,3,24,0.0,0.0,0.0,0.0,0.0,0.0,0.0,0.0,3169.0,446.0,2033.0,258.0,0.64,0.0,0.58,0.0,40.30584795321638,0,1.0,0.0,1.0,1.0,0.0,0.0,0.0,0.0
ND,2021-01-30,2021,4,25,0.0,0.0,1.0,0.0,0.0,0.0,0.0,0.0,3121.0,440.0,1966.0,253.0,0.63,0.0,0.57,0.0,40.30584795321638,0,0.0,1.0,0.0,3.0,0.0,0.0,0.0,0.0
ND,2021-02-06,2021,5,26,0.0,0.0,0.0,0.0,0.0,0.0,0.0,0.0,3292.0,484.0,2082.0,259.0,0.63,0.0,0.54,0.0,40.30584795321638,0,0.0,0.0,0.0,2.0,0.0,0.0,0.0,0.0
ND,2021-02-13,2021,6,27,0.0,0.0,0.0,0.0,0.0,0.0,0.0,0.0,3198.0,452.0,2019.0,237.0,0.63,0.0,0.52,0.0,40.30584795321638,0,0.0,0.0,1.0,1.0,0.0,0.0,0.0,0.0
ND,2021-02-20,2021,7,28,0.0,0.0,0.0,0.0,0.0,0.0,0.0,0.0,3297.0,476.0,2144.0,273.0,0.65,0.0,0.57,0.0,40.30584795321638,0,0.0,0.0,0.0,1.0,0.0,0.0,0.0,0.0
ND,2021-02-27,2021,8,29,0.0,0.0,0.0,0.0,0.0,0.0,0.0,0.0,3288.0,478.0,2206.0,270.0,0.67,0.0,0.56,0.0,40.30584795321638,0,0.0,0.0,0.0,0.0,0.0,0.0,0.0,0.0
ND,2021-03-06,2021,9,30,0.0,0.0,0.0,0.0,0.0,0.0,0.0,0.0,3044.0,424.0,2013.0,232.0,0.66,0.0,0.55,0.0,40.30584795321638,0,0.0,0.0,0.0,0.0,0.0,0.0,0.0,0.0
ND,2021-03-13,2021,10,31,0.0,0.0,0.0,0.0,0.0,0.0,0.0,0.0,3185.0,452.0,2090.0,242.0,0.66,0.0,0.54,0.0,40.30584795321638,0,0.0,0.0,0.0,1.0,0.0,0.0,0.0,0.0
ND,2021-03-20,2021,11,32,0.0,0.0,0.0,0.0,0.0,0.0,0.0,0.0,3246.0,463.0,2070.0,246.0,0.64,0.0,0.53,0.0,40.30584795321638,0,0.0,0.0,0.0,0.0,0.0,0.0,0.0,0.0
ND,2021-03-27,2021,12,33,0.0,0.0,0.0,0.0,0.0,0.0,0.0,0.0,3286.0,465.0,2084.0,249.0,0.63,0.0,0.54,0.0,40.30584795321638,0,0.0,0.0,0.0,0.0,0.0,0.0,0.0,0.0
ND,2021-04-03,2021,13,34,0.0,0.0,0.0,0.0,0.0,0.0,0.0,0.0,3142.0,442.0,1985.0,224.0,0.63,0.0,0.51,0.0,40.30584795321638,0,0.0,0.0,0.0,0.0,0.0,0.0,0.0,0.0
ND,2021-04-10,2021,14,35,0.0,0.0,1.0,0.0,0.0,0.0,0.0,0.0,3147.0,442.0,2018.0,235.0,0.64,0.0,0.53,0.0,40.30584795321638,0,0.0,0.0,0.0,0.0,0.0,0.0,0.0,0.0
ND,2021-04-17,2021,15,36,1.0,0.0,0.0,0.0,0.0,0.0,0.0,0.0,3298.0,474.0,2216.0,264.0,0.67,0.0,0.56,0.0,40.30584795321638,0,0.0,0.0,0.0,0.0,0.0,0.0,0.0,0.0
ND,2021-04-24,2021,16,37,0.0,0.0,0.0,0.0,0.0,0.0,0.0,0.0,3296.0,470.0,2281.0,279.0,0.69,0.0,0.59,0.0,40.30584795321638,0,1.0,0.0,0.0,0.0,0.0,0.0,0.0,0.0
ND,2021-05-01,2021,17,38,0.0,0.0,0.0,0.0,0.0,0.0,0.0,0.0,3292.0,476.0,2315.0,286.0,0.7,0.0,0.6,0.0,40.30584795321638,0,0.0,1.0,0.0,0.0,0.0,0.0,0.0,0.0
ND,2021-05-08,2021,18,39,0.0,0.0,0.0,0.0,0.0,0.0,0.0,0.0,30594.0,499.0,2314.0,298.0,0.08,0.0,0.6,0.0,40.30584795321638,0,0.0,0.0,0.0,0.0,0.0,0.0,0.0,0.0
ND,2021-05-15,2021,19,40,0.0,0.0,1.0,0.0,0.0,0.0,0.0,0.0,3298.0,469.0,2158.0,271.0,0.65,0.0,0.58,0.0,40.30584795321638,0,0.0,0.0,1.0,0.0,0.0,0.0,0.0,0.0
ND,2021-05-22,2021,20,41,0.0,0.0,0.0,0.0,0.0,0.0,0.0,0.0,3265.0,462.0,2203.0,286.0,0.67,0.0,0.62,0.0,40.30584795321638,0,0.0,0.0,0.0,0.0,0.0,0.0,0.0,0.0
ND,2021-05-29,2021,21,42,2.0,1.0,10.0,0.0,0.0,0.0,0.0,0.0,3131.0,634.0,2099.0,277.0,0.67,0.0,0.44,0.0,40.30584795321638,0,0.0,0.0,0.0,0.0,0.0,0.0,0.0,0.0
ND,2021-06-05,2021,22,43,0.0,0.0,0.0,0.0,0.0,0.0,0.0,0.0,3164.0,449.0,2112.0,260.0,0.67,0.0,0.58,0.0,40.30584795321638,0,2.0,0.0,0.0,0.0,0.0,0.0,0.0,0.0
ND,2021-06-12,2021,23,44,0.0,0.0,0.0,0.0,0.0,0.0,0.0,0.0,2646.0,360.0,1796.0,240.0,0.68,0.0,0.67,0.0,40.30584795321638,0,0.0,2.0,0.0,1.0,0.0,0.0,0.0,0.0
ND,2021-06-19,2021,24,45,1.0,0.0,1.0,0.0,0.0,0.0,0.0,0.0,1570.0,238.0,1107.0,148.0,0.71,0.0,0.62,0.0,40.30584795321638,0,0.0,0.0,0.0,0.0,0.0,0.0,0.0,0.0
ND,2021-06-26,2021,25,46,1.0,0.0,2.0,0.0,0.0,0.0,0.0,0.0,2914.0,410.0,2010.0,242.0,0.69,0.0,0.59,0.0,40.30584795321638,0,1.0,0.0,2.0,0.0,0.0,0.0,0.0,0.0
ND,2021-07-03,2021,26,47,2.0,0.0,1.0,0.0,0.0,0.0,0.0,0.0,3325.0,473.0,2224.0,273.0,0.67,0.0,0.58,0.0,40.30584795321638,0,1.0,1.0,0.0,0.0,0.0,0.0,0.0,0.0
ND,2021-07-10,2021,27,48,2.0,0.0,4.0,0.0,0.0,0.0,0.0,0.0,3295.0,481.0,2171.0,259.0,0.66,0.0,0.54,0.0,40.30584795321638,0,2.0,1.0,0.0,0.0,0.0,0.0,0.0,0.0
ND,2021-07-17,2021,28,49,1.0,0.0,2.0,0.0,0.0,0.0,0.0,0.0,3109.0,448.0,2035.0,254.0,0.65,0.0,0.57,0.0,40.30584795321638,0,2.0,2.0,1.0,0.0,0.0,0.0,0.0,0.0
ND,2021-07-24,2021,29,50,1.0,0.0,1.0,0.0,0.0,0.0,0.0,0.0,3099.0,447.0,2030.0,255.0,0.65,0.0,0.57,0.0,40.30584795321638,0,1.0,2.0,1.0,2.0,0.0,0.0,0.0,0.0
ND,2021-07-31,2021,30,51,3.0,0.0,2.0,0.0,0.0,0.0,0.0,0.0,3276.0,470.0,2136.0,248.0,0.65,0.0,0.53,0.0,40.30584795321638,0,1.0,1.0,2.0,0.0,0.0,0.0,0.0,0.0
ND,2021-08-07,2021,31,52,3.0,0.0,4.0,0.0,0.0,0.0,0.0,0.0,3394.0,493.0,2262.0,269.0,0.67,0.0,0.55,0.0,40.30584795321638,0,3.0,1.0,2.0,0.0,0.0,0.0,0.0,0.0
ND,2021-08-14,2021,32,53,3.0,0.0,3.0,0.0,0.0,0.0,0.0,0.0,3083.0,440.0,2099.0,253.0,0.68,0.0,0.57,0.0,40.30584795321638,0,3.0,3.0,1.0,1.0,0.0,0.0,0.0,0.0
ND,2021-08-21,2021,33,54,2.0,0.0,1.0,0.0,0.0,0.0,0.0,0.0,3133.0,1557.0,2220.0,280.0,0.71,0.0,0.18,0.0,40.30584795321638,0,3.0,3.0,1.0,1.0,0.0,0.0,0.0,0.0
ND,2021-08-28,2021,34,55,1.0,0.0,3.0,0.0,0.0,0.0,0.0,0.0,3436.0,508.0,2461.0,299.0,0.72,0.0,0.59,0.0,40.30584795321638,0,2.0,3.0,3.0,2.0,0.0,0.0,0.0,0.0
ND,2021-09-04,2021,35,56,1.0,0.0,2.0,0.0,0.0,0.0,0.0,0.0,3192.0,460.0,2350.0,286.0,0.74,0.0,0.62,0.0,40.30584795321638,0,1.0,2.0,3.0,2.0,0.0,0.0,0.0,0.0
ND,2021-09-11,2021,36,57,1.0,0.0,7.0,0.0,0.0,0.0,0.0,0.0,3063.0,443.0,2257.0,290.0,0.74,0.0,0.65,0.0,40.30584795321638,0,1.0,1.0,3.0,1.0,0.0,0.0,0.0,0.0
ND,2021-09-18,2021,37,58,1.0,0.0,2.0,0.0,0.0,0.0,0.0,0.0,3377.0,496.0,2470.0,322.0,0.73,0.0,0.65,0.0,40.30584795321638,0,1.0,1.0,2.0,1.0,0.0,0.0,0.0,0.0
ND,2021-09-25,2021,38,59,2.0,0.0,1.0,0.0,0.0,0.0,0.0,0.0,3203.0,465.0,2327.0,297.0,0.73,0.0,0.64,0.0,40.30584795321638,0,1.0,1.0,1.0,3.0,0.0,0.0,0.0,0.0
ND,2021-10-02,2021,39,60,1.0,0.0,0.0,0.0,0.0,0.0,0.0,0.0,3370.0,499.0,2457.0,310.0,0.73,0.0,0.62,0.0,40.30584795321638,0,2.0,1.0,1.0,3.0,0.0,0.0,0.0,0.0
ND,2021-10-09,2021,40,61,1.0,0.0,2.0,0.0,0.0,0.0,0.0,0.0,3345.0,494.0,2461.0,327.0,0.74,0.0,0.66,0.0,40.30584795321638,0,1.0,2.0,1.0,3.0,0.0,0.0,0.0,0.0
ND,2021-10-16,2021,41,62,1.0,0.0,2.0,0.0,0.0,0.0,0.0,0.0,2894.0,412.0,2165.0,282.0,0.75,0.0,0.68,0.0,40.30584795321638,0,1.0,1.0,1.0,2.0,0.0,0.0,0.0,0.0
ND,2021-10-23,2021,42,63,1.0,0.0,0.0,0.0,0.0,0.0,0.0,0.0,2896.0,412.0,2159.0,286.0,0.75,0.0,0.69,0.0,40.30584795321638,0,1.0,1.0,2.0,1.0,0.0,0.0,0.0,0.0
ND,2021-10-30,2021,43,64,1.0,0.0,4.0,0.0,0.0,0.0,0.0,0.0,3374.0,493.0,2450.0,329.0,0.73,0.0,0.67,0.0,40.30584795321638,0,1.0,1.0,1.0,1.0,0.0,0.0,0.0,0.0
ND,2021-11-06,2021,44,65,1.0,0.0,1.0,0.0,0.0,0.0,0.0,0.0,3077.0,437.0,2282.0,308.0,0.74,0.0,0.71,0.0,40.30584795321638,0,1.0,1.0,1.0,1.0,0.0,0.0,0.0,0.0
ND,2021-11-13,2021,45,66,1.0,0.0,3.0,0.0,0.0,0.0,0.0,0.0,3273.0,481.0,2455.0,335.0,0.75,0.0,0.7,0.0,40.30584795321638,0,1.0,1.0,1.0,1.0,0.0,0.0,0.0,0.0
ND,2021-11-20,2021,46,67,1.0,0.0,1.0,0.0,0.0,0.0,0.0,0.0,3229.0,475.0,2369.0,339.0,0.73,0.0,0.71,0.0,40.30584795321638,0,1.0,1.0,1.0,2.0,0.0,0.0,0.0,0.0
ND,2021-11-27,2021,47,68,2.0,0.0,3.0,0.0,0.0,0.0,0.0,0.0,3060.0,452.0,2233.0,321.0,0.73,0.0,0.71,0.0,40.30584795321638,0,1.0,1.0,1.0,1.0,0.0,0.0,0.0,0.0
ND,2021-12-04,2021,48,69,2.0,0.0,9.0,0.0,0.0,0.0,0.0,0.0,3071.0,441.0,2315.0,306.0,0.75,0.0,0.69,0.0,40.30584795321638,0,2.0,1.0,1.0,1.0,0.0,0.0,0.0,0.0
ND,2021-12-11,2021,49,70,3.0,0.0,5.0,0.0,0.0,0.0,0.0,0.0,2926.0,423.0,2245.0,296.0,0.77,0.0,0.7,0.0,40.30584795321638,0,2.0,2.0,1.0,1.0,0.0,0.0,0.0,0.0
ND,2021-12-18,2021,50,71,3.0,0.0,6.0,0.0,0.0,0.0,0.0,0.0,2876.0,454.0,2277.0,304.0,0.79,0.0,0.67,0.0,40.30584795321638,0,3.0,2.0,1.0,1.0,0.0,0.0,0.0,0.0
ND,2021-12-25,2021,51,72,7.0,0.0,14.0,0.0,0.0,0.0,0.0,0.0,2688.0,416.0,2036.0,276.0,0.76,0.0,0.66,0.0,40.30584795321638,0,3.0,3.0,2.0,1.0,0.0,0.0,0.0,0.0
ND,2022-01-01,2022,52,73,25.0,0.0,51.0,0.0,0.0,0.0,0.0,0.0,2692.0,414.0,2069.0,291.0,0.77,0.01,0.7,0.0,34.1810650887574,1,7.0,3.0,2.0,1.0,0.0,0.0,0.0,0.0
ND,2022-01-08,2022,1,74,37.0,3.0,54.0,0.0,0.0,0.0,0.0,0.0,2756.0,428.0,2132.0,291.0,0.77,0.01,0.68,0.01,34.1810650887574,1,25.0,7.0,3.0,1.0,0.01,0.0,0.0,0.0
ND,2022-01-15,2022,2,75,31.0,1.0,40.0,0.0,0.0,0.0,0.0,0.0,2857.0,421.0,2170.0,284.0,0.76,0.01,0.67,0.0,34.1810650887574,1,37.0,25.0,3.0,1.0,0.01,0.01,0.0,0.0
ND,2022-01-22,2022,3,76,25.0,2.0,29.0,0.0,0.0,0.0,0.0,0.0,2853.0,415.0,2157.0,291.0,0.76,0.01,0.7,0.0,34.1810650887574,1,31.0,37.0,7.0,2.0,0.01,0.01,0.0,0.0
ND,2022-01-29,2022,4,77,14.0,0.0,19.0,0.0,0.0,0.0,0.0,0.0,2918.0,445.0,2215.0,295.0,0.76,0.0,0.66,0.0,34.1810650887574,0,25.0,31.0,25.0,2.0,0.01,0.01,0.01,0.0
ND,2022-02-05,2022,5,78,9.0,0.0,18.0,0.0,0.0,0.0,0.0,0.0,2837.0,433.0,2186.0,285.0,0.77,0.0,0.66,0.0,34.1810650887574,0,14.0,25.0,37.0,3.0,0.0,0.01,0.01,0.0
ND,2022-02-12,2022,6,79,8.0,0.0,7.0,0.0,0.0,0.0,0.0,0.0,3132.0,502.0,2399.0,329.0,0.77,0.0,0.66,0.0,34.1810650887574,0,9.0,14.0,31.0,3.0,0.0,0.0,0.01,0.0
ND,2022-02-19,2022,7,80,7.0,0.0,8.0,0.0,0.0,0.0,0.0,0.0,3060.0,490.0,2315.0,325.0,0.76,0.0,0.66,0.0,34.1810650887574,0,8.0,9.0,25.0,7.0,0.0,0.0,0.01,0.0
ND,2022-02-26,2022,8,81,3.0,1.0,0.0,0.0,0.0,0.0,0.0,0.0,3056.0,476.0,2236.0,300.0,0.73,0.0,0.63,0.0,34.1810650887574,0,7.0,8.0,14.0,25.0,0.0,0.0,0.0,0.01
ND,2022-03-05,2022,9,82,2.0,0.0,3.0,0.0,0.0,0.0,0.0,0.0,2972.0,444.0,2124.0,248.0,0.71,0.0,0.56,0.0,34.1810650887574,0,3.0,7.0,9.0,37.0,0.0,0.0,0.0,0.01
ND,2022-03-12,2022,10,83,3.0,0.0,7.0,0.0,0.0,0.0,0.0,0.0,2867.0,429.0,2106.0,238.0,0.73,0.0,0.55,0.0,34.1810650887574,0,2.0,3.0,8.0,31.0,0.0,0.0,0.0,0.01
ND,2022-03-19,2022,11,84,3.0,0.0,5.0,0.0,0.0,0.0,0.0,0.0,2921.0,446.0,2097.0,232.0,0.72,0.0,0.52,0.0,34.1810650887574,0,3.0,2.0,7.0,25.0,0.0,0.0,0.0,0.01
ND,2022-03-26,2022,12,85,4.0,0.0,9.0,0.0,0.0,0.0,0.0,0.0,2932.0,443.0,2095.0,236.0,0.71,0.0,0.53,0.0,34.1810650887574,0,3.0,3.0,3.0,14.0,0.0,0.0,0.0,0.0
ND,2022-04-02,2022,13,86,7.0,0.0,4.0,0.0,0.0,0.0,0.0,0.0,2797.0,411.0,1958.0,191.0,0.7,0.0,0.46,0.0,34.1810650887574,0,4.0,3.0,2.0,9.0,0.0,0.0,0.0,0.0
ND,2022-04-09,2022,14,87,7.0,0.0,4.0,0.0,0.0,0.0,0.0,0.0,3033.0,458.0,2137.0,235.0,0.7,0.0,0.51,0.0,34.1810650887574,0,7.0,4.0,3.0,8.0,0.0,0.0,0.0,0.0
ND,2022-04-16,2022,15,88,3.0,0.0,7.0,0.0,0.0,0.0,0.0,0.0,2873.0,431.0,2037.0,230.0,0.71,0.0,0.53,0.0,34.1810650887574,0,7.0,7.0,3.0,7.0,0.0,0.0,0.0,0.0
ND,2022-04-23,2022,16,89,3.0,0.0,7.0,0.0,0.0,0.0,0.0,0.0,2772.0,411.0,1954.0,219.0,0.7,0.0,0.53,0.0,34.1810650887574,0,3.0,7.0,4.0,3.0,0.0,0.0,0.0,0.0
ND,2022-04-30,2022,17,90,1.0,0.0,3.0,0.0,0.0,0.0,0.0,0.0,2720.0,405.0,1947.0,214.0,0.72,0.0,0.53,0.0,34.1810650887574,0,3.0,3.0,7.0,2.0,0.0,0.0,0.0,0.0
ND,2022-05-07,2022,18,91,1.0,0.0,1.0,0.0,0.0,0.0,0.0,0.0,2760.0,409.0,2067.0,227.0,0.75,0.0,0.55,0.0,34.1810650887574,0,1.0,3.0,7.0,3.0,0.0,0.0,0.0,0.0
ND,2022-05-14,2022,19,92,1.0,0.0,1.0,0.0,0.0,0.0,0.0,0.0,2721.0,406.0,2020.0,208.0,0.74,0.0,0.51,0.0,34.1810650887574,0,1.0,1.0,3.0,3.0,0.0,0.0,0.0,0.0
ND,2022-05-21,2022,20,93,0.0,0.0,1.0,0.0,0.0,0.0,0.0,0.0,2711.0,404.0,2012.0,214.0,0.74,0.0,0.53,0.0,34.1810650887574,0,1.0,1.0,3.0,4.0,0.0,0.0,0.0,0.0
ND,2022-05-28,2022,21,94,0.0,0.0,0.0,0.0,0.0,0.0,0.0,0.0,2800.0,425.0,2097.0,227.0,0.75,0.0,0.53,0.0,34.1810650887574,0,0.0,1.0,1.0,7.0,0.0,0.0,0.0,0.0
ND,2022-06-04,2022,22,95,3.0,0.0,4.0,0.0,0.0,0.0,0.0,0.0,2854.0,437.0,2105.0,239.0,0.74,0.0,0.55,0.0,34.1810650887574,0,0.0,0.0,1.0,7.0,0.0,0.0,0.0,0.0
ND,2022-06-11,2022,23,96,3.0,0.0,2.0,0.0,0.0,0.0,0.0,0.0,2821.0,426.0,2048.0,222.0,0.73,0.0,0.52,0.0,34.1810650887574,0,3.0,0.0,1.0,3.0,0.0,0.0,0.0,0.0
ND,2022-06-18,2022,24,97,1.0,0.0,0.0,0.0,0.0,0.0,0.0,0.0,2526.0,364.0,1848.0,195.0,0.73,0.0,0.54,0.0,34.1810650887574,0,3.0,3.0,0.0,3.0,0.0,0.0,0.0,0.0
ND,2022-06-25,2022,25,98,0.0,0.0,0.0,0.0,0.0,0.0,0.0,0.0,2548.0,360.0,1846.0,190.0,0.72,0.0,0.53,0.0,34.1810650887574,0,1.0,3.0,0.0,1.0,0.0,0.0,0.0,0.0
ND,2022-07-02,2022,26,99,1.0,0.0,0.0,0.0,0.0,0.0,0.0,0.0,2906.0,447.0,2162.0,245.0,0.74,0.0,0.55,0.0,34.1810650887574,0,0.0,1.0,3.0,1.0,0.0,0.0,0.0,0.0
ND,2022-07-09,2022,27,100,1.0,0.0,0.0,0.0,0.0,0.0,0.0,0.0,2604.0,389.0,1883.0,196.0,0.72,0.0,0.5,0.0,34.1810650887574,0,1.0,0.0,3.0,1.0,0.0,0.0,0.0,0.0
ND,2022-07-16,2022,28,101,0.0,0.0,1.0,0.0,0.0,0.0,0.0,0.0,2664.0,408.0,2026.0,207.0,0.76,0.0,0.51,0.0,34.1810650887574,0,1.0,1.0,1.0,0.0,0.0,0.0,0.0,0.0
ND,2022-07-23,2022,29,102,2.0,0.0,2.0,0.0,0.0,0.0,0.0,0.0,2554.0,390.0,1936.0,209.0,0.76,0.0,0.54,0.0,34.1810650887574,0,0.0,1.0,0.0,0.0,0.0,0.0,0.0,0.0
ND,2022-07-30,2022,30,103,3.0,0.0,0.0,0.0,0.0,0.0,0.0,0.0,2544.0,383.0,1904.0,189.0,0.75,0.0,0.49,0.0,34.1810650887574,0,2.0,0.0,1.0,3.0,0.0,0.0,0.0,0.0
ND,2022-08-06,2022,31,104,1.0,0.0,1.0,0.0,0.0,0.0,0.0,0.0,2517.0,386.0,1876.0,186.0,0.75,0.0,0.48,0.0,34.1810650887574,0,3.0,2.0,1.0,3.0,0.0,0.0,0.0,0.0
ND,2022-08-13,2022,32,105,1.0,0.0,3.0,0.0,0.0,0.0,0.0,0.0,2485.0,381.0,1833.0,210.0,0.74,0.0,0.55,0.0,34.1810650887574,0,1.0,3.0,0.0,1.0,0.0,0.0,0.0,0.0
ND,2022-08-20,2022,33,106,0.0,0.0,0.0,0.0,0.0,0.0,0.0,0.0,2922.0,478.0,2231.0,232.0,0.76,0.0,0.49,0.0,34.1810650887574,0,1.0,1.0,2.0,0.0,0.0,0.0,0.0,0.0
ND,2022-08-27,2022,34,107,0.0,0.0,0.0,0.0,0.0,0.0,0.0,0.0,2554.0,401.0,1927.0,219.0,0.75,0.0,0.55,0.0,34.1810650887574,0,0.0,1.0,3.0,1.0,0.0,0.0,0.0,0.0
ND,2022-09-03,2022,35,108,1.0,0.0,1.0,0.0,0.0,0.0,0.0,0.0,2454.0,373.0,1855.0,214.0,0.76,0.0,0.57,0.0,34.1810650887574,0,0.0,0.0,1.0,1.0,0.0,0.0,0.0,0.0
ND,2022-09-10,2022,36,109,0.0,0.0,0.0,0.0,0.0,0.0,0.0,0.0,2669.0,437.0,2049.0,245.0,0.77,0.0,0.56,0.0,34.1810650887574,0,1.0,0.0,1.0,0.0,0.0,0.0,0.0,0.0
ND,2022-09-17,2022,37,110,0.0,0.0,0.0,0.0,0.0,0.0,0.0,0.0,2649.0,433.0,2024.0,244.0,0.76,0.0,0.56,0.0,34.1810650887574,0,0.0,1.0,0.0,2.0,0.0,0.0,0.0,0.0
ND,2022-09-24,2022,38,111,2.0,0.0,1.0,0.0,0.0,0.0,0.0,0.0,2871.0,489.0,2214.0,258.0,0.77,0.0,0.53,0.0,34.1810650887574,0,0.0,0.0,0.0,3.0,0.0,0.0,0.0,0.0
ND,2022-10-01,2022,39,112,1.0,0.0,0.0,0.0,0.0,0.0,0.0,0.0,2490.0,391.0,1861.0,207.0,0.75,0.0,0.53,0.0,34.1810650887574,0,2.0,0.0,1.0,1.0,0.0,0.0,0.0,0.0
ND,2022-10-08,2022,40,113,1.0,0.0,0.0,0.0,0.0,0.0,0.0,0.0,2660.0,442.0,1982.0,250.0,0.75,0.0,0.57,0.0,34.1810650887574,0,1.0,2.0,0.0,1.0,0.0,0.0,0.0,0.0
ND,2022-10-15,2022,41,114,1.0,0.0,1.0,0.0,0.0,0.0,0.0,0.0,2646.0,440.0,1946.0,236.0,0.74,0.0,0.54,0.0,34.1810650887574,0,1.0,1.0,0.0,0.0,0.0,0.0,0.0,0.0
ND,2022-10-22,2022,42,115,0.0,0.0,2.0,0.0,0.0,0.0,0.0,0.0,2770.0,464.0,2040.0,253.0,0.74,0.0,0.54,0.0,34.1810650887574,0,1.0,1.0,2.0,0.0,0.0,0.0,0.0,0.0
ND,2022-10-29,2022,43,116,1.0,0.0,2.0,0.0,0.0,0.0,0.0,0.0,2761.0,463.0,2108.0,261.0,0.76,0.0,0.56,0.0,34.1810650887574,0,0.0,1.0,1.0,1.0,0.0,0.0,0.0,0.0
ND,2022-11-05,2022,44,117,3.0,0.0,6.0,0.0,0.0,0.0,0.0,0.0,2515.0,403.0,1896.0,216.0,0.75,0.0,0.54,0.0,34.1810650887574,0,1.0,0.0,1.0,0.0,0.0,0.0,0.0,0.0
ND,2022-11-12,2022,45,118,4.0,1.0,10.0,0.0,0.0,0.0,0.0,0.0,2449.0,394.0,1839.0,200.0,0.75,0.0,0.51,0.0,34.1810650887574,0,3.0,1.0,1.0,0.0,0.0,0.0,0.0,0.0
ND,2022-11-19,2022,46,119,9.0,1.0,13.0,0.0,0.0,0.0,0.0,0.0,2673.0,446.0,2012.0,227.0,0.75,0.0,0.51,0.0,34.1810650887574,0,4.0,3.0,0.0,2.0,0.0,0.0,0.0,0.0
ND,2022-11-26,2022,47,120,12.0,2.0,22.0,0.0,0.0,0.0,0.0,0.0,2415.0,394.0,1739.0,218.0,0.72,0.0,0.55,0.0,34.1810650887574,0,9.0,4.0,1.0,1.0,0.0,0.0,0.0,0.0
ND,2022-12-03,2022,48,121,27.0,3.0,49.0,0.0,0.0,0.0,0.0,0.0,2380.0,374.0,1772.0,203.0,0.74,0.01,0.54,0.01,34.1810650887574,1,12.0,9.0,3.0,1.0,0.0,0.0,0.0,0.0
ND,2022-12-10,2022,49,122,28.0,1.0,34.0,0.0,0.0,0.0,0.0,0.0,1659.0,280.0,1267.0,157.0,0.76,0.02,0.56,0.0,34.1810650887574,1,27.0,12.0,4.0,1.0,0.01,0.0,0.0,0.0
ND,2022-12-17,2022,50,123,60.0,7.0,66.0,0.0,0.0,0.0,0.0,0.0,1953.0,289.0,1446.0,160.0,0.74,0.03,0.55,0.02,34.1810650887574,1,28.0,27.0,9.0,0.0,0.02,0.01,0.0,0.0
ND,2022-12-24,2022,51,124,61.0,4.0,72.0,0.0,0.0,0.0,0.0,0.0,1903.0,291.0,1397.0,170.0,0.73,0.03,0.58,0.01,34.1810650887574,1,60.0,28.0,12.0,1.0,0.03,0.02,0.0,0.0
ND,2022-12-31,2022,52,125,67.0,7.0,82.0,0.0,0.0,0.0,0.0,0.0,1907.0,300.0,1392.0,172.0,0.73,0.04,0.57,0.02,34.1810650887574,1,61.0,60.0,27.0,3.0,0.03,0.03,0.01,0.0
NE,2020-10-03,2020,40,8,2.0,0.0,4.0,0.0,0.0,0.0,0.0,0.0,7258.0,1393.0,5208.0,926.0,0.72,0.0,0.66,0.0,42.50922330097087,0,0.0,2.0,2.0,2.0,0.0,0.0,0.0,0.0
NE,2020-10-10,2020,41,9,2.0,0.0,4.0,0.0,0.0,0.0,0.0,0.0,7898.0,1398.0,5373.0,970.0,0.68,0.0,0.69,0.0,42.50922330097087,0,2.0,0.0,2.0,2.0,0.0,0.0,0.0,0.0
NE,2020-10-17,2020,42,10,0.0,0.0,0.0,0.0,0.0,0.0,0.0,0.0,7656.0,1403.0,5247.0,972.0,0.69,0.0,0.69,0.0,42.50922330097087,0,2.0,2.0,2.0,2.0,0.0,0.0,0.0,0.0
NE,2020-10-24,2020,43,11,0.0,0.0,0.0,0.0,0.0,0.0,0.0,0.0,7402.0,1456.0,5079.0,991.0,0.69,0.0,0.68,0.0,42.50922330097087,0,0.0,2.0,0.0,2.0,0.0,0.0,0.0,0.0
NE,2020-10-31,2020,44,12,0.0,0.0,0.0,0.0,0.0,0.0,0.0,0.0,7220.0,1433.0,5042.0,977.0,0.7,0.0,0.68,0.0,42.50922330097087,0,0.0,0.0,2.0,2.0,0.0,0.0,0.0,0.0
NE,2020-11-07,2020,45,13,1.0,0.0,2.0,0.0,0.0,0.0,0.0,0.0,7179.0,1413.0,5093.0,995.0,0.71,0.0,0.7,0.0,42.50922330097087,0,0.0,0.0,2.0,2.0,0.0,0.0,0.0,0.0
NE,2020-11-14,2020,46,14,2.0,0.0,3.0,0.0,0.0,0.0,0.0,0.0,7183.0,1387.0,5180.0,990.0,0.72,0.0,0.71,0.0,42.50922330097087,0,1.0,0.0,0.0,2.0,0.0,0.0,0.0,0.0
NE,2020-11-21,2020,47,15,0.0,0.0,1.0,0.0,0.0,0.0,0.0,0.0,6940.0,1322.0,4961.0,980.0,0.71,0.0,0.74,0.0,42.50922330097087,0,2.0,1.0,0.0,0.0,0.0,0.0,0.0,0.0
NE,2020-11-28,2020,48,16,0.0,0.0,0.0,0.0,0.0,0.0,0.0,0.0,6966.0,1342.0,4834.0,984.0,0.69,0.0,0.73,0.0,42.50922330097087,0,0.0,2.0,0.0,2.0,0.0,0.0,0.0,0.0
NE,2020-12-05,2020,49,17,0.0,0.0,2.0,0.0,0.0,0.0,0.0,0.0,6956.0,1332.0,4875.0,965.0,0.7,0.0,0.72,0.0,42.50922330097087,0,0.0,0.0,1.0,2.0,0.0,0.0,0.0,0.0
NE,2020-12-12,2020,50,18,1.0,0.0,4.0,0.0,0.0,0.0,0.0,0.0,7070.0,1344.0,4907.0,947.0,0.69,0.0,0.7,0.0,42.50922330097087,0,0.0,0.0,2.0,0.0,0.0,0.0,0.0,0.0
NE,2020-12-19,2020,51,19,1.0,0.0,4.0,0.0,0.0,0.0,0.0,0.0,7164.0,1345.0,4820.0,918.0,0.67,0.0,0.68,0.0,42.50922330097087,0,1.0,0.0,0.0,0.0,0.0,0.0,0.0,0.0
NE,2020-12-26,2020,52,20,2.0,2.0,2.0,0.0,0.0,0.0,0.0,0.0,7095.0,1332.0,4489.0,861.0,0.63,0.0,0.65,0.0,42.50922330097087,0,1.0,1.0,0.0,0.0,0.0,0.0,0.0,0.0
NE,2021-01-02,2021,53,21,2.0,2.0,0.0,0.0,0.0,0.0,0.0,0.0,7107.0,1323.0,4591.0,849.0,0.65,0.0,0.64,0.0,39.51123595505618,0,2.0,1.0,0.0,1.0,0.0,0.0,0.0,0.0
NE,2021-01-09,2021,1,22,2.0,1.0,2.0,0.0,0.0,0.0,0.0,0.0,6869.0,1344.0,4585.0,867.0,0.67,0.0,0.64,0.0,39.51123595505618,0,2.0,2.0,1.0,2.0,0.0,0.0,0.0,0.0
NE,2021-01-16,2021,2,23,2.0,1.0,4.0,0.0,0.0,0.0,0.0,0.0,6500.0,1337.0,4312.0,825.0,0.66,0.0,0.62,0.0,39.51123595505618,0,2.0,2.0,1.0,0.0,0.0,0.0,0.0,0.0
NE,2021-01-23,2021,3,24,2.0,1.0,1.0,0.0,0.0,0.0,0.0,0.0,6260.0,1296.0,4129.0,798.0,0.66,0.0,0.62,0.0,39.51123595505618,0,2.0,2.0,2.0,0.0,0.0,0.0,0.0,0.0
NE,2021-01-30,2021,4,25,2.0,1.0,1.0,0.0,0.0,0.0,0.0,0.0,6302.0,1299.0,4080.0,786.0,0.65,0.0,0.6,0.0,39.51123595505618,0,2.0,2.0,2.0,0.0,0.0,0.0,0.0,0.0
NE,2021-02-06,2021,5,26,1.0,0.0,0.0,0.0,0.0,0.0,0.0,0.0,6296.0,1297.0,4096.0,760.0,0.65,0.0,0.59,0.0,39.51123595505618,0,2.0,2.0,2.0,1.0,0.0,0.0,0.0,0.0
NE,2021-02-13,2021,6,27,1.0,0.0,1.0,0.0,0.0,0.0,0.0,0.0,6279.0,1301.0,3995.0,758.0,0.64,0.0,0.58,0.0,39.51123595505618,0,1.0,2.0,2.0,1.0,0.0,0.0,0.0,0.0
NE,2021-02-20,2021,7,28,1.0,0.0,5.0,0.0,0.0,0.0,0.0,0.0,6271.0,1303.0,4008.0,790.0,0.64,0.0,0.61,0.0,39.51123595505618,0,1.0,1.0,2.0,2.0,0.0,0.0,0.0,0.0
NE,2021-02-27,2021,8,29,2.0,0.0,7.0,0.0,0.0,0.0,0.0,0.0,6266.0,1307.0,4113.0,826.0,0.66,0.0,0.63,0.0,39.51123595505618,0,1.0,1.0,2.0,2.0,0.0,0.0,0.0,0.0
NE,2021-03-06,2021,9,30,2.0,0.0,4.0,0.0,0.0,0.0,0.0,0.0,6263.0,1314.0,4080.0,817.0,0.65,0.0,0.62,0.0,39.51123595505618,0,2.0,1.0,1.0,2.0,0.0,0.0,0.0,0.0
NE,2021-03-13,2021,10,31,4.0,0.0,5.0,0.0,0.0,0.0,0.0,0.0,6132.0,1281.0,3817.0,765.0,0.62,0.0,0.6,0.0,39.51123595505618,0,2.0,2.0,1.0,2.0,0.0,0.0,0.0,0.0
NE,2021-03-20,2021,11,32,1.0,0.0,0.0,0.0,0.0,0.0,0.0,0.0,6250.0,1322.0,3932.0,804.0,0.63,0.0,0.61,0.0,39.51123595505618,0,4.0,2.0,1.0,2.0,0.0,0.0,0.0,0.0
NE,2021-03-27,2021,12,33,1.0,0.0,1.0,0.0,0.0,0.0,0.0,0.0,6098.0,1299.0,3808.0,797.0,0.62,0.0,0.61,0.0,39.51123595505618,0,1.0,4.0,2.0,2.0,0.0,0.0,0.0,0.0
NE,2021-04-03,2021,13,34,1.0,0.0,4.0,0.0,0.0,0.0,0.0,0.0,6236.0,1322.0,3936.0,853.0,0.63,0.0,0.64,0.0,39.51123595505618,0,1.0,1.0,2.0,1.0,0.0,0.0,0.0,0.0
NE,2021-04-10,2021,14,35,0.0,0.0,1.0,0.0,0.0,0.0,0.0,0.0,6140.0,1293.0,3939.0,833.0,0.64,0.0,0.64,0.0,39.51123595505618,0,1.0,1.0,4.0,1.0,0.0,0.0,0.0,0.0
NE,2021-04-17,2021,15,36,1.0,0.0,6.0,0.0,0.0,0.0,0.0,0.0,5496.0,1128.0,3500.0,699.0,0.64,0.0,0.62,0.0,39.51123595505618,0,0.0,1.0,1.0,1.0,0.0,0.0,0.0,0.0
NE,2021-04-24,2021,16,37,1.0,0.0,5.0,0.0,0.0,0.0,0.0,0.0,5478.0,1138.0,3554.0,728.0,0.65,0.0,0.64,0.0,39.51123595505618,0,1.0,0.0,1.0,2.0,0.0,0.0,0.0,0.0
NE,2021-05-01,2021,17,38,0.0,0.0,0.0,0.0,0.0,0.0,0.0,0.0,5498.0,1131.0,3604.0,739.0,0.66,0.0,0.65,0.0,39.51123595505618,0,1.0,1.0,1.0,2.0,0.0,0.0,0.0,0.0
NE,2021-05-08,2021,18,39,0.0,0.0,0.0,0.0,0.0,0.0,0.0,0.0,5492.0,1128.0,3536.0,734.0,0.64,0.0,0.65,0.0,39.51123595505618,0,0.0,1.0,0.0,4.0,0.0,0.0,0.0,0.0
NE,2021-05-15,2021,19,40,0.0,0.0,0.0,0.0,0.0,0.0,0.0,0.0,5527.0,1142.0,3505.0,687.0,0.63,0.0,0.6,0.0,39.51123595505618,0,0.0,0.0,1.0,1.0,0.0,0.0,0.0,0.0
NE,2021-05-22,2021,20,41,1.0,0.0,5.0,0.0,0.0,0.0,0.0,0.0,5582.0,1165.0,3549.0,714.0,0.64,0.0,0.61,0.0,39.51123595505618,0,0.0,0.0,1.0,1.0,0.0,0.0,0.0,0.0
NE,2021-05-29,2021,21,42,2.0,0.0,0.0,0.0,0.0,0.0,0.0,0.0,5510.0,1155.0,3520.0,720.0,0.64,0.0,0.62,0.0,39.51123595505618,0,1.0,0.0,0.0,1.0,0.0,0.0,0.0,0.0
NE,2021-06-05,2021,22,43,2.0,1.0,0.0,0.0,0.0,0.0,0.0,0.0,5469.0,1134.0,3357.0,664.0,0.61,0.0,0.59,0.0,39.51123595505618,0,2.0,1.0,0.0,0.0,0.0,0.0,0.0,0.0
NE,2021-06-12,2021,23,44,0.0,0.0,0.0,0.0,0.0,0.0,0.0,0.0,5564.0,1142.0,3512.0,703.0,0.63,0.0,0.62,0.0,39.51123595505618,0,2.0,2.0,0.0,1.0,0.0,0.0,0.0,0.0
NE,2021-06-19,2021,24,45,0.0,0.0,0.0,0.0,0.0,0.0,0.0,0.0,5539.0,1139.0,3541.0,688.0,0.64,0.0,0.6,0.0,39.51123595505618,0,0.0,2.0,1.0,1.0,0.0,0.0,0.0,0.0
NE,2021-06-26,2021,25,46,0.0,0.0,0.0,0.0,0.0,0.0,0.0,0.0,5494.0,1134.0,3558.0,689.0,0.65,0.0,0.61,0.0,39.51123595505618,0,0.0,0.0,2.0,0.0,0.0,0.0,0.0,0.0
NE,2021-07-03,2021,26,47,0.0,0.0,0.0,0.0,0.0,0.0,0.0,0.0,5372.0,1115.0,3388.0,662.0,0.63,0.0,0.59,0.0,39.51123595505618,0,0.0,0.0,2.0,0.0,0.0,0.0,0.0,0.0
NE,2021-07-10,2021,27,48,0.0,0.0,0.0,0.0,0.0,0.0,0.0,0.0,4675.0,897.0,2879.0,573.0,0.62,0.0,0.64,0.0,39.51123595505618,0,0.0,0.0,0.0,0.0,0.0,0.0,0.0,0.0
NE,2021-07-17,2021,28,49,0.0,0.0,0.0,0.0,0.0,0.0,0.0,0.0,4664.0,916.0,2943.0,590.0,0.63,0.0,0.64,0.0,39.51123595505618,0,0.0,0.0,0.0,1.0,0.0,0.0,0.0,0.0
NE,2021-07-24,2021,29,50,0.0,0.0,0.0,0.0,0.0,0.0,0.0,0.0,4547.0,895.0,2850.0,592.0,0.63,0.0,0.66,0.0,39.51123595505618,0,0.0,0.0,0.0,2.0,0.0,0.0,0.0,0.0
NE,2021-07-31,2021,30,51,0.0,0.0,0.0,0.0,0.0,0.0,0.0,0.0,4830.0,973.0,3142.0,624.0,0.65,0.0,0.64,0.0,39.51123595505618,0,0.0,0.0,0.0,2.0,0.0,0.0,0.0,0.0
NE,2021-08-07,2021,31,52,0.0,0.0,0.0,0.0,0.0,0.0,0.0,0.0,4975.0,1012.0,3289.0,644.0,0.66,0.0,0.64,0.0,39.51123595505618,0,0.0,0.0,0.0,0.0,0.0,0.0,0.0,0.0
NE,2021-08-14,2021,32,53,0.0,0.0,0.0,0.0,0.0,0.0,0.0,0.0,4937.0,1005.0,3285.0,666.0,0.67,0.0,0.66,0.0,39.51123595505618,0,0.0,0.0,0.0,0.0,0.0,0.0,0.0,0.0
NE,2021-08-21,2021,33,54,0.0,0.0,0.0,0.0,0.0,0.0,0.0,0.0,4866.0,994.0,3323.0,681.0,0.68,0.0,0.68,0.0,39.51123595505618,0,0.0,0.0,0.0,0.0,0.0,0.0,0.0,0.0
NE,2021-08-28,2021,34,55,0.0,0.0,1.0,0.0,0.0,0.0,0.0,0.0,4390.0,773.0,2997.0,564.0,0.68,0.0,0.73,0.0,39.51123595505618,0,0.0,0.0,0.0,0.0,0.0,0.0,0.0,0.0
NE,2021-09-04,2021,35,56,0.0,0.0,0.0,0.0,0.0,0.0,0.0,0.0,4306.0,711.0,2920.0,512.0,0.68,0.0,0.72,0.0,39.51123595505618,0,0.0,0.0,0.0,0.0,0.0,0.0,0.0,0.0
NE,2021-09-11,2021,36,57,0.0,0.0,1.0,0.0,0.0,0.0,0.0,0.0,4232.0,681.0,2918.0,502.0,0.69,0.0,0.74,0.0,39.51123595505618,0,0.0,0.0,0.0,0.0,0.0,0.0,0.0,0.0
NE,2021-09-18,2021,37,58,0.0,0.0,1.0,0.0,0.0,0.0,0.0,0.0,4214.0,655.0,3005.0,495.0,0.71,0.0,0.76,0.0,39.51123595505618,0,0.0,0.0,0.0,0.0,0.0,0.0,0.0,0.0
NE,2021-09-25,2021,38,59,1.0,0.0,2.0,0.0,0.0,0.0,0.0,0.0,4186.0,655.0,3016.0,507.0,0.72,0.0,0.77,0.0,39.51123595505618,0,0.0,0.0,0.0,0.0,0.0,0.0,0.0,0.0
NE,2021-10-02,2021,39,60,0.0,0.0,0.0,0.0,0.0,0.0,0.0,0.0,4204.0,663.0,3096.0,537.0,0.74,0.0,0.81,0.0,39.51123595505618,0,1.0,0.0,0.0,0.0,0.0,0.0,0.0,0.0
NE,2021-10-09,2021,40,61,0.0,0.0,0.0,0.0,0.0,0.0,0.0,0.0,4164.0,659.0,3061.0,520.0,0.74,0.0,0.79,0.0,39.51123595505618,0,0.0,1.0,0.0,0.0,0.0,0.0,0.0,0.0
NE,2021-10-16,2021,41,62,0.0,0.0,1.0,0.0,0.0,0.0,0.0,0.0,4212.0,674.0,3102.0,540.0,0.74,0.0,0.8,0.0,39.51123595505618,0,0.0,0.0,0.0,0.0,0.0,0.0,0.0,0.0
NE,2021-10-23,2021,42,63,0.0,0.0,0.0,0.0,0.0,0.0,0.0,0.0,4214.0,681.0,3061.0,564.0,0.73,0.0,0.83,0.0,39.51123595505618,0,0.0,0.0,1.0,0.0,0.0,0.0,0.0,0.0
NE,2021-10-30,2021,43,64,0.0,0.0,0.0,0.0,0.0,0.0,0.0,0.0,4865.0,777.0,3746.0,650.0,0.77,0.0,0.84,0.0,39.51123595505618,0,0.0,0.0,0.0,0.0,0.0,0.0,0.0,0.0
NE,2021-11-06,2021,44,65,0.0,0.0,0.0,0.0,0.0,0.0,0.0,0.0,4387.0,697.0,3175.0,551.0,0.72,0.0,0.79,0.0,39.51123595505618,0,0.0,0.0,0.0,0.0,0.0,0.0,0.0,0.0
NE,2021-11-13,2021,45,66,4.0,0.0,1.0,0.0,0.0,0.0,0.0,0.0,4409.0,701.0,3321.0,576.0,0.75,0.0,0.82,0.0,39.51123595505618,0,0.0,0.0,0.0,0.0,0.0,0.0,0.0,0.0
NE,2021-11-20,2021,46,67,2.0,0.0,0.0,0.0,0.0,0.0,0.0,0.0,4440.0,709.0,3353.0,581.0,0.76,0.0,0.82,0.0,39.51123595505618,0,4.0,0.0,0.0,1.0,0.0,0.0,0.0,0.0
NE,2021-11-27,2021,47,68,0.0,0.0,3.0,0.0,0.0,0.0,0.0,0.0,4425.0,716.0,3177.0,578.0,0.72,0.0,0.81,0.0,39.51123595505618,0,2.0,4.0,0.0,0.0,0.0,0.0,0.0,0.0
NE,2021-12-04,2021,48,69,3.0,0.0,18.0,0.0,0.0,0.0,0.0,0.0,4441.0,711.0,3375.0,601.0,0.76,0.0,0.84,0.0,39.51123595505618,0,0.0,2.0,0.0,0.0,0.0,0.0,0.0,0.0
NE,2021-12-11,2021,49,70,4.0,2.0,22.0,0.0,0.0,0.0,0.0,0.0,4367.0,701.0,3389.0,599.0,0.78,0.0,0.85,0.0,39.51123595505618,0,3.0,0.0,4.0,0.0,0.0,0.0,0.0,0.0
NE,2021-12-18,2021,50,71,5.0,2.0,11.0,0.0,0.0,0.0,0.0,0.0,4834.0,793.0,3671.0,652.0,0.76,0.0,0.82,0.0,39.51123595505618,0,4.0,3.0,2.0,0.0,0.0,0.0,0.0,0.0
NE,2021-12-25,2021,51,72,11.0,5.0,30.0,0.0,0.0,0.0,0.0,0.0,4194.0,692.0,3047.0,579.0,0.73,0.0,0.84,0.01,39.51123595505618,0,5.0,4.0,0.0,0.0,0.0,0.0,0.0,0.0
NE,2022-01-01,2022,52,73,20.0,6.0,42.0,0.0,0.0,0.0,0.0,0.0,4259.0,690.0,3073.0,566.0,0.72,0.0,0.82,0.01,37.231147540983606,0,11.0,5.0,3.0,0.0,0.0,0.0,0.0,0.0
NE,2022-01-08,2022,1,74,20.0,7.0,31.0,0.0,0.0,0.0,0.0,0.0,4315.0,686.0,3258.0,554.0,0.76,0.0,0.81,0.01,37.231147540983606,0,20.0,11.0,4.0,4.0,0.0,0.0,0.0,0.0
NE,2022-01-15,2022,2,75,20.0,4.0,28.0,0.0,0.0,0.0,0.0,0.0,4226.0,688.0,3235.0,558.0,0.77,0.0,0.81,0.01,37.231147540983606,0,20.0,20.0,5.0,2.0,0.0,0.0,0.0,0.0
NE,2022-01-22,2022,3,76,15.0,5.0,18.0,0.0,0.0,0.0,0.0,0.0,4168.0,687.0,3116.0,539.0,0.75,0.0,0.78,0.01,37.231147540983606,0,20.0,20.0,11.0,0.0,0.0,0.0,0.0,0.0
NE,2022-01-29,2022,4,77,13.0,1.0,24.0,0.0,0.0,0.0,0.0,0.0,4160.0,686.0,3142.0,526.0,0.76,0.0,0.77,0.0,37.231147540983606,0,15.0,20.0,20.0,3.0,0.0,0.0,0.0,0.0
NE,2022-02-05,2022,5,78,12.0,1.0,34.0,0.0,0.0,0.0,0.0,0.0,4232.0,690.0,3186.0,527.0,0.75,0.0,0.76,0.0,37.231147540983606,0,13.0,15.0,20.0,4.0,0.0,0.0,0.0,0.0
NE,2022-02-12,2022,6,79,17.0,2.0,29.0,0.0,0.0,0.0,0.0,0.0,4275.0,684.0,3191.0,525.0,0.75,0.0,0.77,0.0,37.231147540983606,0,12.0,13.0,20.0,5.0,0.0,0.0,0.0,0.0
NE,2022-02-19,2022,7,80,12.0,1.0,32.0,0.0,0.0,0.0,0.0,0.0,4243.0,676.0,3091.0,532.0,0.73,0.0,0.79,0.0,37.231147540983606,0,17.0,12.0,15.0,11.0,0.0,0.0,0.0,0.0
NE,2022-02-26,2022,8,81,17.0,1.0,40.0,0.0,0.0,0.0,0.0,0.0,4268.0,680.0,3093.0,509.0,0.72,0.0,0.75,0.0,37.231147540983606,0,12.0,17.0,13.0,20.0,0.0,0.0,0.0,0.0
NE,2022-03-05,2022,9,82,15.0,1.0,53.0,0.0,0.0,0.0,0.0,0.0,4261.0,673.0,3090.0,501.0,0.73,0.0,0.74,0.0,37.231147540983606,0,17.0,12.0,12.0,20.0,0.0,0.0,0.0,0.0
NE,2022-03-12,2022,10,83,26.0,1.0,43.0,0.0,0.0,0.0,0.0,0.0,4257.0,673.0,3009.0,484.0,0.71,0.01,0.72,0.0,37.231147540983606,0,15.0,17.0,17.0,20.0,0.0,0.0,0.0,0.0
NE,2022-03-19,2022,11,84,20.0,0.0,61.0,0.0,0.0,0.0,0.0,0.0,4237.0,675.0,2983.0,478.0,0.7,0.0,0.71,0.0,37.231147540983606,0,26.0,15.0,12.0,15.0,0.01,0.0,0.0,0.0
NE,2022-03-26,2022,12,85,19.0,1.0,60.0,0.0,0.0,0.0,0.0,0.0,4272.0,676.0,3038.0,496.0,0.71,0.0,0.73,0.0,37.231147540983606,0,20.0,26.0,17.0,13.0,0.0,0.01,0.0,0.0
NE,2022-04-02,2022,13,86,18.0,3.0,25.0,0.0,0.0,0.0,0.0,0.0,4215.0,666.0,3010.0,492.0,0.71,0.0,0.74,0.0,37.231147540983606,0,19.0,20.0,15.0,12.0,0.0,0.0,0.0,0.0
NE,2022-04-09,2022,14,87,17.0,1.0,35.0,0.0,0.0,0.0,0.0,0.0,4194.0,664.0,2958.0,485.0,0.71,0.0,0.73,0.0,37.231147540983606,0,18.0,19.0,26.0,17.0,0.0,0.0,0.01,0.0
NE,2022-04-16,2022,15,88,15.0,1.0,29.0,0.0,0.0,0.0,0.0,0.0,4212.0,668.0,2962.0,489.0,0.7,0.0,0.73,0.0,37.231147540983606,0,17.0,18.0,20.0,12.0,0.0,0.0,0.0,0.0
NE,2022-04-23,2022,16,89,11.0,0.0,16.0,0.0,0.0,0.0,0.0,0.0,4222.0,670.0,2969.0,480.0,0.7,0.0,0.72,0.0,37.231147540983606,0,15.0,17.0,19.0,17.0,0.0,0.0,0.0,0.0
NE,2022-04-30,2022,17,90,9.0,1.0,16.0,0.0,0.0,0.0,0.0,0.0,4266.0,686.0,3029.0,475.0,0.71,0.0,0.69,0.0,37.231147540983606,0,11.0,15.0,18.0,15.0,0.0,0.0,0.0,0.0
NE,2022-05-07,2022,18,91,5.0,0.0,6.0,0.0,0.0,0.0,0.0,0.0,4206.0,668.0,3011.0,479.0,0.72,0.0,0.72,0.0,37.231147540983606,0,9.0,11.0,17.0,26.0,0.0,0.0,0.0,0.01
NE,2022-05-14,2022,19,92,4.0,0.0,4.0,0.0,0.0,0.0,0.0,0.0,4202.0,660.0,3013.0,470.0,0.72,0.0,0.71,0.0,37.231147540983606,0,5.0,9.0,15.0,20.0,0.0,0.0,0.0,0.0
NE,2022-05-21,2022,20,93,4.0,0.0,7.0,0.0,0.0,0.0,0.0,0.0,4252.0,667.0,3034.0,478.0,0.71,0.0,0.72,0.0,37.231147540983606,0,4.0,5.0,11.0,19.0,0.0,0.0,0.0,0.0
NE,2022-05-28,2022,21,94,5.0,0.0,3.0,0.0,0.0,0.0,0.0,0.0,4257.0,668.0,3020.0,482.0,0.71,0.0,0.72,0.0,37.231147540983606,0,4.0,4.0,9.0,18.0,0.0,0.0,0.0,0.0
NE,2022-06-04,2022,22,95,5.0,1.0,6.0,0.0,0.0,0.0,0.0,0.0,4265.0,664.0,3018.0,462.0,0.71,0.0,0.7,0.0,37.231147540983606,0,5.0,4.0,5.0,17.0,0.0,0.0,0.0,0.0
NE,2022-06-11,2022,23,96,7.0,3.0,9.0,0.0,0.0,0.0,0.0,0.0,4233.0,655.0,3011.0,469.0,0.71,0.0,0.72,0.0,37.231147540983606,0,5.0,5.0,4.0,15.0,0.0,0.0,0.0,0.0
NE,2022-06-18,2022,24,97,4.0,0.0,3.0,0.0,0.0,0.0,0.0,0.0,4267.0,662.0,3025.0,488.0,0.71,0.0,0.74,0.0,37.231147540983606,0,7.0,5.0,4.0,11.0,0.0,0.0,0.0,0.0
NE,2022-06-25,2022,25,98,3.0,0.0,6.0,0.0,0.0,0.0,0.0,0.0,4243.0,656.0,3039.0,493.0,0.72,0.0,0.75,0.0,37.231147540983606,0,4.0,7.0,5.0,9.0,0.0,0.0,0.0,0.0
NE,2022-07-02,2022,26,99,3.0,0.0,9.0,0.0,0.0,0.0,0.0,0.0,4280.0,662.0,3038.0,506.0,0.71,0.0,0.76,0.0,37.231147540983606,0,3.0,4.0,5.0,5.0,0.0,0.0,0.0,0.0
NE,2022-07-09,2022,27,100,4.0,0.0,5.0,0.0,0.0,0.0,0.0,0.0,4298.0,662.0,3019.0,513.0,0.7,0.0,0.78,0.0,37.231147540983606,0,3.0,3.0,7.0,4.0,0.0,0.0,0.0,0.0
NE,2022-07-16,2022,28,101,5.0,0.0,7.0,0.0,0.0,0.0,0.0,0.0,4290.0,667.0,3082.0,513.0,0.72,0.0,0.77,0.0,37.231147540983606,0,4.0,3.0,4.0,4.0,0.0,0.0,0.0,0.0
NE,2022-07-23,2022,29,102,4.0,1.0,1.0,0.0,0.0,0.0,0.0,0.0,4257.0,660.0,3070.0,505.0,0.72,0.0,0.76,0.0,37.231147540983606,0,5.0,4.0,3.0,5.0,0.0,0.0,0.0,0.0
NE,2022-07-30,2022,30,103,4.0,1.0,3.0,0.0,0.0,0.0,0.0,0.0,4252.0,662.0,3036.0,516.0,0.71,0.0,0.78,0.0,37.231147540983606,0,4.0,5.0,3.0,5.0,0.0,0.0,0.0,0.0
NE,2022-08-06,2022,31,104,4.0,2.0,3.0,0.0,0.0,0.0,0.0,0.0,4243.0,662.0,3057.0,498.0,0.72,0.0,0.75,0.0,37.231147540983606,0,4.0,4.0,4.0,7.0,0.0,0.0,0.0,0.0
NE,2022-08-13,2022,32,105,2.0,0.0,0.0,0.0,0.0,0.0,0.0,0.0,4269.0,665.0,3115.0,506.0,0.73,0.0,0.76,0.0,37.231147540983606,0,4.0,4.0,5.0,4.0,0.0,0.0,0.0,0.0
NE,2022-08-20,2022,33,106,4.0,1.0,6.0,0.0,0.0,0.0,0.0,0.0,4273.0,662.0,3082.0,487.0,0.72,0.0,0.74,0.0,37.231147540983606,0,2.0,4.0,4.0,3.0,0.0,0.0,0.0,0.0
NE,2022-08-27,2022,34,107,7.0,0.0,9.0,0.0,0.0,0.0,0.0,0.0,4284.0,666.0,3113.0,518.0,0.73,0.0,0.78,0.0,37.231147540983606,0,4.0,2.0,4.0,3.0,0.0,0.0,0.0,0.0
NE,2022-09-03,2022,35,108,6.0,0.0,8.0,0.0,0.0,0.0,0.0,0.0,4262.0,657.0,3082.0,504.0,0.72,0.0,0.77,0.0,37.231147540983606,0,7.0,4.0,4.0,4.0,0.0,0.0,0.0,0.0
NE,2022-09-10,2022,36,109,3.0,0.0,2.0,0.0,0.0,0.0,0.0,0.0,4277.0,664.0,3041.0,499.0,0.71,0.0,0.75,0.0,37.231147540983606,0,6.0,7.0,2.0,5.0,0.0,0.0,0.0,0.0
NE,2022-09-17,2022,37,110,7.0,0.0,9.0,0.0,0.0,0.0,0.0,0.0,4298.0,663.0,3125.0,525.0,0.73,0.0,0.79,0.0,37.231147540983606,0,3.0,6.0,4.0,4.0,0.0,0.0,0.0,0.0
NE,2022-09-24,2022,38,111,3.0,0.0,2.0,0.0,0.0,0.0,0.0,0.0,4281.0,654.0,3101.0,502.0,0.72,0.0,0.77,0.0,37.231147540983606,0,7.0,3.0,7.0,4.0,0.0,0.0,0.0,0.0
NE,2022-10-01,2022,39,112,22.0,0.0,18.0,0.0,0.0,0.0,0.0,0.0,4307.0,654.0,3124.0,494.0,0.73,0.01,0.76,0.0,37.231147540983606,0,3.0,7.0,6.0,4.0,0.0,0.0,0.0,0.0
NE,2022-10-08,2022,40,113,23.0,3.0,20.0,0.0,0.0,0.0,0.0,0.0,4331.0,641.0,3110.0,501.0,0.72,0.01,0.78,0.0,37.231147540983606,0,22.0,3.0,3.0,2.0,0.01,0.0,0.0,0.0
NE,2022-10-15,2022,41,114,27.0,7.0,11.0,0.0,0.0,0.0,0.0,0.0,4390.0,639.0,3203.0,509.0,0.73,0.01,0.8,0.01,37.231147540983606,0,23.0,22.0,7.0,4.0,0.01,0.01,0.0,0.0
NE,2022-10-22,2022,42,115,35.0,10.0,12.0,0.0,0.0,0.0,0.0,0.0,4488.0,624.0,3233.0,498.0,0.72,0.01,0.8,0.02,37.231147540983606,1,27.0,23.0,3.0,7.0,0.01,0.01,0.0,0.0
NE,2022-10-29,2022,43,116,32.0,11.0,12.0,0.0,0.0,0.0,0.0,0.0,4553.0,604.0,3320.0,491.0,0.73,0.01,0.81,0.02,37.231147540983606,1,35.0,27.0,22.0,6.0,0.01,0.01,0.01,0.0
NE,2022-11-05,2022,44,117,11.0,2.0,31.0,0.0,0.0,0.0,0.0,0.0,4525.0,616.0,3331.0,495.0,0.74,0.0,0.8,0.0,37.231147540983606,0,32.0,35.0,23.0,3.0,0.01,0.01,0.01,0.0
NE,2022-11-12,2022,45,118,11.0,2.0,24.0,0.0,0.0,0.0,0.0,0.0,4533.0,632.0,3316.0,506.0,0.73,0.0,0.8,0.0,37.231147540983606,0,11.0,32.0,27.0,7.0,0.0,0.01,0.01,0.0
NE,2022-11-19,2022,46,119,22.0,2.0,31.0,0.0,0.0,0.0,0.0,0.0,4531.0,626.0,3394.0,516.0,0.75,0.0,0.83,0.0,37.231147540983606,0,11.0,11.0,35.0,3.0,0.0,0.0,0.01,0.0
NE,2022-11-26,2022,47,120,47.0,5.0,60.0,0.0,0.0,0.0,0.0,0.0,4547.0,647.0,3124.0,485.0,0.69,0.01,0.75,0.01,37.231147540983606,1,22.0,11.0,32.0,22.0,0.0,0.0,0.01,0.01
NE,2022-12-03,2022,48,121,83.0,9.0,104.0,0.0,0.0,0.0,0.0,0.0,4551.0,641.0,3390.0,522.0,0.74,0.02,0.81,0.01,37.231147540983606,1,47.0,22.0,11.0,23.0,0.01,0.0,0.0,0.01
NE,2022-12-10,2022,49,122,86.0,12.0,122.0,0.0,0.0,0.0,0.0,0.0,4547.0,639.0,3452.0,525.0,0.76,0.02,0.82,0.02,37.231147540983606,1,83.0,47.0,11.0,27.0,0.02,0.01,0.0,0.01
NE,2022-12-17,2022,50,123,115.0,12.0,166.0,0.0,0.0,0.0,0.0,0.0,4734.0,650.0,3575.0,525.0,0.76,0.02,0.81,0.02,37.231147540983606,1,86.0,83.0,22.0,35.0,0.02,0.02,0.0,0.01
NE,2022-12-24,2022,51,124,108.0,16.0,140.0,0.0,0.0,0.0,0.0,0.0,4509.0,636.0,3212.0,518.0,0.71,0.02,0.81,0.02,37.231147540983606,1,115.0,86.0,47.0,32.0,0.02,0.02,0.01,0.01
NE,2022-12-31,2022,52,125,103.0,21.0,144.0,0.0,0.0,0.0,0.0,0.0,4483.0,628.0,3156.0,477.0,0.7,0.02,0.76,0.03,37.231147540983606,1,108.0,115.0,83.0,11.0,0.02,0.02,0.02,0.0
NH,2020-10-03,2020,40,8,1.0,0.0,1.0,0.0,0.0,0.0,0.5,0.5,2711.0,338.0,1773.0,176.0,0.65,0.0,0.52,0.0,43.49081632653061,0,1.0,1.0,1.0,1.0,0.0,0.0,0.0,0.0
NH,2020-10-10,2020,41,9,1.0,0.0,1.0,0.0,0.0,0.0,0.5,0.5,2709.0,338.0,1753.0,178.0,0.65,0.0,0.53,0.0,43.49081632653061,0,1.0,1.0,1.0,1.0,0.0,0.0,0.0,0.0
NH,2020-10-17,2020,42,10,0.0,0.0,0.0,0.0,0.0,0.0,0.5,0.5,2709.0,338.0,1680.0,165.0,0.62,0.0,0.49,0.0,43.49081632653061,0,1.0,1.0,1.0,1.0,0.0,0.0,0.0,0.0
NH,2020-10-24,2020,43,11,0.0,0.0,0.0,0.0,0.0,0.0,0.5,0.5,2710.0,338.0,1751.0,170.0,0.65,0.0,0.5,0.0,43.49081632653061,0,0.0,1.0,1.0,1.0,0.0,0.0,0.0,0.0
NH,2020-10-31,2020,44,12,0.0,0.0,0.0,0.0,0.0,0.0,0.5,0.5,2718.0,338.0,1728.0,174.0,0.64,0.0,0.51,0.0,43.49081632653061,0,0.0,0.0,1.0,1.0,0.0,0.0,0.0,0.0
NH,2020-11-07,2020,45,13,0.0,0.0,0.0,0.0,0.0,0.0,0.5,0.5,2719.0,338.0,1759.0,179.0,0.65,0.0,0.53,0.0,43.49081632653061,0,0.0,0.0,1.0,1.0,0.0,0.0,0.0,0.0
NH,2020-11-14,2020,46,14,0.0,0.0,0.0,0.0,0.0,0.0,0.5,0.5,2721.0,338.0,1794.0,183.0,0.66,0.0,0.54,0.0,43.49081632653061,0,0.0,0.0,0.0,1.0,0.0,0.0,0.0,0.0
NH,2020-11-21,2020,47,15,1.0,0.0,1.0,0.0,0.0,0.0,0.5,0.5,2637.0,338.0,1748.0,181.0,0.66,0.0,0.53,0.0,43.49081632653061,0,0.0,0.0,0.0,1.0,0.0,0.0,0.0,0.0
NH,2020-11-28,2020,48,16,0.0,0.0,0.0,0.0,0.0,0.0,0.5,0.5,2604.0,338.0,1673.0,184.0,0.64,0.0,0.54,0.0,43.49081632653061,0,1.0,0.0,0.0,1.0,0.0,0.0,0.0,0.0
NH,2020-12-05,2020,49,17,0.0,0.0,0.0,0.0,0.0,0.0,0.5,0.5,2604.0,338.0,1804.0,179.0,0.69,0.0,0.53,0.0,43.49081632653061,0,0.0,1.0,0.0,1.0,0.0,0.0,0.0,0.0
NH,2020-12-12,2020,50,18,0.0,0.0,0.0,0.0,0.0,0.0,0.5,0.5,2604.0,338.0,1839.0,189.0,0.71,0.0,0.56,0.0,43.49081632653061,0,0.0,0.0,0.0,0.0,0.0,0.0,0.0,0.0
NH,2020-12-19,2020,51,19,1.0,0.0,0.0,0.0,0.0,0.0,0.5,0.5,2604.0,337.0,1803.0,185.0,0.69,0.0,0.55,0.0,43.49081632653061,0,0.0,0.0,1.0,0.0,0.0,0.0,0.0,0.0
NH,2020-12-26,2020,52,20,0.0,0.0,0.0,0.0,0.0,0.0,0.5,0.5,2605.0,338.0,1688.0,179.0,0.65,0.0,0.53,0.0,43.49081632653061,0,1.0,0.0,0.0,0.0,0.0,0.0,0.0,0.0
NH,2021-01-02,2021,53,21,1.0,1.0,1.0,0.0,0.0,0.0,0.5,0.5,2606.0,338.0,1752.0,186.0,0.67,0.0,0.55,0.0,42.68439306358381,0,0.0,1.0,0.0,0.0,0.0,0.0,0.0,0.0
NH,2021-01-09,2021,1,22,1.0,1.0,0.0,0.0,0.0,0.0,0.5,0.5,2608.0,339.0,1862.0,200.0,0.71,0.0,0.59,0.0,42.68439306358381,0,1.0,0.0,0.0,0.0,0.0,0.0,0.0,0.0
NH,2021-01-16,2021,2,23,0.0,0.0,0.0,0.0,0.0,0.0,0.5,0.5,2606.0,339.0,1837.0,184.0,0.7,0.0,0.54,0.0,42.68439306358381,0,1.0,1.0,1.0,1.0,0.0,0.0,0.0,0.0
NH,2021-01-23,2021,3,24,1.0,0.0,1.0,0.0,0.0,0.0,0.5,0.5,2614.0,339.0,1829.0,188.0,0.7,0.0,0.56,0.0,42.68439306358381,0,0.0,1.0,0.0,0.0,0.0,0.0,0.0,0.0
NH,2021-01-30,2021,4,25,1.0,0.0,1.0,0.0,0.0,0.0,0.5,0.5,2613.0,339.0,1822.0,191.0,0.7,0.0,0.56,0.0,42.68439306358381,0,1.0,0.0,1.0,0.0,0.0,0.0,0.0,0.0
NH,2021-02-06,2021,5,26,1.0,0.0,0.0,0.0,0.0,0.0,0.5,0.5,2612.0,338.0,1808.0,191.0,0.69,0.0,0.56,0.0,42.68439306358381,0,1.0,1.0,1.0,0.0,0.0,0.0,0.0,0.0
NH,2021-02-13,2021,6,27,0.0,0.0,1.0,0.0,0.0,0.0,0.5,0.5,2614.0,338.0,1806.0,188.0,0.69,0.0,0.56,0.0,42.68439306358381,0,1.0,1.0,0.0,1.0,0.0,0.0,0.0,0.0
NH,2021-02-20,2021,7,28,1.0,0.0,1.0,0.0,0.0,0.0,0.5,0.5,2617.0,338.0,1782.0,180.0,0.68,0.0,0.53,0.0,42.68439306358381,0,0.0,1.0,1.0,0.0,0.0,0.0,0.0,0.0
NH,2021-02-27,2021,8,29,1.0,0.0,0.0,0.0,0.0,0.0,0.5,0.5,2616.0,338.0,1780.0,183.0,0.68,0.0,0.54,0.0,42.68439306358381,0,1.0,0.0,1.0,1.0,0.0,0.0,0.0,0.0
NH,2021-03-06,2021,9,30,0.0,0.0,0.0,0.0,0.0,0.0,0.5,0.5,2618.0,338.0,1779.0,185.0,0.68,0.0,0.55,0.0,42.68439306358381,0,1.0,1.0,1.0,1.0,0.0,0.0,0.0,0.0
NH,2021-03-13,2021,10,31,0.0,0.0,0.0,0.0,0.0,0.0,0.5,0.5,2618.0,338.0,1808.0,191.0,0.69,0.0,0.57,0.0,42.68439306358381,0,0.0,1.0,0.0,0.0,0.0,0.0,0.0,0.0
NH,2021-03-20,2021,11,32,0.0,0.0,0.0,0.0,0.0,0.0,0.5,0.5,2619.0,339.0,1804.0,183.0,0.69,0.0,0.54,0.0,42.68439306358381,0,0.0,0.0,1.0,1.0,0.0,0.0,0.0,0.0
NH,2021-03-27,2021,12,33,0.0,0.0,0.0,0.0,0.0,0.0,0.5,0.5,2618.0,338.0,1793.0,194.0,0.68,0.0,0.57,0.0,42.68439306358381,0,0.0,0.0,1.0,1.0,0.0,0.0,0.0,0.0
NH,2021-04-03,2021,13,34,0.0,0.0,0.0,0.0,0.0,0.0,0.5,0.5,2618.0,339.0,1746.0,180.0,0.67,0.0,0.53,0.0,42.68439306358381,0,0.0,0.0,0.0,1.0,0.0,0.0,0.0,0.0
NH,2021-04-10,2021,14,35,0.0,0.0,1.0,0.0,0.0,0.0,0.5,0.5,2619.0,338.0,1781.0,184.0,0.68,0.0,0.54,0.0,42.68439306358381,0,0.0,0.0,0.0,0.0,0.0,0.0,0.0,0.0
NH,2021-04-17,2021,15,36,0.0,0.0,1.0,0.0,0.0,0.0,0.5,0.5,2618.0,338.0,1874.0,189.0,0.72,0.0,0.56,0.0,42.68439306358381,0,0.0,0.0,0.0,1.0,0.0,0.0,0.0,0.0
NH,2021-04-24,2021,16,37,1.0,0.0,1.0,0.0,0.0,0.0,0.5,0.5,2617.0,338.0,1842.0,189.0,0.7,0.0,0.56,0.0,42.68439306358381,0,0.0,0.0,0.0,1.0,0.0,0.0,0.0,0.0
NH,2021-05-01,2021,17,38,0.0,0.0,0.0,0.0,0.0,0.0,0.5,0.5,2611.0,338.0,1801.0,182.0,0.69,0.0,0.54,0.0,42.68439306358381,0,1.0,0.0,0.0,0.0,0.0,0.0,0.0,0.0
NH,2021-05-08,2021,18,39,1.0,0.0,3.0,0.0,0.0,0.0,0.5,0.5,2610.0,337.0,1800.0,186.0,0.69,0.0,0.55,0.0,42.68439306358381,0,0.0,1.0,0.0,0.0,0.0,0.0,0.0,0.0
NH,2021-05-15,2021,19,40,1.0,0.0,0.0,0.0,0.0,0.0,0.5,0.5,2611.0,338.0,1807.0,186.0,0.69,0.0,0.55,0.0,42.68439306358381,0,1.0,0.0,0.0,0.0,0.0,0.0,0.0,0.0
NH,2021-05-22,2021,20,41,0.0,0.0,0.0,0.0,0.0,0.0,0.5,0.5,2611.0,338.0,1833.0,203.0,0.7,0.0,0.6,0.0,42.68439306358381,0,1.0,1.0,1.0,0.0,0.0,0.0,0.0,0.0
NH,2021-05-29,2021,21,42,0.0,0.0,0.0,0.0,0.0,0.0,0.5,0.5,2610.0,338.0,1790.0,186.0,0.69,0.0,0.55,0.0,42.68439306358381,0,0.0,1.0,0.0,0.0,0.0,0.0,0.0,0.0
NH,2021-06-05,2021,22,43,0.0,0.0,0.0,0.0,0.0,0.0,0.5,0.5,2612.0,338.0,1784.0,190.0,0.68,0.0,0.56,0.0,42.68439306358381,0,0.0,0.0,1.0,0.0,0.0,0.0,0.0,0.0
NH,2021-06-12,2021,23,44,1.0,0.0,0.0,0.0,0.0,0.0,0.5,0.5,2611.0,338.0,1819.0,191.0,0.7,0.0,0.57,0.0,42.68439306358381,0,0.0,0.0,1.0,0.0,0.0,0.0,0.0,0.0
NH,2021-06-19,2021,24,45,1.0,0.0,0.0,0.0,0.0,0.0,0.5,0.5,2612.0,339.0,1836.0,191.0,0.7,0.0,0.56,0.0,42.68439306358381,0,1.0,0.0,0.0,1.0,0.0,0.0,0.0,0.0
NH,2021-06-26,2021,25,46,1.0,0.0,0.0,0.0,0.0,0.0,0.5,0.5,2610.0,338.0,1805.0,182.0,0.69,0.0,0.54,0.0,42.68439306358381,0,1.0,1.0,0.0,0.0,0.0,0.0,0.0,0.0
NH,2021-07-03,2021,26,47,1.0,0.0,0.0,0.0,0.0,0.0,0.5,0.5,2610.0,338.0,1825.0,188.0,0.7,0.0,0.56,0.0,42.68439306358381,0,1.0,1.0,0.0,1.0,0.0,0.0,0.0,0.0
NH,2021-07-10,2021,27,48,1.0,0.0,0.0,0.0,0.0,0.0,0.5,0.5,2768.0,349.0,1921.0,197.0,0.69,0.0,0.57,0.0,42.68439306358381,0,1.0,1.0,1.0,1.0,0.0,0.0,0.0,0.0
NH,2021-07-17,2021,28,49,1.0,0.0,0.0,0.0,0.0,0.0,0.5,0.5,2618.0,339.0,1821.0,191.0,0.7,0.0,0.56,0.0,42.68439306358381,0,1.0,1.0,1.0,0.0,0.0,0.0,0.0,0.0
NH,2021-07-24,2021,29,50,1.0,0.0,0.0,0.0,0.0,0.0,0.5,0.5,2616.0,340.0,1847.0,194.0,0.71,0.0,0.57,0.0,42.68439306358381,0,1.0,1.0,1.0,0.0,0.0,0.0,0.0,0.0
NH,2021-07-31,2021,30,51,1.0,0.0,0.0,0.0,0.0,0.0,0.5,0.5,2615.0,340.0,1846.0,196.0,0.71,0.0,0.58,0.0,42.68439306358381,0,1.0,1.0,1.0,0.0,0.0,0.0,0.0,0.0
NH,2021-08-07,2021,31,52,1.0,0.0,0.0,0.0,0.0,0.0,0.5,0.5,2615.0,341.0,1841.0,196.0,0.7,0.0,0.58,0.0,42.68439306358381,0,1.0,1.0,1.0,1.0,0.0,0.0,0.0,0.0
NH,2021-08-14,2021,32,53,1.0,0.0,0.0,0.0,0.0,0.0,0.5,0.5,2598.0,336.0,1824.0,185.0,0.7,0.0,0.55,0.0,42.68439306358381,0,1.0,1.0,1.0,1.0,0.0,0.0,0.0,0.0
NH,2021-08-21,2021,33,54,1.0,0.0,0.0,0.0,0.0,0.0,0.5,0.5,2549.0,333.0,1812.0,182.0,0.71,0.0,0.55,0.0,42.68439306358381,0,1.0,1.0,1.0,1.0,0.0,0.0,0.0,0.0
NH,2021-08-28,2021,34,55,1.0,0.0,0.0,0.0,0.0,0.0,0.5,0.5,2538.0,331.0,1878.0,193.0,0.74,0.0,0.58,0.0,42.68439306358381,0,1.0,1.0,1.0,1.0,0.0,0.0,0.0,0.0
NH,2021-09-04,2021,35,56,1.0,0.0,0.0,0.0,0.0,0.0,0.5,0.5,2546.0,328.0,1906.0,195.0,0.75,0.0,0.59,0.0,42.68439306358381,0,1.0,1.0,1.0,1.0,0.0,0.0,0.0,0.0
NH,2021-09-11,2021,36,57,1.0,0.0,0.0,0.0,0.0,0.0,0.5,0.5,2537.0,329.0,1865.0,202.0,0.74,0.0,0.61,0.0,42.68439306358381,0,1.0,1.0,1.0,1.0,0.0,0.0,0.0,0.0
NH,2021-09-18,2021,37,58,1.0,0.0,0.0,0.0,0.0,0.0,0.5,0.5,2502.0,287.0,1917.0,198.0,0.77,0.0,0.69,0.0,42.68439306358381,0,1.0,1.0,1.0,1.0,0.0,0.0,0.0,0.0
NH,2021-09-25,2021,38,59,1.0,0.0,0.0,0.0,0.0,0.0,0.5,0.5,2484.0,275.0,1870.0,194.0,0.75,0.0,0.7,0.0,42.68439306358381,0,1.0,1.0,1.0,1.0,0.0,0.0,0.0,0.0
NH,2021-10-02,2021,39,60,2.0,0.0,1.0,0.0,0.0,0.0,0.5,0.5,2479.0,273.0,1905.0,198.0,0.77,0.0,0.73,0.0,42.68439306358381,0,1.0,1.0,1.0,1.0,0.0,0.0,0.0,0.0
NH,2021-10-09,2021,40,61,1.0,0.0,0.0,0.0,0.0,0.0,0.5,0.5,2489.0,271.0,1934.0,197.0,0.78,0.0,0.72,0.0,42.68439306358381,0,2.0,1.0,1.0,1.0,0.0,0.0,0.0,0.0
NH,2021-10-16,2021,41,62,2.0,1.0,12.0,0.0,0.0,0.0,0.5,0.5,2486.0,269.0,1916.0,187.0,0.77,0.0,0.7,0.0,42.68439306358381,0,1.0,2.0,1.0,1.0,0.0,0.0,0.0,0.0
NH,2021-10-23,2021,42,63,2.0,1.0,1.0,0.0,0.0,0.0,0.5,0.5,2482.0,268.0,1951.0,189.0,0.79,0.0,0.7,0.0,42.68439306358381,0,2.0,1.0,1.0,1.0,0.0,0.0,0.0,0.0
NH,2021-10-30,2021,43,64,1.0,0.0,0.0,0.0,0.0,0.0,0.5,0.5,2490.0,273.0,1925.0,203.0,0.77,0.0,0.75,0.0,42.68439306358381,0,2.0,2.0,2.0,1.0,0.0,0.0,0.0,0.0
NH,2021-11-06,2021,44,65,1.0,0.0,0.0,0.0,0.0,0.0,0.5,0.5,2498.0,275.0,1946.0,204.0,0.78,0.0,0.74,0.0,42.68439306358381,0,1.0,2.0,1.0,1.0,0.0,0.0,0.0,0.0
NH,2021-11-13,2021,45,66,1.0,0.0,1.0,0.0,0.0,0.0,0.5,0.5,2490.0,280.0,1951.0,204.0,0.78,0.0,0.73,0.0,42.68439306358381,0,1.0,1.0,2.0,1.0,0.0,0.0,0.0,0.0
NH,2021-11-20,2021,46,67,1.0,0.0,0.0,0.0,0.0,0.0,0.5,0.5,2482.0,279.0,1952.0,203.0,0.79,0.0,0.73,0.0,42.68439306358381,0,1.0,1.0,2.0,1.0,0.0,0.0,0.0,0.0
NH,2021-11-27,2021,47,68,3.0,1.0,2.0,0.0,0.0,0.0,0.5,0.5,2476.0,279.0,1898.0,201.0,0.77,0.0,0.72,0.0,42.68439306358381,0,1.0,1.0,1.0,2.0,0.0,0.0,0.0,0.0
NH,2021-12-04,2021,48,69,3.0,1.0,1.0,0.0,0.0,0.0,0.5,0.5,2490.0,283.0,2000.0,215.0,0.8,0.0,0.76,0.0,42.68439306358381,0,3.0,1.0,1.0,1.0,0.0,0.0,0.0,0.0
NH,2021-12-11,2021,49,70,3.0,1.0,3.0,0.0,0.0,0.0,0.5,0.5,2492.0,281.0,1993.0,221.0,0.8,0.0,0.79,0.0,42.68439306358381,0,3.0,3.0,1.0,2.0,0.0,0.0,0.0,0.0
NH,2021-12-18,2021,50,71,3.0,1.0,9.0,0.0,0.0,0.0,0.5,0.5,2489.0,287.0,1981.0,235.0,0.8,0.0,0.82,0.0,42.68439306358381,0,3.0,3.0,1.0,2.0,0.0,0.0,0.0,0.0
NH,2021-12-25,2021,51,72,5.0,1.0,5.0,0.0,0.0,0.0,0.5,0.5,2450.0,283.0,1884.0,229.0,0.77,0.0,0.81,0.0,42.68439306358381,0,3.0,3.0,3.0,1.0,0.0,0.0,0.0,0.0
NH,2022-01-01,2022,52,73,6.0,0.0,6.0,0.0,0.0,0.0,0.5,0.5,2439.0,283.0,1883.0,218.0,0.77,0.0,0.77,0.0,41.59649122807018,0,5.0,3.0,3.0,1.0,0.0,0.0,0.0,0.0
NH,2022-01-08,2022,1,74,4.0,0.0,4.0,0.0,0.0,0.0,0.5,0.5,2452.0,283.0,1958.0,215.0,0.8,0.0,0.76,0.0,41.59649122807018,0,6.0,5.0,3.0,1.0,0.0,0.0,0.0,0.0
NH,2022-01-15,2022,2,75,2.0,0.0,1.0,0.0,0.0,0.0,0.5,0.5,2445.0,285.0,1987.0,220.0,0.81,0.0,0.77,0.0,41.59649122807018,0,4.0,6.0,3.0,1.0,0.0,0.0,0.0,0.0
NH,2022-01-22,2022,3,76,2.0,0.0,2.0,0.0,0.0,0.0,0.5,0.5,2432.0,292.0,1992.0,221.0,0.82,0.0,0.75,0.0,41.59649122807018,0,2.0,4.0,5.0,3.0,0.0,0.0,0.0,0.0
NH,2022-01-29,2022,4,77,3.0,1.0,1.0,0.0,0.0,0.0,0.5,0.5,2436.0,290.0,1951.0,216.0,0.8,0.0,0.75,0.0,41.59649122807018,0,2.0,2.0,6.0,3.0,0.0,0.0,0.0,0.0
NH,2022-02-05,2022,5,78,3.0,0.0,1.0,0.0,0.0,0.0,0.5,0.5,2433.0,288.0,1970.0,216.0,0.81,0.0,0.75,0.0,41.59649122807018,0,3.0,2.0,4.0,3.0,0.0,0.0,0.0,0.0
NH,2022-02-12,2022,6,79,3.0,0.0,9.0,0.0,0.0,0.0,0.5,0.5,2481.0,299.0,1980.0,215.0,0.8,0.0,0.72,0.0,41.59649122807018,0,3.0,3.0,2.0,3.0,0.0,0.0,0.0,0.0
NH,2022-02-19,2022,7,80,1.0,0.0,7.0,0.0,0.0,0.0,0.5,0.5,2444.0,289.0,1942.0,203.0,0.79,0.0,0.7,0.0,41.59649122807018,0,3.0,3.0,2.0,5.0,0.0,0.0,0.0,0.0
NH,2022-02-26,2022,8,81,0.0,0.0,0.0,0.0,0.0,0.0,0.5,0.5,2451.0,293.0,1912.0,201.0,0.78,0.0,0.69,0.0,41.59649122807018,0,1.0,3.0,3.0,6.0,0.0,0.0,0.0,0.0
NH,2022-03-05,2022,9,82,1.0,0.0,2.0,0.0,0.0,0.0,0.5,0.5,2439.0,292.0,1910.0,205.0,0.78,0.0,0.7,0.0,41.59649122807018,0,0.0,1.0,3.0,4.0,0.0,0.0,0.0,0.0
NH,2022-03-12,2022,10,83,1.0,0.0,14.0,0.0,0.0,0.0,0.5,0.5,2442.0,292.0,1875.0,199.0,0.77,0.0,0.68,0.0,41.59649122807018,0,1.0,0.0,3.0,2.0,0.0,0.0,0.0,0.0
NH,2022-03-19,2022,11,84,1.0,0.0,10.0,0.0,0.0,0.0,0.5,0.5,2449.0,293.0,1895.0,202.0,0.77,0.0,0.69,0.0,41.59649122807018,0,1.0,1.0,1.0,2.0,0.0,0.0,0.0,0.0
NH,2022-03-26,2022,12,85,3.0,1.0,7.0,0.0,0.0,0.0,0.5,0.5,2450.0,293.0,1909.0,194.0,0.78,0.0,0.66,0.0,41.59649122807018,0,1.0,1.0,0.0,3.0,0.0,0.0,0.0,0.0
NH,2022-04-02,2022,13,86,6.0,1.0,6.0,0.0,0.0,0.0,0.5,0.5,2455.0,292.0,1870.0,185.0,0.76,0.0,0.63,0.0,41.59649122807018,0,3.0,1.0,1.0,3.0,0.0,0.0,0.0,0.0
NH,2022-04-09,2022,14,87,4.0,0.0,13.0,0.0,0.0,0.0,0.5,0.5,2451.0,294.0,1877.0,192.0,0.77,0.0,0.65,0.0,41.59649122807018,0,6.0,3.0,1.0,3.0,0.0,0.0,0.0,0.0
NH,2022-04-16,2022,15,88,7.0,1.0,17.0,0.0,0.0,0.0,0.5,0.5,2448.0,291.0,1857.0,185.0,0.76,0.0,0.64,0.0,41.59649122807018,0,4.0,6.0,1.0,1.0,0.0,0.0,0.0,0.0
NH,2022-04-23,2022,16,89,12.0,1.0,28.0,0.0,0.0,0.0,0.5,0.5,2445.0,289.0,1838.0,188.0,0.75,0.0,0.65,0.0,41.59649122807018,0,7.0,4.0,3.0,0.0,0.0,0.0,0.0,0.0
NH,2022-04-30,2022,17,90,14.0,0.0,24.0,0.0,0.0,0.0,0.5,0.5,2442.0,291.0,1889.0,196.0,0.77,0.01,0.67,0.0,41.59649122807018,0,12.0,7.0,6.0,1.0,0.0,0.0,0.0,0.0
NH,2022-05-07,2022,18,91,11.0,1.0,21.0,0.0,0.0,0.0,0.5,0.5,2436.0,293.0,1856.0,196.0,0.76,0.0,0.67,0.0,41.59649122807018,0,14.0,12.0,4.0,1.0,0.01,0.0,0.0,0.0
NH,2022-05-14,2022,19,92,10.0,0.0,14.0,0.0,0.0,0.0,0.5,0.5,2439.0,295.0,1929.0,206.0,0.79,0.0,0.7,0.0,41.59649122807018,0,11.0,14.0,7.0,1.0,0.0,0.01,0.0,0.0
NH,2022-05-21,2022,20,93,8.0,0.0,13.0,0.0,0.0,0.0,0.5,0.5,2440.0,293.0,1981.0,211.0,0.81,0.0,0.72,0.0,41.59649122807018,0,10.0,11.0,12.0,3.0,0.0,0.0,0.0,0.0
NH,2022-05-28,2022,21,94,5.0,0.0,6.0,0.0,0.0,0.0,0.5,0.5,2443.0,294.0,1988.0,211.0,0.81,0.0,0.72,0.0,41.59649122807018,0,8.0,10.0,14.0,6.0,0.0,0.0,0.01,0.0
NH,2022-06-04,2022,22,95,5.0,0.0,6.0,0.0,0.0,0.0,0.5,0.5,2441.0,294.0,1931.0,208.0,0.79,0.0,0.71,0.0,41.59649122807018,0,5.0,8.0,11.0,4.0,0.0,0.0,0.0,0.0
NH,2022-06-11,2022,23,96,2.0,0.0,4.0,0.0,0.0,0.0,0.5,0.5,2441.0,292.0,1962.0,207.0,0.8,0.0,0.71,0.0,41.59649122807018,0,5.0,5.0,10.0,7.0,0.0,0.0,0.0,0.0
NH,2022-06-18,2022,24,97,2.0,0.0,1.0,0.0,0.0,0.0,0.5,0.5,2482.0,305.0,2009.0,225.0,0.81,0.0,0.74,0.0,41.59649122807018,0,2.0,5.0,8.0,12.0,0.0,0.0,0.0,0.0
NH,2022-06-25,2022,25,98,1.0,1.0,1.0,0.0,0.0,0.0,0.5,0.5,2430.0,293.0,1937.0,211.0,0.8,0.0,0.72,0.0,41.59649122807018,0,2.0,2.0,5.0,14.0,0.0,0.0,0.0,0.01
NH,2022-07-02,2022,26,99,1.0,0.0,0.0,0.0,0.0,0.0,0.5,0.5,2425.0,293.0,1925.0,195.0,0.79,0.0,0.67,0.0,41.59649122807018,0,1.0,2.0,5.0,11.0,0.0,0.0,0.0,0.0
NH,2022-07-09,2022,27,100,0.0,0.0,1.0,0.0,0.0,0.0,0.5,0.5,2427.0,292.0,1905.0,197.0,0.78,0.0,0.67,0.0,41.59649122807018,0,1.0,1.0,2.0,10.0,0.0,0.0,0.0,0.0
NH,2022-07-16,2022,28,101,0.0,0.0,0.0,0.0,0.0,0.0,0.5,0.5,2472.0,305.0,1944.0,213.0,0.79,0.0,0.7,0.0,41.59649122807018,0,0.0,1.0,2.0,8.0,0.0,0.0,0.0,0.0
NH,2022-07-23,2022,29,102,0.0,0.0,1.0,0.0,0.0,0.0,0.5,0.5,2431.0,292.0,1914.0,197.0,0.79,0.0,0.67,0.0,41.59649122807018,0,0.0,0.0,1.0,5.0,0.0,0.0,0.0,0.0
NH,2022-07-30,2022,30,103,0.0,0.0,1.0,0.0,0.0,0.0,0.5,0.5,2422.0,289.0,1894.0,194.0,0.78,0.0,0.67,0.0,41.59649122807018,0,0.0,0.0,1.0,5.0,0.0,0.0,0.0,0.0
NH,2022-08-06,2022,31,104,0.0,0.0,0.0,0.0,0.0,0.0,0.5,0.5,2428.0,291.0,1893.0,197.0,0.78,0.0,0.68,0.0,41.59649122807018,0,0.0,0.0,0.0,2.0,0.0,0.0,0.0,0.0
NH,2022-08-13,2022,32,105,0.0,0.0,0.0,0.0,0.0,0.0,0.5,0.5,2424.0,291.0,1881.0,197.0,0.78,0.0,0.68,0.0,41.59649122807018,0,0.0,0.0,0.0,2.0,0.0,0.0,0.0,0.0
NH,2022-08-20,2022,33,106,0.0,0.0,0.0,0.0,0.0,0.0,0.5,0.5,2428.0,291.0,1904.0,196.0,0.78,0.0,0.68,0.0,41.59649122807018,0,0.0,0.0,0.0,1.0,0.0,0.0,0.0,0.0
NH,2022-08-27,2022,34,107,0.0,0.0,0.0,0.0,0.0,0.0,0.5,0.5,2428.0,292.0,1913.0,193.0,0.79,0.0,0.66,0.0,41.59649122807018,0,0.0,0.0,0.0,1.0,0.0,0.0,0.0,0.0
NH,2022-09-03,2022,35,108,0.0,0.0,0.0,0.0,0.0,0.0,0.5,0.5,2429.0,293.0,1924.0,195.0,0.79,0.0,0.67,0.0,41.59649122807018,0,0.0,0.0,0.0,0.0,0.0,0.0,0.0,0.0
NH,2022-09-10,2022,36,109,0.0,0.0,0.0,0.0,0.0,0.0,0.5,0.5,2430.0,292.0,1911.0,208.0,0.79,0.0,0.71,0.0,41.59649122807018,0,0.0,0.0,0.0,0.0,0.0,0.0,0.0,0.0
NH,2022-09-17,2022,37,110,1.0,0.0,3.0,0.0,0.0,0.0,0.5,0.5,2430.0,288.0,1968.0,214.0,0.81,0.0,0.74,0.0,41.59649122807018,0,0.0,0.0,0.0,0.0,0.0,0.0,0.0,0.0
NH,2022-09-24,2022,38,111,1.0,0.0,1.0,0.0,0.0,0.0,0.5,0.5,2435.0,291.0,1960.0,206.0,0.8,0.0,0.71,0.0,41.59649122807018,0,1.0,0.0,0.0,0.0,0.0,0.0,0.0,0.0
NH,2022-10-01,2022,39,112,0.0,0.0,1.0,0.0,0.0,0.0,0.5,0.5,2432.0,294.0,1956.0,214.0,0.8,0.0,0.73,0.0,41.59649122807018,0,1.0,1.0,0.0,0.0,0.0,0.0,0.0,0.0
NH,2022-10-08,2022,40,113,0.0,0.0,0.0,0.0,0.0,0.0,0.5,0.5,2420.0,292.0,1955.0,213.0,0.81,0.0,0.73,0.0,41.59649122807018,0,0.0,1.0,0.0,0.0,0.0,0.0,0.0,0.0
NH,2022-10-15,2022,41,114,0.0,0.0,0.0,0.0,0.0,0.0,0.5,0.5,2430.0,292.0,1957.0,207.0,0.81,0.0,0.71,0.0,41.59649122807018,0,0.0,0.0,1.0,0.0,0.0,0.0,0.0,0.0
NH,2022-10-22,2022,42,115,1.0,0.0,1.0,0.0,0.0,0.0,0.5,0.5,2431.0,292.0,1979.0,219.0,0.81,0.0,0.75,0.0,41.59649122807018,0,0.0,0.0,1.0,0.0,0.0,0.0,0.0,0.0
NH,2022-10-29,2022,43,116,1.0,0.0,0.0,0.0,0.0,0.0,0.5,0.5,2429.0,294.0,1955.0,211.0,0.8,0.0,0.72,0.0,41.59649122807018,0,1.0,0.0,0.0,0.0,0.0,0.0,0.0,0.0
NH,2022-11-05,2022,44,117,1.0,0.0,3.0,0.0,0.0,0.0,0.5,0.5,2429.0,292.0,1950.0,209.0,0.8,0.0,0.72,0.0,41.59649122807018,0,1.0,1.0,0.0,0.0,0.0,0.0,0.0,0.0
NH,2022-11-12,2022,45,118,5.0,1.0,3.0,0.0,0.0,0.0,0.5,0.5,2390.0,292.0,1964.0,210.0,0.82,0.0,0.72,0.0,41.59649122807018,0,1.0,1.0,0.0,1.0,0.0,0.0,0.0,0.0
NH,2022-11-19,2022,46,119,5.0,1.0,9.0,0.0,0.0,0.0,0.5,0.5,2339.0,292.0,1960.0,217.0,0.84,0.0,0.74,0.0,41.59649122807018,0,5.0,1.0,1.0,1.0,0.0,0.0,0.0,0.0
NH,2022-11-26,2022,47,120,6.0,1.0,9.0,0.0,0.0,0.0,0.5,0.5,2325.0,290.0,1897.0,213.0,0.82,0.0,0.73,0.0,41.59649122807018,0,5.0,5.0,1.0,0.0,0.0,0.0,0.0,0.0
NH,2022-12-03,2022,48,121,21.0,1.0,29.0,0.0,0.0,0.0,0.5,0.5,2504.0,300.0,2143.0,216.0,0.86,0.01,0.72,0.0,41.59649122807018,1,6.0,5.0,1.0,0.0,0.0,0.0,0.0,0.0
NH,2022-12-10,2022,49,122,37.0,5.0,65.0,0.0,0.0,0.0,0.5,0.5,2344.0,290.0,1996.0,216.0,0.85,0.02,0.75,0.02,41.59649122807018,1,21.0,6.0,5.0,0.0,0.01,0.0,0.0,0.0
NH,2022-12-17,2022,50,123,53.0,6.0,76.0,0.0,0.0,0.0,0.5,0.5,2521.0,303.0,2133.0,224.0,0.85,0.02,0.74,0.02,41.59649122807018,1,37.0,21.0,5.0,1.0,0.02,0.01,0.0,0.0
NH,2022-12-24,2022,51,124,87.0,7.0,117.0,0.0,0.0,0.0,0.5,0.5,2504.0,301.0,2117.0,219.0,0.85,0.03,0.73,0.02,41.59649122807018,1,53.0,37.0,6.0,1.0,0.02,0.02,0.0,0.0
NH,2022-12-31,2022,52,125,96.0,8.0,141.0,0.0,0.0,0.0,0.5,0.5,2490.0,299.0,2085.0,210.0,0.84,0.04,0.7,0.03,41.59649122807018,1,87.0,53.0,21.0,1.0,0.03,0.02,0.01,0.0
NJ,2020-10-03,2020,40,8,32.5,3.0,17.5,0.0,3.0,2.5,2.0,6.0,24439.0,3413.0,18386.0,1834.0,0.75,0.0,0.54,0.0,40.22857142857143,0,32.5,32.5,32.5,32.5,0.0,0.0,0.0,0.0
NJ,2020-10-10,2020,41,9,32.5,3.0,17.5,0.0,3.0,2.5,2.0,6.0,24597.0,3456.0,18319.0,1876.0,0.74,0.0,0.54,0.0,40.22857142857143,0,32.5,32.5,32.5,32.5,0.0,0.0,0.0,0.0
NJ,2020-10-17,2020,42,10,0.0,0.0,0.0,0.0,3.0,2.5,2.0,6.0,24599.0,3470.0,18372.0,1930.0,0.75,0.0,0.56,0.0,40.22857142857143,0,32.5,32.5,32.5,32.5,0.0,0.0,0.0,0.0
NJ,2020-10-24,2020,43,11,2.0,0.0,4.0,0.0,3.0,2.5,2.0,6.0,29037.0,3880.0,20952.0,2228.0,0.72,0.0,0.57,0.0,40.22857142857143,0,0.0,32.5,32.5,32.5,0.0,0.0,0.0,0.0
NJ,2020-10-31,2020,44,12,5.0,3.0,8.0,0.0,3.0,2.5,2.0,6.0,27589.0,3580.0,19411.0,2161.0,0.7,0.0,0.6,0.0,40.22857142857143,0,2.0,0.0,32.5,32.5,0.0,0.0,0.0,0.0
NJ,2020-11-07,2020,45,13,10.0,2.0,4.0,0.0,3.0,2.5,2.0,6.0,19053.0,2490.0,13556.0,1495.0,0.71,0.0,0.6,0.0,40.22857142857143,0,5.0,2.0,32.5,32.5,0.0,0.0,0.0,0.0
NJ,2020-11-14,2020,46,14,5.0,1.0,1.0,0.0,3.0,2.5,2.0,6.0,19152.0,2505.0,14081.0,1591.0,0.74,0.0,0.64,0.0,40.22857142857143,0,10.0,5.0,0.0,32.5,0.0,0.0,0.0,0.0
NJ,2020-11-21,2020,47,15,7.0,2.0,13.0,0.0,3.0,2.5,2.0,6.0,19166.0,2497.0,14151.0,1617.0,0.74,0.0,0.65,0.0,40.22857142857143,0,5.0,10.0,2.0,32.5,0.0,0.0,0.0,0.0
NJ,2020-11-28,2020,48,16,6.0,1.0,4.0,0.0,3.0,2.5,2.0,6.0,19130.0,2511.0,13858.0,1628.0,0.72,0.0,0.65,0.0,40.22857142857143,0,7.0,5.0,5.0,32.5,0.0,0.0,0.0,0.0
NJ,2020-12-05,2020,49,17,8.0,2.0,14.0,0.0,3.0,2.5,2.0,6.0,19333.0,2572.0,14843.0,1731.0,0.77,0.0,0.67,0.0,40.22857142857143,0,6.0,7.0,10.0,32.5,0.0,0.0,0.0,0.0
NJ,2020-12-12,2020,50,18,10.0,2.0,10.0,0.0,3.0,2.5,2.0,6.0,19418.0,2622.0,14859.0,1751.0,0.77,0.0,0.67,0.0,40.22857142857143,0,8.0,6.0,5.0,0.0,0.0,0.0,0.0,0.0
NJ,2020-12-19,2020,51,19,13.0,2.0,14.0,0.0,3.0,2.5,2.0,6.0,19517.0,2701.0,14546.0,1761.0,0.75,0.0,0.65,0.0,40.22857142857143,0,10.0,8.0,7.0,2.0,0.0,0.0,0.0,0.0
NJ,2020-12-26,2020,52,20,7.0,1.0,9.0,0.0,3.0,2.5,2.0,6.0,19454.0,2721.0,13902.0,1781.0,0.71,0.0,0.65,0.0,40.22857142857143,0,13.0,10.0,6.0,5.0,0.0,0.0,0.0,0.0
NJ,2021-01-02,2021,53,21,10.0,2.0,10.0,0.0,3.0,2.5,2.0,6.0,19654.0,2762.0,14069.0,1797.0,0.72,0.0,0.65,0.0,41.89615384615385,0,7.0,13.0,8.0,10.0,0.0,0.0,0.0,0.0
NJ,2021-01-09,2021,1,22,9.0,1.0,11.0,0.0,3.0,2.5,2.0,6.0,20460.0,3091.0,14551.0,1795.0,0.71,0.0,0.58,0.0,41.89615384615385,0,10.0,7.0,10.0,5.0,0.0,0.0,0.0,0.0
NJ,2021-01-16,2021,2,23,6.0,0.0,6.0,0.0,3.0,2.5,2.0,6.0,20780.0,3226.0,14771.0,1805.0,0.71,0.0,0.56,0.0,41.89615384615385,0,9.0,10.0,13.0,7.0,0.0,0.0,0.0,0.0
NJ,2021-01-23,2021,3,24,5.0,1.0,9.0,0.0,3.0,2.5,2.0,6.0,20912.0,3276.0,14794.0,1809.0,0.71,0.0,0.55,0.0,41.89615384615385,0,6.0,9.0,7.0,6.0,0.0,0.0,0.0,0.0
NJ,2021-01-30,2021,4,25,12.0,2.0,9.0,0.0,3.0,2.5,2.0,6.0,20753.0,3271.0,14637.0,1744.0,0.71,0.0,0.53,0.0,41.89615384615385,0,5.0,6.0,10.0,8.0,0.0,0.0,0.0,0.0
NJ,2021-02-06,2021,5,26,17.0,2.0,11.0,0.0,3.0,2.5,2.0,6.0,20704.0,3291.0,14428.0,1697.0,0.7,0.0,0.52,0.0,41.89615384615385,0,12.0,5.0,9.0,10.0,0.0,0.0,0.0,0.0
NJ,2021-02-13,2021,6,27,23.0,2.0,7.0,0.0,3.0,2.5,2.0,6.0,20728.0,3282.0,14614.0,1689.0,0.7,0.0,0.51,0.0,41.89615384615385,0,17.0,12.0,6.0,13.0,0.0,0.0,0.0,0.0
NJ,2021-02-20,2021,7,28,26.0,3.0,9.0,0.0,3.0,2.5,2.0,6.0,20661.0,3296.0,14306.0,1641.0,0.69,0.0,0.5,0.0,41.89615384615385,0,23.0,17.0,5.0,7.0,0.0,0.0,0.0,0.0
NJ,2021-02-27,2021,8,29,34.0,4.0,12.0,0.0,3.0,2.5,2.0,6.0,20684.0,3308.0,14299.0,1590.0,0.69,0.0,0.48,0.0,41.89615384615385,0,26.0,23.0,12.0,10.0,0.0,0.0,0.0,0.0
NJ,2021-03-06,2021,9,30,33.0,5.0,5.0,0.0,3.0,2.5,2.0,6.0,20695.0,3308.0,14364.0,1575.0,0.69,0.0,0.48,0.0,41.89615384615385,0,34.0,26.0,17.0,9.0,0.0,0.0,0.0,0.0
NJ,2021-03-13,2021,10,31,36.0,6.0,10.0,0.0,3.0,2.5,2.0,6.0,20835.0,3322.0,14472.0,1615.0,0.69,0.0,0.49,0.0,41.89615384615385,0,33.0,34.0,23.0,6.0,0.0,0.0,0.0,0.0
NJ,2021-03-20,2021,11,32,35.0,3.0,11.0,0.0,3.0,2.5,2.0,6.0,20850.0,3323.0,14470.0,1582.0,0.69,0.0,0.48,0.0,41.89615384615385,0,36.0,33.0,26.0,5.0,0.0,0.0,0.0,0.0
NJ,2021-03-27,2021,12,33,40.0,2.0,7.0,0.0,3.0,2.5,2.0,6.0,20865.0,3309.0,14567.0,1620.0,0.7,0.0,0.49,0.0,41.89615384615385,0,35.0,36.0,34.0,12.0,0.0,0.0,0.0,0.0
NJ,2021-04-03,2021,13,34,40.0,2.0,7.0,0.0,3.0,2.5,2.0,6.0,20870.0,3321.0,14514.0,1612.0,0.7,0.0,0.49,0.0,41.89615384615385,0,40.0,35.0,33.0,17.0,0.0,0.0,0.0,0.0
NJ,2021-04-10,2021,14,35,44.0,2.0,9.0,0.0,3.0,2.5,2.0,6.0,20902.0,3355.0,14480.0,1610.0,0.69,0.0,0.48,0.0,41.89615384615385,0,40.0,40.0,36.0,23.0,0.0,0.0,0.0,0.0
NJ,2021-04-17,2021,15,36,45.0,4.0,10.0,0.0,3.0,2.5,2.0,6.0,20940.0,3335.0,14920.0,1680.0,0.71,0.0,0.5,0.0,41.89615384615385,0,44.0,40.0,35.0,26.0,0.0,0.0,0.0,0.0
NJ,2021-04-24,2021,16,37,44.0,3.0,10.0,0.0,3.0,2.5,2.0,6.0,20929.0,3319.0,14657.0,1643.0,0.7,0.0,0.49,0.0,41.89615384615385,0,45.0,44.0,40.0,34.0,0.0,0.0,0.0,0.0
NJ,2021-05-01,2021,17,38,42.0,2.0,5.0,0.0,3.0,2.5,2.0,6.0,20885.0,3291.0,14608.0,1625.0,0.7,0.0,0.49,0.0,41.89615384615385,0,44.0,45.0,40.0,33.0,0.0,0.0,0.0,0.0
NJ,2021-05-08,2021,18,39,48.0,2.0,8.0,0.0,3.0,2.5,2.0,6.0,20931.0,3308.0,14247.0,1581.0,0.68,0.0,0.48,0.0,41.89615384615385,0,42.0,44.0,44.0,36.0,0.0,0.0,0.0,0.0
NJ,2021-05-15,2021,19,40,55.0,4.0,15.0,0.0,3.0,2.5,2.0,6.0,20921.0,3306.0,13817.0,1516.0,0.66,0.0,0.46,0.0,41.89615384615385,0,48.0,42.0,45.0,35.0,0.0,0.0,0.0,0.0
NJ,2021-05-22,2021,20,41,54.0,3.0,6.0,0.0,3.0,2.5,2.0,6.0,20898.0,3277.0,13973.0,1489.0,0.67,0.0,0.45,0.0,41.89615384615385,0,55.0,48.0,44.0,40.0,0.0,0.0,0.0,0.0
NJ,2021-05-29,2021,21,42,53.0,2.0,4.0,0.0,3.0,2.5,2.0,6.0,20898.0,3324.0,13898.0,1486.0,0.67,0.0,0.45,0.0,41.89615384615385,0,54.0,55.0,42.0,40.0,0.0,0.0,0.0,0.0
NJ,2021-06-05,2021,22,43,51.0,2.0,2.0,0.0,3.0,2.5,2.0,6.0,20883.0,3259.0,13450.0,1418.0,0.64,0.0,0.44,0.0,41.89615384615385,0,53.0,54.0,48.0,44.0,0.0,0.0,0.0,0.0
NJ,2021-06-12,2021,23,44,50.0,2.0,6.0,0.0,3.0,2.5,2.0,6.0,20869.0,3269.0,14044.0,1443.0,0.67,0.0,0.44,0.0,41.89615384615385,0,51.0,53.0,55.0,45.0,0.0,0.0,0.0,0.0
NJ,2021-06-19,2021,24,45,51.0,2.0,5.0,0.0,3.0,2.5,2.0,6.0,20878.0,3266.0,13930.0,1425.0,0.67,0.0,0.44,0.0,41.89615384615385,0,50.0,51.0,54.0,44.0,0.0,0.0,0.0,0.0
NJ,2021-06-26,2021,25,46,54.0,2.0,5.0,0.0,3.0,2.5,2.0,6.0,20899.0,3232.0,13854.0,1384.0,0.66,0.0,0.43,0.0,41.89615384615385,0,51.0,50.0,53.0,42.0,0.0,0.0,0.0,0.0
NJ,2021-07-03,2021,26,47,54.0,2.0,2.0,0.0,3.0,2.5,2.0,6.0,20822.0,3254.0,13742.0,1359.0,0.66,0.0,0.42,0.0,41.89615384615385,0,54.0,51.0,51.0,48.0,0.0,0.0,0.0,0.0
NJ,2021-07-10,2021,27,48,53.0,2.0,4.0,0.0,3.0,2.5,2.0,6.0,20866.0,3244.0,13826.0,1392.0,0.66,0.0,0.43,0.0,41.89615384615385,0,54.0,54.0,50.0,55.0,0.0,0.0,0.0,0.0
NJ,2021-07-17,2021,28,49,54.0,2.0,2.0,0.0,3.0,2.5,2.0,6.0,20900.0,3227.0,14231.0,1435.0,0.68,0.0,0.44,0.0,41.89615384615385,0,53.0,54.0,51.0,54.0,0.0,0.0,0.0,0.0
NJ,2021-07-24,2021,29,50,55.0,2.0,4.0,0.0,3.0,2.5,2.0,6.0,20914.0,3224.0,14214.0,1440.0,0.68,0.0,0.45,0.0,41.89615384615385,0,54.0,53.0,54.0,53.0,0.0,0.0,0.0,0.0
NJ,2021-07-31,2021,30,51,55.0,2.0,4.0,0.0,3.0,2.5,2.0,6.0,20924.0,3286.0,14162.0,1430.0,0.68,0.0,0.44,0.0,41.89615384615385,0,55.0,54.0,54.0,51.0,0.0,0.0,0.0,0.0
NJ,2021-08-07,2021,31,52,54.0,2.0,1.0,0.0,3.0,2.5,2.0,6.0,20934.0,3255.0,14050.0,1396.0,0.67,0.0,0.43,0.0,41.89615384615385,0,55.0,55.0,53.0,50.0,0.0,0.0,0.0,0.0
NJ,2021-08-14,2021,32,53,54.0,2.0,3.0,0.0,3.0,2.5,2.0,6.0,20969.0,3253.0,14204.0,1433.0,0.68,0.0,0.44,0.0,41.89615384615385,0,54.0,55.0,54.0,51.0,0.0,0.0,0.0,0.0
NJ,2021-08-21,2021,33,54,54.0,2.0,2.0,0.0,3.0,2.5,2.0,6.0,21018.0,3236.0,14160.0,1465.0,0.67,0.0,0.45,0.0,41.89615384615385,0,54.0,54.0,55.0,54.0,0.0,0.0,0.0,0.0
NJ,2021-08-28,2021,34,55,57.0,4.0,6.0,0.0,3.0,2.5,2.0,6.0,20990.0,3209.0,14267.0,1471.0,0.68,0.0,0.46,0.0,41.89615384615385,0,54.0,54.0,55.0,54.0,0.0,0.0,0.0,0.0
NJ,2021-09-04,2021,35,56,56.0,3.0,3.0,0.0,3.0,2.5,2.0,6.0,21002.0,3208.0,14303.0,1518.0,0.68,0.0,0.47,0.0,41.89615384615385,0,57.0,54.0,54.0,53.0,0.0,0.0,0.0,0.0
NJ,2021-09-11,2021,36,57,56.0,3.0,3.0,0.0,3.0,2.5,2.0,6.0,20980.0,3193.0,14327.0,1499.0,0.68,0.0,0.47,0.0,41.89615384615385,0,56.0,57.0,54.0,54.0,0.0,0.0,0.0,0.0
NJ,2021-09-18,2021,37,58,58.0,4.0,3.0,0.0,3.0,2.5,2.0,6.0,21023.0,3222.0,14855.0,1546.0,0.71,0.0,0.48,0.0,41.89615384615385,0,56.0,56.0,54.0,55.0,0.0,0.0,0.0,0.0
NJ,2021-09-25,2021,38,59,59.0,4.0,7.0,0.0,3.0,2.5,2.0,6.0,21021.0,3238.0,14598.0,1531.0,0.69,0.0,0.47,0.0,41.89615384615385,0,58.0,56.0,57.0,55.0,0.0,0.0,0.0,0.0
NJ,2021-10-02,2021,39,60,59.0,4.0,7.0,0.0,3.0,2.5,2.0,6.0,21011.0,3225.0,14524.0,1535.0,0.69,0.0,0.48,0.0,41.89615384615385,0,59.0,58.0,56.0,54.0,0.0,0.0,0.0,0.0
NJ,2021-10-09,2021,40,61,58.0,4.0,5.0,0.0,3.0,2.5,2.0,6.0,21012.0,3205.0,14596.0,1553.0,0.69,0.0,0.48,0.0,41.89615384615385,0,59.0,59.0,56.0,54.0,0.0,0.0,0.0,0.0
NJ,2021-10-16,2021,41,62,56.0,3.0,2.0,0.0,3.0,2.5,2.0,6.0,21027.0,3217.0,14403.0,1525.0,0.68,0.0,0.47,0.0,41.89615384615385,0,58.0,59.0,58.0,54.0,0.0,0.0,0.0,0.0
NJ,2021-10-23,2021,42,63,59.0,3.0,11.0,0.0,3.0,2.5,2.0,6.0,21037.0,3232.0,14530.0,1563.0,0.69,0.0,0.48,0.0,41.89615384615385,0,56.0,58.0,59.0,57.0,0.0,0.0,0.0,0.0
NJ,2021-10-30,2021,43,64,58.0,3.0,2.0,0.0,3.0,2.5,2.0,6.0,21036.0,3249.0,14562.0,1578.0,0.69,0.0,0.49,0.0,41.89615384615385,0,59.0,56.0,59.0,56.0,0.0,0.0,0.0,0.0
NJ,2021-11-06,2021,44,65,56.0,2.0,3.0,0.0,3.0,2.5,2.0,6.0,21091.0,3224.0,14252.0,1555.0,0.68,0.0,0.48,0.0,41.89615384615385,0,58.0,59.0,58.0,56.0,0.0,0.0,0.0,0.0
NJ,2021-11-13,2021,45,66,59.0,3.0,7.0,0.0,3.0,2.5,2.0,6.0,20962.0,3215.0,14300.0,1505.0,0.68,0.0,0.47,0.0,41.89615384615385,0,56.0,58.0,56.0,58.0,0.0,0.0,0.0,0.0
NJ,2021-11-20,2021,46,67,63.0,5.0,12.0,0.0,3.0,2.5,2.0,6.0,20978.0,3220.0,14403.0,1518.0,0.69,0.0,0.47,0.0,41.89615384615385,0,59.0,56.0,59.0,59.0,0.0,0.0,0.0,0.0
NJ,2021-11-27,2021,47,68,69.0,6.0,17.0,0.0,3.0,2.5,2.0,6.0,20888.0,3188.0,13681.0,1469.0,0.65,0.0,0.46,0.0,41.89615384615385,0,63.0,59.0,58.0,59.0,0.0,0.0,0.0,0.0
NJ,2021-12-04,2021,48,69,76.0,7.0,36.0,0.0,3.0,2.5,2.0,6.0,20482.0,3121.0,14110.0,1523.0,0.69,0.0,0.49,0.0,41.89615384615385,0,69.0,63.0,56.0,58.0,0.0,0.0,0.0,0.0
NJ,2021-12-11,2021,49,70,89.0,8.0,47.0,0.0,3.0,2.5,2.0,6.0,20830.0,3202.0,14873.0,1618.0,0.71,0.0,0.51,0.0,41.89615384615385,0,76.0,69.0,59.0,56.0,0.0,0.0,0.0,0.0
NJ,2021-12-18,2021,50,71,95.0,7.0,69.0,0.0,3.0,2.5,2.0,6.0,20890.0,3264.0,14873.0,1620.0,0.71,0.0,0.5,0.0,41.89615384615385,0,89.0,76.0,63.0,59.0,0.0,0.0,0.0,0.0
NJ,2021-12-25,2021,51,72,113.0,12.0,50.0,0.0,3.0,2.5,2.0,6.0,20896.0,3288.0,14162.0,1547.0,0.68,0.01,0.47,0.0,41.89615384615385,0,95.0,89.0,69.0,58.0,0.0,0.0,0.0,0.0
NJ,2022-01-01,2022,52,73,103.0,11.0,53.0,0.0,3.0,2.5,2.0,6.0,20961.0,3334.0,14107.0,1561.0,0.67,0.0,0.47,0.0,39.16864864864865,0,113.0,95.0,76.0,56.0,0.01,0.0,0.0,0.0
NJ,2022-01-08,2022,1,74,114.0,17.0,43.0,0.0,3.0,2.5,2.0,6.0,20945.0,3309.0,14981.0,1670.0,0.72,0.01,0.5,0.01,39.16864864864865,0,103.0,113.0,89.0,59.0,0.0,0.01,0.0,0.0
NJ,2022-01-15,2022,2,75,56.0,18.0,26.0,0.0,3.0,2.5,2.0,6.0,20925.0,3306.0,15074.0,1762.0,0.72,0.0,0.53,0.01,39.16864864864865,0,114.0,103.0,95.0,63.0,0.01,0.0,0.0,0.0
NJ,2022-01-22,2022,3,76,37.0,12.0,17.0,0.0,3.0,2.5,2.0,6.0,20957.0,3306.0,14827.0,1728.0,0.71,0.0,0.52,0.0,39.16864864864865,0,56.0,114.0,113.0,69.0,0.0,0.01,0.01,0.0
NJ,2022-01-29,2022,4,77,32.0,11.0,19.0,0.0,3.0,2.5,2.0,6.0,21000.0,3370.0,14398.0,1643.0,0.69,0.0,0.49,0.0,39.16864864864865,0,37.0,56.0,103.0,76.0,0.0,0.0,0.0,0.0
NJ,2022-02-05,2022,5,78,28.0,9.0,18.0,0.0,3.0,2.5,2.0,6.0,20857.0,3335.0,13557.0,1615.0,0.65,0.0,0.48,0.0,39.16864864864865,0,32.0,37.0,114.0,89.0,0.0,0.0,0.01,0.0
NJ,2022-02-12,2022,6,79,24.0,6.0,20.0,0.0,3.0,2.5,2.0,6.0,20876.0,3291.0,13510.0,1599.0,0.65,0.0,0.49,0.0,39.16864864864865,0,28.0,32.0,56.0,95.0,0.0,0.0,0.0,0.0
NJ,2022-02-19,2022,7,80,21.0,4.0,22.0,0.0,3.0,2.5,2.0,6.0,20849.0,3248.0,13459.0,1531.0,0.65,0.0,0.47,0.0,39.16864864864865,0,24.0,28.0,37.0,113.0,0.0,0.0,0.0,0.01
NJ,2022-02-26,2022,8,81,20.0,4.0,28.0,0.0,3.0,2.5,2.0,6.0,20830.0,3232.0,13623.0,1495.0,0.65,0.0,0.46,0.0,39.16864864864865,0,21.0,24.0,32.0,103.0,0.0,0.0,0.0,0.0
NJ,2022-03-05,2022,9,82,22.0,4.0,33.0,0.0,3.0,2.5,2.0,6.0,20665.0,3188.0,13494.0,1474.0,0.65,0.0,0.46,0.0,39.16864864864865,0,20.0,21.0,28.0,114.0,0.0,0.0,0.0,0.01
NJ,2022-03-12,2022,10,83,20.0,4.0,30.0,0.0,3.0,2.5,2.0,6.0,20782.0,3215.0,13543.0,1465.0,0.65,0.0,0.46,0.0,39.16864864864865,0,22.0,20.0,24.0,56.0,0.0,0.0,0.0,0.0
NJ,2022-03-19,2022,11,84,25.0,3.0,41.0,0.0,3.0,2.5,2.0,6.0,20671.0,3200.0,13429.0,1452.0,0.65,0.0,0.45,0.0,39.16864864864865,0,20.0,22.0,21.0,37.0,0.0,0.0,0.0,0.0
NJ,2022-03-26,2022,12,85,34.0,4.0,60.0,0.0,3.0,2.5,2.0,6.0,20691.0,3199.0,13431.0,1443.0,0.65,0.0,0.45,0.0,39.16864864864865,0,25.0,20.0,20.0,32.0,0.0,0.0,0.0,0.0
NJ,2022-04-02,2022,13,86,54.0,6.0,80.0,0.0,3.0,2.5,2.0,6.0,20687.0,3188.0,13378.0,1415.0,0.65,0.0,0.44,0.0,39.16864864864865,0,34.0,25.0,22.0,28.0,0.0,0.0,0.0,0.0
NJ,2022-04-09,2022,14,87,75.0,9.0,136.0,0.0,3.0,2.5,2.0,6.0,20704.0,3170.0,13813.0,1396.0,0.67,0.0,0.44,0.0,39.16864864864865,0,54.0,34.0,20.0,24.0,0.0,0.0,0.0,0.0
NJ,2022-04-16,2022,15,88,94.0,11.0,140.0,0.0,3.0,2.5,2.0,6.0,20715.0,3172.0,13772.0,1405.0,0.66,0.0,0.44,0.0,39.16864864864865,0,75.0,54.0,25.0,21.0,0.0,0.0,0.0,0.0
NJ,2022-04-23,2022,16,89,89.0,10.0,126.0,0.0,3.0,2.5,2.0,6.0,20707.0,3202.0,13434.0,1362.0,0.65,0.0,0.43,0.0,39.16864864864865,0,94.0,75.0,34.0,20.0,0.0,0.0,0.0,0.0
NJ,2022-04-30,2022,17,90,88.0,8.0,125.0,0.0,3.0,2.5,2.0,6.0,20772.0,3217.0,13661.0,1373.0,0.66,0.0,0.43,0.0,39.16864864864865,0,89.0,94.0,54.0,22.0,0.0,0.0,0.0,0.0
NJ,2022-05-07,2022,18,91,86.0,13.0,119.0,0.0,3.0,2.5,2.0,6.0,20738.0,3206.0,13752.0,1380.0,0.66,0.0,0.43,0.0,39.16864864864865,0,88.0,89.0,75.0,20.0,0.0,0.0,0.0,0.0
NJ,2022-05-14,2022,19,92,70.0,10.0,95.0,0.0,3.0,2.5,2.0,6.0,20715.0,3233.0,13802.0,1398.0,0.67,0.0,0.43,0.0,39.16864864864865,0,86.0,88.0,94.0,25.0,0.0,0.0,0.0,0.0
NJ,2022-05-21,2022,20,93,73.0,10.0,87.0,0.0,3.0,2.5,2.0,6.0,20273.0,3168.0,13767.0,1403.0,0.68,0.0,0.44,0.0,39.16864864864865,0,70.0,86.0,89.0,34.0,0.0,0.0,0.0,0.0
NJ,2022-05-28,2022,21,94,69.0,11.0,75.0,0.0,3.0,2.5,2.0,6.0,20773.0,3254.0,14114.0,1433.0,0.68,0.0,0.44,0.0,39.16864864864865,0,73.0,70.0,88.0,54.0,0.0,0.0,0.0,0.0
NJ,2022-06-04,2022,22,95,55.0,12.0,52.0,0.0,3.0,2.5,2.0,6.0,20780.0,3253.0,13960.0,1392.0,0.67,0.0,0.43,0.0,39.16864864864865,0,69.0,73.0,86.0,75.0,0.0,0.0,0.0,0.0
NJ,2022-06-11,2022,23,96,34.0,8.0,42.0,0.0,3.0,2.5,2.0,6.0,20795.0,3252.0,14079.0,1417.0,0.68,0.0,0.44,0.0,39.16864864864865,0,55.0,69.0,70.0,94.0,0.0,0.0,0.0,0.0
NJ,2022-06-18,2022,24,97,54.0,10.0,43.0,0.0,3.0,2.5,2.0,6.0,20790.0,3253.0,14181.0,1430.0,0.68,0.0,0.44,0.0,39.16864864864865,0,34.0,55.0,73.0,89.0,0.0,0.0,0.0,0.0
NJ,2022-06-25,2022,25,98,25.0,8.0,23.0,0.0,3.0,2.5,2.0,6.0,20754.0,3251.0,13865.0,1413.0,0.67,0.0,0.43,0.0,39.16864864864865,0,54.0,34.0,69.0,88.0,0.0,0.0,0.0,0.0
NJ,2022-07-02,2022,26,99,17.0,5.0,11.0,0.0,3.0,2.5,2.0,6.0,20795.0,3254.0,14169.0,1434.0,0.68,0.0,0.44,0.0,39.16864864864865,0,25.0,54.0,55.0,86.0,0.0,0.0,0.0,0.0
NJ,2022-07-09,2022,27,100,15.0,4.0,15.0,0.0,3.0,2.5,2.0,6.0,20749.0,3240.0,13964.0,1399.0,0.67,0.0,0.43,0.0,39.16864864864865,0,17.0,25.0,34.0,70.0,0.0,0.0,0.0,0.0
NJ,2022-07-16,2022,28,101,11.0,2.0,17.0,0.0,3.0,2.5,2.0,6.0,20787.0,3239.0,14306.0,1439.0,0.69,0.0,0.44,0.0,39.16864864864865,0,15.0,17.0,54.0,73.0,0.0,0.0,0.0,0.0
NJ,2022-07-23,2022,29,102,7.0,2.0,8.0,0.0,3.0,2.5,2.0,6.0,20718.0,3263.0,14086.0,1391.0,0.68,0.0,0.43,0.0,39.16864864864865,0,11.0,15.0,25.0,69.0,0.0,0.0,0.0,0.0
NJ,2022-07-30,2022,30,103,6.0,2.0,9.0,0.0,3.0,2.5,2.0,6.0,20751.0,3254.0,14398.0,1445.0,0.69,0.0,0.44,0.0,39.16864864864865,0,7.0,11.0,17.0,55.0,0.0,0.0,0.0,0.0
NJ,2022-08-06,2022,31,104,8.0,4.0,16.0,0.0,3.0,2.5,2.0,6.0,20768.0,3255.0,14254.0,1435.0,0.69,0.0,0.44,0.0,39.16864864864865,0,6.0,7.0,15.0,34.0,0.0,0.0,0.0,0.0
NJ,2022-08-13,2022,32,105,9.0,3.0,9.0,0.0,3.0,2.5,2.0,6.0,20741.0,3254.0,14182.0,1464.0,0.68,0.0,0.45,0.0,39.16864864864865,0,8.0,6.0,11.0,54.0,0.0,0.0,0.0,0.0
NJ,2022-08-20,2022,33,106,7.0,2.0,7.0,0.0,3.0,2.5,2.0,6.0,20746.0,3253.0,14144.0,1425.0,0.68,0.0,0.44,0.0,39.16864864864865,0,9.0,8.0,7.0,25.0,0.0,0.0,0.0,0.0
NJ,2022-08-27,2022,34,107,10.0,3.0,12.0,0.0,3.0,2.5,2.0,6.0,20744.0,3239.0,14188.0,1415.0,0.68,0.0,0.44,0.0,39.16864864864865,0,7.0,9.0,6.0,17.0,0.0,0.0,0.0,0.0
NJ,2022-09-03,2022,35,108,7.0,1.0,8.0,0.0,3.0,2.5,2.0,6.0,20730.0,3208.0,14021.0,1365.0,0.68,0.0,0.43,0.0,39.16864864864865,0,10.0,7.0,8.0,15.0,0.0,0.0,0.0,0.0
NJ,2022-09-10,2022,36,109,7.0,1.0,7.0,0.0,3.0,2.5,2.0,6.0,20758.0,3200.0,13781.0,1390.0,0.66,0.0,0.43,0.0,39.16864864864865,0,7.0,10.0,9.0,11.0,0.0,0.0,0.0,0.0
NJ,2022-09-17,2022,37,110,6.0,0.0,10.0,0.0,3.0,2.5,2.0,6.0,20767.0,3172.0,14084.0,1415.0,0.68,0.0,0.45,0.0,39.16864864864865,0,7.0,7.0,7.0,7.0,0.0,0.0,0.0,0.0
NJ,2022-09-24,2022,38,111,9.0,2.0,15.0,0.0,3.0,2.5,2.0,6.0,20745.0,3182.0,14194.0,1463.0,0.68,0.0,0.46,0.0,39.16864864864865,0,6.0,7.0,10.0,6.0,0.0,0.0,0.0,0.0
NJ,2022-10-01,2022,39,112,11.0,1.0,21.0,0.0,3.0,2.5,2.0,6.0,20705.0,3199.0,14108.0,1466.0,0.68,0.0,0.46,0.0,39.16864864864865,0,9.0,6.0,7.0,8.0,0.0,0.0,0.0,0.0
NJ,2022-10-08,2022,40,113,13.0,1.0,24.0,0.0,3.0,2.5,2.0,6.0,20725.0,3144.0,14137.0,1425.0,0.68,0.0,0.45,0.0,39.16864864864865,0,11.0,9.0,7.0,9.0,0.0,0.0,0.0,0.0
NJ,2022-10-15,2022,41,114,16.0,2.0,32.0,0.0,3.0,2.5,2.0,6.0,20742.0,3132.0,14451.0,1435.0,0.7,0.0,0.46,0.0,39.16864864864865,0,13.0,11.0,6.0,7.0,0.0,0.0,0.0,0.0
NJ,2022-10-22,2022,42,115,23.0,1.0,35.0,0.0,3.0,2.5,2.0,6.0,20773.0,3112.0,14383.0,1443.0,0.69,0.0,0.46,0.0,39.16864864864865,0,16.0,13.0,9.0,10.0,0.0,0.0,0.0,0.0
NJ,2022-10-29,2022,43,116,38.0,4.0,67.0,0.0,3.0,2.5,2.0,6.0,20734.0,3128.0,14449.0,1456.0,0.7,0.0,0.47,0.0,39.16864864864865,0,23.0,16.0,11.0,7.0,0.0,0.0,0.0,0.0
NJ,2022-11-05,2022,44,117,72.0,11.0,166.0,0.0,3.0,2.5,2.0,6.0,20758.0,3127.0,14434.0,1480.0,0.7,0.0,0.47,0.0,39.16864864864865,0,38.0,23.0,13.0,7.0,0.0,0.0,0.0,0.0
NJ,2022-11-12,2022,45,118,135.0,13.0,295.0,0.0,3.0,2.5,2.0,6.0,20772.0,3128.0,14473.0,1447.0,0.7,0.01,0.46,0.0,39.16864864864865,0,72.0,38.0,16.0,6.0,0.0,0.0,0.0,0.0
NJ,2022-11-19,2022,46,119,171.0,26.0,320.0,0.0,3.0,2.5,2.0,6.0,20729.0,3126.0,14316.0,1446.0,0.69,0.01,0.46,0.01,39.16864864864865,1,135.0,72.0,23.0,9.0,0.01,0.0,0.0,0.0
NJ,2022-11-26,2022,47,120,268.0,37.0,513.0,0.0,3.0,2.5,2.0,6.0,20646.0,3124.0,13705.0,1396.0,0.66,0.01,0.45,0.01,39.16864864864865,1,171.0,135.0,38.0,11.0,0.01,0.01,0.0,0.0
NJ,2022-12-03,2022,48,121,531.0,87.0,995.0,0.0,3.0,2.5,2.0,6.0,20695.0,3138.0,14661.0,1503.0,0.71,0.03,0.48,0.03,39.16864864864865,1,268.0,171.0,72.0,13.0,0.01,0.01,0.0,0.0
NJ,2022-12-10,2022,49,122,572.0,90.0,756.0,0.0,3.0,2.5,2.0,6.0,20700.0,3126.0,14662.0,1517.0,0.71,0.03,0.49,0.03,39.16864864864865,1,531.0,268.0,135.0,16.0,0.03,0.01,0.01,0.0
NJ,2022-12-17,2022,50,123,499.0,80.0,606.0,0.0,3.0,2.5,2.0,6.0,20971.0,3176.0,14676.0,1506.0,0.7,0.02,0.47,0.03,39.16864864864865,1,572.0,531.0,171.0,23.0,0.03,0.03,0.01,0.0
NJ,2022-12-24,2022,51,124,407.0,65.0,522.0,0.0,3.0,2.5,2.0,6.0,20898.0,3145.0,14292.0,1484.0,0.68,0.02,0.47,0.02,39.16864864864865,1,499.0,572.0,268.0,38.0,0.02,0.03,0.01,0.0
NJ,2022-12-31,2022,52,125,389.0,59.0,476.0,0.0,3.0,2.5,2.0,6.0,20824.0,3123.0,13639.0,1476.0,0.66,0.02,0.47,0.02,39.16864864864865,1,407.0,499.0,531.0,72.0,0.02,0.02,0.03,0.0
NM,2020-10-03,2020,40,8,3.0,1.0,4.0,1.0,2.5,1.0,1.0,1.0,3314.0,560.0,2158.0,341.0,0.65,0.0,0.61,0.0,36.36390243902439,0,3.0,3.0,3.0,3.0,0.0,0.0,0.0,0.0
NM,2020-10-10,2020,41,9,3.0,1.0,4.0,1.0,2.5,1.0,1.0,1.0,3486.0,577.0,2198.0,344.0,0.63,0.0,0.6,0.0,36.36390243902439,0,3.0,3.0,3.0,3.0,0.0,0.0,0.0,0.0
NM,2020-10-17,2020,42,10,3.0,1.0,4.0,1.0,2.5,1.0,1.0,1.0,3378.0,560.0,2168.0,351.0,0.64,0.0,0.63,0.0,36.36390243902439,0,3.0,3.0,3.0,3.0,0.0,0.0,0.0,0.0
NM,2020-10-24,2020,43,11,1.0,1.0,1.0,1.0,2.5,1.0,1.0,1.0,3252.0,522.0,2120.0,379.0,0.65,0.0,0.73,0.0,36.36390243902439,0,3.0,3.0,3.0,3.0,0.0,0.0,0.0,0.0
NM,2020-10-31,2020,44,12,2.0,0.0,5.0,1.0,2.5,1.0,1.0,1.0,3254.0,507.0,2206.0,401.0,0.68,0.0,0.79,0.0,36.36390243902439,0,1.0,3.0,3.0,3.0,0.0,0.0,0.0,0.0
NM,2020-11-07,2020,45,13,4.0,0.0,10.0,1.0,2.5,1.0,1.0,1.0,3273.0,514.0,2155.0,385.0,0.66,0.0,0.75,0.0,36.36390243902439,0,2.0,1.0,3.0,3.0,0.0,0.0,0.0,0.0
NM,2020-11-14,2020,46,14,5.0,1.0,7.0,1.0,2.5,1.0,1.0,1.0,3631.0,578.0,2490.0,430.0,0.69,0.0,0.74,0.0,36.36390243902439,0,4.0,2.0,3.0,3.0,0.0,0.0,0.0,0.0
NM,2020-11-21,2020,47,15,2.0,0.0,0.0,1.0,2.5,1.0,1.0,1.0,3871.0,671.0,2847.0,534.0,0.74,0.0,0.8,0.0,36.36390243902439,0,5.0,4.0,1.0,3.0,0.0,0.0,0.0,0.0
NM,2020-11-28,2020,48,16,2.0,1.0,1.0,1.0,2.5,1.0,1.0,1.0,3856.0,672.0,2761.0,519.0,0.72,0.0,0.77,0.0,36.36390243902439,0,2.0,5.0,2.0,3.0,0.0,0.0,0.0,0.0
NM,2020-12-05,2020,49,17,1.0,1.0,0.0,1.0,2.5,1.0,1.0,1.0,3800.0,681.0,2894.0,535.0,0.76,0.0,0.79,0.0,36.36390243902439,0,2.0,2.0,4.0,3.0,0.0,0.0,0.0,0.0
NM,2020-12-12,2020,50,18,2.0,2.0,1.0,1.0,2.5,1.0,1.0,1.0,3850.0,685.0,2900.0,548.0,0.75,0.0,0.8,0.0,36.36390243902439,0,1.0,2.0,5.0,3.0,0.0,0.0,0.0,0.0
NM,2020-12-19,2020,51,19,4.0,1.0,4.0,1.0,2.5,1.0,1.0,1.0,3872.0,704.0,2878.0,552.0,0.74,0.0,0.78,0.0,36.36390243902439,0,2.0,1.0,2.0,1.0,0.0,0.0,0.0,0.0
NM,2020-12-26,2020,52,20,1.0,0.0,2.0,1.0,2.5,1.0,1.0,1.0,3905.0,680.0,2719.0,529.0,0.7,0.0,0.78,0.0,36.36390243902439,0,4.0,2.0,2.0,2.0,0.0,0.0,0.0,0.0
NM,2021-01-02,2021,53,21,0.0,0.0,1.0,1.0,2.5,1.0,1.0,1.0,3878.0,635.0,2766.0,504.0,0.71,0.0,0.79,0.0,37.093258426966294,0,1.0,4.0,1.0,4.0,0.0,0.0,0.0,0.0
NM,2021-01-09,2021,1,22,2.0,0.0,3.0,1.0,2.5,1.0,1.0,1.0,3875.0,638.0,2853.0,469.0,0.74,0.0,0.74,0.0,37.093258426966294,0,0.0,1.0,2.0,5.0,0.0,0.0,0.0,0.0
NM,2021-01-16,2021,2,23,4.0,3.0,3.0,1.0,2.5,1.0,1.0,1.0,3852.0,607.0,2861.0,466.0,0.74,0.0,0.77,0.0,37.093258426966294,0,2.0,0.0,4.0,2.0,0.0,0.0,0.0,0.0
NM,2021-01-23,2021,3,24,3.0,2.0,10.0,1.0,2.5,1.0,1.0,1.0,3818.0,634.0,2803.0,480.0,0.73,0.0,0.76,0.0,37.093258426966294,0,4.0,2.0,1.0,2.0,0.0,0.0,0.0,0.0
NM,2021-01-30,2021,4,25,1.0,0.0,2.0,1.0,2.5,1.0,1.0,1.0,3814.0,634.0,2821.0,478.0,0.74,0.0,0.75,0.0,37.093258426966294,0,3.0,4.0,0.0,1.0,0.0,0.0,0.0,0.0
NM,2021-02-06,2021,5,26,1.0,0.0,4.0,1.0,2.5,1.0,1.0,1.0,3808.0,624.0,2754.0,480.0,0.72,0.0,0.77,0.0,37.093258426966294,0,1.0,3.0,2.0,2.0,0.0,0.0,0.0,0.0
NM,2021-02-13,2021,6,27,3.0,1.0,4.0,1.0,2.5,1.0,1.0,1.0,3813.0,619.0,2718.0,469.0,0.71,0.0,0.76,0.0,37.093258426966294,0,1.0,1.0,4.0,4.0,0.0,0.0,0.0,0.0
NM,2021-02-20,2021,7,28,2.0,1.0,1.0,1.0,2.5,1.0,1.0,1.0,3799.0,620.0,2641.0,453.0,0.7,0.0,0.73,0.0,37.093258426966294,0,3.0,1.0,3.0,1.0,0.0,0.0,0.0,0.0
NM,2021-02-27,2021,8,29,1.0,0.0,1.0,1.0,2.5,1.0,1.0,1.0,3850.0,619.0,2667.0,455.0,0.69,0.0,0.74,0.0,37.093258426966294,0,2.0,3.0,1.0,0.0,0.0,0.0,0.0,0.0
NM,2021-03-06,2021,9,30,1.0,0.0,1.0,1.0,2.5,1.0,1.0,1.0,3822.0,617.0,2635.0,455.0,0.69,0.0,0.74,0.0,37.093258426966294,0,1.0,2.0,1.0,2.0,0.0,0.0,0.0,0.0
NM,2021-03-13,2021,10,31,0.0,0.0,0.0,1.0,2.5,1.0,1.0,1.0,3810.0,610.0,2606.0,443.0,0.68,0.0,0.73,0.0,37.093258426966294,0,1.0,1.0,3.0,4.0,0.0,0.0,0.0,0.0
NM,2021-03-20,2021,11,32,0.0,0.0,1.0,1.0,2.5,1.0,1.0,1.0,3820.0,605.0,2595.0,420.0,0.68,0.0,0.69,0.0,37.093258426966294,0,0.0,1.0,2.0,3.0,0.0,0.0,0.0,0.0
NM,2021-03-27,2021,12,33,0.0,0.0,0.0,1.0,2.5,1.0,1.0,1.0,3817.0,605.0,2609.0,421.0,0.68,0.0,0.7,0.0,37.093258426966294,0,0.0,0.0,1.0,1.0,0.0,0.0,0.0,0.0
NM,2021-04-03,2021,13,34,1.0,0.0,0.0,1.0,2.5,1.0,1.0,1.0,3825.0,573.0,2579.0,425.0,0.67,0.0,0.74,0.0,37.093258426966294,0,0.0,0.0,1.0,1.0,0.0,0.0,0.0,0.0
NM,2021-04-10,2021,14,35,0.0,0.0,2.0,1.0,2.5,1.0,1.0,1.0,3836.0,564.0,2568.0,413.0,0.67,0.0,0.73,0.0,37.093258426966294,0,1.0,0.0,0.0,3.0,0.0,0.0,0.0,0.0
NM,2021-04-17,2021,15,36,0.0,0.0,1.0,1.0,2.5,1.0,1.0,1.0,3811.0,567.0,2632.0,413.0,0.69,0.0,0.73,0.0,37.093258426966294,0,0.0,1.0,0.0,2.0,0.0,0.0,0.0,0.0
NM,2021-04-24,2021,16,37,0.0,0.0,0.0,1.0,2.5,1.0,1.0,1.0,3816.0,574.0,2604.0,414.0,0.68,0.0,0.72,0.0,37.093258426966294,0,0.0,0.0,0.0,1.0,0.0,0.0,0.0,0.0
NM,2021-05-01,2021,17,38,0.0,0.0,0.0,1.0,2.5,1.0,1.0,1.0,3637.0,539.0,2530.0,382.0,0.7,0.0,0.71,0.0,37.093258426966294,0,0.0,0.0,1.0,1.0,0.0,0.0,0.0,0.0
NM,2021-05-08,2021,18,39,0.0,0.0,0.0,1.0,2.5,1.0,1.0,1.0,3817.0,601.0,2617.0,426.0,0.69,0.0,0.71,0.0,37.093258426966294,0,0.0,0.0,0.0,0.0,0.0,0.0,0.0,0.0
NM,2021-05-15,2021,19,40,0.0,0.0,0.0,1.0,2.5,1.0,1.0,1.0,3855.0,600.0,2584.0,426.0,0.67,0.0,0.71,0.0,37.093258426966294,0,0.0,0.0,0.0,0.0,0.0,0.0,0.0,0.0
NM,2021-05-22,2021,20,41,0.0,0.0,1.0,1.0,2.5,1.0,1.0,1.0,3869.0,605.0,2628.0,449.0,0.68,0.0,0.74,0.0,37.093258426966294,0,0.0,0.0,0.0,0.0,0.0,0.0,0.0,0.0
NM,2021-05-29,2021,21,42,0.0,0.0,0.0,1.0,2.5,1.0,1.0,1.0,3816.0,602.0,2616.0,429.0,0.69,0.0,0.71,0.0,37.093258426966294,0,0.0,0.0,0.0,1.0,0.0,0.0,0.0,0.0
NM,2021-06-05,2021,22,43,2.0,1.0,3.0,1.0,2.5,1.0,1.0,1.0,3784.0,602.0,2612.0,430.0,0.69,0.0,0.71,0.0,37.093258426966294,0,0.0,0.0,0.0,0.0,0.0,0.0,0.0,0.0
NM,2021-06-12,2021,23,44,1.0,1.0,2.0,1.0,2.5,1.0,1.0,1.0,3803.0,606.0,2663.0,433.0,0.7,0.0,0.72,0.0,37.093258426966294,0,2.0,0.0,0.0,0.0,0.0,0.0,0.0,0.0
NM,2021-06-19,2021,24,45,0.0,0.0,0.0,1.0,2.5,1.0,1.0,1.0,3805.0,601.0,2657.0,423.0,0.7,0.0,0.7,0.0,37.093258426966294,0,1.0,2.0,0.0,0.0,0.0,0.0,0.0,0.0
NM,2021-06-26,2021,25,46,1.0,1.0,1.0,1.0,2.5,1.0,1.0,1.0,3798.0,601.0,2664.0,412.0,0.7,0.0,0.69,0.0,37.093258426966294,0,0.0,1.0,0.0,0.0,0.0,0.0,0.0,0.0
NM,2021-07-03,2021,26,47,0.0,0.0,0.0,1.0,2.5,1.0,1.0,1.0,3786.0,593.0,2596.0,409.0,0.69,0.0,0.69,0.0,37.093258426966294,0,1.0,0.0,2.0,0.0,0.0,0.0,0.0,0.0
NM,2021-07-10,2021,27,48,0.0,0.0,0.0,1.0,2.5,1.0,1.0,1.0,3792.0,598.0,2646.0,403.0,0.7,0.0,0.67,0.0,37.093258426966294,0,0.0,1.0,1.0,0.0,0.0,0.0,0.0,0.0
NM,2021-07-17,2021,28,49,0.0,0.0,0.0,1.0,2.5,1.0,1.0,1.0,3809.0,599.0,2629.0,399.0,0.69,0.0,0.67,0.0,37.093258426966294,0,0.0,0.0,0.0,0.0,0.0,0.0,0.0,0.0
NM,2021-07-24,2021,29,50,1.0,0.0,3.0,1.0,2.5,1.0,1.0,1.0,3838.0,597.0,2664.0,429.0,0.69,0.0,0.72,0.0,37.093258426966294,0,0.0,0.0,1.0,0.0,0.0,0.0,0.0,0.0
NM,2021-07-31,2021,30,51,0.0,0.0,1.0,1.0,2.5,1.0,1.0,1.0,3831.0,600.0,2693.0,439.0,0.7,0.0,0.73,0.0,37.093258426966294,0,1.0,0.0,0.0,2.0,0.0,0.0,0.0,0.0
NM,2021-08-07,2021,31,52,1.0,0.0,3.0,1.0,2.5,1.0,1.0,1.0,3818.0,606.0,2711.0,438.0,0.71,0.0,0.72,0.0,37.093258426966294,0,0.0,1.0,0.0,1.0,0.0,0.0,0.0,0.0
NM,2021-08-14,2021,32,53,1.0,0.0,1.0,1.0,2.5,1.0,1.0,1.0,3786.0,603.0,2771.0,465.0,0.73,0.0,0.77,0.0,37.093258426966294,0,1.0,0.0,0.0,0.0,0.0,0.0,0.0,0.0
NM,2021-08-21,2021,33,54,0.0,0.0,1.0,1.0,2.5,1.0,1.0,1.0,3763.0,613.0,2778.0,479.0,0.74,0.0,0.78,0.0,37.093258426966294,0,1.0,1.0,1.0,1.0,0.0,0.0,0.0,0.0
NM,2021-08-28,2021,34,55,0.0,0.0,0.0,1.0,2.5,1.0,1.0,1.0,3753.0,610.0,2768.0,483.0,0.74,0.0,0.79,0.0,37.093258426966294,0,0.0,1.0,0.0,0.0,0.0,0.0,0.0,0.0
NM,2021-09-04,2021,35,56,1.0,0.0,2.0,1.0,2.5,1.0,1.0,1.0,3760.0,604.0,2791.0,494.0,0.74,0.0,0.82,0.0,37.093258426966294,0,0.0,0.0,1.0,0.0,0.0,0.0,0.0,0.0
NM,2021-09-11,2021,36,57,1.0,0.0,0.0,1.0,2.5,1.0,1.0,1.0,3786.0,607.0,2803.0,500.0,0.74,0.0,0.82,0.0,37.093258426966294,0,1.0,0.0,1.0,0.0,0.0,0.0,0.0,0.0
NM,2021-09-18,2021,37,58,0.0,0.0,0.0,1.0,2.5,1.0,1.0,1.0,3786.0,607.0,2782.0,481.0,0.73,0.0,0.79,0.0,37.093258426966294,0,1.0,1.0,0.0,1.0,0.0,0.0,0.0,0.0
NM,2021-09-25,2021,38,59,0.0,0.0,1.0,1.0,2.5,1.0,1.0,1.0,3782.0,611.0,2793.0,489.0,0.74,0.0,0.8,0.0,37.093258426966294,0,0.0,1.0,0.0,0.0,0.0,0.0,0.0,0.0
NM,2021-10-02,2021,39,60,0.0,0.0,2.0,1.0,2.5,1.0,1.0,1.0,3781.0,611.0,2860.0,500.0,0.76,0.0,0.82,0.0,37.093258426966294,0,0.0,0.0,1.0,1.0,0.0,0.0,0.0,0.0
NM,2021-10-09,2021,40,61,0.0,0.0,1.0,1.0,2.5,1.0,1.0,1.0,3787.0,614.0,2903.0,506.0,0.77,0.0,0.82,0.0,37.093258426966294,0,0.0,0.0,1.0,1.0,0.0,0.0,0.0,0.0
NM,2021-10-16,2021,41,62,0.0,0.0,0.0,1.0,2.5,1.0,1.0,1.0,3786.0,608.0,2841.0,503.0,0.75,0.0,0.83,0.0,37.093258426966294,0,0.0,0.0,0.0,0.0,0.0,0.0,0.0,0.0
NM,2021-10-23,2021,42,63,0.0,0.0,2.0,1.0,2.5,1.0,1.0,1.0,3793.0,610.0,2848.0,512.0,0.75,0.0,0.84,0.0,37.093258426966294,0,0.0,0.0,0.0,0.0,0.0,0.0,0.0,0.0
NM,2021-10-30,2021,43,64,1.0,0.0,0.0,1.0,2.5,1.0,1.0,1.0,3783.0,613.0,2877.0,523.0,0.76,0.0,0.85,0.0,37.093258426966294,0,0.0,0.0,0.0,1.0,0.0,0.0,0.0,0.0
NM,2021-11-06,2021,44,65,1.0,0.0,2.0,1.0,2.5,1.0,1.0,1.0,3773.0,615.0,2893.0,496.0,0.77,0.0,0.81,0.0,37.093258426966294,0,1.0,0.0,0.0,1.0,0.0,0.0,0.0,0.0
NM,2021-11-13,2021,45,66,0.0,0.0,1.0,1.0,2.5,1.0,1.0,1.0,3762.0,616.0,2920.0,501.0,0.78,0.0,0.81,0.0,37.093258426966294,0,1.0,1.0,0.0,0.0,0.0,0.0,0.0,0.0
NM,2021-11-20,2021,46,67,0.0,0.0,1.0,1.0,2.5,1.0,1.0,1.0,3738.0,616.0,2951.0,521.0,0.79,0.0,0.85,0.0,37.093258426966294,0,0.0,1.0,0.0,0.0,0.0,0.0,0.0,0.0
NM,2021-11-27,2021,47,68,0.0,0.0,0.0,1.0,2.5,1.0,1.0,1.0,3755.0,624.0,2916.0,523.0,0.78,0.0,0.84,0.0,37.093258426966294,0,0.0,0.0,1.0,0.0,0.0,0.0,0.0,0.0
NM,2021-12-04,2021,48,69,2.0,0.0,4.0,1.0,2.5,1.0,1.0,1.0,3793.0,634.0,3028.0,547.0,0.8,0.0,0.86,0.0,37.093258426966294,0,0.0,0.0,1.0,0.0,0.0,0.0,0.0,0.0
NM,2021-12-11,2021,49,70,0.0,0.0,0.0,1.0,2.5,1.0,1.0,1.0,3816.0,647.0,3061.0,539.0,0.8,0.0,0.83,0.0,37.093258426966294,0,2.0,0.0,0.0,0.0,0.0,0.0,0.0,0.0
NM,2021-12-18,2021,50,71,2.0,0.0,6.0,1.0,2.5,1.0,1.0,1.0,3815.0,638.0,3016.0,534.0,0.79,0.0,0.84,0.0,37.093258426966294,0,0.0,2.0,0.0,0.0,0.0,0.0,0.0,0.0
NM,2021-12-25,2021,51,72,0.0,0.0,1.0,1.0,2.5,1.0,1.0,1.0,3816.0,630.0,2900.0,525.0,0.76,0.0,0.83,0.0,37.093258426966294,0,2.0,0.0,0.0,1.0,0.0,0.0,0.0,0.0
NM,2022-01-01,2022,52,73,1.0,0.0,3.0,1.0,2.5,1.0,1.0,1.0,3809.0,627.0,2845.0,512.0,0.75,0.0,0.82,0.0,35.58245614035088,0,0.0,2.0,2.0,1.0,0.0,0.0,0.0,0.0
NM,2022-01-08,2022,1,74,1.0,0.0,3.0,1.0,2.5,1.0,1.0,1.0,3811.0,622.0,2969.0,524.0,0.78,0.0,0.84,0.0,35.58245614035088,0,1.0,0.0,0.0,0.0,0.0,0.0,0.0,0.0
NM,2022-01-15,2022,2,75,2.0,0.0,2.0,1.0,2.5,1.0,1.0,1.0,3815.0,613.0,2986.0,507.0,0.78,0.0,0.83,0.0,35.58245614035088,0,1.0,1.0,2.0,0.0,0.0,0.0,0.0,0.0
NM,2022-01-22,2022,3,76,0.0,0.0,0.0,1.0,2.5,1.0,1.0,1.0,3813.0,619.0,2972.0,493.0,0.78,0.0,0.8,0.0,35.58245614035088,0,2.0,1.0,0.0,0.0,0.0,0.0,0.0,0.0
NM,2022-01-29,2022,4,77,3.0,0.0,0.0,1.0,2.5,1.0,1.0,1.0,3782.0,623.0,2969.0,504.0,0.78,0.0,0.81,0.0,35.58245614035088,0,0.0,2.0,1.0,2.0,0.0,0.0,0.0,0.0
NM,2022-02-05,2022,5,78,11.0,4.0,11.0,1.0,2.5,1.0,1.0,1.0,3759.0,611.0,2956.0,491.0,0.79,0.0,0.8,0.01,35.58245614035088,0,3.0,0.0,1.0,0.0,0.0,0.0,0.0,0.0
NM,2022-02-12,2022,6,79,5.0,3.0,4.0,1.0,2.5,1.0,1.0,1.0,3808.0,624.0,2947.0,488.0,0.77,0.0,0.78,0.0,35.58245614035088,0,11.0,3.0,2.0,2.0,0.0,0.0,0.0,0.0
NM,2022-02-19,2022,7,80,4.0,2.0,6.0,1.0,2.5,1.0,1.0,1.0,3792.0,623.0,2914.0,480.0,0.77,0.0,0.77,0.0,35.58245614035088,0,5.0,11.0,0.0,0.0,0.0,0.0,0.0,0.0
NM,2022-02-26,2022,8,81,5.0,1.0,4.0,1.0,2.5,1.0,1.0,1.0,3752.0,615.0,2875.0,473.0,0.77,0.0,0.77,0.0,35.58245614035088,0,4.0,5.0,3.0,1.0,0.0,0.0,0.0,0.0
NM,2022-03-05,2022,9,82,3.0,1.0,4.0,1.0,2.5,1.0,1.0,1.0,3692.0,620.0,2814.0,457.0,0.76,0.0,0.74,0.0,35.58245614035088,0,5.0,4.0,11.0,1.0,0.0,0.0,0.0,0.0
NM,2022-03-12,2022,10,83,7.0,1.0,6.0,1.0,2.5,1.0,1.0,1.0,3685.0,620.0,2690.0,426.0,0.73,0.0,0.69,0.0,35.58245614035088,0,3.0,5.0,5.0,2.0,0.0,0.0,0.0,0.0
NM,2022-03-19,2022,11,84,9.0,1.0,15.0,1.0,2.5,1.0,1.0,1.0,3702.0,612.0,2673.0,412.0,0.72,0.0,0.67,0.0,35.58245614035088,0,7.0,3.0,4.0,0.0,0.0,0.0,0.0,0.0
NM,2022-03-26,2022,12,85,16.0,2.0,36.0,1.0,2.5,1.0,1.0,1.0,3710.0,612.0,2740.0,434.0,0.74,0.0,0.71,0.0,35.58245614035088,0,9.0,7.0,5.0,3.0,0.0,0.0,0.0,0.0
NM,2022-04-02,2022,13,86,18.0,3.0,39.0,1.0,2.5,1.0,1.0,1.0,3714.0,623.0,2656.0,451.0,0.71,0.0,0.72,0.01,35.58245614035088,0,16.0,9.0,3.0,11.0,0.0,0.0,0.0,0.0
NM,2022-04-09,2022,14,87,23.0,5.0,43.0,1.0,2.5,1.0,1.0,1.0,3720.0,612.0,2646.0,436.0,0.71,0.01,0.71,0.01,35.58245614035088,0,18.0,16.0,7.0,5.0,0.0,0.0,0.0,0.0
NM,2022-04-16,2022,15,88,17.0,4.0,28.0,1.0,2.5,1.0,1.0,1.0,3736.0,618.0,2703.0,459.0,0.72,0.0,0.74,0.01,35.58245614035088,0,23.0,18.0,9.0,4.0,0.01,0.0,0.0,0.0
NM,2022-04-23,2022,16,89,18.0,4.0,43.0,1.0,2.5,1.0,1.0,1.0,3727.0,624.0,2679.0,450.0,0.72,0.0,0.72,0.01,35.58245614035088,0,17.0,23.0,16.0,5.0,0.0,0.01,0.0,0.0
NM,2022-04-30,2022,17,90,31.0,7.0,51.0,1.0,2.5,1.0,1.0,1.0,3716.0,621.0,2681.0,457.0,0.72,0.01,0.74,0.01,35.58245614035088,0,18.0,17.0,18.0,3.0,0.0,0.0,0.0,0.0
NM,2022-05-07,2022,18,91,33.0,7.0,70.0,1.0,2.5,1.0,1.0,1.0,3692.0,607.0,2608.0,430.0,0.71,0.01,0.71,0.01,35.58245614035088,0,31.0,18.0,23.0,7.0,0.01,0.0,0.01,0.0
NM,2022-05-14,2022,19,92,25.0,7.0,37.0,1.0,2.5,1.0,1.0,1.0,3695.0,612.0,2616.0,431.0,0.71,0.01,0.7,0.01,35.58245614035088,0,33.0,31.0,17.0,9.0,0.01,0.01,0.0,0.0
NM,2022-05-21,2022,20,93,35.0,6.0,64.0,1.0,2.5,1.0,1.0,1.0,3691.0,614.0,2625.0,433.0,0.71,0.01,0.7,0.01,35.58245614035088,0,25.0,33.0,18.0,16.0,0.01,0.01,0.0,0.0
NM,2022-05-28,2022,21,94,36.0,6.0,51.0,1.0,2.5,1.0,1.0,1.0,3706.0,618.0,2649.0,430.0,0.71,0.01,0.7,0.01,35.58245614035088,0,35.0,25.0,31.0,18.0,0.01,0.01,0.01,0.0
NM,2022-06-04,2022,22,95,35.0,6.0,55.0,1.0,2.5,1.0,1.0,1.0,3700.0,610.0,2623.0,444.0,0.71,0.01,0.73,0.01,35.58245614035088,0,36.0,35.0,33.0,23.0,0.01,0.01,0.01,0.01
NM,2022-06-11,2022,23,96,33.0,9.0,31.0,1.0,2.5,1.0,1.0,1.0,3667.0,602.0,2666.0,460.0,0.73,0.01,0.76,0.02,35.58245614035088,0,35.0,36.0,25.0,17.0,0.01,0.01,0.01,0.0
NM,2022-06-18,2022,24,97,23.0,8.0,16.0,1.0,2.5,1.0,1.0,1.0,3639.0,602.0,2655.0,436.0,0.73,0.01,0.72,0.01,35.58245614035088,0,33.0,35.0,35.0,18.0,0.01,0.01,0.01,0.0
NM,2022-06-25,2022,25,98,11.0,5.0,6.0,1.0,2.5,1.0,1.0,1.0,3642.0,605.0,2594.0,430.0,0.71,0.0,0.71,0.01,35.58245614035088,0,23.0,33.0,36.0,31.0,0.01,0.01,0.01,0.01
NM,2022-07-02,2022,26,99,11.0,5.0,12.0,1.0,2.5,1.0,1.0,1.0,3656.0,604.0,2600.0,423.0,0.71,0.0,0.7,0.01,35.58245614035088,0,11.0,23.0,35.0,33.0,0.0,0.01,0.01,0.01
NM,2022-07-09,2022,27,100,7.0,3.0,0.0,1.0,2.5,1.0,1.0,1.0,3617.0,600.0,2583.0,433.0,0.71,0.0,0.72,0.01,35.58245614035088,0,11.0,11.0,33.0,25.0,0.0,0.0,0.01,0.01
NM,2022-07-16,2022,28,101,7.0,3.0,5.0,1.0,2.5,1.0,1.0,1.0,3646.0,604.0,2666.0,433.0,0.73,0.0,0.72,0.01,35.58245614035088,0,7.0,11.0,23.0,35.0,0.0,0.0,0.01,0.01
NM,2022-07-23,2022,29,102,6.0,2.0,4.0,1.0,2.5,1.0,1.0,1.0,3643.0,603.0,2651.0,437.0,0.73,0.0,0.72,0.0,35.58245614035088,0,7.0,7.0,11.0,36.0,0.0,0.0,0.0,0.01
NM,2022-07-30,2022,30,103,5.0,3.0,1.0,1.0,2.5,1.0,1.0,1.0,3641.0,605.0,2648.0,436.0,0.73,0.0,0.72,0.0,35.58245614035088,0,6.0,7.0,11.0,35.0,0.0,0.0,0.0,0.01
NM,2022-08-06,2022,31,104,5.0,2.0,1.0,1.0,2.5,1.0,1.0,1.0,3630.0,606.0,2609.0,427.0,0.72,0.0,0.71,0.0,35.58245614035088,0,5.0,6.0,7.0,33.0,0.0,0.0,0.0,0.01
NM,2022-08-13,2022,32,105,7.0,2.0,10.0,1.0,2.5,1.0,1.0,1.0,3627.0,604.0,2626.0,415.0,0.72,0.0,0.69,0.0,35.58245614035088,0,5.0,5.0,7.0,23.0,0.0,0.0,0.0,0.01
NM,2022-08-20,2022,33,106,7.0,3.0,6.0,1.0,2.5,1.0,1.0,1.0,3638.0,603.0,2628.0,428.0,0.72,0.0,0.71,0.0,35.58245614035088,0,7.0,5.0,6.0,11.0,0.0,0.0,0.0,0.0
NM,2022-08-27,2022,34,107,5.0,3.0,6.0,1.0,2.5,1.0,1.0,1.0,3632.0,605.0,2642.0,434.0,0.73,0.0,0.72,0.0,35.58245614035088,0,7.0,7.0,5.0,11.0,0.0,0.0,0.0,0.0
NM,2022-09-03,2022,35,108,14.0,4.0,17.0,1.0,2.5,1.0,1.0,1.0,3619.0,605.0,2749.0,440.0,0.76,0.0,0.73,0.01,35.58245614035088,0,5.0,7.0,5.0,7.0,0.0,0.0,0.0,0.0
NM,2022-09-10,2022,36,109,15.0,6.0,11.0,1.0,2.5,1.0,1.0,1.0,3589.0,603.0,2677.0,423.0,0.75,0.0,0.7,0.01,35.58245614035088,0,14.0,5.0,7.0,7.0,0.0,0.0,0.0,0.0
NM,2022-09-17,2022,37,110,10.0,3.0,4.0,1.0,2.5,1.0,1.0,1.0,3587.0,608.0,2645.0,430.0,0.74,0.0,0.71,0.0,35.58245614035088,0,15.0,14.0,7.0,6.0,0.0,0.0,0.0,0.0
NM,2022-09-24,2022,38,111,10.0,3.0,6.0,1.0,2.5,1.0,1.0,1.0,3627.0,608.0,2642.0,439.0,0.73,0.0,0.72,0.01,35.58245614035088,0,10.0,15.0,5.0,5.0,0.0,0.0,0.0,0.0
NM,2022-10-01,2022,39,112,13.0,6.0,14.0,1.0,2.5,1.0,1.0,1.0,3601.0,609.0,2573.0,423.0,0.71,0.0,0.69,0.01,35.58245614035088,0,10.0,10.0,14.0,5.0,0.0,0.0,0.0,0.0
NM,2022-10-08,2022,40,113,15.0,5.0,25.0,1.0,2.5,1.0,1.0,1.0,3626.0,612.0,2564.0,424.0,0.71,0.0,0.69,0.01,35.58245614035088,0,13.0,10.0,15.0,7.0,0.0,0.0,0.0,0.0
NM,2022-10-15,2022,41,114,15.0,7.0,24.0,1.0,2.5,1.0,1.0,1.0,3633.0,607.0,2585.0,430.0,0.71,0.0,0.71,0.01,35.58245614035088,0,15.0,13.0,10.0,7.0,0.0,0.0,0.0,0.0
NM,2022-10-22,2022,42,115,14.0,5.0,26.0,1.0,2.5,1.0,1.0,1.0,3620.0,614.0,2682.0,457.0,0.74,0.0,0.74,0.01,35.58245614035088,0,15.0,15.0,10.0,5.0,0.0,0.0,0.0,0.0
NM,2022-10-29,2022,43,116,27.0,10.0,53.0,1.0,2.5,1.0,1.0,1.0,3627.0,613.0,2703.0,456.0,0.74,0.01,0.75,0.02,35.58245614035088,0,14.0,15.0,13.0,14.0,0.0,0.0,0.0,0.0
NM,2022-11-05,2022,44,117,41.0,13.0,90.0,1.0,2.5,1.0,1.0,1.0,3625.0,614.0,2721.0,456.0,0.75,0.01,0.74,0.02,35.58245614035088,0,27.0,14.0,15.0,15.0,0.01,0.0,0.0,0.0
NM,2022-11-12,2022,45,118,69.0,20.0,149.0,1.0,2.5,1.0,1.0,1.0,3629.0,612.0,2820.0,476.0,0.78,0.02,0.78,0.03,35.58245614035088,1,41.0,27.0,15.0,10.0,0.01,0.01,0.0,0.0
NM,2022-11-19,2022,46,119,93.0,23.0,163.0,1.0,2.5,1.0,1.0,1.0,3611.0,615.0,2864.0,482.0,0.79,0.03,0.78,0.04,35.58245614035088,1,69.0,41.0,14.0,10.0,0.02,0.01,0.0,0.0
NM,2022-11-26,2022,47,120,118.0,24.0,176.0,1.0,2.5,1.0,1.0,1.0,3565.0,618.0,2801.0,476.0,0.79,0.03,0.77,0.04,35.58245614035088,1,93.0,69.0,27.0,13.0,0.03,0.02,0.01,0.0
NM,2022-12-03,2022,48,121,168.0,29.0,357.0,1.0,2.5,1.0,1.0,1.0,3578.0,614.0,2900.0,474.0,0.81,0.05,0.77,0.05,35.58245614035088,1,118.0,93.0,41.0,15.0,0.03,0.03,0.01,0.0
NM,2022-12-10,2022,49,122,209.0,43.0,409.0,1.0,2.5,1.0,1.0,1.0,3581.0,612.0,2949.0,486.0,0.82,0.06,0.79,0.07,35.58245614035088,1,168.0,118.0,69.0,15.0,0.05,0.03,0.02,0.0
NM,2022-12-17,2022,50,123,216.0,46.0,342.0,1.0,2.5,1.0,1.0,1.0,3608.0,607.0,2809.0,450.0,0.78,0.06,0.74,0.08,35.58245614035088,1,209.0,168.0,93.0,14.0,0.06,0.05,0.03,0.0
NM,2022-12-24,2022,51,124,241.0,49.0,361.0,1.0,2.5,1.0,1.0,1.0,3753.0,608.0,2757.0,444.0,0.73,0.06,0.73,0.08,35.58245614035088,1,216.0,209.0,118.0,27.0,0.06,0.06,0.03,0.01
NM,2022-12-31,2022,52,125,175.0,38.0,286.0,1.0,2.5,1.0,1.0,1.0,3720.0,608.0,2619.0,433.0,0.7,0.05,0.71,0.06,35.58245614035088,1,241.0,216.0,168.0,41.0,0.06,0.06,0.05,0.01
NV,2020-10-03,2020,40,8,0.0,0.0,0.0,0.0,1.5,3.0,2.0,2.5,10053.0,1676.0,7114.0,1173.0,0.71,0.0,0.7,0.0,33.15589743589744,0,0.0,5.0,5.0,2.0,0.0,0.0,0.0,0.0
NV,2020-10-10,2020,41,9,0.0,0.0,0.0,0.0,1.5,3.0,2.0,2.5,10137.0,1696.0,7357.0,1208.0,0.73,0.0,0.71,0.0,33.15589743589744,0,0.0,0.0,5.0,5.0,0.0,0.0,0.0,0.0
NV,2020-10-17,2020,42,10,0.0,0.0,0.0,0.0,1.5,3.0,2.0,2.5,10146.0,1708.0,7313.0,1148.0,0.72,0.0,0.67,0.0,33.15589743589744,0,0.0,0.0,5.0,5.0,0.0,0.0,0.0,0.0
NV,2020-10-24,2020,43,11,0.0,0.0,5.0,0.0,1.5,3.0,2.0,2.5,10028.0,1783.0,7470.0,1227.0,0.74,0.0,0.69,0.0,33.15589743589744,0,0.0,0.0,0.0,5.0,0.0,0.0,0.0,0.0
NV,2020-10-31,2020,44,12,1.0,0.0,53.0,0.0,1.5,3.0,2.0,2.5,10007.0,1696.0,7490.0,1198.0,0.75,0.0,0.71,0.0,33.15589743589744,0,0.0,0.0,0.0,5.0,0.0,0.0,0.0,0.0
NV,2020-11-07,2020,45,13,3.0,2.0,3.0,0.0,1.5,3.0,2.0,2.5,9981.0,1702.0,7665.0,1240.0,0.77,0.0,0.73,0.0,33.15589743589744,0,1.0,0.0,0.0,5.0,0.0,0.0,0.0,0.0
NV,2020-11-14,2020,46,14,4.0,4.0,1.0,0.0,1.5,3.0,2.0,2.5,10063.0,1706.0,7922.0,1290.0,0.79,0.0,0.76,0.0,33.15589743589744,0,3.0,1.0,0.0,5.0,0.0,0.0,0.0,0.0
NV,2020-11-21,2020,47,15,3.0,1.0,6.0,0.0,1.5,3.0,2.0,2.5,10144.0,1727.0,8117.0,1289.0,0.8,0.0,0.75,0.0,33.15589743589744,0,4.0,3.0,0.0,0.0,0.0,0.0,0.0,0.0
NV,2020-11-28,2020,48,16,2.0,1.0,2.0,0.0,1.5,3.0,2.0,2.5,10165.0,1749.0,8034.0,1309.0,0.79,0.0,0.75,0.0,33.15589743589744,0,3.0,4.0,1.0,0.0,0.0,0.0,0.0,0.0
NV,2020-12-05,2020,49,17,8.0,5.0,10.0,0.0,1.5,3.0,2.0,2.5,10215.0,1743.0,8295.0,1336.0,0.81,0.0,0.77,0.0,33.15589743589744,0,2.0,3.0,3.0,0.0,0.0,0.0,0.0,0.0
NV,2020-12-12,2020,50,18,11.0,3.0,11.0,0.0,1.5,3.0,2.0,2.5,10191.0,1743.0,8427.0,1386.0,0.83,0.0,0.8,0.0,33.15589743589744,0,8.0,2.0,4.0,0.0,0.0,0.0,0.0,0.0
NV,2020-12-19,2020,51,19,11.0,6.0,7.0,0.0,1.5,3.0,2.0,2.5,10196.0,1769.0,8393.0,1422.0,0.82,0.0,0.8,0.0,33.15589743589744,0,11.0,8.0,3.0,0.0,0.0,0.0,0.0,0.0
NV,2020-12-26,2020,52,20,13.0,3.0,3.0,0.0,1.5,3.0,2.0,2.5,10220.0,1763.0,8138.0,1432.0,0.8,0.0,0.81,0.0,33.15589743589744,0,11.0,11.0,2.0,1.0,0.0,0.0,0.0,0.0
NV,2021-01-02,2021,53,21,14.0,4.0,17.0,0.0,1.5,3.0,2.0,2.5,10251.0,1772.0,8257.0,1411.0,0.81,0.0,0.8,0.0,28.43831168831169,0,13.0,11.0,8.0,3.0,0.0,0.0,0.0,0.0
NV,2021-01-09,2021,1,22,18.0,9.0,9.0,0.0,1.5,3.0,2.0,2.5,10260.0,1772.0,8476.0,1386.0,0.83,0.0,0.78,0.0,28.43831168831169,0,14.0,13.0,11.0,4.0,0.0,0.0,0.0,0.0
NV,2021-01-16,2021,2,23,16.0,6.0,13.0,0.0,1.5,3.0,2.0,2.5,10309.0,1766.0,8427.0,1389.0,0.82,0.0,0.79,0.0,28.43831168831169,0,18.0,14.0,11.0,3.0,0.0,0.0,0.0,0.0
NV,2021-01-23,2021,3,24,13.0,2.0,2.0,0.0,1.5,3.0,2.0,2.5,10432.0,1771.0,8210.0,1371.0,0.79,0.0,0.77,0.0,28.43831168831169,0,16.0,18.0,13.0,2.0,0.0,0.0,0.0,0.0
NV,2021-01-30,2021,4,25,8.0,1.0,5.0,0.0,1.5,3.0,2.0,2.5,10481.0,1774.0,8150.0,1347.0,0.78,0.0,0.76,0.0,28.43831168831169,0,13.0,16.0,14.0,8.0,0.0,0.0,0.0,0.0
NV,2021-02-06,2021,5,26,7.0,0.0,2.0,0.0,1.5,3.0,2.0,2.5,10450.0,1751.0,7920.0,1303.0,0.76,0.0,0.74,0.0,28.43831168831169,0,8.0,13.0,18.0,11.0,0.0,0.0,0.0,0.0
NV,2021-02-13,2021,6,27,3.0,1.0,0.0,0.0,1.5,3.0,2.0,2.5,10414.0,1742.0,7817.0,1277.0,0.75,0.0,0.73,0.0,28.43831168831169,0,7.0,8.0,16.0,11.0,0.0,0.0,0.0,0.0
NV,2021-02-20,2021,7,28,2.0,1.0,5.0,0.0,1.5,3.0,2.0,2.5,10356.0,1725.0,7638.0,1224.0,0.74,0.0,0.71,0.0,28.43831168831169,0,3.0,7.0,13.0,13.0,0.0,0.0,0.0,0.0
NV,2021-02-27,2021,8,29,2.0,0.0,6.0,0.0,1.5,3.0,2.0,2.5,10359.0,1725.0,7429.0,1175.0,0.72,0.0,0.68,0.0,28.43831168831169,0,2.0,3.0,8.0,14.0,0.0,0.0,0.0,0.0
NV,2021-03-06,2021,9,30,2.0,1.0,0.0,0.0,1.5,3.0,2.0,2.5,10324.0,1717.0,7367.0,1163.0,0.71,0.0,0.68,0.0,28.43831168831169,0,2.0,2.0,7.0,18.0,0.0,0.0,0.0,0.0
NV,2021-03-13,2021,10,31,5.0,2.0,13.0,0.0,1.5,3.0,2.0,2.5,10320.0,1686.0,7405.0,1160.0,0.72,0.0,0.69,0.0,28.43831168831169,0,2.0,2.0,3.0,16.0,0.0,0.0,0.0,0.0
NV,2021-03-20,2021,11,32,4.0,2.0,2.0,0.0,1.5,3.0,2.0,2.5,10328.0,1691.0,7235.0,1121.0,0.7,0.0,0.66,0.0,28.43831168831169,0,5.0,2.0,2.0,13.0,0.0,0.0,0.0,0.0
NV,2021-03-27,2021,12,33,2.0,1.0,0.0,0.0,1.5,3.0,2.0,2.5,10340.0,1690.0,7320.0,1117.0,0.71,0.0,0.66,0.0,28.43831168831169,0,4.0,5.0,2.0,8.0,0.0,0.0,0.0,0.0
NV,2021-04-03,2021,13,34,1.0,0.0,4.0,0.0,1.5,3.0,2.0,2.5,10331.0,1687.0,7307.0,1168.0,0.71,0.0,0.69,0.0,28.43831168831169,0,2.0,4.0,2.0,7.0,0.0,0.0,0.0,0.0
NV,2021-04-10,2021,14,35,1.0,0.0,3.0,0.0,1.5,3.0,2.0,2.5,10325.0,1689.0,7449.0,1137.0,0.72,0.0,0.67,0.0,28.43831168831169,0,1.0,2.0,5.0,3.0,0.0,0.0,0.0,0.0
NV,2021-04-17,2021,15,36,4.0,1.0,5.0,0.0,1.5,3.0,2.0,2.5,10126.0,1634.0,7351.0,1117.0,0.73,0.0,0.68,0.0,28.43831168831169,0,1.0,1.0,4.0,2.0,0.0,0.0,0.0,0.0
NV,2021-04-24,2021,16,37,5.0,1.0,7.0,0.0,1.5,3.0,2.0,2.5,10306.0,1688.0,7409.0,1117.0,0.72,0.0,0.66,0.0,28.43831168831169,0,4.0,1.0,2.0,2.0,0.0,0.0,0.0,0.0
NV,2021-05-01,2021,17,38,5.0,1.0,13.0,0.0,1.5,3.0,2.0,2.5,10317.0,1686.0,7322.0,1113.0,0.71,0.0,0.66,0.0,28.43831168831169,0,5.0,4.0,1.0,2.0,0.0,0.0,0.0,0.0
NV,2021-05-08,2021,18,39,3.0,0.0,2.0,0.0,1.5,3.0,2.0,2.5,10316.0,1682.0,7403.0,1107.0,0.72,0.0,0.66,0.0,28.43831168831169,0,5.0,5.0,1.0,5.0,0.0,0.0,0.0,0.0
NV,2021-05-15,2021,19,40,3.0,0.0,2.0,0.0,1.5,3.0,2.0,2.5,10377.0,1692.0,7427.0,1060.0,0.72,0.0,0.63,0.0,28.43831168831169,0,3.0,5.0,4.0,4.0,0.0,0.0,0.0,0.0
NV,2021-05-22,2021,20,41,1.0,0.0,0.0,0.0,1.5,3.0,2.0,2.5,10324.0,1688.0,7397.0,1063.0,0.72,0.0,0.63,0.0,28.43831168831169,0,3.0,3.0,5.0,2.0,0.0,0.0,0.0,0.0
NV,2021-05-29,2021,21,42,0.0,0.0,0.0,0.0,1.5,3.0,2.0,2.5,10325.0,1694.0,7357.0,1161.0,0.71,0.0,0.68,0.0,28.43831168831169,0,1.0,3.0,5.0,1.0,0.0,0.0,0.0,0.0
NV,2021-06-05,2021,22,43,1.0,0.0,2.0,0.0,1.5,3.0,2.0,2.5,10306.0,1681.0,7336.0,1076.0,0.71,0.0,0.64,0.0,28.43831168831169,0,0.0,1.0,3.0,1.0,0.0,0.0,0.0,0.0
NV,2021-06-12,2021,23,44,1.0,0.0,3.0,0.0,1.5,3.0,2.0,2.5,10183.0,1670.0,7350.0,1110.0,0.72,0.0,0.66,0.0,28.43831168831169,0,1.0,0.0,3.0,4.0,0.0,0.0,0.0,0.0
NV,2021-06-19,2021,24,45,3.0,0.0,9.0,0.0,1.5,3.0,2.0,2.5,10315.0,1687.0,7538.0,1390.0,0.73,0.0,0.82,0.0,28.43831168831169,0,1.0,1.0,1.0,5.0,0.0,0.0,0.0,0.0
NV,2021-06-26,2021,25,46,5.0,0.0,2.0,0.0,1.5,3.0,2.0,2.5,10315.0,1690.0,7594.0,1122.0,0.74,0.0,0.66,0.0,28.43831168831169,0,3.0,1.0,0.0,5.0,0.0,0.0,0.0,0.0
NV,2021-07-03,2021,26,47,2.0,0.0,1.0,0.0,1.5,3.0,2.0,2.5,10319.0,1705.0,7639.0,1126.0,0.74,0.0,0.66,0.0,28.43831168831169,0,5.0,3.0,1.0,3.0,0.0,0.0,0.0,0.0
NV,2021-07-10,2021,27,48,1.0,0.0,2.0,0.0,1.5,3.0,2.0,2.5,10321.0,1702.0,8083.0,1221.0,0.78,0.0,0.72,0.0,28.43831168831169,0,2.0,5.0,1.0,3.0,0.0,0.0,0.0,0.0
NV,2021-07-17,2021,28,49,2.0,0.0,3.0,0.0,1.5,3.0,2.0,2.5,10309.0,1703.0,8513.0,1358.0,0.83,0.0,0.8,0.0,28.43831168831169,0,1.0,2.0,3.0,1.0,0.0,0.0,0.0,0.0
NV,2021-07-24,2021,29,50,1.0,0.0,2.0,0.0,1.5,3.0,2.0,2.5,10346.0,1749.0,8496.0,1322.0,0.82,0.0,0.76,0.0,28.43831168831169,0,2.0,1.0,5.0,0.0,0.0,0.0,0.0,0.0
NV,2021-07-31,2021,30,51,1.0,0.0,0.0,0.0,1.5,3.0,2.0,2.5,10368.0,1731.0,8852.0,1349.0,0.85,0.0,0.78,0.0,28.43831168831169,0,1.0,2.0,2.0,1.0,0.0,0.0,0.0,0.0
NV,2021-08-07,2021,31,52,0.0,1.0,0.0,0.0,1.5,3.0,2.0,2.5,10393.0,1712.0,8479.0,1363.0,0.82,0.0,0.8,0.0,28.43831168831169,0,1.0,1.0,1.0,1.0,0.0,0.0,0.0,0.0
NV,2021-08-14,2021,32,53,1.0,0.0,1.0,0.0,1.5,3.0,2.0,2.5,10312.0,1695.0,8618.0,1381.0,0.84,0.0,0.81,0.0,28.43831168831169,0,0.0,1.0,2.0,3.0,0.0,0.0,0.0,0.0
NV,2021-08-21,2021,33,54,1.0,0.0,2.0,0.0,1.5,3.0,2.0,2.5,10050.0,1663.0,8568.0,1387.0,0.85,0.0,0.83,0.0,28.43831168831169,0,1.0,0.0,1.0,5.0,0.0,0.0,0.0,0.0
NV,2021-08-28,2021,34,55,0.0,0.0,6.0,0.0,1.5,3.0,2.0,2.5,10102.0,1662.0,8390.0,1397.0,0.83,0.0,0.84,0.0,28.43831168831169,0,1.0,1.0,1.0,2.0,0.0,0.0,0.0,0.0
NV,2021-09-04,2021,35,56,1.0,0.0,0.0,0.0,1.5,3.0,2.0,2.5,10123.0,1679.0,8260.0,1416.0,0.82,0.0,0.84,0.0,28.43831168831169,0,0.0,1.0,0.0,1.0,0.0,0.0,0.0,0.0
NV,2021-09-11,2021,36,57,0.0,0.0,0.0,0.0,1.5,3.0,2.0,2.5,10021.0,1673.0,8244.0,1386.0,0.82,0.0,0.83,0.0,28.43831168831169,0,1.0,0.0,1.0,2.0,0.0,0.0,0.0,0.0
NV,2021-09-18,2021,37,58,1.0,0.0,4.0,0.0,1.5,3.0,2.0,2.5,10048.0,1665.0,8307.0,1403.0,0.83,0.0,0.84,0.0,28.43831168831169,0,0.0,1.0,1.0,1.0,0.0,0.0,0.0,0.0
NV,2021-09-25,2021,38,59,0.0,0.0,1.0,0.0,1.5,3.0,2.0,2.5,10031.0,1640.0,8291.0,1353.0,0.83,0.0,0.82,0.0,28.43831168831169,0,1.0,0.0,0.0,1.0,0.0,0.0,0.0,0.0
NV,2021-10-02,2021,39,60,2.0,0.0,3.0,0.0,1.5,3.0,2.0,2.5,10014.0,1651.0,8296.0,1361.0,0.83,0.0,0.82,0.0,28.43831168831169,0,0.0,1.0,1.0,0.0,0.0,0.0,0.0,0.0
NV,2021-10-09,2021,40,61,1.0,1.0,66.0,0.0,1.5,3.0,2.0,2.5,10073.0,1644.0,8291.0,1321.0,0.82,0.0,0.8,0.0,28.43831168831169,0,2.0,0.0,0.0,1.0,0.0,0.0,0.0,0.0
NV,2021-10-16,2021,41,62,1.0,0.0,7.0,0.0,1.5,3.0,2.0,2.5,10060.0,1632.0,8188.0,1318.0,0.81,0.0,0.81,0.0,28.43831168831169,0,1.0,2.0,1.0,1.0,0.0,0.0,0.0,0.0
NV,2021-10-23,2021,42,63,2.0,0.0,2.0,0.0,1.5,3.0,2.0,2.5,9992.0,1599.0,8159.0,1272.0,0.82,0.0,0.8,0.0,28.43831168831169,0,1.0,1.0,0.0,0.0,0.0,0.0,0.0,0.0
NV,2021-10-30,2021,43,64,3.0,0.0,1.0,0.0,1.5,3.0,2.0,2.5,10062.0,1603.0,8201.0,1290.0,0.82,0.0,0.8,0.0,28.43831168831169,0,2.0,1.0,2.0,1.0,0.0,0.0,0.0,0.0
NV,2021-11-06,2021,44,65,3.0,0.0,4.0,0.0,1.5,3.0,2.0,2.5,10046.0,1615.0,8172.0,1302.0,0.81,0.0,0.81,0.0,28.43831168831169,0,3.0,2.0,1.0,0.0,0.0,0.0,0.0,0.0
NV,2021-11-13,2021,45,66,2.0,0.0,5.0,0.0,1.5,3.0,2.0,2.5,10024.0,1609.0,8345.0,1274.0,0.83,0.0,0.79,0.0,28.43831168831169,0,3.0,3.0,1.0,1.0,0.0,0.0,0.0,0.0
NV,2021-11-20,2021,46,67,8.0,0.0,20.0,0.0,1.5,3.0,2.0,2.5,10047.0,1614.0,8341.0,1260.0,0.83,0.0,0.78,0.0,28.43831168831169,0,2.0,3.0,2.0,0.0,0.0,0.0,0.0,0.0
NV,2021-11-27,2021,47,68,11.0,0.0,10.0,0.0,1.5,3.0,2.0,2.5,9989.0,1584.0,7915.0,1221.0,0.79,0.0,0.77,0.0,28.43831168831169,0,8.0,2.0,3.0,2.0,0.0,0.0,0.0,0.0
NV,2021-12-04,2021,48,69,4.0,1.0,7.0,0.0,1.5,3.0,2.0,2.5,10007.0,1601.0,8202.0,1208.0,0.82,0.0,0.75,0.0,28.43831168831169,0,11.0,8.0,3.0,1.0,0.0,0.0,0.0,0.0
NV,2021-12-11,2021,49,70,5.0,1.0,8.0,0.0,1.5,3.0,2.0,2.5,9990.0,1591.0,8244.0,1225.0,0.83,0.0,0.77,0.0,28.43831168831169,0,4.0,11.0,2.0,1.0,0.0,0.0,0.0,0.0
NV,2021-12-18,2021,50,71,3.0,0.0,7.0,0.0,1.5,3.0,2.0,2.5,10036.0,1605.0,8329.0,1295.0,0.83,0.0,0.81,0.0,28.43831168831169,0,5.0,4.0,8.0,2.0,0.0,0.0,0.0,0.0
NV,2021-12-25,2021,51,72,4.0,0.0,11.0,0.0,1.5,3.0,2.0,2.5,10001.0,1594.0,7994.0,1237.0,0.8,0.0,0.78,0.0,28.43831168831169,0,3.0,5.0,11.0,3.0,0.0,0.0,0.0,0.0
NV,2022-01-01,2022,52,73,3.0,1.0,7.0,0.0,1.5,3.0,2.0,2.5,10021.0,1594.0,8105.0,1252.0,0.81,0.0,0.79,0.0,30.83550295857988,0,4.0,3.0,4.0,3.0,0.0,0.0,0.0,0.0
NV,2022-01-08,2022,1,74,6.0,0.0,18.0,0.0,1.5,3.0,2.0,2.5,10088.0,1601.0,8579.0,1315.0,0.85,0.0,0.82,0.0,30.83550295857988,0,3.0,4.0,5.0,2.0,0.0,0.0,0.0,0.0
NV,2022-01-15,2022,2,75,2.0,0.0,44.0,0.0,1.5,3.0,2.0,2.5,10156.0,1605.0,8764.0,1345.0,0.86,0.0,0.84,0.0,30.83550295857988,0,6.0,3.0,3.0,8.0,0.0,0.0,0.0,0.0
NV,2022-01-22,2022,3,76,2.0,0.0,5.0,0.0,1.5,3.0,2.0,2.5,10158.0,1630.0,8799.0,1392.0,0.87,0.0,0.85,0.0,30.83550295857988,0,2.0,6.0,4.0,11.0,0.0,0.0,0.0,0.0
NV,2022-01-29,2022,4,77,5.0,1.0,11.0,0.0,1.5,3.0,2.0,2.5,10153.0,1592.0,8762.0,1336.0,0.86,0.0,0.84,0.0,30.83550295857988,0,2.0,2.0,3.0,4.0,0.0,0.0,0.0,0.0
NV,2022-02-05,2022,5,78,3.0,0.0,4.0,0.0,1.5,3.0,2.0,2.5,10145.0,1582.0,8579.0,1297.0,0.85,0.0,0.82,0.0,30.83550295857988,0,5.0,2.0,6.0,5.0,0.0,0.0,0.0,0.0
NV,2022-02-12,2022,6,79,5.0,1.0,8.0,0.0,1.5,3.0,2.0,2.5,10115.0,1625.0,8378.0,1284.0,0.83,0.0,0.79,0.0,30.83550295857988,0,3.0,5.0,2.0,3.0,0.0,0.0,0.0,0.0
NV,2022-02-19,2022,7,80,5.0,1.0,9.0,0.0,1.5,3.0,2.0,2.5,10060.0,1610.0,8268.0,1260.0,0.82,0.0,0.78,0.0,30.83550295857988,0,5.0,3.0,2.0,4.0,0.0,0.0,0.0,0.0
NV,2022-02-26,2022,8,81,5.0,0.0,9.0,0.0,1.5,3.0,2.0,2.5,9977.0,1592.0,8117.0,1232.0,0.81,0.0,0.77,0.0,30.83550295857988,0,5.0,5.0,5.0,3.0,0.0,0.0,0.0,0.0
NV,2022-03-05,2022,9,82,8.0,1.0,24.0,0.0,1.5,3.0,2.0,2.5,9963.0,1589.0,8002.0,1250.0,0.8,0.0,0.79,0.0,30.83550295857988,0,5.0,5.0,3.0,6.0,0.0,0.0,0.0,0.0
NV,2022-03-12,2022,10,83,8.0,3.0,33.0,0.0,1.5,3.0,2.0,2.5,9962.0,1576.0,7825.0,1142.0,0.79,0.0,0.72,0.0,30.83550295857988,0,8.0,5.0,5.0,2.0,0.0,0.0,0.0,0.0
NV,2022-03-19,2022,11,84,12.0,0.0,41.0,0.0,1.5,3.0,2.0,2.5,9949.0,1572.0,7731.0,1118.0,0.78,0.0,0.71,0.0,30.83550295857988,0,8.0,8.0,5.0,2.0,0.0,0.0,0.0,0.0
NV,2022-03-26,2022,12,85,20.0,3.0,53.0,0.0,1.5,3.0,2.0,2.5,9928.0,1567.0,7827.0,1149.0,0.79,0.0,0.73,0.0,30.83550295857988,0,12.0,8.0,5.0,5.0,0.0,0.0,0.0,0.0
NV,2022-04-02,2022,13,86,25.0,3.0,68.0,0.0,1.5,3.0,2.0,2.5,9966.0,1590.0,7908.0,1103.0,0.79,0.0,0.69,0.0,30.83550295857988,0,20.0,12.0,8.0,3.0,0.0,0.0,0.0,0.0
NV,2022-04-09,2022,14,87,33.0,2.0,110.0,0.0,1.5,3.0,2.0,2.5,9937.0,1584.0,7826.0,1124.0,0.79,0.0,0.71,0.0,30.83550295857988,0,25.0,20.0,8.0,5.0,0.0,0.0,0.0,0.0
NV,2022-04-16,2022,15,88,41.0,3.0,88.0,0.0,1.5,3.0,2.0,2.5,9935.0,1576.0,7560.0,1038.0,0.76,0.0,0.66,0.0,30.83550295857988,0,33.0,25.0,12.0,5.0,0.0,0.0,0.0,0.0
NV,2022-04-23,2022,16,89,38.0,6.0,84.0,0.0,1.5,3.0,2.0,2.5,9949.0,1580.0,7637.0,1064.0,0.77,0.0,0.67,0.0,30.83550295857988,0,41.0,33.0,20.0,5.0,0.0,0.0,0.0,0.0
NV,2022-04-30,2022,17,90,29.0,3.0,59.0,0.0,1.5,3.0,2.0,2.5,9939.0,1577.0,7747.0,1090.0,0.78,0.0,0.69,0.0,30.83550295857988,0,38.0,41.0,25.0,8.0,0.0,0.0,0.0,0.0
NV,2022-05-07,2022,18,91,32.0,4.0,59.0,0.0,1.5,3.0,2.0,2.5,9950.0,1580.0,7570.0,1013.0,0.76,0.0,0.64,0.0,30.83550295857988,0,29.0,38.0,33.0,8.0,0.0,0.0,0.0,0.0
NV,2022-05-14,2022,19,92,34.0,8.0,79.0,0.0,1.5,3.0,2.0,2.5,9927.0,1572.0,7712.0,1088.0,0.78,0.0,0.69,0.0,30.83550295857988,0,32.0,29.0,41.0,12.0,0.0,0.0,0.0,0.0
NV,2022-05-21,2022,20,93,40.0,7.0,99.0,0.0,1.5,3.0,2.0,2.5,9933.0,1581.0,7862.0,1137.0,0.79,0.0,0.72,0.0,30.83550295857988,0,34.0,32.0,38.0,20.0,0.0,0.0,0.0,0.0
NV,2022-05-28,2022,21,94,38.0,10.0,93.0,0.0,1.5,3.0,2.0,2.5,9948.0,1581.0,7938.0,1134.0,0.8,0.0,0.72,0.01,30.83550295857988,0,40.0,34.0,29.0,25.0,0.0,0.0,0.0,0.0
NV,2022-06-04,2022,22,95,28.0,6.0,71.0,0.0,1.5,3.0,2.0,2.5,9935.0,1575.0,7758.0,1099.0,0.78,0.0,0.7,0.0,30.83550295857988,0,38.0,40.0,32.0,33.0,0.0,0.0,0.0,0.0
NV,2022-06-11,2022,23,96,37.0,5.0,89.0,0.0,1.5,3.0,2.0,2.5,9976.0,1568.0,7970.0,1118.0,0.8,0.0,0.71,0.0,30.83550295857988,0,28.0,38.0,34.0,41.0,0.0,0.0,0.0,0.0
NV,2022-06-18,2022,24,97,24.0,4.0,62.0,0.0,1.5,3.0,2.0,2.5,9923.0,1568.0,7996.0,1108.0,0.81,0.0,0.71,0.0,30.83550295857988,0,37.0,28.0,40.0,38.0,0.0,0.0,0.0,0.0
NV,2022-06-25,2022,25,98,15.0,2.0,36.0,0.0,1.5,3.0,2.0,2.5,9943.0,1570.0,7942.0,1101.0,0.8,0.0,0.7,0.0,30.83550295857988,0,24.0,37.0,38.0,29.0,0.0,0.0,0.0,0.0
NV,2022-07-02,2022,26,99,13.0,1.0,24.0,0.0,1.5,3.0,2.0,2.5,9921.0,1575.0,8002.0,1128.0,0.81,0.0,0.72,0.0,30.83550295857988,0,15.0,24.0,28.0,32.0,0.0,0.0,0.0,0.0
NV,2022-07-09,2022,27,100,9.0,2.0,20.0,0.0,1.5,3.0,2.0,2.5,10002.0,1565.0,8037.0,1159.0,0.8,0.0,0.74,0.0,30.83550295857988,0,13.0,15.0,37.0,34.0,0.0,0.0,0.0,0.0
NV,2022-07-16,2022,28,101,7.0,3.0,18.0,0.0,1.5,3.0,2.0,2.5,10068.0,1578.0,8245.0,1193.0,0.82,0.0,0.76,0.0,30.83550295857988,0,9.0,13.0,24.0,40.0,0.0,0.0,0.0,0.0
NV,2022-07-23,2022,29,102,7.0,3.0,4.0,0.0,1.5,3.0,2.0,2.5,10066.0,1578.0,8131.0,1141.0,0.81,0.0,0.72,0.0,30.83550295857988,0,7.0,9.0,15.0,38.0,0.0,0.0,0.0,0.0
NV,2022-07-30,2022,30,103,3.0,1.0,5.0,0.0,1.5,3.0,2.0,2.5,10056.0,1567.0,7982.0,1088.0,0.79,0.0,0.69,0.0,30.83550295857988,0,7.0,7.0,13.0,28.0,0.0,0.0,0.0,0.0
NV,2022-08-06,2022,31,104,1.0,0.0,1.0,0.0,1.5,3.0,2.0,2.5,9615.0,1487.0,7502.0,1037.0,0.78,0.0,0.7,0.0,30.83550295857988,0,3.0,7.0,9.0,37.0,0.0,0.0,0.0,0.0
NV,2022-08-13,2022,32,105,2.0,0.0,0.0,0.0,1.5,3.0,2.0,2.5,10053.0,1566.0,7890.0,1091.0,0.78,0.0,0.7,0.0,30.83550295857988,0,1.0,3.0,7.0,24.0,0.0,0.0,0.0,0.0
NV,2022-08-20,2022,33,106,1.0,0.0,1.0,0.0,1.5,3.0,2.0,2.5,10051.0,1575.0,7874.0,1097.0,0.78,0.0,0.7,0.0,30.83550295857988,0,2.0,1.0,7.0,15.0,0.0,0.0,0.0,0.0
NV,2022-08-27,2022,34,107,2.0,0.0,5.0,0.0,1.5,3.0,2.0,2.5,10042.0,1579.0,7905.0,1096.0,0.79,0.0,0.69,0.0,30.83550295857988,0,1.0,2.0,3.0,13.0,0.0,0.0,0.0,0.0
NV,2022-09-03,2022,35,108,4.0,0.0,7.0,0.0,1.5,3.0,2.0,2.5,10019.0,1573.0,7858.0,1156.0,0.78,0.0,0.73,0.0,30.83550295857988,0,2.0,1.0,1.0,9.0,0.0,0.0,0.0,0.0
NV,2022-09-10,2022,36,109,2.0,0.0,1.0,0.0,1.5,3.0,2.0,2.5,10027.0,1560.0,7761.0,1114.0,0.77,0.0,0.71,0.0,30.83550295857988,0,4.0,2.0,2.0,7.0,0.0,0.0,0.0,0.0
NV,2022-09-17,2022,37,110,2.0,0.0,8.0,0.0,1.5,3.0,2.0,2.5,10033.0,1548.0,7830.0,1130.0,0.78,0.0,0.73,0.0,30.83550295857988,0,2.0,4.0,1.0,7.0,0.0,0.0,0.0,0.0
NV,2022-09-24,2022,38,111,3.0,1.0,11.0,0.0,1.5,3.0,2.0,2.5,10048.0,1541.0,7718.0,1077.0,0.77,0.0,0.7,0.0,30.83550295857988,0,2.0,2.0,2.0,3.0,0.0,0.0,0.0,0.0
NV,2022-10-01,2022,39,112,3.0,1.0,15.0,0.0,1.5,3.0,2.0,2.5,10053.0,1551.0,7778.0,1112.0,0.77,0.0,0.72,0.0,30.83550295857988,0,3.0,2.0,4.0,1.0,0.0,0.0,0.0,0.0
NV,2022-10-08,2022,40,113,7.0,1.0,35.0,0.0,1.5,3.0,2.0,2.5,10041.0,1555.0,7665.0,1086.0,0.76,0.0,0.7,0.0,30.83550295857988,0,3.0,3.0,2.0,2.0,0.0,0.0,0.0,0.0
NV,2022-10-15,2022,41,114,6.0,2.0,15.0,0.0,1.5,3.0,2.0,2.5,10046.0,1559.0,7564.0,1079.0,0.75,0.0,0.69,0.0,30.83550295857988,0,7.0,3.0,2.0,1.0,0.0,0.0,0.0,0.0
NV,2022-10-22,2022,42,115,6.0,1.0,15.0,0.0,1.5,3.0,2.0,2.5,10044.0,1567.0,7698.0,1057.0,0.77,0.0,0.67,0.0,30.83550295857988,0,6.0,7.0,3.0,2.0,0.0,0.0,0.0,0.0
NV,2022-10-29,2022,43,116,7.0,2.0,12.0,0.0,1.5,3.0,2.0,2.5,10022.0,1570.0,7631.0,1086.0,0.76,0.0,0.69,0.0,30.83550295857988,0,6.0,6.0,3.0,4.0,0.0,0.0,0.0,0.0
NV,2022-11-05,2022,44,117,13.0,2.0,35.0,0.0,1.5,3.0,2.0,2.5,10082.0,1571.0,7911.0,1142.0,0.78,0.0,0.73,0.0,30.83550295857988,0,7.0,6.0,7.0,2.0,0.0,0.0,0.0,0.0
NV,2022-11-12,2022,45,118,34.0,8.0,92.0,0.0,1.5,3.0,2.0,2.5,10122.0,1598.0,8166.0,1201.0,0.81,0.0,0.75,0.01,30.83550295857988,0,13.0,7.0,6.0,2.0,0.0,0.0,0.0,0.0
NV,2022-11-19,2022,46,119,58.0,11.0,162.0,0.0,1.5,3.0,2.0,2.5,10049.0,1590.0,8196.0,1204.0,0.82,0.01,0.76,0.01,30.83550295857988,1,34.0,13.0,6.0,3.0,0.0,0.0,0.0,0.0
NV,2022-11-26,2022,47,120,103.0,12.0,265.0,0.0,1.5,3.0,2.0,2.5,9943.0,1530.0,7933.0,1124.0,0.8,0.01,0.73,0.01,30.83550295857988,1,58.0,34.0,7.0,3.0,0.01,0.0,0.0,0.0
NV,2022-12-03,2022,48,121,186.0,20.0,478.0,0.0,1.5,3.0,2.0,2.5,9989.0,1549.0,8407.0,1180.0,0.84,0.02,0.76,0.01,30.83550295857988,1,103.0,58.0,13.0,7.0,0.01,0.01,0.0,0.0
NV,2022-12-10,2022,49,122,189.0,22.0,445.0,0.0,1.5,3.0,2.0,2.5,10047.0,1551.0,8624.0,1242.0,0.86,0.02,0.8,0.01,30.83550295857988,1,186.0,103.0,34.0,6.0,0.02,0.01,0.0,0.0
NV,2022-12-17,2022,50,123,187.0,31.0,318.0,0.0,1.5,3.0,2.0,2.5,9887.0,1498.0,8265.0,1171.0,0.84,0.02,0.78,0.02,30.83550295857988,1,189.0,186.0,58.0,6.0,0.02,0.02,0.01,0.0
NV,2022-12-24,2022,51,124,159.0,25.0,226.0,0.0,1.5,3.0,2.0,2.5,7180.0,1070.0,5808.0,843.0,0.81,0.02,0.79,0.02,30.83550295857988,1,187.0,189.0,103.0,7.0,0.02,0.02,0.01,0.0
NV,2022-12-31,2022,52,125,154.0,28.0,179.0,0.0,1.5,3.0,2.0,2.5,7199.0,1062.0,5646.0,818.0,0.78,0.02,0.77,0.03,30.83550295857988,1,159.0,187.0,186.0,13.0,0.02,0.02,0.02,0.0
NY,2020-10-03,2020,40,8,0.0,0.0,0.0,0.0,2.0,1.0,2.5,5.0,42620.0,6695.0,30763.0,3993.0,0.72,0.0,0.6,0.0,38.14170616113744,0,0.0,0.0,0.0,0.0,0.0,0.0,0.0,0.0
NY,2020-10-10,2020,41,9,0.0,0.0,0.0,0.0,2.0,1.0,2.5,5.0,45053.0,6861.0,31267.0,4059.0,0.69,0.0,0.59,0.0,38.14170616113744,0,0.0,0.0,0.0,0.0,0.0,0.0,0.0,0.0
NY,2020-10-17,2020,42,10,0.0,0.0,0.0,0.0,2.0,1.0,2.5,5.0,44952.0,6911.0,31487.0,4077.0,0.7,0.0,0.59,0.0,38.14170616113744,0,0.0,0.0,0.0,0.0,0.0,0.0,0.0,0.0
NY,2020-10-24,2020,43,11,10.0,2.0,6.0,0.0,2.0,1.0,2.5,5.0,47818.0,7251.0,33213.0,4290.0,0.69,0.0,0.59,0.0,38.14170616113744,0,0.0,0.0,0.0,0.0,0.0,0.0,0.0,0.0
NY,2020-10-31,2020,44,12,13.0,2.0,12.0,0.0,2.0,1.0,2.5,5.0,48018.0,7330.0,33297.0,4310.0,0.69,0.0,0.59,0.0,38.14170616113744,0,10.0,0.0,0.0,0.0,0.0,0.0,0.0,0.0
NY,2020-11-07,2020,45,13,12.0,1.0,10.0,0.0,2.0,1.0,2.5,5.0,47591.0,7297.0,33089.0,4290.0,0.7,0.0,0.59,0.0,38.14170616113744,0,13.0,10.0,0.0,0.0,0.0,0.0,0.0,0.0
NY,2020-11-14,2020,46,14,10.0,2.0,11.0,0.0,2.0,1.0,2.5,5.0,47473.0,7266.0,33879.0,4327.0,0.71,0.0,0.6,0.0,38.14170616113744,0,12.0,13.0,0.0,0.0,0.0,0.0,0.0,0.0
NY,2020-11-21,2020,47,15,16.0,2.0,19.0,0.0,2.0,1.0,2.5,5.0,47282.0,7330.0,33753.0,4334.0,0.71,0.0,0.59,0.0,38.14170616113744,0,10.0,12.0,10.0,0.0,0.0,0.0,0.0,0.0
NY,2020-11-28,2020,48,16,19.0,3.0,20.0,0.0,2.0,1.0,2.5,5.0,47097.0,7425.0,32218.0,4255.0,0.68,0.0,0.57,0.0,38.14170616113744,0,16.0,10.0,13.0,0.0,0.0,0.0,0.0,0.0
NY,2020-12-05,2020,49,17,15.0,1.0,21.0,0.0,2.0,1.0,2.5,5.0,47373.0,7586.0,34184.0,4356.0,0.72,0.0,0.57,0.0,38.14170616113744,0,19.0,16.0,12.0,0.0,0.0,0.0,0.0,0.0
NY,2020-12-12,2020,50,18,18.0,2.0,31.0,0.0,2.0,1.0,2.5,5.0,47320.0,7384.0,34685.0,4540.0,0.73,0.0,0.61,0.0,38.14170616113744,0,15.0,19.0,10.0,0.0,0.0,0.0,0.0,0.0
NY,2020-12-19,2020,51,19,22.0,3.0,36.0,0.0,2.0,1.0,2.5,5.0,50239.0,7281.0,34376.0,4491.0,0.68,0.0,0.62,0.0,38.14170616113744,0,18.0,15.0,16.0,10.0,0.0,0.0,0.0,0.0
NY,2020-12-26,2020,52,20,27.0,3.0,37.0,0.0,2.0,1.0,2.5,5.0,50759.0,7272.0,32988.0,4432.0,0.65,0.0,0.61,0.0,38.14170616113744,0,22.0,18.0,19.0,13.0,0.0,0.0,0.0,0.0
NY,2021-01-02,2021,53,21,25.0,2.0,21.0,0.0,2.0,1.0,2.5,5.0,49672.0,7072.0,33572.0,4518.0,0.68,0.0,0.64,0.0,36.45736842105263,0,27.0,22.0,15.0,12.0,0.0,0.0,0.0,0.0
NY,2021-01-09,2021,1,22,11.0,1.0,11.0,0.0,2.0,1.0,2.5,5.0,48972.0,7075.0,35443.0,4748.0,0.72,0.0,0.67,0.0,36.45736842105263,0,25.0,27.0,18.0,10.0,0.0,0.0,0.0,0.0
NY,2021-01-16,2021,2,23,13.0,1.0,18.0,0.0,2.0,1.0,2.5,5.0,48936.0,7065.0,36145.0,4848.0,0.74,0.0,0.69,0.0,36.45736842105263,0,11.0,25.0,22.0,16.0,0.0,0.0,0.0,0.0
NY,2021-01-23,2021,3,24,17.0,1.0,19.0,0.0,2.0,1.0,2.5,5.0,48895.0,7060.0,36269.0,4831.0,0.74,0.0,0.68,0.0,36.45736842105263,0,13.0,11.0,27.0,19.0,0.0,0.0,0.0,0.0
NY,2021-01-30,2021,4,25,16.0,2.0,23.0,0.0,2.0,1.0,2.5,5.0,48864.0,7023.0,36128.0,4880.0,0.74,0.0,0.69,0.0,36.45736842105263,0,17.0,13.0,25.0,15.0,0.0,0.0,0.0,0.0
NY,2021-02-06,2021,5,26,18.0,2.0,20.0,0.0,2.0,1.0,2.5,5.0,48586.0,7058.0,35604.0,4883.0,0.73,0.0,0.69,0.0,36.45736842105263,0,16.0,17.0,11.0,18.0,0.0,0.0,0.0,0.0
NY,2021-02-13,2021,6,27,17.0,2.0,13.0,0.0,2.0,1.0,2.5,5.0,48493.0,7033.0,35869.0,4911.0,0.74,0.0,0.7,0.0,36.45736842105263,0,18.0,16.0,13.0,22.0,0.0,0.0,0.0,0.0
NY,2021-02-20,2021,7,28,14.0,2.0,21.0,0.0,2.0,1.0,2.5,5.0,48402.0,7050.0,35003.0,4759.0,0.72,0.0,0.68,0.0,36.45736842105263,0,17.0,18.0,17.0,27.0,0.0,0.0,0.0,0.0
NY,2021-02-27,2021,8,29,8.0,2.0,10.0,0.0,2.0,1.0,2.5,5.0,48438.0,7058.0,35277.0,4757.0,0.73,0.0,0.67,0.0,36.45736842105263,0,14.0,17.0,16.0,25.0,0.0,0.0,0.0,0.0
NY,2021-03-06,2021,9,30,8.0,1.0,14.0,0.0,2.0,1.0,2.5,5.0,48439.0,7070.0,35403.0,4728.0,0.73,0.0,0.67,0.0,36.45736842105263,0,8.0,14.0,18.0,11.0,0.0,0.0,0.0,0.0
NY,2021-03-13,2021,10,31,9.0,2.0,17.0,0.0,2.0,1.0,2.5,5.0,48395.0,7047.0,35163.0,4733.0,0.73,0.0,0.67,0.0,36.45736842105263,0,8.0,8.0,17.0,13.0,0.0,0.0,0.0,0.0
NY,2021-03-20,2021,11,32,6.0,1.0,11.0,0.0,2.0,1.0,2.5,5.0,48392.0,7016.0,35288.0,4723.0,0.73,0.0,0.67,0.0,36.45736842105263,0,9.0,8.0,14.0,17.0,0.0,0.0,0.0,0.0
NY,2021-03-27,2021,12,33,8.0,0.0,13.0,0.0,2.0,1.0,2.5,5.0,48427.0,7013.0,35439.0,4716.0,0.73,0.0,0.67,0.0,36.45736842105263,0,6.0,9.0,8.0,16.0,0.0,0.0,0.0,0.0
NY,2021-04-03,2021,13,34,9.0,0.0,24.0,0.0,2.0,1.0,2.5,5.0,48338.0,6984.0,34913.0,4668.0,0.72,0.0,0.67,0.0,36.45736842105263,0,8.0,6.0,8.0,18.0,0.0,0.0,0.0,0.0
NY,2021-04-10,2021,14,35,10.0,1.0,27.0,0.0,2.0,1.0,2.5,5.0,48405.0,6993.0,34656.0,4711.0,0.72,0.0,0.67,0.0,36.45736842105263,0,9.0,8.0,9.0,17.0,0.0,0.0,0.0,0.0
NY,2021-04-17,2021,15,36,7.0,2.0,21.0,0.0,2.0,1.0,2.5,5.0,48303.0,6956.0,35428.0,4761.0,0.73,0.0,0.68,0.0,36.45736842105263,0,10.0,9.0,6.0,14.0,0.0,0.0,0.0,0.0
NY,2021-04-24,2021,16,37,11.0,1.0,21.0,0.0,2.0,1.0,2.5,5.0,48283.0,6953.0,35497.0,4715.0,0.74,0.0,0.68,0.0,36.45736842105263,0,7.0,10.0,8.0,8.0,0.0,0.0,0.0,0.0
NY,2021-05-01,2021,17,38,7.0,0.0,16.0,0.0,2.0,1.0,2.5,5.0,48211.0,6940.0,35001.0,4608.0,0.73,0.0,0.66,0.0,36.45736842105263,0,11.0,7.0,9.0,8.0,0.0,0.0,0.0,0.0
NY,2021-05-08,2021,18,39,7.0,0.0,12.0,0.0,2.0,1.0,2.5,5.0,48158.0,6907.0,34533.0,4512.0,0.72,0.0,0.65,0.0,36.45736842105263,0,7.0,11.0,10.0,9.0,0.0,0.0,0.0,0.0
NY,2021-05-15,2021,19,40,6.0,0.0,9.0,0.0,2.0,1.0,2.5,5.0,48167.0,6896.0,34046.0,4434.0,0.71,0.0,0.64,0.0,36.45736842105263,0,7.0,7.0,7.0,6.0,0.0,0.0,0.0,0.0
NY,2021-05-22,2021,20,41,7.0,1.0,23.0,0.0,2.0,1.0,2.5,5.0,48065.0,6815.0,34225.0,4448.0,0.71,0.0,0.65,0.0,36.45736842105263,0,6.0,7.0,11.0,8.0,0.0,0.0,0.0,0.0
NY,2021-05-29,2021,21,42,8.0,1.0,15.0,0.0,2.0,1.0,2.5,5.0,48082.0,6836.0,34354.0,4365.0,0.71,0.0,0.64,0.0,36.45736842105263,0,7.0,6.0,7.0,9.0,0.0,0.0,0.0,0.0
NY,2021-06-05,2021,22,43,8.0,0.0,14.0,0.0,2.0,1.0,2.5,5.0,48177.0,6907.0,33485.0,4270.0,0.7,0.0,0.62,0.0,36.45736842105263,0,8.0,7.0,7.0,10.0,0.0,0.0,0.0,0.0
NY,2021-06-12,2021,23,44,6.0,0.0,6.0,0.0,2.0,1.0,2.5,5.0,48146.0,6913.0,34933.0,4343.0,0.73,0.0,0.63,0.0,36.45736842105263,0,8.0,8.0,6.0,7.0,0.0,0.0,0.0,0.0
NY,2021-06-19,2021,24,45,5.0,0.0,2.0,0.0,2.0,1.0,2.5,5.0,48040.0,6878.0,34687.0,4318.0,0.72,0.0,0.63,0.0,36.45736842105263,0,6.0,8.0,7.0,11.0,0.0,0.0,0.0,0.0
NY,2021-06-26,2021,25,46,3.0,0.0,0.0,0.0,2.0,1.0,2.5,5.0,48007.0,6855.0,34209.0,4232.0,0.71,0.0,0.62,0.0,36.45736842105263,0,5.0,6.0,8.0,7.0,0.0,0.0,0.0,0.0
NY,2021-07-03,2021,26,47,4.0,0.0,2.0,0.0,2.0,1.0,2.5,5.0,47987.0,6829.0,34068.0,4241.0,0.71,0.0,0.62,0.0,36.45736842105263,0,3.0,5.0,8.0,7.0,0.0,0.0,0.0,0.0
NY,2021-07-10,2021,27,48,6.0,1.0,1.0,0.0,2.0,1.0,2.5,5.0,47814.0,6833.0,34097.0,4213.0,0.71,0.0,0.62,0.0,36.45736842105263,0,4.0,3.0,6.0,6.0,0.0,0.0,0.0,0.0
NY,2021-07-17,2021,28,49,6.0,1.0,3.0,0.0,2.0,1.0,2.5,5.0,47798.0,6835.0,34983.0,4307.0,0.73,0.0,0.63,0.0,36.45736842105263,0,6.0,4.0,5.0,7.0,0.0,0.0,0.0,0.0
NY,2021-07-24,2021,29,50,6.0,2.0,1.0,0.0,2.0,1.0,2.5,5.0,47745.0,6837.0,34773.0,4256.0,0.73,0.0,0.62,0.0,36.45736842105263,0,6.0,6.0,3.0,8.0,0.0,0.0,0.0,0.0
NY,2021-07-31,2021,30,51,3.0,0.0,0.0,0.0,2.0,1.0,2.5,5.0,47018.0,6753.0,34695.0,4383.0,0.74,0.0,0.65,0.0,36.45736842105263,0,6.0,6.0,4.0,8.0,0.0,0.0,0.0,0.0
NY,2021-08-07,2021,31,52,5.0,0.0,7.0,0.0,2.0,1.0,2.5,5.0,46272.0,6674.0,34792.0,4337.0,0.75,0.0,0.65,0.0,36.45736842105263,0,3.0,6.0,6.0,6.0,0.0,0.0,0.0,0.0
NY,2021-08-14,2021,32,53,5.0,0.0,7.0,0.0,2.0,1.0,2.5,5.0,46033.0,6690.0,35188.0,4395.0,0.76,0.0,0.66,0.0,36.45736842105263,0,5.0,3.0,6.0,5.0,0.0,0.0,0.0,0.0
NY,2021-08-21,2021,33,54,4.0,0.0,8.0,0.0,2.0,1.0,2.5,5.0,45952.0,6684.0,34986.0,4390.0,0.76,0.0,0.66,0.0,36.45736842105263,0,5.0,5.0,6.0,3.0,0.0,0.0,0.0,0.0
NY,2021-08-28,2021,34,55,4.0,0.0,7.0,0.0,2.0,1.0,2.5,5.0,46053.0,6679.0,35043.0,4418.0,0.76,0.0,0.66,0.0,36.45736842105263,0,4.0,5.0,3.0,4.0,0.0,0.0,0.0,0.0
NY,2021-09-04,2021,35,56,5.0,0.0,8.0,0.0,2.0,1.0,2.5,5.0,45532.0,6600.0,34648.0,4427.0,0.76,0.0,0.67,0.0,36.45736842105263,0,4.0,4.0,5.0,6.0,0.0,0.0,0.0,0.0
NY,2021-09-11,2021,36,57,5.0,0.0,8.0,0.0,2.0,1.0,2.5,5.0,45364.0,6542.0,34856.0,4479.0,0.77,0.0,0.68,0.0,36.45736842105263,0,5.0,4.0,5.0,6.0,0.0,0.0,0.0,0.0
NY,2021-09-18,2021,37,58,5.0,0.0,8.0,0.0,2.0,1.0,2.5,5.0,45134.0,6519.0,35920.0,4582.0,0.8,0.0,0.7,0.0,36.45736842105263,0,5.0,5.0,4.0,6.0,0.0,0.0,0.0,0.0
NY,2021-09-25,2021,38,59,5.0,0.0,9.0,0.0,2.0,1.0,2.5,5.0,44800.0,6519.0,35754.0,4602.0,0.8,0.0,0.71,0.0,36.45736842105263,0,5.0,5.0,4.0,3.0,0.0,0.0,0.0,0.0
NY,2021-10-02,2021,39,60,5.0,0.0,8.0,0.0,2.0,1.0,2.5,5.0,44591.0,6505.0,35381.0,4579.0,0.79,0.0,0.7,0.0,36.45736842105263,0,5.0,5.0,5.0,5.0,0.0,0.0,0.0,0.0
NY,2021-10-09,2021,40,61,7.0,1.0,11.0,0.0,2.0,1.0,2.5,5.0,44610.0,6524.0,35555.0,4595.0,0.8,0.0,0.7,0.0,36.45736842105263,0,5.0,5.0,5.0,5.0,0.0,0.0,0.0,0.0
NY,2021-10-16,2021,41,62,7.0,1.0,7.0,0.0,2.0,1.0,2.5,5.0,44606.0,6530.0,35667.0,4604.0,0.8,0.0,0.7,0.0,36.45736842105263,0,7.0,5.0,5.0,4.0,0.0,0.0,0.0,0.0
NY,2021-10-23,2021,42,63,10.0,2.0,10.0,0.0,2.0,1.0,2.5,5.0,44479.0,6502.0,35880.0,4636.0,0.81,0.0,0.71,0.0,36.45736842105263,0,7.0,7.0,5.0,4.0,0.0,0.0,0.0,0.0
NY,2021-10-30,2021,43,64,9.0,1.0,13.0,0.0,2.0,1.0,2.5,5.0,44310.0,6488.0,35699.0,4614.0,0.81,0.0,0.71,0.0,36.45736842105263,0,10.0,7.0,5.0,5.0,0.0,0.0,0.0,0.0
NY,2021-11-06,2021,44,65,9.0,1.0,17.0,0.0,2.0,1.0,2.5,5.0,44303.0,6501.0,35434.0,4623.0,0.8,0.0,0.71,0.0,36.45736842105263,0,9.0,10.0,7.0,5.0,0.0,0.0,0.0,0.0
NY,2021-11-13,2021,45,66,12.0,1.0,16.0,0.0,2.0,1.0,2.5,5.0,44363.0,6498.0,35713.0,4584.0,0.8,0.0,0.71,0.0,36.45736842105263,0,9.0,9.0,7.0,5.0,0.0,0.0,0.0,0.0
NY,2021-11-20,2021,46,67,13.0,1.0,23.0,0.0,2.0,1.0,2.5,5.0,44392.0,6493.0,36078.0,4617.0,0.81,0.0,0.71,0.0,36.45736842105263,0,12.0,9.0,10.0,5.0,0.0,0.0,0.0,0.0
NY,2021-11-27,2021,47,68,16.0,2.0,24.0,0.0,2.0,1.0,2.5,5.0,44285.0,6487.0,34456.0,4556.0,0.78,0.0,0.7,0.0,36.45736842105263,0,13.0,12.0,9.0,5.0,0.0,0.0,0.0,0.0
NY,2021-12-04,2021,48,69,23.0,5.0,41.0,0.0,2.0,1.0,2.5,5.0,44409.0,6479.0,35775.0,4647.0,0.81,0.0,0.72,0.0,36.45736842105263,0,16.0,13.0,9.0,7.0,0.0,0.0,0.0,0.0
NY,2021-12-11,2021,49,70,43.0,9.0,80.0,0.0,2.0,1.0,2.5,5.0,44184.0,6442.0,35853.0,4675.0,0.81,0.0,0.73,0.0,36.45736842105263,0,23.0,16.0,12.0,7.0,0.0,0.0,0.0,0.0
NY,2021-12-18,2021,50,71,59.0,10.0,82.0,0.0,2.0,1.0,2.5,5.0,44002.0,6352.0,35761.0,4696.0,0.81,0.0,0.74,0.0,36.45736842105263,0,43.0,23.0,13.0,10.0,0.0,0.0,0.0,0.0
NY,2021-12-25,2021,51,72,50.0,3.0,64.0,0.0,2.0,1.0,2.5,5.0,43650.0,6256.0,33702.0,4556.0,0.77,0.0,0.73,0.0,36.45736842105263,0,59.0,43.0,16.0,9.0,0.0,0.0,0.0,0.0
NY,2022-01-01,2022,52,73,51.0,3.0,82.0,0.0,2.0,1.0,2.5,5.0,43587.0,6169.0,33196.0,4445.0,0.76,0.0,0.72,0.0,35.7621052631579,0,50.0,59.0,23.0,9.0,0.0,0.0,0.0,0.0
NY,2022-01-08,2022,1,74,51.0,5.0,43.0,0.0,2.0,1.0,2.5,5.0,43731.0,6187.0,35252.0,4652.0,0.81,0.0,0.75,0.0,35.7621052631579,0,51.0,50.0,43.0,12.0,0.0,0.0,0.0,0.0
NY,2022-01-15,2022,2,75,46.0,6.0,48.0,0.0,2.0,1.0,2.5,5.0,43999.0,6131.0,35759.0,4815.0,0.81,0.0,0.79,0.0,35.7621052631579,0,51.0,51.0,59.0,13.0,0.0,0.0,0.0,0.0
NY,2022-01-22,2022,3,76,31.0,5.0,27.0,0.0,2.0,1.0,2.5,5.0,44052.0,6131.0,35929.0,4848.0,0.82,0.0,0.79,0.0,35.7621052631579,0,46.0,51.0,50.0,16.0,0.0,0.0,0.0,0.0
NY,2022-01-29,2022,4,77,25.0,3.0,18.0,0.0,2.0,1.0,2.5,5.0,44110.0,6092.0,35736.0,4732.0,0.81,0.0,0.78,0.0,35.7621052631579,0,31.0,46.0,51.0,23.0,0.0,0.0,0.0,0.0
NY,2022-02-05,2022,5,78,19.0,4.0,15.0,0.0,2.0,1.0,2.5,5.0,44281.0,5914.0,34628.0,4506.0,0.78,0.0,0.76,0.0,35.7621052631579,0,25.0,31.0,51.0,43.0,0.0,0.0,0.0,0.0
NY,2022-02-12,2022,6,79,16.0,5.0,27.0,0.0,2.0,1.0,2.5,5.0,44474.0,5853.0,34485.0,4373.0,0.78,0.0,0.75,0.0,35.7621052631579,0,19.0,25.0,46.0,59.0,0.0,0.0,0.0,0.0
NY,2022-02-19,2022,7,80,22.0,4.0,40.0,0.0,2.0,1.0,2.5,5.0,44656.0,5874.0,34201.0,4246.0,0.77,0.0,0.72,0.0,35.7621052631579,0,16.0,19.0,31.0,50.0,0.0,0.0,0.0,0.0
NY,2022-02-26,2022,8,81,20.0,5.0,29.0,0.0,2.0,1.0,2.5,5.0,44512.0,5807.0,33787.0,4110.0,0.76,0.0,0.71,0.0,35.7621052631579,0,22.0,16.0,25.0,51.0,0.0,0.0,0.0,0.0
NY,2022-03-05,2022,9,82,28.0,5.0,57.0,0.0,2.0,1.0,2.5,5.0,44459.0,5802.0,33829.0,4034.0,0.76,0.0,0.7,0.0,35.7621052631579,0,20.0,22.0,19.0,51.0,0.0,0.0,0.0,0.0
NY,2022-03-12,2022,10,83,30.0,5.0,56.0,0.0,2.0,1.0,2.5,5.0,44290.0,5798.0,33843.0,4045.0,0.76,0.0,0.7,0.0,35.7621052631579,0,28.0,20.0,16.0,46.0,0.0,0.0,0.0,0.0
NY,2022-03-19,2022,11,84,44.0,11.0,95.0,0.0,2.0,1.0,2.5,5.0,44235.0,5776.0,33729.0,4067.0,0.76,0.0,0.7,0.0,35.7621052631579,0,30.0,28.0,22.0,31.0,0.0,0.0,0.0,0.0
NY,2022-03-26,2022,12,85,49.0,9.0,90.0,0.0,2.0,1.0,2.5,5.0,44180.0,5729.0,33615.0,3978.0,0.76,0.0,0.69,0.0,35.7621052631579,0,44.0,30.0,20.0,25.0,0.0,0.0,0.0,0.0
NY,2022-04-02,2022,13,86,70.0,8.0,163.0,0.0,2.0,1.0,2.5,5.0,44108.0,5753.0,33597.0,4010.0,0.76,0.0,0.7,0.0,35.7621052631579,0,49.0,44.0,28.0,19.0,0.0,0.0,0.0,0.0
NY,2022-04-09,2022,14,87,114.0,11.0,200.0,0.0,2.0,1.0,2.5,5.0,44066.0,5773.0,33750.0,4054.0,0.77,0.0,0.7,0.0,35.7621052631579,0,70.0,49.0,30.0,16.0,0.0,0.0,0.0,0.0
NY,2022-04-16,2022,15,88,142.0,18.0,231.0,0.0,2.0,1.0,2.5,5.0,43964.0,5768.0,33900.0,4052.0,0.77,0.0,0.7,0.0,35.7621052631579,0,114.0,70.0,44.0,22.0,0.0,0.0,0.0,0.0
NY,2022-04-23,2022,16,89,150.0,17.0,293.0,0.0,2.0,1.0,2.5,5.0,43925.0,5763.0,33535.0,3992.0,0.76,0.0,0.69,0.0,35.7621052631579,0,142.0,114.0,49.0,20.0,0.0,0.0,0.0,0.0
NY,2022-04-30,2022,17,90,191.0,20.0,275.0,0.0,2.0,1.0,2.5,5.0,44034.0,5802.0,34485.0,4067.0,0.78,0.0,0.7,0.0,35.7621052631579,0,150.0,142.0,70.0,28.0,0.0,0.0,0.0,0.0
NY,2022-05-07,2022,18,91,179.0,16.0,241.0,0.0,2.0,1.0,2.5,5.0,43985.0,5776.0,34053.0,4000.0,0.77,0.0,0.69,0.0,35.7621052631579,0,191.0,150.0,114.0,30.0,0.0,0.0,0.0,0.0
NY,2022-05-14,2022,19,92,157.0,14.0,193.0,0.0,2.0,1.0,2.5,5.0,43962.0,5739.0,34084.0,4033.0,0.78,0.0,0.7,0.0,35.7621052631579,0,179.0,191.0,142.0,44.0,0.0,0.0,0.0,0.0
NY,2022-05-21,2022,20,93,150.0,14.0,194.0,0.0,2.0,1.0,2.5,5.0,44049.0,5739.0,34684.0,4148.0,0.79,0.0,0.72,0.0,35.7621052631579,0,157.0,179.0,150.0,49.0,0.0,0.0,0.0,0.0
NY,2022-05-28,2022,21,94,116.0,14.0,163.0,0.0,2.0,1.0,2.5,5.0,44086.0,5750.0,34437.0,4167.0,0.78,0.0,0.72,0.0,35.7621052631579,0,150.0,157.0,191.0,70.0,0.0,0.0,0.0,0.0
NY,2022-06-04,2022,22,95,93.0,11.0,124.0,0.0,2.0,1.0,2.5,5.0,44103.0,5721.0,34145.0,4091.0,0.77,0.0,0.72,0.0,35.7621052631579,0,116.0,150.0,179.0,114.0,0.0,0.0,0.0,0.0
NY,2022-06-11,2022,23,96,73.0,10.0,104.0,0.0,2.0,1.0,2.5,5.0,43871.0,5732.0,34399.0,4103.0,0.78,0.0,0.72,0.0,35.7621052631579,0,93.0,116.0,157.0,142.0,0.0,0.0,0.0,0.0
NY,2022-06-18,2022,24,97,65.0,8.0,92.0,0.0,2.0,1.0,2.5,5.0,43760.0,5688.0,34381.0,4053.0,0.79,0.0,0.71,0.0,35.7621052631579,0,73.0,93.0,150.0,150.0,0.0,0.0,0.0,0.0
NY,2022-06-25,2022,25,98,48.0,5.0,66.0,0.0,2.0,1.0,2.5,5.0,43958.0,5702.0,34283.0,4066.0,0.78,0.0,0.71,0.0,35.7621052631579,0,65.0,73.0,116.0,191.0,0.0,0.0,0.0,0.0
NY,2022-07-02,2022,26,99,35.0,3.0,45.0,0.0,2.0,1.0,2.5,5.0,43935.0,5710.0,34450.0,4103.0,0.78,0.0,0.72,0.0,35.7621052631579,0,48.0,65.0,93.0,179.0,0.0,0.0,0.0,0.0
NY,2022-07-09,2022,27,100,29.0,3.0,36.0,0.0,2.0,1.0,2.5,5.0,43561.0,5654.0,33821.0,4011.0,0.78,0.0,0.71,0.0,35.7621052631579,0,35.0,48.0,73.0,157.0,0.0,0.0,0.0,0.0
NY,2022-07-16,2022,28,101,30.0,3.0,38.0,0.0,2.0,1.0,2.5,5.0,44070.0,5727.0,34908.0,4144.0,0.79,0.0,0.72,0.0,35.7621052631579,0,29.0,35.0,65.0,150.0,0.0,0.0,0.0,0.0
NY,2022-07-23,2022,29,102,23.0,3.0,10.0,0.0,2.0,1.0,2.5,5.0,43981.0,5725.0,34666.0,4064.0,0.79,0.0,0.71,0.0,35.7621052631579,0,30.0,29.0,48.0,116.0,0.0,0.0,0.0,0.0
NY,2022-07-30,2022,30,103,22.0,3.0,17.0,0.0,2.0,1.0,2.5,5.0,43954.0,5721.0,34489.0,4092.0,0.78,0.0,0.72,0.0,35.7621052631579,0,23.0,30.0,35.0,93.0,0.0,0.0,0.0,0.0
NY,2022-08-06,2022,31,104,22.0,2.0,11.0,0.0,2.0,1.0,2.5,5.0,43939.0,5720.0,34156.0,4026.0,0.78,0.0,0.7,0.0,35.7621052631579,0,22.0,23.0,29.0,73.0,0.0,0.0,0.0,0.0
NY,2022-08-13,2022,32,105,18.0,2.0,11.0,0.0,2.0,1.0,2.5,5.0,43946.0,5734.0,34099.0,4024.0,0.78,0.0,0.7,0.0,35.7621052631579,0,22.0,22.0,30.0,65.0,0.0,0.0,0.0,0.0
NY,2022-08-20,2022,33,106,17.0,2.0,16.0,0.0,2.0,1.0,2.5,5.0,44044.0,5725.0,33882.0,4024.0,0.77,0.0,0.7,0.0,35.7621052631579,0,18.0,22.0,23.0,48.0,0.0,0.0,0.0,0.0
NY,2022-08-27,2022,34,107,17.0,2.0,25.0,0.0,2.0,1.0,2.5,5.0,43991.0,5706.0,33772.0,4003.0,0.77,0.0,0.7,0.0,35.7621052631579,0,17.0,18.0,22.0,35.0,0.0,0.0,0.0,0.0
NY,2022-09-03,2022,35,108,15.0,1.0,23.0,0.0,2.0,1.0,2.5,5.0,43967.0,5699.0,33733.0,3987.0,0.77,0.0,0.7,0.0,35.7621052631579,0,17.0,17.0,22.0,29.0,0.0,0.0,0.0,0.0
NY,2022-09-10,2022,36,109,10.0,2.0,15.0,0.0,2.0,1.0,2.5,5.0,44007.0,5698.0,33494.0,3972.0,0.76,0.0,0.7,0.0,35.7621052631579,0,15.0,17.0,18.0,30.0,0.0,0.0,0.0,0.0
NY,2022-09-17,2022,37,110,9.0,2.0,20.0,0.0,2.0,1.0,2.5,5.0,44133.0,5673.0,34678.0,4062.0,0.79,0.0,0.72,0.0,35.7621052631579,0,10.0,15.0,17.0,23.0,0.0,0.0,0.0,0.0
NY,2022-09-24,2022,38,111,8.0,2.0,21.0,0.0,2.0,1.0,2.5,5.0,44115.0,5682.0,34672.0,4072.0,0.79,0.0,0.72,0.0,35.7621052631579,0,9.0,10.0,17.0,22.0,0.0,0.0,0.0,0.0
NY,2022-10-01,2022,39,112,15.0,3.0,28.0,0.0,2.0,1.0,2.5,5.0,44152.0,5689.0,34502.0,4098.0,0.78,0.0,0.72,0.0,35.7621052631579,0,8.0,9.0,15.0,22.0,0.0,0.0,0.0,0.0
NY,2022-10-08,2022,40,113,17.0,1.0,38.0,0.0,2.0,1.0,2.5,5.0,44225.0,5696.0,34855.0,4135.0,0.79,0.0,0.73,0.0,35.7621052631579,0,15.0,8.0,10.0,18.0,0.0,0.0,0.0,0.0
NY,2022-10-15,2022,41,114,16.0,2.0,48.0,0.0,2.0,1.0,2.5,5.0,44282.0,5691.0,35380.0,4193.0,0.8,0.0,0.74,0.0,35.7621052631579,0,17.0,15.0,9.0,17.0,0.0,0.0,0.0,0.0
NY,2022-10-22,2022,42,115,26.0,4.0,43.0,0.0,2.0,1.0,2.5,5.0,44196.0,5678.0,35622.0,4249.0,0.81,0.0,0.75,0.0,35.7621052631579,0,16.0,17.0,8.0,17.0,0.0,0.0,0.0,0.0
NY,2022-10-29,2022,43,116,46.0,6.0,106.0,0.0,2.0,1.0,2.5,5.0,44256.0,5695.0,35670.0,4251.0,0.81,0.0,0.75,0.0,35.7621052631579,0,26.0,16.0,15.0,15.0,0.0,0.0,0.0,0.0
NY,2022-11-05,2022,44,117,85.0,11.0,190.0,0.0,2.0,1.0,2.5,5.0,44225.0,5690.0,35243.0,4234.0,0.8,0.0,0.74,0.0,35.7621052631579,0,46.0,26.0,17.0,10.0,0.0,0.0,0.0,0.0
NY,2022-11-12,2022,45,118,141.0,24.0,278.0,0.0,2.0,1.0,2.5,5.0,44307.0,5713.0,35575.0,4251.0,0.8,0.0,0.74,0.0,35.7621052631579,0,85.0,46.0,16.0,9.0,0.0,0.0,0.0,0.0
NY,2022-11-19,2022,46,119,212.0,37.0,495.0,0.0,2.0,1.0,2.5,5.0,44227.0,5705.0,35518.0,4231.0,0.8,0.0,0.74,0.01,35.7621052631579,0,141.0,85.0,26.0,8.0,0.0,0.0,0.0,0.0
NY,2022-11-26,2022,47,120,358.0,59.0,789.0,0.0,2.0,1.0,2.5,5.0,43912.0,5649.0,34257.0,4191.0,0.78,0.01,0.74,0.01,35.7621052631579,1,212.0,141.0,46.0,15.0,0.0,0.0,0.0,0.0
NY,2022-12-03,2022,48,121,710.0,81.0,1325.0,0.0,2.0,1.0,2.5,5.0,43923.0,5661.0,35681.0,4320.0,0.81,0.02,0.76,0.01,35.7621052631579,1,358.0,212.0,85.0,17.0,0.01,0.0,0.0,0.0
NY,2022-12-10,2022,49,122,909.0,116.0,1496.0,0.0,2.0,1.0,2.5,5.0,43963.0,5646.0,36243.0,4298.0,0.82,0.02,0.76,0.02,35.7621052631579,1,710.0,358.0,141.0,16.0,0.02,0.01,0.0,0.0
NY,2022-12-17,2022,50,123,1080.0,148.0,1733.0,0.0,2.0,1.0,2.5,5.0,45546.0,5790.0,36916.0,4384.0,0.81,0.02,0.76,0.03,35.7621052631579,1,909.0,710.0,212.0,26.0,0.02,0.02,0.0,0.0
NY,2022-12-24,2022,51,124,1117.0,152.0,1517.0,0.0,2.0,1.0,2.5,5.0,44701.0,5646.0,35225.0,4206.0,0.79,0.02,0.74,0.03,35.7621052631579,1,1080.0,909.0,358.0,46.0,0.02,0.02,0.01,0.0
NY,2022-12-31,2022,52,125,1116.0,144.0,1309.0,0.0,2.0,1.0,2.5,5.0,44540.0,5547.0,34058.0,4091.0,0.76,0.03,0.74,0.03,35.7621052631579,1,1117.0,1080.0,710.0,85.0,0.02,0.02,0.02,0.0
OH,2020-10-03,2020,40,8,17.0,3.0,15.0,2.0,51.0,62.0,85.5,123.0,28384.0,4820.0,19555.0,3093.0,0.69,0.0,0.64,0.0,37.08627450980392,0,17.0,17.0,17.0,17.0,0.0,0.0,0.0,0.0
OH,2020-10-10,2020,41,9,17.0,3.0,15.0,2.0,51.0,62.0,85.5,123.0,28740.0,4727.0,19524.0,3064.0,0.68,0.0,0.65,0.0,37.08627450980392,0,17.0,17.0,17.0,17.0,0.0,0.0,0.0,0.0
OH,2020-10-17,2020,42,10,17.0,3.0,15.0,2.0,51.0,62.0,85.5,123.0,28611.0,4817.0,19826.0,3146.0,0.69,0.0,0.65,0.0,37.08627450980392,0,17.0,17.0,17.0,17.0,0.0,0.0,0.0,0.0
OH,2020-10-24,2020,43,11,1.0,0.0,2.0,2.0,51.0,62.0,85.5,123.0,28961.0,4857.0,19782.0,3208.0,0.68,0.0,0.66,0.0,37.08627450980392,0,17.0,17.0,17.0,17.0,0.0,0.0,0.0,0.0
OH,2020-10-31,2020,44,12,1.0,0.0,1.0,2.0,51.0,62.0,85.5,123.0,29396.0,4852.0,19892.0,3275.0,0.68,0.0,0.68,0.0,37.08627450980392,0,1.0,17.0,17.0,17.0,0.0,0.0,0.0,0.0
OH,2020-11-07,2020,45,13,2.0,0.0,3.0,2.0,51.0,62.0,85.5,123.0,29208.0,4904.0,19810.0,3292.0,0.68,0.0,0.67,0.0,37.08627450980392,0,1.0,1.0,17.0,17.0,0.0,0.0,0.0,0.0
OH,2020-11-14,2020,46,14,3.0,0.0,4.0,2.0,51.0,62.0,85.5,123.0,29263.0,4903.0,20559.0,3424.0,0.7,0.0,0.7,0.0,37.08627450980392,0,2.0,1.0,17.0,17.0,0.0,0.0,0.0,0.0
OH,2020-11-21,2020,47,15,3.0,0.0,2.0,2.0,51.0,62.0,85.5,123.0,29526.0,5005.0,20352.0,3492.0,0.69,0.0,0.7,0.0,37.08627450980392,0,3.0,2.0,1.0,17.0,0.0,0.0,0.0,0.0
OH,2020-11-28,2020,48,16,3.0,1.0,4.0,2.0,51.0,62.0,85.5,123.0,29302.0,5094.0,19560.0,3555.0,0.67,0.0,0.7,0.0,37.08627450980392,0,3.0,3.0,1.0,17.0,0.0,0.0,0.0,0.0
OH,2020-12-05,2020,49,17,5.0,1.0,7.0,2.0,51.0,62.0,85.5,123.0,29681.0,5148.0,20674.0,3680.0,0.7,0.0,0.71,0.0,37.08627450980392,0,3.0,3.0,2.0,17.0,0.0,0.0,0.0,0.0
OH,2020-12-12,2020,50,18,4.0,1.0,6.0,2.0,51.0,62.0,85.5,123.0,30124.0,5221.0,20984.0,3787.0,0.7,0.0,0.73,0.0,37.08627450980392,0,5.0,3.0,3.0,17.0,0.0,0.0,0.0,0.0
OH,2020-12-19,2020,51,19,5.0,1.0,5.0,2.0,51.0,62.0,85.5,123.0,29439.0,5236.0,20839.0,3739.0,0.71,0.0,0.71,0.0,37.08627450980392,0,4.0,5.0,3.0,1.0,0.0,0.0,0.0,0.0
OH,2020-12-26,2020,52,20,6.0,2.0,14.0,2.0,51.0,62.0,85.5,123.0,28837.0,5246.0,19109.0,3592.0,0.66,0.0,0.68,0.0,37.08627450980392,0,5.0,4.0,3.0,1.0,0.0,0.0,0.0,0.0
OH,2021-01-02,2021,53,21,11.0,3.0,21.0,2.0,51.0,62.0,85.5,123.0,28810.0,5251.0,19549.0,3580.0,0.68,0.0,0.68,0.0,35.0623595505618,0,6.0,5.0,5.0,2.0,0.0,0.0,0.0,0.0
OH,2021-01-09,2021,1,22,12.0,4.0,11.0,2.0,51.0,62.0,85.5,123.0,28966.0,5252.0,20682.0,3722.0,0.71,0.0,0.71,0.0,35.0623595505618,0,11.0,6.0,4.0,3.0,0.0,0.0,0.0,0.0
OH,2021-01-16,2021,2,23,7.0,2.0,7.0,2.0,51.0,62.0,85.5,123.0,28980.0,5232.0,20756.0,3632.0,0.72,0.0,0.69,0.0,35.0623595505618,0,12.0,11.0,5.0,3.0,0.0,0.0,0.0,0.0
OH,2021-01-23,2021,3,24,5.0,1.0,6.0,2.0,51.0,62.0,85.5,123.0,28931.0,5222.0,20600.0,3579.0,0.71,0.0,0.69,0.0,35.0623595505618,0,7.0,12.0,6.0,3.0,0.0,0.0,0.0,0.0
OH,2021-01-30,2021,4,25,4.0,1.0,8.0,2.0,51.0,62.0,85.5,123.0,28893.0,5215.0,20229.0,3479.0,0.7,0.0,0.67,0.0,35.0623595505618,0,5.0,7.0,11.0,5.0,0.0,0.0,0.0,0.0
OH,2021-02-06,2021,5,26,5.0,1.0,6.0,2.0,51.0,62.0,85.5,123.0,28876.0,5175.0,20056.0,3391.0,0.69,0.0,0.66,0.0,35.0623595505618,0,4.0,5.0,12.0,4.0,0.0,0.0,0.0,0.0
OH,2021-02-13,2021,6,27,4.0,1.0,9.0,2.0,51.0,62.0,85.5,123.0,28834.0,5150.0,19963.0,3365.0,0.69,0.0,0.65,0.0,35.0623595505618,0,5.0,4.0,7.0,5.0,0.0,0.0,0.0,0.0
OH,2021-02-20,2021,7,28,4.0,2.0,12.0,2.0,51.0,62.0,85.5,123.0,28709.0,5156.0,19484.0,3268.0,0.68,0.0,0.63,0.0,35.0623595505618,0,4.0,5.0,5.0,6.0,0.0,0.0,0.0,0.0
OH,2021-02-27,2021,8,29,6.0,2.0,11.0,2.0,51.0,62.0,85.5,123.0,28787.0,5140.0,19897.0,3239.0,0.69,0.0,0.63,0.0,35.0623595505618,0,4.0,4.0,4.0,11.0,0.0,0.0,0.0,0.0
OH,2021-03-06,2021,9,30,7.0,2.0,12.0,2.0,51.0,62.0,85.5,123.0,28788.0,5129.0,19859.0,3239.0,0.69,0.0,0.63,0.0,35.0623595505618,0,6.0,4.0,5.0,12.0,0.0,0.0,0.0,0.0
OH,2021-03-13,2021,10,31,7.0,1.0,7.0,2.0,51.0,62.0,85.5,123.0,28792.0,5111.0,19820.0,3193.0,0.69,0.0,0.62,0.0,35.0623595505618,0,7.0,6.0,4.0,7.0,0.0,0.0,0.0,0.0
OH,2021-03-20,2021,11,32,7.0,1.0,5.0,2.0,51.0,62.0,85.5,123.0,28684.0,5142.0,19487.0,3172.0,0.68,0.0,0.62,0.0,35.0623595505618,0,7.0,7.0,4.0,5.0,0.0,0.0,0.0,0.0
OH,2021-03-27,2021,12,33,7.0,2.0,6.0,2.0,51.0,62.0,85.5,123.0,28630.0,5116.0,19635.0,3152.0,0.69,0.0,0.62,0.0,35.0623595505618,0,7.0,7.0,6.0,4.0,0.0,0.0,0.0,0.0
OH,2021-04-03,2021,13,34,6.0,1.0,7.0,2.0,51.0,62.0,85.5,123.0,28597.0,5107.0,19429.0,3165.0,0.68,0.0,0.62,0.0,35.0623595505618,0,7.0,7.0,7.0,5.0,0.0,0.0,0.0,0.0
OH,2021-04-10,2021,14,35,3.0,1.0,1.0,2.0,51.0,62.0,85.5,123.0,28585.0,5090.0,19629.0,3200.0,0.69,0.0,0.63,0.0,35.0623595505618,0,6.0,7.0,7.0,4.0,0.0,0.0,0.0,0.0
OH,2021-04-17,2021,15,36,3.0,1.0,9.0,2.0,51.0,62.0,85.5,123.0,28687.0,5111.0,20445.0,3311.0,0.71,0.0,0.65,0.0,35.0623595505618,0,3.0,6.0,7.0,4.0,0.0,0.0,0.0,0.0
OH,2021-04-24,2021,16,37,2.0,1.0,3.0,2.0,51.0,62.0,85.5,123.0,28602.0,5128.0,20322.0,3340.0,0.71,0.0,0.65,0.0,35.0623595505618,0,3.0,3.0,7.0,6.0,0.0,0.0,0.0,0.0
OH,2021-05-01,2021,17,38,2.0,1.0,3.0,2.0,51.0,62.0,85.5,123.0,28748.0,5141.0,20385.0,3319.0,0.71,0.0,0.65,0.0,35.0623595505618,0,2.0,3.0,6.0,7.0,0.0,0.0,0.0,0.0
OH,2021-05-08,2021,18,39,3.0,2.0,1.0,2.0,51.0,62.0,85.5,123.0,28739.0,5169.0,20470.0,3303.0,0.71,0.0,0.64,0.0,35.0623595505618,0,2.0,2.0,3.0,7.0,0.0,0.0,0.0,0.0
OH,2021-05-15,2021,19,40,5.0,1.0,2.0,2.0,51.0,62.0,85.5,123.0,28755.0,5162.0,20029.0,3243.0,0.7,0.0,0.63,0.0,35.0623595505618,0,3.0,2.0,3.0,7.0,0.0,0.0,0.0,0.0
OH,2021-05-22,2021,20,41,1.0,0.0,1.0,2.0,51.0,62.0,85.5,123.0,28707.0,5169.0,20296.0,3254.0,0.71,0.0,0.63,0.0,35.0623595505618,0,5.0,3.0,2.0,7.0,0.0,0.0,0.0,0.0
OH,2021-05-29,2021,21,42,2.0,1.0,3.0,2.0,51.0,62.0,85.5,123.0,28699.0,5188.0,20454.0,3297.0,0.71,0.0,0.64,0.0,35.0623595505618,0,1.0,5.0,2.0,6.0,0.0,0.0,0.0,0.0
OH,2021-06-05,2021,22,43,2.0,0.0,0.0,2.0,51.0,62.0,85.5,123.0,28677.0,5199.0,19739.0,3155.0,0.69,0.0,0.61,0.0,35.0623595505618,0,2.0,1.0,3.0,3.0,0.0,0.0,0.0,0.0
OH,2021-06-12,2021,23,44,2.0,0.0,3.0,2.0,51.0,62.0,85.5,123.0,28732.0,5224.0,20617.0,3247.0,0.72,0.0,0.62,0.0,35.0623595505618,0,2.0,2.0,5.0,3.0,0.0,0.0,0.0,0.0
OH,2021-06-19,2021,24,45,4.0,0.0,3.0,2.0,51.0,62.0,85.5,123.0,28655.0,5220.0,20288.0,3183.0,0.71,0.0,0.61,0.0,35.0623595505618,0,2.0,2.0,1.0,2.0,0.0,0.0,0.0,0.0
OH,2021-06-26,2021,25,46,1.0,0.0,0.0,2.0,51.0,62.0,85.5,123.0,28684.0,5240.0,20005.0,3082.0,0.7,0.0,0.59,0.0,35.0623595505618,0,4.0,2.0,2.0,2.0,0.0,0.0,0.0,0.0
OH,2021-07-03,2021,26,47,1.0,0.0,2.0,2.0,51.0,62.0,85.5,123.0,28704.0,5211.0,20036.0,3085.0,0.7,0.0,0.59,0.0,35.0623595505618,0,1.0,4.0,2.0,3.0,0.0,0.0,0.0,0.0
OH,2021-07-10,2021,27,48,1.0,0.0,0.0,2.0,51.0,62.0,85.5,123.0,28610.0,5217.0,19537.0,3068.0,0.68,0.0,0.59,0.0,35.0623595505618,0,1.0,1.0,2.0,5.0,0.0,0.0,0.0,0.0
OH,2021-07-17,2021,28,49,1.0,0.0,0.0,2.0,51.0,62.0,85.5,123.0,28728.0,5227.0,20231.0,3164.0,0.7,0.0,0.61,0.0,35.0623595505618,0,1.0,1.0,4.0,1.0,0.0,0.0,0.0,0.0
OH,2021-07-24,2021,29,50,1.0,0.0,0.0,2.0,51.0,62.0,85.5,123.0,28683.0,5212.0,20298.0,3157.0,0.71,0.0,0.61,0.0,35.0623595505618,0,1.0,1.0,1.0,2.0,0.0,0.0,0.0,0.0
OH,2021-07-31,2021,30,51,12.0,2.0,5.0,2.0,51.0,62.0,85.5,123.0,28585.0,5194.0,20435.0,3244.0,0.71,0.0,0.62,0.0,35.0623595505618,0,1.0,1.0,1.0,2.0,0.0,0.0,0.0,0.0
OH,2021-08-07,2021,31,52,79.0,13.0,29.0,2.0,51.0,62.0,85.5,123.0,28514.0,5189.0,20520.0,3309.0,0.72,0.0,0.64,0.0,35.0623595505618,0,12.0,1.0,1.0,2.0,0.0,0.0,0.0,0.0
OH,2021-08-14,2021,32,53,12.0,2.0,5.0,2.0,51.0,62.0,85.5,123.0,28390.0,5169.0,20867.0,3410.0,0.74,0.0,0.66,0.0,35.0623595505618,0,79.0,12.0,1.0,4.0,0.0,0.0,0.0,0.0
OH,2021-08-21,2021,33,54,1.0,0.0,2.0,2.0,51.0,62.0,85.5,123.0,28425.0,5159.0,20882.0,3430.0,0.73,0.0,0.66,0.0,35.0623595505618,0,12.0,79.0,1.0,1.0,0.0,0.0,0.0,0.0
OH,2021-08-28,2021,34,55,1.0,0.0,1.0,2.0,51.0,62.0,85.5,123.0,28346.0,5161.0,21159.0,3544.0,0.75,0.0,0.69,0.0,35.0623595505618,0,1.0,12.0,12.0,1.0,0.0,0.0,0.0,0.0
OH,2021-09-04,2021,35,56,2.0,0.0,0.0,2.0,51.0,62.0,85.5,123.0,28364.0,5133.0,21183.0,3600.0,0.75,0.0,0.7,0.0,35.0623595505618,0,1.0,1.0,79.0,1.0,0.0,0.0,0.0,0.0
OH,2021-09-11,2021,36,57,4.0,0.0,3.0,2.0,51.0,62.0,85.5,123.0,28268.0,5149.0,21070.0,3633.0,0.75,0.0,0.71,0.0,35.0623595505618,0,2.0,1.0,12.0,1.0,0.0,0.0,0.0,0.0
OH,2021-09-18,2021,37,58,8.0,1.0,6.0,2.0,51.0,62.0,85.5,123.0,28297.0,5160.0,21638.0,3769.0,0.76,0.0,0.73,0.0,35.0623595505618,0,4.0,2.0,1.0,1.0,0.0,0.0,0.0,0.0
OH,2021-09-25,2021,38,59,2.0,0.0,2.0,2.0,51.0,62.0,85.5,123.0,27873.0,5107.0,21295.0,3768.0,0.76,0.0,0.74,0.0,35.0623595505618,0,8.0,4.0,1.0,12.0,0.0,0.0,0.0,0.0
OH,2021-10-02,2021,39,60,6.0,1.0,8.0,2.0,51.0,62.0,85.5,123.0,27961.0,5108.0,21410.0,3784.0,0.77,0.0,0.74,0.0,35.0623595505618,0,2.0,8.0,2.0,79.0,0.0,0.0,0.0,0.0
OH,2021-10-09,2021,40,61,4.0,2.0,8.0,2.0,51.0,62.0,85.5,123.0,27964.0,5121.0,21618.0,3791.0,0.77,0.0,0.74,0.0,35.0623595505618,0,6.0,2.0,4.0,12.0,0.0,0.0,0.0,0.0
OH,2021-10-16,2021,41,62,2.0,1.0,4.0,2.0,51.0,62.0,85.5,123.0,27671.0,5067.0,21643.0,3792.0,0.78,0.0,0.75,0.0,35.0623595505618,0,4.0,6.0,8.0,1.0,0.0,0.0,0.0,0.0
OH,2021-10-23,2021,42,63,5.0,1.0,12.0,2.0,51.0,62.0,85.5,123.0,27702.0,5046.0,21423.0,3749.0,0.77,0.0,0.74,0.0,35.0623595505618,0,2.0,4.0,2.0,1.0,0.0,0.0,0.0,0.0
OH,2021-10-30,2021,43,64,2.0,1.0,9.0,2.0,51.0,62.0,85.5,123.0,27606.0,5035.0,21301.0,3698.0,0.77,0.0,0.73,0.0,35.0623595505618,0,5.0,2.0,6.0,2.0,0.0,0.0,0.0,0.0
OH,2021-11-06,2021,44,65,2.0,1.0,12.0,2.0,51.0,62.0,85.5,123.0,27475.0,4990.0,21204.0,3621.0,0.77,0.0,0.73,0.0,35.0623595505618,0,2.0,5.0,4.0,4.0,0.0,0.0,0.0,0.0
OH,2021-11-13,2021,45,66,4.0,2.0,8.0,2.0,51.0,62.0,85.5,123.0,27457.0,4970.0,21340.0,3609.0,0.78,0.0,0.73,0.0,35.0623595505618,0,2.0,2.0,2.0,8.0,0.0,0.0,0.0,0.0
OH,2021-11-20,2021,46,67,6.0,2.0,9.0,2.0,51.0,62.0,85.5,123.0,27619.0,4985.0,21748.0,3722.0,0.79,0.0,0.75,0.0,35.0623595505618,0,4.0,2.0,5.0,2.0,0.0,0.0,0.0,0.0
OH,2021-11-27,2021,47,68,12.0,3.0,14.0,2.0,51.0,62.0,85.5,123.0,27521.0,5023.0,20620.0,3692.0,0.75,0.0,0.73,0.0,35.0623595505618,0,6.0,4.0,2.0,6.0,0.0,0.0,0.0,0.0
OH,2021-12-04,2021,48,69,33.0,6.0,37.0,2.0,51.0,62.0,85.5,123.0,27670.0,5021.0,21913.0,3787.0,0.79,0.0,0.75,0.0,35.0623595505618,0,12.0,6.0,2.0,4.0,0.0,0.0,0.0,0.0
OH,2021-12-11,2021,49,70,45.0,6.0,40.0,2.0,51.0,62.0,85.5,123.0,27665.0,5023.0,22265.0,3834.0,0.8,0.0,0.76,0.0,35.0623595505618,0,33.0,12.0,4.0,2.0,0.0,0.0,0.0,0.0
OH,2021-12-18,2021,50,71,67.0,8.0,65.0,2.0,51.0,62.0,85.5,123.0,27688.0,5036.0,22201.0,3841.0,0.8,0.0,0.76,0.0,35.0623595505618,0,45.0,33.0,6.0,5.0,0.0,0.0,0.0,0.0
OH,2021-12-25,2021,51,72,99.0,10.0,89.0,2.0,51.0,62.0,85.5,123.0,27331.0,5023.0,20646.0,3715.0,0.76,0.0,0.74,0.0,35.0623595505618,0,67.0,45.0,12.0,2.0,0.0,0.0,0.0,0.0
OH,2022-01-01,2022,52,73,137.0,16.0,163.0,2.0,51.0,62.0,85.5,123.0,27119.0,4986.0,20992.0,3775.0,0.77,0.01,0.76,0.0,35.03977900552486,0,99.0,67.0,33.0,2.0,0.0,0.0,0.0,0.0
OH,2022-01-08,2022,1,74,122.0,16.0,96.0,2.0,51.0,62.0,85.5,123.0,27016.0,4895.0,21995.0,3902.0,0.81,0.0,0.8,0.0,35.03977900552486,0,137.0,99.0,45.0,4.0,0.01,0.0,0.0,0.0
OH,2022-01-15,2022,2,75,105.0,14.0,65.0,2.0,51.0,62.0,85.5,123.0,26808.0,4832.0,21883.0,3805.0,0.82,0.0,0.79,0.0,35.03977900552486,0,122.0,137.0,67.0,6.0,0.0,0.01,0.0,0.0
OH,2022-01-22,2022,3,76,105.0,13.0,32.0,2.0,51.0,62.0,85.5,123.0,26452.0,4753.0,21162.0,3646.0,0.8,0.0,0.77,0.0,35.03977900552486,0,105.0,122.0,99.0,12.0,0.0,0.0,0.0,0.0
OH,2022-01-29,2022,4,77,94.0,11.0,32.0,2.0,51.0,62.0,85.5,123.0,26608.0,4726.0,21191.0,3567.0,0.8,0.0,0.75,0.0,35.03977900552486,0,105.0,105.0,137.0,33.0,0.0,0.0,0.01,0.0
OH,2022-02-05,2022,5,78,92.0,10.0,20.0,2.0,51.0,62.0,85.5,123.0,26965.0,4558.0,20295.0,3297.0,0.75,0.0,0.72,0.0,35.03977900552486,0,94.0,105.0,122.0,45.0,0.0,0.0,0.0,0.0
OH,2022-02-12,2022,6,79,99.0,10.0,26.0,2.0,51.0,62.0,85.5,123.0,26135.0,4487.0,20539.0,3221.0,0.79,0.0,0.72,0.0,35.03977900552486,0,92.0,94.0,105.0,67.0,0.0,0.0,0.0,0.0
OH,2022-02-19,2022,7,80,105.0,11.0,33.0,2.0,51.0,62.0,85.5,123.0,26092.0,4497.0,20472.0,3111.0,0.78,0.0,0.69,0.0,35.03977900552486,0,99.0,92.0,105.0,99.0,0.0,0.0,0.0,0.0
OH,2022-02-26,2022,8,81,109.0,9.0,32.0,2.0,51.0,62.0,85.5,123.0,25834.0,4487.0,20182.0,3039.0,0.78,0.0,0.68,0.0,35.03977900552486,0,105.0,99.0,94.0,137.0,0.0,0.0,0.0,0.01
OH,2022-03-05,2022,9,82,130.0,11.0,53.0,2.0,51.0,62.0,85.5,123.0,25796.0,4450.0,19972.0,2974.0,0.77,0.01,0.67,0.0,35.03977900552486,0,109.0,105.0,92.0,122.0,0.0,0.0,0.0,0.0
OH,2022-03-12,2022,10,83,148.0,13.0,75.0,2.0,51.0,62.0,85.5,123.0,25780.0,4421.0,19858.0,2991.0,0.77,0.01,0.68,0.0,35.03977900552486,0,130.0,109.0,99.0,105.0,0.01,0.0,0.0,0.0
OH,2022-03-19,2022,11,84,175.0,19.0,95.0,2.0,51.0,62.0,85.5,123.0,25616.0,4403.0,19490.0,2878.0,0.76,0.01,0.65,0.0,35.03977900552486,0,148.0,130.0,105.0,105.0,0.01,0.01,0.0,0.0
OH,2022-03-26,2022,12,85,216.0,27.0,105.0,2.0,51.0,62.0,85.5,123.0,25575.0,4397.0,19502.0,2865.0,0.76,0.01,0.65,0.01,35.03977900552486,0,175.0,148.0,109.0,94.0,0.01,0.01,0.0,0.0
OH,2022-04-02,2022,13,86,258.0,35.0,97.0,2.0,51.0,62.0,85.5,123.0,25556.0,4331.0,19330.0,2807.0,0.76,0.01,0.65,0.01,35.03977900552486,0,216.0,175.0,130.0,92.0,0.01,0.01,0.01,0.0
OH,2022-04-09,2022,14,87,308.0,43.0,127.0,2.0,51.0,62.0,85.5,123.0,25327.0,4198.0,19562.0,2829.0,0.77,0.01,0.67,0.01,35.03977900552486,0,258.0,216.0,148.0,99.0,0.01,0.01,0.01,0.0
OH,2022-04-16,2022,15,88,350.0,46.0,133.0,2.0,51.0,62.0,85.5,123.0,25303.0,4208.0,19431.0,2877.0,0.77,0.01,0.68,0.01,35.03977900552486,1,308.0,258.0,175.0,105.0,0.01,0.01,0.01,0.0
OH,2022-04-23,2022,16,89,376.0,49.0,115.0,2.0,51.0,62.0,85.5,123.0,25184.0,4199.0,19016.0,2847.0,0.76,0.01,0.68,0.01,35.03977900552486,1,350.0,308.0,216.0,109.0,0.01,0.01,0.01,0.0
OH,2022-04-30,2022,17,90,400.0,50.0,104.0,2.0,51.0,62.0,85.5,123.0,25156.0,4218.0,19450.0,2884.0,0.77,0.02,0.68,0.01,35.03977900552486,1,376.0,350.0,258.0,130.0,0.01,0.01,0.01,0.01
OH,2022-05-07,2022,18,91,417.0,56.0,99.0,2.0,51.0,62.0,85.5,123.0,26172.0,4214.0,19267.0,2853.0,0.74,0.02,0.68,0.01,35.03977900552486,1,400.0,376.0,308.0,148.0,0.02,0.01,0.01,0.01
OH,2022-05-14,2022,19,92,431.0,57.0,79.0,2.0,51.0,62.0,85.5,123.0,25641.0,4203.0,19386.0,2882.0,0.76,0.02,0.69,0.01,35.03977900552486,1,417.0,400.0,350.0,175.0,0.02,0.02,0.01,0.01
OH,2022-05-21,2022,20,93,444.0,58.0,66.0,2.0,51.0,62.0,85.5,123.0,25087.0,4162.0,19451.0,2874.0,0.78,0.02,0.69,0.01,35.03977900552486,1,431.0,417.0,376.0,216.0,0.02,0.02,0.01,0.01
OH,2022-05-28,2022,21,94,452.0,64.0,45.0,2.0,51.0,62.0,85.5,123.0,25153.0,4213.0,19349.0,2912.0,0.77,0.02,0.69,0.02,35.03977900552486,1,444.0,431.0,400.0,258.0,0.02,0.02,0.02,0.01
OH,2022-06-04,2022,22,95,464.0,63.0,37.0,2.0,51.0,62.0,85.5,123.0,24989.0,4220.0,19083.0,2857.0,0.76,0.02,0.68,0.02,35.03977900552486,1,452.0,444.0,417.0,308.0,0.02,0.02,0.02,0.01
OH,2022-06-11,2022,23,96,453.0,63.0,21.0,2.0,51.0,62.0,85.5,123.0,25142.0,4228.0,19507.0,2935.0,0.78,0.02,0.69,0.01,35.03977900552486,1,464.0,452.0,431.0,350.0,0.02,0.02,0.02,0.01
OH,2022-06-18,2022,24,97,455.0,62.0,20.0,2.0,51.0,62.0,85.5,123.0,25108.0,4217.0,19654.0,2921.0,0.78,0.02,0.69,0.01,35.03977900552486,1,453.0,464.0,444.0,376.0,0.02,0.02,0.02,0.01
OH,2022-06-25,2022,25,98,460.0,62.0,12.0,2.0,51.0,62.0,85.5,123.0,25116.0,4226.0,19543.0,2890.0,0.78,0.02,0.68,0.01,35.03977900552486,1,455.0,453.0,452.0,400.0,0.02,0.02,0.02,0.02
OH,2022-07-02,2022,26,99,458.0,61.0,11.0,2.0,51.0,62.0,85.5,123.0,25141.0,4213.0,19426.0,2884.0,0.77,0.02,0.68,0.01,35.03977900552486,1,460.0,455.0,464.0,417.0,0.02,0.02,0.02,0.02
OH,2022-07-09,2022,27,100,456.0,61.0,6.0,2.0,51.0,62.0,85.5,123.0,25024.0,4231.0,19127.0,2860.0,0.76,0.02,0.68,0.01,35.03977900552486,1,458.0,460.0,453.0,431.0,0.02,0.02,0.02,0.02
OH,2022-07-16,2022,28,101,459.0,61.0,5.0,2.0,51.0,62.0,85.5,123.0,25206.0,4248.0,19914.0,2978.0,0.79,0.02,0.7,0.01,35.03977900552486,1,456.0,458.0,455.0,444.0,0.02,0.02,0.02,0.02
OH,2022-07-23,2022,29,102,457.0,61.0,11.0,2.0,51.0,62.0,85.5,123.0,25009.0,4220.0,19597.0,2935.0,0.78,0.02,0.7,0.01,35.03977900552486,1,459.0,456.0,460.0,452.0,0.02,0.02,0.02,0.02
OH,2022-07-30,2022,30,103,457.0,61.0,7.0,2.0,51.0,62.0,85.5,123.0,25061.0,4200.0,19457.0,2911.0,0.78,0.02,0.69,0.01,35.03977900552486,1,457.0,459.0,458.0,464.0,0.02,0.02,0.02,0.02
OH,2022-08-06,2022,31,104,455.0,61.0,4.0,2.0,51.0,62.0,85.5,123.0,25132.0,4206.0,19489.0,2892.0,0.78,0.02,0.69,0.01,35.03977900552486,1,457.0,457.0,456.0,453.0,0.02,0.02,0.02,0.02
OH,2022-08-13,2022,32,105,457.0,61.0,1.0,2.0,51.0,62.0,85.5,123.0,25259.0,4213.0,19711.0,2922.0,0.78,0.02,0.69,0.01,35.03977900552486,1,455.0,457.0,459.0,455.0,0.02,0.02,0.02,0.02
OH,2022-08-20,2022,33,106,457.0,62.0,10.0,2.0,51.0,62.0,85.5,123.0,25057.0,4184.0,19802.0,2955.0,0.79,0.02,0.71,0.01,35.03977900552486,1,457.0,455.0,457.0,460.0,0.02,0.02,0.02,0.02
OH,2022-08-27,2022,34,107,459.0,61.0,10.0,2.0,51.0,62.0,85.5,123.0,25310.0,4243.0,19881.0,3025.0,0.79,0.02,0.71,0.01,35.03977900552486,1,457.0,457.0,457.0,458.0,0.02,0.02,0.02,0.02
OH,2022-09-03,2022,35,108,459.0,61.0,13.0,2.0,51.0,62.0,85.5,123.0,25379.0,4277.0,19963.0,3062.0,0.79,0.02,0.72,0.01,35.03977900552486,1,459.0,457.0,455.0,456.0,0.02,0.02,0.02,0.02
OH,2022-09-10,2022,36,109,461.0,62.0,16.0,2.0,51.0,62.0,85.5,123.0,25232.0,4237.0,19580.0,2972.0,0.78,0.02,0.7,0.01,35.03977900552486,1,459.0,459.0,457.0,459.0,0.02,0.02,0.02,0.02
OH,2022-09-17,2022,37,110,461.0,62.0,7.0,2.0,51.0,62.0,85.5,123.0,25373.0,4254.0,20154.0,3054.0,0.79,0.02,0.72,0.01,35.03977900552486,1,461.0,459.0,457.0,457.0,0.02,0.02,0.02,0.02
OH,2022-09-24,2022,38,111,462.0,61.0,11.0,2.0,51.0,62.0,85.5,123.0,25280.0,4242.0,20047.0,3056.0,0.79,0.02,0.72,0.01,35.03977900552486,1,461.0,461.0,459.0,457.0,0.02,0.02,0.02,0.02
OH,2022-10-01,2022,39,112,461.0,62.0,15.0,2.0,51.0,62.0,85.5,123.0,25347.0,4223.0,19768.0,2961.0,0.78,0.02,0.7,0.01,35.03977900552486,1,462.0,461.0,459.0,455.0,0.02,0.02,0.02,0.02
OH,2022-10-08,2022,40,113,463.0,61.0,17.0,2.0,51.0,62.0,85.5,123.0,25353.0,4214.0,19864.0,2948.0,0.78,0.02,0.7,0.01,35.03977900552486,1,461.0,462.0,461.0,457.0,0.02,0.02,0.02,0.02
OH,2022-10-15,2022,41,114,279.0,37.0,32.0,2.0,51.0,62.0,85.5,123.0,25395.0,4247.0,20088.0,3041.0,0.79,0.01,0.72,0.01,35.03977900552486,0,463.0,461.0,461.0,457.0,0.02,0.02,0.02,0.02
OH,2022-10-22,2022,42,115,17.0,2.0,33.0,2.0,51.0,62.0,85.5,123.0,25428.0,4256.0,20333.0,3108.0,0.8,0.0,0.73,0.0,35.03977900552486,0,279.0,463.0,462.0,459.0,0.01,0.02,0.02,0.02
OH,2022-10-29,2022,43,116,44.0,6.0,105.0,2.0,51.0,62.0,85.5,123.0,25496.0,4247.0,20540.0,3120.0,0.81,0.0,0.73,0.0,35.03977900552486,0,17.0,279.0,461.0,459.0,0.0,0.01,0.02,0.02
OH,2022-11-05,2022,44,117,80.0,11.0,196.0,2.0,51.0,62.0,85.5,123.0,25611.0,4245.0,20234.0,3041.0,0.79,0.0,0.72,0.0,35.03977900552486,0,44.0,17.0,463.0,461.0,0.0,0.0,0.02,0.02
OH,2022-11-12,2022,45,118,128.0,23.0,257.0,2.0,51.0,62.0,85.5,123.0,25589.0,4285.0,20455.0,3122.0,0.8,0.0,0.73,0.01,35.03977900552486,0,80.0,44.0,279.0,461.0,0.0,0.0,0.01,0.02
OH,2022-11-19,2022,46,119,162.0,19.0,311.0,2.0,51.0,62.0,85.5,123.0,25877.0,4417.0,20587.0,3146.0,0.8,0.01,0.71,0.0,35.03977900552486,0,128.0,80.0,17.0,462.0,0.0,0.0,0.0,0.02
OH,2022-11-26,2022,47,120,266.0,34.0,560.0,2.0,51.0,62.0,85.5,123.0,25414.0,4261.0,19473.0,3012.0,0.77,0.01,0.71,0.01,35.03977900552486,0,162.0,128.0,44.0,461.0,0.01,0.0,0.0,0.02
OH,2022-12-03,2022,48,121,573.0,83.0,956.0,2.0,51.0,62.0,85.5,123.0,25665.0,4376.0,20889.0,3248.0,0.81,0.02,0.74,0.02,35.03977900552486,1,266.0,162.0,80.0,463.0,0.01,0.01,0.0,0.02
OH,2022-12-10,2022,49,122,638.0,109.0,957.0,2.0,51.0,62.0,85.5,123.0,25630.0,4283.0,21174.0,3293.0,0.83,0.02,0.77,0.03,35.03977900552486,1,573.0,266.0,128.0,279.0,0.02,0.01,0.0,0.01
OH,2022-12-17,2022,50,123,666.0,112.0,972.0,2.0,51.0,62.0,85.5,123.0,25738.0,4318.0,21133.0,3268.0,0.82,0.03,0.76,0.03,35.03977900552486,1,638.0,573.0,162.0,17.0,0.02,0.02,0.01,0.0
OH,2022-12-24,2022,51,124,561.0,88.0,799.0,2.0,51.0,62.0,85.5,123.0,25026.0,4225.0,19870.0,3122.0,0.79,0.02,0.74,0.02,35.03977900552486,1,666.0,638.0,266.0,44.0,0.03,0.02,0.01,0.0
OH,2022-12-31,2022,52,125,522.0,87.0,707.0,2.0,51.0,62.0,85.5,123.0,24852.0,4205.0,19162.0,3041.0,0.77,0.02,0.72,0.02,35.03977900552486,1,561.0,666.0,573.0,80.0,0.02,0.03,0.02,0.0
OK,2020-10-03,2020,40,8,8.0,1.0,15.0,0.0,0.0,0.0,1.5,1.5,9097.0,1280.0,5659.0,872.0,0.62,0.0,0.68,0.0,33.6825,0,8.0,8.0,8.0,8.0,0.0,0.0,0.0,0.0
OK,2020-10-10,2020,41,9,0.0,0.0,0.0,0.0,0.0,0.0,1.5,1.5,9896.0,1473.0,6277.0,1048.0,0.63,0.0,0.71,0.0,33.6825,0,8.0,8.0,8.0,8.0,0.0,0.0,0.0,0.0
OK,2020-10-17,2020,42,10,0.0,0.0,0.0,0.0,0.0,0.0,1.5,1.5,10084.0,1576.0,6312.0,1095.0,0.63,0.0,0.69,0.0,33.6825,0,0.0,8.0,8.0,8.0,0.0,0.0,0.0,0.0
OK,2020-10-24,2020,43,11,7.0,0.0,12.0,0.0,0.0,0.0,1.5,1.5,10049.0,1491.0,6465.0,1051.0,0.64,0.0,0.71,0.0,33.6825,0,0.0,0.0,8.0,8.0,0.0,0.0,0.0,0.0
OK,2020-10-31,2020,44,12,11.0,1.0,9.0,0.0,0.0,0.0,1.5,1.5,9927.0,1430.0,6324.0,1016.0,0.64,0.0,0.71,0.0,33.6825,0,7.0,0.0,8.0,8.0,0.0,0.0,0.0,0.0
OK,2020-11-07,2020,45,13,9.0,2.0,9.0,0.0,0.0,0.0,1.5,1.5,9989.0,1469.0,6567.0,1103.0,0.66,0.0,0.75,0.0,33.6825,0,11.0,7.0,0.0,8.0,0.0,0.0,0.0,0.0
OK,2020-11-14,2020,46,14,10.0,3.0,16.0,0.0,0.0,0.0,1.5,1.5,9999.0,1510.0,6722.0,1141.0,0.67,0.0,0.76,0.0,33.6825,0,9.0,11.0,0.0,8.0,0.0,0.0,0.0,0.0
OK,2020-11-21,2020,47,15,5.0,3.0,8.0,0.0,0.0,0.0,1.5,1.5,9669.0,1446.0,6631.0,1142.0,0.69,0.0,0.79,0.0,33.6825,0,10.0,9.0,7.0,8.0,0.0,0.0,0.0,0.0
OK,2020-11-28,2020,48,16,8.0,1.0,11.0,0.0,0.0,0.0,1.5,1.5,8973.0,1377.0,6248.0,1147.0,0.7,0.0,0.83,0.0,33.6825,0,5.0,10.0,11.0,8.0,0.0,0.0,0.0,0.0
OK,2020-12-05,2020,49,17,14.0,0.0,21.0,0.0,0.0,0.0,1.5,1.5,9038.0,1397.0,6465.0,1183.0,0.72,0.0,0.85,0.0,33.6825,0,8.0,5.0,9.0,0.0,0.0,0.0,0.0,0.0
OK,2020-12-12,2020,50,18,12.0,1.0,7.0,0.0,0.0,0.0,1.5,1.5,9164.0,1421.0,6495.0,1214.0,0.71,0.0,0.85,0.0,33.6825,0,14.0,8.0,10.0,0.0,0.0,0.0,0.0,0.0
OK,2020-12-19,2020,51,19,14.0,1.0,23.0,0.0,0.0,0.0,1.5,1.5,9230.0,1432.0,6632.0,1218.0,0.72,0.0,0.85,0.0,33.6825,0,12.0,14.0,5.0,7.0,0.0,0.0,0.0,0.0
OK,2020-12-26,2020,52,20,15.0,5.0,10.0,0.0,0.0,0.0,1.5,1.5,9321.0,1436.0,6355.0,1187.0,0.68,0.0,0.83,0.0,33.6825,0,14.0,12.0,8.0,11.0,0.0,0.0,0.0,0.0
OK,2021-01-02,2021,53,21,14.0,3.0,22.0,0.0,0.0,0.0,1.5,1.5,9315.0,1441.0,6528.0,1196.0,0.7,0.0,0.83,0.0,30.736046511627908,0,15.0,14.0,14.0,9.0,0.0,0.0,0.0,0.0
OK,2021-01-09,2021,1,22,17.0,1.0,20.0,0.0,0.0,0.0,1.5,1.5,9349.0,1451.0,6814.0,1237.0,0.73,0.0,0.85,0.0,30.736046511627908,0,14.0,15.0,12.0,10.0,0.0,0.0,0.0,0.0
OK,2021-01-16,2021,2,23,14.0,3.0,9.0,0.0,0.0,0.0,1.5,1.5,9378.0,1463.0,6755.0,1255.0,0.72,0.0,0.86,0.0,30.736046511627908,0,17.0,14.0,14.0,5.0,0.0,0.0,0.0,0.0
OK,2021-01-23,2021,3,24,7.0,2.0,3.0,0.0,0.0,0.0,1.5,1.5,9407.0,1454.0,6573.0,1238.0,0.7,0.0,0.85,0.0,30.736046511627908,0,14.0,17.0,15.0,8.0,0.0,0.0,0.0,0.0
OK,2021-01-30,2021,4,25,7.0,2.0,9.0,0.0,0.0,0.0,1.5,1.5,9398.0,1441.0,6573.0,1205.0,0.7,0.0,0.84,0.0,30.736046511627908,0,7.0,14.0,14.0,14.0,0.0,0.0,0.0,0.0
OK,2021-02-06,2021,5,26,6.0,1.0,9.0,0.0,0.0,0.0,1.5,1.5,9354.0,1427.0,6435.0,1163.0,0.69,0.0,0.82,0.0,30.736046511627908,0,7.0,7.0,17.0,12.0,0.0,0.0,0.0,0.0
OK,2021-02-13,2021,6,27,3.0,0.0,2.0,0.0,0.0,0.0,1.5,1.5,9307.0,1425.0,6325.0,1148.0,0.68,0.0,0.81,0.0,30.736046511627908,0,6.0,7.0,14.0,14.0,0.0,0.0,0.0,0.0
OK,2021-02-20,2021,7,28,6.0,1.0,9.0,0.0,0.0,0.0,1.5,1.5,9274.0,1424.0,6051.0,1097.0,0.65,0.0,0.77,0.0,30.736046511627908,0,3.0,6.0,7.0,15.0,0.0,0.0,0.0,0.0
OK,2021-02-27,2021,8,29,9.0,1.0,14.0,0.0,0.0,0.0,1.5,1.5,9309.0,1417.0,6415.0,1095.0,0.69,0.0,0.77,0.0,30.736046511627908,0,6.0,3.0,7.0,14.0,0.0,0.0,0.0,0.0
OK,2021-03-06,2021,9,30,8.0,2.0,10.0,0.0,0.0,0.0,1.5,1.5,9299.0,1402.0,6325.0,1058.0,0.68,0.0,0.76,0.0,30.736046511627908,0,9.0,6.0,6.0,17.0,0.0,0.0,0.0,0.0
OK,2021-03-13,2021,10,31,5.0,1.0,3.0,0.0,0.0,0.0,1.5,1.5,9324.0,1404.0,6114.0,1003.0,0.66,0.0,0.71,0.0,30.736046511627908,0,8.0,9.0,3.0,14.0,0.0,0.0,0.0,0.0
OK,2021-03-20,2021,11,32,4.0,1.0,5.0,0.0,0.0,0.0,1.5,1.5,9295.0,1403.0,5780.0,983.0,0.62,0.0,0.7,0.0,30.736046511627908,0,5.0,8.0,6.0,7.0,0.0,0.0,0.0,0.0
OK,2021-03-27,2021,12,33,5.0,1.0,4.0,0.0,0.0,0.0,1.5,1.5,9282.0,1412.0,6071.0,1022.0,0.65,0.0,0.72,0.0,30.736046511627908,0,4.0,5.0,9.0,7.0,0.0,0.0,0.0,0.0
OK,2021-04-03,2021,13,34,7.0,2.0,16.0,0.0,0.0,0.0,1.5,1.5,9180.0,1403.0,6086.0,1020.0,0.66,0.0,0.73,0.0,30.736046511627908,0,5.0,4.0,8.0,6.0,0.0,0.0,0.0,0.0
OK,2021-04-10,2021,14,35,5.0,1.0,8.0,0.0,0.0,0.0,1.5,1.5,9075.0,1369.0,5967.0,987.0,0.66,0.0,0.72,0.0,30.736046511627908,0,7.0,5.0,5.0,3.0,0.0,0.0,0.0,0.0
OK,2021-04-17,2021,15,36,5.0,2.0,10.0,0.0,0.0,0.0,1.5,1.5,9053.0,1351.0,6112.0,994.0,0.68,0.0,0.74,0.0,30.736046511627908,0,5.0,7.0,4.0,6.0,0.0,0.0,0.0,0.0
OK,2021-04-24,2021,16,37,4.0,2.0,5.0,0.0,0.0,0.0,1.5,1.5,9082.0,1356.0,6118.0,1000.0,0.67,0.0,0.74,0.0,30.736046511627908,0,5.0,5.0,5.0,9.0,0.0,0.0,0.0,0.0
OK,2021-05-01,2021,17,38,5.0,2.0,5.0,0.0,0.0,0.0,1.5,1.5,9068.0,1352.0,6199.0,1014.0,0.68,0.0,0.75,0.0,30.736046511627908,0,4.0,5.0,7.0,8.0,0.0,0.0,0.0,0.0
OK,2021-05-08,2021,18,39,5.0,0.0,8.0,0.0,0.0,0.0,1.5,1.5,9081.0,1346.0,5863.0,996.0,0.65,0.0,0.74,0.0,30.736046511627908,0,5.0,4.0,5.0,5.0,0.0,0.0,0.0,0.0
OK,2021-05-15,2021,19,40,5.0,1.0,9.0,0.0,0.0,0.0,1.5,1.5,9077.0,1345.0,5703.0,986.0,0.63,0.0,0.73,0.0,30.736046511627908,0,5.0,5.0,5.0,4.0,0.0,0.0,0.0,0.0
OK,2021-05-22,2021,20,41,4.0,1.0,8.0,0.0,0.0,0.0,1.5,1.5,9070.0,1345.0,5999.0,997.0,0.66,0.0,0.74,0.0,30.736046511627908,0,5.0,5.0,4.0,5.0,0.0,0.0,0.0,0.0
OK,2021-05-29,2021,21,42,6.0,2.0,10.0,0.0,0.0,0.0,1.5,1.5,9066.0,1353.0,6135.0,1029.0,0.68,0.0,0.76,0.0,30.736046511627908,0,4.0,5.0,5.0,7.0,0.0,0.0,0.0,0.0
OK,2021-06-05,2021,22,43,5.0,1.0,9.0,0.0,0.0,0.0,1.5,1.5,8903.0,1345.0,5877.0,987.0,0.66,0.0,0.73,0.0,30.736046511627908,0,6.0,4.0,5.0,5.0,0.0,0.0,0.0,0.0
OK,2021-06-12,2021,23,44,5.0,1.0,5.0,0.0,0.0,0.0,1.5,1.5,8934.0,1350.0,6140.0,1046.0,0.69,0.0,0.77,0.0,30.736046511627908,0,5.0,6.0,5.0,5.0,0.0,0.0,0.0,0.0
OK,2021-06-19,2021,24,45,7.0,1.0,6.0,0.0,0.0,0.0,1.5,1.5,8950.0,1344.0,6075.0,1033.0,0.68,0.0,0.77,0.0,30.736046511627908,0,5.0,5.0,4.0,4.0,0.0,0.0,0.0,0.0
OK,2021-06-26,2021,25,46,6.0,2.0,7.0,0.0,0.0,0.0,1.5,1.5,8956.0,1339.0,6275.0,1029.0,0.7,0.0,0.77,0.0,30.736046511627908,0,7.0,5.0,6.0,5.0,0.0,0.0,0.0,0.0
OK,2021-07-03,2021,26,47,5.0,1.0,5.0,0.0,0.0,0.0,1.5,1.5,8949.0,1305.0,6216.0,1016.0,0.69,0.0,0.78,0.0,30.736046511627908,0,6.0,7.0,5.0,5.0,0.0,0.0,0.0,0.0
OK,2021-07-10,2021,27,48,5.0,1.0,6.0,0.0,0.0,0.0,1.5,1.5,8985.0,1306.0,6110.0,985.0,0.68,0.0,0.75,0.0,30.736046511627908,0,5.0,6.0,5.0,5.0,0.0,0.0,0.0,0.0
OK,2021-07-17,2021,28,49,3.0,1.0,9.0,0.0,0.0,0.0,1.5,1.5,9053.0,1301.0,6411.0,1018.0,0.71,0.0,0.78,0.0,30.736046511627908,0,5.0,5.0,7.0,4.0,0.0,0.0,0.0,0.0
OK,2021-07-24,2021,29,50,7.0,2.0,8.0,0.0,0.0,0.0,1.5,1.5,8993.0,1287.0,6285.0,1024.0,0.7,0.0,0.8,0.0,30.736046511627908,0,3.0,5.0,6.0,6.0,0.0,0.0,0.0,0.0
OK,2021-07-31,2021,30,51,7.0,1.0,9.0,0.0,0.0,0.0,1.5,1.5,9053.0,1297.0,6354.0,1058.0,0.7,0.0,0.82,0.0,30.736046511627908,0,7.0,3.0,5.0,5.0,0.0,0.0,0.0,0.0
OK,2021-08-07,2021,31,52,7.0,1.0,23.0,0.0,0.0,0.0,1.5,1.5,9039.0,1311.0,6411.0,1079.0,0.71,0.0,0.82,0.0,30.736046511627908,0,7.0,7.0,5.0,5.0,0.0,0.0,0.0,0.0
OK,2021-08-14,2021,32,53,9.0,1.0,10.0,0.0,0.0,0.0,1.5,1.5,9029.0,1326.0,6516.0,1117.0,0.72,0.0,0.84,0.0,30.736046511627908,0,7.0,7.0,3.0,7.0,0.0,0.0,0.0,0.0
OK,2021-08-21,2021,33,54,7.0,1.0,4.0,0.0,0.0,0.0,1.5,1.5,9052.0,1335.0,6521.0,1143.0,0.72,0.0,0.86,0.0,30.736046511627908,0,9.0,7.0,7.0,6.0,0.0,0.0,0.0,0.0
OK,2021-08-28,2021,34,55,4.0,1.0,8.0,0.0,0.0,0.0,1.5,1.5,9048.0,1348.0,6592.0,1168.0,0.73,0.0,0.87,0.0,30.736046511627908,0,7.0,9.0,7.0,5.0,0.0,0.0,0.0,0.0
OK,2021-09-04,2021,35,56,7.0,2.0,10.0,0.0,0.0,0.0,1.5,1.5,9065.0,1347.0,6503.0,1172.0,0.72,0.0,0.87,0.0,30.736046511627908,0,4.0,7.0,7.0,5.0,0.0,0.0,0.0,0.0
OK,2021-09-11,2021,36,57,9.0,3.0,12.0,0.0,0.0,0.0,1.5,1.5,8994.0,1342.0,6338.0,1155.0,0.7,0.0,0.86,0.0,30.736046511627908,0,7.0,4.0,9.0,3.0,0.0,0.0,0.0,0.0
OK,2021-09-18,2021,37,58,10.0,3.0,7.0,0.0,0.0,0.0,1.5,1.5,8674.0,1352.0,6559.0,1191.0,0.76,0.0,0.88,0.0,30.736046511627908,0,9.0,7.0,7.0,7.0,0.0,0.0,0.0,0.0
OK,2021-09-25,2021,38,59,7.0,2.0,12.0,0.0,0.0,0.0,1.5,1.5,8652.0,1343.0,6481.0,1154.0,0.75,0.0,0.86,0.0,30.736046511627908,0,10.0,9.0,4.0,7.0,0.0,0.0,0.0,0.0
OK,2021-10-02,2021,39,60,3.0,2.0,2.0,0.0,0.0,0.0,1.5,1.5,8723.0,1329.0,6374.0,1119.0,0.73,0.0,0.84,0.0,30.736046511627908,0,7.0,10.0,7.0,7.0,0.0,0.0,0.0,0.0
OK,2021-10-09,2021,40,61,6.0,2.0,14.0,0.0,0.0,0.0,1.5,1.5,8650.0,1295.0,6306.0,1087.0,0.73,0.0,0.84,0.0,30.736046511627908,0,3.0,7.0,9.0,9.0,0.0,0.0,0.0,0.0
OK,2021-10-16,2021,41,62,7.0,2.0,14.0,0.0,0.0,0.0,1.5,1.5,8567.0,1274.0,6228.0,1060.0,0.73,0.0,0.83,0.0,30.736046511627908,0,6.0,3.0,10.0,7.0,0.0,0.0,0.0,0.0
OK,2021-10-23,2021,42,63,6.0,2.0,10.0,0.0,0.0,0.0,1.5,1.5,8575.0,1289.0,6212.0,1064.0,0.72,0.0,0.83,0.0,30.736046511627908,0,7.0,6.0,7.0,4.0,0.0,0.0,0.0,0.0
OK,2021-10-30,2021,43,64,5.0,1.0,6.0,0.0,0.0,0.0,1.5,1.5,8596.0,1300.0,6169.0,1054.0,0.72,0.0,0.81,0.0,30.736046511627908,0,6.0,7.0,3.0,7.0,0.0,0.0,0.0,0.0
OK,2021-11-06,2021,44,65,4.0,0.0,8.0,0.0,0.0,0.0,1.5,1.5,8554.0,1290.0,6117.0,1033.0,0.72,0.0,0.8,0.0,30.736046511627908,0,5.0,6.0,6.0,9.0,0.0,0.0,0.0,0.0
OK,2021-11-13,2021,45,66,4.0,0.0,10.0,0.0,0.0,0.0,1.5,1.5,8660.0,1305.0,6254.0,1076.0,0.72,0.0,0.82,0.0,30.736046511627908,0,4.0,5.0,7.0,10.0,0.0,0.0,0.0,0.0
OK,2021-11-20,2021,46,67,8.0,0.0,10.0,0.0,0.0,0.0,1.5,1.5,8624.0,1312.0,6378.0,1076.0,0.74,0.0,0.82,0.0,30.736046511627908,0,4.0,4.0,6.0,7.0,0.0,0.0,0.0,0.0
OK,2021-11-27,2021,47,68,9.0,0.0,15.0,0.0,0.0,0.0,1.5,1.5,8352.0,1304.0,5875.0,1045.0,0.7,0.0,0.8,0.0,30.736046511627908,0,8.0,4.0,5.0,3.0,0.0,0.0,0.0,0.0
OK,2021-12-04,2021,48,69,12.0,1.0,19.0,0.0,0.0,0.0,1.5,1.5,8524.0,1308.0,6462.0,1068.0,0.76,0.0,0.82,0.0,30.736046511627908,0,9.0,8.0,4.0,6.0,0.0,0.0,0.0,0.0
OK,2021-12-11,2021,49,70,17.0,3.0,32.0,0.0,0.0,0.0,1.5,1.5,8555.0,1316.0,6602.0,1097.0,0.77,0.0,0.83,0.0,30.736046511627908,0,12.0,9.0,4.0,7.0,0.0,0.0,0.0,0.0
OK,2021-12-18,2021,50,71,19.0,2.0,30.0,0.0,0.0,0.0,1.5,1.5,8561.0,1313.0,6563.0,1109.0,0.77,0.0,0.84,0.0,30.736046511627908,0,17.0,12.0,8.0,6.0,0.0,0.0,0.0,0.0
OK,2021-12-25,2021,51,72,24.0,6.0,69.0,0.0,0.0,0.0,1.5,1.5,8479.0,1309.0,6208.0,1081.0,0.73,0.0,0.83,0.0,30.736046511627908,0,19.0,17.0,9.0,5.0,0.0,0.0,0.0,0.0
OK,2022-01-01,2022,52,73,41.0,7.0,147.0,0.0,0.0,0.0,1.5,1.5,8491.0,1309.0,6187.0,1097.0,0.73,0.0,0.84,0.01,30.284831460674155,0,24.0,19.0,12.0,4.0,0.0,0.0,0.0,0.0
OK,2022-01-08,2022,1,74,36.0,3.0,122.0,0.0,0.0,0.0,1.5,1.5,8487.0,1320.0,6383.0,1124.0,0.75,0.0,0.85,0.0,30.284831460674155,0,41.0,24.0,17.0,4.0,0.0,0.0,0.0,0.0
OK,2022-01-15,2022,2,75,39.0,4.0,102.0,0.0,0.0,0.0,1.5,1.5,8481.0,1323.0,6473.0,1139.0,0.76,0.0,0.86,0.0,30.284831460674155,0,36.0,41.0,19.0,8.0,0.0,0.0,0.0,0.0
OK,2022-01-22,2022,3,76,30.0,4.0,34.0,0.0,0.0,0.0,1.5,1.5,8544.0,1328.0,6468.0,1145.0,0.76,0.0,0.86,0.0,30.284831460674155,0,39.0,36.0,24.0,9.0,0.0,0.0,0.0,0.0
OK,2022-01-29,2022,4,77,31.0,6.0,39.0,0.0,0.0,0.0,1.5,1.5,8529.0,1325.0,6574.0,1163.0,0.77,0.0,0.88,0.0,30.284831460674155,0,30.0,39.0,41.0,12.0,0.0,0.0,0.0,0.0
OK,2022-02-05,2022,5,78,28.0,4.0,49.0,0.0,0.0,0.0,1.5,1.5,8492.0,1318.0,6488.0,1165.0,0.76,0.0,0.88,0.0,30.284831460674155,0,31.0,30.0,36.0,17.0,0.0,0.0,0.0,0.0
OK,2022-02-12,2022,6,79,35.0,5.0,68.0,0.0,0.0,0.0,1.5,1.5,8512.0,1314.0,6479.0,1146.0,0.76,0.0,0.87,0.0,30.284831460674155,0,28.0,31.0,39.0,19.0,0.0,0.0,0.0,0.0
OK,2022-02-19,2022,7,80,33.0,3.0,74.0,0.0,0.0,0.0,1.5,1.5,8509.0,1300.0,6315.0,1107.0,0.74,0.0,0.85,0.0,30.284831460674155,0,35.0,28.0,30.0,24.0,0.0,0.0,0.0,0.0
OK,2022-02-26,2022,8,81,38.0,5.0,75.0,0.0,0.0,0.0,1.5,1.5,8486.0,1290.0,6157.0,1081.0,0.73,0.0,0.84,0.0,30.284831460674155,0,33.0,35.0,31.0,41.0,0.0,0.0,0.0,0.0
OK,2022-03-05,2022,9,82,42.0,7.0,82.0,0.0,0.0,0.0,1.5,1.5,8494.0,1288.0,6036.0,1051.0,0.71,0.0,0.82,0.01,30.284831460674155,0,38.0,33.0,28.0,36.0,0.0,0.0,0.0,0.0
OK,2022-03-12,2022,10,83,49.0,10.0,119.0,0.0,0.0,0.0,1.5,1.5,8472.0,1286.0,6049.0,1022.0,0.71,0.01,0.79,0.01,30.284831460674155,0,42.0,38.0,35.0,39.0,0.0,0.0,0.0,0.0
OK,2022-03-19,2022,11,84,65.0,10.0,162.0,0.0,0.0,0.0,1.5,1.5,8432.0,1280.0,5808.0,989.0,0.69,0.01,0.77,0.01,30.284831460674155,0,49.0,42.0,33.0,30.0,0.01,0.0,0.0,0.0
OK,2022-03-26,2022,12,85,61.0,6.0,156.0,0.0,0.0,0.0,1.5,1.5,8512.0,1291.0,5867.0,998.0,0.69,0.01,0.77,0.0,30.284831460674155,0,65.0,49.0,38.0,31.0,0.01,0.01,0.0,0.0
OK,2022-04-02,2022,13,86,57.0,14.0,165.0,0.0,0.0,0.0,1.5,1.5,8501.0,1288.0,5865.0,979.0,0.69,0.01,0.76,0.01,30.284831460674155,0,61.0,65.0,42.0,28.0,0.01,0.01,0.0,0.0
OK,2022-04-09,2022,14,87,47.0,7.0,118.0,0.0,0.0,0.0,1.5,1.5,8491.0,1286.0,5784.0,964.0,0.68,0.01,0.75,0.01,30.284831460674155,0,57.0,61.0,49.0,35.0,0.01,0.01,0.01,0.0
OK,2022-04-16,2022,15,88,39.0,8.0,100.0,0.0,0.0,0.0,1.5,1.5,8448.0,1288.0,5984.0,960.0,0.71,0.0,0.75,0.01,30.284831460674155,0,47.0,57.0,65.0,33.0,0.01,0.01,0.01,0.0
OK,2022-04-23,2022,16,89,29.0,6.0,76.0,0.0,0.0,0.0,1.5,1.5,8472.0,1285.0,5704.0,971.0,0.67,0.0,0.76,0.0,30.284831460674155,0,39.0,47.0,61.0,38.0,0.0,0.01,0.01,0.0
OK,2022-04-30,2022,17,90,20.0,6.0,45.0,0.0,0.0,0.0,1.5,1.5,8478.0,1285.0,5800.0,968.0,0.68,0.0,0.75,0.0,30.284831460674155,0,29.0,39.0,57.0,42.0,0.0,0.0,0.01,0.0
OK,2022-05-07,2022,18,91,15.0,2.0,34.0,0.0,0.0,0.0,1.5,1.5,8608.0,1367.0,5668.0,989.0,0.66,0.0,0.72,0.0,30.284831460674155,0,20.0,29.0,47.0,49.0,0.0,0.0,0.01,0.01
OK,2022-05-14,2022,19,92,17.0,2.0,47.0,0.0,0.0,0.0,1.5,1.5,8362.0,1260.0,5694.0,934.0,0.68,0.0,0.74,0.0,30.284831460674155,0,15.0,20.0,39.0,65.0,0.0,0.0,0.0,0.01
OK,2022-05-21,2022,20,93,13.0,1.0,29.0,0.0,0.0,0.0,1.5,1.5,8347.0,1266.0,5668.0,939.0,0.68,0.0,0.74,0.0,30.284831460674155,0,17.0,15.0,29.0,61.0,0.0,0.0,0.0,0.01
OK,2022-05-28,2022,21,94,18.0,2.0,39.0,0.0,0.0,0.0,1.5,1.5,8380.0,1281.0,5663.0,934.0,0.68,0.0,0.73,0.0,30.284831460674155,0,13.0,17.0,20.0,57.0,0.0,0.0,0.0,0.01
OK,2022-06-04,2022,22,95,19.0,5.0,33.0,0.0,0.0,0.0,1.5,1.5,8410.0,1274.0,5719.0,945.0,0.68,0.0,0.74,0.0,30.284831460674155,0,18.0,13.0,15.0,47.0,0.0,0.0,0.0,0.01
OK,2022-06-11,2022,23,96,16.0,1.0,26.0,0.0,0.0,0.0,1.5,1.5,8473.0,1271.0,5782.0,949.0,0.68,0.0,0.75,0.0,30.284831460674155,0,19.0,18.0,17.0,39.0,0.0,0.0,0.0,0.0
OK,2022-06-18,2022,24,97,12.0,0.0,28.0,0.0,0.0,0.0,1.5,1.5,8537.0,1284.0,5939.0,992.0,0.7,0.0,0.77,0.0,30.284831460674155,0,16.0,19.0,13.0,29.0,0.0,0.0,0.0,0.0
OK,2022-06-25,2022,25,98,13.0,2.0,28.0,0.0,0.0,0.0,1.5,1.5,8509.0,1281.0,5811.0,984.0,0.68,0.0,0.77,0.0,30.284831460674155,0,12.0,16.0,18.0,20.0,0.0,0.0,0.0,0.0
OK,2022-07-02,2022,26,99,13.0,4.0,25.0,0.0,0.0,0.0,1.5,1.5,8487.0,1288.0,5833.0,986.0,0.69,0.0,0.77,0.0,30.284831460674155,0,13.0,12.0,19.0,15.0,0.0,0.0,0.0,0.0
OK,2022-07-09,2022,27,100,16.0,3.0,26.0,0.0,0.0,0.0,1.5,1.5,8455.0,1278.0,5739.0,989.0,0.68,0.0,0.77,0.0,30.284831460674155,0,13.0,13.0,16.0,17.0,0.0,0.0,0.0,0.0
OK,2022-07-16,2022,28,101,15.0,3.0,24.0,0.0,0.0,0.0,1.5,1.5,8663.0,1265.0,6150.0,1006.0,0.71,0.0,0.8,0.0,30.284831460674155,0,16.0,13.0,12.0,13.0,0.0,0.0,0.0,0.0
OK,2022-07-23,2022,29,102,2.0,1.0,5.0,0.0,0.0,0.0,1.5,1.5,8774.0,1269.0,6112.0,979.0,0.7,0.0,0.77,0.0,30.284831460674155,0,15.0,16.0,13.0,18.0,0.0,0.0,0.0,0.0
OK,2022-07-30,2022,30,103,2.0,0.0,6.0,0.0,0.0,0.0,1.5,1.5,8670.0,1259.0,6034.0,976.0,0.7,0.0,0.78,0.0,30.284831460674155,0,2.0,15.0,13.0,19.0,0.0,0.0,0.0,0.0
OK,2022-08-06,2022,31,104,6.0,1.0,22.0,0.0,0.0,0.0,1.5,1.5,8661.0,1250.0,6047.0,974.0,0.7,0.0,0.78,0.0,30.284831460674155,0,2.0,2.0,16.0,16.0,0.0,0.0,0.0,0.0
OK,2022-08-13,2022,32,105,5.0,0.0,11.0,0.0,0.0,0.0,1.5,1.5,8661.0,1244.0,6049.0,961.0,0.7,0.0,0.77,0.0,30.284831460674155,0,6.0,2.0,15.0,12.0,0.0,0.0,0.0,0.0
OK,2022-08-20,2022,33,106,2.0,0.0,4.0,0.0,0.0,0.0,1.5,1.5,8707.0,1253.0,6135.0,976.0,0.7,0.0,0.78,0.0,30.284831460674155,0,5.0,6.0,2.0,13.0,0.0,0.0,0.0,0.0
OK,2022-08-27,2022,34,107,3.0,0.0,8.0,0.0,0.0,0.0,1.5,1.5,8711.0,1249.0,6129.0,974.0,0.7,0.0,0.78,0.0,30.284831460674155,0,2.0,5.0,2.0,13.0,0.0,0.0,0.0,0.0
OK,2022-09-03,2022,35,108,2.0,1.0,7.0,0.0,0.0,0.0,1.5,1.5,8725.0,1252.0,6171.0,962.0,0.71,0.0,0.77,0.0,30.284831460674155,0,3.0,2.0,6.0,16.0,0.0,0.0,0.0,0.0
OK,2022-09-10,2022,36,109,3.0,1.0,11.0,0.0,0.0,0.0,1.5,1.5,8695.0,1245.0,6119.0,933.0,0.7,0.0,0.75,0.0,30.284831460674155,0,2.0,3.0,5.0,15.0,0.0,0.0,0.0,0.0
OK,2022-09-17,2022,37,110,5.0,0.0,12.0,0.0,0.0,0.0,1.5,1.5,8698.0,1243.0,6151.0,942.0,0.71,0.0,0.76,0.0,30.284831460674155,0,3.0,2.0,2.0,2.0,0.0,0.0,0.0,0.0
OK,2022-09-24,2022,38,111,4.0,0.0,6.0,0.0,0.0,0.0,1.5,1.5,8657.0,1235.0,6097.0,966.0,0.7,0.0,0.78,0.0,30.284831460674155,0,5.0,3.0,3.0,2.0,0.0,0.0,0.0,0.0
OK,2022-10-01,2022,39,112,4.0,0.0,8.0,0.0,0.0,0.0,1.5,1.5,8658.0,1230.0,6043.0,946.0,0.7,0.0,0.77,0.0,30.284831460674155,0,4.0,5.0,2.0,6.0,0.0,0.0,0.0,0.0
OK,2022-10-08,2022,40,113,4.0,0.0,6.0,0.0,0.0,0.0,1.5,1.5,8596.0,1237.0,6023.0,975.0,0.7,0.0,0.79,0.0,30.284831460674155,0,4.0,4.0,3.0,5.0,0.0,0.0,0.0,0.0
OK,2022-10-15,2022,41,114,6.0,0.0,14.0,0.0,0.0,0.0,1.5,1.5,8613.0,1238.0,6015.0,949.0,0.7,0.0,0.77,0.0,30.284831460674155,0,4.0,4.0,5.0,2.0,0.0,0.0,0.0,0.0
OK,2022-10-22,2022,42,115,9.0,3.0,30.0,0.0,0.0,0.0,1.5,1.5,8612.0,1233.0,6093.0,955.0,0.71,0.0,0.77,0.0,30.284831460674155,0,6.0,4.0,4.0,3.0,0.0,0.0,0.0,0.0
OK,2022-10-29,2022,43,116,15.0,3.0,57.0,0.0,0.0,0.0,1.5,1.5,8649.0,1253.0,6189.0,963.0,0.72,0.0,0.77,0.0,30.284831460674155,0,9.0,6.0,4.0,2.0,0.0,0.0,0.0,0.0
OK,2022-11-05,2022,44,117,14.0,1.0,47.0,0.0,0.0,0.0,1.5,1.5,8659.0,1266.0,6148.0,969.0,0.71,0.0,0.77,0.0,30.284831460674155,0,15.0,9.0,4.0,3.0,0.0,0.0,0.0,0.0
OK,2022-11-12,2022,45,118,27.0,5.0,74.0,0.0,0.0,0.0,1.5,1.5,8661.0,1267.0,6245.0,1002.0,0.72,0.0,0.79,0.0,30.284831460674155,0,14.0,15.0,6.0,5.0,0.0,0.0,0.0,0.0
OK,2022-11-19,2022,46,119,57.0,8.0,150.0,0.0,0.0,0.0,1.5,1.5,8703.0,1262.0,6226.0,991.0,0.72,0.01,0.78,0.01,30.284831460674155,0,27.0,14.0,9.0,4.0,0.0,0.0,0.0,0.0
OK,2022-11-26,2022,47,120,110.0,16.0,344.0,0.0,0.0,0.0,1.5,1.5,8679.0,1260.0,5922.0,981.0,0.68,0.01,0.78,0.01,30.284831460674155,1,57.0,27.0,15.0,4.0,0.01,0.0,0.0,0.0
OK,2022-12-03,2022,48,121,251.0,36.0,771.0,0.0,0.0,0.0,1.5,1.5,8774.0,1283.0,6553.0,1066.0,0.75,0.03,0.83,0.03,30.284831460674155,1,110.0,57.0,14.0,4.0,0.01,0.01,0.0,0.0
OK,2022-12-10,2022,49,122,301.0,49.0,812.0,0.0,0.0,0.0,1.5,1.5,8792.0,1292.0,6654.0,1086.0,0.76,0.03,0.84,0.04,30.284831460674155,1,251.0,110.0,27.0,6.0,0.03,0.01,0.0,0.0
OK,2022-12-17,2022,50,123,315.0,58.0,766.0,0.0,0.0,0.0,1.5,1.5,9391.0,1391.0,7006.0,1136.0,0.75,0.03,0.82,0.04,30.284831460674155,1,301.0,251.0,57.0,9.0,0.03,0.03,0.01,0.0
OK,2022-12-24,2022,51,124,236.0,42.0,680.0,0.0,0.0,0.0,1.5,1.5,9062.0,1344.0,6494.0,1072.0,0.72,0.03,0.8,0.03,30.284831460674155,1,315.0,301.0,110.0,15.0,0.03,0.03,0.01,0.0
OK,2022-12-31,2022,52,125,260.0,42.0,708.0,0.0,0.0,0.0,1.5,1.5,9043.0,1332.0,6387.0,1054.0,0.71,0.03,0.79,0.03,30.284831460674155,1,236.0,315.0,251.0,14.0,0.03,0.03,0.03,0.0
OR,2020-10-03,2020,40,8,3.0,0.0,4.0,0.0,1.5,2.0,1.0,2.5,6470.0,945.0,4454.0,569.0,0.69,0.0,0.6,0.0,37.749238578680206,0,3.0,3.0,3.0,3.0,0.0,0.0,0.0,0.0
OR,2020-10-10,2020,41,9,3.0,0.0,4.0,0.0,1.5,2.0,1.0,2.5,6258.0,944.0,4572.0,600.0,0.73,0.0,0.64,0.0,37.749238578680206,0,3.0,3.0,3.0,3.0,0.0,0.0,0.0,0.0
OR,2020-10-17,2020,42,10,0.0,0.0,0.0,0.0,1.5,2.0,1.0,2.5,6273.0,963.0,4647.0,599.0,0.74,0.0,0.62,0.0,37.749238578680206,0,3.0,3.0,3.0,3.0,0.0,0.0,0.0,0.0
OR,2020-10-24,2020,43,11,0.0,0.0,0.0,0.0,1.5,2.0,1.0,2.5,6629.0,1000.0,4720.0,606.0,0.71,0.0,0.61,0.0,37.749238578680206,0,0.0,3.0,3.0,3.0,0.0,0.0,0.0,0.0
OR,2020-10-31,2020,44,12,0.0,0.0,0.0,0.0,1.5,2.0,1.0,2.5,6638.0,993.0,4682.0,598.0,0.71,0.0,0.6,0.0,37.749238578680206,0,0.0,0.0,3.0,3.0,0.0,0.0,0.0,0.0
OR,2020-11-07,2020,45,13,1.0,0.0,1.0,0.0,1.5,2.0,1.0,2.5,6628.0,998.0,4647.0,591.0,0.7,0.0,0.59,0.0,37.749238578680206,0,0.0,0.0,3.0,3.0,0.0,0.0,0.0,0.0
OR,2020-11-14,2020,46,14,0.0,0.0,0.0,0.0,1.5,2.0,1.0,2.5,6659.0,1008.0,4766.0,625.0,0.72,0.0,0.62,0.0,37.749238578680206,0,1.0,0.0,0.0,3.0,0.0,0.0,0.0,0.0
OR,2020-11-21,2020,47,15,0.0,0.0,0.0,0.0,1.5,2.0,1.0,2.5,6828.0,1183.0,4861.0,641.0,0.71,0.0,0.54,0.0,37.749238578680206,0,0.0,1.0,0.0,3.0,0.0,0.0,0.0,0.0
OR,2020-11-28,2020,48,16,1.0,0.0,2.0,0.0,1.5,2.0,1.0,2.5,6645.0,940.0,4706.0,589.0,0.71,0.0,0.63,0.0,37.749238578680206,0,0.0,0.0,0.0,3.0,0.0,0.0,0.0,0.0
OR,2020-12-05,2020,49,17,1.0,0.0,0.0,0.0,1.5,2.0,1.0,2.5,6572.0,917.0,4763.0,593.0,0.72,0.0,0.65,0.0,37.749238578680206,0,1.0,0.0,1.0,3.0,0.0,0.0,0.0,0.0
OR,2020-12-12,2020,50,18,1.0,0.0,0.0,0.0,1.5,2.0,1.0,2.5,6459.0,901.0,4808.0,593.0,0.74,0.0,0.66,0.0,37.749238578680206,0,1.0,1.0,0.0,0.0,0.0,0.0,0.0,0.0
OR,2020-12-19,2020,51,19,0.0,0.0,0.0,0.0,1.5,2.0,1.0,2.5,6610.0,914.0,4828.0,596.0,0.73,0.0,0.65,0.0,37.749238578680206,0,1.0,1.0,0.0,0.0,0.0,0.0,0.0,0.0
OR,2020-12-26,2020,52,20,0.0,0.0,0.0,0.0,1.5,2.0,1.0,2.5,6604.0,902.0,4527.0,560.0,0.69,0.0,0.62,0.0,37.749238578680206,0,0.0,1.0,1.0,0.0,0.0,0.0,0.0,0.0
OR,2021-01-02,2021,53,21,1.0,0.0,2.0,0.0,1.5,2.0,1.0,2.5,6627.0,901.0,4647.0,577.0,0.7,0.0,0.64,0.0,34.56797752808989,0,0.0,0.0,1.0,1.0,0.0,0.0,0.0,0.0
OR,2021-01-09,2021,1,22,0.0,0.0,0.0,0.0,1.5,2.0,1.0,2.5,6667.0,895.0,4874.0,592.0,0.73,0.0,0.66,0.0,34.56797752808989,0,1.0,0.0,1.0,0.0,0.0,0.0,0.0,0.0
OR,2021-01-16,2021,2,23,0.0,0.0,0.0,0.0,1.5,2.0,1.0,2.5,6705.0,912.0,4789.0,597.0,0.71,0.0,0.65,0.0,34.56797752808989,0,0.0,1.0,0.0,0.0,0.0,0.0,0.0,0.0
OR,2021-01-23,2021,3,24,0.0,0.0,0.0,0.0,1.5,2.0,1.0,2.5,6696.0,911.0,4716.0,563.0,0.7,0.0,0.62,0.0,34.56797752808989,0,0.0,0.0,0.0,1.0,0.0,0.0,0.0,0.0
OR,2021-01-30,2021,4,25,0.0,0.0,0.0,0.0,1.5,2.0,1.0,2.5,6733.0,917.0,4867.0,594.0,0.72,0.0,0.65,0.0,34.56797752808989,0,0.0,0.0,1.0,1.0,0.0,0.0,0.0,0.0
OR,2021-02-06,2021,5,26,0.0,0.0,0.0,0.0,1.5,2.0,1.0,2.5,7068.0,905.0,4778.0,687.0,0.68,0.0,0.76,0.0,34.56797752808989,0,0.0,0.0,0.0,1.0,0.0,0.0,0.0,0.0
OR,2021-02-13,2021,6,27,0.0,0.0,1.0,0.0,1.5,2.0,1.0,2.5,6756.0,909.0,4816.0,571.0,0.71,0.0,0.63,0.0,34.56797752808989,0,0.0,0.0,0.0,0.0,0.0,0.0,0.0,0.0
OR,2021-02-20,2021,7,28,0.0,0.0,0.0,0.0,1.5,2.0,1.0,2.5,6813.0,916.0,4962.0,598.0,0.73,0.0,0.65,0.0,34.56797752808989,0,0.0,0.0,0.0,0.0,0.0,0.0,0.0,0.0
OR,2021-02-27,2021,8,29,0.0,0.0,1.0,0.0,1.5,2.0,1.0,2.5,6792.0,912.0,4880.0,567.0,0.72,0.0,0.62,0.0,34.56797752808989,0,0.0,0.0,0.0,1.0,0.0,0.0,0.0,0.0
OR,2021-03-06,2021,9,30,1.0,0.0,0.0,0.0,1.5,2.0,1.0,2.5,6802.0,931.0,4891.0,561.0,0.72,0.0,0.6,0.0,34.56797752808989,0,0.0,0.0,0.0,0.0,0.0,0.0,0.0,0.0
OR,2021-03-13,2021,10,31,0.0,0.0,0.0,0.0,1.5,2.0,1.0,2.5,6807.0,904.0,4857.0,577.0,0.71,0.0,0.64,0.0,34.56797752808989,0,1.0,0.0,0.0,0.0,0.0,0.0,0.0,0.0
OR,2021-03-20,2021,11,32,1.0,0.0,0.0,0.0,1.5,2.0,1.0,2.5,6790.0,905.0,4900.0,579.0,0.72,0.0,0.64,0.0,34.56797752808989,0,0.0,1.0,0.0,0.0,0.0,0.0,0.0,0.0
OR,2021-03-27,2021,12,33,1.0,0.0,0.0,0.0,1.5,2.0,1.0,2.5,6781.0,915.0,4721.0,566.0,0.7,0.0,0.62,0.0,34.56797752808989,0,1.0,0.0,0.0,0.0,0.0,0.0,0.0,0.0
OR,2021-04-03,2021,13,34,1.0,0.0,0.0,0.0,1.5,2.0,1.0,2.5,6796.0,921.0,4861.0,588.0,0.72,0.0,0.64,0.0,34.56797752808989,0,1.0,1.0,1.0,0.0,0.0,0.0,0.0,0.0
OR,2021-04-10,2021,14,35,0.0,0.0,0.0,0.0,1.5,2.0,1.0,2.5,6804.0,924.0,4912.0,582.0,0.72,0.0,0.63,0.0,34.56797752808989,0,1.0,1.0,0.0,0.0,0.0,0.0,0.0,0.0
OR,2021-04-17,2021,15,36,0.0,0.0,0.0,0.0,1.5,2.0,1.0,2.5,6828.0,926.0,4995.0,606.0,0.73,0.0,0.65,0.0,34.56797752808989,0,0.0,1.0,1.0,0.0,0.0,0.0,0.0,0.0
OR,2021-04-24,2021,16,37,0.0,0.0,0.0,0.0,1.5,2.0,1.0,2.5,6840.0,936.0,5026.0,624.0,0.73,0.0,0.67,0.0,34.56797752808989,0,0.0,0.0,1.0,0.0,0.0,0.0,0.0,0.0
OR,2021-05-01,2021,17,38,0.0,0.0,1.0,0.0,1.5,2.0,1.0,2.5,6839.0,924.0,5056.0,626.0,0.74,0.0,0.68,0.0,34.56797752808989,0,0.0,0.0,1.0,1.0,0.0,0.0,0.0,0.0
OR,2021-05-08,2021,18,39,0.0,0.0,0.0,0.0,1.5,2.0,1.0,2.5,6856.0,939.0,5049.0,612.0,0.74,0.0,0.65,0.0,34.56797752808989,0,0.0,0.0,0.0,0.0,0.0,0.0,0.0,0.0
OR,2021-05-15,2021,19,40,0.0,0.0,0.0,0.0,1.5,2.0,1.0,2.5,6842.0,935.0,5127.0,623.0,0.75,0.0,0.67,0.0,34.56797752808989,0,0.0,0.0,0.0,1.0,0.0,0.0,0.0,0.0
OR,2021-05-22,2021,20,41,0.0,0.0,0.0,0.0,1.5,2.0,1.0,2.5,6872.0,945.0,5183.0,641.0,0.75,0.0,0.68,0.0,34.56797752808989,0,0.0,0.0,0.0,1.0,0.0,0.0,0.0,0.0
OR,2021-05-29,2021,21,42,0.0,0.0,1.0,0.0,1.5,2.0,1.0,2.5,6871.0,956.0,5121.0,630.0,0.75,0.0,0.66,0.0,34.56797752808989,0,0.0,0.0,0.0,1.0,0.0,0.0,0.0,0.0
OR,2021-06-05,2021,22,43,0.0,0.0,0.0,0.0,1.5,2.0,1.0,2.5,6891.0,966.0,5023.0,612.0,0.73,0.0,0.63,0.0,34.56797752808989,0,0.0,0.0,0.0,0.0,0.0,0.0,0.0,0.0
OR,2021-06-12,2021,23,44,0.0,0.0,0.0,0.0,1.5,2.0,1.0,2.5,6841.0,960.0,5052.0,641.0,0.74,0.0,0.67,0.0,34.56797752808989,0,0.0,0.0,0.0,0.0,0.0,0.0,0.0,0.0
OR,2021-06-19,2021,24,45,0.0,0.0,1.0,0.0,1.5,2.0,1.0,2.5,6865.0,961.0,4993.0,607.0,0.73,0.0,0.63,0.0,34.56797752808989,0,0.0,0.0,0.0,0.0,0.0,0.0,0.0,0.0
OR,2021-06-26,2021,25,46,0.0,0.0,0.0,0.0,1.5,2.0,1.0,2.5,6857.0,940.0,5050.0,616.0,0.74,0.0,0.66,0.0,34.56797752808989,0,0.0,0.0,0.0,0.0,0.0,0.0,0.0,0.0
OR,2021-07-03,2021,26,47,0.0,0.0,1.0,0.0,1.5,2.0,1.0,2.5,6889.0,943.0,5079.0,608.0,0.74,0.0,0.64,0.0,34.56797752808989,0,0.0,0.0,0.0,0.0,0.0,0.0,0.0,0.0
OR,2021-07-10,2021,27,48,1.0,0.0,1.0,0.0,1.5,2.0,1.0,2.5,6816.0,903.0,5000.0,581.0,0.73,0.0,0.64,0.0,34.56797752808989,0,0.0,0.0,0.0,0.0,0.0,0.0,0.0,0.0
OR,2021-07-17,2021,28,49,0.0,0.0,0.0,0.0,1.5,2.0,1.0,2.5,6896.0,921.0,5096.0,612.0,0.74,0.0,0.67,0.0,34.56797752808989,0,1.0,0.0,0.0,0.0,0.0,0.0,0.0,0.0
OR,2021-07-24,2021,29,50,0.0,0.0,0.0,0.0,1.5,2.0,1.0,2.5,6971.0,932.0,5144.0,603.0,0.74,0.0,0.65,0.0,34.56797752808989,0,0.0,1.0,0.0,0.0,0.0,0.0,0.0,0.0
OR,2021-07-31,2021,30,51,0.0,0.0,0.0,0.0,1.5,2.0,1.0,2.5,7015.0,923.0,5186.0,629.0,0.74,0.0,0.68,0.0,34.56797752808989,0,0.0,0.0,0.0,0.0,0.0,0.0,0.0,0.0
OR,2021-08-07,2021,31,52,0.0,0.0,0.0,0.0,1.5,2.0,1.0,2.5,7079.0,904.0,5253.0,627.0,0.74,0.0,0.69,0.0,34.56797752808989,0,0.0,0.0,1.0,0.0,0.0,0.0,0.0,0.0
OR,2021-08-14,2021,32,53,0.0,0.0,0.0,0.0,1.5,2.0,1.0,2.5,7017.0,905.0,5195.0,647.0,0.74,0.0,0.72,0.0,34.56797752808989,0,0.0,0.0,0.0,0.0,0.0,0.0,0.0,0.0
OR,2021-08-21,2021,33,54,1.0,0.0,5.0,0.0,1.5,2.0,1.0,2.5,6973.0,907.0,5258.0,660.0,0.75,0.0,0.73,0.0,34.56797752808989,0,0.0,0.0,0.0,0.0,0.0,0.0,0.0,0.0
OR,2021-08-28,2021,34,55,3.0,0.0,2.0,0.0,1.5,2.0,1.0,2.5,6935.0,913.0,5214.0,680.0,0.75,0.0,0.74,0.0,34.56797752808989,0,1.0,0.0,0.0,0.0,0.0,0.0,0.0,0.0
OR,2021-09-04,2021,35,56,1.0,0.0,0.0,0.0,1.5,2.0,1.0,2.5,6993.0,939.0,5315.0,696.0,0.76,0.0,0.74,0.0,34.56797752808989,0,3.0,1.0,0.0,1.0,0.0,0.0,0.0,0.0
OR,2021-09-11,2021,36,57,1.0,0.0,2.0,0.0,1.5,2.0,1.0,2.5,6974.0,949.0,5298.0,708.0,0.76,0.0,0.75,0.0,34.56797752808989,0,1.0,3.0,0.0,0.0,0.0,0.0,0.0,0.0
OR,2021-09-18,2021,37,58,1.0,0.0,2.0,0.0,1.5,2.0,1.0,2.5,6942.0,953.0,5328.0,709.0,0.77,0.0,0.74,0.0,34.56797752808989,0,1.0,1.0,1.0,0.0,0.0,0.0,0.0,0.0
OR,2021-09-25,2021,38,59,0.0,0.0,0.0,0.0,1.5,2.0,1.0,2.5,6972.0,940.0,5303.0,682.0,0.76,0.0,0.73,0.0,34.56797752808989,0,1.0,1.0,3.0,0.0,0.0,0.0,0.0,0.0
OR,2021-10-02,2021,39,60,1.0,0.0,2.0,0.0,1.5,2.0,1.0,2.5,6922.0,920.0,5266.0,674.0,0.76,0.0,0.73,0.0,34.56797752808989,0,0.0,1.0,1.0,0.0,0.0,0.0,0.0,0.0
OR,2021-10-09,2021,40,61,1.0,0.0,4.0,0.0,1.5,2.0,1.0,2.5,6921.0,920.0,5299.0,650.0,0.77,0.0,0.71,0.0,34.56797752808989,0,1.0,0.0,1.0,0.0,0.0,0.0,0.0,0.0
OR,2021-10-16,2021,41,62,0.0,0.0,1.0,0.0,1.5,2.0,1.0,2.5,6923.0,905.0,5317.0,653.0,0.77,0.0,0.72,0.0,34.56797752808989,0,1.0,1.0,1.0,1.0,0.0,0.0,0.0,0.0
OR,2021-10-23,2021,42,63,1.0,0.0,1.0,0.0,1.5,2.0,1.0,2.5,6937.0,932.0,5494.0,676.0,0.79,0.0,0.72,0.0,34.56797752808989,0,0.0,1.0,0.0,3.0,0.0,0.0,0.0,0.0
OR,2021-10-30,2021,43,64,0.0,0.0,0.0,0.0,1.5,2.0,1.0,2.5,6952.0,915.0,5322.0,628.0,0.77,0.0,0.69,0.0,34.56797752808989,0,1.0,0.0,1.0,1.0,0.0,0.0,0.0,0.0
OR,2021-11-06,2021,44,65,0.0,0.0,0.0,0.0,1.5,2.0,1.0,2.5,6909.0,909.0,5384.0,649.0,0.78,0.0,0.71,0.0,34.56797752808989,0,0.0,1.0,1.0,1.0,0.0,0.0,0.0,0.0
OR,2021-11-13,2021,45,66,0.0,0.0,0.0,0.0,1.5,2.0,1.0,2.5,6931.0,890.0,5407.0,654.0,0.78,0.0,0.73,0.0,34.56797752808989,0,0.0,0.0,0.0,1.0,0.0,0.0,0.0,0.0
OR,2021-11-20,2021,46,67,0.0,0.0,1.0,0.0,1.5,2.0,1.0,2.5,6895.0,902.0,5401.0,646.0,0.78,0.0,0.72,0.0,34.56797752808989,0,0.0,0.0,1.0,0.0,0.0,0.0,0.0,0.0
OR,2021-11-27,2021,47,68,1.0,0.0,6.0,0.0,1.5,2.0,1.0,2.5,6868.0,892.0,5264.0,638.0,0.77,0.0,0.72,0.0,34.56797752808989,0,0.0,0.0,0.0,1.0,0.0,0.0,0.0,0.0
OR,2021-12-04,2021,48,69,2.0,0.0,4.0,0.0,1.5,2.0,1.0,2.5,6824.0,905.0,5360.0,666.0,0.79,0.0,0.74,0.0,34.56797752808989,0,1.0,0.0,0.0,1.0,0.0,0.0,0.0,0.0
OR,2021-12-11,2021,49,70,3.0,0.0,5.0,0.0,1.5,2.0,1.0,2.5,6874.0,892.0,5445.0,662.0,0.79,0.0,0.74,0.0,34.56797752808989,0,2.0,1.0,0.0,0.0,0.0,0.0,0.0,0.0
OR,2021-12-18,2021,50,71,2.0,0.0,7.0,0.0,1.5,2.0,1.0,2.5,6850.0,914.0,5501.0,659.0,0.8,0.0,0.72,0.0,34.56797752808989,0,3.0,2.0,0.0,1.0,0.0,0.0,0.0,0.0
OR,2021-12-25,2021,51,72,1.0,0.0,4.0,0.0,1.5,2.0,1.0,2.5,6807.0,889.0,5210.0,623.0,0.77,0.0,0.7,0.0,34.56797752808989,0,2.0,3.0,1.0,0.0,0.0,0.0,0.0,0.0
OR,2022-01-01,2022,52,73,2.0,0.0,6.0,0.0,1.5,2.0,1.0,2.5,6801.0,874.0,5182.0,595.0,0.76,0.0,0.68,0.0,36.19137931034483,0,1.0,2.0,2.0,0.0,0.0,0.0,0.0,0.0
OR,2022-01-08,2022,1,74,2.0,0.0,5.0,0.0,1.5,2.0,1.0,2.5,6871.0,897.0,5438.0,647.0,0.79,0.0,0.72,0.0,36.19137931034483,0,2.0,1.0,3.0,0.0,0.0,0.0,0.0,0.0
OR,2022-01-15,2022,2,75,2.0,2.0,4.0,0.0,1.5,2.0,1.0,2.5,6919.0,901.0,5309.0,644.0,0.77,0.0,0.71,0.0,36.19137931034483,0,2.0,2.0,2.0,0.0,0.0,0.0,0.0,0.0
OR,2022-01-22,2022,3,76,3.0,2.0,4.0,0.0,1.5,2.0,1.0,2.5,6887.0,902.0,5452.0,667.0,0.79,0.0,0.74,0.0,36.19137931034483,0,2.0,2.0,1.0,1.0,0.0,0.0,0.0,0.0
OR,2022-01-29,2022,4,77,3.0,1.0,5.0,0.0,1.5,2.0,1.0,2.5,6921.0,881.0,5526.0,663.0,0.8,0.0,0.75,0.0,36.19137931034483,0,3.0,2.0,2.0,2.0,0.0,0.0,0.0,0.0
OR,2022-02-05,2022,5,78,1.0,0.0,1.0,0.0,1.5,2.0,1.0,2.5,6940.0,894.0,5567.0,695.0,0.8,0.0,0.78,0.0,36.19137931034483,0,3.0,3.0,2.0,3.0,0.0,0.0,0.0,0.0
OR,2022-02-12,2022,6,79,1.0,0.0,2.0,0.0,1.5,2.0,1.0,2.5,6954.0,886.0,5567.0,682.0,0.8,0.0,0.77,0.0,36.19137931034483,0,1.0,3.0,2.0,2.0,0.0,0.0,0.0,0.0
OR,2022-02-19,2022,7,80,3.0,0.0,5.0,0.0,1.5,2.0,1.0,2.5,6990.0,870.0,5454.0,639.0,0.78,0.0,0.73,0.0,36.19137931034483,0,1.0,1.0,3.0,1.0,0.0,0.0,0.0,0.0
OR,2022-02-26,2022,8,81,1.0,0.0,4.0,0.0,1.5,2.0,1.0,2.5,7041.0,874.0,5338.0,627.0,0.76,0.0,0.72,0.0,36.19137931034483,0,3.0,1.0,3.0,2.0,0.0,0.0,0.0,0.0
OR,2022-03-05,2022,9,82,1.0,0.0,2.0,0.0,1.5,2.0,1.0,2.5,6943.0,850.0,5327.0,609.0,0.77,0.0,0.72,0.0,36.19137931034483,0,1.0,3.0,1.0,2.0,0.0,0.0,0.0,0.0
OR,2022-03-12,2022,10,83,3.0,1.0,7.0,0.0,1.5,2.0,1.0,2.5,6944.0,863.0,5268.0,608.0,0.76,0.0,0.7,0.0,36.19137931034483,0,1.0,1.0,1.0,2.0,0.0,0.0,0.0,0.0
OR,2022-03-19,2022,11,84,6.0,1.0,18.0,0.0,1.5,2.0,1.0,2.5,6957.0,876.0,5268.0,615.0,0.76,0.0,0.7,0.0,36.19137931034483,0,3.0,1.0,3.0,3.0,0.0,0.0,0.0,0.0
OR,2022-03-26,2022,12,85,7.0,0.0,24.0,0.0,1.5,2.0,1.0,2.5,6891.0,844.0,5139.0,586.0,0.75,0.0,0.69,0.0,36.19137931034483,0,6.0,3.0,1.0,3.0,0.0,0.0,0.0,0.0
OR,2022-04-02,2022,13,86,8.0,0.0,10.0,0.0,1.5,2.0,1.0,2.5,6888.0,851.0,5149.0,589.0,0.75,0.0,0.69,0.0,36.19137931034483,0,7.0,6.0,1.0,1.0,0.0,0.0,0.0,0.0
OR,2022-04-09,2022,14,87,8.0,1.0,14.0,0.0,1.5,2.0,1.0,2.5,6819.0,852.0,5173.0,609.0,0.76,0.0,0.72,0.0,36.19137931034483,0,8.0,7.0,3.0,1.0,0.0,0.0,0.0,0.0
OR,2022-04-16,2022,15,88,7.0,0.0,14.0,0.0,1.5,2.0,1.0,2.5,6819.0,846.0,5160.0,604.0,0.76,0.0,0.71,0.0,36.19137931034483,0,8.0,8.0,6.0,3.0,0.0,0.0,0.0,0.0
OR,2022-04-23,2022,16,89,11.0,1.0,27.0,0.0,1.5,2.0,1.0,2.5,6801.0,847.0,5300.0,632.0,0.78,0.0,0.75,0.0,36.19137931034483,0,7.0,8.0,7.0,1.0,0.0,0.0,0.0,0.0
OR,2022-04-30,2022,17,90,12.0,2.0,23.0,0.0,1.5,2.0,1.0,2.5,6883.0,841.0,5242.0,585.0,0.76,0.0,0.7,0.0,36.19137931034483,0,11.0,7.0,8.0,1.0,0.0,0.0,0.0,0.0
OR,2022-05-07,2022,18,91,10.0,2.0,27.0,0.0,1.5,2.0,1.0,2.5,6919.0,860.0,5224.0,588.0,0.75,0.0,0.68,0.0,36.19137931034483,0,12.0,11.0,8.0,3.0,0.0,0.0,0.0,0.0
OR,2022-05-14,2022,19,92,12.0,1.0,26.0,0.0,1.5,2.0,1.0,2.5,6865.0,842.0,5196.0,601.0,0.76,0.0,0.71,0.0,36.19137931034483,0,10.0,12.0,7.0,6.0,0.0,0.0,0.0,0.0
OR,2022-05-21,2022,20,93,16.0,2.0,36.0,0.0,1.5,2.0,1.0,2.5,6865.0,844.0,5282.0,603.0,0.77,0.0,0.71,0.0,36.19137931034483,0,12.0,10.0,11.0,7.0,0.0,0.0,0.0,0.0
OR,2022-05-28,2022,21,94,14.0,2.0,33.0,0.0,1.5,2.0,1.0,2.5,6883.0,837.0,5321.0,596.0,0.77,0.0,0.71,0.0,36.19137931034483,0,16.0,12.0,12.0,8.0,0.0,0.0,0.0,0.0
OR,2022-06-04,2022,22,95,16.0,1.0,28.0,0.0,1.5,2.0,1.0,2.5,6844.0,848.0,5271.0,592.0,0.77,0.0,0.7,0.0,36.19137931034483,0,14.0,16.0,10.0,8.0,0.0,0.0,0.0,0.0
OR,2022-06-11,2022,23,96,14.0,3.0,18.0,0.0,1.5,2.0,1.0,2.5,6743.0,839.0,5390.0,608.0,0.8,0.0,0.72,0.0,36.19137931034483,0,16.0,14.0,12.0,7.0,0.0,0.0,0.0,0.0
OR,2022-06-18,2022,24,97,11.0,2.0,12.0,0.0,1.5,2.0,1.0,2.5,6596.0,821.0,5183.0,586.0,0.79,0.0,0.71,0.0,36.19137931034483,0,14.0,16.0,16.0,11.0,0.0,0.0,0.0,0.0
OR,2022-06-25,2022,25,98,8.0,1.0,8.0,0.0,1.5,2.0,1.0,2.5,6666.0,810.0,5196.0,588.0,0.78,0.0,0.73,0.0,36.19137931034483,0,11.0,14.0,14.0,12.0,0.0,0.0,0.0,0.0
OR,2022-07-02,2022,26,99,4.0,2.0,3.0,0.0,1.5,2.0,1.0,2.5,6685.0,807.0,5230.0,600.0,0.78,0.0,0.74,0.0,36.19137931034483,0,8.0,11.0,16.0,10.0,0.0,0.0,0.0,0.0
OR,2022-07-09,2022,27,100,3.0,2.0,0.0,0.0,1.5,2.0,1.0,2.5,6650.0,821.0,5174.0,590.0,0.78,0.0,0.72,0.0,36.19137931034483,0,4.0,8.0,14.0,12.0,0.0,0.0,0.0,0.0
OR,2022-07-16,2022,28,101,5.0,1.0,7.0,0.0,1.5,2.0,1.0,2.5,6531.0,829.0,5222.0,604.0,0.8,0.0,0.73,0.0,36.19137931034483,0,3.0,4.0,11.0,16.0,0.0,0.0,0.0,0.0
OR,2022-07-23,2022,29,102,3.0,1.0,1.0,0.0,1.5,2.0,1.0,2.5,6540.0,814.0,5187.0,599.0,0.79,0.0,0.74,0.0,36.19137931034483,0,5.0,3.0,8.0,14.0,0.0,0.0,0.0,0.0
OR,2022-07-30,2022,30,103,2.0,1.0,1.0,0.0,1.5,2.0,1.0,2.5,6548.0,815.0,5157.0,594.0,0.79,0.0,0.73,0.0,36.19137931034483,0,3.0,5.0,4.0,16.0,0.0,0.0,0.0,0.0
OR,2022-08-06,2022,31,104,1.0,1.0,1.0,0.0,1.5,2.0,1.0,2.5,6532.0,822.0,5133.0,619.0,0.79,0.0,0.75,0.0,36.19137931034483,0,2.0,3.0,3.0,14.0,0.0,0.0,0.0,0.0
OR,2022-08-13,2022,32,105,1.0,0.0,2.0,0.0,1.5,2.0,1.0,2.5,6528.0,806.0,5137.0,592.0,0.79,0.0,0.73,0.0,36.19137931034483,0,1.0,2.0,5.0,11.0,0.0,0.0,0.0,0.0
OR,2022-08-20,2022,33,106,1.0,0.0,0.0,0.0,1.5,2.0,1.0,2.5,6524.0,803.0,5088.0,571.0,0.78,0.0,0.71,0.0,36.19137931034483,0,1.0,1.0,3.0,8.0,0.0,0.0,0.0,0.0
OR,2022-08-27,2022,34,107,1.0,0.0,0.0,0.0,1.5,2.0,1.0,2.5,6566.0,806.0,5091.0,593.0,0.78,0.0,0.74,0.0,36.19137931034483,0,1.0,1.0,2.0,4.0,0.0,0.0,0.0,0.0
OR,2022-09-03,2022,35,108,1.0,0.0,0.0,0.0,1.5,2.0,1.0,2.5,6547.0,805.0,5032.0,584.0,0.77,0.0,0.73,0.0,36.19137931034483,0,1.0,1.0,1.0,3.0,0.0,0.0,0.0,0.0
OR,2022-09-10,2022,36,109,1.0,0.0,1.0,0.0,1.5,2.0,1.0,2.5,6470.0,811.0,5035.0,584.0,0.78,0.0,0.72,0.0,36.19137931034483,0,1.0,1.0,1.0,5.0,0.0,0.0,0.0,0.0
OR,2022-09-17,2022,37,110,2.0,0.0,0.0,0.0,1.5,2.0,1.0,2.5,6512.0,799.0,5070.0,588.0,0.78,0.0,0.74,0.0,36.19137931034483,0,1.0,1.0,1.0,3.0,0.0,0.0,0.0,0.0
OR,2022-09-24,2022,38,111,0.0,0.0,2.0,0.0,1.5,2.0,1.0,2.5,6493.0,800.0,5090.0,578.0,0.78,0.0,0.72,0.0,36.19137931034483,0,2.0,1.0,1.0,2.0,0.0,0.0,0.0,0.0
OR,2022-10-01,2022,39,112,2.0,0.0,1.0,0.0,1.5,2.0,1.0,2.5,6531.0,798.0,5157.0,586.0,0.79,0.0,0.73,0.0,36.19137931034483,0,0.0,2.0,1.0,1.0,0.0,0.0,0.0,0.0
OR,2022-10-08,2022,40,113,2.0,0.0,0.0,0.0,1.5,2.0,1.0,2.5,6578.0,811.0,5215.0,610.0,0.79,0.0,0.75,0.0,36.19137931034483,0,2.0,0.0,1.0,1.0,0.0,0.0,0.0,0.0
OR,2022-10-15,2022,41,114,2.0,1.0,3.0,0.0,1.5,2.0,1.0,2.5,6536.0,809.0,5136.0,595.0,0.79,0.0,0.74,0.0,36.19137931034483,0,2.0,2.0,2.0,1.0,0.0,0.0,0.0,0.0
OR,2022-10-22,2022,42,115,4.0,0.0,6.0,0.0,1.5,2.0,1.0,2.5,6583.0,812.0,5161.0,584.0,0.78,0.0,0.72,0.0,36.19137931034483,0,2.0,2.0,0.0,1.0,0.0,0.0,0.0,0.0
OR,2022-10-29,2022,43,116,4.0,0.0,5.0,0.0,1.5,2.0,1.0,2.5,6588.0,838.0,5187.0,603.0,0.79,0.0,0.72,0.0,36.19137931034483,0,4.0,2.0,2.0,1.0,0.0,0.0,0.0,0.0
OR,2022-11-05,2022,44,117,11.0,1.0,32.0,0.0,1.5,2.0,1.0,2.5,6541.0,822.0,5153.0,585.0,0.79,0.0,0.71,0.0,36.19137931034483,0,4.0,4.0,2.0,1.0,0.0,0.0,0.0,0.0
OR,2022-11-12,2022,45,118,26.0,1.0,51.0,0.0,1.5,2.0,1.0,2.5,6632.0,834.0,5328.0,605.0,0.8,0.0,0.73,0.0,36.19137931034483,0,11.0,4.0,2.0,2.0,0.0,0.0,0.0,0.0
OR,2022-11-19,2022,46,119,53.0,4.0,113.0,0.0,1.5,2.0,1.0,2.5,6668.0,841.0,5293.0,597.0,0.79,0.01,0.71,0.0,36.19137931034483,0,26.0,11.0,4.0,0.0,0.0,0.0,0.0,0.0
OR,2022-11-26,2022,47,120,139.0,12.0,376.0,0.0,1.5,2.0,1.0,2.5,6629.0,833.0,5263.0,576.0,0.79,0.02,0.69,0.01,36.19137931034483,1,53.0,26.0,4.0,2.0,0.01,0.0,0.0,0.0
OR,2022-12-03,2022,48,121,253.0,28.0,542.0,0.0,1.5,2.0,1.0,2.5,6682.0,841.0,5489.0,626.0,0.82,0.04,0.74,0.03,36.19137931034483,1,139.0,53.0,11.0,2.0,0.02,0.01,0.0,0.0
OR,2022-12-10,2022,49,122,336.0,37.0,650.0,0.0,1.5,2.0,1.0,2.5,6678.0,822.0,5648.0,644.0,0.85,0.05,0.78,0.05,36.19137931034483,1,253.0,139.0,26.0,2.0,0.04,0.02,0.0,0.0
OR,2022-12-17,2022,50,123,358.0,40.0,686.0,0.0,1.5,2.0,1.0,2.5,6764.0,837.0,5672.0,629.0,0.84,0.05,0.75,0.05,36.19137931034483,1,336.0,253.0,53.0,4.0,0.05,0.04,0.01,0.0
OR,2022-12-24,2022,51,124,299.0,36.0,451.0,0.0,1.5,2.0,1.0,2.5,6700.0,805.0,5457.0,597.0,0.81,0.04,0.74,0.04,36.19137931034483,1,358.0,336.0,139.0,4.0,0.05,0.05,0.02,0.0
OR,2022-12-31,2022,52,125,251.0,29.0,361.0,0.0,1.5,2.0,1.0,2.5,6702.0,800.0,5430.0,595.0,0.81,0.04,0.74,0.04,36.19137931034483,1,299.0,358.0,253.0,11.0,0.04,0.05,0.04,0.0
PA,2020-10-03,2020,40,8,30.5,4.0,51.0,1.0,21.5,11.0,13.5,20.0,26786.0,4680.0,22112.0,3397.0,0.83,0.0,0.73,0.0,41.459708737864084,0,30.5,30.5,30.5,30.5,0.0,0.0,0.0,0.0
PA,2020-10-10,2020,41,9,30.5,4.0,51.0,1.0,21.5,11.0,13.5,20.0,26458.0,4521.0,21821.0,3289.0,0.82,0.0,0.73,0.0,41.459708737864084,0,30.5,30.5,30.5,30.5,0.0,0.0,0.0,0.0
PA,2020-10-17,2020,42,10,0.0,0.0,0.0,1.0,21.5,11.0,13.5,20.0,30079.0,4744.0,22479.0,3810.0,0.75,0.0,0.8,0.0,41.459708737864084,0,30.5,30.5,30.5,30.5,0.0,0.0,0.0,0.0
PA,2020-10-24,2020,43,11,7.0,1.0,5.0,1.0,21.5,11.0,13.5,20.0,31022.0,4944.0,23260.0,3792.0,0.75,0.0,0.77,0.0,41.459708737864084,0,0.0,30.5,30.5,30.5,0.0,0.0,0.0,0.0
PA,2020-10-31,2020,44,12,12.0,1.0,7.0,1.0,21.5,11.0,13.5,20.0,31485.0,4821.0,23129.0,3726.0,0.73,0.0,0.77,0.0,41.459708737864084,0,7.0,0.0,30.5,30.5,0.0,0.0,0.0,0.0
PA,2020-11-07,2020,45,13,13.0,2.0,16.0,1.0,21.5,11.0,13.5,20.0,31646.0,4802.0,23200.0,3746.0,0.73,0.0,0.78,0.0,41.459708737864084,0,12.0,7.0,30.5,30.5,0.0,0.0,0.0,0.0
PA,2020-11-14,2020,46,14,9.0,2.0,4.0,1.0,21.5,11.0,13.5,20.0,31715.0,4896.0,23930.0,3853.0,0.75,0.0,0.79,0.0,41.459708737864084,0,13.0,12.0,0.0,30.5,0.0,0.0,0.0,0.0
PA,2020-11-21,2020,47,15,11.0,2.0,6.0,1.0,21.5,11.0,13.5,20.0,31854.0,4994.0,23796.0,3937.0,0.75,0.0,0.79,0.0,41.459708737864084,0,9.0,13.0,7.0,30.5,0.0,0.0,0.0,0.0
PA,2020-11-28,2020,48,16,9.0,3.0,3.0,1.0,21.5,11.0,13.5,20.0,31712.0,5007.0,23084.0,3925.0,0.73,0.0,0.78,0.0,41.459708737864084,0,11.0,9.0,12.0,30.5,0.0,0.0,0.0,0.0
PA,2020-12-05,2020,49,17,9.0,3.0,16.0,1.0,21.5,11.0,13.5,20.0,32074.0,5101.0,24240.0,4097.0,0.76,0.0,0.8,0.0,41.459708737864084,0,9.0,11.0,13.0,30.5,0.0,0.0,0.0,0.0
PA,2020-12-12,2020,50,18,8.0,2.0,11.0,1.0,21.5,11.0,13.5,20.0,32080.0,5157.0,24767.0,4115.0,0.77,0.0,0.8,0.0,41.459708737864084,0,9.0,9.0,9.0,0.0,0.0,0.0,0.0,0.0
PA,2020-12-19,2020,51,19,8.0,2.0,6.0,1.0,21.5,11.0,13.5,20.0,31962.0,5127.0,24657.0,4099.0,0.77,0.0,0.8,0.0,41.459708737864084,0,8.0,9.0,11.0,7.0,0.0,0.0,0.0,0.0
PA,2020-12-26,2020,52,20,10.0,2.0,9.0,1.0,21.5,11.0,13.5,20.0,31759.0,5059.0,23604.0,3959.0,0.74,0.0,0.78,0.0,41.459708737864084,0,8.0,8.0,9.0,12.0,0.0,0.0,0.0,0.0
PA,2021-01-02,2021,53,21,10.0,2.0,14.0,1.0,21.5,11.0,13.5,20.0,31923.0,5137.0,24639.0,3983.0,0.77,0.0,0.78,0.0,40.0061797752809,0,10.0,8.0,9.0,13.0,0.0,0.0,0.0,0.0
PA,2021-01-09,2021,1,22,12.0,1.0,16.0,1.0,21.5,11.0,13.5,20.0,31126.0,5172.0,24992.0,4057.0,0.8,0.0,0.78,0.0,40.0061797752809,0,10.0,10.0,8.0,9.0,0.0,0.0,0.0,0.0
PA,2021-01-16,2021,2,23,18.0,4.0,19.0,1.0,21.5,11.0,13.5,20.0,29395.0,5242.0,24186.0,4122.0,0.82,0.0,0.79,0.0,40.0061797752809,0,12.0,10.0,8.0,11.0,0.0,0.0,0.0,0.0
PA,2021-01-23,2021,3,24,15.0,2.0,21.0,1.0,21.5,11.0,13.5,20.0,29318.0,5246.0,23645.0,4069.0,0.81,0.0,0.78,0.0,40.0061797752809,0,18.0,12.0,10.0,9.0,0.0,0.0,0.0,0.0
PA,2021-01-30,2021,4,25,13.0,2.0,11.0,1.0,21.5,11.0,13.5,20.0,29574.0,5260.0,23705.0,4065.0,0.8,0.0,0.77,0.0,40.0061797752809,0,15.0,18.0,10.0,9.0,0.0,0.0,0.0,0.0
PA,2021-02-06,2021,5,26,10.0,2.0,10.0,1.0,21.5,11.0,13.5,20.0,29118.0,5212.0,23180.0,4003.0,0.8,0.0,0.77,0.0,40.0061797752809,0,13.0,15.0,12.0,8.0,0.0,0.0,0.0,0.0
PA,2021-02-13,2021,6,27,11.0,2.0,18.0,1.0,21.5,11.0,13.5,20.0,28986.0,5207.0,23240.0,3965.0,0.8,0.0,0.76,0.0,40.0061797752809,0,10.0,13.0,18.0,8.0,0.0,0.0,0.0,0.0
PA,2021-02-20,2021,7,28,9.0,0.0,9.0,1.0,21.5,11.0,13.5,20.0,28678.0,5155.0,22754.0,3882.0,0.79,0.0,0.75,0.0,40.0061797752809,0,11.0,10.0,15.0,10.0,0.0,0.0,0.0,0.0
PA,2021-02-27,2021,8,29,7.0,1.0,14.0,1.0,21.5,11.0,13.5,20.0,28842.0,5155.0,22934.0,3869.0,0.8,0.0,0.75,0.0,40.0061797752809,0,9.0,11.0,13.0,10.0,0.0,0.0,0.0,0.0
PA,2021-03-06,2021,9,30,7.0,0.0,5.0,1.0,21.5,11.0,13.5,20.0,28710.0,5164.0,22779.0,3845.0,0.79,0.0,0.74,0.0,40.0061797752809,0,7.0,9.0,10.0,12.0,0.0,0.0,0.0,0.0
PA,2021-03-13,2021,10,31,10.0,0.0,11.0,1.0,21.5,11.0,13.5,20.0,28708.0,5197.0,22692.0,3873.0,0.79,0.0,0.75,0.0,40.0061797752809,0,7.0,7.0,11.0,18.0,0.0,0.0,0.0,0.0
PA,2021-03-20,2021,11,32,10.0,1.0,9.0,1.0,21.5,11.0,13.5,20.0,28754.0,5150.0,22907.0,3844.0,0.8,0.0,0.75,0.0,40.0061797752809,0,10.0,7.0,9.0,15.0,0.0,0.0,0.0,0.0
PA,2021-03-27,2021,12,33,12.0,1.0,10.0,1.0,21.5,11.0,13.5,20.0,28806.0,5143.0,22917.0,3868.0,0.8,0.0,0.75,0.0,40.0061797752809,0,10.0,10.0,7.0,13.0,0.0,0.0,0.0,0.0
PA,2021-04-03,2021,13,34,11.0,1.0,12.0,1.0,21.5,11.0,13.5,20.0,28386.0,5075.0,22538.0,3815.0,0.79,0.0,0.75,0.0,40.0061797752809,0,12.0,10.0,7.0,10.0,0.0,0.0,0.0,0.0
PA,2021-04-10,2021,14,35,11.0,1.0,16.0,1.0,21.5,11.0,13.5,20.0,28563.0,5147.0,23154.0,3952.0,0.81,0.0,0.77,0.0,40.0061797752809,0,11.0,12.0,10.0,11.0,0.0,0.0,0.0,0.0
PA,2021-04-17,2021,15,36,10.0,0.0,12.0,1.0,21.5,11.0,13.5,20.0,29147.0,5056.0,23867.0,3981.0,0.82,0.0,0.79,0.0,40.0061797752809,0,11.0,11.0,10.0,9.0,0.0,0.0,0.0,0.0
PA,2021-04-24,2021,16,37,11.0,1.0,12.0,1.0,21.5,11.0,13.5,20.0,29397.0,4931.0,23694.0,3884.0,0.81,0.0,0.79,0.0,40.0061797752809,0,10.0,11.0,12.0,7.0,0.0,0.0,0.0,0.0
PA,2021-05-01,2021,17,38,8.0,1.0,6.0,1.0,21.5,11.0,13.5,20.0,28911.0,5043.0,23568.0,3932.0,0.82,0.0,0.78,0.0,40.0061797752809,0,11.0,10.0,11.0,7.0,0.0,0.0,0.0,0.0
PA,2021-05-08,2021,18,39,8.0,0.0,19.0,1.0,21.5,11.0,13.5,20.0,29029.0,5081.0,23419.0,3953.0,0.81,0.0,0.78,0.0,40.0061797752809,0,8.0,11.0,11.0,10.0,0.0,0.0,0.0,0.0
PA,2021-05-15,2021,19,40,4.0,0.0,8.0,1.0,21.5,11.0,13.5,20.0,28634.0,5028.0,22772.0,3874.0,0.8,0.0,0.77,0.0,40.0061797752809,0,8.0,8.0,10.0,10.0,0.0,0.0,0.0,0.0
PA,2021-05-22,2021,20,41,11.0,0.0,14.0,1.0,21.5,11.0,13.5,20.0,28807.0,4997.0,22924.0,3793.0,0.8,0.0,0.76,0.0,40.0061797752809,0,4.0,8.0,11.0,12.0,0.0,0.0,0.0,0.0
PA,2021-05-29,2021,21,42,10.0,0.0,21.0,1.0,21.5,11.0,13.5,20.0,28533.0,5080.0,23219.0,3849.0,0.81,0.0,0.76,0.0,40.0061797752809,0,11.0,4.0,8.0,11.0,0.0,0.0,0.0,0.0
PA,2021-06-05,2021,22,43,11.0,1.0,9.0,1.0,21.5,11.0,13.5,20.0,28344.0,5109.0,22432.0,3773.0,0.79,0.0,0.74,0.0,40.0061797752809,0,10.0,11.0,8.0,11.0,0.0,0.0,0.0,0.0
PA,2021-06-12,2021,23,44,13.0,1.0,15.0,1.0,21.5,11.0,13.5,20.0,28336.0,5067.0,23019.0,3803.0,0.81,0.0,0.75,0.0,40.0061797752809,0,11.0,10.0,4.0,10.0,0.0,0.0,0.0,0.0
PA,2021-06-19,2021,24,45,12.0,1.0,11.0,1.0,21.5,11.0,13.5,20.0,28285.0,5060.0,22860.0,3741.0,0.81,0.0,0.74,0.0,40.0061797752809,0,13.0,11.0,11.0,11.0,0.0,0.0,0.0,0.0
PA,2021-06-26,2021,25,46,10.0,1.0,11.0,1.0,21.5,11.0,13.5,20.0,28176.0,5044.0,22793.0,3749.0,0.81,0.0,0.74,0.0,40.0061797752809,0,12.0,13.0,10.0,8.0,0.0,0.0,0.0,0.0
PA,2021-07-03,2021,26,47,15.0,2.0,12.0,1.0,21.5,11.0,13.5,20.0,28073.0,5019.0,22522.0,3723.0,0.8,0.0,0.74,0.0,40.0061797752809,0,10.0,12.0,11.0,8.0,0.0,0.0,0.0,0.0
PA,2021-07-10,2021,27,48,11.0,1.0,9.0,1.0,21.5,11.0,13.5,20.0,28026.0,5031.0,22388.0,3718.0,0.8,0.0,0.74,0.0,40.0061797752809,0,15.0,10.0,13.0,4.0,0.0,0.0,0.0,0.0
PA,2021-07-17,2021,28,49,13.0,0.0,7.0,1.0,21.5,11.0,13.5,20.0,28065.0,5043.0,22803.0,3771.0,0.81,0.0,0.75,0.0,40.0061797752809,0,11.0,15.0,12.0,11.0,0.0,0.0,0.0,0.0
PA,2021-07-24,2021,29,50,14.0,0.0,13.0,1.0,21.5,11.0,13.5,20.0,28398.0,5052.0,23051.0,3783.0,0.81,0.0,0.75,0.0,40.0061797752809,0,13.0,11.0,10.0,10.0,0.0,0.0,0.0,0.0
PA,2021-07-31,2021,30,51,13.0,1.0,14.0,1.0,21.5,11.0,13.5,20.0,28418.0,5053.0,23183.0,3833.0,0.82,0.0,0.76,0.0,40.0061797752809,0,14.0,13.0,15.0,11.0,0.0,0.0,0.0,0.0
PA,2021-08-07,2021,31,52,19.0,1.0,17.0,1.0,21.5,11.0,13.5,20.0,28012.0,5040.0,22741.0,3804.0,0.81,0.0,0.75,0.0,40.0061797752809,0,13.0,14.0,11.0,13.0,0.0,0.0,0.0,0.0
PA,2021-08-14,2021,32,53,11.0,1.0,8.0,1.0,21.5,11.0,13.5,20.0,27713.0,4992.0,22725.0,3772.0,0.82,0.0,0.76,0.0,40.0061797752809,0,19.0,13.0,13.0,12.0,0.0,0.0,0.0,0.0
PA,2021-08-21,2021,33,54,9.0,1.0,9.0,1.0,21.5,11.0,13.5,20.0,27696.0,4977.0,22805.0,3803.0,0.82,0.0,0.76,0.0,40.0061797752809,0,11.0,19.0,14.0,10.0,0.0,0.0,0.0,0.0
PA,2021-08-28,2021,34,55,9.0,1.0,10.0,1.0,21.5,11.0,13.5,20.0,27867.0,4971.0,23140.0,3872.0,0.83,0.0,0.78,0.0,40.0061797752809,0,9.0,11.0,13.0,15.0,0.0,0.0,0.0,0.0
PA,2021-09-04,2021,35,56,17.0,4.0,17.0,1.0,21.5,11.0,13.5,20.0,27816.0,5040.0,22898.0,3905.0,0.82,0.0,0.77,0.0,40.0061797752809,0,9.0,9.0,19.0,11.0,0.0,0.0,0.0,0.0
PA,2021-09-11,2021,36,57,13.0,3.0,13.0,1.0,21.5,11.0,13.5,20.0,27750.0,5012.0,22893.0,3897.0,0.82,0.0,0.78,0.0,40.0061797752809,0,17.0,9.0,11.0,13.0,0.0,0.0,0.0,0.0
PA,2021-09-18,2021,37,58,11.0,3.0,12.0,1.0,21.5,11.0,13.5,20.0,27863.0,4992.0,23611.0,3980.0,0.85,0.0,0.8,0.0,40.0061797752809,0,13.0,17.0,9.0,14.0,0.0,0.0,0.0,0.0
PA,2021-09-25,2021,38,59,7.0,2.0,9.0,1.0,21.5,11.0,13.5,20.0,27788.0,4958.0,23537.0,3963.0,0.85,0.0,0.8,0.0,40.0061797752809,0,11.0,13.0,9.0,13.0,0.0,0.0,0.0,0.0
PA,2021-10-02,2021,39,60,15.0,5.0,20.0,1.0,21.5,11.0,13.5,20.0,27822.0,4975.0,23470.0,3962.0,0.84,0.0,0.8,0.0,40.0061797752809,0,7.0,11.0,17.0,19.0,0.0,0.0,0.0,0.0
PA,2021-10-09,2021,40,61,19.0,4.0,18.0,1.0,21.5,11.0,13.5,20.0,27999.0,5000.0,23629.0,4000.0,0.84,0.0,0.8,0.0,40.0061797752809,0,15.0,7.0,13.0,11.0,0.0,0.0,0.0,0.0
PA,2021-10-16,2021,41,62,19.0,2.0,21.0,1.0,21.5,11.0,13.5,20.0,27781.0,4992.0,23618.0,4054.0,0.85,0.0,0.81,0.0,40.0061797752809,0,19.0,15.0,11.0,9.0,0.0,0.0,0.0,0.0
PA,2021-10-23,2021,42,63,16.0,1.0,22.0,1.0,21.5,11.0,13.5,20.0,28026.0,5005.0,23837.0,4022.0,0.85,0.0,0.8,0.0,40.0061797752809,0,19.0,19.0,7.0,9.0,0.0,0.0,0.0,0.0
PA,2021-10-30,2021,43,64,14.0,2.0,18.0,1.0,21.5,11.0,13.5,20.0,27776.0,4956.0,23583.0,4000.0,0.85,0.0,0.81,0.0,40.0061797752809,0,16.0,19.0,15.0,17.0,0.0,0.0,0.0,0.0
PA,2021-11-06,2021,44,65,11.0,2.0,14.0,1.0,21.5,11.0,13.5,20.0,27716.0,4994.0,23384.0,4006.0,0.84,0.0,0.8,0.0,40.0061797752809,0,14.0,16.0,19.0,13.0,0.0,0.0,0.0,0.0
PA,2021-11-13,2021,45,66,16.0,3.0,15.0,1.0,21.5,11.0,13.5,20.0,27663.0,4928.0,23639.0,3978.0,0.85,0.0,0.81,0.0,40.0061797752809,0,11.0,14.0,19.0,11.0,0.0,0.0,0.0,0.0
PA,2021-11-20,2021,46,67,21.0,4.0,24.0,1.0,21.5,11.0,13.5,20.0,28049.0,4956.0,23905.0,4019.0,0.85,0.0,0.81,0.0,40.0061797752809,0,16.0,11.0,16.0,7.0,0.0,0.0,0.0,0.0
PA,2021-11-27,2021,47,68,21.0,6.0,22.0,1.0,21.5,11.0,13.5,20.0,27844.0,4984.0,23220.0,3999.0,0.83,0.0,0.8,0.0,40.0061797752809,0,21.0,16.0,14.0,15.0,0.0,0.0,0.0,0.0
PA,2021-12-04,2021,48,69,40.0,8.0,54.0,1.0,21.5,11.0,13.5,20.0,27989.0,5049.0,24011.0,4127.0,0.86,0.0,0.82,0.0,40.0061797752809,0,21.0,21.0,11.0,19.0,0.0,0.0,0.0,0.0
PA,2021-12-11,2021,49,70,54.0,10.0,77.0,1.0,21.5,11.0,13.5,20.0,27926.0,4991.0,24193.0,4119.0,0.87,0.0,0.83,0.0,40.0061797752809,0,40.0,21.0,16.0,19.0,0.0,0.0,0.0,0.0
PA,2021-12-18,2021,50,71,59.0,10.0,79.0,1.0,21.5,11.0,13.5,20.0,28093.0,4969.0,24286.0,4122.0,0.86,0.0,0.83,0.0,40.0061797752809,0,54.0,40.0,21.0,16.0,0.0,0.0,0.0,0.0
PA,2021-12-25,2021,51,72,64.0,9.0,86.0,1.0,21.5,11.0,13.5,20.0,27937.0,4951.0,23103.0,3985.0,0.83,0.0,0.8,0.0,40.0061797752809,0,59.0,54.0,21.0,14.0,0.0,0.0,0.0,0.0
PA,2022-01-01,2022,52,73,69.0,6.0,112.0,1.0,21.5,11.0,13.5,20.0,27787.0,4927.0,22924.0,3914.0,0.82,0.0,0.79,0.0,43.41142857142857,0,64.0,59.0,40.0,11.0,0.0,0.0,0.0,0.0
PA,2022-01-08,2022,1,74,72.0,8.0,88.0,1.0,21.5,11.0,13.5,20.0,27985.0,4974.0,24038.0,4089.0,0.86,0.0,0.82,0.0,43.41142857142857,0,69.0,64.0,54.0,16.0,0.0,0.0,0.0,0.0
PA,2022-01-15,2022,2,75,58.0,11.0,59.0,1.0,21.5,11.0,13.5,20.0,28449.0,4991.0,24479.0,4166.0,0.86,0.0,0.83,0.0,43.41142857142857,0,72.0,69.0,59.0,21.0,0.0,0.0,0.0,0.0
PA,2022-01-22,2022,3,76,40.0,6.0,39.0,1.0,21.5,11.0,13.5,20.0,28502.0,5029.0,24314.0,4138.0,0.85,0.0,0.82,0.0,43.41142857142857,0,58.0,72.0,64.0,21.0,0.0,0.0,0.0,0.0
PA,2022-01-29,2022,4,77,24.0,4.0,30.0,1.0,21.5,11.0,13.5,20.0,28244.0,4996.0,24103.0,4093.0,0.85,0.0,0.82,0.0,43.41142857142857,0,40.0,58.0,69.0,40.0,0.0,0.0,0.0,0.0
PA,2022-02-05,2022,5,78,27.0,6.0,35.0,1.0,21.5,11.0,13.5,20.0,28258.0,4992.0,23624.0,3976.0,0.84,0.0,0.8,0.0,43.41142857142857,0,24.0,40.0,72.0,54.0,0.0,0.0,0.0,0.0
PA,2022-02-12,2022,6,79,30.0,5.0,50.0,1.0,21.5,11.0,13.5,20.0,28327.0,4938.0,23524.0,3907.0,0.83,0.0,0.79,0.0,43.41142857142857,0,27.0,24.0,58.0,59.0,0.0,0.0,0.0,0.0
PA,2022-02-19,2022,7,80,37.0,1.0,88.0,1.0,21.5,11.0,13.5,20.0,28330.0,4976.0,23602.0,3873.0,0.83,0.0,0.78,0.0,43.41142857142857,0,30.0,27.0,40.0,64.0,0.0,0.0,0.0,0.0
PA,2022-02-26,2022,8,81,38.0,1.0,77.0,1.0,21.5,11.0,13.5,20.0,27767.0,4951.0,22941.0,3801.0,0.83,0.0,0.77,0.0,43.41142857142857,0,37.0,30.0,24.0,69.0,0.0,0.0,0.0,0.0
PA,2022-03-05,2022,9,82,41.0,2.0,68.0,1.0,21.5,11.0,13.5,20.0,27835.0,4932.0,22784.0,3760.0,0.82,0.0,0.76,0.0,43.41142857142857,0,38.0,37.0,27.0,72.0,0.0,0.0,0.0,0.0
PA,2022-03-12,2022,10,83,48.0,4.0,79.0,1.0,21.5,11.0,13.5,20.0,27819.0,4878.0,22489.0,3697.0,0.81,0.0,0.76,0.0,43.41142857142857,0,41.0,38.0,30.0,58.0,0.0,0.0,0.0,0.0
PA,2022-03-19,2022,11,84,65.0,9.0,101.0,1.0,21.5,11.0,13.5,20.0,27968.0,4852.0,22475.0,3638.0,0.8,0.0,0.75,0.0,43.41142857142857,0,48.0,41.0,37.0,40.0,0.0,0.0,0.0,0.0
PA,2022-03-26,2022,12,85,67.0,7.0,109.0,1.0,21.5,11.0,13.5,20.0,28216.0,4933.0,22738.0,3694.0,0.81,0.0,0.75,0.0,43.41142857142857,0,65.0,48.0,38.0,24.0,0.0,0.0,0.0,0.0
PA,2022-04-02,2022,13,86,73.0,9.0,140.0,1.0,21.5,11.0,13.5,20.0,27961.0,4847.0,22257.0,3590.0,0.8,0.0,0.74,0.0,43.41142857142857,0,67.0,65.0,41.0,27.0,0.0,0.0,0.0,0.0
PA,2022-04-09,2022,14,87,100.0,13.0,183.0,1.0,21.5,11.0,13.5,20.0,27828.0,4800.0,22253.0,3585.0,0.8,0.0,0.75,0.0,43.41142857142857,0,73.0,67.0,48.0,30.0,0.0,0.0,0.0,0.0
PA,2022-04-16,2022,15,88,120.0,17.0,189.0,1.0,21.5,11.0,13.5,20.0,27914.0,4834.0,22180.0,3587.0,0.79,0.0,0.74,0.0,43.41142857142857,0,100.0,73.0,65.0,37.0,0.0,0.0,0.0,0.0
PA,2022-04-23,2022,16,89,116.0,14.0,200.0,1.0,21.5,11.0,13.5,20.0,27652.0,4858.0,21887.0,3584.0,0.79,0.0,0.74,0.0,43.41142857142857,0,120.0,100.0,67.0,38.0,0.0,0.0,0.0,0.0
PA,2022-04-30,2022,17,90,111.0,13.0,160.0,1.0,21.5,11.0,13.5,20.0,27849.0,4906.0,22513.0,3629.0,0.81,0.0,0.74,0.0,43.41142857142857,0,116.0,120.0,73.0,41.0,0.0,0.0,0.0,0.0
PA,2022-05-07,2022,18,91,99.0,10.0,149.0,1.0,21.5,11.0,13.5,20.0,27548.0,4901.0,22365.0,3637.0,0.81,0.0,0.74,0.0,43.41142857142857,0,111.0,116.0,100.0,48.0,0.0,0.0,0.0,0.0
PA,2022-05-14,2022,19,92,98.0,12.0,179.0,1.0,21.5,11.0,13.5,20.0,27650.0,4952.0,22514.0,3720.0,0.81,0.0,0.75,0.0,43.41142857142857,0,99.0,111.0,120.0,65.0,0.0,0.0,0.0,0.0
PA,2022-05-21,2022,20,93,77.0,7.0,158.0,1.0,21.5,11.0,13.5,20.0,27683.0,4897.0,22643.0,3722.0,0.82,0.0,0.76,0.0,43.41142857142857,0,98.0,99.0,116.0,67.0,0.0,0.0,0.0,0.0
PA,2022-05-28,2022,21,94,52.0,9.0,83.0,1.0,21.5,11.0,13.5,20.0,27826.0,4909.0,22482.0,3725.0,0.81,0.0,0.76,0.0,43.41142857142857,0,77.0,98.0,111.0,73.0,0.0,0.0,0.0,0.0
PA,2022-06-04,2022,22,95,41.0,4.0,64.0,1.0,21.5,11.0,13.5,20.0,28074.0,4913.0,22337.0,3682.0,0.8,0.0,0.75,0.0,43.41142857142857,0,52.0,77.0,99.0,100.0,0.0,0.0,0.0,0.0
PA,2022-06-11,2022,23,96,37.0,6.0,49.0,1.0,21.5,11.0,13.5,20.0,27817.0,4891.0,22673.0,3709.0,0.82,0.0,0.76,0.0,43.41142857142857,0,41.0,52.0,98.0,120.0,0.0,0.0,0.0,0.0
PA,2022-06-18,2022,24,97,34.0,7.0,40.0,1.0,21.5,11.0,13.5,20.0,27780.0,4921.0,22445.0,3692.0,0.81,0.0,0.75,0.0,43.41142857142857,0,37.0,41.0,77.0,116.0,0.0,0.0,0.0,0.0
PA,2022-06-25,2022,25,98,25.0,4.0,35.0,1.0,21.5,11.0,13.5,20.0,27702.0,4943.0,22419.0,3683.0,0.81,0.0,0.74,0.0,43.41142857142857,0,34.0,37.0,52.0,111.0,0.0,0.0,0.0,0.0
PA,2022-07-02,2022,26,99,24.0,5.0,35.0,1.0,21.5,11.0,13.5,20.0,27945.0,4940.0,22476.0,3676.0,0.8,0.0,0.74,0.0,43.41142857142857,0,25.0,34.0,41.0,99.0,0.0,0.0,0.0,0.0
PA,2022-07-09,2022,27,100,22.0,3.0,32.0,1.0,21.5,11.0,13.5,20.0,28020.0,4939.0,22236.0,3716.0,0.79,0.0,0.75,0.0,43.41142857142857,0,24.0,25.0,37.0,98.0,0.0,0.0,0.0,0.0
PA,2022-07-16,2022,28,101,25.0,4.0,21.0,1.0,21.5,11.0,13.5,20.0,29847.0,4504.0,22976.0,3372.0,0.77,0.0,0.75,0.0,43.41142857142857,0,22.0,24.0,34.0,77.0,0.0,0.0,0.0,0.0
PA,2022-07-23,2022,29,102,17.0,3.0,28.0,1.0,21.5,11.0,13.5,20.0,29505.0,4451.0,22764.0,3313.0,0.77,0.0,0.74,0.0,43.41142857142857,0,25.0,22.0,25.0,52.0,0.0,0.0,0.0,0.0
PA,2022-07-30,2022,30,103,19.0,1.0,26.0,1.0,21.5,11.0,13.5,20.0,29748.0,4470.0,22818.0,3337.0,0.77,0.0,0.75,0.0,43.41142857142857,0,17.0,25.0,24.0,41.0,0.0,0.0,0.0,0.0
PA,2022-08-06,2022,31,104,17.0,2.0,23.0,1.0,21.5,11.0,13.5,20.0,29896.0,4466.0,22717.0,3311.0,0.76,0.0,0.74,0.0,43.41142857142857,0,19.0,17.0,22.0,37.0,0.0,0.0,0.0,0.0
PA,2022-08-13,2022,32,105,18.0,1.0,27.0,1.0,21.5,11.0,13.5,20.0,30117.0,4569.0,23006.0,3343.0,0.76,0.0,0.73,0.0,43.41142857142857,0,17.0,19.0,25.0,34.0,0.0,0.0,0.0,0.0
PA,2022-08-20,2022,33,106,22.0,2.0,38.0,1.0,21.5,11.0,13.5,20.0,29576.0,4420.0,22684.0,3296.0,0.77,0.0,0.75,0.0,43.41142857142857,0,18.0,17.0,17.0,25.0,0.0,0.0,0.0,0.0
PA,2022-08-27,2022,34,107,15.0,1.0,23.0,1.0,21.5,11.0,13.5,20.0,29731.0,4421.0,22856.0,3323.0,0.77,0.0,0.75,0.0,43.41142857142857,0,22.0,18.0,19.0,24.0,0.0,0.0,0.0,0.0
PA,2022-09-03,2022,35,108,13.0,1.0,29.0,1.0,21.5,11.0,13.5,20.0,29872.0,4425.0,22796.0,3282.0,0.76,0.0,0.74,0.0,43.41142857142857,0,15.0,22.0,17.0,22.0,0.0,0.0,0.0,0.0
PA,2022-09-10,2022,36,109,19.0,1.0,37.0,1.0,21.5,11.0,13.5,20.0,29938.0,4417.0,22806.0,3273.0,0.76,0.0,0.74,0.0,43.41142857142857,0,13.0,15.0,18.0,25.0,0.0,0.0,0.0,0.0
PA,2022-09-17,2022,37,110,17.0,3.0,32.0,1.0,21.5,11.0,13.5,20.0,29774.0,4424.0,23298.0,3346.0,0.78,0.0,0.76,0.0,43.41142857142857,0,19.0,13.0,22.0,17.0,0.0,0.0,0.0,0.0
PA,2022-09-24,2022,38,111,14.0,1.0,34.0,1.0,21.5,11.0,13.5,20.0,29602.0,4397.0,22867.0,3324.0,0.77,0.0,0.76,0.0,43.41142857142857,0,17.0,19.0,15.0,19.0,0.0,0.0,0.0,0.0
PA,2022-10-01,2022,39,112,19.0,2.0,45.0,1.0,21.5,11.0,13.5,20.0,29817.0,4419.0,23146.0,3383.0,0.78,0.0,0.77,0.0,43.41142857142857,0,14.0,17.0,13.0,17.0,0.0,0.0,0.0,0.0
PA,2022-10-08,2022,40,113,31.0,2.0,58.0,1.0,21.5,11.0,13.5,20.0,29630.0,4408.0,23142.0,3353.0,0.78,0.0,0.76,0.0,43.41142857142857,0,19.0,14.0,19.0,18.0,0.0,0.0,0.0,0.0
PA,2022-10-15,2022,41,114,28.0,2.0,77.0,1.0,21.5,11.0,13.5,20.0,29681.0,4413.0,23312.0,3394.0,0.79,0.0,0.77,0.0,43.41142857142857,0,31.0,19.0,17.0,22.0,0.0,0.0,0.0,0.0
PA,2022-10-22,2022,42,115,31.0,4.0,91.0,1.0,21.5,11.0,13.5,20.0,29715.0,4414.0,23468.0,3405.0,0.79,0.0,0.77,0.0,43.41142857142857,0,28.0,31.0,14.0,15.0,0.0,0.0,0.0,0.0
PA,2022-10-29,2022,43,116,52.0,6.0,166.0,1.0,21.5,11.0,13.5,20.0,30131.0,4458.0,23521.0,3386.0,0.78,0.0,0.76,0.0,43.41142857142857,0,31.0,28.0,19.0,13.0,0.0,0.0,0.0,0.0
PA,2022-11-05,2022,44,117,86.0,12.0,228.0,1.0,21.5,11.0,13.5,20.0,30065.0,4474.0,23411.0,3494.0,0.78,0.0,0.78,0.0,43.41142857142857,0,52.0,31.0,31.0,19.0,0.0,0.0,0.0,0.0
PA,2022-11-12,2022,45,118,143.0,14.0,345.0,1.0,21.5,11.0,13.5,20.0,30072.0,4479.0,23578.0,3506.0,0.78,0.0,0.78,0.0,43.41142857142857,0,86.0,52.0,28.0,17.0,0.0,0.0,0.0,0.0
PA,2022-11-19,2022,46,119,203.0,27.0,408.0,1.0,21.5,11.0,13.5,20.0,30141.0,4479.0,23462.0,3508.0,0.78,0.01,0.78,0.01,43.41142857142857,0,143.0,86.0,31.0,14.0,0.0,0.0,0.0,0.0
PA,2022-11-26,2022,47,120,317.0,44.0,701.0,1.0,21.5,11.0,13.5,20.0,29970.0,4448.0,22528.0,3422.0,0.75,0.01,0.77,0.01,43.41142857142857,1,203.0,143.0,52.0,19.0,0.01,0.0,0.0,0.0
PA,2022-12-03,2022,48,121,742.0,101.0,1299.0,1.0,21.5,11.0,13.5,20.0,30134.0,4464.0,23833.0,3578.0,0.79,0.02,0.8,0.02,43.41142857142857,1,317.0,203.0,86.0,31.0,0.01,0.01,0.0,0.0
PA,2022-12-10,2022,49,122,828.0,120.0,1186.0,1.0,21.5,11.0,13.5,20.0,30151.0,4467.0,24037.0,3581.0,0.8,0.03,0.8,0.03,43.41142857142857,1,742.0,317.0,143.0,28.0,0.02,0.01,0.0,0.0
PA,2022-12-17,2022,50,123,749.0,109.0,1045.0,1.0,21.5,11.0,13.5,20.0,30948.0,4604.0,24206.0,3608.0,0.78,0.02,0.78,0.02,43.41142857142857,1,828.0,742.0,203.0,31.0,0.03,0.02,0.01,0.0
PA,2022-12-24,2022,51,124,723.0,100.0,1047.0,1.0,21.5,11.0,13.5,20.0,30297.0,4509.0,23198.0,3466.0,0.77,0.02,0.77,0.02,43.41142857142857,1,749.0,828.0,317.0,52.0,0.02,0.03,0.01,0.0
PA,2022-12-31,2022,52,125,718.0,93.0,1101.0,1.0,21.5,11.0,13.5,20.0,29940.0,4468.0,22321.0,3379.0,0.75,0.02,0.76,0.02,43.41142857142857,1,723.0,749.0,742.0,86.0,0.02,0.02,0.02,0.0
RI,2020-10-03,2020,40,8,1.0,0.0,0.0,0.0,0.0,0.0,0.0,0.0,2138.0,274.0,2084.0,232.0,0.98,0.0,0.85,0.0,47.45808080808081,0,1.0,1.0,1.0,1.0,0.0,0.0,0.0,0.0
RI,2020-10-10,2020,41,9,1.0,0.0,0.0,0.0,0.0,0.0,0.0,0.0,2172.0,279.0,2095.0,230.0,0.96,0.0,0.82,0.0,47.45808080808081,0,1.0,1.0,1.0,1.0,0.0,0.0,0.0,0.0
RI,2020-10-17,2020,42,10,1.0,0.0,0.0,0.0,0.0,0.0,0.0,0.0,2205.0,284.0,1866.0,223.0,0.85,0.0,0.79,0.0,47.45808080808081,0,1.0,1.0,1.0,1.0,0.0,0.0,0.0,0.0
RI,2020-10-24,2020,43,11,1.0,0.0,2.0,0.0,0.0,0.0,0.0,0.0,2356.0,310.0,2039.0,247.0,0.87,0.0,0.8,0.0,47.45808080808081,0,1.0,1.0,1.0,1.0,0.0,0.0,0.0,0.0
RI,2020-10-31,2020,44,12,1.0,0.0,3.0,0.0,0.0,0.0,0.0,0.0,2334.0,307.0,1981.0,231.0,0.85,0.0,0.75,0.0,47.45808080808081,0,1.0,1.0,1.0,1.0,0.0,0.0,0.0,0.0
RI,2020-11-07,2020,45,13,1.0,1.0,2.0,0.0,0.0,0.0,0.0,0.0,2021.0,264.0,1696.0,203.0,0.84,0.0,0.77,0.0,47.45808080808081,0,1.0,1.0,1.0,1.0,0.0,0.0,0.0,0.0
RI,2020-11-14,2020,46,14,0.0,0.0,0.0,0.0,0.0,0.0,0.0,0.0,2316.0,303.0,1999.0,239.0,0.86,0.0,0.79,0.0,47.45808080808081,0,1.0,1.0,1.0,1.0,0.0,0.0,0.0,0.0
RI,2020-11-21,2020,47,15,2.0,0.0,0.0,0.0,0.0,0.0,0.0,0.0,2864.0,370.0,2520.0,285.0,0.88,0.0,0.77,0.0,47.45808080808081,0,0.0,1.0,1.0,1.0,0.0,0.0,0.0,0.0
RI,2020-11-28,2020,48,16,0.0,0.0,0.0,0.0,0.0,0.0,0.0,0.0,2350.0,304.0,2033.0,234.0,0.87,0.0,0.77,0.0,47.45808080808081,0,2.0,0.0,1.0,1.0,0.0,0.0,0.0,0.0
RI,2020-12-05,2020,49,17,0.0,0.0,0.0,0.0,0.0,0.0,0.0,0.0,3251.0,419.0,2859.0,333.0,0.88,0.0,0.8,0.0,47.45808080808081,0,0.0,2.0,1.0,1.0,0.0,0.0,0.0,0.0
RI,2020-12-12,2020,50,18,0.0,0.0,0.0,0.0,0.0,0.0,0.0,0.0,2694.0,350.0,2340.0,265.0,0.87,0.0,0.76,0.0,47.45808080808081,0,0.0,0.0,0.0,1.0,0.0,0.0,0.0,0.0
RI,2020-12-19,2020,51,19,0.0,0.0,0.0,0.0,0.0,0.0,0.0,0.0,2403.0,289.0,2254.0,221.0,0.94,0.0,0.77,0.0,47.45808080808081,0,0.0,0.0,2.0,1.0,0.0,0.0,0.0,0.0
RI,2020-12-26,2020,52,20,0.0,0.0,0.0,0.0,0.0,0.0,0.0,0.0,3615.0,416.0,3213.0,349.0,0.89,0.0,0.84,0.0,47.45808080808081,0,0.0,0.0,0.0,1.0,0.0,0.0,0.0,0.0
RI,2021-01-02,2021,53,21,0.0,0.0,0.0,0.0,0.0,0.0,0.0,0.0,2937.0,331.0,2627.0,269.0,0.89,0.0,0.81,0.0,45.61388888888889,0,0.0,0.0,0.0,1.0,0.0,0.0,0.0,0.0
RI,2021-01-09,2021,1,22,0.0,0.0,0.0,0.0,0.0,0.0,0.0,0.0,2313.0,264.0,2093.0,210.0,0.9,0.0,0.79,0.0,45.61388888888889,0,0.0,0.0,0.0,0.0,0.0,0.0,0.0,0.0
RI,2021-01-16,2021,2,23,0.0,0.0,0.0,0.0,0.0,0.0,0.0,0.0,2275.0,266.0,2086.0,212.0,0.92,0.0,0.8,0.0,45.61388888888889,0,0.0,0.0,0.0,2.0,0.0,0.0,0.0,0.0
RI,2021-01-23,2021,3,24,0.0,0.0,0.0,0.0,0.0,0.0,0.0,0.0,2050.0,269.0,2011.0,214.0,0.98,0.0,0.8,0.0,45.61388888888889,0,0.0,0.0,0.0,0.0,0.0,0.0,0.0,0.0
RI,2021-01-30,2021,4,25,0.0,0.0,0.0,0.0,0.0,0.0,0.0,0.0,2037.0,265.0,2037.0,213.0,1.04,0.0,0.8,0.0,45.61388888888889,0,0.0,0.0,0.0,0.0,0.0,0.0,0.0,0.0
RI,2021-02-06,2021,5,26,0.0,0.0,0.0,0.0,0.0,0.0,0.0,0.0,2052.0,262.0,2052.0,214.0,1.02,0.0,0.82,0.0,45.61388888888889,0,0.0,0.0,0.0,0.0,0.0,0.0,0.0,0.0
RI,2021-02-13,2021,6,27,0.0,0.0,0.0,0.0,0.0,0.0,0.0,0.0,2013.0,262.0,2013.0,211.0,1.02,0.0,0.8,0.0,45.61388888888889,0,0.0,0.0,0.0,0.0,0.0,0.0,0.0,0.0
RI,2021-02-20,2021,7,28,1.0,0.0,0.0,0.0,0.0,0.0,0.0,0.0,2031.0,268.0,2019.0,209.0,0.99,0.0,0.78,0.0,45.61388888888889,0,0.0,0.0,0.0,0.0,0.0,0.0,0.0,0.0
RI,2021-02-27,2021,8,29,0.0,0.0,0.0,0.0,0.0,0.0,0.0,0.0,2140.0,266.0,2053.0,208.0,0.96,0.0,0.78,0.0,45.61388888888889,0,1.0,0.0,0.0,0.0,0.0,0.0,0.0,0.0
RI,2021-03-06,2021,9,30,1.0,0.0,0.0,0.0,0.0,0.0,0.0,0.0,2205.0,269.0,2017.0,207.0,0.91,0.0,0.77,0.0,45.61388888888889,0,0.0,1.0,0.0,0.0,0.0,0.0,0.0,0.0
RI,2021-03-13,2021,10,31,1.0,0.0,0.0,0.0,0.0,0.0,0.0,0.0,2213.0,270.0,2049.0,211.0,0.93,0.0,0.78,0.0,45.61388888888889,0,1.0,0.0,0.0,0.0,0.0,0.0,0.0,0.0
RI,2021-03-20,2021,11,32,1.0,0.0,0.0,0.0,0.0,0.0,0.0,0.0,2143.0,267.0,1920.0,199.0,0.9,0.0,0.74,0.0,45.61388888888889,0,1.0,1.0,1.0,0.0,0.0,0.0,0.0,0.0
RI,2021-03-27,2021,12,33,1.0,0.0,0.0,0.0,0.0,0.0,0.0,0.0,2199.0,264.0,2013.0,197.0,0.92,0.0,0.75,0.0,45.61388888888889,0,1.0,1.0,0.0,0.0,0.0,0.0,0.0,0.0
RI,2021-04-03,2021,13,34,1.0,0.0,0.0,0.0,0.0,0.0,0.0,0.0,2247.0,270.0,2007.0,216.0,0.89,0.0,0.8,0.0,45.61388888888889,0,1.0,1.0,1.0,0.0,0.0,0.0,0.0,0.0
RI,2021-04-10,2021,14,35,1.0,0.0,0.0,0.0,0.0,0.0,0.0,0.0,2291.0,271.0,2007.0,216.0,0.88,0.0,0.8,0.0,45.61388888888889,0,1.0,1.0,1.0,0.0,0.0,0.0,0.0,0.0
RI,2021-04-17,2021,15,36,1.0,0.0,0.0,0.0,0.0,0.0,0.0,0.0,2216.0,270.0,1961.0,219.0,0.88,0.0,0.81,0.0,45.61388888888889,0,1.0,1.0,1.0,1.0,0.0,0.0,0.0,0.0
RI,2021-04-24,2021,16,37,1.0,0.0,0.0,0.0,0.0,0.0,0.0,0.0,2314.0,268.0,2093.0,223.0,0.9,0.0,0.83,0.0,45.61388888888889,0,1.0,1.0,1.0,0.0,0.0,0.0,0.0,0.0
RI,2021-05-01,2021,17,38,1.0,0.0,0.0,0.0,0.0,0.0,0.0,0.0,2229.0,267.0,1973.0,210.0,0.88,0.0,0.79,0.0,45.61388888888889,0,1.0,1.0,1.0,1.0,0.0,0.0,0.0,0.0
RI,2021-05-08,2021,18,39,1.0,0.0,0.0,0.0,0.0,0.0,0.0,0.0,2311.0,264.0,2071.0,216.0,0.9,0.0,0.82,0.0,45.61388888888889,0,1.0,1.0,1.0,1.0,0.0,0.0,0.0,0.0
RI,2021-05-15,2021,19,40,1.0,0.0,0.0,0.0,0.0,0.0,0.0,0.0,2243.0,269.0,2017.0,214.0,0.9,0.0,0.8,0.0,45.61388888888889,0,1.0,1.0,1.0,1.0,0.0,0.0,0.0,0.0
RI,2021-05-22,2021,20,41,1.0,0.0,0.0,0.0,0.0,0.0,0.0,0.0,2279.0,265.0,2038.0,210.0,0.89,0.0,0.79,0.0,45.61388888888889,0,1.0,1.0,1.0,1.0,0.0,0.0,0.0,0.0
RI,2021-05-29,2021,21,42,1.0,0.0,0.0,0.0,0.0,0.0,0.0,0.0,2225.0,263.0,1969.0,208.0,0.89,0.0,0.79,0.0,45.61388888888889,0,1.0,1.0,1.0,1.0,0.0,0.0,0.0,0.0
RI,2021-06-05,2021,22,43,2.0,0.0,0.0,0.0,0.0,0.0,0.0,0.0,2310.0,264.0,2040.0,201.0,0.88,0.0,0.76,0.0,45.61388888888889,0,1.0,1.0,1.0,1.0,0.0,0.0,0.0,0.0
RI,2021-06-12,2021,23,44,1.0,0.0,0.0,0.0,0.0,0.0,0.0,0.0,2210.0,260.0,1986.0,202.0,0.9,0.0,0.78,0.0,45.61388888888889,0,2.0,1.0,1.0,1.0,0.0,0.0,0.0,0.0
RI,2021-06-19,2021,24,45,1.0,0.0,0.0,0.0,0.0,0.0,0.0,0.0,2255.0,252.0,2058.0,197.0,0.91,0.0,0.78,0.0,45.61388888888889,0,1.0,2.0,1.0,1.0,0.0,0.0,0.0,0.0
RI,2021-06-26,2021,25,46,1.0,0.0,0.0,0.0,0.0,0.0,0.0,0.0,2245.0,244.0,2018.0,185.0,0.9,0.0,0.76,0.0,45.61388888888889,0,1.0,1.0,1.0,1.0,0.0,0.0,0.0,0.0
RI,2021-07-03,2021,26,47,1.0,0.0,0.0,0.0,0.0,0.0,0.0,0.0,2253.0,249.0,2021.0,187.0,0.9,0.0,0.75,0.0,45.61388888888889,0,1.0,1.0,2.0,1.0,0.0,0.0,0.0,0.0
RI,2021-07-10,2021,27,48,0.0,0.0,0.0,0.0,0.0,0.0,0.0,0.0,1951.0,254.0,1692.0,191.0,0.87,0.0,0.75,0.0,45.61388888888889,0,1.0,1.0,1.0,1.0,0.0,0.0,0.0,0.0
RI,2021-07-17,2021,28,49,0.0,0.0,0.0,0.0,0.0,0.0,0.0,0.0,1994.0,255.0,1725.0,195.0,0.87,0.0,0.77,0.0,45.61388888888889,0,0.0,1.0,1.0,1.0,0.0,0.0,0.0,0.0
RI,2021-07-24,2021,29,50,1.0,0.0,0.0,0.0,0.0,0.0,0.0,0.0,2264.0,245.0,2086.0,207.0,0.92,0.0,0.84,0.0,45.61388888888889,0,0.0,0.0,1.0,1.0,0.0,0.0,0.0,0.0
RI,2021-07-31,2021,30,51,1.0,0.0,0.0,0.0,0.0,0.0,0.0,0.0,2241.0,252.0,1969.0,217.0,0.88,0.0,0.86,0.0,45.61388888888889,0,1.0,0.0,1.0,2.0,0.0,0.0,0.0,0.0
RI,2021-08-07,2021,31,52,0.0,0.0,0.0,0.0,0.0,0.0,0.0,0.0,2215.0,253.0,1894.0,213.0,0.86,0.0,0.84,0.0,45.61388888888889,0,1.0,1.0,0.0,1.0,0.0,0.0,0.0,0.0
RI,2021-08-14,2021,32,53,0.0,0.0,0.0,0.0,0.0,0.0,0.0,0.0,2237.0,246.0,1912.0,203.0,0.85,0.0,0.83,0.0,45.61388888888889,0,0.0,1.0,0.0,1.0,0.0,0.0,0.0,0.0
RI,2021-08-21,2021,33,54,0.0,0.0,0.0,0.0,0.0,0.0,0.0,0.0,2193.0,249.0,1898.0,202.0,0.87,0.0,0.81,0.0,45.61388888888889,0,0.0,0.0,1.0,1.0,0.0,0.0,0.0,0.0
RI,2021-08-28,2021,34,55,0.0,0.0,0.0,0.0,0.0,0.0,0.0,0.0,2198.0,246.0,1908.0,211.0,0.87,0.0,0.85,0.0,45.61388888888889,0,0.0,0.0,1.0,1.0,0.0,0.0,0.0,0.0
RI,2021-09-04,2021,35,56,0.0,0.0,0.0,0.0,0.0,0.0,0.0,0.0,2199.0,248.0,1876.0,208.0,0.85,0.0,0.84,0.0,45.61388888888889,0,0.0,0.0,0.0,0.0,0.0,0.0,0.0,0.0
RI,2021-09-11,2021,36,57,0.0,0.0,0.0,0.0,0.0,0.0,0.0,0.0,2191.0,243.0,1872.0,209.0,0.85,0.0,0.86,0.0,45.61388888888889,0,0.0,0.0,0.0,0.0,0.0,0.0,0.0,0.0
RI,2021-09-18,2021,37,58,0.0,0.0,0.0,0.0,0.0,0.0,0.0,0.0,2220.0,235.0,1938.0,204.0,0.87,0.0,0.87,0.0,45.61388888888889,0,0.0,0.0,0.0,1.0,0.0,0.0,0.0,0.0
RI,2021-09-25,2021,38,59,0.0,0.0,0.0,0.0,0.0,0.0,0.0,0.0,2174.0,238.0,1893.0,202.0,0.87,0.0,0.85,0.0,45.61388888888889,0,0.0,0.0,0.0,1.0,0.0,0.0,0.0,0.0
RI,2021-10-02,2021,39,60,0.0,0.0,0.0,0.0,0.0,0.0,0.0,0.0,2181.0,247.0,1875.0,212.0,0.86,0.0,0.86,0.0,45.61388888888889,0,0.0,0.0,0.0,0.0,0.0,0.0,0.0,0.0
RI,2021-10-09,2021,40,61,0.0,0.0,0.0,0.0,0.0,0.0,0.0,0.0,2165.0,245.0,1844.0,212.0,0.85,0.0,0.87,0.0,45.61388888888889,0,0.0,0.0,0.0,0.0,0.0,0.0,0.0,0.0
RI,2021-10-16,2021,41,62,1.0,0.0,1.0,0.0,0.0,0.0,0.0,0.0,2171.0,238.0,1876.0,207.0,0.86,0.0,0.87,0.0,45.61388888888889,0,0.0,0.0,0.0,0.0,0.0,0.0,0.0,0.0
RI,2021-10-23,2021,42,63,0.0,0.0,0.0,0.0,0.0,0.0,0.0,0.0,2165.0,238.0,1855.0,213.0,0.86,0.0,0.9,0.0,45.61388888888889,0,1.0,0.0,0.0,0.0,0.0,0.0,0.0,0.0
RI,2021-10-30,2021,43,64,0.0,0.0,1.0,0.0,0.0,0.0,0.0,0.0,2132.0,246.0,1805.0,220.0,0.85,0.0,0.9,0.0,45.61388888888889,0,0.0,1.0,0.0,0.0,0.0,0.0,0.0,0.0
RI,2021-11-06,2021,44,65,0.0,0.0,1.0,0.0,0.0,0.0,0.0,0.0,2166.0,241.0,1830.0,214.0,0.84,0.0,0.89,0.0,45.61388888888889,0,0.0,0.0,0.0,0.0,0.0,0.0,0.0,0.0
RI,2021-11-13,2021,45,66,0.0,0.0,0.0,0.0,0.0,0.0,0.0,0.0,2150.0,228.0,1847.0,205.0,0.86,0.0,0.9,0.0,45.61388888888889,0,0.0,0.0,1.0,0.0,0.0,0.0,0.0,0.0
RI,2021-11-20,2021,46,67,0.0,0.0,0.0,0.0,0.0,0.0,0.0,0.0,2176.0,231.0,1874.0,208.0,0.86,0.0,0.9,0.0,45.61388888888889,0,0.0,0.0,0.0,0.0,0.0,0.0,0.0,0.0
RI,2021-11-27,2021,47,68,0.0,0.0,0.0,0.0,0.0,0.0,0.0,0.0,2115.0,222.0,1827.0,199.0,0.86,0.0,0.9,0.0,45.61388888888889,0,0.0,0.0,0.0,0.0,0.0,0.0,0.0,0.0
RI,2021-12-04,2021,48,69,1.0,0.0,3.0,0.0,0.0,0.0,0.0,0.0,2073.0,205.0,1789.0,184.0,0.86,0.0,0.9,0.0,45.61388888888889,0,0.0,0.0,0.0,0.0,0.0,0.0,0.0,0.0
RI,2021-12-11,2021,49,70,0.0,0.0,1.0,0.0,0.0,0.0,0.0,0.0,2131.0,218.0,1845.0,218.0,0.87,0.0,1.05,0.0,45.61388888888889,0,1.0,0.0,0.0,1.0,0.0,0.0,0.0,0.0
RI,2021-12-18,2021,50,71,1.0,0.0,3.0,0.0,0.0,0.0,0.0,0.0,2109.0,230.0,1838.0,210.0,0.87,0.0,0.91,0.0,45.61388888888889,0,0.0,1.0,0.0,0.0,0.0,0.0,0.0,0.0
RI,2021-12-25,2021,51,72,3.0,0.0,4.0,0.0,0.0,0.0,0.0,0.0,2014.0,225.0,1731.0,207.0,0.86,0.0,0.92,0.0,45.61388888888889,0,1.0,0.0,0.0,0.0,0.0,0.0,0.0,0.0
RI,2022-01-01,2022,52,73,2.0,1.0,3.0,0.0,0.0,0.0,0.0,0.0,2016.0,216.0,1725.0,200.0,0.86,0.0,0.93,0.0,46.188202247191015,0,3.0,1.0,1.0,0.0,0.0,0.0,0.0,0.0
RI,2022-01-08,2022,1,74,2.0,0.0,2.0,0.0,0.0,0.0,0.0,0.0,2041.0,214.0,1742.0,186.0,0.85,0.0,0.87,0.0,46.188202247191015,0,2.0,3.0,0.0,0.0,0.0,0.0,0.0,0.0
RI,2022-01-15,2022,2,75,1.0,0.0,1.0,0.0,0.0,0.0,0.0,0.0,2033.0,214.0,1728.0,199.0,0.85,0.0,0.93,0.0,46.188202247191015,0,2.0,2.0,1.0,0.0,0.0,0.0,0.0,0.0
RI,2022-01-22,2022,3,76,1.0,0.0,1.0,0.0,0.0,0.0,0.0,0.0,2067.0,216.0,1773.0,193.0,0.86,0.0,0.89,0.0,46.188202247191015,0,1.0,2.0,3.0,0.0,0.0,0.0,0.0,0.0
RI,2022-01-29,2022,4,77,2.0,0.0,2.0,0.0,0.0,0.0,0.0,0.0,2060.0,214.0,1740.0,193.0,0.84,0.0,0.9,0.0,46.188202247191015,0,1.0,1.0,2.0,1.0,0.0,0.0,0.0,0.0
RI,2022-02-05,2022,5,78,1.0,0.0,0.0,0.0,0.0,0.0,0.0,0.0,2066.0,219.0,1712.0,195.0,0.83,0.0,0.89,0.0,46.188202247191015,0,2.0,1.0,2.0,0.0,0.0,0.0,0.0,0.0
RI,2022-02-12,2022,6,79,1.0,0.0,0.0,0.0,0.0,0.0,0.0,0.0,2069.0,221.0,1686.0,196.0,0.81,0.0,0.89,0.0,46.188202247191015,0,1.0,2.0,1.0,1.0,0.0,0.0,0.0,0.0
RI,2022-02-19,2022,7,80,1.0,0.0,1.0,0.0,0.0,0.0,0.0,0.0,2067.0,218.0,1713.0,192.0,0.83,0.0,0.88,0.0,46.188202247191015,0,1.0,1.0,1.0,3.0,0.0,0.0,0.0,0.0
RI,2022-02-26,2022,8,81,0.0,0.0,0.0,0.0,0.0,0.0,0.0,0.0,2079.0,210.0,1723.0,179.0,0.83,0.0,0.85,0.0,46.188202247191015,0,1.0,1.0,2.0,2.0,0.0,0.0,0.0,0.0
RI,2022-03-05,2022,9,82,1.0,0.0,2.0,0.0,0.0,0.0,0.0,0.0,2043.0,202.0,1688.0,173.0,0.83,0.0,0.86,0.0,46.188202247191015,0,0.0,1.0,1.0,2.0,0.0,0.0,0.0,0.0
RI,2022-03-12,2022,10,83,1.0,0.0,0.0,0.0,0.0,0.0,0.0,0.0,2051.0,206.0,1715.0,179.0,0.84,0.0,0.87,0.0,46.188202247191015,0,1.0,0.0,1.0,1.0,0.0,0.0,0.0,0.0
RI,2022-03-19,2022,11,84,2.0,0.0,1.0,0.0,0.0,0.0,0.0,0.0,2045.0,212.0,1688.0,180.0,0.83,0.0,0.85,0.0,46.188202247191015,0,1.0,1.0,1.0,1.0,0.0,0.0,0.0,0.0
RI,2022-03-26,2022,12,85,4.0,0.0,1.0,0.0,0.0,0.0,0.0,0.0,1742.0,211.0,1489.0,181.0,0.85,0.0,0.86,0.0,46.188202247191015,0,2.0,1.0,0.0,2.0,0.0,0.0,0.0,0.0
RI,2022-04-02,2022,13,86,6.0,0.0,3.0,0.0,0.0,0.0,0.0,0.0,1733.0,215.0,1493.0,184.0,0.86,0.0,0.86,0.0,46.188202247191015,0,4.0,2.0,1.0,1.0,0.0,0.0,0.0,0.0
RI,2022-04-09,2022,14,87,7.0,1.0,5.0,0.0,0.0,0.0,0.0,0.0,1730.0,207.0,1490.0,178.0,0.86,0.0,0.86,0.0,46.188202247191015,0,6.0,4.0,1.0,1.0,0.0,0.0,0.0,0.0
RI,2022-04-16,2022,15,88,8.0,0.0,9.0,0.0,0.0,0.0,0.0,0.0,1741.0,212.0,1492.0,184.0,0.86,0.0,0.86,0.0,46.188202247191015,0,7.0,6.0,2.0,1.0,0.0,0.0,0.0,0.0
RI,2022-04-23,2022,16,89,10.0,0.0,10.0,0.0,0.0,0.0,0.0,0.0,1730.0,223.0,1501.0,190.0,0.87,0.01,0.85,0.0,46.188202247191015,0,8.0,7.0,4.0,0.0,0.0,0.0,0.0,0.0
RI,2022-04-30,2022,17,90,11.0,0.0,5.0,0.0,0.0,0.0,0.0,0.0,1743.0,228.0,1535.0,194.0,0.88,0.01,0.85,0.0,46.188202247191015,0,10.0,8.0,6.0,1.0,0.01,0.0,0.0,0.0
RI,2022-05-07,2022,18,91,11.0,1.0,6.0,0.0,0.0,0.0,0.0,0.0,1746.0,231.0,1549.0,200.0,0.89,0.01,0.87,0.0,46.188202247191015,0,11.0,10.0,7.0,1.0,0.01,0.01,0.0,0.0
RI,2022-05-14,2022,19,92,17.0,0.0,8.0,0.0,0.0,0.0,0.0,0.0,1951.0,227.0,1763.0,198.0,0.9,0.01,0.87,0.0,46.188202247191015,0,11.0,11.0,8.0,2.0,0.01,0.01,0.0,0.0
RI,2022-05-21,2022,20,93,14.0,1.0,6.0,0.0,0.0,0.0,0.0,0.0,1755.0,229.0,1576.0,204.0,0.9,0.01,0.89,0.0,46.188202247191015,0,17.0,11.0,10.0,4.0,0.01,0.01,0.01,0.0
RI,2022-05-28,2022,21,94,10.0,1.0,7.0,0.0,0.0,0.0,0.0,0.0,1739.0,227.0,1542.0,192.0,0.89,0.01,0.85,0.0,46.188202247191015,0,14.0,17.0,11.0,6.0,0.01,0.01,0.01,0.0
RI,2022-06-04,2022,22,95,8.0,0.0,6.0,0.0,0.0,0.0,0.0,0.0,1737.0,224.0,1537.0,196.0,0.88,0.0,0.88,0.0,46.188202247191015,0,10.0,14.0,11.0,7.0,0.01,0.01,0.01,0.0
RI,2022-06-11,2022,23,96,7.0,1.0,1.0,0.0,0.0,0.0,0.0,0.0,1987.0,226.0,1785.0,202.0,0.9,0.0,0.89,0.0,46.188202247191015,0,8.0,10.0,17.0,8.0,0.0,0.01,0.01,0.0
RI,2022-06-18,2022,24,97,7.0,0.0,2.0,0.0,0.0,0.0,0.0,0.0,1970.0,224.0,1776.0,200.0,0.9,0.0,0.89,0.0,46.188202247191015,0,7.0,8.0,14.0,10.0,0.0,0.0,0.01,0.01
RI,2022-06-25,2022,25,98,3.0,0.0,1.0,0.0,0.0,0.0,0.0,0.0,1963.0,224.0,1759.0,195.0,0.9,0.0,0.87,0.0,46.188202247191015,0,7.0,7.0,10.0,11.0,0.0,0.0,0.01,0.01
RI,2022-07-02,2022,26,99,1.0,0.0,0.0,0.0,0.0,0.0,0.0,0.0,1975.0,228.0,1767.0,201.0,0.89,0.0,0.88,0.0,46.188202247191015,0,3.0,7.0,8.0,11.0,0.0,0.0,0.0,0.01
RI,2022-07-09,2022,27,100,2.0,1.0,9.0,0.0,0.0,0.0,0.0,0.0,1955.0,228.0,1742.0,196.0,0.89,0.0,0.86,0.01,46.188202247191015,0,1.0,3.0,7.0,17.0,0.0,0.0,0.0,0.01
RI,2022-07-16,2022,28,101,0.0,0.0,1.0,0.0,0.0,0.0,0.0,0.0,1958.0,226.0,1713.0,199.0,0.87,0.0,0.88,0.0,46.188202247191015,0,2.0,1.0,7.0,14.0,0.0,0.0,0.0,0.01
RI,2022-07-23,2022,29,102,1.0,0.0,0.0,0.0,0.0,0.0,0.0,0.0,1992.0,230.0,1792.0,202.0,0.9,0.0,0.88,0.0,46.188202247191015,0,0.0,2.0,3.0,10.0,0.0,0.0,0.0,0.01
RI,2022-07-30,2022,30,103,1.0,0.0,0.0,0.0,0.0,0.0,0.0,0.0,1994.0,226.0,1771.0,196.0,0.89,0.0,0.87,0.0,46.188202247191015,0,1.0,0.0,1.0,8.0,0.0,0.0,0.0,0.0
RI,2022-08-06,2022,31,104,1.0,0.0,0.0,0.0,0.0,0.0,0.0,0.0,1989.0,228.0,1763.0,198.0,0.89,0.0,0.87,0.0,46.188202247191015,0,1.0,1.0,2.0,7.0,0.0,0.0,0.0,0.0
RI,2022-08-13,2022,32,105,1.0,0.0,0.0,0.0,0.0,0.0,0.0,0.0,2023.0,241.0,1767.0,200.0,0.87,0.0,0.83,0.0,46.188202247191015,0,1.0,1.0,0.0,7.0,0.0,0.0,0.0,0.0
RI,2022-08-20,2022,33,106,0.0,0.0,0.0,0.0,0.0,0.0,0.0,0.0,2009.0,238.0,1761.0,198.0,0.88,0.0,0.83,0.0,46.188202247191015,0,1.0,1.0,1.0,3.0,0.0,0.0,0.0,0.0
RI,2022-08-27,2022,34,107,0.0,0.0,0.0,0.0,0.0,0.0,0.0,0.0,2006.0,233.0,1759.0,191.0,0.88,0.0,0.82,0.0,46.188202247191015,0,0.0,1.0,1.0,1.0,0.0,0.0,0.0,0.0
RI,2022-09-03,2022,35,108,0.0,0.0,0.0,0.0,0.0,0.0,0.0,0.0,1978.0,232.0,1737.0,195.0,0.88,0.0,0.84,0.0,46.188202247191015,0,0.0,0.0,1.0,2.0,0.0,0.0,0.0,0.0
RI,2022-09-10,2022,36,109,0.0,0.0,0.0,0.0,0.0,0.0,0.0,0.0,1983.0,234.0,1743.0,202.0,0.88,0.0,0.87,0.0,46.188202247191015,0,0.0,0.0,1.0,0.0,0.0,0.0,0.0,0.0
RI,2022-09-17,2022,37,110,0.0,0.0,0.0,0.0,0.0,0.0,0.0,0.0,2000.0,239.0,1781.0,206.0,0.89,0.0,0.86,0.0,46.188202247191015,0,0.0,0.0,0.0,1.0,0.0,0.0,0.0,0.0
RI,2022-09-24,2022,38,111,0.0,0.0,0.0,0.0,0.0,0.0,0.0,0.0,1993.0,234.0,1780.0,208.0,0.89,0.0,0.89,0.0,46.188202247191015,0,0.0,0.0,0.0,1.0,0.0,0.0,0.0,0.0
RI,2022-10-01,2022,39,112,0.0,0.0,1.0,0.0,0.0,0.0,0.0,0.0,1969.0,230.0,1776.0,204.0,0.9,0.0,0.89,0.0,46.188202247191015,0,0.0,0.0,0.0,1.0,0.0,0.0,0.0,0.0
RI,2022-10-08,2022,40,113,1.0,0.0,1.0,0.0,0.0,0.0,0.0,0.0,1992.0,246.0,1776.0,210.0,0.89,0.0,0.85,0.0,46.188202247191015,0,0.0,0.0,0.0,1.0,0.0,0.0,0.0,0.0
RI,2022-10-15,2022,41,114,1.0,0.0,0.0,0.0,0.0,0.0,0.0,0.0,2007.0,237.0,1766.0,206.0,0.88,0.0,0.87,0.0,46.188202247191015,0,1.0,0.0,0.0,0.0,0.0,0.0,0.0,0.0
RI,2022-10-22,2022,42,115,2.0,0.0,2.0,0.0,0.0,0.0,0.0,0.0,2033.0,241.0,1823.0,214.0,0.9,0.0,0.89,0.0,46.188202247191015,0,1.0,1.0,0.0,0.0,0.0,0.0,0.0,0.0
RI,2022-10-29,2022,43,116,1.0,0.0,0.0,0.0,0.0,0.0,0.0,0.0,2018.0,250.0,1814.0,221.0,0.9,0.0,0.88,0.0,46.188202247191015,0,2.0,1.0,0.0,0.0,0.0,0.0,0.0,0.0
RI,2022-11-05,2022,44,117,3.0,0.0,3.0,0.0,0.0,0.0,0.0,0.0,2001.0,225.0,1790.0,199.0,0.89,0.0,0.88,0.0,46.188202247191015,0,1.0,2.0,1.0,0.0,0.0,0.0,0.0,0.0
RI,2022-11-12,2022,45,118,8.0,0.0,6.0,0.0,0.0,0.0,0.0,0.0,2021.0,231.0,1779.0,200.0,0.88,0.0,0.86,0.0,46.188202247191015,0,3.0,1.0,1.0,0.0,0.0,0.0,0.0,0.0
RI,2022-11-19,2022,46,119,10.0,0.0,3.0,0.0,0.0,0.0,0.0,0.0,2001.0,237.0,1747.0,205.0,0.87,0.0,0.87,0.0,46.188202247191015,0,8.0,3.0,2.0,0.0,0.0,0.0,0.0,0.0
RI,2022-11-26,2022,47,120,15.0,1.0,14.0,0.0,0.0,0.0,0.0,0.0,1937.0,225.0,1670.0,189.0,0.86,0.01,0.84,0.0,46.188202247191015,0,10.0,8.0,1.0,0.0,0.0,0.0,0.0,0.0
RI,2022-12-03,2022,48,121,41.0,3.0,22.0,0.0,0.0,0.0,0.0,0.0,1946.0,225.0,1723.0,192.0,0.89,0.02,0.86,0.02,46.188202247191015,1,15.0,10.0,3.0,1.0,0.01,0.0,0.0,0.0
RI,2022-12-10,2022,49,122,68.0,5.0,54.0,0.0,0.0,0.0,0.0,0.0,1947.0,230.0,1745.0,199.0,0.9,0.03,0.86,0.02,46.188202247191015,1,41.0,15.0,8.0,1.0,0.02,0.01,0.0,0.0
RI,2022-12-17,2022,50,123,79.0,8.0,41.0,0.0,0.0,0.0,0.0,0.0,1945.0,226.0,1706.0,199.0,0.88,0.04,0.88,0.03,46.188202247191015,1,68.0,41.0,10.0,2.0,0.03,0.02,0.0,0.0
RI,2022-12-24,2022,51,124,92.0,6.0,57.0,0.0,0.0,0.0,0.0,0.0,1926.0,222.0,1677.0,193.0,0.87,0.05,0.87,0.03,46.188202247191015,1,79.0,68.0,15.0,1.0,0.04,0.03,0.01,0.0
RI,2022-12-31,2022,52,125,97.0,10.0,49.0,0.0,0.0,0.0,0.0,0.0,1909.0,220.0,1635.0,188.0,0.86,0.05,0.86,0.05,46.188202247191015,1,92.0,79.0,41.0,3.0,0.05,0.04,0.02,0.0
SC,2020-10-03,2020,40,8,0.0,0.0,0.0,0.0,2.0,2.5,2.0,3.0,9119.0,1479.0,7218.0,1074.0,0.79,0.0,0.73,0.0,34.7715,0,0.0,0.0,0.0,0.0,0.0,0.0,0.0,0.0
SC,2020-10-10,2020,41,9,0.0,0.0,0.0,0.0,2.0,2.5,2.0,3.0,9136.0,1497.0,7361.0,1090.0,0.81,0.0,0.73,0.0,34.7715,0,0.0,0.0,0.0,0.0,0.0,0.0,0.0,0.0
SC,2020-10-17,2020,42,10,0.0,0.0,0.0,0.0,2.0,2.5,2.0,3.0,9083.0,1527.0,7466.0,1109.0,0.82,0.0,0.73,0.0,34.7715,0,0.0,0.0,0.0,0.0,0.0,0.0,0.0,0.0
SC,2020-10-24,2020,43,11,1.0,0.0,1.0,0.0,2.0,2.5,2.0,3.0,9083.0,1529.0,7502.0,1145.0,0.83,0.0,0.75,0.0,34.7715,0,0.0,0.0,0.0,0.0,0.0,0.0,0.0,0.0
SC,2020-10-31,2020,44,12,1.0,0.0,3.0,0.0,2.0,2.5,2.0,3.0,9187.0,1530.0,7546.0,1160.0,0.82,0.0,0.76,0.0,34.7715,0,1.0,0.0,0.0,0.0,0.0,0.0,0.0,0.0
SC,2020-11-07,2020,45,13,5.0,3.0,3.0,0.0,2.0,2.5,2.0,3.0,9511.0,1640.0,7477.0,1239.0,0.79,0.0,0.76,0.0,34.7715,0,1.0,1.0,0.0,0.0,0.0,0.0,0.0,0.0
SC,2020-11-14,2020,46,14,5.0,2.0,2.0,0.0,2.0,2.5,2.0,3.0,9854.0,1746.0,7706.0,1300.0,0.78,0.0,0.74,0.0,34.7715,0,5.0,1.0,0.0,0.0,0.0,0.0,0.0,0.0
SC,2020-11-21,2020,47,15,8.0,1.0,7.0,0.0,2.0,2.5,2.0,3.0,9783.0,1736.0,7713.0,1304.0,0.79,0.0,0.75,0.0,34.7715,0,5.0,5.0,1.0,0.0,0.0,0.0,0.0,0.0
SC,2020-11-28,2020,48,16,6.0,1.0,6.0,0.0,2.0,2.5,2.0,3.0,9792.0,1740.0,7315.0,1248.0,0.75,0.0,0.72,0.0,34.7715,0,8.0,5.0,1.0,0.0,0.0,0.0,0.0,0.0
SC,2020-12-05,2020,49,17,5.0,1.0,8.0,0.0,2.0,2.5,2.0,3.0,9366.0,1613.0,7407.0,1224.0,0.79,0.0,0.76,0.0,34.7715,0,6.0,8.0,5.0,0.0,0.0,0.0,0.0,0.0
SC,2020-12-12,2020,50,18,3.0,1.0,4.0,0.0,2.0,2.5,2.0,3.0,9081.0,1531.0,7348.0,1178.0,0.81,0.0,0.77,0.0,34.7715,0,5.0,6.0,5.0,0.0,0.0,0.0,0.0,0.0
SC,2020-12-19,2020,51,19,5.0,3.0,7.0,0.0,2.0,2.5,2.0,3.0,9048.0,1527.0,7396.0,1180.0,0.82,0.0,0.77,0.0,34.7715,0,3.0,5.0,8.0,1.0,0.0,0.0,0.0,0.0
SC,2020-12-26,2020,52,20,5.0,4.0,10.0,0.0,2.0,2.5,2.0,3.0,8968.0,1519.0,6914.0,1148.0,0.77,0.0,0.76,0.0,34.7715,0,5.0,3.0,6.0,1.0,0.0,0.0,0.0,0.0
SC,2021-01-02,2021,53,21,10.0,2.0,13.0,0.0,2.0,2.5,2.0,3.0,8984.0,1517.0,7277.0,1171.0,0.81,0.0,0.77,0.0,31.22620320855615,0,5.0,5.0,5.0,5.0,0.0,0.0,0.0,0.0
SC,2021-01-09,2021,1,22,9.0,2.0,5.0,0.0,2.0,2.5,2.0,3.0,9114.0,1534.0,7742.0,1239.0,0.85,0.0,0.81,0.0,31.22620320855615,0,10.0,5.0,3.0,5.0,0.0,0.0,0.0,0.0
SC,2021-01-16,2021,2,23,7.0,2.0,5.0,0.0,2.0,2.5,2.0,3.0,9261.0,1556.0,7822.0,1270.0,0.84,0.0,0.82,0.0,31.22620320855615,0,9.0,10.0,5.0,8.0,0.0,0.0,0.0,0.0
SC,2021-01-23,2021,3,24,9.0,2.0,6.0,0.0,2.0,2.5,2.0,3.0,9321.0,1580.0,7781.0,1264.0,0.83,0.0,0.8,0.0,31.22620320855615,0,7.0,9.0,5.0,6.0,0.0,0.0,0.0,0.0
SC,2021-01-30,2021,4,25,10.0,4.0,9.0,0.0,2.0,2.5,2.0,3.0,9299.0,1569.0,7744.0,1243.0,0.83,0.0,0.79,0.0,31.22620320855615,0,9.0,7.0,10.0,5.0,0.0,0.0,0.0,0.0
SC,2021-02-06,2021,5,26,7.0,2.0,4.0,0.0,2.0,2.5,2.0,3.0,9276.0,1560.0,7481.0,1197.0,0.81,0.0,0.77,0.0,31.22620320855615,0,10.0,9.0,9.0,3.0,0.0,0.0,0.0,0.0
SC,2021-02-13,2021,6,27,5.0,1.0,5.0,0.0,2.0,2.5,2.0,3.0,9274.0,1552.0,7315.0,1182.0,0.79,0.0,0.76,0.0,31.22620320855615,0,7.0,10.0,7.0,5.0,0.0,0.0,0.0,0.0
SC,2021-02-20,2021,7,28,8.0,1.0,7.0,0.0,2.0,2.5,2.0,3.0,9224.0,1537.0,7238.0,1135.0,0.78,0.0,0.74,0.0,31.22620320855615,0,5.0,7.0,9.0,5.0,0.0,0.0,0.0,0.0
SC,2021-02-27,2021,8,29,6.0,1.0,9.0,0.0,2.0,2.5,2.0,3.0,9242.0,1542.0,7153.0,1102.0,0.77,0.0,0.72,0.0,31.22620320855615,0,8.0,5.0,10.0,10.0,0.0,0.0,0.0,0.0
SC,2021-03-06,2021,9,30,5.0,2.0,6.0,0.0,2.0,2.5,2.0,3.0,9234.0,1573.0,7002.0,1094.0,0.76,0.0,0.7,0.0,31.22620320855615,0,6.0,8.0,7.0,9.0,0.0,0.0,0.0,0.0
SC,2021-03-13,2021,10,31,5.0,2.0,7.0,0.0,2.0,2.5,2.0,3.0,9208.0,1575.0,6935.0,1078.0,0.75,0.0,0.68,0.0,31.22620320855615,0,5.0,6.0,5.0,7.0,0.0,0.0,0.0,0.0
SC,2021-03-20,2021,11,32,4.0,1.0,3.0,0.0,2.0,2.5,2.0,3.0,9196.0,1565.0,6960.0,1061.0,0.76,0.0,0.68,0.0,31.22620320855615,0,5.0,5.0,8.0,9.0,0.0,0.0,0.0,0.0
SC,2021-03-27,2021,12,33,6.0,2.0,6.0,0.0,2.0,2.5,2.0,3.0,9210.0,1570.0,6908.0,1041.0,0.75,0.0,0.66,0.0,31.22620320855615,0,4.0,5.0,6.0,10.0,0.0,0.0,0.0,0.0
SC,2021-04-03,2021,13,34,6.0,1.0,2.0,0.0,2.0,2.5,2.0,3.0,9525.0,1673.0,7172.0,1122.0,0.75,0.0,0.67,0.0,31.22620320855615,0,6.0,4.0,5.0,7.0,0.0,0.0,0.0,0.0
SC,2021-04-10,2021,14,35,4.0,1.0,1.0,0.0,2.0,2.5,2.0,3.0,9842.0,1773.0,7303.0,1204.0,0.74,0.0,0.68,0.0,31.22620320855615,0,6.0,6.0,5.0,5.0,0.0,0.0,0.0,0.0
SC,2021-04-17,2021,15,36,4.0,2.0,9.0,0.0,2.0,2.5,2.0,3.0,9317.0,1610.0,7183.0,1120.0,0.77,0.0,0.7,0.0,31.22620320855615,0,4.0,6.0,4.0,8.0,0.0,0.0,0.0,0.0
SC,2021-04-24,2021,16,37,3.0,1.0,7.0,0.0,2.0,2.5,2.0,3.0,9189.0,1576.0,7120.0,1101.0,0.77,0.0,0.7,0.0,31.22620320855615,0,4.0,4.0,6.0,6.0,0.0,0.0,0.0,0.0
SC,2021-05-01,2021,17,38,4.0,0.0,4.0,0.0,2.0,2.5,2.0,3.0,9181.0,1566.0,7027.0,1062.0,0.77,0.0,0.68,0.0,31.22620320855615,0,3.0,4.0,6.0,5.0,0.0,0.0,0.0,0.0
SC,2021-05-08,2021,18,39,1.0,0.0,2.0,0.0,2.0,2.5,2.0,3.0,9420.0,1628.0,7136.0,1098.0,0.76,0.0,0.67,0.0,31.22620320855615,0,4.0,3.0,4.0,5.0,0.0,0.0,0.0,0.0
SC,2021-05-15,2021,19,40,2.0,1.0,3.0,0.0,2.0,2.5,2.0,3.0,9145.0,1559.0,6873.0,1051.0,0.75,0.0,0.67,0.0,31.22620320855615,0,1.0,4.0,4.0,4.0,0.0,0.0,0.0,0.0
SC,2021-05-22,2021,20,41,3.0,1.0,8.0,0.0,2.0,2.5,2.0,3.0,9162.0,1556.0,7007.0,1062.0,0.76,0.0,0.68,0.0,31.22620320855615,0,2.0,1.0,3.0,6.0,0.0,0.0,0.0,0.0
SC,2021-05-29,2021,21,42,3.0,1.0,0.0,0.0,2.0,2.5,2.0,3.0,9184.0,1558.0,7134.0,1063.0,0.78,0.0,0.68,0.0,31.22620320855615,0,3.0,2.0,4.0,6.0,0.0,0.0,0.0,0.0
SC,2021-06-05,2021,22,43,2.0,1.0,2.0,0.0,2.0,2.5,2.0,3.0,9146.0,1548.0,6867.0,1009.0,0.75,0.0,0.65,0.0,31.22620320855615,0,3.0,3.0,1.0,4.0,0.0,0.0,0.0,0.0
SC,2021-06-12,2021,23,44,2.0,0.0,0.0,0.0,2.0,2.5,2.0,3.0,9149.0,1541.0,7017.0,1028.0,0.77,0.0,0.67,0.0,31.22620320855615,0,2.0,3.0,2.0,4.0,0.0,0.0,0.0,0.0
SC,2021-06-19,2021,24,45,1.0,0.0,0.0,0.0,2.0,2.5,2.0,3.0,9160.0,1538.0,7097.0,1044.0,0.77,0.0,0.68,0.0,31.22620320855615,0,2.0,2.0,3.0,3.0,0.0,0.0,0.0,0.0
SC,2021-06-26,2021,25,46,2.0,1.0,0.0,0.0,2.0,2.5,2.0,3.0,9144.0,1534.0,6948.0,1002.0,0.76,0.0,0.65,0.0,31.22620320855615,0,1.0,2.0,3.0,4.0,0.0,0.0,0.0,0.0
SC,2021-07-03,2021,26,47,0.0,0.0,0.0,0.0,2.0,2.5,2.0,3.0,9157.0,1529.0,6952.0,1009.0,0.76,0.0,0.66,0.0,31.22620320855615,0,2.0,1.0,2.0,1.0,0.0,0.0,0.0,0.0
SC,2021-07-10,2021,27,48,1.0,1.0,0.0,0.0,2.0,2.5,2.0,3.0,9106.0,1523.0,6829.0,998.0,0.75,0.0,0.66,0.0,31.22620320855615,0,0.0,2.0,2.0,2.0,0.0,0.0,0.0,0.0
SC,2021-07-17,2021,28,49,1.0,0.0,0.0,0.0,2.0,2.5,2.0,3.0,9478.0,1618.0,7338.0,1109.0,0.77,0.0,0.69,0.0,31.22620320855615,0,1.0,0.0,1.0,3.0,0.0,0.0,0.0,0.0
SC,2021-07-24,2021,29,50,1.0,0.0,0.0,0.0,2.0,2.5,2.0,3.0,9901.0,1728.0,7719.0,1200.0,0.78,0.0,0.69,0.0,31.22620320855615,0,1.0,1.0,2.0,3.0,0.0,0.0,0.0,0.0
SC,2021-07-31,2021,30,51,2.0,0.0,2.0,0.0,2.0,2.5,2.0,3.0,9939.0,1725.0,7920.0,1236.0,0.8,0.0,0.72,0.0,31.22620320855615,0,1.0,1.0,0.0,2.0,0.0,0.0,0.0,0.0
SC,2021-08-07,2021,31,52,2.0,0.0,1.0,0.0,2.0,2.5,2.0,3.0,9966.0,1723.0,8030.0,1290.0,0.81,0.0,0.75,0.0,31.22620320855615,0,2.0,1.0,1.0,2.0,0.0,0.0,0.0,0.0
SC,2021-08-14,2021,32,53,3.0,0.0,5.0,0.0,2.0,2.5,2.0,3.0,10036.0,1730.0,8274.0,1362.0,0.82,0.0,0.79,0.0,31.22620320855615,0,2.0,2.0,1.0,1.0,0.0,0.0,0.0,0.0
SC,2021-08-21,2021,33,54,1.0,0.0,4.0,0.0,2.0,2.5,2.0,3.0,10062.0,1755.0,8318.0,1421.0,0.83,0.0,0.81,0.0,31.22620320855615,0,3.0,2.0,1.0,2.0,0.0,0.0,0.0,0.0
SC,2021-08-28,2021,34,55,1.0,0.0,1.0,0.0,2.0,2.5,2.0,3.0,10104.0,1775.0,8481.0,1436.0,0.84,0.0,0.81,0.0,31.22620320855615,0,1.0,3.0,2.0,0.0,0.0,0.0,0.0,0.0
SC,2021-09-04,2021,35,56,0.0,0.0,0.0,0.0,2.0,2.5,2.0,3.0,10166.0,1796.0,8545.0,1461.0,0.84,0.0,0.81,0.0,31.22620320855615,0,1.0,1.0,2.0,1.0,0.0,0.0,0.0,0.0
SC,2021-09-11,2021,36,57,0.0,0.0,0.0,0.0,2.0,2.5,2.0,3.0,10139.0,1822.0,8533.0,1495.0,0.84,0.0,0.82,0.0,31.22620320855615,0,0.0,1.0,3.0,1.0,0.0,0.0,0.0,0.0
SC,2021-09-18,2021,37,58,1.0,0.0,2.0,0.0,2.0,2.5,2.0,3.0,10185.0,1842.0,8716.0,1518.0,0.86,0.0,0.82,0.0,31.22620320855615,0,0.0,0.0,1.0,1.0,0.0,0.0,0.0,0.0
SC,2021-09-25,2021,38,59,1.0,0.0,0.0,0.0,2.0,2.5,2.0,3.0,10245.0,1793.0,8648.0,1488.0,0.84,0.0,0.83,0.0,31.22620320855615,0,1.0,0.0,1.0,2.0,0.0,0.0,0.0,0.0
SC,2021-10-02,2021,39,60,1.0,0.0,0.0,0.0,2.0,2.5,2.0,3.0,10200.0,1776.0,8447.0,1424.0,0.83,0.0,0.8,0.0,31.22620320855615,0,1.0,1.0,0.0,2.0,0.0,0.0,0.0,0.0
SC,2021-10-09,2021,40,61,1.0,0.0,2.0,0.0,2.0,2.5,2.0,3.0,10165.0,1787.0,8246.0,1382.0,0.81,0.0,0.77,0.0,31.22620320855615,0,1.0,1.0,0.0,3.0,0.0,0.0,0.0,0.0
SC,2021-10-16,2021,41,62,2.0,0.0,3.0,0.0,2.0,2.5,2.0,3.0,10136.0,1781.0,8110.0,1314.0,0.8,0.0,0.74,0.0,31.22620320855615,0,1.0,1.0,1.0,1.0,0.0,0.0,0.0,0.0
SC,2021-10-23,2021,42,63,1.0,1.0,2.0,0.0,2.0,2.5,2.0,3.0,10074.0,1750.0,8040.0,1294.0,0.8,0.0,0.74,0.0,31.22620320855615,0,2.0,1.0,1.0,1.0,0.0,0.0,0.0,0.0
SC,2021-10-30,2021,43,64,2.0,1.0,5.0,0.0,2.0,2.5,2.0,3.0,10058.0,1734.0,8036.0,1274.0,0.8,0.0,0.73,0.0,31.22620320855615,0,1.0,2.0,1.0,0.0,0.0,0.0,0.0,0.0
SC,2021-11-06,2021,44,65,2.0,1.0,10.0,0.0,2.0,2.5,2.0,3.0,10058.0,1730.0,7946.0,1268.0,0.79,0.0,0.73,0.0,31.22620320855615,0,2.0,1.0,1.0,0.0,0.0,0.0,0.0,0.0
SC,2021-11-13,2021,45,66,3.0,1.0,9.0,0.0,2.0,2.5,2.0,3.0,10061.0,1720.0,7942.0,1263.0,0.79,0.0,0.73,0.0,31.22620320855615,0,2.0,2.0,2.0,1.0,0.0,0.0,0.0,0.0
SC,2021-11-20,2021,46,67,2.0,1.0,4.0,0.0,2.0,2.5,2.0,3.0,10079.0,1720.0,7963.0,1262.0,0.79,0.0,0.73,0.0,31.22620320855615,0,3.0,2.0,1.0,1.0,0.0,0.0,0.0,0.0
SC,2021-11-27,2021,47,68,2.0,0.0,2.0,0.0,2.0,2.5,2.0,3.0,10053.0,1715.0,7439.0,1193.0,0.74,0.0,0.7,0.0,31.22620320855615,0,2.0,3.0,2.0,1.0,0.0,0.0,0.0,0.0
SC,2021-12-04,2021,48,69,6.0,0.0,10.0,0.0,2.0,2.5,2.0,3.0,10081.0,1702.0,7935.0,1245.0,0.79,0.0,0.73,0.0,31.22620320855615,0,2.0,2.0,2.0,1.0,0.0,0.0,0.0,0.0
SC,2021-12-11,2021,49,70,12.0,1.0,10.0,0.0,2.0,2.5,2.0,3.0,10079.0,1709.0,8114.0,1265.0,0.8,0.0,0.74,0.0,31.22620320855615,0,6.0,2.0,3.0,2.0,0.0,0.0,0.0,0.0
SC,2021-12-18,2021,50,71,12.0,1.0,12.0,0.0,2.0,2.5,2.0,3.0,10090.0,1716.0,8103.0,1275.0,0.8,0.0,0.74,0.0,31.22620320855615,0,12.0,6.0,2.0,1.0,0.0,0.0,0.0,0.0
SC,2021-12-25,2021,51,72,12.0,2.0,25.0,0.0,2.0,2.5,2.0,3.0,10062.0,1709.0,7602.0,1237.0,0.76,0.0,0.72,0.0,31.22620320855615,0,12.0,12.0,2.0,2.0,0.0,0.0,0.0,0.0
SC,2022-01-01,2022,52,73,22.0,3.0,43.0,0.0,2.0,2.5,2.0,3.0,10057.0,1703.0,7808.0,1276.0,0.78,0.0,0.75,0.0,30.60386740331492,0,12.0,12.0,6.0,2.0,0.0,0.0,0.0,0.0
SC,2022-01-08,2022,1,74,24.0,3.0,16.0,0.0,2.0,2.5,2.0,3.0,10096.0,1708.0,8167.0,1310.0,0.81,0.0,0.77,0.0,30.60386740331492,0,22.0,12.0,12.0,3.0,0.0,0.0,0.0,0.0
SC,2022-01-15,2022,2,75,18.0,3.0,9.0,0.0,2.0,2.5,2.0,3.0,10161.0,1717.0,8308.0,1335.0,0.82,0.0,0.78,0.0,30.60386740331492,0,24.0,22.0,12.0,2.0,0.0,0.0,0.0,0.0
SC,2022-01-22,2022,3,76,13.0,2.0,4.0,0.0,2.0,2.5,2.0,3.0,10258.0,1714.0,8331.0,1346.0,0.81,0.0,0.79,0.0,30.60386740331492,0,18.0,24.0,12.0,2.0,0.0,0.0,0.0,0.0
SC,2022-01-29,2022,4,77,12.0,2.0,5.0,0.0,2.0,2.5,2.0,3.0,10361.0,1715.0,8426.0,1350.0,0.81,0.0,0.79,0.0,30.60386740331492,0,13.0,18.0,22.0,6.0,0.0,0.0,0.0,0.0
SC,2022-02-05,2022,5,78,10.0,2.0,9.0,0.0,2.0,2.5,2.0,3.0,10370.0,1719.0,8387.0,1327.0,0.81,0.0,0.77,0.0,30.60386740331492,0,12.0,13.0,24.0,12.0,0.0,0.0,0.0,0.0
SC,2022-02-12,2022,6,79,12.0,1.0,11.0,0.0,2.0,2.5,2.0,3.0,10317.0,1737.0,8307.0,1319.0,0.81,0.0,0.76,0.0,30.60386740331492,0,10.0,12.0,18.0,12.0,0.0,0.0,0.0,0.0
SC,2022-02-19,2022,7,80,15.0,2.0,17.0,0.0,2.0,2.5,2.0,3.0,10244.0,1737.0,8162.0,1271.0,0.8,0.0,0.73,0.0,30.60386740331492,0,12.0,10.0,13.0,12.0,0.0,0.0,0.0,0.0
SC,2022-02-26,2022,8,81,19.0,3.0,13.0,0.0,2.0,2.5,2.0,3.0,10181.0,1731.0,7853.0,1189.0,0.77,0.0,0.69,0.0,30.60386740331492,0,15.0,12.0,12.0,22.0,0.0,0.0,0.0,0.0
SC,2022-03-05,2022,9,82,20.0,2.0,16.0,0.0,2.0,2.5,2.0,3.0,10131.0,1720.0,7650.0,1121.0,0.76,0.0,0.65,0.0,30.60386740331492,0,19.0,15.0,10.0,24.0,0.0,0.0,0.0,0.0
SC,2022-03-12,2022,10,83,16.0,1.0,14.0,0.0,2.0,2.5,2.0,3.0,10089.0,1711.0,7548.0,1087.0,0.75,0.0,0.64,0.0,30.60386740331492,0,20.0,19.0,12.0,18.0,0.0,0.0,0.0,0.0
SC,2022-03-19,2022,11,84,15.0,1.0,14.0,0.0,2.0,2.5,2.0,3.0,10073.0,1712.0,7424.0,1068.0,0.74,0.0,0.62,0.0,30.60386740331492,0,16.0,20.0,15.0,13.0,0.0,0.0,0.0,0.0
SC,2022-03-26,2022,12,85,15.0,3.0,7.0,0.0,2.0,2.5,2.0,3.0,10084.0,1708.0,7478.0,1030.0,0.74,0.0,0.6,0.0,30.60386740331492,0,15.0,16.0,19.0,12.0,0.0,0.0,0.0,0.0
SC,2022-04-02,2022,13,86,13.0,1.0,15.0,0.0,2.0,2.5,2.0,3.0,10082.0,1700.0,7394.0,1028.0,0.73,0.0,0.6,0.0,30.60386740331492,0,15.0,15.0,20.0,10.0,0.0,0.0,0.0,0.0
SC,2022-04-09,2022,14,87,19.0,3.0,18.0,0.0,2.0,2.5,2.0,3.0,10074.0,1698.0,7442.0,1043.0,0.74,0.0,0.61,0.0,30.60386740331492,0,13.0,15.0,16.0,12.0,0.0,0.0,0.0,0.0
SC,2022-04-16,2022,15,88,23.0,4.0,31.0,0.0,2.0,2.5,2.0,3.0,10073.0,1698.0,7402.0,1032.0,0.73,0.0,0.61,0.0,30.60386740331492,0,19.0,13.0,15.0,15.0,0.0,0.0,0.0,0.0
SC,2022-04-23,2022,16,89,28.0,3.0,32.0,0.0,2.0,2.5,2.0,3.0,10069.0,1699.0,7388.0,1024.0,0.73,0.0,0.6,0.0,30.60386740331492,0,23.0,19.0,15.0,19.0,0.0,0.0,0.0,0.0
SC,2022-04-30,2022,17,90,24.0,4.0,29.0,0.0,2.0,2.5,2.0,3.0,10072.0,1699.0,7469.0,1051.0,0.74,0.0,0.62,0.0,30.60386740331492,0,28.0,23.0,13.0,20.0,0.0,0.0,0.0,0.0
SC,2022-05-07,2022,18,91,23.0,4.0,20.0,0.0,2.0,2.5,2.0,3.0,10078.0,1699.0,7435.0,1013.0,0.74,0.0,0.6,0.0,30.60386740331492,0,24.0,28.0,19.0,16.0,0.0,0.0,0.0,0.0
SC,2022-05-14,2022,19,92,23.0,4.0,27.0,0.0,2.0,2.5,2.0,3.0,10040.0,1695.0,7433.0,970.0,0.74,0.0,0.57,0.0,30.60386740331492,0,23.0,24.0,23.0,15.0,0.0,0.0,0.0,0.0
SC,2022-05-21,2022,20,93,28.0,5.0,37.0,0.0,2.0,2.5,2.0,3.0,9954.0,1689.0,7518.0,1006.0,0.76,0.0,0.6,0.0,30.60386740331492,0,23.0,23.0,28.0,15.0,0.0,0.0,0.0,0.0
SC,2022-05-28,2022,21,94,23.0,6.0,30.0,0.0,2.0,2.5,2.0,3.0,9985.0,1697.0,7437.0,1033.0,0.74,0.0,0.61,0.0,30.60386740331492,0,28.0,23.0,24.0,13.0,0.0,0.0,0.0,0.0
SC,2022-06-04,2022,22,95,20.0,3.0,27.0,0.0,2.0,2.5,2.0,3.0,9974.0,1692.0,7386.0,1048.0,0.74,0.0,0.62,0.0,30.60386740331492,0,23.0,28.0,23.0,19.0,0.0,0.0,0.0,0.0
SC,2022-06-11,2022,23,96,16.0,4.0,25.0,0.0,2.0,2.5,2.0,3.0,9938.0,1690.0,7442.0,1074.0,0.75,0.0,0.64,0.0,30.60386740331492,0,20.0,23.0,23.0,23.0,0.0,0.0,0.0,0.0
SC,2022-06-18,2022,24,97,12.0,2.0,17.0,0.0,2.0,2.5,2.0,3.0,9989.0,1689.0,7315.0,927.0,0.73,0.0,0.55,0.0,30.60386740331492,0,16.0,20.0,28.0,28.0,0.0,0.0,0.0,0.0
SC,2022-06-25,2022,25,98,12.0,2.0,29.0,0.0,2.0,2.5,2.0,3.0,9942.0,1679.0,7441.0,939.0,0.75,0.0,0.56,0.0,30.60386740331492,0,12.0,16.0,23.0,24.0,0.0,0.0,0.0,0.0
SC,2022-07-02,2022,26,99,10.0,1.0,11.0,0.0,2.0,2.5,2.0,3.0,9976.0,1675.0,7489.0,947.0,0.75,0.0,0.57,0.0,30.60386740331492,0,12.0,12.0,20.0,23.0,0.0,0.0,0.0,0.0
SC,2022-07-09,2022,27,100,8.0,1.0,8.0,0.0,2.0,2.5,2.0,3.0,9909.0,1671.0,7553.0,1021.0,0.76,0.0,0.61,0.0,30.60386740331492,0,10.0,12.0,16.0,23.0,0.0,0.0,0.0,0.0
SC,2022-07-16,2022,28,101,4.0,1.0,4.0,0.0,2.0,2.5,2.0,3.0,9889.0,1671.0,7638.0,1062.0,0.77,0.0,0.64,0.0,30.60386740331492,0,8.0,10.0,12.0,28.0,0.0,0.0,0.0,0.0
SC,2022-07-23,2022,29,102,5.0,2.0,26.0,0.0,2.0,2.5,2.0,3.0,9893.0,1673.0,7591.0,1064.0,0.77,0.0,0.64,0.0,30.60386740331492,0,4.0,8.0,12.0,23.0,0.0,0.0,0.0,0.0
SC,2022-07-30,2022,30,103,7.0,1.0,15.0,0.0,2.0,2.5,2.0,3.0,9900.0,1671.0,7684.0,1056.0,0.78,0.0,0.63,0.0,30.60386740331492,0,5.0,4.0,10.0,20.0,0.0,0.0,0.0,0.0
SC,2022-08-06,2022,31,104,5.0,0.0,6.0,0.0,2.0,2.5,2.0,3.0,9927.0,1673.0,7676.0,1039.0,0.77,0.0,0.62,0.0,30.60386740331492,0,7.0,5.0,8.0,16.0,0.0,0.0,0.0,0.0
SC,2022-08-13,2022,32,105,2.0,0.0,6.0,0.0,2.0,2.5,2.0,3.0,9915.0,1675.0,7718.0,1036.0,0.78,0.0,0.62,0.0,30.60386740331492,0,5.0,7.0,4.0,12.0,0.0,0.0,0.0,0.0
SC,2022-08-20,2022,33,106,2.0,0.0,3.0,0.0,2.0,2.5,2.0,3.0,9892.0,1675.0,7666.0,1040.0,0.78,0.0,0.62,0.0,30.60386740331492,0,2.0,5.0,5.0,12.0,0.0,0.0,0.0,0.0
SC,2022-08-27,2022,34,107,2.0,0.0,3.0,0.0,2.0,2.5,2.0,3.0,9900.0,1675.0,7772.0,1078.0,0.79,0.0,0.64,0.0,30.60386740331492,0,2.0,2.0,7.0,10.0,0.0,0.0,0.0,0.0
SC,2022-09-03,2022,35,108,6.0,0.0,9.0,0.0,2.0,2.5,2.0,3.0,9873.0,1673.0,7760.0,1055.0,0.79,0.0,0.63,0.0,30.60386740331492,0,2.0,2.0,5.0,8.0,0.0,0.0,0.0,0.0
SC,2022-09-10,2022,36,109,8.0,1.0,7.0,0.0,2.0,2.5,2.0,3.0,9886.0,1673.0,7686.0,1068.0,0.78,0.0,0.64,0.0,30.60386740331492,0,6.0,2.0,2.0,4.0,0.0,0.0,0.0,0.0
SC,2022-09-17,2022,37,110,6.0,1.0,9.0,0.0,2.0,2.5,2.0,3.0,9910.0,1685.0,7825.0,1083.0,0.79,0.0,0.64,0.0,30.60386740331492,0,8.0,6.0,2.0,5.0,0.0,0.0,0.0,0.0
SC,2022-09-24,2022,38,111,9.0,3.0,17.0,0.0,2.0,2.5,2.0,3.0,9940.0,1683.0,7720.0,1057.0,0.78,0.0,0.63,0.0,30.60386740331492,0,6.0,8.0,2.0,7.0,0.0,0.0,0.0,0.0
SC,2022-10-01,2022,39,112,10.0,1.0,18.0,0.0,2.0,2.5,2.0,3.0,9909.0,1685.0,7553.0,1053.0,0.76,0.0,0.62,0.0,30.60386740331492,0,9.0,6.0,6.0,5.0,0.0,0.0,0.0,0.0
SC,2022-10-08,2022,40,113,19.0,2.0,33.0,0.0,2.0,2.5,2.0,3.0,9949.0,1703.0,7648.0,1067.0,0.77,0.0,0.63,0.0,30.60386740331492,0,10.0,9.0,8.0,2.0,0.0,0.0,0.0,0.0
SC,2022-10-15,2022,41,114,29.0,4.0,42.0,0.0,2.0,2.5,2.0,3.0,9947.0,1692.0,7866.0,1107.0,0.79,0.0,0.65,0.0,30.60386740331492,0,19.0,10.0,6.0,2.0,0.0,0.0,0.0,0.0
SC,2022-10-22,2022,42,115,51.0,8.0,70.0,0.0,2.0,2.5,2.0,3.0,9910.0,1689.0,7749.0,1098.0,0.78,0.01,0.65,0.0,30.60386740331492,0,29.0,19.0,9.0,2.0,0.0,0.0,0.0,0.0
SC,2022-10-29,2022,43,116,118.0,12.0,156.0,0.0,2.0,2.5,2.0,3.0,9955.0,1676.0,7826.0,1098.0,0.79,0.01,0.66,0.01,30.60386740331492,1,51.0,29.0,10.0,6.0,0.01,0.0,0.0,0.0
SC,2022-11-05,2022,44,117,187.0,19.0,248.0,0.0,2.0,2.5,2.0,3.0,9940.0,1673.0,7791.0,1094.0,0.78,0.02,0.65,0.01,30.60386740331492,1,118.0,51.0,19.0,8.0,0.01,0.01,0.0,0.0
SC,2022-11-12,2022,45,118,198.0,21.0,256.0,0.0,2.0,2.5,2.0,3.0,9946.0,1674.0,7885.0,1124.0,0.79,0.02,0.67,0.01,30.60386740331492,1,187.0,118.0,29.0,6.0,0.02,0.01,0.0,0.0
SC,2022-11-19,2022,46,119,189.0,21.0,228.0,0.0,2.0,2.5,2.0,3.0,9960.0,1673.0,8165.0,1122.0,0.82,0.02,0.67,0.01,30.60386740331492,1,198.0,187.0,51.0,9.0,0.02,0.02,0.01,0.0
SC,2022-11-26,2022,47,120,176.0,22.0,215.0,0.0,2.0,2.5,2.0,3.0,9931.0,1671.0,7530.0,1079.0,0.76,0.02,0.65,0.01,30.60386740331492,1,189.0,198.0,118.0,10.0,0.02,0.02,0.01,0.0
SC,2022-12-03,2022,48,121,217.0,23.0,245.0,0.0,2.0,2.5,2.0,3.0,9957.0,1663.0,7970.0,1122.0,0.8,0.02,0.67,0.01,30.60386740331492,1,176.0,189.0,187.0,19.0,0.02,0.02,0.02,0.0
SC,2022-12-10,2022,49,122,176.0,25.0,160.0,0.0,2.0,2.5,2.0,3.0,9962.0,1627.0,7980.0,1107.0,0.8,0.02,0.68,0.02,30.60386740331492,1,217.0,176.0,198.0,29.0,0.02,0.02,0.02,0.0
SC,2022-12-17,2022,50,123,148.0,22.0,149.0,0.0,2.0,2.5,2.0,3.0,10131.0,1649.0,8247.0,1097.0,0.81,0.01,0.67,0.01,30.60386740331492,1,176.0,217.0,189.0,51.0,0.02,0.02,0.02,0.01
SC,2022-12-24,2022,51,124,123.0,18.0,118.0,0.0,2.0,2.5,2.0,3.0,9922.0,1628.0,7555.0,1057.0,0.76,0.01,0.65,0.01,30.60386740331492,1,148.0,176.0,176.0,118.0,0.01,0.02,0.02,0.01
SC,2022-12-31,2022,52,125,151.0,20.0,157.0,0.0,2.0,2.5,2.0,3.0,9862.0,1608.0,7588.0,1076.0,0.77,0.02,0.67,0.01,30.60386740331492,1,123.0,148.0,217.0,187.0,0.01,0.01,0.02,0.02
SD,2020-10-03,2020,40,8,0.0,0.0,0.0,0.0,0.0,0.0,0.5,0.0,1898.0,303.0,1326.0,164.0,0.7,0.0,0.54,0.0,41.657425742574254,0,2.0,2.0,2.0,2.0,0.0,0.0,0.0,0.0
SD,2020-10-10,2020,41,9,0.0,0.0,0.0,0.0,0.0,0.0,0.5,0.0,1972.0,302.0,1375.0,178.0,0.7,0.0,0.59,0.0,41.657425742574254,0,0.0,2.0,2.0,2.0,0.0,0.0,0.0,0.0
SD,2020-10-17,2020,42,10,0.0,0.0,0.0,0.0,0.0,0.0,0.5,0.0,1956.0,299.0,1388.0,176.0,0.71,0.0,0.59,0.0,41.657425742574254,0,0.0,0.0,2.0,2.0,0.0,0.0,0.0,0.0
SD,2020-10-24,2020,43,11,1.0,0.0,2.0,0.0,0.0,0.0,0.5,0.0,2492.0,310.0,1512.0,199.0,0.61,0.0,0.64,0.0,41.657425742574254,0,0.0,0.0,2.0,2.0,0.0,0.0,0.0,0.0
SD,2020-10-31,2020,44,12,0.0,0.0,0.0,0.0,0.0,0.0,0.5,0.0,2549.0,302.0,1672.0,191.0,0.66,0.0,0.63,0.0,41.657425742574254,0,1.0,0.0,0.0,2.0,0.0,0.0,0.0,0.0
SD,2020-11-07,2020,45,13,0.0,0.0,1.0,0.0,0.0,0.0,0.5,0.0,2568.0,308.0,1685.0,200.0,0.66,0.0,0.65,0.0,41.657425742574254,0,0.0,1.0,0.0,2.0,0.0,0.0,0.0,0.0
SD,2020-11-14,2020,46,14,1.0,0.0,2.0,0.0,0.0,0.0,0.5,0.0,2562.0,315.0,1636.0,208.0,0.64,0.0,0.66,0.0,41.657425742574254,0,0.0,0.0,0.0,2.0,0.0,0.0,0.0,0.0
SD,2020-11-21,2020,47,15,1.0,0.0,1.0,0.0,0.0,0.0,0.5,0.0,2575.0,317.0,1647.0,214.0,0.64,0.0,0.68,0.0,41.657425742574254,0,1.0,0.0,1.0,2.0,0.0,0.0,0.0,0.0
SD,2020-11-28,2020,48,16,0.0,0.0,0.0,0.0,0.0,0.0,0.5,0.0,2575.0,323.0,1566.0,213.0,0.61,0.0,0.66,0.0,41.657425742574254,0,1.0,1.0,0.0,0.0,0.0,0.0,0.0,0.0
SD,2020-12-05,2020,49,17,0.0,0.0,1.0,0.0,0.0,0.0,0.5,0.0,2594.0,327.0,1583.0,214.0,0.61,0.0,0.66,0.0,41.657425742574254,0,0.0,1.0,0.0,0.0,0.0,0.0,0.0,0.0
SD,2020-12-12,2020,50,18,1.0,0.0,2.0,0.0,0.0,0.0,0.5,0.0,2594.0,339.0,1578.0,214.0,0.61,0.0,0.63,0.0,41.657425742574254,0,0.0,0.0,1.0,0.0,0.0,0.0,0.0,0.0
SD,2020-12-19,2020,51,19,1.0,0.0,2.0,0.0,0.0,0.0,0.5,0.0,2587.0,337.0,1510.0,206.0,0.58,0.0,0.61,0.0,41.657425742574254,0,1.0,0.0,1.0,1.0,0.0,0.0,0.0,0.0
SD,2020-12-26,2020,52,20,2.0,1.0,1.0,0.0,0.0,0.0,0.5,0.0,2578.0,333.0,1366.0,178.0,0.53,0.0,0.53,0.0,41.657425742574254,0,1.0,1.0,0.0,0.0,0.0,0.0,0.0,0.0
SD,2021-01-02,2021,53,21,1.0,0.0,0.0,0.0,0.0,0.0,0.5,0.0,2578.0,331.0,1402.0,171.0,0.54,0.0,0.52,0.0,40.15838150289017,0,2.0,1.0,0.0,0.0,0.0,0.0,0.0,0.0
SD,2021-01-09,2021,1,22,1.0,0.0,1.0,0.0,0.0,0.0,0.5,0.0,2582.0,332.0,1489.0,175.0,0.58,0.0,0.53,0.0,40.15838150289017,0,1.0,2.0,1.0,1.0,0.0,0.0,0.0,0.0
SD,2021-01-16,2021,2,23,0.0,0.0,0.0,0.0,0.0,0.0,0.5,0.0,2573.0,331.0,1458.0,173.0,0.57,0.0,0.52,0.0,40.15838150289017,0,1.0,1.0,1.0,1.0,0.0,0.0,0.0,0.0
SD,2021-01-23,2021,3,24,0.0,0.0,0.0,0.0,0.0,0.0,0.5,0.0,2583.0,332.0,1462.0,179.0,0.57,0.0,0.54,0.0,40.15838150289017,0,0.0,1.0,2.0,0.0,0.0,0.0,0.0,0.0
SD,2021-01-30,2021,4,25,0.0,0.0,0.0,0.0,0.0,0.0,0.5,0.0,2585.0,331.0,1447.0,169.0,0.56,0.0,0.51,0.0,40.15838150289017,0,0.0,0.0,1.0,0.0,0.0,0.0,0.0,0.0
SD,2021-02-06,2021,5,26,0.0,0.0,0.0,0.0,0.0,0.0,0.5,0.0,2576.0,326.0,1397.0,157.0,0.54,0.0,0.48,0.0,40.15838150289017,0,0.0,0.0,1.0,1.0,0.0,0.0,0.0,0.0
SD,2021-02-13,2021,6,27,0.0,0.0,2.0,0.0,0.0,0.0,0.5,0.0,2573.0,325.0,1346.0,149.0,0.52,0.0,0.46,0.0,40.15838150289017,0,0.0,0.0,0.0,1.0,0.0,0.0,0.0,0.0
SD,2021-02-20,2021,7,28,1.0,1.0,1.0,0.0,0.0,0.0,0.5,0.0,2567.0,325.0,1349.0,145.0,0.53,0.0,0.45,0.0,40.15838150289017,0,0.0,0.0,0.0,2.0,0.0,0.0,0.0,0.0
SD,2021-02-27,2021,8,29,1.0,0.0,1.0,0.0,0.0,0.0,0.5,0.0,2572.0,324.0,1391.0,148.0,0.54,0.0,0.46,0.0,40.15838150289017,0,1.0,0.0,0.0,1.0,0.0,0.0,0.0,0.0
SD,2021-03-06,2021,9,30,0.0,0.0,0.0,0.0,0.0,0.0,0.5,0.0,2570.0,322.0,1367.0,149.0,0.53,0.0,0.46,0.0,40.15838150289017,0,1.0,1.0,0.0,1.0,0.0,0.0,0.0,0.0
SD,2021-03-13,2021,10,31,0.0,0.0,0.0,0.0,0.0,0.0,0.5,0.0,2566.0,319.0,1324.0,134.0,0.52,0.0,0.42,0.0,40.15838150289017,0,0.0,1.0,0.0,0.0,0.0,0.0,0.0,0.0
SD,2021-03-20,2021,11,32,0.0,0.0,0.0,0.0,0.0,0.0,0.5,0.0,2565.0,319.0,1305.0,144.0,0.51,0.0,0.45,0.0,40.15838150289017,0,0.0,0.0,1.0,0.0,0.0,0.0,0.0,0.0
SD,2021-03-27,2021,12,33,0.0,0.0,0.0,0.0,0.0,0.0,0.5,0.0,2562.0,321.0,1379.0,153.0,0.54,0.0,0.48,0.0,40.15838150289017,0,0.0,0.0,1.0,0.0,0.0,0.0,0.0,0.0
SD,2021-04-03,2021,13,34,0.0,0.0,0.0,0.0,0.0,0.0,0.5,0.0,2562.0,318.0,1391.0,155.0,0.54,0.0,0.49,0.0,40.15838150289017,0,0.0,0.0,0.0,0.0,0.0,0.0,0.0,0.0
SD,2021-04-10,2021,14,35,0.0,0.0,0.0,0.0,0.0,0.0,0.5,0.0,2549.0,313.0,1375.0,149.0,0.54,0.0,0.47,0.0,40.15838150289017,0,0.0,0.0,0.0,0.0,0.0,0.0,0.0,0.0
SD,2021-04-17,2021,15,36,0.0,0.0,1.0,0.0,0.0,0.0,0.5,0.0,2547.0,321.0,1438.0,153.0,0.56,0.0,0.48,0.0,40.15838150289017,0,0.0,0.0,0.0,1.0,0.0,0.0,0.0,0.0
SD,2021-04-24,2021,16,37,1.0,0.0,5.0,0.0,0.0,0.0,0.5,0.0,2544.0,316.0,1466.0,172.0,0.58,0.0,0.54,0.0,40.15838150289017,0,0.0,0.0,0.0,1.0,0.0,0.0,0.0,0.0
SD,2021-05-01,2021,17,38,1.0,0.0,4.0,0.0,0.0,0.0,0.5,0.0,2544.0,320.0,1469.0,170.0,0.58,0.0,0.53,0.0,40.15838150289017,0,1.0,0.0,0.0,0.0,0.0,0.0,0.0,0.0
SD,2021-05-08,2021,18,39,1.0,0.0,3.0,0.0,0.0,0.0,0.5,0.0,2562.0,320.0,1464.0,173.0,0.57,0.0,0.54,0.0,40.15838150289017,0,1.0,1.0,0.0,0.0,0.0,0.0,0.0,0.0
SD,2021-05-15,2021,19,40,0.0,0.0,1.0,0.0,0.0,0.0,0.5,0.0,2558.0,320.0,1399.0,162.0,0.55,0.0,0.51,0.0,40.15838150289017,0,1.0,1.0,0.0,0.0,0.0,0.0,0.0,0.0
SD,2021-05-22,2021,20,41,0.0,0.0,0.0,0.0,0.0,0.0,0.5,0.0,2562.0,321.0,1411.0,162.0,0.55,0.0,0.51,0.0,40.15838150289017,0,0.0,1.0,1.0,0.0,0.0,0.0,0.0,0.0
SD,2021-05-29,2021,21,42,1.0,0.0,2.0,0.0,0.0,0.0,0.5,0.0,2562.0,325.0,1400.0,162.0,0.55,0.0,0.5,0.0,40.15838150289017,0,0.0,0.0,1.0,0.0,0.0,0.0,0.0,0.0
SD,2021-06-05,2021,22,43,1.0,1.0,0.0,0.0,0.0,0.0,0.5,0.0,2562.0,318.0,1373.0,168.0,0.54,0.0,0.53,0.0,40.15838150289017,0,1.0,0.0,1.0,0.0,0.0,0.0,0.0,0.0
SD,2021-06-12,2021,23,44,4.0,0.0,8.0,0.0,0.0,0.0,0.5,0.0,2554.0,321.0,1435.0,172.0,0.56,0.0,0.54,0.0,40.15838150289017,0,1.0,1.0,0.0,0.0,0.0,0.0,0.0,0.0
SD,2021-06-19,2021,24,45,4.0,0.0,4.0,0.0,0.0,0.0,0.5,0.0,2563.0,321.0,1413.0,177.0,0.55,0.0,0.55,0.0,40.15838150289017,0,4.0,1.0,0.0,1.0,0.0,0.0,0.0,0.0
SD,2021-06-26,2021,25,46,2.0,0.0,3.0,0.0,0.0,0.0,0.5,0.0,2562.0,317.0,1377.0,165.0,0.54,0.0,0.52,0.0,40.15838150289017,0,4.0,4.0,1.0,1.0,0.0,0.0,0.0,0.0
SD,2021-07-03,2021,26,47,2.0,0.0,2.0,0.0,0.0,0.0,0.5,0.0,2540.0,320.0,1362.0,146.0,0.54,0.0,0.46,0.0,40.15838150289017,0,2.0,4.0,1.0,1.0,0.0,0.0,0.0,0.0
SD,2021-07-10,2021,27,48,3.0,0.0,4.0,0.0,0.0,0.0,0.5,0.0,2545.0,317.0,1404.0,162.0,0.55,0.0,0.51,0.0,40.15838150289017,0,2.0,2.0,4.0,0.0,0.0,0.0,0.0,0.0
SD,2021-07-17,2021,28,49,4.0,0.0,2.0,0.0,0.0,0.0,0.5,0.0,2548.0,318.0,1432.0,164.0,0.56,0.0,0.52,0.0,40.15838150289017,0,3.0,2.0,4.0,0.0,0.0,0.0,0.0,0.0
SD,2021-07-24,2021,29,50,3.0,0.0,1.0,0.0,0.0,0.0,0.5,0.0,2556.0,317.0,1427.0,155.0,0.56,0.0,0.49,0.0,40.15838150289017,0,4.0,3.0,2.0,1.0,0.0,0.0,0.0,0.0
SD,2021-07-31,2021,30,51,4.0,0.0,1.0,0.0,0.0,0.0,0.5,0.0,2550.0,313.0,1460.0,153.0,0.57,0.0,0.49,0.0,40.15838150289017,0,3.0,4.0,2.0,1.0,0.0,0.0,0.0,0.0
SD,2021-08-07,2021,31,52,2.0,0.0,0.0,0.0,0.0,0.0,0.5,0.0,2550.0,323.0,1449.0,172.0,0.57,0.0,0.53,0.0,40.15838150289017,0,4.0,3.0,3.0,4.0,0.0,0.0,0.0,0.0
SD,2021-08-14,2021,32,53,3.0,0.0,1.0,0.0,0.0,0.0,0.5,0.0,2550.0,321.0,1459.0,168.0,0.57,0.0,0.52,0.0,40.15838150289017,0,2.0,4.0,4.0,4.0,0.0,0.0,0.0,0.0
SD,2021-08-21,2021,33,54,2.0,0.0,6.0,0.0,0.0,0.0,0.5,0.0,2550.0,321.0,1497.0,176.0,0.59,0.0,0.55,0.0,40.15838150289017,0,3.0,2.0,3.0,2.0,0.0,0.0,0.0,0.0
SD,2021-08-28,2021,34,55,3.0,0.0,0.0,0.0,0.0,0.0,0.5,0.0,2564.0,323.0,1547.0,192.0,0.6,0.0,0.59,0.0,40.15838150289017,0,2.0,3.0,4.0,2.0,0.0,0.0,0.0,0.0
SD,2021-09-04,2021,35,56,3.0,0.0,1.0,0.0,0.0,0.0,0.5,0.0,2580.0,325.0,1544.0,191.0,0.6,0.0,0.59,0.0,40.15838150289017,0,3.0,2.0,2.0,3.0,0.0,0.0,0.0,0.0
SD,2021-09-11,2021,36,57,2.0,0.0,0.0,0.0,0.0,0.0,0.5,0.0,2591.0,336.0,1517.0,200.0,0.59,0.0,0.59,0.0,40.15838150289017,0,3.0,3.0,3.0,4.0,0.0,0.0,0.0,0.0
SD,2021-09-18,2021,37,58,0.0,0.0,0.0,0.0,0.0,0.0,0.5,0.0,2574.0,344.0,1545.0,220.0,0.6,0.0,0.64,0.0,40.15838150289017,0,2.0,3.0,2.0,3.0,0.0,0.0,0.0,0.0
SD,2021-09-25,2021,38,59,0.0,0.0,0.0,0.0,0.0,0.0,0.5,0.0,2590.0,343.0,1590.0,222.0,0.61,0.0,0.65,0.0,40.15838150289017,0,0.0,2.0,3.0,4.0,0.0,0.0,0.0,0.0
SD,2021-10-02,2021,39,60,1.0,0.0,1.0,0.0,0.0,0.0,0.5,0.0,2585.0,342.0,1593.0,210.0,0.62,0.0,0.62,0.0,40.15838150289017,0,0.0,0.0,3.0,2.0,0.0,0.0,0.0,0.0
SD,2021-10-09,2021,40,61,1.0,0.0,1.0,0.0,0.0,0.0,0.5,0.0,2579.0,338.0,1599.0,205.0,0.62,0.0,0.61,0.0,40.15838150289017,0,1.0,0.0,2.0,3.0,0.0,0.0,0.0,0.0
SD,2021-10-16,2021,41,62,0.0,0.0,0.0,0.0,0.0,0.0,0.5,0.0,2561.0,338.0,1549.0,205.0,0.6,0.0,0.61,0.0,40.15838150289017,0,1.0,1.0,0.0,2.0,0.0,0.0,0.0,0.0
SD,2021-10-23,2021,42,63,2.0,0.0,2.0,0.0,0.0,0.0,0.5,0.0,2568.0,338.0,1599.0,209.0,0.62,0.0,0.62,0.0,40.15838150289017,0,0.0,1.0,0.0,3.0,0.0,0.0,0.0,0.0
SD,2021-10-30,2021,43,64,3.0,0.0,0.0,0.0,0.0,0.0,0.5,0.0,2568.0,336.0,1574.0,204.0,0.61,0.0,0.61,0.0,40.15838150289017,0,2.0,0.0,1.0,3.0,0.0,0.0,0.0,0.0
SD,2021-11-06,2021,44,65,1.0,0.0,0.0,0.0,0.0,0.0,0.5,0.0,2535.0,340.0,1616.0,213.0,0.64,0.0,0.63,0.0,40.15838150289017,0,3.0,2.0,1.0,2.0,0.0,0.0,0.0,0.0
SD,2021-11-13,2021,45,66,1.0,0.0,0.0,0.0,0.0,0.0,0.5,0.0,2521.0,342.0,1609.0,212.0,0.64,0.0,0.62,0.0,40.15838150289017,0,1.0,3.0,0.0,0.0,0.0,0.0,0.0,0.0
SD,2021-11-20,2021,46,67,1.0,0.0,2.0,0.0,0.0,0.0,0.5,0.0,2520.0,331.0,1624.0,212.0,0.64,0.0,0.64,0.0,40.15838150289017,0,1.0,1.0,2.0,0.0,0.0,0.0,0.0,0.0
SD,2021-11-27,2021,47,68,2.0,0.0,2.0,0.0,0.0,0.0,0.5,0.0,2518.0,338.0,1523.0,207.0,0.6,0.0,0.61,0.0,40.15838150289017,0,1.0,1.0,3.0,1.0,0.0,0.0,0.0,0.0
SD,2021-12-04,2021,48,69,5.0,0.0,5.0,0.0,0.0,0.0,0.5,0.0,2507.0,335.0,1578.0,204.0,0.63,0.0,0.61,0.0,40.15838150289017,0,2.0,1.0,1.0,1.0,0.0,0.0,0.0,0.0
SD,2021-12-11,2021,49,70,5.0,0.0,6.0,0.0,0.0,0.0,0.5,0.0,2500.0,334.0,1588.0,205.0,0.64,0.0,0.61,0.0,40.15838150289017,0,5.0,2.0,1.0,0.0,0.0,0.0,0.0,0.0
SD,2021-12-18,2021,50,71,3.0,0.0,4.0,0.0,0.0,0.0,0.5,0.0,2499.0,333.0,1566.0,208.0,0.63,0.0,0.63,0.0,40.15838150289017,0,5.0,5.0,1.0,2.0,0.0,0.0,0.0,0.0
SD,2021-12-25,2021,51,72,9.0,1.0,20.0,0.0,0.0,0.0,0.5,0.0,2494.0,332.0,1456.0,211.0,0.58,0.0,0.64,0.0,40.15838150289017,0,3.0,5.0,2.0,3.0,0.0,0.0,0.0,0.0
SD,2022-01-01,2022,52,73,17.0,0.0,31.0,0.0,0.0,0.0,0.5,0.0,2472.0,334.0,1458.0,205.0,0.59,0.01,0.61,0.0,37.4635838150289,1,9.0,3.0,5.0,1.0,0.0,0.0,0.0,0.0
SD,2022-01-08,2022,1,74,14.0,1.0,22.0,0.0,0.0,0.0,0.5,0.0,2465.0,333.0,1527.0,208.0,0.62,0.01,0.62,0.0,37.4635838150289,0,17.0,9.0,5.0,1.0,0.01,0.0,0.0,0.0
SD,2022-01-15,2022,2,75,18.0,3.0,26.0,0.0,0.0,0.0,0.5,0.0,2458.0,333.0,1666.0,216.0,0.68,0.01,0.65,0.01,37.4635838150289,1,14.0,17.0,3.0,1.0,0.01,0.01,0.0,0.0
SD,2022-01-22,2022,3,76,17.0,3.0,17.0,0.0,0.0,0.0,0.5,0.0,2353.0,335.0,1575.0,202.0,0.67,0.01,0.6,0.01,37.4635838150289,1,18.0,14.0,9.0,2.0,0.01,0.01,0.0,0.0
SD,2022-01-29,2022,4,77,12.0,1.0,8.0,0.0,0.0,0.0,0.5,0.0,2204.0,318.0,1484.0,204.0,0.67,0.01,0.64,0.0,37.4635838150289,0,17.0,18.0,17.0,5.0,0.01,0.01,0.01,0.0
SD,2022-02-05,2022,5,78,7.0,1.0,9.0,0.0,0.0,0.0,0.5,0.0,2147.0,307.0,1396.0,189.0,0.65,0.0,0.62,0.0,37.4635838150289,0,12.0,17.0,14.0,5.0,0.01,0.01,0.01,0.0
SD,2022-02-12,2022,6,79,7.0,0.0,18.0,0.0,0.0,0.0,0.5,0.0,2162.0,307.0,1452.0,185.0,0.67,0.0,0.6,0.0,37.4635838150289,0,7.0,12.0,18.0,3.0,0.0,0.01,0.01,0.0
SD,2022-02-19,2022,7,80,11.0,1.0,13.0,0.0,0.0,0.0,0.5,0.0,2153.0,305.0,1454.0,174.0,0.68,0.0,0.57,0.0,37.4635838150289,0,7.0,7.0,17.0,9.0,0.0,0.0,0.01,0.0
SD,2022-02-26,2022,8,81,12.0,0.0,12.0,0.0,0.0,0.0,0.5,0.0,2145.0,310.0,1367.0,172.0,0.64,0.01,0.56,0.0,37.4635838150289,0,11.0,7.0,12.0,17.0,0.0,0.0,0.01,0.01
SD,2022-03-05,2022,9,82,15.0,1.0,30.0,0.0,0.0,0.0,0.5,0.0,2162.0,311.0,1339.0,164.0,0.62,0.01,0.53,0.0,37.4635838150289,0,12.0,11.0,7.0,14.0,0.01,0.0,0.0,0.01
SD,2022-03-12,2022,10,83,9.0,1.0,13.0,0.0,0.0,0.0,0.5,0.0,2160.0,308.0,1288.0,168.0,0.6,0.0,0.55,0.0,37.4635838150289,0,15.0,12.0,7.0,18.0,0.01,0.01,0.0,0.01
SD,2022-03-19,2022,11,84,7.0,1.0,12.0,0.0,0.0,0.0,0.5,0.0,2161.0,299.0,1323.0,165.0,0.61,0.0,0.55,0.0,37.4635838150289,0,9.0,15.0,11.0,17.0,0.0,0.01,0.0,0.01
SD,2022-03-26,2022,12,85,4.0,0.0,5.0,0.0,0.0,0.0,0.5,0.0,2156.0,301.0,1351.0,163.0,0.63,0.0,0.54,0.0,37.4635838150289,0,7.0,9.0,12.0,12.0,0.0,0.0,0.01,0.01
SD,2022-04-02,2022,13,86,5.0,0.0,5.0,0.0,0.0,0.0,0.5,0.0,2158.0,302.0,1308.0,163.0,0.61,0.0,0.54,0.0,37.4635838150289,0,4.0,7.0,15.0,7.0,0.0,0.0,0.01,0.0
SD,2022-04-09,2022,14,87,4.0,1.0,11.0,0.0,0.0,0.0,0.5,0.0,2166.0,304.0,1347.0,166.0,0.62,0.0,0.55,0.0,37.4635838150289,0,5.0,4.0,9.0,7.0,0.0,0.0,0.0,0.0
SD,2022-04-16,2022,15,88,2.0,1.0,4.0,0.0,0.0,0.0,0.5,0.0,2156.0,307.0,1245.0,162.0,0.58,0.0,0.53,0.0,37.4635838150289,0,4.0,5.0,7.0,11.0,0.0,0.0,0.0,0.0
SD,2022-04-23,2022,16,89,2.0,0.0,3.0,0.0,0.0,0.0,0.5,0.0,2147.0,302.0,1285.0,152.0,0.6,0.0,0.5,0.0,37.4635838150289,0,2.0,4.0,4.0,12.0,0.0,0.0,0.0,0.01
SD,2022-04-30,2022,17,90,6.0,1.0,8.0,0.0,0.0,0.0,0.5,0.0,2155.0,293.0,1329.0,152.0,0.62,0.0,0.52,0.0,37.4635838150289,0,2.0,2.0,5.0,15.0,0.0,0.0,0.0,0.01
SD,2022-05-07,2022,18,91,4.0,1.0,3.0,0.0,0.0,0.0,0.5,0.0,2157.0,303.0,1326.0,154.0,0.61,0.0,0.51,0.0,37.4635838150289,0,6.0,2.0,4.0,9.0,0.0,0.0,0.0,0.0
SD,2022-05-14,2022,19,92,4.0,0.0,19.0,0.0,0.0,0.0,0.5,0.0,2156.0,312.0,1304.0,164.0,0.6,0.0,0.53,0.0,37.4635838150289,0,4.0,6.0,2.0,7.0,0.0,0.0,0.0,0.0
SD,2022-05-21,2022,20,93,4.0,0.0,5.0,0.0,0.0,0.0,0.5,0.0,2144.0,310.0,1358.0,179.0,0.63,0.0,0.58,0.0,37.4635838150289,0,4.0,4.0,2.0,4.0,0.0,0.0,0.0,0.0
SD,2022-05-28,2022,21,94,3.0,0.0,3.0,0.0,0.0,0.0,0.5,0.0,2155.0,313.0,1369.0,173.0,0.64,0.0,0.55,0.0,37.4635838150289,0,4.0,4.0,6.0,5.0,0.0,0.0,0.0,0.0
SD,2022-06-04,2022,22,95,2.0,0.0,1.0,0.0,0.0,0.0,0.5,0.0,2152.0,303.0,1355.0,173.0,0.63,0.0,0.57,0.0,37.4635838150289,0,3.0,4.0,4.0,4.0,0.0,0.0,0.0,0.0
SD,2022-06-11,2022,23,96,1.0,0.0,1.0,0.0,0.0,0.0,0.5,0.0,2152.0,311.0,1343.0,168.0,0.62,0.0,0.54,0.0,37.4635838150289,0,2.0,3.0,4.0,2.0,0.0,0.0,0.0,0.0
SD,2022-06-18,2022,24,97,1.0,0.0,1.0,0.0,0.0,0.0,0.5,0.0,2154.0,298.0,1366.0,149.0,0.63,0.0,0.5,0.0,37.4635838150289,0,1.0,2.0,4.0,2.0,0.0,0.0,0.0,0.0
SD,2022-06-25,2022,25,98,2.0,0.0,2.0,0.0,0.0,0.0,0.5,0.0,2152.0,299.0,1343.0,153.0,0.62,0.0,0.51,0.0,37.4635838150289,0,1.0,1.0,3.0,6.0,0.0,0.0,0.0,0.0
SD,2022-07-02,2022,26,99,1.0,0.0,1.0,0.0,0.0,0.0,0.5,0.0,2151.0,294.0,1308.0,144.0,0.61,0.0,0.49,0.0,37.4635838150289,0,2.0,1.0,2.0,4.0,0.0,0.0,0.0,0.0
SD,2022-07-09,2022,27,100,1.0,0.0,0.0,0.0,0.0,0.0,0.5,0.0,2150.0,293.0,1254.0,149.0,0.58,0.0,0.51,0.0,37.4635838150289,0,1.0,2.0,1.0,4.0,0.0,0.0,0.0,0.0
SD,2022-07-16,2022,28,101,1.0,0.0,0.0,0.0,0.0,0.0,0.5,0.0,2133.0,300.0,1355.0,148.0,0.64,0.0,0.49,0.0,37.4635838150289,0,1.0,1.0,1.0,4.0,0.0,0.0,0.0,0.0
SD,2022-07-23,2022,29,102,1.0,0.0,6.0,0.0,0.0,0.0,0.5,0.0,2135.0,301.0,1386.0,158.0,0.65,0.0,0.53,0.0,37.4635838150289,0,1.0,1.0,2.0,3.0,0.0,0.0,0.0,0.0
SD,2022-07-30,2022,30,103,1.0,0.0,8.0,0.0,0.0,0.0,0.5,0.0,2127.0,307.0,1343.0,164.0,0.63,0.0,0.53,0.0,37.4635838150289,0,1.0,1.0,1.0,2.0,0.0,0.0,0.0,0.0
SD,2022-08-06,2022,31,104,1.0,0.0,5.0,0.0,0.0,0.0,0.5,0.0,2120.0,303.0,1361.0,162.0,0.64,0.0,0.54,0.0,37.4635838150289,0,1.0,1.0,1.0,1.0,0.0,0.0,0.0,0.0
SD,2022-08-13,2022,32,105,1.0,0.0,7.0,0.0,0.0,0.0,0.5,0.0,2141.0,298.0,1344.0,157.0,0.63,0.0,0.53,0.0,37.4635838150289,0,1.0,1.0,1.0,1.0,0.0,0.0,0.0,0.0
SD,2022-08-20,2022,33,106,1.0,0.0,7.0,0.0,0.0,0.0,0.5,0.0,2132.0,303.0,1374.0,150.0,0.64,0.0,0.5,0.0,37.4635838150289,0,1.0,1.0,1.0,2.0,0.0,0.0,0.0,0.0
SD,2022-08-27,2022,34,107,1.0,0.0,7.0,0.0,0.0,0.0,0.5,0.0,2104.0,308.0,1372.0,158.0,0.65,0.0,0.51,0.0,37.4635838150289,0,1.0,1.0,1.0,1.0,0.0,0.0,0.0,0.0
SD,2022-09-03,2022,35,108,1.0,0.0,7.0,0.0,0.0,0.0,0.5,0.0,2097.0,303.0,1368.0,160.0,0.65,0.0,0.53,0.0,37.4635838150289,0,1.0,1.0,1.0,1.0,0.0,0.0,0.0,0.0
SD,2022-09-10,2022,36,109,1.0,0.0,7.0,0.0,0.0,0.0,0.5,0.0,2089.0,305.0,1344.0,156.0,0.64,0.0,0.51,0.0,37.4635838150289,0,1.0,1.0,1.0,1.0,0.0,0.0,0.0,0.0
SD,2022-09-17,2022,37,110,1.0,0.0,7.0,0.0,0.0,0.0,0.5,0.0,2105.0,297.0,1381.0,155.0,0.66,0.0,0.52,0.0,37.4635838150289,0,1.0,1.0,1.0,1.0,0.0,0.0,0.0,0.0
SD,2022-09-24,2022,38,111,1.0,0.0,7.0,0.0,0.0,0.0,0.5,0.0,2108.0,301.0,1376.0,155.0,0.65,0.0,0.51,0.0,37.4635838150289,0,1.0,1.0,1.0,1.0,0.0,0.0,0.0,0.0
SD,2022-10-01,2022,39,112,3.0,0.0,10.0,0.0,0.0,0.0,0.5,0.0,2115.0,302.0,1355.0,161.0,0.64,0.0,0.53,0.0,37.4635838150289,0,1.0,1.0,1.0,1.0,0.0,0.0,0.0,0.0
SD,2022-10-08,2022,40,113,4.0,0.0,10.0,0.0,0.0,0.0,0.5,0.0,2117.0,301.0,1386.0,154.0,0.65,0.0,0.51,0.0,37.4635838150289,0,3.0,1.0,1.0,1.0,0.0,0.0,0.0,0.0
SD,2022-10-15,2022,41,114,5.0,0.0,12.0,0.0,0.0,0.0,0.5,0.0,2109.0,299.0,1363.0,147.0,0.65,0.0,0.49,0.0,37.4635838150289,0,4.0,3.0,1.0,1.0,0.0,0.0,0.0,0.0
SD,2022-10-22,2022,42,115,4.0,0.0,13.0,0.0,0.0,0.0,0.5,0.0,2112.0,300.0,1415.0,162.0,0.67,0.0,0.54,0.0,37.4635838150289,0,5.0,4.0,1.0,1.0,0.0,0.0,0.0,0.0
SD,2022-10-29,2022,43,116,4.0,0.0,9.0,0.0,0.0,0.0,0.5,0.0,2104.0,295.0,1408.0,143.0,0.67,0.0,0.48,0.0,37.4635838150289,0,4.0,5.0,3.0,1.0,0.0,0.0,0.0,0.0
SD,2022-11-05,2022,44,117,5.0,0.0,9.0,0.0,0.0,0.0,0.5,0.0,2105.0,293.0,1413.0,155.0,0.67,0.0,0.53,0.0,37.4635838150289,0,4.0,4.0,4.0,1.0,0.0,0.0,0.0,0.0
SD,2022-11-12,2022,45,118,5.0,0.0,13.0,0.0,0.0,0.0,0.5,0.0,2119.0,292.0,1436.0,159.0,0.68,0.0,0.54,0.0,37.4635838150289,0,5.0,4.0,5.0,1.0,0.0,0.0,0.0,0.0
SD,2022-11-19,2022,46,119,10.0,1.0,24.0,0.0,0.0,0.0,0.5,0.0,2161.0,290.0,1468.0,174.0,0.68,0.0,0.6,0.0,37.4635838150289,0,5.0,5.0,4.0,1.0,0.0,0.0,0.0,0.0
SD,2022-11-26,2022,47,120,22.0,2.0,58.0,0.0,0.0,0.0,0.5,0.0,2153.0,295.0,1390.0,170.0,0.65,0.01,0.58,0.01,37.4635838150289,1,10.0,5.0,4.0,3.0,0.0,0.0,0.0,0.0
SD,2022-12-03,2022,48,121,36.0,5.0,73.0,0.0,0.0,0.0,0.5,0.0,2155.0,299.0,1465.0,173.0,0.68,0.02,0.58,0.02,37.4635838150289,1,22.0,10.0,5.0,4.0,0.01,0.0,0.0,0.0
SD,2022-12-10,2022,49,122,57.0,8.0,84.0,0.0,0.0,0.0,0.5,0.0,2158.0,303.0,1474.0,177.0,0.68,0.03,0.58,0.03,37.4635838150289,1,36.0,22.0,5.0,5.0,0.02,0.01,0.0,0.0
SD,2022-12-17,2022,50,123,65.0,9.0,97.0,0.0,0.0,0.0,0.5,0.0,2204.0,305.0,1453.0,177.0,0.66,0.03,0.58,0.03,37.4635838150289,1,57.0,36.0,10.0,4.0,0.03,0.02,0.0,0.0
SD,2022-12-24,2022,51,124,65.0,7.0,84.0,0.0,0.0,0.0,0.5,0.0,2176.0,298.0,1390.0,155.0,0.64,0.03,0.52,0.02,37.4635838150289,1,65.0,57.0,22.0,4.0,0.03,0.03,0.01,0.0
SD,2022-12-31,2022,52,125,61.0,8.0,59.0,0.0,0.0,0.0,0.5,0.0,2149.0,299.0,1328.0,151.0,0.62,0.03,0.5,0.03,37.4635838150289,1,65.0,65.0,36.0,5.0,0.03,0.03,0.02,0.0
TN,2020-10-03,2020,40,8,0.0,0.0,0.0,0.0,6.0,8.0,8.5,9.5,25787.0,4658.0,17159.0,3006.0,0.67,0.0,0.65,0.0,36.00344827586207,0,0.0,0.0,0.0,23.0,0.0,0.0,0.0,0.0
TN,2020-10-10,2020,41,9,0.0,0.0,0.0,0.0,6.0,8.0,8.5,9.5,25899.0,4692.0,17104.0,3043.0,0.66,0.0,0.65,0.0,36.00344827586207,0,0.0,0.0,0.0,23.0,0.0,0.0,0.0,0.0
TN,2020-10-17,2020,42,10,0.0,0.0,0.0,0.0,6.0,8.0,8.5,9.5,25815.0,4699.0,17610.0,3238.0,0.68,0.0,0.69,0.0,36.00344827586207,0,0.0,0.0,0.0,23.0,0.0,0.0,0.0,0.0
TN,2020-10-24,2020,43,11,12.0,2.0,20.0,0.0,6.0,8.0,8.5,9.5,25910.0,4721.0,17637.0,3284.0,0.68,0.0,0.7,0.0,36.00344827586207,0,0.0,0.0,0.0,0.0,0.0,0.0,0.0,0.0
TN,2020-10-31,2020,44,12,19.0,5.0,30.0,0.0,6.0,8.0,8.5,9.5,25740.0,4685.0,17619.0,3315.0,0.68,0.0,0.71,0.0,36.00344827586207,0,12.0,0.0,0.0,0.0,0.0,0.0,0.0,0.0
TN,2020-11-07,2020,45,13,19.0,6.0,28.0,0.0,6.0,8.0,8.5,9.5,26209.0,4870.0,17905.0,3337.0,0.68,0.0,0.69,0.0,36.00344827586207,0,19.0,12.0,0.0,0.0,0.0,0.0,0.0,0.0
TN,2020-11-14,2020,46,14,24.0,8.0,44.0,0.0,6.0,8.0,8.5,9.5,26192.0,4886.0,18030.0,3368.0,0.69,0.0,0.69,0.0,36.00344827586207,0,19.0,19.0,0.0,0.0,0.0,0.0,0.0,0.0
TN,2020-11-21,2020,47,15,28.0,6.0,50.0,0.0,6.0,8.0,8.5,9.5,26264.0,4912.0,18233.0,3427.0,0.69,0.0,0.7,0.0,36.00344827586207,0,24.0,19.0,12.0,0.0,0.0,0.0,0.0,0.0
TN,2020-11-28,2020,48,16,25.0,9.0,38.0,0.0,6.0,8.0,8.5,9.5,26198.0,4925.0,17817.0,3478.0,0.68,0.0,0.71,0.0,36.00344827586207,0,28.0,24.0,19.0,0.0,0.0,0.0,0.0,0.0
TN,2020-12-05,2020,49,17,20.0,4.0,24.0,0.0,6.0,8.0,8.5,9.5,26254.0,4901.0,18141.0,3462.0,0.69,0.0,0.71,0.0,36.00344827586207,0,25.0,28.0,19.0,0.0,0.0,0.0,0.0,0.0
TN,2020-12-12,2020,50,18,22.0,3.0,21.0,0.0,6.0,8.0,8.5,9.5,26317.0,4919.0,18194.0,3527.0,0.69,0.0,0.72,0.0,36.00344827586207,0,20.0,25.0,24.0,0.0,0.0,0.0,0.0,0.0
TN,2020-12-19,2020,51,19,19.0,3.0,23.0,0.0,6.0,8.0,8.5,9.5,26264.0,4903.0,18344.0,3516.0,0.7,0.0,0.72,0.0,36.00344827586207,0,22.0,20.0,28.0,12.0,0.0,0.0,0.0,0.0
TN,2020-12-26,2020,52,20,34.0,7.0,41.0,0.0,6.0,8.0,8.5,9.5,26176.0,4884.0,16777.0,3350.0,0.64,0.0,0.69,0.0,36.00344827586207,0,19.0,22.0,25.0,19.0,0.0,0.0,0.0,0.0
TN,2021-01-02,2021,53,21,34.0,3.0,34.0,0.0,6.0,8.0,8.5,9.5,26243.0,4894.0,17613.0,3369.0,0.67,0.0,0.69,0.0,32.64971428571428,0,34.0,19.0,20.0,19.0,0.0,0.0,0.0,0.0
TN,2021-01-09,2021,1,22,22.0,2.0,26.0,0.0,6.0,8.0,8.5,9.5,26312.0,4881.0,17683.0,3338.0,0.67,0.0,0.68,0.0,32.64971428571428,0,34.0,34.0,22.0,24.0,0.0,0.0,0.0,0.0
TN,2021-01-16,2021,2,23,18.0,3.0,34.0,0.0,6.0,8.0,8.5,9.5,26128.0,4838.0,17609.0,3373.0,0.67,0.0,0.7,0.0,32.64971428571428,0,22.0,34.0,19.0,28.0,0.0,0.0,0.0,0.0
TN,2021-01-23,2021,3,24,23.0,5.0,26.0,0.0,6.0,8.0,8.5,9.5,26311.0,4881.0,18542.0,3566.0,0.7,0.0,0.73,0.0,32.64971428571428,0,18.0,22.0,34.0,25.0,0.0,0.0,0.0,0.0
TN,2021-01-30,2021,4,25,20.0,6.0,39.0,0.0,6.0,8.0,8.5,9.5,26243.0,4855.0,18238.0,3500.0,0.7,0.0,0.72,0.0,32.64971428571428,0,23.0,18.0,34.0,20.0,0.0,0.0,0.0,0.0
TN,2021-02-06,2021,5,26,27.0,6.0,44.0,0.0,6.0,8.0,8.5,9.5,26097.0,4817.0,17678.0,3341.0,0.68,0.0,0.69,0.0,32.64971428571428,0,20.0,23.0,22.0,22.0,0.0,0.0,0.0,0.0
TN,2021-02-13,2021,6,27,25.0,5.0,30.0,0.0,6.0,8.0,8.5,9.5,26191.0,4804.0,17696.0,3295.0,0.68,0.0,0.69,0.0,32.64971428571428,0,27.0,20.0,18.0,19.0,0.0,0.0,0.0,0.0
TN,2021-02-20,2021,7,28,18.0,5.0,29.0,0.0,6.0,8.0,8.5,9.5,26151.0,4802.0,17474.0,3188.0,0.67,0.0,0.66,0.0,32.64971428571428,0,25.0,27.0,23.0,34.0,0.0,0.0,0.0,0.0
TN,2021-02-27,2021,8,29,20.0,4.0,13.0,0.0,6.0,8.0,8.5,9.5,26354.0,4870.0,18029.0,3295.0,0.68,0.0,0.68,0.0,32.64971428571428,0,18.0,25.0,20.0,34.0,0.0,0.0,0.0,0.0
TN,2021-03-06,2021,9,30,14.0,3.0,22.0,0.0,6.0,8.0,8.5,9.5,26355.0,4869.0,18058.0,3291.0,0.69,0.0,0.68,0.0,32.64971428571428,0,20.0,18.0,27.0,22.0,0.0,0.0,0.0,0.0
TN,2021-03-13,2021,10,31,14.0,3.0,32.0,0.0,6.0,8.0,8.5,9.5,26325.0,4868.0,17888.0,3243.0,0.68,0.0,0.67,0.0,32.64971428571428,0,14.0,20.0,25.0,18.0,0.0,0.0,0.0,0.0
TN,2021-03-20,2021,11,32,16.0,4.0,24.0,0.0,6.0,8.0,8.5,9.5,26359.0,4888.0,17654.0,3210.0,0.67,0.0,0.66,0.0,32.64971428571428,0,14.0,14.0,18.0,23.0,0.0,0.0,0.0,0.0
TN,2021-03-27,2021,12,33,22.0,5.0,33.0,0.0,6.0,8.0,8.5,9.5,26362.0,4884.0,17821.0,3303.0,0.68,0.0,0.68,0.0,32.64971428571428,0,16.0,14.0,20.0,20.0,0.0,0.0,0.0,0.0
TN,2021-04-03,2021,13,34,22.0,9.0,25.0,0.0,6.0,8.0,8.5,9.5,26344.0,4864.0,17574.0,3270.0,0.67,0.0,0.67,0.0,32.64971428571428,0,22.0,16.0,14.0,27.0,0.0,0.0,0.0,0.0
TN,2021-04-10,2021,14,35,22.0,7.0,22.0,0.0,6.0,8.0,8.5,9.5,26411.0,4868.0,18047.0,3330.0,0.68,0.0,0.68,0.0,32.64971428571428,0,22.0,22.0,14.0,25.0,0.0,0.0,0.0,0.0
TN,2021-04-17,2021,15,36,17.0,4.0,28.0,0.0,6.0,8.0,8.5,9.5,26431.0,4867.0,18485.0,3390.0,0.7,0.0,0.7,0.0,32.64971428571428,0,22.0,22.0,16.0,18.0,0.0,0.0,0.0,0.0
TN,2021-04-24,2021,16,37,15.0,4.0,22.0,0.0,6.0,8.0,8.5,9.5,26532.0,4885.0,18499.0,3394.0,0.7,0.0,0.69,0.0,32.64971428571428,0,17.0,22.0,22.0,20.0,0.0,0.0,0.0,0.0
TN,2021-05-01,2021,17,38,17.0,4.0,17.0,0.0,6.0,8.0,8.5,9.5,26494.0,4872.0,18452.0,3345.0,0.7,0.0,0.69,0.0,32.64971428571428,0,15.0,17.0,22.0,14.0,0.0,0.0,0.0,0.0
TN,2021-05-08,2021,18,39,23.0,1.0,14.0,0.0,6.0,8.0,8.5,9.5,26505.0,4891.0,18354.0,3350.0,0.69,0.0,0.68,0.0,32.64971428571428,0,17.0,15.0,22.0,14.0,0.0,0.0,0.0,0.0
TN,2021-05-15,2021,19,40,9.0,1.0,24.0,0.0,6.0,8.0,8.5,9.5,26464.0,4875.0,18419.0,3376.0,0.7,0.0,0.69,0.0,32.64971428571428,0,23.0,17.0,17.0,16.0,0.0,0.0,0.0,0.0
TN,2021-05-22,2021,20,41,11.0,2.0,10.0,0.0,6.0,8.0,8.5,9.5,26491.0,4881.0,18534.0,3399.0,0.7,0.0,0.7,0.0,32.64971428571428,0,9.0,23.0,15.0,22.0,0.0,0.0,0.0,0.0
TN,2021-05-29,2021,21,42,7.0,1.0,5.0,0.0,6.0,8.0,8.5,9.5,26492.0,4886.0,18460.0,3398.0,0.7,0.0,0.7,0.0,32.64971428571428,0,11.0,9.0,17.0,22.0,0.0,0.0,0.0,0.0
TN,2021-06-05,2021,22,43,4.0,2.0,34.0,0.0,6.0,8.0,8.5,9.5,31687.0,5868.0,21532.0,4070.0,0.68,0.0,0.69,0.0,32.64971428571428,0,7.0,11.0,23.0,22.0,0.0,0.0,0.0,0.0
TN,2021-06-12,2021,23,44,12.0,1.0,11.0,0.0,6.0,8.0,8.5,9.5,31709.0,5848.0,21439.0,3961.0,0.68,0.0,0.68,0.0,32.64971428571428,0,4.0,7.0,9.0,17.0,0.0,0.0,0.0,0.0
TN,2021-06-19,2021,24,45,12.0,0.0,11.0,0.0,6.0,8.0,8.5,9.5,35789.0,6667.0,25317.0,4629.0,0.71,0.0,0.69,0.0,32.64971428571428,0,12.0,4.0,11.0,15.0,0.0,0.0,0.0,0.0
TN,2021-06-26,2021,25,46,13.0,4.0,10.0,0.0,6.0,8.0,8.5,9.5,35905.0,6661.0,24419.0,4561.0,0.68,0.0,0.68,0.0,32.64971428571428,0,12.0,12.0,7.0,17.0,0.0,0.0,0.0,0.0
TN,2021-07-03,2021,26,47,12.0,2.0,8.0,0.0,6.0,8.0,8.5,9.5,35708.0,6617.0,23941.0,4465.0,0.67,0.0,0.67,0.0,32.64971428571428,0,13.0,12.0,4.0,23.0,0.0,0.0,0.0,0.0
TN,2021-07-10,2021,27,48,7.0,2.0,6.0,0.0,6.0,8.0,8.5,9.5,35657.0,6627.0,23313.0,4487.0,0.65,0.0,0.68,0.0,32.64971428571428,0,12.0,13.0,12.0,9.0,0.0,0.0,0.0,0.0
TN,2021-07-17,2021,28,49,7.0,3.0,15.0,0.0,6.0,8.0,8.5,9.5,35695.0,6651.0,23999.0,4564.0,0.67,0.0,0.69,0.0,32.64971428571428,0,7.0,12.0,12.0,11.0,0.0,0.0,0.0,0.0
TN,2021-07-24,2021,29,50,11.0,3.0,2.0,0.0,6.0,8.0,8.5,9.5,35752.0,6673.0,24197.0,4578.0,0.68,0.0,0.69,0.0,32.64971428571428,0,7.0,7.0,13.0,7.0,0.0,0.0,0.0,0.0
TN,2021-07-31,2021,30,51,9.0,1.0,11.0,0.0,6.0,8.0,8.5,9.5,35657.0,6653.0,24311.0,4645.0,0.68,0.0,0.7,0.0,32.64971428571428,0,11.0,7.0,12.0,4.0,0.0,0.0,0.0,0.0
TN,2021-08-07,2021,31,52,8.0,1.0,8.0,0.0,6.0,8.0,8.5,9.5,35452.0,6628.0,24069.0,4656.0,0.68,0.0,0.7,0.0,32.64971428571428,0,9.0,11.0,7.0,12.0,0.0,0.0,0.0,0.0
TN,2021-08-14,2021,32,53,17.0,5.0,16.0,0.0,6.0,8.0,8.5,9.5,35287.0,6655.0,24499.0,4741.0,0.69,0.0,0.71,0.0,32.64971428571428,0,8.0,9.0,7.0,12.0,0.0,0.0,0.0,0.0
TN,2021-08-21,2021,33,54,20.0,1.0,9.0,0.0,6.0,8.0,8.5,9.5,35267.0,6772.0,24455.0,4859.0,0.69,0.0,0.72,0.0,32.64971428571428,0,17.0,8.0,11.0,13.0,0.0,0.0,0.0,0.0
TN,2021-08-28,2021,34,55,20.0,4.0,10.0,0.0,6.0,8.0,8.5,9.5,35316.0,6786.0,24727.0,4976.0,0.7,0.0,0.73,0.0,32.64971428571428,0,20.0,17.0,9.0,12.0,0.0,0.0,0.0,0.0
TN,2021-09-04,2021,35,56,25.0,6.0,19.0,0.0,6.0,8.0,8.5,9.5,35354.0,6823.0,24849.0,5086.0,0.7,0.0,0.75,0.0,32.64971428571428,0,20.0,20.0,8.0,7.0,0.0,0.0,0.0,0.0
TN,2021-09-11,2021,36,57,13.0,4.0,8.0,0.0,6.0,8.0,8.5,9.5,35005.0,6832.0,25013.0,5178.0,0.71,0.0,0.76,0.0,32.64971428571428,0,25.0,20.0,17.0,7.0,0.0,0.0,0.0,0.0
TN,2021-09-18,2021,37,58,19.0,4.0,14.0,0.0,6.0,8.0,8.5,9.5,34672.0,6840.0,25168.0,5194.0,0.73,0.0,0.76,0.0,32.64971428571428,0,13.0,25.0,20.0,11.0,0.0,0.0,0.0,0.0
TN,2021-09-25,2021,38,59,21.0,6.0,6.0,0.0,6.0,8.0,8.5,9.5,34683.0,6882.0,24566.0,5122.0,0.71,0.0,0.74,0.0,32.64971428571428,0,19.0,13.0,20.0,9.0,0.0,0.0,0.0,0.0
TN,2021-10-02,2021,39,60,13.0,3.0,8.0,0.0,6.0,8.0,8.5,9.5,34537.0,6832.0,24421.0,4997.0,0.71,0.0,0.73,0.0,32.64971428571428,0,21.0,19.0,25.0,8.0,0.0,0.0,0.0,0.0
TN,2021-10-09,2021,40,61,19.0,7.0,17.0,0.0,6.0,8.0,8.5,9.5,32372.0,6332.0,22866.0,4511.0,0.71,0.0,0.71,0.0,32.64971428571428,0,13.0,21.0,13.0,17.0,0.0,0.0,0.0,0.0
TN,2021-10-16,2021,41,62,7.0,0.0,3.0,0.0,6.0,8.0,8.5,9.5,17416.0,3388.0,12306.0,2376.0,0.71,0.0,0.7,0.0,32.64971428571428,0,19.0,13.0,19.0,20.0,0.0,0.0,0.0,0.0
TN,2021-10-23,2021,42,63,8.0,2.0,5.0,0.0,6.0,8.0,8.5,9.5,17482.0,3382.0,12234.0,2327.0,0.7,0.0,0.69,0.0,32.64971428571428,0,7.0,19.0,21.0,20.0,0.0,0.0,0.0,0.0
TN,2021-10-30,2021,43,64,9.0,1.0,7.0,0.0,6.0,8.0,8.5,9.5,17502.0,3383.0,12300.0,2281.0,0.7,0.0,0.67,0.0,32.64971428571428,0,8.0,7.0,13.0,25.0,0.0,0.0,0.0,0.0
TN,2021-11-06,2021,44,65,7.0,2.0,7.0,0.0,6.0,8.0,8.5,9.5,17528.0,3385.0,12171.0,2279.0,0.69,0.0,0.67,0.0,32.64971428571428,0,9.0,8.0,19.0,13.0,0.0,0.0,0.0,0.0
TN,2021-11-13,2021,45,66,8.0,3.0,8.0,0.0,6.0,8.0,8.5,9.5,17524.0,3383.0,12200.0,2271.0,0.7,0.0,0.67,0.0,32.64971428571428,0,7.0,9.0,7.0,19.0,0.0,0.0,0.0,0.0
TN,2021-11-20,2021,46,67,11.0,4.0,7.0,0.0,6.0,8.0,8.5,9.5,17532.0,3389.0,12304.0,2241.0,0.7,0.0,0.66,0.0,32.64971428571428,0,8.0,7.0,8.0,21.0,0.0,0.0,0.0,0.0
TN,2021-11-27,2021,47,68,14.0,2.0,12.0,0.0,6.0,8.0,8.5,9.5,17488.0,3394.0,11697.0,2218.0,0.67,0.0,0.65,0.0,32.64971428571428,0,11.0,8.0,9.0,13.0,0.0,0.0,0.0,0.0
TN,2021-12-04,2021,48,69,21.0,2.0,21.0,0.0,6.0,8.0,8.5,9.5,17520.0,3392.0,12392.0,2300.0,0.71,0.0,0.68,0.0,32.64971428571428,0,14.0,11.0,7.0,19.0,0.0,0.0,0.0,0.0
TN,2021-12-11,2021,49,70,33.0,7.0,25.0,0.0,6.0,8.0,8.5,9.5,17548.0,3398.0,12672.0,2336.0,0.72,0.0,0.69,0.0,32.64971428571428,0,21.0,14.0,8.0,7.0,0.0,0.0,0.0,0.0
TN,2021-12-18,2021,50,71,47.0,12.0,31.0,0.0,6.0,8.0,8.5,9.5,17546.0,3391.0,12689.0,2368.0,0.72,0.0,0.7,0.0,32.64971428571428,0,33.0,21.0,11.0,8.0,0.0,0.0,0.0,0.0
TN,2021-12-25,2021,51,72,61.0,8.0,54.0,0.0,6.0,8.0,8.5,9.5,17502.0,3381.0,11927.0,2232.0,0.68,0.0,0.66,0.0,32.64971428571428,0,47.0,33.0,14.0,9.0,0.0,0.0,0.0,0.0
TN,2022-01-01,2022,52,73,85.0,12.0,74.0,0.0,6.0,8.0,8.5,9.5,17453.0,3376.0,12016.0,2257.0,0.69,0.0,0.67,0.0,32.09771428571429,0,61.0,47.0,21.0,7.0,0.0,0.0,0.0,0.0
TN,2022-01-08,2022,1,74,77.0,9.0,66.0,0.0,6.0,8.0,8.5,9.5,17548.0,3430.0,12640.0,2403.0,0.72,0.0,0.7,0.0,32.09771428571429,0,85.0,61.0,33.0,8.0,0.0,0.0,0.0,0.0
TN,2022-01-15,2022,2,75,56.0,5.0,31.0,0.0,6.0,8.0,8.5,9.5,17684.0,3404.0,12979.0,2431.0,0.73,0.0,0.71,0.0,32.09771428571429,0,77.0,85.0,47.0,11.0,0.0,0.0,0.0,0.0
TN,2022-01-22,2022,3,76,44.0,5.0,23.0,0.0,6.0,8.0,8.5,9.5,17610.0,3361.0,12796.0,2378.0,0.73,0.0,0.71,0.0,32.09771428571429,0,56.0,77.0,61.0,14.0,0.0,0.0,0.0,0.0
TN,2022-01-29,2022,4,77,29.0,4.0,27.0,0.0,6.0,8.0,8.5,9.5,17502.0,3382.0,12906.0,2424.0,0.74,0.0,0.72,0.0,32.09771428571429,0,44.0,56.0,85.0,21.0,0.0,0.0,0.0,0.0
TN,2022-02-05,2022,5,78,34.0,4.0,31.0,0.0,6.0,8.0,8.5,9.5,17478.0,3387.0,12777.0,2404.0,0.73,0.0,0.71,0.0,32.09771428571429,0,29.0,44.0,77.0,33.0,0.0,0.0,0.0,0.0
TN,2022-02-12,2022,6,79,27.0,2.0,21.0,0.0,6.0,8.0,8.5,9.5,17500.0,3396.0,12910.0,2374.0,0.74,0.0,0.7,0.0,32.09771428571429,0,34.0,29.0,56.0,47.0,0.0,0.0,0.0,0.0
TN,2022-02-19,2022,7,80,23.0,2.0,26.0,0.0,6.0,8.0,8.5,9.5,17511.0,3401.0,12682.0,2332.0,0.72,0.0,0.69,0.0,32.09771428571429,0,27.0,34.0,44.0,61.0,0.0,0.0,0.0,0.0
TN,2022-02-26,2022,8,81,46.0,4.0,42.0,0.0,6.0,8.0,8.5,9.5,17513.0,3403.0,12436.0,2251.0,0.71,0.0,0.66,0.0,32.09771428571429,0,23.0,27.0,29.0,85.0,0.0,0.0,0.0,0.0
TN,2022-03-05,2022,9,82,31.0,4.0,29.0,0.0,6.0,8.0,8.5,9.5,17693.0,3404.0,12286.0,2220.0,0.69,0.0,0.65,0.0,32.09771428571429,0,46.0,23.0,34.0,77.0,0.0,0.0,0.0,0.0
TN,2022-03-12,2022,10,83,29.0,3.0,28.0,0.0,6.0,8.0,8.5,9.5,17775.0,3394.0,12389.0,2217.0,0.7,0.0,0.65,0.0,32.09771428571429,0,31.0,46.0,27.0,56.0,0.0,0.0,0.0,0.0
TN,2022-03-19,2022,11,84,24.0,2.0,28.0,0.0,6.0,8.0,8.5,9.5,17716.0,3390.0,12033.0,2113.0,0.68,0.0,0.62,0.0,32.09771428571429,0,29.0,31.0,23.0,44.0,0.0,0.0,0.0,0.0
TN,2022-03-26,2022,12,85,29.0,2.0,43.0,0.0,6.0,8.0,8.5,9.5,17563.0,3317.0,12131.0,2047.0,0.69,0.0,0.62,0.0,32.09771428571429,0,24.0,29.0,46.0,29.0,0.0,0.0,0.0,0.0
TN,2022-04-02,2022,13,86,28.0,2.0,38.0,0.0,6.0,8.0,8.5,9.5,17667.0,3365.0,12140.0,2097.0,0.69,0.0,0.62,0.0,32.09771428571429,0,29.0,24.0,31.0,34.0,0.0,0.0,0.0,0.0
TN,2022-04-09,2022,14,87,34.0,3.0,31.0,0.0,6.0,8.0,8.5,9.5,17682.0,3370.0,12187.0,2135.0,0.69,0.0,0.63,0.0,32.09771428571429,0,28.0,29.0,29.0,27.0,0.0,0.0,0.0,0.0
TN,2022-04-16,2022,15,88,36.0,2.0,35.0,0.0,6.0,8.0,8.5,9.5,17700.0,3373.0,12082.0,2122.0,0.68,0.0,0.63,0.0,32.09771428571429,0,34.0,28.0,24.0,23.0,0.0,0.0,0.0,0.0
TN,2022-04-23,2022,16,89,33.0,2.0,34.0,0.0,6.0,8.0,8.5,9.5,17468.0,3332.0,12286.0,2153.0,0.7,0.0,0.65,0.0,32.09771428571429,0,36.0,34.0,29.0,46.0,0.0,0.0,0.0,0.0
TN,2022-04-30,2022,17,90,36.0,5.0,35.0,0.0,6.0,8.0,8.5,9.5,17726.0,3371.0,12326.0,2152.0,0.7,0.0,0.64,0.0,32.09771428571429,0,33.0,36.0,28.0,31.0,0.0,0.0,0.0,0.0
TN,2022-05-07,2022,18,91,24.0,2.0,18.0,0.0,6.0,8.0,8.5,9.5,17753.0,3373.0,12268.0,2139.0,0.69,0.0,0.63,0.0,32.09771428571429,0,36.0,33.0,34.0,29.0,0.0,0.0,0.0,0.0
TN,2022-05-14,2022,19,92,24.0,2.0,30.0,0.0,6.0,8.0,8.5,9.5,17763.0,3374.0,12307.0,2158.0,0.69,0.0,0.64,0.0,32.09771428571429,0,24.0,36.0,36.0,24.0,0.0,0.0,0.0,0.0
TN,2022-05-21,2022,20,93,20.0,4.0,15.0,0.0,6.0,8.0,8.5,9.5,17729.0,3360.0,12327.0,2150.0,0.7,0.0,0.64,0.0,32.09771428571429,0,24.0,24.0,33.0,29.0,0.0,0.0,0.0,0.0
TN,2022-05-28,2022,21,94,18.0,2.0,18.0,0.0,6.0,8.0,8.5,9.5,17754.0,3369.0,12332.0,2141.0,0.69,0.0,0.64,0.0,32.09771428571429,0,20.0,24.0,36.0,28.0,0.0,0.0,0.0,0.0
TN,2022-06-04,2022,22,95,16.0,3.0,20.0,0.0,6.0,8.0,8.5,9.5,17756.0,3370.0,12147.0,2119.0,0.68,0.0,0.63,0.0,32.09771428571429,0,18.0,20.0,24.0,34.0,0.0,0.0,0.0,0.0
TN,2022-06-11,2022,23,96,17.0,3.0,18.0,0.0,6.0,8.0,8.5,9.5,17741.0,3363.0,12508.0,2177.0,0.71,0.0,0.65,0.0,32.09771428571429,0,16.0,18.0,24.0,36.0,0.0,0.0,0.0,0.0
TN,2022-06-18,2022,24,97,18.0,2.0,25.0,0.0,6.0,8.0,8.5,9.5,17723.0,3357.0,12620.0,2182.0,0.71,0.0,0.65,0.0,32.09771428571429,0,17.0,16.0,20.0,33.0,0.0,0.0,0.0,0.0
TN,2022-06-25,2022,25,98,17.0,2.0,15.0,0.0,6.0,8.0,8.5,9.5,17756.0,3365.0,12448.0,2214.0,0.7,0.0,0.66,0.0,32.09771428571429,0,18.0,17.0,18.0,36.0,0.0,0.0,0.0,0.0
TN,2022-07-02,2022,26,99,19.0,4.0,35.0,0.0,6.0,8.0,8.5,9.5,17697.0,3339.0,12561.0,2213.0,0.71,0.0,0.66,0.0,32.09771428571429,0,17.0,18.0,16.0,24.0,0.0,0.0,0.0,0.0
TN,2022-07-09,2022,27,100,18.0,1.0,9.0,0.0,6.0,8.0,8.5,9.5,17750.0,3361.0,12540.0,2186.0,0.71,0.0,0.65,0.0,32.09771428571429,0,19.0,17.0,17.0,24.0,0.0,0.0,0.0,0.0
TN,2022-07-16,2022,28,101,13.0,0.0,7.0,0.0,6.0,8.0,8.5,9.5,17729.0,3356.0,12682.0,2220.0,0.72,0.0,0.66,0.0,32.09771428571429,0,18.0,19.0,18.0,20.0,0.0,0.0,0.0,0.0
TN,2022-07-23,2022,29,102,13.0,2.0,11.0,0.0,6.0,8.0,8.5,9.5,17772.0,3362.0,12696.0,2227.0,0.71,0.0,0.66,0.0,32.09771428571429,0,13.0,18.0,17.0,18.0,0.0,0.0,0.0,0.0
TN,2022-07-30,2022,30,103,12.0,2.0,14.0,0.0,6.0,8.0,8.5,9.5,17768.0,3372.0,12708.0,2230.0,0.72,0.0,0.66,0.0,32.09771428571429,0,13.0,13.0,19.0,16.0,0.0,0.0,0.0,0.0
TN,2022-08-06,2022,31,104,12.0,2.0,17.0,0.0,6.0,8.0,8.5,9.5,17771.0,3358.0,12625.0,2244.0,0.71,0.0,0.67,0.0,32.09771428571429,0,12.0,13.0,18.0,17.0,0.0,0.0,0.0,0.0
TN,2022-08-13,2022,32,105,16.0,1.0,16.0,0.0,6.0,8.0,8.5,9.5,17845.0,3379.0,12726.0,2246.0,0.71,0.0,0.66,0.0,32.09771428571429,0,12.0,12.0,13.0,18.0,0.0,0.0,0.0,0.0
TN,2022-08-20,2022,33,106,14.0,3.0,13.0,0.0,6.0,8.0,8.5,9.5,17822.0,3378.0,12756.0,2257.0,0.72,0.0,0.67,0.0,32.09771428571429,0,16.0,12.0,13.0,17.0,0.0,0.0,0.0,0.0
TN,2022-08-27,2022,34,107,14.0,2.0,15.0,0.0,6.0,8.0,8.5,9.5,17835.0,3372.0,12871.0,2304.0,0.72,0.0,0.68,0.0,32.09771428571429,0,14.0,16.0,12.0,19.0,0.0,0.0,0.0,0.0
TN,2022-09-03,2022,35,108,14.0,1.0,14.0,0.0,6.0,8.0,8.5,9.5,17864.0,3402.0,12965.0,2287.0,0.73,0.0,0.67,0.0,32.09771428571429,0,14.0,14.0,12.0,18.0,0.0,0.0,0.0,0.0
TN,2022-09-10,2022,36,109,17.0,1.0,20.0,0.0,6.0,8.0,8.5,9.5,16719.0,3147.0,12679.0,2243.0,0.76,0.0,0.71,0.0,32.09771428571429,0,14.0,14.0,16.0,13.0,0.0,0.0,0.0,0.0
TN,2022-09-17,2022,37,110,20.0,1.0,17.0,0.0,6.0,8.0,8.5,9.5,17997.0,3361.0,12958.0,2231.0,0.72,0.0,0.66,0.0,32.09771428571429,0,17.0,14.0,14.0,13.0,0.0,0.0,0.0,0.0
TN,2022-09-24,2022,38,111,17.0,1.0,32.0,0.0,6.0,8.0,8.5,9.5,17981.0,3364.0,12890.0,2191.0,0.72,0.0,0.65,0.0,32.09771428571429,0,20.0,17.0,14.0,12.0,0.0,0.0,0.0,0.0
TN,2022-10-01,2022,39,112,27.0,2.0,38.0,0.0,6.0,8.0,8.5,9.5,17997.0,3357.0,12795.0,2178.0,0.71,0.0,0.65,0.0,32.09771428571429,0,17.0,20.0,14.0,12.0,0.0,0.0,0.0,0.0
TN,2022-10-08,2022,40,113,27.0,2.0,39.0,0.0,6.0,8.0,8.5,9.5,17961.0,3340.0,12724.0,2174.0,0.71,0.0,0.65,0.0,32.09771428571429,0,27.0,17.0,17.0,16.0,0.0,0.0,0.0,0.0
TN,2022-10-15,2022,41,114,46.0,2.0,59.0,0.0,6.0,8.0,8.5,9.5,18041.0,3354.0,12703.0,2208.0,0.7,0.0,0.66,0.0,32.09771428571429,0,27.0,27.0,20.0,14.0,0.0,0.0,0.0,0.0
TN,2022-10-22,2022,42,115,75.0,5.0,87.0,0.0,6.0,8.0,8.5,9.5,18089.0,3369.0,12882.0,2196.0,0.71,0.0,0.65,0.0,32.09771428571429,0,46.0,27.0,17.0,14.0,0.0,0.0,0.0,0.0
TN,2022-10-29,2022,43,116,102.0,6.0,122.0,0.0,6.0,8.0,8.5,9.5,18033.0,3364.0,13061.0,2277.0,0.72,0.01,0.68,0.0,32.09771428571429,0,75.0,46.0,27.0,14.0,0.0,0.0,0.0,0.0
TN,2022-11-05,2022,44,117,137.0,11.0,231.0,0.0,6.0,8.0,8.5,9.5,18016.0,3375.0,13027.0,2279.0,0.72,0.01,0.68,0.0,32.09771428571429,1,102.0,75.0,27.0,17.0,0.01,0.0,0.0,0.0
TN,2022-11-12,2022,45,118,226.0,20.0,311.0,0.0,6.0,8.0,8.5,9.5,17937.0,3367.0,12950.0,2274.0,0.72,0.01,0.68,0.01,32.09771428571429,1,137.0,102.0,46.0,20.0,0.01,0.01,0.0,0.0
TN,2022-11-19,2022,46,119,249.0,13.0,285.0,0.0,6.0,8.0,8.5,9.5,17952.0,3373.0,13015.0,2282.0,0.72,0.01,0.68,0.0,32.09771428571429,1,226.0,137.0,75.0,17.0,0.01,0.01,0.0,0.0
TN,2022-11-26,2022,47,120,319.0,25.0,471.0,0.0,6.0,8.0,8.5,9.5,17953.0,3373.0,12681.0,2244.0,0.71,0.02,0.67,0.01,32.09771428571429,1,249.0,226.0,102.0,27.0,0.01,0.01,0.01,0.0
TN,2022-12-03,2022,48,121,540.0,59.0,687.0,0.0,6.0,8.0,8.5,9.5,17992.0,3383.0,13348.0,2339.0,0.74,0.03,0.69,0.02,32.09771428571429,1,319.0,249.0,137.0,27.0,0.02,0.01,0.01,0.0
TN,2022-12-10,2022,49,122,481.0,52.0,486.0,0.0,6.0,8.0,8.5,9.5,18010.0,3375.0,13486.0,2358.0,0.75,0.03,0.7,0.02,32.09771428571429,1,540.0,319.0,226.0,46.0,0.03,0.02,0.01,0.0
TN,2022-12-17,2022,50,123,336.0,42.0,258.0,0.0,6.0,8.0,8.5,9.5,18406.0,3483.0,13656.0,2379.0,0.74,0.02,0.68,0.01,32.09771428571429,1,481.0,540.0,249.0,75.0,0.03,0.03,0.01,0.0
TN,2022-12-24,2022,51,124,233.0,31.0,226.0,0.0,6.0,8.0,8.5,9.5,18076.0,3432.0,12853.0,2293.0,0.71,0.01,0.67,0.01,32.09771428571429,1,336.0,481.0,319.0,102.0,0.02,0.03,0.02,0.01
TN,2022-12-31,2022,52,125,220.0,27.0,248.0,0.0,6.0,8.0,8.5,9.5,17906.0,3377.0,12579.0,2231.0,0.7,0.01,0.66,0.01,32.09771428571429,1,233.0,336.0,540.0,137.0,0.01,0.02,0.03,0.01
TX,2020-10-03,2020,40,8,70.0,12.0,109.0,0.0,21.0,18.0,16.5,21.5,87720.0,12868.0,61817.0,9664.0,0.7,0.0,0.75,0.0,33.821698113207546,0,70.0,70.0,70.0,70.0,0.0,0.0,0.0,0.0
TX,2020-10-10,2020,41,9,70.0,12.0,109.0,0.0,21.0,18.0,16.5,21.5,87722.0,12945.0,62948.0,9829.0,0.72,0.0,0.76,0.0,33.821698113207546,0,70.0,70.0,70.0,70.0,0.0,0.0,0.0,0.0
TX,2020-10-17,2020,42,10,21.0,6.0,3.0,0.0,21.0,18.0,16.5,21.5,86659.0,13388.0,63654.0,10425.0,0.73,0.0,0.78,0.0,33.821698113207546,0,70.0,70.0,70.0,70.0,0.0,0.0,0.0,0.0
TX,2020-10-24,2020,43,11,49.0,12.0,66.0,0.0,21.0,18.0,16.5,21.5,86965.0,13171.0,64102.0,10190.0,0.74,0.0,0.77,0.0,33.821698113207546,0,21.0,70.0,70.0,70.0,0.0,0.0,0.0,0.0
TX,2020-10-31,2020,44,12,69.0,18.0,134.0,0.0,21.0,18.0,16.5,21.5,84123.0,13136.0,60974.0,10027.0,0.72,0.0,0.76,0.0,33.821698113207546,0,49.0,21.0,70.0,70.0,0.0,0.0,0.0,0.0
TX,2020-11-07,2020,45,13,118.0,28.0,177.0,0.0,21.0,18.0,16.5,21.5,87503.0,13558.0,64524.0,10528.0,0.74,0.0,0.78,0.0,33.821698113207546,0,69.0,49.0,70.0,70.0,0.0,0.0,0.0,0.0
TX,2020-11-14,2020,46,14,137.0,21.0,171.0,0.0,21.0,18.0,16.5,21.5,88620.0,13792.0,66685.0,10924.0,0.75,0.0,0.79,0.0,33.821698113207546,0,118.0,69.0,21.0,70.0,0.0,0.0,0.0,0.0
TX,2020-11-21,2020,47,15,173.0,22.0,184.0,0.0,21.0,18.0,16.5,21.5,90541.0,13805.0,67192.0,11145.0,0.74,0.0,0.81,0.0,33.821698113207546,0,137.0,118.0,49.0,70.0,0.0,0.0,0.0,0.0
TX,2020-11-28,2020,48,16,165.0,22.0,221.0,0.0,21.0,18.0,16.5,21.5,88926.0,13689.0,63664.0,10972.0,0.72,0.0,0.8,0.0,33.821698113207546,0,173.0,137.0,69.0,70.0,0.0,0.0,0.0,0.0
TX,2020-12-05,2020,49,17,184.0,18.0,247.0,0.0,21.0,18.0,16.5,21.5,89409.0,13750.0,65379.0,11179.0,0.73,0.0,0.81,0.0,33.821698113207546,0,165.0,173.0,118.0,70.0,0.0,0.0,0.0,0.0
TX,2020-12-12,2020,50,18,189.0,23.0,217.0,0.0,21.0,18.0,16.5,21.5,89210.0,13891.0,66373.0,11472.0,0.74,0.0,0.83,0.0,33.821698113207546,0,184.0,165.0,137.0,21.0,0.0,0.0,0.0,0.0
TX,2020-12-19,2020,51,19,218.0,22.0,264.0,0.0,21.0,18.0,16.5,21.5,89776.0,14038.0,66843.0,11567.0,0.74,0.0,0.82,0.0,33.821698113207546,0,189.0,184.0,173.0,49.0,0.0,0.0,0.0,0.0
TX,2020-12-26,2020,52,20,253.0,25.0,265.0,0.0,21.0,18.0,16.5,21.5,89317.0,14072.0,64268.0,11520.0,0.72,0.0,0.82,0.0,33.821698113207546,0,218.0,189.0,165.0,69.0,0.0,0.0,0.0,0.0
TX,2021-01-02,2021,53,21,235.0,28.0,250.0,0.0,21.0,18.0,16.5,21.5,88128.0,13727.0,65381.0,11367.0,0.74,0.0,0.83,0.0,31.945454545454545,0,253.0,218.0,184.0,118.0,0.0,0.0,0.0,0.0
TX,2021-01-09,2021,1,22,104.0,31.0,127.0,0.0,21.0,18.0,16.5,21.5,86155.0,13812.0,66316.0,11692.0,0.77,0.0,0.85,0.0,31.945454545454545,0,235.0,253.0,189.0,137.0,0.0,0.0,0.0,0.0
TX,2021-01-16,2021,2,23,88.0,39.0,124.0,0.0,21.0,18.0,16.5,21.5,87013.0,14075.0,66812.0,11877.0,0.77,0.0,0.84,0.0,31.945454545454545,0,104.0,235.0,218.0,173.0,0.0,0.0,0.0,0.0
TX,2021-01-23,2021,3,24,97.0,30.0,337.0,0.0,21.0,18.0,16.5,21.5,87570.0,14380.0,67695.0,12271.0,0.77,0.0,0.85,0.0,31.945454545454545,0,88.0,104.0,253.0,165.0,0.0,0.0,0.0,0.0
TX,2021-01-30,2021,4,25,87.0,20.0,123.0,0.0,21.0,18.0,16.5,21.5,88369.0,14264.0,67831.0,12039.0,0.77,0.0,0.84,0.0,31.945454545454545,0,97.0,88.0,235.0,184.0,0.0,0.0,0.0,0.0
TX,2021-02-06,2021,5,26,78.0,20.0,146.0,0.0,21.0,18.0,16.5,21.5,88045.0,14009.0,66716.0,11737.0,0.76,0.0,0.84,0.0,31.945454545454545,0,87.0,97.0,104.0,189.0,0.0,0.0,0.0,0.0
TX,2021-02-13,2021,6,27,92.0,16.0,120.0,0.0,21.0,18.0,16.5,21.5,87257.0,13838.0,65338.0,11379.0,0.75,0.0,0.82,0.0,31.945454545454545,0,78.0,87.0,88.0,218.0,0.0,0.0,0.0,0.0
TX,2021-02-20,2021,7,28,88.0,22.0,108.0,0.0,21.0,18.0,16.5,21.5,81453.0,13162.0,60633.0,10766.0,0.74,0.0,0.82,0.0,31.945454545454545,0,92.0,78.0,97.0,253.0,0.0,0.0,0.0,0.0
TX,2021-02-27,2021,8,29,76.0,20.0,79.0,0.0,21.0,18.0,16.5,21.5,111683.0,13741.0,91290.0,11273.0,0.82,0.0,0.82,0.0,31.945454545454545,0,88.0,92.0,87.0,235.0,0.0,0.0,0.0,0.0
TX,2021-03-06,2021,9,30,76.0,22.0,82.0,0.0,21.0,18.0,16.5,21.5,86754.0,13675.0,65255.0,10977.0,0.75,0.0,0.8,0.0,31.945454545454545,0,76.0,88.0,78.0,104.0,0.0,0.0,0.0,0.0
TX,2021-03-13,2021,10,31,66.0,15.0,120.0,0.0,21.0,18.0,16.5,21.5,86123.0,13338.0,63644.0,10493.0,0.74,0.0,0.79,0.0,31.945454545454545,0,76.0,76.0,92.0,88.0,0.0,0.0,0.0,0.0
TX,2021-03-20,2021,11,32,45.0,11.0,50.0,0.0,21.0,18.0,16.5,21.5,85758.0,13199.0,61662.0,10124.0,0.72,0.0,0.77,0.0,31.945454545454545,0,66.0,76.0,88.0,97.0,0.0,0.0,0.0,0.0
TX,2021-03-27,2021,12,33,42.0,11.0,55.0,0.0,21.0,18.0,16.5,21.5,85772.0,13015.0,61795.0,9870.0,0.72,0.0,0.76,0.0,31.945454545454545,0,45.0,66.0,76.0,87.0,0.0,0.0,0.0,0.0
TX,2021-04-03,2021,13,34,47.0,12.0,55.0,0.0,21.0,18.0,16.5,21.5,85472.0,12989.0,61286.0,9875.0,0.72,0.0,0.76,0.0,31.945454545454545,0,42.0,45.0,76.0,78.0,0.0,0.0,0.0,0.0
TX,2021-04-10,2021,14,35,44.0,12.0,61.0,0.0,21.0,18.0,16.5,21.5,85261.0,12880.0,61443.0,9920.0,0.72,0.0,0.77,0.0,31.945454545454545,0,47.0,42.0,66.0,92.0,0.0,0.0,0.0,0.0
TX,2021-04-17,2021,15,36,28.0,13.0,41.0,0.0,21.0,18.0,16.5,21.5,85149.0,12925.0,62641.0,10034.0,0.74,0.0,0.78,0.0,31.945454545454545,0,44.0,47.0,45.0,88.0,0.0,0.0,0.0,0.0
TX,2021-04-24,2021,16,37,34.0,15.0,54.0,0.0,21.0,18.0,16.5,21.5,84811.0,12725.0,61920.0,9781.0,0.73,0.0,0.77,0.0,31.945454545454545,0,28.0,44.0,42.0,76.0,0.0,0.0,0.0,0.0
TX,2021-05-01,2021,17,38,46.0,14.0,50.0,0.0,21.0,18.0,16.5,21.5,84975.0,12735.0,62756.0,9835.0,0.74,0.0,0.77,0.0,31.945454545454545,0,34.0,28.0,47.0,76.0,0.0,0.0,0.0,0.0
TX,2021-05-08,2021,18,39,39.0,18.0,36.0,0.0,21.0,18.0,16.5,21.5,84823.0,12663.0,62636.0,9745.0,0.74,0.0,0.77,0.0,31.945454545454545,0,46.0,34.0,44.0,66.0,0.0,0.0,0.0,0.0
TX,2021-05-15,2021,19,40,30.0,12.0,35.0,0.0,21.0,18.0,16.5,21.5,84320.0,12464.0,61784.0,9420.0,0.73,0.0,0.76,0.0,31.945454545454545,0,39.0,46.0,28.0,45.0,0.0,0.0,0.0,0.0
TX,2021-05-22,2021,20,41,25.0,10.0,41.0,0.0,21.0,18.0,16.5,21.5,83879.0,12496.0,61320.0,9410.0,0.73,0.0,0.75,0.0,31.945454545454545,0,30.0,39.0,34.0,42.0,0.0,0.0,0.0,0.0
TX,2021-05-29,2021,21,42,29.0,12.0,38.0,0.0,21.0,18.0,16.5,21.5,83948.0,12317.0,61722.0,9285.0,0.74,0.0,0.75,0.0,31.945454545454545,0,25.0,30.0,46.0,47.0,0.0,0.0,0.0,0.0
TX,2021-06-05,2021,22,43,28.0,11.0,46.0,0.0,21.0,18.0,16.5,21.5,83716.0,12305.0,60667.0,9162.0,0.72,0.0,0.74,0.0,31.945454545454545,0,29.0,25.0,39.0,44.0,0.0,0.0,0.0,0.0
TX,2021-06-12,2021,23,44,36.0,10.0,39.0,0.0,21.0,18.0,16.5,21.5,84574.0,12364.0,62784.0,9519.0,0.74,0.0,0.77,0.0,31.945454545454545,0,28.0,29.0,30.0,28.0,0.0,0.0,0.0,0.0
TX,2021-06-19,2021,24,45,23.0,6.0,34.0,0.0,21.0,18.0,16.5,21.5,73606.0,10349.0,55354.0,8127.0,0.75,0.0,0.79,0.0,31.945454545454545,0,36.0,28.0,25.0,34.0,0.0,0.0,0.0,0.0
TX,2021-06-26,2021,25,46,17.0,5.0,36.0,0.0,21.0,18.0,16.5,21.5,56534.0,7369.0,43140.0,6144.0,0.76,0.0,0.83,0.0,31.945454545454545,0,23.0,36.0,29.0,46.0,0.0,0.0,0.0,0.0
TX,2021-07-03,2021,26,47,14.0,4.0,54.0,0.0,21.0,18.0,16.5,21.5,56769.0,7391.0,42750.0,6140.0,0.75,0.0,0.83,0.0,31.945454545454545,0,17.0,23.0,28.0,39.0,0.0,0.0,0.0,0.0
TX,2021-07-10,2021,27,48,18.0,2.0,76.0,0.0,21.0,18.0,16.5,21.5,56104.0,7426.0,42505.0,6126.0,0.76,0.0,0.82,0.0,31.945454545454545,0,14.0,17.0,36.0,30.0,0.0,0.0,0.0,0.0
TX,2021-07-17,2021,28,49,20.0,3.0,84.0,0.0,21.0,18.0,16.5,21.5,57066.0,7339.0,43877.0,6277.0,0.77,0.0,0.86,0.0,31.945454545454545,0,18.0,14.0,23.0,25.0,0.0,0.0,0.0,0.0
TX,2021-07-24,2021,29,50,21.0,5.0,74.0,0.0,21.0,18.0,16.5,21.5,57593.0,7418.0,44768.0,6512.0,0.78,0.0,0.88,0.0,31.945454545454545,0,20.0,18.0,17.0,29.0,0.0,0.0,0.0,0.0
TX,2021-07-31,2021,30,51,29.0,6.0,41.0,0.0,21.0,18.0,16.5,21.5,57031.0,7590.0,45301.0,6678.0,0.79,0.0,0.88,0.0,31.945454545454545,0,21.0,20.0,14.0,28.0,0.0,0.0,0.0,0.0
TX,2021-08-07,2021,31,52,25.0,6.0,25.0,0.0,21.0,18.0,16.5,21.5,56941.0,7710.0,45684.0,6937.0,0.8,0.0,0.9,0.0,31.945454545454545,0,29.0,21.0,18.0,36.0,0.0,0.0,0.0,0.0
TX,2021-08-14,2021,32,53,22.0,5.0,16.0,0.0,21.0,18.0,16.5,21.5,57126.0,7852.0,46555.0,7229.0,0.81,0.0,0.92,0.0,31.945454545454545,0,25.0,29.0,20.0,23.0,0.0,0.0,0.0,0.0
TX,2021-08-21,2021,33,54,15.0,4.0,14.0,0.0,21.0,18.0,16.5,21.5,57341.0,8027.0,46767.0,7432.0,0.82,0.0,0.93,0.0,31.945454545454545,0,22.0,25.0,21.0,17.0,0.0,0.0,0.0,0.0
TX,2021-08-28,2021,34,55,11.0,3.0,11.0,0.0,21.0,18.0,16.5,21.5,57921.0,8286.0,47506.0,7749.0,0.82,0.0,0.94,0.0,31.945454545454545,0,15.0,22.0,29.0,14.0,0.0,0.0,0.0,0.0
TX,2021-09-04,2021,35,56,13.0,2.0,15.0,0.0,21.0,18.0,16.5,21.5,58086.0,8567.0,47725.0,7990.0,0.82,0.0,0.93,0.0,31.945454545454545,0,11.0,15.0,25.0,18.0,0.0,0.0,0.0,0.0
TX,2021-09-11,2021,36,57,16.0,3.0,20.0,0.0,21.0,18.0,16.5,21.5,58184.0,8680.0,47735.0,8078.0,0.82,0.0,0.93,0.0,31.945454545454545,0,13.0,11.0,22.0,20.0,0.0,0.0,0.0,0.0
TX,2021-09-18,2021,37,58,17.0,5.0,17.0,0.0,21.0,18.0,16.5,21.5,58359.0,8671.0,48295.0,8064.0,0.83,0.0,0.93,0.0,31.945454545454545,0,16.0,13.0,15.0,21.0,0.0,0.0,0.0,0.0
TX,2021-09-25,2021,38,59,14.0,6.0,13.0,0.0,21.0,18.0,16.5,21.5,58561.0,8605.0,48059.0,8000.0,0.82,0.0,0.93,0.0,31.945454545454545,0,17.0,16.0,11.0,29.0,0.0,0.0,0.0,0.0
TX,2021-10-02,2021,39,60,13.0,5.0,15.0,0.0,21.0,18.0,16.5,21.5,58012.0,8399.0,46529.0,7697.0,0.8,0.0,0.92,0.0,31.945454545454545,0,14.0,17.0,13.0,25.0,0.0,0.0,0.0,0.0
TX,2021-10-09,2021,40,61,16.0,5.0,20.0,0.0,21.0,18.0,16.5,21.5,57194.0,8301.0,45795.0,7466.0,0.8,0.0,0.9,0.0,31.945454545454545,0,13.0,14.0,16.0,22.0,0.0,0.0,0.0,0.0
TX,2021-10-16,2021,41,62,14.0,5.0,13.0,0.0,21.0,18.0,16.5,21.5,57478.0,8018.0,44981.0,7161.0,0.78,0.0,0.89,0.0,31.945454545454545,0,16.0,13.0,17.0,15.0,0.0,0.0,0.0,0.0
TX,2021-10-23,2021,42,63,10.0,4.0,6.0,0.0,21.0,18.0,16.5,21.5,58038.0,7816.0,44476.0,6892.0,0.77,0.0,0.88,0.0,31.945454545454545,0,14.0,16.0,14.0,11.0,0.0,0.0,0.0,0.0
TX,2021-10-30,2021,43,64,9.0,2.0,15.0,0.0,21.0,18.0,16.5,21.5,57561.0,7692.0,43575.0,6680.0,0.76,0.0,0.87,0.0,31.945454545454545,0,10.0,14.0,13.0,13.0,0.0,0.0,0.0,0.0
TX,2021-11-06,2021,44,65,14.0,4.0,18.0,0.0,21.0,18.0,16.5,21.5,57224.0,7681.0,43028.0,6615.0,0.75,0.0,0.86,0.0,31.945454545454545,0,9.0,10.0,16.0,16.0,0.0,0.0,0.0,0.0
TX,2021-11-13,2021,45,66,18.0,3.0,20.0,0.0,21.0,18.0,16.5,21.5,57528.0,7665.0,43630.0,6621.0,0.76,0.0,0.86,0.0,31.945454545454545,0,14.0,9.0,14.0,17.0,0.0,0.0,0.0,0.0
TX,2021-11-20,2021,46,67,18.0,4.0,23.0,0.0,21.0,18.0,16.5,21.5,57289.0,7573.0,43950.0,6567.0,0.77,0.0,0.87,0.0,31.945454545454545,0,18.0,14.0,10.0,14.0,0.0,0.0,0.0,0.0
TX,2021-11-27,2021,47,68,19.0,4.0,18.0,0.0,21.0,18.0,16.5,21.5,54088.0,7170.0,39672.0,6114.0,0.73,0.0,0.85,0.0,31.945454545454545,0,18.0,18.0,9.0,13.0,0.0,0.0,0.0,0.0
TX,2021-12-04,2021,48,69,27.0,5.0,35.0,0.0,21.0,18.0,16.5,21.5,56781.0,7490.0,43567.0,6606.0,0.77,0.0,0.88,0.0,31.945454545454545,0,19.0,18.0,14.0,16.0,0.0,0.0,0.0,0.0
TX,2021-12-11,2021,49,70,31.0,7.0,34.0,0.0,21.0,18.0,16.5,21.5,57162.0,7474.0,44822.0,6694.0,0.78,0.0,0.9,0.0,31.945454545454545,0,27.0,19.0,18.0,14.0,0.0,0.0,0.0,0.0
TX,2021-12-18,2021,50,71,36.0,6.0,54.0,0.0,21.0,18.0,16.5,21.5,56732.0,7452.0,44317.0,6629.0,0.78,0.0,0.89,0.0,31.945454545454545,0,31.0,27.0,18.0,10.0,0.0,0.0,0.0,0.0
TX,2021-12-25,2021,51,72,36.0,5.0,55.0,0.0,21.0,18.0,16.5,21.5,55130.0,7159.0,41406.0,6271.0,0.75,0.0,0.88,0.0,31.945454545454545,0,36.0,31.0,19.0,9.0,0.0,0.0,0.0,0.0
TX,2022-01-01,2022,52,73,54.0,7.0,75.0,0.0,21.0,18.0,16.5,21.5,54777.0,7124.0,41648.0,6330.0,0.76,0.0,0.89,0.0,30.48842105263158,0,36.0,36.0,27.0,14.0,0.0,0.0,0.0,0.0
TX,2022-01-08,2022,1,74,46.0,2.0,73.0,0.0,21.0,18.0,16.5,21.5,56002.0,7289.0,43761.0,6642.0,0.78,0.0,0.91,0.0,30.48842105263158,0,54.0,36.0,31.0,18.0,0.0,0.0,0.0,0.0
TX,2022-01-15,2022,2,75,55.0,4.0,49.0,0.0,21.0,18.0,16.5,21.5,56946.0,7548.0,45276.0,6938.0,0.8,0.0,0.92,0.0,30.48842105263158,0,46.0,54.0,36.0,18.0,0.0,0.0,0.0,0.0
TX,2022-01-22,2022,3,76,47.0,8.0,61.0,0.0,21.0,18.0,16.5,21.5,57241.0,7670.0,45958.0,7105.0,0.8,0.0,0.93,0.0,30.48842105263158,0,55.0,46.0,36.0,19.0,0.0,0.0,0.0,0.0
TX,2022-01-29,2022,4,77,41.0,10.0,55.0,0.0,21.0,18.0,16.5,21.5,57073.0,7719.0,45990.0,7173.0,0.81,0.0,0.93,0.0,30.48842105263158,0,47.0,55.0,54.0,27.0,0.0,0.0,0.0,0.0
TX,2022-02-05,2022,5,78,79.0,15.0,86.0,0.0,21.0,18.0,16.5,21.5,56926.0,7749.0,45577.0,7156.0,0.8,0.0,0.92,0.0,30.48842105263158,0,41.0,47.0,46.0,31.0,0.0,0.0,0.0,0.0
TX,2022-02-12,2022,6,79,85.0,16.0,133.0,0.0,21.0,18.0,16.5,21.5,56155.0,7606.0,44560.0,6953.0,0.79,0.0,0.91,0.0,30.48842105263158,0,79.0,41.0,55.0,36.0,0.0,0.0,0.0,0.0
TX,2022-02-19,2022,7,80,101.0,20.0,227.0,0.0,21.0,18.0,16.5,21.5,57001.0,7648.0,45147.0,6876.0,0.79,0.0,0.9,0.0,30.48842105263158,0,85.0,79.0,47.0,36.0,0.0,0.0,0.0,0.0
TX,2022-02-26,2022,8,81,116.0,25.0,323.0,0.0,21.0,18.0,16.5,21.5,56451.0,7505.0,44374.0,6678.0,0.79,0.0,0.89,0.0,30.48842105263158,0,101.0,85.0,41.0,54.0,0.0,0.0,0.0,0.0
TX,2022-03-05,2022,9,82,126.0,25.0,305.0,0.0,21.0,18.0,16.5,21.5,56564.0,7337.0,43877.0,6416.0,0.78,0.0,0.87,0.0,30.48842105263158,0,116.0,101.0,79.0,46.0,0.0,0.0,0.0,0.0
TX,2022-03-12,2022,10,83,174.0,25.0,408.0,0.0,21.0,18.0,16.5,21.5,55623.0,7228.0,42919.0,6251.0,0.77,0.0,0.86,0.0,30.48842105263158,0,126.0,116.0,85.0,55.0,0.0,0.0,0.0,0.0
TX,2022-03-19,2022,11,84,218.0,31.0,592.0,0.0,21.0,18.0,16.5,21.5,55331.0,7038.0,41959.0,6036.0,0.76,0.0,0.86,0.0,30.48842105263158,0,174.0,126.0,101.0,47.0,0.0,0.0,0.0,0.0
TX,2022-03-26,2022,12,85,235.0,29.0,595.0,0.0,21.0,18.0,16.5,21.5,55898.0,7046.0,42764.0,6101.0,0.76,0.0,0.87,0.0,30.48842105263158,0,218.0,174.0,116.0,41.0,0.0,0.0,0.0,0.0
TX,2022-04-02,2022,13,86,216.0,34.0,527.0,0.0,21.0,18.0,16.5,21.5,55766.0,6998.0,42664.0,6054.0,0.77,0.0,0.87,0.0,30.48842105263158,0,235.0,218.0,126.0,79.0,0.0,0.0,0.0,0.0
TX,2022-04-09,2022,14,87,167.0,29.0,352.0,0.0,21.0,18.0,16.5,21.5,55632.0,6990.0,42333.0,6001.0,0.76,0.0,0.86,0.0,30.48842105263158,0,216.0,235.0,174.0,85.0,0.0,0.0,0.0,0.0
TX,2022-04-16,2022,15,88,145.0,26.0,330.0,0.0,21.0,18.0,16.5,21.5,55061.0,6922.0,41686.0,5870.0,0.76,0.0,0.85,0.0,30.48842105263158,0,167.0,216.0,218.0,101.0,0.0,0.0,0.0,0.0
TX,2022-04-23,2022,16,89,158.0,26.0,411.0,0.0,21.0,18.0,16.5,21.5,54643.0,6849.0,41221.0,5749.0,0.75,0.0,0.84,0.0,30.48842105263158,0,145.0,167.0,235.0,116.0,0.0,0.0,0.0,0.0
TX,2022-04-30,2022,17,90,121.0,24.0,171.0,0.0,21.0,18.0,16.5,21.5,54910.0,6939.0,41353.0,5842.0,0.75,0.0,0.84,0.0,30.48842105263158,0,158.0,145.0,216.0,126.0,0.0,0.0,0.0,0.0
TX,2022-05-07,2022,18,91,88.0,20.0,131.0,0.0,21.0,18.0,16.5,21.5,54665.0,6931.0,41232.0,5827.0,0.75,0.0,0.84,0.0,30.48842105263158,0,121.0,158.0,167.0,174.0,0.0,0.0,0.0,0.0
TX,2022-05-14,2022,19,92,81.0,17.0,144.0,0.0,21.0,18.0,16.5,21.5,54810.0,6915.0,41792.0,5884.0,0.76,0.0,0.85,0.0,30.48842105263158,0,88.0,121.0,145.0,218.0,0.0,0.0,0.0,0.0
TX,2022-05-21,2022,20,93,75.0,13.0,129.0,0.0,21.0,18.0,16.5,21.5,54881.0,6887.0,42045.0,5826.0,0.77,0.0,0.85,0.0,30.48842105263158,0,81.0,88.0,158.0,235.0,0.0,0.0,0.0,0.0
TX,2022-05-28,2022,21,94,60.0,11.0,115.0,0.0,21.0,18.0,16.5,21.5,54715.0,6915.0,41969.0,5851.0,0.77,0.0,0.85,0.0,30.48842105263158,0,75.0,81.0,121.0,216.0,0.0,0.0,0.0,0.0
TX,2022-06-04,2022,22,95,60.0,11.0,88.0,0.0,21.0,18.0,16.5,21.5,54560.0,6906.0,41862.0,5832.0,0.77,0.0,0.84,0.0,30.48842105263158,0,60.0,75.0,88.0,167.0,0.0,0.0,0.0,0.0
TX,2022-06-11,2022,23,96,55.0,10.0,76.0,0.0,21.0,18.0,16.5,21.5,54947.0,6937.0,42550.0,5902.0,0.77,0.0,0.85,0.0,30.48842105263158,0,60.0,60.0,81.0,145.0,0.0,0.0,0.0,0.0
TX,2022-06-18,2022,24,97,50.0,12.0,110.0,0.0,21.0,18.0,16.5,21.5,55217.0,7022.0,42935.0,6051.0,0.78,0.0,0.86,0.0,30.48842105263158,0,55.0,60.0,75.0,158.0,0.0,0.0,0.0,0.0
TX,2022-06-25,2022,25,98,50.0,10.0,92.0,0.0,21.0,18.0,16.5,21.5,54780.0,7058.0,42834.0,6095.0,0.78,0.0,0.86,0.0,30.48842105263158,0,50.0,55.0,60.0,121.0,0.0,0.0,0.0,0.0
TX,2022-07-02,2022,26,99,40.0,8.0,80.0,0.0,21.0,18.0,16.5,21.5,54929.0,7024.0,42739.0,6038.0,0.78,0.0,0.86,0.0,30.48842105263158,0,50.0,50.0,60.0,88.0,0.0,0.0,0.0,0.0
TX,2022-07-09,2022,27,100,33.0,3.0,56.0,0.0,21.0,18.0,16.5,21.5,55343.0,6974.0,42841.0,5951.0,0.77,0.0,0.85,0.0,30.48842105263158,0,40.0,50.0,55.0,81.0,0.0,0.0,0.0,0.0
TX,2022-07-16,2022,28,101,40.0,4.0,83.0,0.0,21.0,18.0,16.5,21.5,54719.0,6965.0,43070.0,6056.0,0.79,0.0,0.87,0.0,30.48842105263158,0,33.0,40.0,50.0,75.0,0.0,0.0,0.0,0.0
TX,2022-07-23,2022,29,102,35.0,4.0,82.0,0.0,21.0,18.0,16.5,21.5,54635.0,7044.0,43213.0,6121.0,0.79,0.0,0.87,0.0,30.48842105263158,0,40.0,33.0,50.0,60.0,0.0,0.0,0.0,0.0
TX,2022-07-30,2022,30,103,27.0,5.0,62.0,0.0,21.0,18.0,16.5,21.5,54772.0,7057.0,43254.0,6133.0,0.79,0.0,0.87,0.0,30.48842105263158,0,35.0,40.0,40.0,60.0,0.0,0.0,0.0,0.0
TX,2022-08-06,2022,31,104,29.0,8.0,60.0,0.0,21.0,18.0,16.5,21.5,54982.0,7064.0,43183.0,6052.0,0.79,0.0,0.86,0.0,30.48842105263158,0,27.0,35.0,33.0,55.0,0.0,0.0,0.0,0.0
TX,2022-08-13,2022,32,105,30.0,9.0,64.0,0.0,21.0,18.0,16.5,21.5,54529.0,6949.0,42752.0,5990.0,0.78,0.0,0.86,0.0,30.48842105263158,0,29.0,27.0,40.0,50.0,0.0,0.0,0.0,0.0
TX,2022-08-20,2022,33,106,35.0,8.0,89.0,0.0,21.0,18.0,16.5,21.5,54958.0,7046.0,43241.0,6075.0,0.79,0.0,0.86,0.0,30.48842105263158,0,30.0,29.0,35.0,50.0,0.0,0.0,0.0,0.0
TX,2022-08-27,2022,34,107,46.0,9.0,71.0,0.0,21.0,18.0,16.5,21.5,52829.0,6708.0,41200.0,5757.0,0.78,0.0,0.86,0.0,30.48842105263158,0,35.0,30.0,27.0,40.0,0.0,0.0,0.0,0.0
TX,2022-09-03,2022,35,108,39.0,8.0,95.0,0.0,21.0,18.0,16.5,21.5,55219.0,7041.0,43672.0,6117.0,0.79,0.0,0.87,0.0,30.48842105263158,0,46.0,35.0,29.0,33.0,0.0,0.0,0.0,0.0
TX,2022-09-10,2022,36,109,45.0,7.0,105.0,0.0,21.0,18.0,16.5,21.5,54587.0,7032.0,42887.0,6042.0,0.79,0.0,0.86,0.0,30.48842105263158,0,39.0,46.0,30.0,40.0,0.0,0.0,0.0,0.0
TX,2022-09-17,2022,37,110,65.0,9.0,123.0,0.0,21.0,18.0,16.5,21.5,55082.0,7059.0,43592.0,6167.0,0.79,0.0,0.87,0.0,30.48842105263158,0,45.0,39.0,35.0,35.0,0.0,0.0,0.0,0.0
TX,2022-09-24,2022,38,111,88.0,13.0,215.0,0.0,21.0,18.0,16.5,21.5,55225.0,7058.0,43607.0,6179.0,0.79,0.0,0.88,0.0,30.48842105263158,0,65.0,45.0,46.0,27.0,0.0,0.0,0.0,0.0
TX,2022-10-01,2022,39,112,77.0,8.0,127.0,0.0,21.0,18.0,16.5,21.5,54664.0,6900.0,42714.0,5921.0,0.78,0.0,0.86,0.0,30.48842105263158,0,88.0,65.0,39.0,29.0,0.0,0.0,0.0,0.0
TX,2022-10-08,2022,40,113,102.0,15.0,223.0,0.0,21.0,18.0,16.5,21.5,55119.0,6965.0,42837.0,5943.0,0.78,0.0,0.85,0.0,30.48842105263158,0,77.0,88.0,45.0,30.0,0.0,0.0,0.0,0.0
TX,2022-10-15,2022,41,114,156.0,27.0,308.0,0.0,21.0,18.0,16.5,21.5,55084.0,6910.0,43322.0,5986.0,0.79,0.0,0.87,0.0,30.48842105263158,0,102.0,77.0,65.0,35.0,0.0,0.0,0.0,0.0
TX,2022-10-22,2022,42,115,222.0,28.0,479.0,0.0,21.0,18.0,16.5,21.5,54922.0,6886.0,43196.0,5937.0,0.79,0.0,0.86,0.0,30.48842105263158,0,156.0,102.0,88.0,46.0,0.0,0.0,0.0,0.0
TX,2022-10-29,2022,43,116,293.0,37.0,706.0,0.0,21.0,18.0,16.5,21.5,55265.0,6865.0,43710.0,5949.0,0.79,0.01,0.87,0.01,30.48842105263158,1,222.0,156.0,77.0,39.0,0.0,0.0,0.0,0.0
TX,2022-11-05,2022,44,117,404.0,45.0,961.0,0.0,21.0,18.0,16.5,21.5,54510.0,6802.0,42685.0,5819.0,0.78,0.01,0.86,0.01,30.48842105263158,1,293.0,222.0,102.0,45.0,0.01,0.0,0.0,0.0
TX,2022-11-12,2022,45,118,470.0,65.0,1108.0,0.0,21.0,18.0,16.5,21.5,55856.0,7044.0,44367.0,6126.0,0.79,0.01,0.87,0.01,30.48842105263158,1,404.0,293.0,156.0,65.0,0.01,0.01,0.0,0.0
TX,2022-11-19,2022,46,119,496.0,74.0,1168.0,0.0,21.0,18.0,16.5,21.5,55657.0,7029.0,44045.0,6123.0,0.79,0.01,0.87,0.01,30.48842105263158,1,470.0,404.0,222.0,88.0,0.01,0.01,0.0,0.0
TX,2022-11-26,2022,47,120,648.0,101.0,1798.0,0.0,21.0,18.0,16.5,21.5,54622.0,6842.0,42283.0,5945.0,0.77,0.01,0.87,0.01,30.48842105263158,1,496.0,470.0,293.0,77.0,0.01,0.01,0.01,0.0
TX,2022-12-03,2022,48,121,933.0,163.0,2182.0,0.0,21.0,18.0,16.5,21.5,55520.0,6995.0,44749.0,6287.0,0.81,0.02,0.9,0.02,30.48842105263158,1,648.0,496.0,404.0,102.0,0.01,0.01,0.01,0.0
TX,2022-12-10,2022,49,122,828.0,161.0,1775.0,0.0,21.0,18.0,16.5,21.5,56304.0,7070.0,45909.0,6412.0,0.82,0.01,0.91,0.02,30.48842105263158,1,933.0,648.0,470.0,156.0,0.02,0.01,0.01,0.0
TX,2022-12-17,2022,50,123,722.0,139.0,1533.0,0.0,21.0,18.0,16.5,21.5,55016.0,7077.0,45289.0,6276.0,0.82,0.01,0.89,0.02,30.48842105263158,1,828.0,933.0,496.0,222.0,0.01,0.02,0.01,0.0
TX,2022-12-24,2022,51,124,588.0,115.0,1302.0,0.0,21.0,18.0,16.5,21.5,52420.0,6917.0,42983.0,5911.0,0.82,0.01,0.85,0.02,30.48842105263158,1,722.0,828.0,648.0,293.0,0.01,0.01,0.01,0.01
TX,2022-12-31,2022,52,125,574.0,106.0,1413.0,0.0,21.0,18.0,16.5,21.5,51290.0,6668.0,41144.0,5832.0,0.8,0.01,0.87,0.02,30.48842105263158,1,588.0,722.0,933.0,404.0,0.01,0.01,0.02,0.01
UT,2020-10-03,2020,40,8,3.0,0.0,1.0,0.0,1.0,1.0,0.0,1.0,5115.0,1036.0,2883.0,601.0,0.56,0.0,0.58,0.0,38.961083743842366,0,3.0,3.0,3.0,3.0,0.0,0.0,0.0,0.0
UT,2020-10-10,2020,41,9,3.0,0.0,1.0,0.0,1.0,1.0,0.0,1.0,5076.0,1032.0,2947.0,612.0,0.58,0.0,0.59,0.0,38.961083743842366,0,3.0,3.0,3.0,3.0,0.0,0.0,0.0,0.0
UT,2020-10-17,2020,42,10,0.0,0.0,0.0,0.0,1.0,1.0,0.0,1.0,5135.0,1020.0,2994.0,619.0,0.58,0.0,0.61,0.0,38.961083743842366,0,3.0,3.0,3.0,3.0,0.0,0.0,0.0,0.0
UT,2020-10-24,2020,43,11,0.0,0.0,0.0,0.0,1.0,1.0,0.0,1.0,5252.0,1040.0,2939.0,621.0,0.56,0.0,0.6,0.0,38.961083743842366,0,0.0,3.0,3.0,3.0,0.0,0.0,0.0,0.0
UT,2020-10-31,2020,44,12,0.0,0.0,1.0,0.0,1.0,1.0,0.0,1.0,5343.0,1047.0,3014.0,601.0,0.56,0.0,0.57,0.0,38.961083743842366,0,0.0,0.0,3.0,3.0,0.0,0.0,0.0,0.0
UT,2020-11-07,2020,45,13,0.0,0.0,1.0,0.0,1.0,1.0,0.0,1.0,5392.0,1053.0,3075.0,626.0,0.57,0.0,0.59,0.0,38.961083743842366,0,0.0,0.0,3.0,3.0,0.0,0.0,0.0,0.0
UT,2020-11-14,2020,46,14,2.0,0.0,1.0,0.0,1.0,1.0,0.0,1.0,5385.0,1052.0,3132.0,651.0,0.58,0.0,0.62,0.0,38.961083743842366,0,0.0,0.0,0.0,3.0,0.0,0.0,0.0,0.0
UT,2020-11-21,2020,47,15,0.0,0.0,0.0,0.0,1.0,1.0,0.0,1.0,5378.0,1053.0,3155.0,669.0,0.59,0.0,0.64,0.0,38.961083743842366,0,2.0,0.0,0.0,3.0,0.0,0.0,0.0,0.0
UT,2020-11-28,2020,48,16,0.0,0.0,0.0,0.0,1.0,1.0,0.0,1.0,5372.0,1060.0,2911.0,654.0,0.54,0.0,0.62,0.0,38.961083743842366,0,0.0,2.0,0.0,3.0,0.0,0.0,0.0,0.0
UT,2020-12-05,2020,49,17,0.0,0.0,0.0,0.0,1.0,1.0,0.0,1.0,5373.0,1059.0,3084.0,673.0,0.57,0.0,0.64,0.0,38.961083743842366,0,0.0,0.0,0.0,3.0,0.0,0.0,0.0,0.0
UT,2020-12-12,2020,50,18,1.0,0.0,4.0,0.0,1.0,1.0,0.0,1.0,5376.0,1059.0,3148.0,728.0,0.59,0.0,0.69,0.0,38.961083743842366,0,0.0,0.0,2.0,0.0,0.0,0.0,0.0,0.0
UT,2020-12-19,2020,51,19,0.0,0.0,0.0,0.0,1.0,1.0,0.0,1.0,5378.0,1057.0,3195.0,706.0,0.59,0.0,0.67,0.0,38.961083743842366,0,1.0,0.0,0.0,0.0,0.0,0.0,0.0,0.0
UT,2020-12-26,2020,52,20,0.0,0.0,0.0,0.0,1.0,1.0,0.0,1.0,5378.0,1063.0,2861.0,626.0,0.53,0.0,0.59,0.0,38.961083743842366,0,0.0,1.0,0.0,0.0,0.0,0.0,0.0,0.0
UT,2021-01-02,2021,53,21,0.0,0.0,1.0,0.0,1.0,1.0,0.0,1.0,5400.0,1059.0,2937.0,624.0,0.54,0.0,0.59,0.0,35.98913043478261,0,0.0,0.0,0.0,0.0,0.0,0.0,0.0,0.0
UT,2021-01-09,2021,1,22,0.0,0.0,0.0,0.0,1.0,1.0,0.0,1.0,5408.0,1060.0,3040.0,647.0,0.56,0.0,0.61,0.0,35.98913043478261,0,0.0,0.0,1.0,2.0,0.0,0.0,0.0,0.0
UT,2021-01-16,2021,2,23,0.0,0.0,1.0,0.0,1.0,1.0,0.0,1.0,5410.0,1061.0,3171.0,657.0,0.59,0.0,0.62,0.0,35.98913043478261,0,0.0,0.0,0.0,0.0,0.0,0.0,0.0,0.0
UT,2021-01-23,2021,3,24,0.0,0.0,0.0,0.0,1.0,1.0,0.0,1.0,5405.0,1061.0,3169.0,647.0,0.59,0.0,0.61,0.0,35.98913043478261,0,0.0,0.0,0.0,0.0,0.0,0.0,0.0,0.0
UT,2021-01-30,2021,4,25,0.0,0.0,0.0,0.0,1.0,1.0,0.0,1.0,5404.0,1059.0,3270.0,640.0,0.61,0.0,0.6,0.0,35.98913043478261,0,0.0,0.0,0.0,0.0,0.0,0.0,0.0,0.0
UT,2021-02-06,2021,5,26,0.0,0.0,0.0,0.0,1.0,1.0,0.0,1.0,5385.0,1052.0,3138.0,636.0,0.58,0.0,0.61,0.0,35.98913043478261,0,0.0,0.0,0.0,1.0,0.0,0.0,0.0,0.0
UT,2021-02-13,2021,6,27,0.0,0.0,0.0,0.0,1.0,1.0,0.0,1.0,5382.0,1039.0,3035.0,639.0,0.56,0.0,0.62,0.0,35.98913043478261,0,0.0,0.0,0.0,0.0,0.0,0.0,0.0,0.0
UT,2021-02-20,2021,7,28,0.0,0.0,0.0,0.0,1.0,1.0,0.0,1.0,5379.0,1036.0,2982.0,627.0,0.55,0.0,0.61,0.0,35.98913043478261,0,0.0,0.0,0.0,0.0,0.0,0.0,0.0,0.0
UT,2021-02-27,2021,8,29,0.0,0.0,0.0,0.0,1.0,1.0,0.0,1.0,5370.0,1035.0,2928.0,618.0,0.55,0.0,0.6,0.0,35.98913043478261,0,0.0,0.0,0.0,0.0,0.0,0.0,0.0,0.0
UT,2021-03-06,2021,9,30,0.0,0.0,0.0,0.0,1.0,1.0,0.0,1.0,5358.0,1035.0,3025.0,622.0,0.56,0.0,0.6,0.0,35.98913043478261,0,0.0,0.0,0.0,0.0,0.0,0.0,0.0,0.0
UT,2021-03-13,2021,10,31,0.0,0.0,0.0,0.0,1.0,1.0,0.0,1.0,5361.0,1036.0,3048.0,630.0,0.57,0.0,0.61,0.0,35.98913043478261,0,0.0,0.0,0.0,0.0,0.0,0.0,0.0,0.0
UT,2021-03-20,2021,11,32,0.0,0.0,0.0,0.0,1.0,1.0,0.0,1.0,5360.0,1034.0,2969.0,610.0,0.55,0.0,0.59,0.0,35.98913043478261,0,0.0,0.0,0.0,0.0,0.0,0.0,0.0,0.0
UT,2021-03-27,2021,12,33,0.0,0.0,1.0,0.0,1.0,1.0,0.0,1.0,5355.0,1034.0,2910.0,585.0,0.54,0.0,0.57,0.0,35.98913043478261,0,0.0,0.0,0.0,0.0,0.0,0.0,0.0,0.0
UT,2021-04-03,2021,13,34,0.0,0.0,0.0,0.0,1.0,1.0,0.0,1.0,5358.0,1033.0,2896.0,588.0,0.54,0.0,0.57,0.0,35.98913043478261,0,0.0,0.0,0.0,0.0,0.0,0.0,0.0,0.0
UT,2021-04-10,2021,14,35,0.0,0.0,0.0,0.0,1.0,1.0,0.0,1.0,5361.0,1036.0,2971.0,613.0,0.55,0.0,0.59,0.0,35.98913043478261,0,0.0,0.0,0.0,0.0,0.0,0.0,0.0,0.0
UT,2021-04-17,2021,15,36,0.0,0.0,0.0,0.0,1.0,1.0,0.0,1.0,5366.0,1046.0,3094.0,643.0,0.58,0.0,0.61,0.0,35.98913043478261,0,0.0,0.0,0.0,0.0,0.0,0.0,0.0,0.0
UT,2021-04-24,2021,16,37,0.0,0.0,0.0,0.0,1.0,1.0,0.0,1.0,5379.0,1052.0,3043.0,622.0,0.57,0.0,0.59,0.0,35.98913043478261,0,0.0,0.0,0.0,0.0,0.0,0.0,0.0,0.0
UT,2021-05-01,2021,17,38,0.0,0.0,1.0,0.0,1.0,1.0,0.0,1.0,5405.0,1043.0,3039.0,639.0,0.56,0.0,0.61,0.0,35.98913043478261,0,0.0,0.0,0.0,0.0,0.0,0.0,0.0,0.0
UT,2021-05-08,2021,18,39,0.0,0.0,0.0,0.0,1.0,1.0,0.0,1.0,5408.0,1042.0,3063.0,620.0,0.57,0.0,0.59,0.0,35.98913043478261,0,0.0,0.0,0.0,0.0,0.0,0.0,0.0,0.0
UT,2021-05-15,2021,19,40,0.0,0.0,0.0,0.0,1.0,1.0,0.0,1.0,5409.0,1041.0,3030.0,621.0,0.56,0.0,0.6,0.0,35.98913043478261,0,0.0,0.0,0.0,0.0,0.0,0.0,0.0,0.0
UT,2021-05-22,2021,20,41,0.0,0.0,1.0,0.0,1.0,1.0,0.0,1.0,5414.0,1040.0,3127.0,647.0,0.58,0.0,0.62,0.0,35.98913043478261,0,0.0,0.0,0.0,0.0,0.0,0.0,0.0,0.0
UT,2021-05-29,2021,21,42,0.0,0.0,0.0,0.0,1.0,1.0,0.0,1.0,5413.0,1043.0,3113.0,627.0,0.58,0.0,0.6,0.0,35.98913043478261,0,0.0,0.0,0.0,0.0,0.0,0.0,0.0,0.0
UT,2021-06-05,2021,22,43,0.0,0.0,0.0,0.0,1.0,1.0,0.0,1.0,5414.0,1043.0,3028.0,614.0,0.56,0.0,0.59,0.0,35.98913043478261,0,0.0,0.0,0.0,0.0,0.0,0.0,0.0,0.0
UT,2021-06-12,2021,23,44,0.0,0.0,0.0,0.0,1.0,1.0,0.0,1.0,5414.0,1050.0,3130.0,635.0,0.58,0.0,0.61,0.0,35.98913043478261,0,0.0,0.0,0.0,0.0,0.0,0.0,0.0,0.0
UT,2021-06-19,2021,24,45,0.0,0.0,0.0,0.0,1.0,1.0,0.0,1.0,5412.0,1044.0,3131.0,639.0,0.58,0.0,0.61,0.0,35.98913043478261,0,0.0,0.0,0.0,0.0,0.0,0.0,0.0,0.0
UT,2021-06-26,2021,25,46,0.0,0.0,0.0,0.0,1.0,1.0,0.0,1.0,5411.0,1042.0,3196.0,646.0,0.59,0.0,0.62,0.0,35.98913043478261,0,0.0,0.0,0.0,0.0,0.0,0.0,0.0,0.0
UT,2021-07-03,2021,26,47,0.0,0.0,1.0,0.0,1.0,1.0,0.0,1.0,5413.0,1043.0,3196.0,651.0,0.59,0.0,0.62,0.0,35.98913043478261,0,0.0,0.0,0.0,0.0,0.0,0.0,0.0,0.0
UT,2021-07-10,2021,27,48,1.0,0.0,1.0,0.0,1.0,1.0,0.0,1.0,5419.0,1038.0,3155.0,637.0,0.58,0.0,0.61,0.0,35.98913043478261,0,0.0,0.0,0.0,0.0,0.0,0.0,0.0,0.0
UT,2021-07-17,2021,28,49,0.0,0.0,1.0,0.0,1.0,1.0,0.0,1.0,5424.0,1041.0,3270.0,666.0,0.6,0.0,0.64,0.0,35.98913043478261,0,1.0,0.0,0.0,0.0,0.0,0.0,0.0,0.0
UT,2021-07-24,2021,29,50,0.0,0.0,0.0,0.0,1.0,1.0,0.0,1.0,5420.0,1039.0,3301.0,682.0,0.61,0.0,0.66,0.0,35.98913043478261,0,0.0,1.0,0.0,0.0,0.0,0.0,0.0,0.0
UT,2021-07-31,2021,30,51,0.0,0.0,0.0,0.0,1.0,1.0,0.0,1.0,5422.0,1045.0,3324.0,706.0,0.61,0.0,0.68,0.0,35.98913043478261,0,0.0,0.0,0.0,0.0,0.0,0.0,0.0,0.0
UT,2021-08-07,2021,31,52,0.0,0.0,0.0,0.0,1.0,1.0,0.0,1.0,5419.0,1039.0,3256.0,669.0,0.6,0.0,0.64,0.0,35.98913043478261,0,0.0,0.0,1.0,0.0,0.0,0.0,0.0,0.0
UT,2021-08-14,2021,32,53,0.0,0.0,0.0,0.0,1.0,1.0,0.0,1.0,5425.0,1039.0,3293.0,673.0,0.61,0.0,0.65,0.0,35.98913043478261,0,0.0,0.0,0.0,0.0,0.0,0.0,0.0,0.0
UT,2021-08-21,2021,33,54,0.0,0.0,0.0,0.0,1.0,1.0,0.0,1.0,5461.0,1039.0,3217.0,681.0,0.59,0.0,0.66,0.0,35.98913043478261,0,0.0,0.0,0.0,0.0,0.0,0.0,0.0,0.0
UT,2021-08-28,2021,34,55,0.0,0.0,0.0,0.0,1.0,1.0,0.0,1.0,5461.0,1038.0,3322.0,697.0,0.61,0.0,0.67,0.0,35.98913043478261,0,0.0,0.0,0.0,0.0,0.0,0.0,0.0,0.0
UT,2021-09-04,2021,35,56,0.0,0.0,0.0,0.0,1.0,1.0,0.0,1.0,5452.0,1034.0,3426.0,710.0,0.63,0.0,0.69,0.0,35.98913043478261,0,0.0,0.0,0.0,1.0,0.0,0.0,0.0,0.0
UT,2021-09-11,2021,36,57,1.0,0.0,1.0,0.0,1.0,1.0,0.0,1.0,5445.0,1022.0,3346.0,686.0,0.61,0.0,0.67,0.0,35.98913043478261,0,0.0,0.0,0.0,0.0,0.0,0.0,0.0,0.0
UT,2021-09-18,2021,37,58,0.0,0.0,1.0,0.0,1.0,1.0,0.0,1.0,5448.0,1028.0,3454.0,719.0,0.63,0.0,0.7,0.0,35.98913043478261,0,1.0,0.0,0.0,0.0,0.0,0.0,0.0,0.0
UT,2021-09-25,2021,38,59,1.0,0.0,1.0,0.0,1.0,1.0,0.0,1.0,5445.0,1025.0,3465.0,711.0,0.64,0.0,0.69,0.0,35.98913043478261,0,0.0,1.0,0.0,0.0,0.0,0.0,0.0,0.0
UT,2021-10-02,2021,39,60,0.0,0.0,1.0,0.0,1.0,1.0,0.0,1.0,5431.0,942.0,3408.0,641.0,0.63,0.0,0.68,0.0,35.98913043478261,0,1.0,0.0,0.0,0.0,0.0,0.0,0.0,0.0
UT,2021-10-09,2021,40,61,1.0,0.0,2.0,0.0,1.0,1.0,0.0,1.0,5427.0,1027.0,3499.0,725.0,0.64,0.0,0.71,0.0,35.98913043478261,0,0.0,1.0,1.0,0.0,0.0,0.0,0.0,0.0
UT,2021-10-16,2021,41,62,1.0,0.0,0.0,0.0,1.0,1.0,0.0,1.0,5429.0,1031.0,3435.0,711.0,0.63,0.0,0.69,0.0,35.98913043478261,0,1.0,0.0,0.0,0.0,0.0,0.0,0.0,0.0
UT,2021-10-23,2021,42,63,0.0,0.0,1.0,0.0,1.0,1.0,0.0,1.0,5430.0,777.0,3526.0,708.0,0.65,0.0,0.91,0.0,35.98913043478261,0,1.0,1.0,1.0,0.0,0.0,0.0,0.0,0.0
UT,2021-10-30,2021,43,64,0.0,0.0,1.0,0.0,1.0,1.0,0.0,1.0,5429.0,1026.0,3533.0,713.0,0.65,0.0,0.69,0.0,35.98913043478261,0,0.0,1.0,0.0,0.0,0.0,0.0,0.0,0.0
UT,2021-11-06,2021,44,65,0.0,0.0,0.0,0.0,1.0,1.0,0.0,1.0,5432.0,1031.0,3477.0,703.0,0.64,0.0,0.68,0.0,35.98913043478261,0,0.0,0.0,1.0,1.0,0.0,0.0,0.0,0.0
UT,2021-11-13,2021,45,66,0.0,0.0,0.0,0.0,1.0,1.0,0.0,1.0,5437.0,1036.0,3484.0,710.0,0.64,0.0,0.69,0.0,35.98913043478261,0,0.0,0.0,1.0,0.0,0.0,0.0,0.0,0.0
UT,2021-11-20,2021,46,67,0.0,0.0,0.0,0.0,1.0,1.0,0.0,1.0,5435.0,1033.0,3457.0,695.0,0.64,0.0,0.67,0.0,35.98913043478261,0,0.0,0.0,0.0,1.0,0.0,0.0,0.0,0.0
UT,2021-11-27,2021,47,68,1.0,0.0,0.0,0.0,1.0,1.0,0.0,1.0,5435.0,1029.0,3265.0,683.0,0.6,0.0,0.66,0.0,35.98913043478261,0,0.0,0.0,0.0,0.0,0.0,0.0,0.0,0.0
UT,2021-12-04,2021,48,69,2.0,0.0,4.0,0.0,1.0,1.0,0.0,1.0,5435.0,1030.0,3412.0,704.0,0.63,0.0,0.68,0.0,35.98913043478261,0,1.0,0.0,0.0,1.0,0.0,0.0,0.0,0.0
UT,2021-12-11,2021,49,70,5.0,0.0,0.0,0.0,1.0,1.0,0.0,1.0,5436.0,1028.0,3442.0,703.0,0.63,0.0,0.68,0.0,35.98913043478261,0,2.0,1.0,0.0,1.0,0.0,0.0,0.0,0.0
UT,2021-12-18,2021,50,71,6.0,0.0,1.0,0.0,1.0,1.0,0.0,1.0,5438.0,1031.0,3433.0,720.0,0.63,0.0,0.7,0.0,35.98913043478261,0,5.0,2.0,0.0,0.0,0.0,0.0,0.0,0.0
UT,2021-12-25,2021,51,72,13.0,0.0,5.0,0.0,1.0,1.0,0.0,1.0,5436.0,1030.0,3203.0,686.0,0.59,0.0,0.67,0.0,35.98913043478261,0,6.0,5.0,1.0,0.0,0.0,0.0,0.0,0.0
UT,2022-01-01,2022,52,73,28.0,0.0,3.0,0.0,1.0,1.0,0.0,1.0,5441.0,1028.0,3165.0,666.0,0.58,0.01,0.65,0.0,35.278888888888886,0,13.0,6.0,2.0,0.0,0.0,0.0,0.0,0.0
UT,2022-01-08,2022,1,74,35.0,0.0,2.0,0.0,1.0,1.0,0.0,1.0,5413.0,986.0,3323.0,696.0,0.61,0.01,0.71,0.0,35.278888888888886,1,28.0,13.0,5.0,0.0,0.01,0.0,0.0,0.0
UT,2022-01-15,2022,2,75,21.0,0.0,1.0,0.0,1.0,1.0,0.0,1.0,5393.0,952.0,3297.0,675.0,0.61,0.0,0.71,0.0,35.278888888888886,0,35.0,28.0,6.0,0.0,0.01,0.01,0.0,0.0
UT,2022-01-22,2022,3,76,11.0,0.0,4.0,0.0,1.0,1.0,0.0,1.0,5414.0,872.0,3226.0,661.0,0.6,0.0,0.76,0.0,35.278888888888886,0,21.0,35.0,13.0,1.0,0.0,0.01,0.0,0.0
UT,2022-01-29,2022,4,77,10.0,1.0,3.0,0.0,1.0,1.0,0.0,1.0,5428.0,973.0,3300.0,673.0,0.61,0.0,0.69,0.0,35.278888888888886,0,11.0,21.0,28.0,2.0,0.0,0.0,0.01,0.0
UT,2022-02-05,2022,5,78,10.0,0.0,4.0,0.0,1.0,1.0,0.0,1.0,5429.0,962.0,3301.0,679.0,0.61,0.0,0.71,0.0,35.278888888888886,0,10.0,11.0,35.0,5.0,0.0,0.0,0.01,0.0
UT,2022-02-12,2022,6,79,11.0,0.0,3.0,0.0,1.0,1.0,0.0,1.0,5428.0,958.0,3271.0,686.0,0.6,0.0,0.72,0.0,35.278888888888886,0,10.0,10.0,21.0,6.0,0.0,0.0,0.0,0.0
UT,2022-02-19,2022,7,80,8.0,0.0,3.0,0.0,1.0,1.0,0.0,1.0,5432.0,951.0,3159.0,648.0,0.58,0.0,0.68,0.0,35.278888888888886,0,11.0,10.0,11.0,13.0,0.0,0.0,0.0,0.0
UT,2022-02-26,2022,8,81,13.0,0.0,5.0,0.0,1.0,1.0,0.0,1.0,5391.0,855.0,3503.0,625.0,0.65,0.0,0.73,0.0,35.278888888888886,0,8.0,11.0,10.0,28.0,0.0,0.0,0.0,0.01
UT,2022-03-05,2022,9,82,29.0,1.0,9.0,0.0,1.0,1.0,0.0,1.0,5306.0,761.0,3696.0,590.0,0.7,0.01,0.78,0.0,35.278888888888886,1,13.0,8.0,10.0,35.0,0.0,0.0,0.0,0.01
UT,2022-03-12,2022,10,83,31.0,1.0,12.0,0.0,1.0,1.0,0.0,1.0,5309.0,744.0,3712.0,573.0,0.7,0.01,0.77,0.0,35.278888888888886,1,29.0,13.0,11.0,21.0,0.01,0.0,0.0,0.0
UT,2022-03-19,2022,11,84,47.0,0.0,17.0,0.0,1.0,1.0,0.0,1.0,5350.0,743.0,3741.0,568.0,0.7,0.01,0.76,0.0,35.278888888888886,1,31.0,29.0,8.0,11.0,0.01,0.01,0.0,0.0
UT,2022-03-26,2022,12,85,56.0,0.0,6.0,0.0,1.0,1.0,0.0,1.0,5321.0,743.0,3651.0,550.0,0.69,0.01,0.74,0.0,35.278888888888886,1,47.0,31.0,13.0,10.0,0.01,0.01,0.0,0.0
UT,2022-04-02,2022,13,86,44.0,1.0,17.0,0.0,1.0,1.0,0.0,1.0,5378.0,747.0,3762.0,547.0,0.7,0.01,0.73,0.0,35.278888888888886,1,56.0,47.0,29.0,10.0,0.01,0.01,0.01,0.0
UT,2022-04-09,2022,14,87,39.0,0.0,14.0,0.0,1.0,1.0,0.0,1.0,5396.0,748.0,3618.0,552.0,0.67,0.01,0.74,0.0,35.278888888888886,1,44.0,56.0,31.0,11.0,0.01,0.01,0.01,0.0
UT,2022-04-16,2022,15,88,40.0,0.0,16.0,0.0,1.0,1.0,0.0,1.0,5290.0,752.0,3709.0,568.0,0.7,0.01,0.76,0.0,35.278888888888886,1,39.0,44.0,47.0,8.0,0.01,0.01,0.01,0.0
UT,2022-04-23,2022,16,89,46.0,0.0,9.0,0.0,1.0,1.0,0.0,1.0,5353.0,774.0,3765.0,582.0,0.7,0.01,0.75,0.0,35.278888888888886,1,40.0,39.0,56.0,13.0,0.01,0.01,0.01,0.0
UT,2022-04-30,2022,17,90,28.0,0.0,1.0,0.0,1.0,1.0,0.0,1.0,5370.0,752.0,3735.0,566.0,0.7,0.01,0.75,0.0,35.278888888888886,0,46.0,40.0,44.0,29.0,0.01,0.01,0.01,0.01
UT,2022-05-07,2022,18,91,19.0,1.0,12.0,0.0,1.0,1.0,0.0,1.0,5381.0,750.0,3750.0,586.0,0.7,0.0,0.78,0.0,35.278888888888886,0,28.0,46.0,39.0,31.0,0.01,0.01,0.01,0.01
UT,2022-05-14,2022,19,92,16.0,0.0,10.0,0.0,1.0,1.0,0.0,1.0,5335.0,754.0,3769.0,603.0,0.71,0.0,0.8,0.0,35.278888888888886,0,19.0,28.0,40.0,47.0,0.0,0.01,0.01,0.01
UT,2022-05-21,2022,20,93,14.0,2.0,7.0,0.0,1.0,1.0,0.0,1.0,5346.0,769.0,3795.0,606.0,0.71,0.0,0.79,0.0,35.278888888888886,0,16.0,19.0,46.0,56.0,0.0,0.0,0.01,0.01
UT,2022-05-28,2022,21,94,9.0,1.0,1.0,0.0,1.0,1.0,0.0,1.0,5382.0,803.0,3752.0,622.0,0.7,0.0,0.77,0.0,35.278888888888886,0,14.0,16.0,28.0,44.0,0.0,0.0,0.01,0.01
UT,2022-06-04,2022,22,95,10.0,0.0,5.0,0.0,1.0,1.0,0.0,1.0,5279.0,790.0,3658.0,593.0,0.69,0.0,0.75,0.0,35.278888888888886,0,9.0,14.0,19.0,39.0,0.0,0.0,0.0,0.01
UT,2022-06-11,2022,23,96,9.0,1.0,3.0,0.0,1.0,1.0,0.0,1.0,5003.0,729.0,3523.0,565.0,0.7,0.0,0.78,0.0,35.278888888888886,0,10.0,9.0,16.0,40.0,0.0,0.0,0.0,0.01
UT,2022-06-18,2022,24,97,7.0,0.0,1.0,0.0,1.0,1.0,0.0,1.0,5380.0,783.0,3833.0,589.0,0.71,0.0,0.75,0.0,35.278888888888886,0,9.0,10.0,14.0,46.0,0.0,0.0,0.0,0.01
UT,2022-06-25,2022,25,98,3.0,0.0,3.0,0.0,1.0,1.0,0.0,1.0,5345.0,765.0,3776.0,592.0,0.71,0.0,0.77,0.0,35.278888888888886,0,7.0,9.0,9.0,28.0,0.0,0.0,0.0,0.01
UT,2022-07-02,2022,26,99,4.0,0.0,5.0,0.0,1.0,1.0,0.0,1.0,5316.0,774.0,3810.0,599.0,0.72,0.0,0.77,0.0,35.278888888888886,0,3.0,7.0,10.0,19.0,0.0,0.0,0.0,0.0
UT,2022-07-09,2022,27,100,3.0,0.0,0.0,0.0,1.0,1.0,0.0,1.0,5358.0,774.0,3698.0,583.0,0.69,0.0,0.75,0.0,35.278888888888886,0,4.0,3.0,9.0,16.0,0.0,0.0,0.0,0.0
UT,2022-07-16,2022,28,101,2.0,0.0,0.0,0.0,1.0,1.0,0.0,1.0,5361.0,781.0,3747.0,611.0,0.7,0.0,0.78,0.0,35.278888888888886,0,3.0,4.0,7.0,14.0,0.0,0.0,0.0,0.0
UT,2022-07-23,2022,29,102,2.0,0.0,0.0,0.0,1.0,1.0,0.0,1.0,5362.0,777.0,3853.0,593.0,0.72,0.0,0.76,0.0,35.278888888888886,0,2.0,3.0,3.0,9.0,0.0,0.0,0.0,0.0
UT,2022-07-30,2022,30,103,1.0,0.0,1.0,0.0,1.0,1.0,0.0,1.0,5374.0,751.0,3721.0,575.0,0.69,0.0,0.77,0.0,35.278888888888886,0,2.0,2.0,4.0,10.0,0.0,0.0,0.0,0.0
UT,2022-08-06,2022,31,104,2.0,0.0,0.0,0.0,1.0,1.0,0.0,1.0,5264.0,752.0,3743.0,571.0,0.71,0.0,0.76,0.0,35.278888888888886,0,1.0,2.0,3.0,9.0,0.0,0.0,0.0,0.0
UT,2022-08-13,2022,32,105,1.0,0.0,0.0,0.0,1.0,1.0,0.0,1.0,5271.0,750.0,3685.0,548.0,0.7,0.0,0.73,0.0,35.278888888888886,0,2.0,1.0,2.0,7.0,0.0,0.0,0.0,0.0
UT,2022-08-20,2022,33,106,3.0,0.0,1.0,0.0,1.0,1.0,0.0,1.0,5294.0,744.0,3429.0,509.0,0.65,0.0,0.68,0.0,35.278888888888886,0,1.0,2.0,2.0,3.0,0.0,0.0,0.0,0.0
UT,2022-08-27,2022,34,107,3.0,0.0,0.0,0.0,1.0,1.0,0.0,1.0,5391.0,711.0,3482.0,531.0,0.65,0.0,0.75,0.0,35.278888888888886,0,3.0,1.0,1.0,4.0,0.0,0.0,0.0,0.0
UT,2022-09-03,2022,35,108,1.0,1.0,1.0,0.0,1.0,1.0,0.0,1.0,5228.0,756.0,3684.0,570.0,0.7,0.0,0.75,0.0,35.278888888888886,0,3.0,3.0,2.0,3.0,0.0,0.0,0.0,0.0
UT,2022-09-10,2022,36,109,2.0,1.0,1.0,0.0,1.0,1.0,0.0,1.0,5637.0,881.0,3520.0,592.0,0.62,0.0,0.67,0.0,35.278888888888886,0,1.0,3.0,1.0,2.0,0.0,0.0,0.0,0.0
UT,2022-09-17,2022,37,110,2.0,0.0,0.0,0.0,1.0,1.0,0.0,1.0,5746.0,920.0,3445.0,569.0,0.6,0.0,0.62,0.0,35.278888888888886,0,2.0,1.0,3.0,2.0,0.0,0.0,0.0,0.0
UT,2022-09-24,2022,38,111,3.0,0.0,1.0,0.0,1.0,1.0,0.0,1.0,5745.0,919.0,3421.0,560.0,0.6,0.0,0.61,0.0,35.278888888888886,0,2.0,2.0,3.0,1.0,0.0,0.0,0.0,0.0
UT,2022-10-01,2022,39,112,1.0,0.0,0.0,0.0,1.0,1.0,0.0,1.0,5745.0,920.0,3361.0,568.0,0.58,0.0,0.62,0.0,35.278888888888886,0,3.0,2.0,1.0,2.0,0.0,0.0,0.0,0.0
UT,2022-10-08,2022,40,113,2.0,0.0,0.0,0.0,1.0,1.0,0.0,1.0,5767.0,922.0,3472.0,562.0,0.6,0.0,0.61,0.0,35.278888888888886,0,1.0,3.0,2.0,1.0,0.0,0.0,0.0,0.0
UT,2022-10-15,2022,41,114,2.0,0.0,3.0,0.0,1.0,1.0,0.0,1.0,5776.0,919.0,3479.0,562.0,0.6,0.0,0.61,0.0,35.278888888888886,0,2.0,1.0,2.0,3.0,0.0,0.0,0.0,0.0
UT,2022-10-22,2022,42,115,4.0,0.0,6.0,0.0,1.0,1.0,0.0,1.0,5748.0,911.0,3425.0,549.0,0.6,0.0,0.6,0.0,35.278888888888886,0,2.0,2.0,3.0,3.0,0.0,0.0,0.0,0.0
UT,2022-10-29,2022,43,116,6.0,0.0,12.0,0.0,1.0,1.0,0.0,1.0,5737.0,906.0,3422.0,570.0,0.6,0.0,0.63,0.0,35.278888888888886,0,4.0,2.0,1.0,1.0,0.0,0.0,0.0,0.0
UT,2022-11-05,2022,44,117,4.0,1.0,6.0,0.0,1.0,1.0,0.0,1.0,5739.0,908.0,3491.0,581.0,0.61,0.0,0.64,0.0,35.278888888888886,0,6.0,4.0,2.0,2.0,0.0,0.0,0.0,0.0
UT,2022-11-12,2022,45,118,15.0,2.0,12.0,0.0,1.0,1.0,0.0,1.0,5705.0,902.0,3601.0,584.0,0.63,0.0,0.65,0.0,35.278888888888886,0,4.0,6.0,2.0,2.0,0.0,0.0,0.0,0.0
UT,2022-11-19,2022,46,119,22.0,3.0,8.0,0.0,1.0,1.0,0.0,1.0,5742.0,907.0,3629.0,578.0,0.63,0.0,0.64,0.0,35.278888888888886,0,15.0,4.0,4.0,3.0,0.0,0.0,0.0,0.0
UT,2022-11-26,2022,47,120,44.0,3.0,29.0,0.0,1.0,1.0,0.0,1.0,5743.0,906.0,3471.0,575.0,0.6,0.01,0.63,0.0,35.278888888888886,1,22.0,15.0,6.0,1.0,0.0,0.0,0.0,0.0
UT,2022-12-03,2022,48,121,99.0,7.0,34.0,0.0,1.0,1.0,0.0,1.0,5744.0,907.0,3636.0,603.0,0.63,0.02,0.66,0.01,35.278888888888886,1,44.0,22.0,4.0,2.0,0.01,0.0,0.0,0.0
UT,2022-12-10,2022,49,122,113.0,5.0,60.0,0.0,1.0,1.0,0.0,1.0,5744.0,905.0,3734.0,622.0,0.65,0.02,0.69,0.01,35.278888888888886,1,99.0,44.0,15.0,2.0,0.02,0.01,0.0,0.0
UT,2022-12-17,2022,50,123,82.0,7.0,41.0,0.0,1.0,1.0,0.0,1.0,5855.0,921.0,3792.0,649.0,0.65,0.01,0.7,0.01,35.278888888888886,1,113.0,99.0,22.0,4.0,0.02,0.02,0.0,0.0
UT,2022-12-24,2022,51,124,44.0,7.0,63.0,0.0,1.0,1.0,0.0,1.0,5702.0,907.0,3510.0,604.0,0.62,0.01,0.67,0.01,35.278888888888886,1,82.0,113.0,44.0,6.0,0.01,0.02,0.01,0.0
UT,2022-12-31,2022,52,125,59.0,9.0,83.0,0.0,1.0,1.0,0.0,1.0,5700.0,908.0,3262.0,577.0,0.57,0.01,0.64,0.01,35.278888888888886,1,44.0,82.0,99.0,4.0,0.01,0.01,0.02,0.0
VA,2020-10-03,2020,40,8,27.0,6.0,32.0,0.0,5.5,3.0,3.0,4.5,16554.0,2283.0,10722.0,1576.0,0.65,0.0,0.69,0.0,40.908780487804876,0,27.0,27.0,27.0,27.0,0.0,0.0,0.0,0.0
VA,2020-10-10,2020,41,9,27.0,6.0,32.0,0.0,5.5,3.0,3.0,4.5,16595.0,2295.0,10781.0,1573.0,0.65,0.0,0.69,0.0,40.908780487804876,0,27.0,27.0,27.0,27.0,0.0,0.0,0.0,0.0
VA,2020-10-17,2020,42,10,0.0,0.0,0.0,0.0,5.5,3.0,3.0,4.5,16583.0,2294.0,10670.0,1600.0,0.64,0.0,0.7,0.0,40.908780487804876,0,27.0,27.0,27.0,27.0,0.0,0.0,0.0,0.0
VA,2020-10-24,2020,43,11,1.0,0.0,0.0,0.0,5.5,3.0,3.0,4.5,16920.0,2379.0,11022.0,1631.0,0.65,0.0,0.69,0.0,40.908780487804876,0,0.0,27.0,27.0,27.0,0.0,0.0,0.0,0.0
VA,2020-10-31,2020,44,12,6.0,0.0,21.0,0.0,5.5,3.0,3.0,4.5,17236.0,2461.0,11118.0,1611.0,0.65,0.0,0.65,0.0,40.908780487804876,0,1.0,0.0,27.0,27.0,0.0,0.0,0.0,0.0
VA,2020-11-07,2020,45,13,8.0,3.0,19.0,0.0,5.5,3.0,3.0,4.5,17273.0,2472.0,11121.0,1605.0,0.64,0.0,0.65,0.0,40.908780487804876,0,6.0,1.0,27.0,27.0,0.0,0.0,0.0,0.0
VA,2020-11-14,2020,46,14,5.0,3.0,22.0,0.0,5.5,3.0,3.0,4.5,17313.0,2505.0,11855.0,1658.0,0.68,0.0,0.66,0.0,40.908780487804876,0,8.0,6.0,0.0,27.0,0.0,0.0,0.0,0.0
VA,2020-11-21,2020,47,15,6.0,1.0,23.0,0.0,5.5,3.0,3.0,4.5,17314.0,2514.0,11735.0,1653.0,0.68,0.0,0.66,0.0,40.908780487804876,0,5.0,8.0,1.0,27.0,0.0,0.0,0.0,0.0
VA,2020-11-28,2020,48,16,13.0,4.0,33.0,0.0,5.5,3.0,3.0,4.5,17293.0,2512.0,11157.0,1643.0,0.65,0.0,0.65,0.0,40.908780487804876,0,6.0,5.0,6.0,27.0,0.0,0.0,0.0,0.0
VA,2020-12-05,2020,49,17,18.0,5.0,27.0,0.0,5.5,3.0,3.0,4.5,17288.0,2508.0,11911.0,1692.0,0.69,0.0,0.67,0.0,40.908780487804876,0,13.0,6.0,8.0,27.0,0.0,0.0,0.0,0.0
VA,2020-12-12,2020,50,18,22.0,8.0,30.0,0.0,5.5,3.0,3.0,4.5,17296.0,2484.0,11986.0,1723.0,0.69,0.0,0.69,0.0,40.908780487804876,0,18.0,13.0,5.0,0.0,0.0,0.0,0.0,0.0
VA,2020-12-19,2020,51,19,18.0,7.0,24.0,0.0,5.5,3.0,3.0,4.5,16872.0,2459.0,11973.0,1750.0,0.71,0.0,0.71,0.0,40.908780487804876,0,22.0,18.0,6.0,1.0,0.0,0.0,0.0,0.0
VA,2020-12-26,2020,52,20,21.0,8.0,39.0,0.0,5.5,3.0,3.0,4.5,16671.0,2469.0,11351.0,1708.0,0.68,0.0,0.69,0.0,40.908780487804876,0,18.0,22.0,13.0,6.0,0.0,0.0,0.0,0.0
VA,2021-01-02,2021,53,21,20.0,8.0,37.0,0.0,5.5,3.0,3.0,4.5,16679.0,2442.0,11653.0,1705.0,0.7,0.0,0.7,0.0,38.81475409836066,0,21.0,18.0,18.0,8.0,0.0,0.0,0.0,0.0
VA,2021-01-09,2021,1,22,42.0,12.0,30.0,0.0,5.5,3.0,3.0,4.5,16715.0,2446.0,12307.0,1786.0,0.74,0.0,0.73,0.0,38.81475409836066,0,20.0,21.0,22.0,5.0,0.0,0.0,0.0,0.0
VA,2021-01-16,2021,2,23,36.0,11.0,49.0,0.0,5.5,3.0,3.0,4.5,16826.0,2478.0,12431.0,1828.0,0.74,0.0,0.74,0.0,38.81475409836066,0,42.0,20.0,18.0,6.0,0.0,0.0,0.0,0.0
VA,2021-01-23,2021,3,24,28.0,11.0,28.0,0.0,5.5,3.0,3.0,4.5,16729.0,2456.0,12279.0,1789.0,0.73,0.0,0.73,0.0,38.81475409836066,0,36.0,42.0,21.0,13.0,0.0,0.0,0.0,0.0
VA,2021-01-30,2021,4,25,23.0,8.0,18.0,0.0,5.5,3.0,3.0,4.5,16731.0,2456.0,12162.0,1769.0,0.73,0.0,0.72,0.0,38.81475409836066,0,28.0,36.0,20.0,18.0,0.0,0.0,0.0,0.0
VA,2021-02-06,2021,5,26,28.0,6.0,27.0,0.0,5.5,3.0,3.0,4.5,16719.0,2449.0,12062.0,1760.0,0.72,0.0,0.72,0.0,38.81475409836066,0,23.0,28.0,42.0,22.0,0.0,0.0,0.0,0.0
VA,2021-02-13,2021,6,27,26.0,8.0,26.0,0.0,5.5,3.0,3.0,4.5,16714.0,2448.0,12019.0,1740.0,0.72,0.0,0.71,0.0,38.81475409836066,0,28.0,23.0,36.0,18.0,0.0,0.0,0.0,0.0
VA,2021-02-20,2021,7,28,24.0,9.0,23.0,0.0,5.5,3.0,3.0,4.5,16697.0,2443.0,11774.0,1687.0,0.71,0.0,0.69,0.0,38.81475409836066,0,26.0,28.0,28.0,21.0,0.0,0.0,0.0,0.0
VA,2021-02-27,2021,8,29,20.0,8.0,27.0,0.0,5.5,3.0,3.0,4.5,16665.0,2437.0,11687.0,1654.0,0.7,0.0,0.68,0.0,38.81475409836066,0,24.0,26.0,23.0,20.0,0.0,0.0,0.0,0.0
VA,2021-03-06,2021,9,30,18.0,9.0,33.0,0.0,5.5,3.0,3.0,4.5,16642.0,2433.0,11652.0,1620.0,0.7,0.0,0.67,0.0,38.81475409836066,0,20.0,24.0,28.0,42.0,0.0,0.0,0.0,0.0
VA,2021-03-13,2021,10,31,14.0,5.0,12.0,0.0,5.5,3.0,3.0,4.5,16563.0,2442.0,11802.0,1619.0,0.71,0.0,0.66,0.0,38.81475409836066,0,18.0,20.0,26.0,36.0,0.0,0.0,0.0,0.0
VA,2021-03-20,2021,11,32,15.0,5.0,25.0,0.0,5.5,3.0,3.0,4.5,16488.0,2438.0,11724.0,1615.0,0.71,0.0,0.66,0.0,38.81475409836066,0,14.0,18.0,24.0,28.0,0.0,0.0,0.0,0.0
VA,2021-03-27,2021,12,33,20.0,8.0,26.0,0.0,5.5,3.0,3.0,4.5,16490.0,2441.0,11734.0,1631.0,0.71,0.0,0.67,0.0,38.81475409836066,0,15.0,14.0,20.0,23.0,0.0,0.0,0.0,0.0
VA,2021-04-03,2021,13,34,19.0,7.0,14.0,0.0,5.5,3.0,3.0,4.5,16485.0,2447.0,11583.0,1598.0,0.7,0.0,0.65,0.0,38.81475409836066,0,20.0,15.0,18.0,28.0,0.0,0.0,0.0,0.0
VA,2021-04-10,2021,14,35,17.0,6.0,18.0,0.0,5.5,3.0,3.0,4.5,16548.0,2452.0,11612.0,1625.0,0.7,0.0,0.66,0.0,38.81475409836066,0,19.0,20.0,14.0,26.0,0.0,0.0,0.0,0.0
VA,2021-04-17,2021,15,36,18.0,4.0,18.0,0.0,5.5,3.0,3.0,4.5,16604.0,2462.0,11848.0,1672.0,0.71,0.0,0.68,0.0,38.81475409836066,0,17.0,19.0,15.0,24.0,0.0,0.0,0.0,0.0
VA,2021-04-24,2021,16,37,15.0,6.0,32.0,0.0,5.5,3.0,3.0,4.5,16584.0,2464.0,11865.0,1675.0,0.72,0.0,0.68,0.0,38.81475409836066,0,18.0,17.0,20.0,20.0,0.0,0.0,0.0,0.0
VA,2021-05-01,2021,17,38,14.0,5.0,22.0,0.0,5.5,3.0,3.0,4.5,16599.0,2449.0,11851.0,1679.0,0.71,0.0,0.69,0.0,38.81475409836066,0,15.0,18.0,19.0,18.0,0.0,0.0,0.0,0.0
VA,2021-05-08,2021,18,39,11.0,5.0,22.0,0.0,5.5,3.0,3.0,4.5,16604.0,2463.0,11817.0,1634.0,0.71,0.0,0.66,0.0,38.81475409836066,0,14.0,15.0,17.0,14.0,0.0,0.0,0.0,0.0
VA,2021-05-15,2021,19,40,7.0,3.0,20.0,0.0,5.5,3.0,3.0,4.5,16597.0,2480.0,11595.0,1620.0,0.7,0.0,0.65,0.0,38.81475409836066,0,11.0,14.0,18.0,15.0,0.0,0.0,0.0,0.0
VA,2021-05-22,2021,20,41,6.0,2.0,13.0,0.0,5.5,3.0,3.0,4.5,16609.0,2459.0,11556.0,1601.0,0.7,0.0,0.65,0.0,38.81475409836066,0,7.0,11.0,15.0,20.0,0.0,0.0,0.0,0.0
VA,2021-05-29,2021,21,42,6.0,0.0,11.0,0.0,5.5,3.0,3.0,4.5,16592.0,2439.0,11707.0,1609.0,0.71,0.0,0.66,0.0,38.81475409836066,0,6.0,7.0,14.0,19.0,0.0,0.0,0.0,0.0
VA,2021-06-05,2021,22,43,5.0,1.0,16.0,0.0,5.5,3.0,3.0,4.5,16589.0,2429.0,11429.0,1566.0,0.69,0.0,0.64,0.0,38.81475409836066,0,6.0,6.0,11.0,17.0,0.0,0.0,0.0,0.0
VA,2021-06-12,2021,23,44,6.0,2.0,13.0,0.0,5.5,3.0,3.0,4.5,16584.0,2450.0,11573.0,1596.0,0.7,0.0,0.65,0.0,38.81475409836066,0,5.0,6.0,7.0,18.0,0.0,0.0,0.0,0.0
VA,2021-06-19,2021,24,45,4.0,1.0,20.0,0.0,5.5,3.0,3.0,4.5,16556.0,2433.0,11496.0,1583.0,0.69,0.0,0.65,0.0,38.81475409836066,0,6.0,5.0,6.0,15.0,0.0,0.0,0.0,0.0
VA,2021-06-26,2021,25,46,3.0,1.0,18.0,0.0,5.5,3.0,3.0,4.5,16575.0,2422.0,11600.0,1598.0,0.7,0.0,0.66,0.0,38.81475409836066,0,4.0,6.0,6.0,14.0,0.0,0.0,0.0,0.0
VA,2021-07-03,2021,26,47,7.0,0.0,12.0,0.0,5.5,3.0,3.0,4.5,16580.0,2410.0,11696.0,1563.0,0.71,0.0,0.65,0.0,38.81475409836066,0,3.0,4.0,5.0,11.0,0.0,0.0,0.0,0.0
VA,2021-07-10,2021,27,48,7.0,0.0,19.0,0.0,5.5,3.0,3.0,4.5,16604.0,2418.0,11525.0,1573.0,0.69,0.0,0.65,0.0,38.81475409836066,0,7.0,3.0,6.0,7.0,0.0,0.0,0.0,0.0
VA,2021-07-17,2021,28,49,14.0,2.0,15.0,0.0,5.5,3.0,3.0,4.5,16616.0,2428.0,11814.0,1598.0,0.71,0.0,0.66,0.0,38.81475409836066,0,7.0,7.0,4.0,6.0,0.0,0.0,0.0,0.0
VA,2021-07-24,2021,29,50,13.0,3.0,21.0,0.0,5.5,3.0,3.0,4.5,16609.0,2431.0,11843.0,1613.0,0.71,0.0,0.66,0.0,38.81475409836066,0,14.0,7.0,3.0,6.0,0.0,0.0,0.0,0.0
VA,2021-07-31,2021,30,51,8.0,2.0,21.0,0.0,5.5,3.0,3.0,4.5,16612.0,2436.0,11695.0,1608.0,0.7,0.0,0.66,0.0,38.81475409836066,0,13.0,14.0,7.0,5.0,0.0,0.0,0.0,0.0
VA,2021-08-07,2021,31,52,9.0,4.0,16.0,0.0,5.5,3.0,3.0,4.5,16652.0,2442.0,11850.0,1661.0,0.71,0.0,0.68,0.0,38.81475409836066,0,8.0,13.0,7.0,6.0,0.0,0.0,0.0,0.0
VA,2021-08-14,2021,32,53,12.0,4.0,23.0,0.0,5.5,3.0,3.0,4.5,16632.0,2447.0,12083.0,1692.0,0.73,0.0,0.69,0.0,38.81475409836066,0,9.0,8.0,14.0,4.0,0.0,0.0,0.0,0.0
VA,2021-08-21,2021,33,54,15.0,7.0,24.0,0.0,5.5,3.0,3.0,4.5,16658.0,2452.0,12074.0,1721.0,0.72,0.0,0.7,0.0,38.81475409836066,0,12.0,9.0,13.0,3.0,0.0,0.0,0.0,0.0
VA,2021-08-28,2021,34,55,14.0,6.0,7.0,0.0,5.5,3.0,3.0,4.5,16682.0,2470.0,12162.0,1743.0,0.73,0.0,0.71,0.0,38.81475409836066,0,15.0,12.0,8.0,7.0,0.0,0.0,0.0,0.0
VA,2021-09-04,2021,35,56,19.0,6.0,9.0,0.0,5.5,3.0,3.0,4.5,16695.0,2470.0,12295.0,1791.0,0.74,0.0,0.73,0.0,38.81475409836066,0,14.0,15.0,9.0,7.0,0.0,0.0,0.0,0.0
VA,2021-09-11,2021,36,57,22.0,5.0,7.0,0.0,5.5,3.0,3.0,4.5,16746.0,2482.0,12361.0,1817.0,0.74,0.0,0.73,0.0,38.81475409836066,0,19.0,14.0,12.0,14.0,0.0,0.0,0.0,0.0
VA,2021-09-18,2021,37,58,23.0,5.0,17.0,0.0,5.5,3.0,3.0,4.5,16802.0,2470.0,12569.0,1817.0,0.75,0.0,0.74,0.0,38.81475409836066,0,22.0,19.0,15.0,13.0,0.0,0.0,0.0,0.0
VA,2021-09-25,2021,38,59,22.0,8.0,11.0,0.0,5.5,3.0,3.0,4.5,16777.0,2463.0,12406.0,1814.0,0.74,0.0,0.74,0.0,38.81475409836066,0,23.0,22.0,14.0,8.0,0.0,0.0,0.0,0.0
VA,2021-10-02,2021,39,60,16.0,5.0,6.0,0.0,5.5,3.0,3.0,4.5,16793.0,2464.0,12315.0,1830.0,0.73,0.0,0.74,0.0,38.81475409836066,0,22.0,23.0,19.0,9.0,0.0,0.0,0.0,0.0
VA,2021-10-09,2021,40,61,16.0,5.0,12.0,0.0,5.5,3.0,3.0,4.5,16785.0,2461.0,12253.0,1826.0,0.73,0.0,0.74,0.0,38.81475409836066,0,16.0,22.0,22.0,12.0,0.0,0.0,0.0,0.0
VA,2021-10-16,2021,41,62,14.0,5.0,9.0,0.0,5.5,3.0,3.0,4.5,16730.0,2449.0,12281.0,1800.0,0.73,0.0,0.73,0.0,38.81475409836066,0,16.0,16.0,23.0,15.0,0.0,0.0,0.0,0.0
VA,2021-10-23,2021,42,63,18.0,5.0,16.0,0.0,5.5,3.0,3.0,4.5,16705.0,2430.0,12217.0,1754.0,0.73,0.0,0.72,0.0,38.81475409836066,0,14.0,16.0,22.0,14.0,0.0,0.0,0.0,0.0
VA,2021-10-30,2021,43,64,17.0,8.0,10.0,0.0,5.5,3.0,3.0,4.5,16704.0,2430.0,12053.0,1734.0,0.72,0.0,0.71,0.0,38.81475409836066,0,18.0,14.0,16.0,19.0,0.0,0.0,0.0,0.0
VA,2021-11-06,2021,44,65,15.0,7.0,6.0,0.0,5.5,3.0,3.0,4.5,16696.0,2428.0,12081.0,1726.0,0.72,0.0,0.71,0.0,38.81475409836066,0,17.0,18.0,16.0,22.0,0.0,0.0,0.0,0.0
VA,2021-11-13,2021,45,66,24.0,4.0,15.0,0.0,5.5,3.0,3.0,4.5,16532.0,2425.0,11998.0,1701.0,0.73,0.0,0.7,0.0,38.81475409836066,0,15.0,17.0,14.0,23.0,0.0,0.0,0.0,0.0
VA,2021-11-20,2021,46,67,24.0,6.0,14.0,0.0,5.5,3.0,3.0,4.5,16324.0,2418.0,12127.0,1696.0,0.74,0.0,0.7,0.0,38.81475409836066,0,24.0,15.0,18.0,22.0,0.0,0.0,0.0,0.0
VA,2021-11-27,2021,47,68,21.0,7.0,23.0,0.0,5.5,3.0,3.0,4.5,16328.0,2415.0,11451.0,1672.0,0.7,0.0,0.69,0.0,38.81475409836066,0,24.0,24.0,17.0,16.0,0.0,0.0,0.0,0.0
VA,2021-12-04,2021,48,69,28.0,9.0,33.0,0.0,5.5,3.0,3.0,4.5,16349.0,2414.0,12157.0,1709.0,0.74,0.0,0.71,0.0,38.81475409836066,0,21.0,24.0,15.0,16.0,0.0,0.0,0.0,0.0
VA,2021-12-11,2021,49,70,31.0,8.0,33.0,0.0,5.5,3.0,3.0,4.5,16358.0,2407.0,12358.0,1721.0,0.76,0.0,0.71,0.0,38.81475409836066,0,28.0,21.0,24.0,14.0,0.0,0.0,0.0,0.0
VA,2021-12-18,2021,50,71,38.0,7.0,35.0,0.0,5.5,3.0,3.0,4.5,16358.0,2417.0,12314.0,1755.0,0.75,0.0,0.73,0.0,38.81475409836066,0,31.0,28.0,24.0,18.0,0.0,0.0,0.0,0.0
VA,2021-12-25,2021,51,72,36.0,6.0,35.0,0.0,5.5,3.0,3.0,4.5,16346.0,2412.0,11553.0,1701.0,0.71,0.0,0.71,0.0,38.81475409836066,0,38.0,31.0,21.0,17.0,0.0,0.0,0.0,0.0
VA,2022-01-01,2022,52,73,35.0,5.0,50.0,0.0,5.5,3.0,3.0,4.5,16375.0,2416.0,11690.0,1755.0,0.71,0.0,0.73,0.0,38.417297297297296,0,36.0,38.0,28.0,15.0,0.0,0.0,0.0,0.0
VA,2022-01-08,2022,1,74,50.0,7.0,48.0,0.0,5.5,3.0,3.0,4.5,16369.0,2429.0,12189.0,1805.0,0.74,0.0,0.74,0.0,38.417297297297296,0,35.0,36.0,31.0,24.0,0.0,0.0,0.0,0.0
VA,2022-01-15,2022,2,75,54.0,4.0,37.0,0.0,5.5,3.0,3.0,4.5,16394.0,2367.0,12499.0,1804.0,0.76,0.0,0.76,0.0,38.417297297297296,0,50.0,35.0,38.0,24.0,0.0,0.0,0.0,0.0
VA,2022-01-22,2022,3,76,40.0,7.0,44.0,0.0,5.5,3.0,3.0,4.5,16423.0,2340.0,12409.0,1736.0,0.76,0.0,0.74,0.0,38.417297297297296,0,54.0,50.0,36.0,21.0,0.0,0.0,0.0,0.0
VA,2022-01-29,2022,4,77,30.0,5.0,40.0,0.0,5.5,3.0,3.0,4.5,16410.0,2352.0,12447.0,1743.0,0.76,0.0,0.74,0.0,38.417297297297296,0,40.0,54.0,35.0,28.0,0.0,0.0,0.0,0.0
VA,2022-02-05,2022,5,78,31.0,8.0,38.0,0.0,5.5,3.0,3.0,4.5,16395.0,2342.0,12217.0,1714.0,0.75,0.0,0.73,0.0,38.417297297297296,0,30.0,40.0,50.0,31.0,0.0,0.0,0.0,0.0
VA,2022-02-12,2022,6,79,29.0,7.0,34.0,0.0,5.5,3.0,3.0,4.5,16357.0,2333.0,12245.0,1697.0,0.75,0.0,0.73,0.0,38.417297297297296,0,31.0,30.0,54.0,38.0,0.0,0.0,0.0,0.0
VA,2022-02-19,2022,7,80,24.0,7.0,31.0,0.0,5.5,3.0,3.0,4.5,16349.0,2331.0,12158.0,1637.0,0.74,0.0,0.7,0.0,38.417297297297296,0,29.0,31.0,40.0,36.0,0.0,0.0,0.0,0.0
VA,2022-02-26,2022,8,81,20.0,5.0,27.0,0.0,5.5,3.0,3.0,4.5,16343.0,2327.0,12092.0,1612.0,0.74,0.0,0.69,0.0,38.417297297297296,0,24.0,29.0,30.0,35.0,0.0,0.0,0.0,0.0
VA,2022-03-05,2022,9,82,17.0,4.0,27.0,0.0,5.5,3.0,3.0,4.5,16341.0,2318.0,11795.0,1567.0,0.72,0.0,0.68,0.0,38.417297297297296,0,20.0,24.0,31.0,50.0,0.0,0.0,0.0,0.0
VA,2022-03-12,2022,10,83,16.0,4.0,18.0,0.0,5.5,3.0,3.0,4.5,16339.0,2336.0,11526.0,1497.0,0.71,0.0,0.64,0.0,38.417297297297296,0,17.0,20.0,29.0,54.0,0.0,0.0,0.0,0.0
VA,2022-03-19,2022,11,84,16.0,4.0,32.0,0.0,5.5,3.0,3.0,4.5,16258.0,2305.0,11525.0,1510.0,0.71,0.0,0.66,0.0,38.417297297297296,0,16.0,17.0,24.0,40.0,0.0,0.0,0.0,0.0
VA,2022-03-26,2022,12,85,17.0,5.0,35.0,0.0,5.5,3.0,3.0,4.5,16316.0,2291.0,11602.0,1506.0,0.71,0.0,0.66,0.0,38.417297297297296,0,16.0,16.0,20.0,30.0,0.0,0.0,0.0,0.0
VA,2022-04-02,2022,13,86,19.0,5.0,39.0,0.0,5.5,3.0,3.0,4.5,16334.0,2280.0,11521.0,1454.0,0.71,0.0,0.64,0.0,38.417297297297296,0,17.0,16.0,17.0,31.0,0.0,0.0,0.0,0.0
VA,2022-04-09,2022,14,87,24.0,4.0,35.0,0.0,5.5,3.0,3.0,4.5,16384.0,2294.0,11493.0,1461.0,0.7,0.0,0.64,0.0,38.417297297297296,0,19.0,17.0,16.0,29.0,0.0,0.0,0.0,0.0
VA,2022-04-16,2022,15,88,24.0,2.0,51.0,0.0,5.5,3.0,3.0,4.5,16374.0,2290.0,11473.0,1501.0,0.7,0.0,0.66,0.0,38.417297297297296,0,24.0,19.0,16.0,24.0,0.0,0.0,0.0,0.0
VA,2022-04-23,2022,16,89,27.0,3.0,42.0,0.0,5.5,3.0,3.0,4.5,16345.0,2283.0,11367.0,1459.0,0.7,0.0,0.64,0.0,38.417297297297296,0,24.0,24.0,17.0,20.0,0.0,0.0,0.0,0.0
VA,2022-04-30,2022,17,90,34.0,7.0,57.0,0.0,5.5,3.0,3.0,4.5,16436.0,2279.0,11315.0,1431.0,0.69,0.0,0.63,0.0,38.417297297297296,0,27.0,24.0,19.0,17.0,0.0,0.0,0.0,0.0
VA,2022-05-07,2022,18,91,35.0,7.0,44.0,0.0,5.5,3.0,3.0,4.5,16400.0,2285.0,11181.0,1411.0,0.68,0.0,0.62,0.0,38.417297297297296,0,34.0,27.0,24.0,16.0,0.0,0.0,0.0,0.0
VA,2022-05-14,2022,19,92,37.0,6.0,41.0,0.0,5.5,3.0,3.0,4.5,16393.0,2287.0,11431.0,1489.0,0.7,0.0,0.65,0.0,38.417297297297296,0,35.0,34.0,24.0,16.0,0.0,0.0,0.0,0.0
VA,2022-05-21,2022,20,93,42.0,8.0,35.0,0.0,5.5,3.0,3.0,4.5,16360.0,2277.0,11606.0,1501.0,0.71,0.0,0.66,0.0,38.417297297297296,0,37.0,35.0,27.0,17.0,0.0,0.0,0.0,0.0
VA,2022-05-28,2022,21,94,43.0,8.0,35.0,0.0,5.5,3.0,3.0,4.5,16388.0,2286.0,11481.0,1492.0,0.7,0.0,0.65,0.0,38.417297297297296,0,42.0,37.0,34.0,19.0,0.0,0.0,0.0,0.0
VA,2022-06-04,2022,22,95,32.0,5.0,41.0,0.0,5.5,3.0,3.0,4.5,16369.0,2290.0,11261.0,1471.0,0.69,0.0,0.64,0.0,38.417297297297296,0,43.0,42.0,35.0,24.0,0.0,0.0,0.0,0.0
VA,2022-06-11,2022,23,96,35.0,7.0,40.0,0.0,5.5,3.0,3.0,4.5,16381.0,2296.0,11590.0,1515.0,0.71,0.0,0.66,0.0,38.417297297297296,0,32.0,43.0,37.0,24.0,0.0,0.0,0.0,0.0
VA,2022-06-18,2022,24,97,33.0,4.0,29.0,0.0,5.5,3.0,3.0,4.5,16395.0,2286.0,11684.0,1537.0,0.71,0.0,0.67,0.0,38.417297297297296,0,35.0,32.0,42.0,27.0,0.0,0.0,0.0,0.0
VA,2022-06-25,2022,25,98,24.0,3.0,35.0,0.0,5.5,3.0,3.0,4.5,16388.0,2297.0,11524.0,1515.0,0.7,0.0,0.66,0.0,38.417297297297296,0,33.0,35.0,43.0,34.0,0.0,0.0,0.0,0.0
VA,2022-07-02,2022,26,99,29.0,3.0,39.0,0.0,5.5,3.0,3.0,4.5,16391.0,2293.0,11432.0,1505.0,0.7,0.0,0.66,0.0,38.417297297297296,0,24.0,33.0,32.0,35.0,0.0,0.0,0.0,0.0
VA,2022-07-09,2022,27,100,17.0,2.0,20.0,0.0,5.5,3.0,3.0,4.5,16345.0,2289.0,11317.0,1487.0,0.69,0.0,0.65,0.0,38.417297297297296,0,29.0,24.0,35.0,37.0,0.0,0.0,0.0,0.0
VA,2022-07-16,2022,28,101,21.0,3.0,19.0,0.0,5.5,3.0,3.0,4.5,16393.0,2294.0,11701.0,1538.0,0.71,0.0,0.67,0.0,38.417297297297296,0,17.0,29.0,33.0,42.0,0.0,0.0,0.0,0.0
VA,2022-07-23,2022,29,102,20.0,4.0,33.0,0.0,5.5,3.0,3.0,4.5,16404.0,2293.0,11692.0,1545.0,0.71,0.0,0.67,0.0,38.417297297297296,0,21.0,17.0,24.0,43.0,0.0,0.0,0.0,0.0
VA,2022-07-30,2022,30,103,20.0,3.0,27.0,0.0,5.5,3.0,3.0,4.5,16416.0,2302.0,11524.0,1518.0,0.7,0.0,0.66,0.0,38.417297297297296,0,20.0,21.0,29.0,32.0,0.0,0.0,0.0,0.0
VA,2022-08-06,2022,31,104,13.0,3.0,15.0,0.0,5.5,3.0,3.0,4.5,16369.0,2306.0,11394.0,1493.0,0.7,0.0,0.65,0.0,38.417297297297296,0,20.0,20.0,17.0,35.0,0.0,0.0,0.0,0.0
VA,2022-08-13,2022,32,105,17.0,3.0,28.0,0.0,5.5,3.0,3.0,4.5,16365.0,2326.0,11340.0,1484.0,0.69,0.0,0.64,0.0,38.417297297297296,0,13.0,20.0,21.0,33.0,0.0,0.0,0.0,0.0
VA,2022-08-20,2022,33,106,11.0,1.0,16.0,0.0,5.5,3.0,3.0,4.5,16414.0,2323.0,10827.0,1437.0,0.66,0.0,0.62,0.0,38.417297297297296,0,17.0,13.0,20.0,24.0,0.0,0.0,0.0,0.0
VA,2022-08-27,2022,34,107,17.0,2.0,14.0,0.0,5.5,3.0,3.0,4.5,16406.0,2335.0,11245.0,1480.0,0.69,0.0,0.63,0.0,38.417297297297296,0,11.0,17.0,20.0,29.0,0.0,0.0,0.0,0.0
VA,2022-09-03,2022,35,108,19.0,2.0,24.0,0.0,5.5,3.0,3.0,4.5,16382.0,2319.0,11416.0,1516.0,0.7,0.0,0.65,0.0,38.417297297297296,0,17.0,11.0,13.0,17.0,0.0,0.0,0.0,0.0
VA,2022-09-10,2022,36,109,15.0,4.0,20.0,0.0,5.5,3.0,3.0,4.5,16373.0,2312.0,11201.0,1530.0,0.68,0.0,0.66,0.0,38.417297297297296,0,19.0,17.0,17.0,21.0,0.0,0.0,0.0,0.0
VA,2022-09-17,2022,37,110,14.0,3.0,27.0,0.0,5.5,3.0,3.0,4.5,16368.0,2305.0,11324.0,1506.0,0.69,0.0,0.65,0.0,38.417297297297296,0,15.0,19.0,11.0,20.0,0.0,0.0,0.0,0.0
VA,2022-09-24,2022,38,111,20.0,2.0,16.0,0.0,5.5,3.0,3.0,4.5,16385.0,2303.0,11606.0,1491.0,0.71,0.0,0.65,0.0,38.417297297297296,0,14.0,15.0,17.0,20.0,0.0,0.0,0.0,0.0
VA,2022-10-01,2022,39,112,22.0,1.0,29.0,0.0,5.5,3.0,3.0,4.5,16346.0,2304.0,11506.0,1531.0,0.7,0.0,0.66,0.0,38.417297297297296,0,20.0,14.0,19.0,13.0,0.0,0.0,0.0,0.0
VA,2022-10-08,2022,40,113,28.0,1.0,48.0,0.0,5.5,3.0,3.0,4.5,16333.0,2303.0,11482.0,1547.0,0.7,0.0,0.67,0.0,38.417297297297296,0,22.0,20.0,15.0,17.0,0.0,0.0,0.0,0.0
VA,2022-10-15,2022,41,114,37.0,5.0,53.0,0.0,5.5,3.0,3.0,4.5,16336.0,2293.0,11505.0,1538.0,0.7,0.0,0.67,0.0,38.417297297297296,0,28.0,22.0,14.0,11.0,0.0,0.0,0.0,0.0
VA,2022-10-22,2022,42,115,54.0,8.0,77.0,0.0,5.5,3.0,3.0,4.5,16374.0,2304.0,11751.0,1569.0,0.72,0.0,0.68,0.0,38.417297297297296,0,37.0,28.0,20.0,17.0,0.0,0.0,0.0,0.0
VA,2022-10-29,2022,43,116,102.0,10.0,172.0,0.0,5.5,3.0,3.0,4.5,16291.0,2306.0,11789.0,1550.0,0.72,0.01,0.67,0.0,38.417297297297296,0,54.0,37.0,22.0,19.0,0.0,0.0,0.0,0.0
VA,2022-11-05,2022,44,117,177.0,22.0,307.0,0.0,5.5,3.0,3.0,4.5,16375.0,2316.0,11745.0,1530.0,0.72,0.01,0.66,0.01,38.417297297297296,1,102.0,54.0,28.0,15.0,0.01,0.0,0.0,0.0
VA,2022-11-12,2022,45,118,206.0,30.0,339.0,0.0,5.5,3.0,3.0,4.5,16355.0,2305.0,11836.0,1565.0,0.72,0.01,0.68,0.01,38.417297297297296,1,177.0,102.0,37.0,14.0,0.01,0.01,0.0,0.0
VA,2022-11-19,2022,46,119,198.0,26.0,262.0,0.0,5.5,3.0,3.0,4.5,16390.0,2311.0,11870.0,1576.0,0.72,0.01,0.68,0.01,38.417297297297296,1,206.0,177.0,54.0,20.0,0.01,0.01,0.0,0.0
VA,2022-11-26,2022,47,120,261.0,36.0,380.0,0.0,5.5,3.0,3.0,4.5,16368.0,2316.0,11351.0,1549.0,0.69,0.02,0.67,0.02,38.417297297297296,1,198.0,206.0,102.0,22.0,0.01,0.01,0.01,0.0
VA,2022-12-03,2022,48,121,359.0,55.0,495.0,0.0,5.5,3.0,3.0,4.5,16459.0,2321.0,11863.0,1585.0,0.72,0.02,0.68,0.02,38.417297297297296,1,261.0,198.0,177.0,28.0,0.02,0.01,0.01,0.0
VA,2022-12-10,2022,49,122,351.0,57.0,368.0,0.0,5.5,3.0,3.0,4.5,16469.0,2313.0,11862.0,1601.0,0.72,0.02,0.69,0.02,38.417297297297296,1,359.0,261.0,206.0,37.0,0.02,0.02,0.01,0.0
VA,2022-12-17,2022,50,123,313.0,52.0,286.0,0.0,5.5,3.0,3.0,4.5,16874.0,2346.0,12035.0,1604.0,0.71,0.02,0.68,0.02,38.417297297297296,1,351.0,359.0,198.0,54.0,0.02,0.02,0.01,0.0
VA,2022-12-24,2022,51,124,239.0,44.0,269.0,0.0,5.5,3.0,3.0,4.5,16819.0,2344.0,11582.0,1549.0,0.69,0.01,0.66,0.02,38.417297297297296,1,313.0,351.0,261.0,102.0,0.02,0.02,0.02,0.01
VA,2022-12-31,2022,52,125,229.0,38.0,279.0,0.0,5.5,3.0,3.0,4.5,16869.0,2350.0,11369.0,1542.0,0.67,0.01,0.66,0.02,38.417297297297296,1,239.0,313.0,359.0,177.0,0.01,0.02,0.02,0.01
VT,2020-10-03,2020,40,8,1.0,0.0,0.0,0.0,0.0,0.0,0.0,0.0,1332.0,153.0,841.0,94.0,0.63,0.0,0.61,0.0,43.913065326633166,0,1.0,1.0,1.0,1.0,0.0,0.0,0.0,0.0
VT,2020-10-10,2020,41,9,1.0,0.0,0.0,0.0,0.0,0.0,0.0,0.0,1329.0,153.0,805.0,90.0,0.61,0.0,0.59,0.0,43.913065326633166,0,1.0,1.0,1.0,1.0,0.0,0.0,0.0,0.0
VT,2020-10-17,2020,42,10,1.0,0.0,0.0,0.0,0.0,0.0,0.0,0.0,1329.0,150.0,832.0,89.0,0.63,0.0,0.59,0.0,43.913065326633166,0,1.0,1.0,1.0,1.0,0.0,0.0,0.0,0.0
VT,2020-10-24,2020,43,11,0.0,0.0,0.0,0.0,0.0,0.0,0.0,0.0,1329.0,152.0,838.0,92.0,0.63,0.0,0.6,0.0,43.913065326633166,0,1.0,1.0,1.0,1.0,0.0,0.0,0.0,0.0
VT,2020-10-31,2020,44,12,0.0,0.0,0.0,0.0,0.0,0.0,0.0,0.0,1325.0,152.0,829.0,96.0,0.63,0.0,0.63,0.0,43.913065326633166,0,0.0,1.0,1.0,1.0,0.0,0.0,0.0,0.0
VT,2020-11-07,2020,45,13,0.0,0.0,0.0,0.0,0.0,0.0,0.0,0.0,810.0,77.0,393.0,37.0,0.49,0.0,0.48,0.0,43.913065326633166,0,0.0,0.0,1.0,1.0,0.0,0.0,0.0,0.0
VT,2020-11-14,2020,46,14,0.0,0.0,1.0,0.0,0.0,0.0,0.0,0.0,818.0,78.0,413.0,40.0,0.51,0.0,0.51,0.0,43.913065326633166,0,0.0,0.0,1.0,1.0,0.0,0.0,0.0,0.0
VT,2020-11-21,2020,47,15,1.0,0.0,1.0,0.0,0.0,0.0,0.0,0.0,821.0,79.0,398.0,38.0,0.48,0.0,0.48,0.0,43.913065326633166,0,0.0,0.0,0.0,1.0,0.0,0.0,0.0,0.0
VT,2020-11-28,2020,48,16,0.0,0.0,0.0,0.0,0.0,0.0,0.0,0.0,1322.0,154.0,669.0,74.0,0.51,0.0,0.48,0.0,43.913065326633166,0,1.0,0.0,0.0,1.0,0.0,0.0,0.0,0.0
VT,2020-12-05,2020,49,17,0.0,0.0,0.0,0.0,0.0,0.0,0.0,0.0,1314.0,154.0,730.0,82.0,0.56,0.0,0.53,0.0,43.913065326633166,0,0.0,1.0,0.0,1.0,0.0,0.0,0.0,0.0
VT,2020-12-12,2020,50,18,0.0,0.0,0.0,0.0,0.0,0.0,0.0,0.0,1316.0,153.0,729.0,79.0,0.55,0.0,0.52,0.0,43.913065326633166,0,0.0,0.0,0.0,1.0,0.0,0.0,0.0,0.0
VT,2020-12-19,2020,51,19,0.0,0.0,0.0,0.0,0.0,0.0,0.0,0.0,1319.0,154.0,749.0,82.0,0.57,0.0,0.53,0.0,43.913065326633166,0,0.0,0.0,1.0,0.0,0.0,0.0,0.0,0.0
VT,2020-12-26,2020,52,20,0.0,0.0,0.0,0.0,0.0,0.0,0.0,0.0,1317.0,154.0,710.0,85.0,0.54,0.0,0.55,0.0,43.913065326633166,0,0.0,0.0,0.0,0.0,0.0,0.0,0.0,0.0
VT,2021-01-02,2021,53,21,0.0,0.0,0.0,0.0,0.0,0.0,0.0,0.0,1319.0,154.0,738.0,80.0,0.56,0.0,0.52,0.0,43.716,0,0.0,0.0,0.0,0.0,0.0,0.0,0.0,0.0
VT,2021-01-09,2021,1,22,0.0,0.0,0.0,0.0,0.0,0.0,0.0,0.0,1320.0,154.0,808.0,88.0,0.61,0.0,0.57,0.0,43.716,0,0.0,0.0,0.0,0.0,0.0,0.0,0.0,0.0
VT,2021-01-16,2021,2,23,0.0,0.0,0.0,0.0,0.0,0.0,0.0,0.0,1321.0,154.0,820.0,91.0,0.62,0.0,0.59,0.0,43.716,0,0.0,0.0,0.0,1.0,0.0,0.0,0.0,0.0
VT,2021-01-23,2021,3,24,0.0,0.0,0.0,0.0,0.0,0.0,0.0,0.0,1319.0,149.0,829.0,92.0,0.63,0.0,0.62,0.0,43.716,0,0.0,0.0,0.0,0.0,0.0,0.0,0.0,0.0
VT,2021-01-30,2021,4,25,0.0,0.0,0.0,0.0,0.0,0.0,0.0,0.0,1321.0,148.0,810.0,96.0,0.61,0.0,0.65,0.0,43.716,0,0.0,0.0,0.0,0.0,0.0,0.0,0.0,0.0
VT,2021-02-06,2021,5,26,0.0,0.0,1.0,0.0,0.0,0.0,0.0,0.0,1323.0,148.0,775.0,99.0,0.59,0.0,0.66,0.0,43.716,0,0.0,0.0,0.0,0.0,0.0,0.0,0.0,0.0
VT,2021-02-13,2021,6,27,0.0,0.0,0.0,0.0,0.0,0.0,0.0,0.0,1323.0,149.0,799.0,102.0,0.6,0.0,0.69,0.0,43.716,0,0.0,0.0,0.0,0.0,0.0,0.0,0.0,0.0
VT,2021-02-20,2021,7,28,0.0,0.0,0.0,0.0,0.0,0.0,0.0,0.0,1334.0,149.0,795.0,94.0,0.6,0.0,0.63,0.0,43.716,0,0.0,0.0,0.0,0.0,0.0,0.0,0.0,0.0
VT,2021-02-27,2021,8,29,0.0,0.0,0.0,0.0,0.0,0.0,0.0,0.0,1327.0,149.0,817.0,101.0,0.62,0.0,0.68,0.0,43.716,0,0.0,0.0,0.0,0.0,0.0,0.0,0.0,0.0
VT,2021-03-06,2021,9,30,1.0,0.0,0.0,0.0,0.0,0.0,0.0,0.0,1326.0,146.0,833.0,98.0,0.63,0.0,0.67,0.0,43.716,0,0.0,0.0,0.0,0.0,0.0,0.0,0.0,0.0
VT,2021-03-13,2021,10,31,0.0,0.0,0.0,0.0,0.0,0.0,0.0,0.0,1326.0,147.0,792.0,83.0,0.6,0.0,0.56,0.0,43.716,0,1.0,0.0,0.0,0.0,0.0,0.0,0.0,0.0
VT,2021-03-20,2021,11,32,0.0,0.0,0.0,0.0,0.0,0.0,0.0,0.0,1325.0,144.0,792.0,83.0,0.6,0.0,0.58,0.0,43.716,0,0.0,1.0,0.0,0.0,0.0,0.0,0.0,0.0
VT,2021-03-27,2021,12,33,0.0,0.0,0.0,0.0,0.0,0.0,0.0,0.0,1324.0,144.0,817.0,86.0,0.62,0.0,0.6,0.0,43.716,0,0.0,0.0,0.0,0.0,0.0,0.0,0.0,0.0
VT,2021-04-03,2021,13,34,0.0,0.0,1.0,0.0,0.0,0.0,0.0,0.0,1323.0,144.0,764.0,83.0,0.58,0.0,0.58,0.0,43.716,0,0.0,0.0,1.0,0.0,0.0,0.0,0.0,0.0
VT,2021-04-10,2021,14,35,0.0,0.0,0.0,0.0,0.0,0.0,0.0,0.0,1326.0,147.0,805.0,88.0,0.61,0.0,0.6,0.0,43.716,0,0.0,0.0,0.0,0.0,0.0,0.0,0.0,0.0
VT,2021-04-17,2021,15,36,0.0,0.0,2.0,0.0,0.0,0.0,0.0,0.0,1327.0,145.0,810.0,82.0,0.61,0.0,0.57,0.0,43.716,0,0.0,0.0,0.0,0.0,0.0,0.0,0.0,0.0
VT,2021-04-24,2021,16,37,0.0,0.0,0.0,0.0,0.0,0.0,0.0,0.0,1332.0,145.0,806.0,88.0,0.6,0.0,0.6,0.0,43.716,0,0.0,0.0,0.0,0.0,0.0,0.0,0.0,0.0
VT,2021-05-01,2021,17,38,0.0,0.0,0.0,0.0,0.0,0.0,0.0,0.0,1323.0,144.0,817.0,89.0,0.62,0.0,0.62,0.0,43.716,0,0.0,0.0,0.0,1.0,0.0,0.0,0.0,0.0
VT,2021-05-08,2021,18,39,1.0,0.0,3.0,0.0,0.0,0.0,0.0,0.0,1318.0,145.0,819.0,89.0,0.62,0.0,0.61,0.0,43.716,0,0.0,0.0,0.0,0.0,0.0,0.0,0.0,0.0
VT,2021-05-15,2021,19,40,1.0,0.0,0.0,0.0,0.0,0.0,0.0,0.0,1322.0,147.0,799.0,83.0,0.6,0.0,0.56,0.0,43.716,0,1.0,0.0,0.0,0.0,0.0,0.0,0.0,0.0
VT,2021-05-22,2021,20,41,1.0,0.0,0.0,0.0,0.0,0.0,0.0,0.0,1321.0,150.0,783.0,79.0,0.59,0.0,0.53,0.0,43.716,0,1.0,1.0,0.0,0.0,0.0,0.0,0.0,0.0
VT,2021-05-29,2021,21,42,1.0,0.0,0.0,0.0,0.0,0.0,0.0,0.0,1329.0,150.0,814.0,78.0,0.61,0.0,0.52,0.0,43.716,0,1.0,1.0,0.0,0.0,0.0,0.0,0.0,0.0
VT,2021-06-05,2021,22,43,1.0,0.0,0.0,0.0,0.0,0.0,0.0,0.0,1322.0,150.0,820.0,83.0,0.62,0.0,0.56,0.0,43.716,0,1.0,1.0,1.0,0.0,0.0,0.0,0.0,0.0
VT,2021-06-12,2021,23,44,1.0,0.0,0.0,0.0,0.0,0.0,0.0,0.0,1324.0,150.0,856.0,86.0,0.65,0.0,0.57,0.0,43.716,0,1.0,1.0,1.0,0.0,0.0,0.0,0.0,0.0
VT,2021-06-19,2021,24,45,1.0,0.0,0.0,0.0,0.0,0.0,0.0,0.0,1306.0,149.0,830.0,85.0,0.64,0.0,0.57,0.0,43.716,0,1.0,1.0,1.0,0.0,0.0,0.0,0.0,0.0
VT,2021-06-26,2021,25,46,1.0,0.0,0.0,0.0,0.0,0.0,0.0,0.0,1311.0,149.0,856.0,91.0,0.65,0.0,0.61,0.0,43.716,0,1.0,1.0,1.0,0.0,0.0,0.0,0.0,0.0
VT,2021-07-03,2021,26,47,1.0,0.0,0.0,0.0,0.0,0.0,0.0,0.0,1286.0,148.0,848.0,95.0,0.66,0.0,0.64,0.0,43.716,0,1.0,1.0,1.0,1.0,0.0,0.0,0.0,0.0
VT,2021-07-10,2021,27,48,1.0,0.0,0.0,0.0,0.0,0.0,0.0,0.0,1285.0,148.0,834.0,94.0,0.65,0.0,0.64,0.0,43.716,0,1.0,1.0,1.0,1.0,0.0,0.0,0.0,0.0
VT,2021-07-17,2021,28,49,1.0,0.0,0.0,0.0,0.0,0.0,0.0,0.0,1284.0,148.0,849.0,99.0,0.66,0.0,0.67,0.0,43.716,0,1.0,1.0,1.0,1.0,0.0,0.0,0.0,0.0
VT,2021-07-24,2021,29,50,1.0,0.0,0.0,0.0,0.0,0.0,0.0,0.0,1288.0,148.0,893.0,101.0,0.69,0.0,0.68,0.0,43.716,0,1.0,1.0,1.0,1.0,0.0,0.0,0.0,0.0
VT,2021-07-31,2021,30,51,1.0,0.0,0.0,0.0,0.0,0.0,0.0,0.0,1294.0,148.0,858.0,91.0,0.66,0.0,0.61,0.0,43.716,0,1.0,1.0,1.0,1.0,0.0,0.0,0.0,0.0
VT,2021-08-07,2021,31,52,1.0,0.0,0.0,0.0,0.0,0.0,0.0,0.0,1294.0,147.0,866.0,94.0,0.67,0.0,0.64,0.0,43.716,0,1.0,1.0,1.0,1.0,0.0,0.0,0.0,0.0
VT,2021-08-14,2021,32,53,1.0,0.0,0.0,0.0,0.0,0.0,0.0,0.0,1294.0,146.0,896.0,102.0,0.69,0.0,0.7,0.0,43.716,0,1.0,1.0,1.0,1.0,0.0,0.0,0.0,0.0
VT,2021-08-21,2021,33,54,1.0,0.0,0.0,0.0,0.0,0.0,0.0,0.0,1297.0,145.0,909.0,106.0,0.7,0.0,0.73,0.0,43.716,0,1.0,1.0,1.0,1.0,0.0,0.0,0.0,0.0
VT,2021-08-28,2021,34,55,2.0,0.0,2.0,0.0,0.0,0.0,0.0,0.0,1296.0,146.0,901.0,106.0,0.7,0.0,0.72,0.0,43.716,0,1.0,1.0,1.0,1.0,0.0,0.0,0.0,0.0
VT,2021-09-04,2021,35,56,1.0,0.0,0.0,0.0,0.0,0.0,0.0,0.0,1295.0,145.0,889.0,102.0,0.69,0.0,0.7,0.0,43.716,0,2.0,1.0,1.0,1.0,0.0,0.0,0.0,0.0
VT,2021-09-11,2021,36,57,1.0,0.0,0.0,0.0,0.0,0.0,0.0,0.0,1296.0,144.0,857.0,99.0,0.66,0.0,0.69,0.0,43.716,0,1.0,2.0,1.0,1.0,0.0,0.0,0.0,0.0
VT,2021-09-18,2021,37,58,1.0,0.0,0.0,0.0,0.0,0.0,0.0,0.0,1290.0,146.0,890.0,103.0,0.69,0.0,0.71,0.0,43.716,0,1.0,1.0,1.0,1.0,0.0,0.0,0.0,0.0
VT,2021-09-25,2021,38,59,1.0,0.0,0.0,0.0,0.0,0.0,0.0,0.0,1255.0,143.0,899.0,105.0,0.72,0.0,0.73,0.0,43.716,0,1.0,1.0,2.0,1.0,0.0,0.0,0.0,0.0
VT,2021-10-02,2021,39,60,1.0,0.0,0.0,0.0,0.0,0.0,0.0,0.0,1255.0,143.0,902.0,101.0,0.72,0.0,0.71,0.0,43.716,0,1.0,1.0,1.0,1.0,0.0,0.0,0.0,0.0
VT,2021-10-09,2021,40,61,1.0,0.0,0.0,0.0,0.0,0.0,0.0,0.0,1255.0,143.0,894.0,109.0,0.71,0.0,0.76,0.0,43.716,0,1.0,1.0,1.0,1.0,0.0,0.0,0.0,0.0
VT,2021-10-16,2021,41,62,1.0,0.0,0.0,0.0,0.0,0.0,0.0,0.0,1251.0,143.0,904.0,102.0,0.72,0.0,0.71,0.0,43.716,0,1.0,1.0,1.0,1.0,0.0,0.0,0.0,0.0
VT,2021-10-23,2021,42,63,1.0,0.0,0.0,0.0,0.0,0.0,0.0,0.0,1252.0,144.0,911.0,104.0,0.73,0.0,0.72,0.0,43.716,0,1.0,1.0,1.0,2.0,0.0,0.0,0.0,0.0
VT,2021-10-30,2021,43,64,1.0,0.0,0.0,0.0,0.0,0.0,0.0,0.0,1252.0,144.0,914.0,110.0,0.73,0.0,0.76,0.0,43.716,0,1.0,1.0,1.0,1.0,0.0,0.0,0.0,0.0
VT,2021-11-06,2021,44,65,1.0,0.0,0.0,0.0,0.0,0.0,0.0,0.0,1254.0,143.0,873.0,101.0,0.7,0.0,0.71,0.0,43.716,0,1.0,1.0,1.0,1.0,0.0,0.0,0.0,0.0
VT,2021-11-13,2021,45,66,1.0,0.0,0.0,0.0,0.0,0.0,0.0,0.0,1256.0,144.0,908.0,103.0,0.72,0.0,0.72,0.0,43.716,0,1.0,1.0,1.0,1.0,0.0,0.0,0.0,0.0
VT,2021-11-20,2021,46,67,1.0,0.0,0.0,0.0,0.0,0.0,0.0,0.0,1253.0,141.0,899.0,109.0,0.72,0.0,0.77,0.0,43.716,0,1.0,1.0,1.0,1.0,0.0,0.0,0.0,0.0
VT,2021-11-27,2021,47,68,1.0,0.0,0.0,0.0,0.0,0.0,0.0,0.0,1256.0,135.0,839.0,101.0,0.67,0.0,0.75,0.0,43.716,0,1.0,1.0,1.0,1.0,0.0,0.0,0.0,0.0
VT,2021-12-04,2021,48,69,1.0,0.0,1.0,0.0,0.0,0.0,0.0,0.0,1258.0,137.0,895.0,110.0,0.71,0.0,0.81,0.0,43.716,0,1.0,1.0,1.0,1.0,0.0,0.0,0.0,0.0
VT,2021-12-11,2021,49,70,1.0,0.0,0.0,0.0,0.0,0.0,0.0,0.0,1259.0,140.0,901.0,108.0,0.72,0.0,0.77,0.0,43.716,0,1.0,1.0,1.0,1.0,0.0,0.0,0.0,0.0
VT,2021-12-18,2021,50,71,1.0,0.0,0.0,0.0,0.0,0.0,0.0,0.0,1260.0,141.0,850.0,104.0,0.67,0.0,0.74,0.0,43.716,0,1.0,1.0,1.0,1.0,0.0,0.0,0.0,0.0
VT,2021-12-25,2021,51,72,0.0,0.0,0.0,0.0,0.0,0.0,0.0,0.0,1258.0,139.0,796.0,98.0,0.63,0.0,0.7,0.0,43.716,0,1.0,1.0,1.0,1.0,0.0,0.0,0.0,0.0
VT,2022-01-01,2022,52,73,1.0,0.0,1.0,0.0,0.0,0.0,0.0,0.0,1259.0,139.0,799.0,100.0,0.63,0.0,0.71,0.0,44.06312849162011,0,0.0,1.0,1.0,1.0,0.0,0.0,0.0,0.0
VT,2022-01-08,2022,1,74,2.0,1.0,0.0,0.0,0.0,0.0,0.0,0.0,1259.0,142.0,848.0,96.0,0.67,0.0,0.68,0.01,44.06312849162011,0,1.0,0.0,1.0,1.0,0.0,0.0,0.0,0.0
VT,2022-01-15,2022,2,75,1.0,1.0,1.0,0.0,0.0,0.0,0.0,0.0,1259.0,141.0,886.0,106.0,0.7,0.0,0.75,0.01,44.06312849162011,0,2.0,1.0,1.0,1.0,0.0,0.0,0.0,0.0
VT,2022-01-22,2022,3,76,0.0,0.0,0.0,0.0,0.0,0.0,0.0,0.0,1265.0,141.0,882.0,110.0,0.7,0.0,0.78,0.0,44.06312849162011,0,1.0,2.0,0.0,1.0,0.0,0.0,0.0,0.0
VT,2022-01-29,2022,4,77,0.0,0.0,0.0,0.0,0.0,0.0,0.0,0.0,1266.0,142.0,890.0,111.0,0.7,0.0,0.78,0.0,44.06312849162011,0,0.0,1.0,1.0,1.0,0.0,0.0,0.0,0.0
VT,2022-02-05,2022,5,78,1.0,0.0,0.0,0.0,0.0,0.0,0.0,0.0,1267.0,140.0,886.0,100.0,0.7,0.0,0.71,0.0,44.06312849162011,0,0.0,0.0,2.0,1.0,0.0,0.0,0.0,0.0
VT,2022-02-12,2022,6,79,0.0,0.0,0.0,0.0,0.0,0.0,0.0,0.0,1266.0,142.0,895.0,112.0,0.71,0.0,0.79,0.0,44.06312849162011,0,1.0,0.0,1.0,1.0,0.0,0.0,0.0,0.0
VT,2022-02-19,2022,7,80,0.0,0.0,0.0,0.0,0.0,0.0,0.0,0.0,1263.0,143.0,922.0,113.0,0.73,0.0,0.79,0.0,44.06312849162011,0,0.0,1.0,0.0,0.0,0.0,0.0,0.0,0.0
VT,2022-02-26,2022,8,81,0.0,0.0,1.0,0.0,0.0,0.0,0.0,0.0,1265.0,139.0,884.0,99.0,0.7,0.0,0.71,0.0,44.06312849162011,0,0.0,0.0,0.0,1.0,0.0,0.0,0.0,0.0
VT,2022-03-05,2022,9,82,0.0,0.0,0.0,0.0,0.0,0.0,0.0,0.0,1261.0,140.0,877.0,98.0,0.7,0.0,0.7,0.0,44.06312849162011,0,0.0,0.0,1.0,2.0,0.0,0.0,0.0,0.0
VT,2022-03-12,2022,10,83,0.0,0.0,0.0,0.0,0.0,0.0,0.0,0.0,1259.0,141.0,863.0,101.0,0.69,0.0,0.72,0.0,44.06312849162011,0,0.0,0.0,0.0,1.0,0.0,0.0,0.0,0.0
VT,2022-03-19,2022,11,84,0.0,0.0,0.0,0.0,0.0,0.0,0.0,0.0,1259.0,142.0,851.0,93.0,0.68,0.0,0.66,0.0,44.06312849162011,0,0.0,0.0,0.0,0.0,0.0,0.0,0.0,0.0
VT,2022-03-26,2022,12,85,2.0,1.0,8.0,0.0,0.0,0.0,0.0,0.0,1261.0,139.0,894.0,103.0,0.71,0.0,0.74,0.0,44.06312849162011,0,0.0,0.0,0.0,0.0,0.0,0.0,0.0,0.0
VT,2022-04-02,2022,13,86,4.0,1.0,9.0,0.0,0.0,0.0,0.0,0.0,1260.0,142.0,859.0,103.0,0.68,0.0,0.73,0.0,44.06312849162011,0,2.0,0.0,0.0,1.0,0.0,0.0,0.0,0.0
VT,2022-04-09,2022,14,87,6.0,0.0,14.0,0.0,0.0,0.0,0.0,0.0,1257.0,141.0,843.0,89.0,0.67,0.0,0.63,0.0,44.06312849162011,0,4.0,2.0,0.0,0.0,0.0,0.0,0.0,0.0
VT,2022-04-16,2022,15,88,8.0,1.0,12.0,0.0,0.0,0.0,0.0,0.0,1254.0,138.0,853.0,95.0,0.68,0.01,0.69,0.01,44.06312849162011,0,6.0,4.0,0.0,0.0,0.0,0.0,0.0,0.0
VT,2022-04-23,2022,16,89,8.0,2.0,12.0,0.0,0.0,0.0,0.0,0.0,1253.0,141.0,900.0,101.0,0.72,0.01,0.72,0.01,44.06312849162011,0,8.0,6.0,2.0,0.0,0.01,0.0,0.0,0.0
VT,2022-04-30,2022,17,90,4.0,1.0,6.0,0.0,0.0,0.0,0.0,0.0,1252.0,137.0,914.0,92.0,0.73,0.0,0.67,0.01,44.06312849162011,0,8.0,8.0,4.0,0.0,0.01,0.01,0.0,0.0
VT,2022-05-07,2022,18,91,7.0,1.0,7.0,0.0,0.0,0.0,0.0,0.0,1251.0,138.0,900.0,93.0,0.72,0.01,0.67,0.01,44.06312849162011,0,4.0,8.0,6.0,0.0,0.0,0.01,0.0,0.0
VT,2022-05-14,2022,19,92,5.0,0.0,3.0,0.0,0.0,0.0,0.0,0.0,1278.0,140.0,902.0,100.0,0.71,0.0,0.72,0.0,44.06312849162011,0,7.0,4.0,8.0,0.0,0.01,0.0,0.01,0.0
VT,2022-05-21,2022,20,93,0.0,0.0,0.0,0.0,0.0,0.0,0.0,0.0,1267.0,139.0,906.0,106.0,0.72,0.0,0.76,0.0,44.06312849162011,0,5.0,7.0,8.0,2.0,0.0,0.01,0.01,0.0
VT,2022-05-28,2022,21,94,1.0,0.0,2.0,0.0,0.0,0.0,0.0,0.0,1258.0,140.0,893.0,100.0,0.71,0.0,0.72,0.0,44.06312849162011,0,0.0,5.0,4.0,4.0,0.0,0.0,0.0,0.0
VT,2022-06-04,2022,22,95,1.0,0.0,0.0,0.0,0.0,0.0,0.0,0.0,1255.0,137.0,882.0,93.0,0.7,0.0,0.68,0.0,44.06312849162011,0,1.0,0.0,7.0,6.0,0.0,0.0,0.01,0.0
VT,2022-06-11,2022,23,96,2.0,0.0,5.0,0.0,0.0,0.0,0.0,0.0,1284.0,137.0,917.0,97.0,0.71,0.0,0.7,0.0,44.06312849162011,0,1.0,1.0,5.0,8.0,0.0,0.0,0.0,0.01
VT,2022-06-18,2022,24,97,2.0,0.0,2.0,0.0,0.0,0.0,0.0,0.0,1737.0,174.0,1197.0,132.0,0.69,0.0,0.76,0.0,44.06312849162011,0,2.0,1.0,0.0,8.0,0.0,0.0,0.0,0.01
VT,2022-06-25,2022,25,98,1.0,0.0,0.0,0.0,0.0,0.0,0.0,0.0,1548.0,154.0,1070.0,108.0,0.69,0.0,0.7,0.0,44.06312849162011,0,2.0,2.0,1.0,4.0,0.0,0.0,0.0,0.0
VT,2022-07-02,2022,26,99,1.0,0.0,3.0,0.0,0.0,0.0,0.0,0.0,1199.0,128.0,859.0,98.0,0.72,0.0,0.77,0.0,44.06312849162011,0,1.0,2.0,1.0,7.0,0.0,0.0,0.0,0.01
VT,2022-07-09,2022,27,100,1.0,0.0,1.0,0.0,0.0,0.0,0.0,0.0,1182.0,130.0,832.0,92.0,0.7,0.0,0.71,0.0,44.06312849162011,0,1.0,1.0,2.0,5.0,0.0,0.0,0.0,0.0
VT,2022-07-16,2022,28,101,0.0,0.0,1.0,0.0,0.0,0.0,0.0,0.0,1182.0,127.0,848.0,98.0,0.72,0.0,0.77,0.0,44.06312849162011,0,1.0,1.0,2.0,0.0,0.0,0.0,0.0,0.0
VT,2022-07-23,2022,29,102,0.0,0.0,0.0,0.0,0.0,0.0,0.0,0.0,1183.0,127.0,892.0,99.0,0.75,0.0,0.78,0.0,44.06312849162011,0,0.0,1.0,1.0,1.0,0.0,0.0,0.0,0.0
VT,2022-07-30,2022,30,103,0.0,0.0,0.0,0.0,0.0,0.0,0.0,0.0,1184.0,130.0,890.0,99.0,0.75,0.0,0.76,0.0,44.06312849162011,0,0.0,0.0,1.0,1.0,0.0,0.0,0.0,0.0
VT,2022-08-06,2022,31,104,0.0,0.0,0.0,0.0,0.0,0.0,0.0,0.0,1188.0,130.0,897.0,97.0,0.75,0.0,0.75,0.0,44.06312849162011,0,0.0,0.0,1.0,2.0,0.0,0.0,0.0,0.0
VT,2022-08-13,2022,32,105,0.0,0.0,0.0,0.0,0.0,0.0,0.0,0.0,1184.0,126.0,888.0,97.0,0.75,0.0,0.77,0.0,44.06312849162011,0,0.0,0.0,0.0,2.0,0.0,0.0,0.0,0.0
VT,2022-08-20,2022,33,106,0.0,0.0,0.0,0.0,0.0,0.0,0.0,0.0,1184.0,126.0,866.0,95.0,0.73,0.0,0.75,0.0,44.06312849162011,0,0.0,0.0,0.0,1.0,0.0,0.0,0.0,0.0
VT,2022-08-27,2022,34,107,0.0,0.0,0.0,0.0,0.0,0.0,0.0,0.0,1186.0,126.0,875.0,99.0,0.74,0.0,0.78,0.0,44.06312849162011,0,0.0,0.0,0.0,1.0,0.0,0.0,0.0,0.0
VT,2022-09-03,2022,35,108,1.0,0.0,1.0,0.0,0.0,0.0,0.0,0.0,1187.0,128.0,859.0,97.0,0.72,0.0,0.75,0.0,44.06312849162011,0,0.0,0.0,0.0,1.0,0.0,0.0,0.0,0.0
VT,2022-09-10,2022,36,109,0.0,0.0,0.0,0.0,0.0,0.0,0.0,0.0,1187.0,127.0,861.0,96.0,0.73,0.0,0.75,0.0,44.06312849162011,0,1.0,0.0,0.0,0.0,0.0,0.0,0.0,0.0
VT,2022-09-17,2022,37,110,0.0,0.0,0.0,0.0,0.0,0.0,0.0,0.0,1187.0,128.0,869.0,99.0,0.73,0.0,0.77,0.0,44.06312849162011,0,0.0,1.0,0.0,0.0,0.0,0.0,0.0,0.0
VT,2022-09-24,2022,38,111,0.0,0.0,0.0,0.0,0.0,0.0,0.0,0.0,1188.0,128.0,858.0,97.0,0.72,0.0,0.76,0.0,44.06312849162011,0,0.0,0.0,0.0,0.0,0.0,0.0,0.0,0.0
VT,2022-10-01,2022,39,112,0.0,0.0,0.0,0.0,0.0,0.0,0.0,0.0,1187.0,127.0,869.0,96.0,0.73,0.0,0.76,0.0,44.06312849162011,0,0.0,0.0,1.0,0.0,0.0,0.0,0.0,0.0
VT,2022-10-08,2022,40,113,0.0,0.0,1.0,0.0,0.0,0.0,0.0,0.0,1192.0,126.0,837.0,86.0,0.7,0.0,0.69,0.0,44.06312849162011,0,0.0,0.0,0.0,0.0,0.0,0.0,0.0,0.0
VT,2022-10-15,2022,41,114,0.0,0.0,0.0,0.0,0.0,0.0,0.0,0.0,1194.0,127.0,880.0,89.0,0.74,0.0,0.71,0.0,44.06312849162011,0,0.0,0.0,0.0,0.0,0.0,0.0,0.0,0.0
VT,2022-10-22,2022,42,115,0.0,0.0,0.0,0.0,0.0,0.0,0.0,0.0,1193.0,125.0,905.0,92.0,0.76,0.0,0.74,0.0,44.06312849162011,0,0.0,0.0,0.0,0.0,0.0,0.0,0.0,0.0
VT,2022-10-29,2022,43,116,0.0,0.0,1.0,0.0,0.0,0.0,0.0,0.0,1193.0,126.0,862.0,90.0,0.72,0.0,0.71,0.0,44.06312849162011,0,0.0,0.0,0.0,1.0,0.0,0.0,0.0,0.0
VT,2022-11-05,2022,44,117,0.0,0.0,0.0,0.0,0.0,0.0,0.0,0.0,1193.0,126.0,874.0,102.0,0.73,0.0,0.81,0.0,44.06312849162011,0,0.0,0.0,0.0,0.0,0.0,0.0,0.0,0.0
VT,2022-11-12,2022,45,118,0.0,0.0,1.0,0.0,0.0,0.0,0.0,0.0,1188.0,127.0,889.0,106.0,0.75,0.0,0.83,0.0,44.06312849162011,0,0.0,0.0,0.0,0.0,0.0,0.0,0.0,0.0
VT,2022-11-19,2022,46,119,1.0,0.0,2.0,0.0,0.0,0.0,0.0,0.0,1192.0,127.0,874.0,101.0,0.73,0.0,0.8,0.0,44.06312849162011,0,0.0,0.0,0.0,0.0,0.0,0.0,0.0,0.0
VT,2022-11-26,2022,47,120,4.0,0.0,13.0,0.0,0.0,0.0,0.0,0.0,1192.0,130.0,854.0,102.0,0.72,0.0,0.79,0.0,44.06312849162011,0,1.0,0.0,0.0,0.0,0.0,0.0,0.0,0.0
VT,2022-12-03,2022,48,121,15.0,3.0,31.0,0.0,0.0,0.0,0.0,0.0,1190.0,129.0,878.0,100.0,0.74,0.01,0.78,0.02,44.06312849162011,1,4.0,1.0,0.0,0.0,0.0,0.0,0.0,0.0
VT,2022-12-10,2022,49,122,15.0,1.0,45.0,0.0,0.0,0.0,0.0,0.0,1192.0,129.0,882.0,95.0,0.74,0.01,0.73,0.01,44.06312849162011,1,15.0,4.0,0.0,0.0,0.01,0.0,0.0,0.0
VT,2022-12-17,2022,50,123,34.0,6.0,56.0,0.0,0.0,0.0,0.0,0.0,1221.0,132.0,873.0,101.0,0.72,0.03,0.77,0.04,44.06312849162011,1,15.0,15.0,1.0,0.0,0.01,0.01,0.0,0.0
VT,2022-12-24,2022,51,124,49.0,6.0,64.0,0.0,0.0,0.0,0.0,0.0,1185.0,128.0,862.0,100.0,0.73,0.04,0.78,0.05,44.06312849162011,1,34.0,15.0,4.0,0.0,0.03,0.01,0.0,0.0
VT,2022-12-31,2022,52,125,57.0,11.0,81.0,0.0,0.0,0.0,0.0,0.0,1186.0,125.0,885.0,103.0,0.75,0.05,0.82,0.09,44.06312849162011,1,49.0,34.0,15.0,0.0,0.04,0.03,0.01,0.0
WA,2020-10-03,2020,40,8,11.0,1.0,13.0,0.0,0.5,2.0,2.0,1.0,9463.0,1256.0,8394.0,1103.0,0.89,0.0,0.88,0.0,39.213170731707315,0,11.0,11.0,0.0,0.0,0.0,0.0,0.0,0.0
WA,2020-10-10,2020,41,9,11.0,1.0,13.0,0.0,0.5,2.0,2.0,1.0,9531.0,1230.0,9142.0,1172.0,0.96,0.0,0.95,0.0,39.213170731707315,0,11.0,11.0,11.0,0.0,0.0,0.0,0.0,0.0
WA,2020-10-17,2020,42,10,0.0,0.0,0.0,0.0,0.5,2.0,2.0,1.0,10824.0,1432.0,8941.0,1174.0,0.83,0.0,0.82,0.0,39.213170731707315,0,11.0,11.0,11.0,0.0,0.0,0.0,0.0,0.0
WA,2020-10-24,2020,43,11,5.0,1.0,0.0,0.0,0.5,2.0,2.0,1.0,10622.0,1417.0,8535.0,1148.0,0.8,0.0,0.81,0.0,39.213170731707315,0,0.0,11.0,11.0,0.0,0.0,0.0,0.0,0.0
WA,2020-10-31,2020,44,12,0.0,0.0,0.0,0.0,0.5,2.0,2.0,1.0,10860.0,1391.0,8478.0,1162.0,0.78,0.0,0.84,0.0,39.213170731707315,0,5.0,0.0,11.0,0.0,0.0,0.0,0.0,0.0
WA,2020-11-07,2020,45,13,1.0,0.0,0.0,0.0,0.5,2.0,2.0,1.0,11842.0,1595.0,8401.0,1152.0,0.71,0.0,0.72,0.0,39.213170731707315,0,0.0,5.0,11.0,11.0,0.0,0.0,0.0,0.0
WA,2020-11-14,2020,46,14,2.0,1.0,2.0,0.0,0.5,2.0,2.0,1.0,12932.0,1736.0,8571.0,1182.0,0.66,0.0,0.68,0.0,39.213170731707315,0,1.0,0.0,0.0,11.0,0.0,0.0,0.0,0.0
WA,2020-11-21,2020,47,15,2.0,1.0,2.0,0.0,0.5,2.0,2.0,1.0,12740.0,1690.0,8631.0,1162.0,0.68,0.0,0.69,0.0,39.213170731707315,0,2.0,1.0,5.0,11.0,0.0,0.0,0.0,0.0
WA,2020-11-28,2020,48,16,9.0,3.0,3.0,0.0,0.5,2.0,2.0,1.0,12493.0,1638.0,8184.0,1126.0,0.66,0.0,0.69,0.0,39.213170731707315,0,2.0,2.0,0.0,11.0,0.0,0.0,0.0,0.0
WA,2020-12-05,2020,49,17,26.0,4.0,3.0,0.0,0.5,2.0,2.0,1.0,12724.0,1674.0,8452.0,1162.0,0.66,0.0,0.69,0.0,39.213170731707315,0,9.0,2.0,1.0,11.0,0.0,0.0,0.0,0.0
WA,2020-12-12,2020,50,18,24.0,5.0,3.0,0.0,0.5,2.0,2.0,1.0,12479.0,1673.0,8385.0,1142.0,0.67,0.0,0.68,0.0,39.213170731707315,0,26.0,9.0,2.0,0.0,0.0,0.0,0.0,0.0
WA,2020-12-19,2020,51,19,1.0,0.0,1.0,0.0,0.5,2.0,2.0,1.0,12684.0,1758.0,8668.0,1210.0,0.68,0.0,0.69,0.0,39.213170731707315,0,24.0,26.0,2.0,5.0,0.0,0.0,0.0,0.0
WA,2020-12-26,2020,52,20,1.0,0.0,3.0,0.0,0.5,2.0,2.0,1.0,12447.0,1745.0,8284.0,1162.0,0.67,0.0,0.67,0.0,39.213170731707315,0,1.0,24.0,9.0,0.0,0.0,0.0,0.0,0.0
WA,2021-01-02,2021,53,21,1.0,1.0,0.0,0.0,0.5,2.0,2.0,1.0,12590.0,1736.0,8489.0,1167.0,0.67,0.0,0.67,0.0,38.1241935483871,0,1.0,1.0,26.0,1.0,0.0,0.0,0.0,0.0
WA,2021-01-09,2021,1,22,2.0,1.0,2.0,0.0,0.5,2.0,2.0,1.0,12683.0,1741.0,8800.0,1197.0,0.69,0.0,0.69,0.0,38.1241935483871,0,1.0,1.0,24.0,2.0,0.0,0.0,0.0,0.0
WA,2021-01-16,2021,2,23,2.0,0.0,0.0,0.0,0.5,2.0,2.0,1.0,12607.0,1740.0,8846.0,1196.0,0.7,0.0,0.69,0.0,38.1241935483871,0,2.0,1.0,1.0,2.0,0.0,0.0,0.0,0.0
WA,2021-01-23,2021,3,24,2.0,1.0,0.0,0.0,0.5,2.0,2.0,1.0,12310.0,1722.0,8641.0,1189.0,0.7,0.0,0.69,0.0,38.1241935483871,0,2.0,2.0,1.0,9.0,0.0,0.0,0.0,0.0
WA,2021-01-30,2021,4,25,1.0,0.0,0.0,0.0,0.5,2.0,2.0,1.0,12375.0,1719.0,8758.0,1204.0,0.71,0.0,0.7,0.0,38.1241935483871,0,2.0,2.0,1.0,26.0,0.0,0.0,0.0,0.0
WA,2021-02-06,2021,5,26,0.0,0.0,0.0,0.0,0.5,2.0,2.0,1.0,12332.0,1711.0,8638.0,1198.0,0.7,0.0,0.7,0.0,38.1241935483871,0,1.0,2.0,2.0,24.0,0.0,0.0,0.0,0.0
WA,2021-02-13,2021,6,27,1.0,0.0,1.0,0.0,0.5,2.0,2.0,1.0,12386.0,1727.0,8544.0,1168.0,0.69,0.0,0.68,0.0,38.1241935483871,0,0.0,1.0,2.0,1.0,0.0,0.0,0.0,0.0
WA,2021-02-20,2021,7,28,1.0,1.0,2.0,0.0,0.5,2.0,2.0,1.0,12616.0,1847.0,8638.0,1151.0,0.68,0.0,0.62,0.0,38.1241935483871,0,1.0,0.0,2.0,1.0,0.0,0.0,0.0,0.0
WA,2021-02-27,2021,8,29,2.0,0.0,3.0,0.0,0.5,2.0,2.0,1.0,12594.0,1742.0,8699.0,1168.0,0.69,0.0,0.67,0.0,38.1241935483871,0,1.0,1.0,1.0,1.0,0.0,0.0,0.0,0.0
WA,2021-03-06,2021,9,30,2.0,0.0,5.0,0.0,0.5,2.0,2.0,1.0,12708.0,1737.0,8650.0,1154.0,0.68,0.0,0.66,0.0,38.1241935483871,0,2.0,1.0,0.0,2.0,0.0,0.0,0.0,0.0
WA,2021-03-13,2021,10,31,1.0,1.0,1.0,0.0,0.5,2.0,2.0,1.0,12722.0,1750.0,8604.0,1151.0,0.68,0.0,0.66,0.0,38.1241935483871,0,2.0,2.0,1.0,2.0,0.0,0.0,0.0,0.0
WA,2021-03-20,2021,11,32,1.0,0.0,3.0,0.0,0.5,2.0,2.0,1.0,12611.0,1742.0,8628.0,1147.0,0.68,0.0,0.66,0.0,38.1241935483871,0,1.0,2.0,1.0,2.0,0.0,0.0,0.0,0.0
WA,2021-03-27,2021,12,33,1.0,0.0,1.0,0.0,0.5,2.0,2.0,1.0,12926.0,1782.0,8573.0,1157.0,0.66,0.0,0.65,0.0,38.1241935483871,0,1.0,1.0,2.0,1.0,0.0,0.0,0.0,0.0
WA,2021-04-03,2021,13,34,0.0,0.0,1.0,0.0,0.5,2.0,2.0,1.0,13273.0,1808.0,8546.0,1154.0,0.64,0.0,0.64,0.0,38.1241935483871,0,1.0,1.0,2.0,0.0,0.0,0.0,0.0,0.0
WA,2021-04-10,2021,14,35,0.0,0.0,1.0,0.0,0.5,2.0,2.0,1.0,12681.0,1775.0,8472.0,1169.0,0.67,0.0,0.66,0.0,38.1241935483871,0,0.0,1.0,1.0,1.0,0.0,0.0,0.0,0.0
WA,2021-04-17,2021,15,36,0.0,0.0,0.0,0.0,0.5,2.0,2.0,1.0,12607.0,1767.0,8583.0,1154.0,0.68,0.0,0.65,0.0,38.1241935483871,0,0.0,0.0,1.0,1.0,0.0,0.0,0.0,0.0
WA,2021-04-24,2021,16,37,0.0,0.0,2.0,0.0,0.5,2.0,2.0,1.0,12322.0,1734.0,8792.0,1194.0,0.71,0.0,0.69,0.0,38.1241935483871,0,0.0,0.0,1.0,2.0,0.0,0.0,0.0,0.0
WA,2021-05-01,2021,17,38,1.0,0.0,0.0,0.0,0.5,2.0,2.0,1.0,12644.0,1762.0,8724.0,1183.0,0.69,0.0,0.67,0.0,38.1241935483871,0,0.0,0.0,0.0,2.0,0.0,0.0,0.0,0.0
WA,2021-05-08,2021,18,39,0.0,0.0,2.0,0.0,0.5,2.0,2.0,1.0,12246.0,1717.0,8731.0,1181.0,0.71,0.0,0.69,0.0,38.1241935483871,0,1.0,0.0,0.0,1.0,0.0,0.0,0.0,0.0
WA,2021-05-15,2021,19,40,1.0,0.0,5.0,0.0,0.5,2.0,2.0,1.0,12502.0,1750.0,8779.0,1194.0,0.7,0.0,0.68,0.0,38.1241935483871,0,0.0,1.0,0.0,1.0,0.0,0.0,0.0,0.0
WA,2021-05-22,2021,20,41,1.0,0.0,3.0,0.0,0.5,2.0,2.0,1.0,12337.0,1745.0,8757.0,1201.0,0.71,0.0,0.69,0.0,38.1241935483871,0,1.0,0.0,0.0,1.0,0.0,0.0,0.0,0.0
WA,2021-05-29,2021,21,42,0.0,0.0,0.0,0.0,0.5,2.0,2.0,1.0,12179.0,1730.0,8802.0,1202.0,0.72,0.0,0.7,0.0,38.1241935483871,0,1.0,1.0,1.0,0.0,0.0,0.0,0.0,0.0
WA,2021-06-05,2021,22,43,0.0,0.0,0.0,0.0,0.5,2.0,2.0,1.0,12205.0,1736.0,8702.0,1168.0,0.71,0.0,0.67,0.0,38.1241935483871,0,0.0,1.0,0.0,0.0,0.0,0.0,0.0,0.0
WA,2021-06-12,2021,23,44,1.0,0.0,0.0,0.0,0.5,2.0,2.0,1.0,12450.0,1739.0,8856.0,1173.0,0.71,0.0,0.67,0.0,38.1241935483871,0,0.0,0.0,1.0,0.0,0.0,0.0,0.0,0.0
WA,2021-06-19,2021,24,45,0.0,0.0,0.0,0.0,0.5,2.0,2.0,1.0,12207.0,1707.0,8725.0,1149.0,0.71,0.0,0.67,0.0,38.1241935483871,0,1.0,0.0,1.0,0.0,0.0,0.0,0.0,0.0
WA,2021-06-26,2021,25,46,0.0,0.0,0.0,0.0,0.5,2.0,2.0,1.0,12009.0,1673.0,8806.0,1164.0,0.73,0.0,0.7,0.0,38.1241935483871,0,0.0,1.0,0.0,1.0,0.0,0.0,0.0,0.0
WA,2021-07-03,2021,26,47,0.0,0.0,0.0,0.0,0.5,2.0,2.0,1.0,12070.0,1718.0,8735.0,1165.0,0.72,0.0,0.68,0.0,38.1241935483871,0,0.0,0.0,0.0,0.0,0.0,0.0,0.0,0.0
WA,2021-07-10,2021,27,48,0.0,0.0,0.0,0.0,0.5,2.0,2.0,1.0,12028.0,1693.0,8850.0,1156.0,0.74,0.0,0.68,0.0,38.1241935483871,0,0.0,0.0,1.0,1.0,0.0,0.0,0.0,0.0
WA,2021-07-17,2021,28,49,0.0,0.0,0.0,0.0,0.5,2.0,2.0,1.0,12090.0,1688.0,8989.0,1187.0,0.74,0.0,0.7,0.0,38.1241935483871,0,0.0,0.0,0.0,1.0,0.0,0.0,0.0,0.0
WA,2021-07-24,2021,29,50,0.0,0.0,1.0,0.0,0.5,2.0,2.0,1.0,12082.0,1723.0,9064.0,1237.0,0.75,0.0,0.72,0.0,38.1241935483871,0,0.0,0.0,0.0,0.0,0.0,0.0,0.0,0.0
WA,2021-07-31,2021,30,51,0.0,0.0,0.0,0.0,0.5,2.0,2.0,1.0,12116.0,1717.0,9059.0,1215.0,0.75,0.0,0.71,0.0,38.1241935483871,0,0.0,0.0,0.0,0.0,0.0,0.0,0.0,0.0
WA,2021-08-07,2021,31,52,1.0,0.0,1.0,0.0,0.5,2.0,2.0,1.0,12129.0,1719.0,9020.0,1230.0,0.74,0.0,0.72,0.0,38.1241935483871,0,0.0,0.0,0.0,1.0,0.0,0.0,0.0,0.0
WA,2021-08-14,2021,32,53,0.0,0.0,0.0,0.0,0.5,2.0,2.0,1.0,12140.0,1719.0,9130.0,1234.0,0.75,0.0,0.72,0.0,38.1241935483871,0,1.0,0.0,0.0,0.0,0.0,0.0,0.0,0.0
WA,2021-08-21,2021,33,54,0.0,0.0,1.0,0.0,0.5,2.0,2.0,1.0,12073.0,1717.0,9061.0,1241.0,0.75,0.0,0.72,0.0,38.1241935483871,0,0.0,1.0,0.0,0.0,0.0,0.0,0.0,0.0
WA,2021-08-28,2021,34,55,0.0,0.0,0.0,0.0,0.5,2.0,2.0,1.0,12097.0,1773.0,9184.0,1294.0,0.76,0.0,0.73,0.0,38.1241935483871,0,0.0,0.0,0.0,0.0,0.0,0.0,0.0,0.0
WA,2021-09-04,2021,35,56,0.0,0.0,0.0,0.0,0.5,2.0,2.0,1.0,12006.0,1712.0,9161.0,1298.0,0.76,0.0,0.76,0.0,38.1241935483871,0,0.0,0.0,1.0,0.0,0.0,0.0,0.0,0.0
WA,2021-09-11,2021,36,57,0.0,0.0,0.0,0.0,0.5,2.0,2.0,1.0,11913.0,1710.0,9088.0,1276.0,0.76,0.0,0.75,0.0,38.1241935483871,0,0.0,0.0,0.0,0.0,0.0,0.0,0.0,0.0
WA,2021-09-18,2021,37,58,0.0,0.0,0.0,0.0,0.5,2.0,2.0,1.0,11920.0,1685.0,9313.0,1321.0,0.78,0.0,0.78,0.0,38.1241935483871,0,0.0,0.0,0.0,0.0,0.0,0.0,0.0,0.0
WA,2021-09-25,2021,38,59,0.0,0.0,1.0,0.0,0.5,2.0,2.0,1.0,11580.0,1670.0,9254.0,1295.0,0.8,0.0,0.78,0.0,38.1241935483871,0,0.0,0.0,0.0,0.0,0.0,0.0,0.0,0.0
WA,2021-10-02,2021,39,60,0.0,0.0,3.0,0.0,0.5,2.0,2.0,1.0,11424.0,1659.0,9215.0,1267.0,0.81,0.0,0.76,0.0,38.1241935483871,0,0.0,0.0,0.0,1.0,0.0,0.0,0.0,0.0
WA,2021-10-09,2021,40,61,0.0,0.0,0.0,0.0,0.5,2.0,2.0,1.0,11544.0,1649.0,9254.0,1241.0,0.8,0.0,0.75,0.0,38.1241935483871,0,0.0,0.0,0.0,0.0,0.0,0.0,0.0,0.0
WA,2021-10-16,2021,41,62,0.0,0.0,0.0,0.0,0.5,2.0,2.0,1.0,11509.0,1650.0,9316.0,1226.0,0.81,0.0,0.74,0.0,38.1241935483871,0,0.0,0.0,0.0,0.0,0.0,0.0,0.0,0.0
WA,2021-10-23,2021,42,63,0.0,0.0,0.0,0.0,0.5,2.0,2.0,1.0,11482.0,1678.0,9341.0,1247.0,0.81,0.0,0.74,0.0,38.1241935483871,0,0.0,0.0,0.0,0.0,0.0,0.0,0.0,0.0
WA,2021-10-30,2021,43,64,1.0,0.0,3.0,0.0,0.5,2.0,2.0,1.0,11338.0,1828.0,9288.0,1302.0,0.82,0.0,0.71,0.0,38.1241935483871,0,0.0,0.0,0.0,0.0,0.0,0.0,0.0,0.0
WA,2021-11-06,2021,44,65,0.0,0.0,0.0,0.0,0.5,2.0,2.0,1.0,11125.0,1689.0,9267.0,1276.0,0.83,0.0,0.76,0.0,38.1241935483871,0,1.0,0.0,0.0,0.0,0.0,0.0,0.0,0.0
WA,2021-11-13,2021,45,66,0.0,0.0,0.0,0.0,0.5,2.0,2.0,1.0,11784.0,1805.0,9937.0,1288.0,0.84,0.0,0.71,0.0,38.1241935483871,0,0.0,1.0,0.0,0.0,0.0,0.0,0.0,0.0
WA,2021-11-20,2021,46,67,1.0,1.0,1.0,0.0,0.5,2.0,2.0,1.0,11820.0,1803.0,9841.0,1282.0,0.83,0.0,0.71,0.0,38.1241935483871,0,0.0,0.0,0.0,0.0,0.0,0.0,0.0,0.0
WA,2021-11-27,2021,47,68,1.0,0.0,0.0,0.0,0.5,2.0,2.0,1.0,11117.0,1646.0,9083.0,1215.0,0.82,0.0,0.74,0.0,38.1241935483871,0,1.0,0.0,1.0,0.0,0.0,0.0,0.0,0.0
WA,2021-12-04,2021,48,69,1.0,0.0,1.0,0.0,0.5,2.0,2.0,1.0,11197.0,1670.0,9400.0,1230.0,0.84,0.0,0.74,0.0,38.1241935483871,0,1.0,1.0,0.0,0.0,0.0,0.0,0.0,0.0
WA,2021-12-11,2021,49,70,1.0,0.0,1.0,0.0,0.5,2.0,2.0,1.0,11209.0,1658.0,9460.0,1251.0,0.84,0.0,0.75,0.0,38.1241935483871,0,1.0,1.0,0.0,0.0,0.0,0.0,0.0,0.0
WA,2021-12-18,2021,50,71,0.0,0.0,0.0,0.0,0.5,2.0,2.0,1.0,11417.0,1643.0,9406.0,1217.0,0.82,0.0,0.74,0.0,38.1241935483871,0,1.0,1.0,1.0,0.0,0.0,0.0,0.0,0.0
WA,2021-12-25,2021,51,72,3.0,0.0,5.0,0.0,0.5,2.0,2.0,1.0,11021.0,1605.0,9000.0,1166.0,0.82,0.0,0.73,0.0,38.1241935483871,0,0.0,1.0,1.0,1.0,0.0,0.0,0.0,0.0
WA,2022-01-01,2022,52,73,6.0,0.0,5.0,0.0,0.5,2.0,2.0,1.0,10801.0,1595.0,9041.0,1163.0,0.84,0.0,0.73,0.0,37.175,0,3.0,0.0,1.0,0.0,0.0,0.0,0.0,0.0
WA,2022-01-08,2022,1,74,5.0,0.0,0.0,0.0,0.5,2.0,2.0,1.0,11002.0,1625.0,9486.0,1191.0,0.86,0.0,0.73,0.0,37.175,0,6.0,3.0,1.0,0.0,0.0,0.0,0.0,0.0
WA,2022-01-15,2022,2,75,6.0,0.0,6.0,0.0,0.5,2.0,2.0,1.0,11206.0,1639.0,9631.0,1213.0,0.86,0.0,0.74,0.0,37.175,0,5.0,6.0,0.0,1.0,0.0,0.0,0.0,0.0
WA,2022-01-22,2022,3,76,9.0,0.0,4.0,0.0,0.5,2.0,2.0,1.0,11173.0,1633.0,9666.0,1222.0,0.87,0.0,0.75,0.0,37.175,0,6.0,5.0,3.0,1.0,0.0,0.0,0.0,0.0
WA,2022-01-29,2022,4,77,6.0,0.0,2.0,0.0,0.5,2.0,2.0,1.0,11263.0,1654.0,9640.0,1212.0,0.86,0.0,0.73,0.0,37.175,0,9.0,6.0,6.0,1.0,0.0,0.0,0.0,0.0
WA,2022-02-05,2022,5,78,8.0,0.0,7.0,0.0,0.5,2.0,2.0,1.0,11509.0,1644.0,9618.0,1193.0,0.84,0.0,0.73,0.0,37.175,0,6.0,9.0,5.0,1.0,0.0,0.0,0.0,0.0
WA,2022-02-12,2022,6,79,16.0,7.0,8.0,0.0,0.5,2.0,2.0,1.0,11271.0,1636.0,9561.0,1233.0,0.85,0.0,0.75,0.0,37.175,0,8.0,6.0,6.0,0.0,0.0,0.0,0.0,0.0
WA,2022-02-19,2022,7,80,10.0,2.0,6.0,0.0,0.5,2.0,2.0,1.0,11133.0,1623.0,9410.0,1241.0,0.85,0.0,0.76,0.0,37.175,0,16.0,8.0,9.0,3.0,0.0,0.0,0.0,0.0
WA,2022-02-26,2022,8,81,11.0,2.0,5.0,0.0,0.5,2.0,2.0,1.0,11092.0,1581.0,9223.0,1192.0,0.83,0.0,0.75,0.0,37.175,0,10.0,16.0,6.0,6.0,0.0,0.0,0.0,0.0
WA,2022-03-05,2022,9,82,15.0,1.0,13.0,0.0,0.5,2.0,2.0,1.0,11024.0,1597.0,9193.0,1203.0,0.83,0.0,0.75,0.0,37.175,0,11.0,10.0,8.0,5.0,0.0,0.0,0.0,0.0
WA,2022-03-12,2022,10,83,10.0,2.0,12.0,0.0,0.5,2.0,2.0,1.0,11027.0,1570.0,9060.0,1173.0,0.82,0.0,0.75,0.0,37.175,0,15.0,11.0,16.0,6.0,0.0,0.0,0.0,0.0
WA,2022-03-19,2022,11,84,10.0,0.0,21.0,0.0,0.5,2.0,2.0,1.0,10920.0,1570.0,8615.0,1139.0,0.79,0.0,0.73,0.0,37.175,0,10.0,15.0,10.0,9.0,0.0,0.0,0.0,0.0
WA,2022-03-26,2022,12,85,17.0,0.0,24.0,0.0,0.5,2.0,2.0,1.0,10939.0,1573.0,8997.0,1164.0,0.82,0.0,0.74,0.0,37.175,0,10.0,10.0,11.0,6.0,0.0,0.0,0.0,0.0
WA,2022-04-02,2022,13,86,19.0,1.0,20.0,0.0,0.5,2.0,2.0,1.0,10969.0,1584.0,8625.0,1117.0,0.79,0.0,0.71,0.0,37.175,0,17.0,10.0,15.0,8.0,0.0,0.0,0.0,0.0
WA,2022-04-09,2022,14,87,19.0,3.0,24.0,0.0,0.5,2.0,2.0,1.0,11258.0,1582.0,8872.0,1142.0,0.79,0.0,0.72,0.0,37.175,0,19.0,17.0,10.0,16.0,0.0,0.0,0.0,0.0
WA,2022-04-16,2022,15,88,21.0,4.0,32.0,0.0,0.5,2.0,2.0,1.0,10942.0,1557.0,8926.0,1159.0,0.82,0.0,0.74,0.0,37.175,0,19.0,19.0,10.0,10.0,0.0,0.0,0.0,0.0
WA,2022-04-23,2022,16,89,19.0,3.0,34.0,0.0,0.5,2.0,2.0,1.0,11013.0,1592.0,9187.0,1224.0,0.83,0.0,0.77,0.0,37.175,0,21.0,19.0,17.0,11.0,0.0,0.0,0.0,0.0
WA,2022-04-30,2022,17,90,25.0,3.0,42.0,0.0,0.5,2.0,2.0,1.0,11151.0,1618.0,9302.0,1232.0,0.83,0.0,0.76,0.0,37.175,0,19.0,21.0,19.0,15.0,0.0,0.0,0.0,0.0
WA,2022-05-07,2022,18,91,38.0,4.0,60.0,0.0,0.5,2.0,2.0,1.0,11296.0,1656.0,9199.0,1211.0,0.81,0.0,0.73,0.0,37.175,0,25.0,19.0,19.0,10.0,0.0,0.0,0.0,0.0
WA,2022-05-14,2022,19,92,44.0,4.0,57.0,0.0,0.5,2.0,2.0,1.0,11269.0,1665.0,9177.0,1209.0,0.81,0.0,0.73,0.0,37.175,0,38.0,25.0,21.0,10.0,0.0,0.0,0.0,0.0
WA,2022-05-21,2022,20,93,43.0,5.0,60.0,0.0,0.5,2.0,2.0,1.0,11220.0,1662.0,9309.0,1238.0,0.83,0.0,0.74,0.0,37.175,0,44.0,38.0,19.0,17.0,0.0,0.0,0.0,0.0
WA,2022-05-28,2022,21,94,56.0,4.0,67.0,0.0,0.5,2.0,2.0,1.0,11067.0,1659.0,9288.0,1263.0,0.84,0.01,0.76,0.0,37.175,0,43.0,44.0,25.0,19.0,0.0,0.0,0.0,0.0
WA,2022-06-04,2022,22,95,48.0,6.0,65.0,0.0,0.5,2.0,2.0,1.0,11230.0,1658.0,9384.0,1269.0,0.84,0.0,0.77,0.0,37.175,0,56.0,43.0,38.0,19.0,0.01,0.0,0.0,0.0
WA,2022-06-11,2022,23,96,39.0,6.0,57.0,0.0,0.5,2.0,2.0,1.0,11137.0,1676.0,9454.0,1304.0,0.85,0.0,0.78,0.0,37.175,0,48.0,56.0,44.0,21.0,0.0,0.01,0.0,0.0
WA,2022-06-18,2022,24,97,31.0,5.0,44.0,0.0,0.5,2.0,2.0,1.0,10909.0,1623.0,9234.0,1272.0,0.85,0.0,0.78,0.0,37.175,0,39.0,48.0,43.0,19.0,0.0,0.0,0.0,0.0
WA,2022-06-25,2022,25,98,43.0,4.0,64.0,0.0,0.5,2.0,2.0,1.0,10889.0,1626.0,9077.0,1240.0,0.83,0.0,0.76,0.0,37.175,0,31.0,39.0,56.0,25.0,0.0,0.0,0.01,0.0
WA,2022-07-02,2022,26,99,43.0,6.0,55.0,0.0,0.5,2.0,2.0,1.0,10870.0,1638.0,9285.0,1284.0,0.85,0.0,0.78,0.0,37.175,0,43.0,31.0,48.0,38.0,0.0,0.0,0.0,0.0
WA,2022-07-09,2022,27,100,34.0,5.0,31.0,0.0,0.5,2.0,2.0,1.0,10803.0,1627.0,9198.0,1260.0,0.85,0.0,0.77,0.0,37.175,0,43.0,43.0,39.0,44.0,0.0,0.0,0.0,0.0
WA,2022-07-16,2022,28,101,27.0,2.0,30.0,0.0,0.5,2.0,2.0,1.0,10889.0,1647.0,9355.0,1282.0,0.86,0.0,0.78,0.0,37.175,0,34.0,43.0,31.0,43.0,0.0,0.0,0.0,0.0
WA,2022-07-23,2022,29,102,18.0,2.0,23.0,0.0,0.5,2.0,2.0,1.0,10877.0,1634.0,9234.0,1270.0,0.85,0.0,0.78,0.0,37.175,0,27.0,34.0,43.0,56.0,0.0,0.0,0.0,0.01
WA,2022-07-30,2022,30,103,8.0,1.0,13.0,0.0,0.5,2.0,2.0,1.0,10920.0,1674.0,9249.0,1270.0,0.85,0.0,0.76,0.0,37.175,0,18.0,27.0,43.0,48.0,0.0,0.0,0.0,0.0
WA,2022-08-06,2022,31,104,10.0,1.0,17.0,0.0,0.5,2.0,2.0,1.0,10899.0,1655.0,9256.0,1256.0,0.85,0.0,0.76,0.0,37.175,0,8.0,18.0,34.0,39.0,0.0,0.0,0.0,0.0
WA,2022-08-13,2022,32,105,13.0,2.0,15.0,0.0,0.5,2.0,2.0,1.0,10827.0,1628.0,9245.0,1275.0,0.85,0.0,0.78,0.0,37.175,0,10.0,8.0,27.0,31.0,0.0,0.0,0.0,0.0
WA,2022-08-20,2022,33,106,10.0,2.0,12.0,0.0,0.5,2.0,2.0,1.0,10738.0,1599.0,9187.0,1250.0,0.86,0.0,0.78,0.0,37.175,0,13.0,10.0,18.0,43.0,0.0,0.0,0.0,0.0
WA,2022-08-27,2022,34,107,6.0,0.0,7.0,0.0,0.5,2.0,2.0,1.0,10589.0,1569.0,8973.0,1212.0,0.85,0.0,0.77,0.0,37.175,0,10.0,13.0,8.0,43.0,0.0,0.0,0.0,0.0
WA,2022-09-03,2022,35,108,7.0,2.0,17.0,0.0,0.5,2.0,2.0,1.0,10543.0,1562.0,8910.0,1213.0,0.85,0.0,0.78,0.0,37.175,0,6.0,10.0,10.0,34.0,0.0,0.0,0.0,0.0
WA,2022-09-10,2022,36,109,7.0,0.0,10.0,0.0,0.5,2.0,2.0,1.0,10581.0,1573.0,8823.0,1203.0,0.83,0.0,0.76,0.0,37.175,0,7.0,6.0,13.0,27.0,0.0,0.0,0.0,0.0
WA,2022-09-17,2022,37,110,10.0,1.0,16.0,0.0,0.5,2.0,2.0,1.0,10463.0,1564.0,8738.0,1210.0,0.84,0.0,0.77,0.0,37.175,0,7.0,7.0,10.0,18.0,0.0,0.0,0.0,0.0
WA,2022-09-24,2022,38,111,6.0,0.0,7.0,0.0,0.5,2.0,2.0,1.0,10644.0,1580.0,8956.0,1238.0,0.84,0.0,0.78,0.0,37.175,0,10.0,7.0,6.0,8.0,0.0,0.0,0.0,0.0
WA,2022-10-01,2022,39,112,6.0,0.0,11.0,0.0,0.5,2.0,2.0,1.0,10688.0,1610.0,8984.0,1257.0,0.84,0.0,0.78,0.0,37.175,0,6.0,10.0,7.0,10.0,0.0,0.0,0.0,0.0
WA,2022-10-08,2022,40,113,8.0,1.0,15.0,0.0,0.5,2.0,2.0,1.0,10706.0,1622.0,8969.0,1252.0,0.84,0.0,0.77,0.0,37.175,0,6.0,6.0,7.0,13.0,0.0,0.0,0.0,0.0
WA,2022-10-15,2022,41,114,10.0,0.0,13.0,0.0,0.5,2.0,2.0,1.0,10661.0,1629.0,8930.0,1255.0,0.84,0.0,0.77,0.0,37.175,0,8.0,6.0,10.0,10.0,0.0,0.0,0.0,0.0
WA,2022-10-22,2022,42,115,12.0,2.0,21.0,0.0,0.5,2.0,2.0,1.0,10659.0,1634.0,8921.0,1244.0,0.84,0.0,0.76,0.0,37.175,0,10.0,8.0,6.0,6.0,0.0,0.0,0.0,0.0
WA,2022-10-29,2022,43,116,20.0,3.0,33.0,0.0,0.5,2.0,2.0,1.0,10668.0,1634.0,8985.0,1262.0,0.84,0.0,0.77,0.0,37.175,0,12.0,10.0,6.0,7.0,0.0,0.0,0.0,0.0
WA,2022-11-05,2022,44,117,29.0,4.0,43.0,0.0,0.5,2.0,2.0,1.0,10696.0,1624.0,9014.0,1269.0,0.84,0.0,0.78,0.0,37.175,0,20.0,12.0,8.0,7.0,0.0,0.0,0.0,0.0
WA,2022-11-12,2022,45,118,58.0,5.0,89.0,0.0,0.5,2.0,2.0,1.0,10770.0,1636.0,9148.0,1284.0,0.85,0.01,0.78,0.0,37.175,0,29.0,20.0,10.0,10.0,0.0,0.0,0.0,0.0
WA,2022-11-19,2022,46,119,138.0,9.0,239.0,0.0,0.5,2.0,2.0,1.0,10806.0,1651.0,9192.0,1299.0,0.85,0.01,0.79,0.01,37.175,1,58.0,29.0,12.0,6.0,0.01,0.0,0.0,0.0
WA,2022-11-26,2022,47,120,294.0,27.0,536.0,0.0,0.5,2.0,2.0,1.0,10672.0,1592.0,9062.0,1262.0,0.85,0.03,0.79,0.02,37.175,1,138.0,58.0,20.0,6.0,0.01,0.01,0.0,0.0
WA,2022-12-03,2022,48,121,490.0,58.0,732.0,0.0,0.5,2.0,2.0,1.0,10805.0,1595.0,9473.0,1331.0,0.88,0.05,0.83,0.04,37.175,1,294.0,138.0,29.0,8.0,0.03,0.01,0.0,0.0
WA,2022-12-10,2022,49,122,479.0,58.0,681.0,0.0,0.5,2.0,2.0,1.0,10801.0,1569.0,9523.0,1313.0,0.88,0.04,0.84,0.04,37.175,1,490.0,294.0,58.0,10.0,0.05,0.03,0.01,0.0
WA,2022-12-17,2022,50,123,474.0,55.0,740.0,0.0,0.5,2.0,2.0,1.0,10970.0,1598.0,9544.0,1317.0,0.87,0.04,0.82,0.03,37.175,1,479.0,490.0,138.0,12.0,0.04,0.05,0.01,0.0
WA,2022-12-24,2022,51,124,396.0,54.0,404.0,0.0,0.5,2.0,2.0,1.0,10682.0,1542.0,9182.0,1269.0,0.86,0.04,0.82,0.04,37.175,1,474.0,479.0,294.0,20.0,0.04,0.04,0.03,0.0
WA,2022-12-31,2022,52,125,365.0,52.0,384.0,0.0,0.5,2.0,2.0,1.0,10801.0,1563.0,9323.0,1298.0,0.86,0.03,0.83,0.03,37.175,1,396.0,474.0,490.0,29.0,0.04,0.04,0.05,0.0
WI,2020-10-03,2020,40,8,3.0,0.0,5.0,0.0,0.0,0.0,1.0,2.0,12175.0,1973.0,7744.0,1151.0,0.64,0.0,0.58,0.0,39.963,0,3.0,3.0,3.0,3.0,0.0,0.0,0.0,0.0
WI,2020-10-10,2020,41,9,0.0,0.0,0.0,0.0,0.0,0.0,1.0,2.0,12121.0,1947.0,7854.0,1175.0,0.65,0.0,0.6,0.0,39.963,0,3.0,3.0,3.0,3.0,0.0,0.0,0.0,0.0
WI,2020-10-17,2020,42,10,0.0,0.0,0.0,0.0,0.0,0.0,1.0,2.0,12042.0,1950.0,7896.0,1190.0,0.66,0.0,0.61,0.0,39.963,0,0.0,3.0,3.0,3.0,0.0,0.0,0.0,0.0
WI,2020-10-24,2020,43,11,0.0,0.0,0.0,0.0,0.0,0.0,1.0,2.0,12059.0,1962.0,7881.0,1226.0,0.65,0.0,0.62,0.0,39.963,0,0.0,0.0,3.0,3.0,0.0,0.0,0.0,0.0
WI,2020-10-31,2020,44,12,1.0,1.0,1.0,0.0,0.0,0.0,1.0,2.0,12093.0,1963.0,7998.0,1213.0,0.66,0.0,0.62,0.0,39.963,0,0.0,0.0,3.0,3.0,0.0,0.0,0.0,0.0
WI,2020-11-07,2020,45,13,6.0,1.0,9.0,0.0,0.0,0.0,1.0,2.0,12099.0,1965.0,8297.0,1273.0,0.69,0.0,0.65,0.0,39.963,0,1.0,0.0,0.0,3.0,0.0,0.0,0.0,0.0
WI,2020-11-14,2020,46,14,11.0,1.0,4.0,0.0,0.0,0.0,1.0,2.0,12173.0,1971.0,8504.0,1292.0,0.7,0.0,0.66,0.0,39.963,0,6.0,1.0,0.0,3.0,0.0,0.0,0.0,0.0
WI,2020-11-21,2020,47,15,1.0,0.0,0.0,0.0,0.0,0.0,1.0,2.0,12230.0,1977.0,8426.0,1309.0,0.69,0.0,0.66,0.0,39.963,0,11.0,6.0,0.0,3.0,0.0,0.0,0.0,0.0
WI,2020-11-28,2020,48,16,1.0,0.0,4.0,0.0,0.0,0.0,1.0,2.0,12271.0,1981.0,7956.0,1258.0,0.65,0.0,0.64,0.0,39.963,0,1.0,11.0,1.0,3.0,0.0,0.0,0.0,0.0
WI,2020-12-05,2020,49,17,3.0,1.0,0.0,0.0,0.0,0.0,1.0,2.0,12332.0,1990.0,8224.0,1296.0,0.67,0.0,0.65,0.0,39.963,0,1.0,1.0,6.0,0.0,0.0,0.0,0.0,0.0
WI,2020-12-12,2020,50,18,1.0,0.0,1.0,0.0,0.0,0.0,1.0,2.0,12346.0,1999.0,8114.0,1245.0,0.66,0.0,0.62,0.0,39.963,0,3.0,1.0,11.0,0.0,0.0,0.0,0.0,0.0
WI,2020-12-19,2020,51,19,2.0,0.0,2.0,0.0,0.0,0.0,1.0,2.0,12382.0,2013.0,8031.0,1220.0,0.65,0.0,0.61,0.0,39.963,0,1.0,3.0,1.0,0.0,0.0,0.0,0.0,0.0
WI,2020-12-26,2020,52,20,2.0,1.0,2.0,0.0,0.0,0.0,1.0,2.0,12484.0,2036.0,7364.0,1142.0,0.59,0.0,0.56,0.0,39.963,0,2.0,1.0,1.0,1.0,0.0,0.0,0.0,0.0
WI,2021-01-02,2021,53,21,1.0,0.0,0.0,0.0,0.0,0.0,1.0,2.0,12475.0,2049.0,7420.0,1142.0,0.59,0.0,0.56,0.0,39.172413793103445,0,2.0,2.0,3.0,6.0,0.0,0.0,0.0,0.0
WI,2021-01-09,2021,1,22,1.0,0.0,0.0,0.0,0.0,0.0,1.0,2.0,12500.0,2048.0,7795.0,1163.0,0.62,0.0,0.57,0.0,39.172413793103445,0,1.0,2.0,1.0,11.0,0.0,0.0,0.0,0.0
WI,2021-01-16,2021,2,23,1.0,0.0,1.0,0.0,0.0,0.0,1.0,2.0,12493.0,2034.0,7728.0,1154.0,0.62,0.0,0.57,0.0,39.172413793103445,0,1.0,1.0,2.0,1.0,0.0,0.0,0.0,0.0
WI,2021-01-23,2021,3,24,0.0,0.0,0.0,0.0,0.0,0.0,1.0,2.0,12527.0,2037.0,7660.0,1137.0,0.61,0.0,0.56,0.0,39.172413793103445,0,1.0,1.0,2.0,1.0,0.0,0.0,0.0,0.0
WI,2021-01-30,2021,4,25,1.0,0.0,3.0,0.0,0.0,0.0,1.0,2.0,12475.0,2028.0,7490.0,1106.0,0.6,0.0,0.55,0.0,39.172413793103445,0,0.0,1.0,1.0,3.0,0.0,0.0,0.0,0.0
WI,2021-02-06,2021,5,26,0.0,0.0,5.0,0.0,0.0,0.0,1.0,2.0,12402.0,2033.0,7375.0,1112.0,0.59,0.0,0.55,0.0,39.172413793103445,0,1.0,0.0,1.0,1.0,0.0,0.0,0.0,0.0
WI,2021-02-13,2021,6,27,0.0,0.0,1.0,0.0,0.0,0.0,1.0,2.0,12415.0,2032.0,7412.0,1099.0,0.6,0.0,0.54,0.0,39.172413793103445,0,0.0,1.0,1.0,2.0,0.0,0.0,0.0,0.0
WI,2021-02-20,2021,7,28,1.0,0.0,12.0,0.0,0.0,0.0,1.0,2.0,12394.0,2023.0,7332.0,1059.0,0.59,0.0,0.52,0.0,39.172413793103445,0,0.0,0.0,0.0,2.0,0.0,0.0,0.0,0.0
WI,2021-02-27,2021,8,29,1.0,0.0,2.0,0.0,0.0,0.0,1.0,2.0,12383.0,2018.0,7398.0,1088.0,0.6,0.0,0.54,0.0,39.172413793103445,0,1.0,0.0,1.0,1.0,0.0,0.0,0.0,0.0
WI,2021-03-06,2021,9,30,1.0,0.0,1.0,0.0,0.0,0.0,1.0,2.0,12395.0,2012.0,7378.0,1025.0,0.6,0.0,0.51,0.0,39.172413793103445,0,1.0,1.0,0.0,1.0,0.0,0.0,0.0,0.0
WI,2021-03-13,2021,10,31,0.0,0.0,1.0,0.0,0.0,0.0,1.0,2.0,12377.0,2006.0,7357.0,1051.0,0.59,0.0,0.52,0.0,39.172413793103445,0,1.0,1.0,0.0,1.0,0.0,0.0,0.0,0.0
WI,2021-03-20,2021,11,32,1.0,0.0,2.0,0.0,0.0,0.0,1.0,2.0,12362.0,1996.0,7279.0,987.0,0.59,0.0,0.49,0.0,39.172413793103445,0,0.0,1.0,1.0,0.0,0.0,0.0,0.0,0.0
WI,2021-03-27,2021,12,33,1.0,0.0,1.0,0.0,0.0,0.0,1.0,2.0,12288.0,1982.0,7291.0,1040.0,0.59,0.0,0.52,0.0,39.172413793103445,0,1.0,0.0,1.0,1.0,0.0,0.0,0.0,0.0
WI,2021-04-03,2021,13,34,2.0,0.0,1.0,0.0,0.0,0.0,1.0,2.0,12004.0,1964.0,7266.0,1054.0,0.61,0.0,0.54,0.0,39.172413793103445,0,1.0,1.0,1.0,0.0,0.0,0.0,0.0,0.0
WI,2021-04-10,2021,14,35,0.0,0.0,0.0,0.0,0.0,0.0,1.0,2.0,11973.0,1968.0,7574.0,1113.0,0.63,0.0,0.57,0.0,39.172413793103445,0,2.0,1.0,0.0,0.0,0.0,0.0,0.0,0.0
WI,2021-04-17,2021,15,36,1.0,0.0,0.0,0.0,0.0,0.0,1.0,2.0,11981.0,1959.0,7659.0,1091.0,0.64,0.0,0.56,0.0,39.172413793103445,0,0.0,2.0,1.0,1.0,0.0,0.0,0.0,0.0
WI,2021-04-24,2021,16,37,1.0,0.0,1.0,0.0,0.0,0.0,1.0,2.0,11979.0,1965.0,7684.0,1106.0,0.64,0.0,0.56,0.0,39.172413793103445,0,1.0,0.0,1.0,1.0,0.0,0.0,0.0,0.0
WI,2021-05-01,2021,17,38,2.0,0.0,4.0,0.0,0.0,0.0,1.0,2.0,11849.0,1944.0,7616.0,1087.0,0.64,0.0,0.56,0.0,39.172413793103445,0,1.0,1.0,2.0,1.0,0.0,0.0,0.0,0.0
WI,2021-05-08,2021,18,39,0.0,0.0,0.0,0.0,0.0,0.0,1.0,2.0,11943.0,1972.0,7723.0,1135.0,0.65,0.0,0.58,0.0,39.172413793103445,0,2.0,1.0,0.0,0.0,0.0,0.0,0.0,0.0
WI,2021-05-15,2021,19,40,1.0,0.0,1.0,0.0,0.0,0.0,1.0,2.0,11929.0,1956.0,7582.0,1091.0,0.64,0.0,0.56,0.0,39.172413793103445,0,0.0,2.0,1.0,1.0,0.0,0.0,0.0,0.0
WI,2021-05-22,2021,20,41,1.0,0.0,0.0,0.0,0.0,0.0,1.0,2.0,11933.0,1952.0,7653.0,1090.0,0.64,0.0,0.56,0.0,39.172413793103445,0,1.0,0.0,1.0,1.0,0.0,0.0,0.0,0.0
WI,2021-05-29,2021,21,42,1.0,0.0,3.0,0.0,0.0,0.0,1.0,2.0,11934.0,1956.0,7618.0,1031.0,0.64,0.0,0.53,0.0,39.172413793103445,0,1.0,1.0,2.0,2.0,0.0,0.0,0.0,0.0
WI,2021-06-05,2021,22,43,0.0,0.0,2.0,0.0,0.0,0.0,1.0,2.0,11914.0,1959.0,7490.0,1056.0,0.63,0.0,0.54,0.0,39.172413793103445,0,1.0,1.0,0.0,0.0,0.0,0.0,0.0,0.0
WI,2021-06-12,2021,23,44,0.0,1.0,1.0,0.0,0.0,0.0,1.0,2.0,11924.0,1948.0,7816.0,1079.0,0.66,0.0,0.55,0.0,39.172413793103445,0,0.0,1.0,1.0,1.0,0.0,0.0,0.0,0.0
WI,2021-06-19,2021,24,45,0.0,0.0,0.0,0.0,0.0,0.0,1.0,2.0,11947.0,1943.0,7724.0,1063.0,0.65,0.0,0.55,0.0,39.172413793103445,0,0.0,0.0,1.0,1.0,0.0,0.0,0.0,0.0
WI,2021-06-26,2021,25,46,0.0,0.0,0.0,0.0,0.0,0.0,1.0,2.0,11928.0,1949.0,7691.0,1050.0,0.64,0.0,0.54,0.0,39.172413793103445,0,0.0,0.0,1.0,2.0,0.0,0.0,0.0,0.0
WI,2021-07-03,2021,26,47,0.0,0.0,0.0,0.0,0.0,0.0,1.0,2.0,11793.0,1935.0,7551.0,1052.0,0.64,0.0,0.54,0.0,39.172413793103445,0,0.0,0.0,0.0,0.0,0.0,0.0,0.0,0.0
WI,2021-07-10,2021,27,48,0.0,0.0,0.0,0.0,0.0,0.0,1.0,2.0,11579.0,1896.0,7066.0,974.0,0.61,0.0,0.51,0.0,39.172413793103445,0,0.0,0.0,0.0,1.0,0.0,0.0,0.0,0.0
WI,2021-07-17,2021,28,49,0.0,0.0,0.0,0.0,0.0,0.0,1.0,2.0,11715.0,1929.0,7621.0,1076.0,0.65,0.0,0.56,0.0,39.172413793103445,0,0.0,0.0,0.0,1.0,0.0,0.0,0.0,0.0
WI,2021-07-24,2021,29,50,0.0,0.0,0.0,0.0,0.0,0.0,1.0,2.0,11556.0,1901.0,7514.0,1054.0,0.65,0.0,0.55,0.0,39.172413793103445,0,0.0,0.0,0.0,1.0,0.0,0.0,0.0,0.0
WI,2021-07-31,2021,30,51,0.0,0.0,1.0,0.0,0.0,0.0,1.0,2.0,11541.0,1898.0,7537.0,1070.0,0.65,0.0,0.56,0.0,39.172413793103445,0,0.0,0.0,0.0,0.0,0.0,0.0,0.0,0.0
WI,2021-08-07,2021,31,52,1.0,0.0,1.0,0.0,0.0,0.0,1.0,2.0,11740.0,1932.0,7771.0,1116.0,0.66,0.0,0.58,0.0,39.172413793103445,0,0.0,0.0,0.0,0.0,0.0,0.0,0.0,0.0
WI,2021-08-14,2021,32,53,1.0,0.0,0.0,0.0,0.0,0.0,1.0,2.0,11564.0,1908.0,7774.0,1131.0,0.67,0.0,0.59,0.0,39.172413793103445,0,1.0,0.0,0.0,0.0,0.0,0.0,0.0,0.0
WI,2021-08-21,2021,33,54,1.0,0.0,0.0,0.0,0.0,0.0,1.0,2.0,11693.0,1903.0,8025.0,1201.0,0.69,0.0,0.63,0.0,39.172413793103445,0,1.0,1.0,0.0,0.0,0.0,0.0,0.0,0.0
WI,2021-08-28,2021,34,55,2.0,1.0,0.0,0.0,0.0,0.0,1.0,2.0,11563.0,1868.0,8059.0,1205.0,0.7,0.0,0.64,0.0,39.172413793103445,0,1.0,1.0,0.0,0.0,0.0,0.0,0.0,0.0
WI,2021-09-04,2021,35,56,3.0,0.0,1.0,0.0,0.0,0.0,1.0,2.0,11710.0,1898.0,8132.0,1220.0,0.69,0.0,0.64,0.0,39.172413793103445,0,2.0,1.0,1.0,0.0,0.0,0.0,0.0,0.0
WI,2021-09-11,2021,36,57,3.0,0.0,0.0,0.0,0.0,0.0,1.0,2.0,11718.0,1900.0,8186.0,1228.0,0.7,0.0,0.65,0.0,39.172413793103445,0,3.0,2.0,1.0,0.0,0.0,0.0,0.0,0.0
WI,2021-09-18,2021,37,58,0.0,0.0,0.0,0.0,0.0,0.0,1.0,2.0,11518.0,1866.0,8236.0,1216.0,0.72,0.0,0.65,0.0,39.172413793103445,0,3.0,3.0,1.0,0.0,0.0,0.0,0.0,0.0
WI,2021-09-25,2021,38,59,3.0,1.0,12.0,0.0,0.0,0.0,1.0,2.0,11718.0,1875.0,8364.0,1230.0,0.71,0.0,0.66,0.0,39.172413793103445,0,0.0,3.0,2.0,0.0,0.0,0.0,0.0,0.0
WI,2021-10-02,2021,39,60,2.0,1.0,3.0,0.0,0.0,0.0,1.0,2.0,11628.0,1902.0,8411.0,1264.0,0.72,0.0,0.66,0.0,39.172413793103445,0,3.0,0.0,3.0,1.0,0.0,0.0,0.0,0.0
WI,2021-10-09,2021,40,61,2.0,0.0,4.0,0.0,0.0,0.0,1.0,2.0,11597.0,1917.0,8460.0,1265.0,0.73,0.0,0.66,0.0,39.172413793103445,0,2.0,3.0,3.0,1.0,0.0,0.0,0.0,0.0
WI,2021-10-16,2021,41,62,3.0,0.0,3.0,0.0,0.0,0.0,1.0,2.0,11654.0,1925.0,8462.0,1248.0,0.73,0.0,0.65,0.0,39.172413793103445,0,2.0,2.0,0.0,1.0,0.0,0.0,0.0,0.0
WI,2021-10-23,2021,42,63,2.0,0.0,7.0,0.0,0.0,0.0,1.0,2.0,11616.0,1915.0,8353.0,1240.0,0.72,0.0,0.65,0.0,39.172413793103445,0,3.0,2.0,3.0,2.0,0.0,0.0,0.0,0.0
WI,2021-10-30,2021,43,64,1.0,0.0,5.0,0.0,0.0,0.0,1.0,2.0,11523.0,1902.0,8212.0,1242.0,0.71,0.0,0.65,0.0,39.172413793103445,0,2.0,3.0,2.0,3.0,0.0,0.0,0.0,0.0
WI,2021-11-06,2021,44,65,1.0,0.0,1.0,0.0,0.0,0.0,1.0,2.0,11490.0,1898.0,8317.0,1248.0,0.72,0.0,0.66,0.0,39.172413793103445,0,1.0,2.0,2.0,3.0,0.0,0.0,0.0,0.0
WI,2021-11-13,2021,45,66,2.0,0.0,4.0,0.0,0.0,0.0,1.0,2.0,11462.0,1889.0,8468.0,1261.0,0.74,0.0,0.67,0.0,39.172413793103445,0,1.0,1.0,3.0,0.0,0.0,0.0,0.0,0.0
WI,2021-11-20,2021,46,67,2.0,0.0,5.0,0.0,0.0,0.0,1.0,2.0,11532.0,1903.0,8575.0,1274.0,0.74,0.0,0.67,0.0,39.172413793103445,0,2.0,1.0,2.0,3.0,0.0,0.0,0.0,0.0
WI,2021-11-27,2021,47,68,5.0,0.0,7.0,0.0,0.0,0.0,1.0,2.0,11347.0,1879.0,8120.0,1242.0,0.72,0.0,0.66,0.0,39.172413793103445,0,2.0,2.0,1.0,2.0,0.0,0.0,0.0,0.0
WI,2021-12-04,2021,48,69,6.0,0.0,18.0,0.0,0.0,0.0,1.0,2.0,11597.0,1908.0,8691.0,1329.0,0.75,0.0,0.7,0.0,39.172413793103445,0,5.0,2.0,1.0,2.0,0.0,0.0,0.0,0.0
WI,2021-12-11,2021,49,70,3.0,0.0,5.0,0.0,0.0,0.0,1.0,2.0,11625.0,1925.0,8818.0,1338.0,0.76,0.0,0.7,0.0,39.172413793103445,0,6.0,5.0,2.0,3.0,0.0,0.0,0.0,0.0
WI,2021-12-18,2021,50,71,9.0,1.0,22.0,0.0,0.0,0.0,1.0,2.0,11585.0,1892.0,8749.0,1331.0,0.76,0.0,0.7,0.0,39.172413793103445,0,3.0,6.0,2.0,2.0,0.0,0.0,0.0,0.0
WI,2021-12-25,2021,51,72,14.0,1.0,39.0,0.0,0.0,0.0,1.0,2.0,11448.0,1772.0,8352.0,1282.0,0.73,0.0,0.72,0.0,39.172413793103445,0,9.0,3.0,5.0,1.0,0.0,0.0,0.0,0.0
WI,2022-01-01,2022,52,73,27.0,3.0,99.0,0.0,0.0,0.0,1.0,2.0,11207.0,1643.0,8263.0,1259.0,0.74,0.0,0.77,0.0,37.19513513513514,0,14.0,9.0,6.0,1.0,0.0,0.0,0.0,0.0
WI,2022-01-08,2022,1,74,20.0,2.0,55.0,0.0,0.0,0.0,1.0,2.0,11298.0,1650.0,8553.0,1309.0,0.76,0.0,0.79,0.0,37.19513513513514,0,27.0,14.0,3.0,2.0,0.0,0.0,0.0,0.0
WI,2022-01-15,2022,2,75,19.0,3.0,42.0,0.0,0.0,0.0,1.0,2.0,11299.0,1640.0,8602.0,1288.0,0.76,0.0,0.79,0.0,37.19513513513514,0,20.0,27.0,9.0,2.0,0.0,0.0,0.0,0.0
WI,2022-01-22,2022,3,76,18.0,2.0,22.0,0.0,0.0,0.0,1.0,2.0,11235.0,1634.0,8429.0,1257.0,0.75,0.0,0.77,0.0,37.19513513513514,0,19.0,20.0,14.0,5.0,0.0,0.0,0.0,0.0
WI,2022-01-29,2022,4,77,14.0,2.0,22.0,0.0,0.0,0.0,1.0,2.0,11210.0,1659.0,8241.0,1220.0,0.74,0.0,0.74,0.0,37.19513513513514,0,18.0,19.0,27.0,6.0,0.0,0.0,0.0,0.0
WI,2022-02-05,2022,5,78,16.0,3.0,30.0,0.0,0.0,0.0,1.0,2.0,11176.0,1618.0,8078.0,1162.0,0.72,0.0,0.72,0.0,37.19513513513514,0,14.0,18.0,20.0,3.0,0.0,0.0,0.0,0.0
WI,2022-02-12,2022,6,79,15.0,3.0,29.0,0.0,0.0,0.0,1.0,2.0,11038.0,1551.0,7948.0,1096.0,0.72,0.0,0.71,0.0,37.19513513513514,0,16.0,14.0,19.0,9.0,0.0,0.0,0.0,0.0
WI,2022-02-19,2022,7,80,14.0,2.0,25.0,0.0,0.0,0.0,1.0,2.0,10914.0,1516.0,7810.0,1037.0,0.72,0.0,0.68,0.0,37.19513513513514,0,15.0,16.0,18.0,14.0,0.0,0.0,0.0,0.0
WI,2022-02-26,2022,8,81,17.0,3.0,29.0,0.0,0.0,0.0,1.0,2.0,11041.0,1598.0,7800.0,1095.0,0.71,0.0,0.69,0.0,37.19513513513514,0,14.0,15.0,14.0,27.0,0.0,0.0,0.0,0.0
WI,2022-03-05,2022,9,82,23.0,4.0,61.0,0.0,0.0,0.0,1.0,2.0,11036.0,1581.0,7894.0,1090.0,0.72,0.0,0.69,0.0,37.19513513513514,0,17.0,14.0,16.0,20.0,0.0,0.0,0.0,0.0
WI,2022-03-12,2022,10,83,24.0,4.0,41.0,0.0,0.0,0.0,1.0,2.0,10994.0,1609.0,7838.0,1100.0,0.71,0.0,0.68,0.0,37.19513513513514,0,23.0,17.0,15.0,19.0,0.0,0.0,0.0,0.0
WI,2022-03-19,2022,11,84,27.0,4.0,53.0,0.0,0.0,0.0,1.0,2.0,10880.0,1587.0,7683.0,1066.0,0.71,0.0,0.67,0.0,37.19513513513514,0,24.0,23.0,14.0,18.0,0.0,0.0,0.0,0.0
WI,2022-03-26,2022,12,85,30.0,4.0,58.0,0.0,0.0,0.0,1.0,2.0,10900.0,1598.0,7756.0,1079.0,0.71,0.0,0.68,0.0,37.19513513513514,0,27.0,24.0,17.0,14.0,0.0,0.0,0.0,0.0
WI,2022-04-02,2022,13,86,37.0,3.0,57.0,0.0,0.0,0.0,1.0,2.0,10926.0,1606.0,7726.0,1053.0,0.71,0.0,0.66,0.0,37.19513513513514,0,30.0,27.0,23.0,16.0,0.0,0.0,0.0,0.0
WI,2022-04-09,2022,14,87,32.0,3.0,44.0,0.0,0.0,0.0,1.0,2.0,11161.0,1623.0,7954.0,1098.0,0.71,0.0,0.68,0.0,37.19513513513514,0,37.0,30.0,24.0,15.0,0.0,0.0,0.0,0.0
WI,2022-04-16,2022,15,88,36.0,4.0,66.0,0.0,0.0,0.0,1.0,2.0,11233.0,1631.0,7780.0,1080.0,0.69,0.0,0.66,0.0,37.19513513513514,0,32.0,37.0,27.0,14.0,0.0,0.0,0.0,0.0
WI,2022-04-23,2022,16,89,29.0,1.0,54.0,0.0,0.0,0.0,1.0,2.0,11204.0,1628.0,7607.0,1080.0,0.68,0.0,0.66,0.0,37.19513513513514,0,36.0,32.0,30.0,17.0,0.0,0.0,0.0,0.0
WI,2022-04-30,2022,17,90,28.0,2.0,64.0,0.0,0.0,0.0,1.0,2.0,11137.0,1620.0,7804.0,1106.0,0.7,0.0,0.68,0.0,37.19513513513514,0,29.0,36.0,37.0,23.0,0.0,0.0,0.0,0.0
WI,2022-05-07,2022,18,91,22.0,1.0,51.0,0.0,0.0,0.0,1.0,2.0,10915.0,1593.0,7775.0,1106.0,0.71,0.0,0.69,0.0,37.19513513513514,0,28.0,29.0,32.0,24.0,0.0,0.0,0.0,0.0
WI,2022-05-14,2022,19,92,16.0,1.0,36.0,0.0,0.0,0.0,1.0,2.0,10701.0,1557.0,7615.0,1068.0,0.71,0.0,0.69,0.0,37.19513513513514,0,22.0,28.0,36.0,27.0,0.0,0.0,0.0,0.0
WI,2022-05-21,2022,20,93,18.0,2.0,26.0,0.0,0.0,0.0,1.0,2.0,10616.0,1551.0,7713.0,1070.0,0.73,0.0,0.69,0.0,37.19513513513514,0,16.0,22.0,29.0,30.0,0.0,0.0,0.0,0.0
WI,2022-05-28,2022,21,94,14.0,2.0,27.0,0.0,0.0,0.0,1.0,2.0,10788.0,1581.0,7704.0,1059.0,0.71,0.0,0.67,0.0,37.19513513513514,0,18.0,16.0,28.0,37.0,0.0,0.0,0.0,0.0
WI,2022-06-04,2022,22,95,8.0,2.0,16.0,0.0,0.0,0.0,1.0,2.0,10763.0,1581.0,7630.0,1050.0,0.71,0.0,0.66,0.0,37.19513513513514,0,14.0,18.0,22.0,32.0,0.0,0.0,0.0,0.0
WI,2022-06-11,2022,23,96,7.0,0.0,15.0,0.0,0.0,0.0,1.0,2.0,10786.0,1569.0,7782.0,1066.0,0.72,0.0,0.68,0.0,37.19513513513514,0,8.0,14.0,16.0,36.0,0.0,0.0,0.0,0.0
WI,2022-06-18,2022,24,97,7.0,1.0,9.0,0.0,0.0,0.0,1.0,2.0,10777.0,1588.0,7685.0,1071.0,0.71,0.0,0.67,0.0,37.19513513513514,0,7.0,8.0,18.0,29.0,0.0,0.0,0.0,0.0
WI,2022-06-25,2022,25,98,4.0,0.0,7.0,0.0,0.0,0.0,1.0,2.0,10899.0,1599.0,7617.0,1057.0,0.7,0.0,0.66,0.0,37.19513513513514,0,7.0,7.0,14.0,28.0,0.0,0.0,0.0,0.0
WI,2022-07-02,2022,26,99,6.0,0.0,8.0,0.0,0.0,0.0,1.0,2.0,10785.0,1583.0,7696.0,1055.0,0.71,0.0,0.67,0.0,37.19513513513514,0,4.0,7.0,8.0,22.0,0.0,0.0,0.0,0.0
WI,2022-07-09,2022,27,100,3.0,0.0,1.0,0.0,0.0,0.0,1.0,2.0,10692.0,1578.0,7602.0,1048.0,0.71,0.0,0.66,0.0,37.19513513513514,0,6.0,4.0,7.0,16.0,0.0,0.0,0.0,0.0
WI,2022-07-16,2022,28,101,1.0,0.0,2.0,0.0,0.0,0.0,1.0,2.0,10732.0,1584.0,7700.0,1069.0,0.72,0.0,0.68,0.0,37.19513513513514,0,3.0,6.0,7.0,18.0,0.0,0.0,0.0,0.0
WI,2022-07-23,2022,29,102,0.0,0.0,0.0,0.0,0.0,0.0,1.0,2.0,10800.0,1589.0,7674.0,1075.0,0.71,0.0,0.68,0.0,37.19513513513514,0,1.0,3.0,4.0,14.0,0.0,0.0,0.0,0.0
WI,2022-07-30,2022,30,103,0.0,0.0,2.0,0.0,0.0,0.0,1.0,2.0,10926.0,1603.0,7733.0,1082.0,0.71,0.0,0.68,0.0,37.19513513513514,0,0.0,1.0,6.0,8.0,0.0,0.0,0.0,0.0
WI,2022-08-06,2022,31,104,2.0,0.0,6.0,0.0,0.0,0.0,1.0,2.0,10931.0,1609.0,7774.0,1105.0,0.71,0.0,0.69,0.0,37.19513513513514,0,0.0,0.0,3.0,7.0,0.0,0.0,0.0,0.0
WI,2022-08-13,2022,32,105,3.0,0.0,1.0,0.0,0.0,0.0,1.0,2.0,10867.0,1583.0,7830.0,1088.0,0.72,0.0,0.69,0.0,37.19513513513514,0,2.0,0.0,1.0,7.0,0.0,0.0,0.0,0.0
WI,2022-08-20,2022,33,106,0.0,0.0,1.0,0.0,0.0,0.0,1.0,2.0,10864.0,1585.0,7745.0,1072.0,0.71,0.0,0.68,0.0,37.19513513513514,0,3.0,2.0,0.0,4.0,0.0,0.0,0.0,0.0
WI,2022-08-27,2022,34,107,0.0,0.0,2.0,0.0,0.0,0.0,1.0,2.0,10845.0,1589.0,7730.0,1084.0,0.71,0.0,0.68,0.0,37.19513513513514,0,0.0,3.0,0.0,6.0,0.0,0.0,0.0,0.0
WI,2022-09-03,2022,35,108,3.0,0.0,3.0,0.0,0.0,0.0,1.0,2.0,10923.0,1599.0,7807.0,1100.0,0.71,0.0,0.69,0.0,37.19513513513514,0,0.0,0.0,2.0,3.0,0.0,0.0,0.0,0.0
WI,2022-09-10,2022,36,109,1.0,0.0,0.0,0.0,0.0,0.0,1.0,2.0,10873.0,1600.0,7714.0,1106.0,0.71,0.0,0.69,0.0,37.19513513513514,0,3.0,0.0,3.0,1.0,0.0,0.0,0.0,0.0
WI,2022-09-17,2022,37,110,0.0,0.0,0.0,0.0,0.0,0.0,1.0,2.0,10909.0,1595.0,8268.0,1099.0,0.76,0.0,0.69,0.0,37.19513513513514,0,1.0,3.0,0.0,0.0,0.0,0.0,0.0,0.0
WI,2022-09-24,2022,38,111,2.0,0.0,4.0,0.0,0.0,0.0,1.0,2.0,10888.0,1588.0,7854.0,1106.0,0.72,0.0,0.7,0.0,37.19513513513514,0,0.0,1.0,0.0,0.0,0.0,0.0,0.0,0.0
WI,2022-10-01,2022,39,112,0.0,0.0,1.0,0.0,0.0,0.0,1.0,2.0,10875.0,1577.0,7758.0,1076.0,0.71,0.0,0.68,0.0,37.19513513513514,0,2.0,0.0,3.0,2.0,0.0,0.0,0.0,0.0
WI,2022-10-08,2022,40,113,1.0,0.0,1.0,0.0,0.0,0.0,1.0,2.0,10881.0,1567.0,7830.0,1071.0,0.72,0.0,0.68,0.0,37.19513513513514,0,0.0,2.0,1.0,3.0,0.0,0.0,0.0,0.0
WI,2022-10-15,2022,41,114,1.0,0.0,2.0,0.0,0.0,0.0,1.0,2.0,10683.0,1530.0,7756.0,1064.0,0.73,0.0,0.7,0.0,37.19513513513514,0,1.0,0.0,0.0,0.0,0.0,0.0,0.0,0.0
WI,2022-10-22,2022,42,115,5.0,0.0,11.0,0.0,0.0,0.0,1.0,2.0,10449.0,1527.0,7607.0,1051.0,0.73,0.0,0.69,0.0,37.19513513513514,0,1.0,1.0,2.0,0.0,0.0,0.0,0.0,0.0
WI,2022-10-29,2022,43,116,7.0,0.0,15.0,0.0,0.0,0.0,1.0,2.0,10758.0,1572.0,8017.0,1147.0,0.75,0.0,0.73,0.0,37.19513513513514,0,5.0,1.0,0.0,3.0,0.0,0.0,0.0,0.0
WI,2022-11-05,2022,44,117,18.0,2.0,33.0,0.0,0.0,0.0,1.0,2.0,10780.0,1567.0,7946.0,1130.0,0.74,0.0,0.72,0.0,37.19513513513514,0,7.0,5.0,1.0,1.0,0.0,0.0,0.0,0.0
WI,2022-11-12,2022,45,118,20.0,2.0,45.0,0.0,0.0,0.0,1.0,2.0,10784.0,1559.0,7956.0,1122.0,0.74,0.0,0.72,0.0,37.19513513513514,0,18.0,7.0,1.0,0.0,0.0,0.0,0.0,0.0
WI,2022-11-19,2022,46,119,28.0,4.0,88.0,0.0,0.0,0.0,1.0,2.0,10896.0,1602.0,8071.0,1168.0,0.74,0.0,0.73,0.0,37.19513513513514,0,20.0,18.0,5.0,2.0,0.0,0.0,0.0,0.0
WI,2022-11-26,2022,47,120,89.0,16.0,235.0,0.0,0.0,0.0,1.0,2.0,10889.0,1590.0,7776.0,1113.0,0.71,0.01,0.7,0.01,37.19513513513514,1,28.0,20.0,7.0,0.0,0.0,0.0,0.0,0.0
WI,2022-12-03,2022,48,121,236.0,32.0,459.0,0.0,0.0,0.0,1.0,2.0,10944.0,1620.0,8359.0,1217.0,0.76,0.02,0.75,0.02,37.19513513513514,1,89.0,28.0,18.0,1.0,0.01,0.0,0.0,0.0
WI,2022-12-10,2022,49,122,283.0,45.0,479.0,0.0,0.0,0.0,1.0,2.0,10862.0,1605.0,8284.0,1185.0,0.76,0.03,0.74,0.03,37.19513513513514,1,236.0,89.0,20.0,1.0,0.02,0.01,0.0,0.0
WI,2022-12-17,2022,50,123,319.0,56.0,483.0,0.0,0.0,0.0,1.0,2.0,10843.0,1590.0,8243.0,1167.0,0.76,0.03,0.73,0.04,37.19513513513514,1,283.0,236.0,28.0,5.0,0.03,0.02,0.0,0.0
WI,2022-12-24,2022,51,124,329.0,46.0,458.0,0.0,0.0,0.0,1.0,2.0,10802.0,1590.0,7957.0,1159.0,0.74,0.03,0.73,0.03,37.19513513513514,1,319.0,283.0,89.0,7.0,0.03,0.03,0.01,0.0
WI,2022-12-31,2022,52,125,291.0,52.0,484.0,0.0,0.0,0.0,1.0,2.0,10764.0,1588.0,7824.0,1167.0,0.73,0.03,0.74,0.03,37.19513513513514,1,329.0,319.0,236.0,18.0,0.03,0.03,0.02,0.0
WV,2020-10-03,2020,40,8,2.0,0.0,4.0,0.0,0.0,0.0,0.0,0.0,5593.0,847.0,3927.0,600.0,0.7,0.0,0.71,0.0,35.59353233830846,0,2.0,2.0,2.0,2.0,0.0,0.0,0.0,0.0
WV,2020-10-10,2020,41,9,2.0,0.0,4.0,0.0,0.0,0.0,0.0,0.0,5567.0,840.0,3859.0,599.0,0.69,0.0,0.71,0.0,35.59353233830846,0,2.0,2.0,2.0,2.0,0.0,0.0,0.0,0.0
WV,2020-10-17,2020,42,10,2.0,0.0,4.0,0.0,0.0,0.0,0.0,0.0,5561.0,843.0,3926.0,601.0,0.71,0.0,0.71,0.0,35.59353233830846,0,2.0,2.0,2.0,2.0,0.0,0.0,0.0,0.0
WV,2020-10-24,2020,43,11,0.0,0.0,0.0,0.0,0.0,0.0,0.0,0.0,5570.0,846.0,3890.0,589.0,0.7,0.0,0.7,0.0,35.59353233830846,0,2.0,2.0,2.0,2.0,0.0,0.0,0.0,0.0
WV,2020-10-31,2020,44,12,0.0,0.0,1.0,0.0,0.0,0.0,0.0,0.0,5603.0,841.0,3880.0,591.0,0.69,0.0,0.7,0.0,35.59353233830846,0,0.0,2.0,2.0,2.0,0.0,0.0,0.0,0.0
WV,2020-11-07,2020,45,13,1.0,1.0,2.0,0.0,0.0,0.0,0.0,0.0,5403.0,846.0,3882.0,601.0,0.72,0.0,0.71,0.0,35.59353233830846,0,0.0,0.0,2.0,2.0,0.0,0.0,0.0,0.0
WV,2020-11-14,2020,46,14,2.0,1.0,1.0,0.0,0.0,0.0,0.0,0.0,5345.0,846.0,3978.0,631.0,0.74,0.0,0.75,0.0,35.59353233830846,0,1.0,0.0,2.0,2.0,0.0,0.0,0.0,0.0
WV,2020-11-21,2020,47,15,2.0,0.0,7.0,0.0,0.0,0.0,0.0,0.0,5357.0,841.0,3906.0,620.0,0.73,0.0,0.74,0.0,35.59353233830846,0,2.0,1.0,0.0,2.0,0.0,0.0,0.0,0.0
WV,2020-11-28,2020,48,16,4.0,0.0,4.0,0.0,0.0,0.0,0.0,0.0,5297.0,837.0,3755.0,604.0,0.71,0.0,0.72,0.0,35.59353233830846,0,2.0,2.0,0.0,2.0,0.0,0.0,0.0,0.0
WV,2020-12-05,2020,49,17,4.0,1.0,9.0,0.0,0.0,0.0,0.0,0.0,5310.0,843.0,3993.0,639.0,0.75,0.0,0.76,0.0,35.59353233830846,0,4.0,2.0,1.0,2.0,0.0,0.0,0.0,0.0
WV,2020-12-12,2020,50,18,4.0,1.0,2.0,0.0,0.0,0.0,0.0,0.0,5304.0,850.0,3979.0,663.0,0.75,0.0,0.78,0.0,35.59353233830846,0,4.0,4.0,2.0,2.0,0.0,0.0,0.0,0.0
WV,2020-12-19,2020,51,19,2.0,1.0,5.0,0.0,0.0,0.0,0.0,0.0,5281.0,849.0,3970.0,650.0,0.75,0.0,0.77,0.0,35.59353233830846,0,4.0,4.0,2.0,0.0,0.0,0.0,0.0,0.0
WV,2020-12-26,2020,52,20,2.0,0.0,5.0,0.0,0.0,0.0,0.0,0.0,5276.0,848.0,3703.0,641.0,0.7,0.0,0.76,0.0,35.59353233830846,0,2.0,4.0,4.0,0.0,0.0,0.0,0.0,0.0
WV,2021-01-02,2021,53,21,2.0,0.0,4.0,0.0,0.0,0.0,0.0,0.0,5293.0,849.0,3860.0,659.0,0.73,0.0,0.78,0.0,32.83837209302325,0,2.0,2.0,4.0,1.0,0.0,0.0,0.0,0.0
WV,2021-01-09,2021,1,22,3.0,0.0,6.0,0.0,0.0,0.0,0.0,0.0,5255.0,853.0,4038.0,675.0,0.77,0.0,0.79,0.0,32.83837209302325,0,2.0,2.0,4.0,2.0,0.0,0.0,0.0,0.0
WV,2021-01-16,2021,2,23,2.0,0.0,0.0,0.0,0.0,0.0,0.0,0.0,5240.0,853.0,4023.0,656.0,0.77,0.0,0.77,0.0,32.83837209302325,0,3.0,2.0,2.0,2.0,0.0,0.0,0.0,0.0
WV,2021-01-23,2021,3,24,0.0,0.0,0.0,0.0,0.0,0.0,0.0,0.0,5278.0,856.0,4020.0,660.0,0.76,0.0,0.77,0.0,32.83837209302325,0,2.0,3.0,2.0,4.0,0.0,0.0,0.0,0.0
WV,2021-01-30,2021,4,25,0.0,0.0,0.0,0.0,0.0,0.0,0.0,0.0,5267.0,858.0,3996.0,660.0,0.76,0.0,0.77,0.0,32.83837209302325,0,0.0,2.0,2.0,4.0,0.0,0.0,0.0,0.0
WV,2021-02-06,2021,5,26,2.0,0.0,0.0,0.0,0.0,0.0,0.0,0.0,5267.0,857.0,3914.0,636.0,0.74,0.0,0.74,0.0,32.83837209302325,0,0.0,0.0,3.0,4.0,0.0,0.0,0.0,0.0
WV,2021-02-13,2021,6,27,0.0,0.0,0.0,0.0,0.0,0.0,0.0,0.0,5260.0,857.0,3869.0,617.0,0.74,0.0,0.72,0.0,32.83837209302325,0,2.0,0.0,2.0,2.0,0.0,0.0,0.0,0.0
WV,2021-02-20,2021,7,28,0.0,0.0,0.0,0.0,0.0,0.0,0.0,0.0,5238.0,857.0,3766.0,601.0,0.72,0.0,0.7,0.0,32.83837209302325,0,0.0,2.0,0.0,2.0,0.0,0.0,0.0,0.0
WV,2021-02-27,2021,8,29,0.0,0.0,0.0,0.0,0.0,0.0,0.0,0.0,5270.0,853.0,3904.0,605.0,0.74,0.0,0.71,0.0,32.83837209302325,0,0.0,0.0,0.0,2.0,0.0,0.0,0.0,0.0
WV,2021-03-06,2021,9,30,0.0,0.0,0.0,0.0,0.0,0.0,0.0,0.0,5302.0,854.0,3902.0,600.0,0.74,0.0,0.7,0.0,32.83837209302325,0,0.0,0.0,2.0,3.0,0.0,0.0,0.0,0.0
WV,2021-03-13,2021,10,31,0.0,0.0,1.0,0.0,0.0,0.0,0.0,0.0,5241.0,853.0,3913.0,591.0,0.75,0.0,0.69,0.0,32.83837209302325,0,0.0,0.0,0.0,2.0,0.0,0.0,0.0,0.0
WV,2021-03-20,2021,11,32,0.0,0.0,0.0,0.0,0.0,0.0,0.0,0.0,5238.0,848.0,3889.0,611.0,0.74,0.0,0.72,0.0,32.83837209302325,0,0.0,0.0,0.0,0.0,0.0,0.0,0.0,0.0
WV,2021-03-27,2021,12,33,0.0,0.0,0.0,0.0,0.0,0.0,0.0,0.0,5257.0,837.0,3965.0,607.0,0.75,0.0,0.73,0.0,32.83837209302325,0,0.0,0.0,0.0,0.0,0.0,0.0,0.0,0.0
WV,2021-04-03,2021,13,34,0.0,0.0,0.0,0.0,0.0,0.0,0.0,0.0,5253.0,827.0,3863.0,605.0,0.74,0.0,0.73,0.0,32.83837209302325,0,0.0,0.0,0.0,2.0,0.0,0.0,0.0,0.0
WV,2021-04-10,2021,14,35,0.0,0.0,0.0,0.0,0.0,0.0,0.0,0.0,5214.0,834.0,3802.0,584.0,0.73,0.0,0.7,0.0,32.83837209302325,0,0.0,0.0,0.0,0.0,0.0,0.0,0.0,0.0
WV,2021-04-17,2021,15,36,0.0,0.0,0.0,0.0,0.0,0.0,0.0,0.0,5236.0,830.0,3973.0,584.0,0.76,0.0,0.7,0.0,32.83837209302325,0,0.0,0.0,0.0,0.0,0.0,0.0,0.0,0.0
WV,2021-04-24,2021,16,37,1.0,0.0,1.0,0.0,0.0,0.0,0.0,0.0,5221.0,831.0,3925.0,593.0,0.75,0.0,0.71,0.0,32.83837209302325,0,0.0,0.0,0.0,0.0,0.0,0.0,0.0,0.0
WV,2021-05-01,2021,17,38,0.0,0.0,0.0,0.0,0.0,0.0,0.0,0.0,5230.0,836.0,3939.0,606.0,0.75,0.0,0.73,0.0,32.83837209302325,0,1.0,0.0,0.0,0.0,0.0,0.0,0.0,0.0
WV,2021-05-08,2021,18,39,0.0,0.0,1.0,0.0,0.0,0.0,0.0,0.0,5228.0,835.0,3943.0,615.0,0.75,0.0,0.74,0.0,32.83837209302325,0,0.0,1.0,0.0,0.0,0.0,0.0,0.0,0.0
WV,2021-05-15,2021,19,40,1.0,0.0,2.0,0.0,0.0,0.0,0.0,0.0,5233.0,840.0,3928.0,610.0,0.75,0.0,0.73,0.0,32.83837209302325,0,0.0,0.0,0.0,0.0,0.0,0.0,0.0,0.0
WV,2021-05-22,2021,20,41,1.0,0.0,1.0,0.0,0.0,0.0,0.0,0.0,5236.0,835.0,3925.0,622.0,0.75,0.0,0.75,0.0,32.83837209302325,0,1.0,0.0,1.0,0.0,0.0,0.0,0.0,0.0
WV,2021-05-29,2021,21,42,0.0,0.0,0.0,0.0,0.0,0.0,0.0,0.0,5265.0,837.0,3984.0,615.0,0.76,0.0,0.73,0.0,32.83837209302325,0,1.0,1.0,0.0,0.0,0.0,0.0,0.0,0.0
WV,2021-06-05,2021,22,43,0.0,0.0,0.0,0.0,0.0,0.0,0.0,0.0,5256.0,840.0,3906.0,610.0,0.74,0.0,0.73,0.0,32.83837209302325,0,0.0,1.0,0.0,0.0,0.0,0.0,0.0,0.0
WV,2021-06-12,2021,23,44,0.0,0.0,0.0,0.0,0.0,0.0,0.0,0.0,5284.0,836.0,3931.0,607.0,0.74,0.0,0.73,0.0,32.83837209302325,0,0.0,0.0,1.0,0.0,0.0,0.0,0.0,0.0
WV,2021-06-19,2021,24,45,0.0,0.0,0.0,0.0,0.0,0.0,0.0,0.0,5265.0,833.0,3958.0,593.0,0.75,0.0,0.71,0.0,32.83837209302325,0,0.0,0.0,1.0,1.0,0.0,0.0,0.0,0.0
WV,2021-06-26,2021,25,46,0.0,0.0,0.0,0.0,0.0,0.0,0.0,0.0,5224.0,835.0,3920.0,592.0,0.75,0.0,0.71,0.0,32.83837209302325,0,0.0,0.0,0.0,0.0,0.0,0.0,0.0,0.0
WV,2021-07-03,2021,26,47,0.0,0.0,0.0,0.0,0.0,0.0,0.0,0.0,5251.0,840.0,3959.0,603.0,0.75,0.0,0.72,0.0,32.83837209302325,0,0.0,0.0,0.0,0.0,0.0,0.0,0.0,0.0
WV,2021-07-10,2021,27,48,1.0,0.0,0.0,0.0,0.0,0.0,0.0,0.0,5421.0,841.0,3916.0,593.0,0.72,0.0,0.7,0.0,32.83837209302325,0,0.0,0.0,0.0,1.0,0.0,0.0,0.0,0.0
WV,2021-07-17,2021,28,49,0.0,0.0,1.0,0.0,0.0,0.0,0.0,0.0,5446.0,839.0,3974.0,612.0,0.73,0.0,0.73,0.0,32.83837209302325,0,1.0,0.0,0.0,1.0,0.0,0.0,0.0,0.0
WV,2021-07-24,2021,29,50,0.0,0.0,0.0,0.0,0.0,0.0,0.0,0.0,5457.0,838.0,3967.0,610.0,0.73,0.0,0.73,0.0,32.83837209302325,0,0.0,1.0,0.0,0.0,0.0,0.0,0.0,0.0
WV,2021-07-31,2021,30,51,0.0,0.0,0.0,0.0,0.0,0.0,0.0,0.0,5477.0,839.0,4018.0,645.0,0.73,0.0,0.77,0.0,32.83837209302325,0,0.0,0.0,0.0,0.0,0.0,0.0,0.0,0.0
WV,2021-08-07,2021,31,52,0.0,0.0,0.0,0.0,0.0,0.0,0.0,0.0,5515.0,849.0,4033.0,636.0,0.73,0.0,0.75,0.0,32.83837209302325,0,0.0,0.0,1.0,0.0,0.0,0.0,0.0,0.0
WV,2021-08-14,2021,32,53,0.0,0.0,0.0,0.0,0.0,0.0,0.0,0.0,5514.0,850.0,3985.0,629.0,0.72,0.0,0.74,0.0,32.83837209302325,0,0.0,0.0,0.0,0.0,0.0,0.0,0.0,0.0
WV,2021-08-21,2021,33,54,0.0,0.0,0.0,0.0,0.0,0.0,0.0,0.0,5486.0,848.0,4062.0,635.0,0.74,0.0,0.75,0.0,32.83837209302325,0,0.0,0.0,0.0,0.0,0.0,0.0,0.0,0.0
WV,2021-08-28,2021,34,55,0.0,0.0,0.0,0.0,0.0,0.0,0.0,0.0,5458.0,852.0,4142.0,646.0,0.76,0.0,0.76,0.0,32.83837209302325,0,0.0,0.0,0.0,0.0,0.0,0.0,0.0,0.0
WV,2021-09-04,2021,35,56,0.0,0.0,0.0,0.0,0.0,0.0,0.0,0.0,5458.0,862.0,4132.0,685.0,0.76,0.0,0.8,0.0,32.83837209302325,0,0.0,0.0,0.0,1.0,0.0,0.0,0.0,0.0
WV,2021-09-11,2021,36,57,0.0,0.0,0.0,0.0,0.0,0.0,0.0,0.0,5423.0,859.0,4073.0,703.0,0.75,0.0,0.82,0.0,32.83837209302325,0,0.0,0.0,0.0,0.0,0.0,0.0,0.0,0.0
WV,2021-09-18,2021,37,58,1.0,1.0,0.0,0.0,0.0,0.0,0.0,0.0,5151.0,853.0,4088.0,704.0,0.79,0.0,0.83,0.0,32.83837209302325,0,0.0,0.0,0.0,0.0,0.0,0.0,0.0,0.0
WV,2021-09-25,2021,38,59,1.0,0.0,2.0,0.0,0.0,0.0,0.0,0.0,5085.0,857.0,4072.0,709.0,0.8,0.0,0.83,0.0,32.83837209302325,0,1.0,0.0,0.0,0.0,0.0,0.0,0.0,0.0
WV,2021-10-02,2021,39,60,1.0,1.0,2.0,0.0,0.0,0.0,0.0,0.0,5097.0,855.0,4084.0,710.0,0.8,0.0,0.83,0.0,32.83837209302325,0,1.0,1.0,0.0,0.0,0.0,0.0,0.0,0.0
WV,2021-10-09,2021,40,61,3.0,1.0,2.0,0.0,0.0,0.0,0.0,0.0,5057.0,840.0,4086.0,685.0,0.81,0.0,0.82,0.0,32.83837209302325,0,1.0,1.0,0.0,0.0,0.0,0.0,0.0,0.0
WV,2021-10-16,2021,41,62,2.0,1.0,0.0,0.0,0.0,0.0,0.0,0.0,5068.0,822.0,4026.0,644.0,0.79,0.0,0.78,0.0,32.83837209302325,0,3.0,1.0,1.0,0.0,0.0,0.0,0.0,0.0
WV,2021-10-23,2021,42,63,2.0,0.0,2.0,0.0,0.0,0.0,0.0,0.0,5080.0,811.0,3995.0,625.0,0.79,0.0,0.77,0.0,32.83837209302325,0,2.0,3.0,1.0,0.0,0.0,0.0,0.0,0.0
WV,2021-10-30,2021,43,64,1.0,0.0,0.0,0.0,0.0,0.0,0.0,0.0,5043.0,811.0,3984.0,616.0,0.79,0.0,0.76,0.0,32.83837209302325,0,2.0,2.0,1.0,0.0,0.0,0.0,0.0,0.0
WV,2021-11-06,2021,44,65,1.0,1.0,0.0,0.0,0.0,0.0,0.0,0.0,5068.0,800.0,3972.0,623.0,0.78,0.0,0.78,0.0,32.83837209302325,0,1.0,2.0,3.0,0.0,0.0,0.0,0.0,0.0
WV,2021-11-13,2021,45,66,3.0,1.0,3.0,0.0,0.0,0.0,0.0,0.0,5081.0,800.0,4069.0,633.0,0.8,0.0,0.79,0.0,32.83837209302325,0,1.0,1.0,2.0,1.0,0.0,0.0,0.0,0.0
WV,2021-11-20,2021,46,67,1.0,0.0,0.0,0.0,0.0,0.0,0.0,0.0,5104.0,796.0,4027.0,626.0,0.79,0.0,0.79,0.0,32.83837209302325,0,3.0,1.0,2.0,1.0,0.0,0.0,0.0,0.0
WV,2021-11-27,2021,47,68,2.0,0.0,2.0,0.0,0.0,0.0,0.0,0.0,5070.0,821.0,3739.0,622.0,0.74,0.0,0.76,0.0,32.83837209302325,0,1.0,3.0,1.0,1.0,0.0,0.0,0.0,0.0
WV,2021-12-04,2021,48,69,2.0,0.0,4.0,0.0,0.0,0.0,0.0,0.0,5000.0,806.0,4059.0,647.0,0.81,0.0,0.8,0.0,32.83837209302325,0,2.0,1.0,1.0,3.0,0.0,0.0,0.0,0.0
WV,2021-12-11,2021,49,70,5.0,1.0,28.0,0.0,0.0,0.0,0.0,0.0,4963.0,790.0,4108.0,642.0,0.83,0.0,0.81,0.0,32.83837209302325,0,2.0,2.0,3.0,2.0,0.0,0.0,0.0,0.0
WV,2021-12-18,2021,50,71,9.0,0.0,4.0,0.0,0.0,0.0,0.0,0.0,4940.0,792.0,4100.0,638.0,0.83,0.0,0.81,0.0,32.83837209302325,0,5.0,2.0,1.0,2.0,0.0,0.0,0.0,0.0
WV,2021-12-25,2021,51,72,11.0,2.0,17.0,0.0,0.0,0.0,0.0,0.0,4867.0,795.0,3758.0,619.0,0.77,0.0,0.78,0.0,32.83837209302325,0,9.0,5.0,2.0,1.0,0.0,0.0,0.0,0.0
WV,2022-01-01,2022,52,73,17.0,4.0,17.0,0.0,0.0,0.0,0.0,0.0,4840.0,793.0,3797.0,620.0,0.78,0.0,0.78,0.0,32.05780346820809,0,11.0,9.0,2.0,1.0,0.0,0.0,0.0,0.0
WV,2022-01-08,2022,1,74,16.0,4.0,12.0,0.0,0.0,0.0,0.0,0.0,4871.0,798.0,4070.0,636.0,0.84,0.0,0.8,0.01,32.05780346820809,0,17.0,11.0,5.0,3.0,0.0,0.0,0.0,0.0
WV,2022-01-15,2022,2,75,12.0,2.0,4.0,0.0,0.0,0.0,0.0,0.0,4833.0,784.0,4011.0,620.0,0.83,0.0,0.79,0.0,32.05780346820809,0,16.0,17.0,9.0,1.0,0.0,0.0,0.0,0.0
WV,2022-01-22,2022,3,76,10.0,2.0,7.0,0.0,0.0,0.0,0.0,0.0,4778.0,779.0,3938.0,607.0,0.82,0.0,0.78,0.0,32.05780346820809,0,12.0,16.0,11.0,2.0,0.0,0.0,0.0,0.0
WV,2022-01-29,2022,4,77,7.0,1.0,2.0,0.0,0.0,0.0,0.0,0.0,4794.0,756.0,4032.0,599.0,0.84,0.0,0.79,0.0,32.05780346820809,0,10.0,12.0,17.0,2.0,0.0,0.0,0.0,0.0
WV,2022-02-05,2022,5,78,5.0,0.0,7.0,0.0,0.0,0.0,0.0,0.0,4802.0,746.0,4045.0,596.0,0.84,0.0,0.8,0.0,32.05780346820809,0,7.0,10.0,16.0,5.0,0.0,0.0,0.0,0.0
WV,2022-02-12,2022,6,79,4.0,0.0,2.0,0.0,0.0,0.0,0.0,0.0,4765.0,743.0,3999.0,591.0,0.84,0.0,0.8,0.0,32.05780346820809,0,5.0,7.0,12.0,9.0,0.0,0.0,0.0,0.0
WV,2022-02-19,2022,7,80,4.0,0.0,4.0,0.0,0.0,0.0,0.0,0.0,4774.0,749.0,3983.0,585.0,0.83,0.0,0.78,0.0,32.05780346820809,0,4.0,5.0,10.0,11.0,0.0,0.0,0.0,0.0
WV,2022-02-26,2022,8,81,7.0,1.0,8.0,0.0,0.0,0.0,0.0,0.0,4842.0,752.0,3959.0,599.0,0.82,0.0,0.8,0.0,32.05780346820809,0,4.0,4.0,7.0,17.0,0.0,0.0,0.0,0.0
WV,2022-03-05,2022,9,82,12.0,1.0,21.0,0.0,0.0,0.0,0.0,0.0,4840.0,743.0,3917.0,568.0,0.81,0.0,0.76,0.0,32.05780346820809,0,7.0,4.0,5.0,16.0,0.0,0.0,0.0,0.0
WV,2022-03-12,2022,10,83,14.0,2.0,21.0,0.0,0.0,0.0,0.0,0.0,4829.0,756.0,3919.0,581.0,0.81,0.0,0.77,0.0,32.05780346820809,0,12.0,7.0,4.0,12.0,0.0,0.0,0.0,0.0
WV,2022-03-19,2022,11,84,26.0,3.0,43.0,0.0,0.0,0.0,0.0,0.0,4835.0,742.0,3829.0,565.0,0.79,0.01,0.76,0.0,32.05780346820809,0,14.0,12.0,4.0,10.0,0.0,0.0,0.0,0.0
WV,2022-03-26,2022,12,85,27.0,3.0,19.0,0.0,0.0,0.0,0.0,0.0,4856.0,730.0,3852.0,576.0,0.79,0.01,0.79,0.0,32.05780346820809,0,26.0,14.0,7.0,7.0,0.01,0.0,0.0,0.0
WV,2022-04-02,2022,13,86,23.0,1.0,37.0,0.0,0.0,0.0,0.0,0.0,4849.0,734.0,3773.0,550.0,0.78,0.0,0.75,0.0,32.05780346820809,0,27.0,26.0,12.0,5.0,0.01,0.01,0.0,0.0
WV,2022-04-09,2022,14,87,27.0,4.0,36.0,0.0,0.0,0.0,0.0,0.0,4851.0,713.0,3728.0,541.0,0.77,0.01,0.76,0.01,32.05780346820809,0,23.0,27.0,14.0,4.0,0.0,0.01,0.0,0.0
WV,2022-04-16,2022,15,88,30.0,5.0,43.0,0.0,0.0,0.0,0.0,0.0,4949.0,718.0,3775.0,551.0,0.76,0.01,0.77,0.01,32.05780346820809,0,27.0,23.0,26.0,4.0,0.01,0.0,0.01,0.0
WV,2022-04-23,2022,16,89,28.0,2.0,39.0,0.0,0.0,0.0,0.0,0.0,4860.0,718.0,3712.0,544.0,0.76,0.01,0.76,0.0,32.05780346820809,0,30.0,27.0,27.0,7.0,0.01,0.01,0.01,0.0
WV,2022-04-30,2022,17,90,26.0,3.0,35.0,0.0,0.0,0.0,0.0,0.0,4889.0,724.0,3850.0,545.0,0.79,0.01,0.75,0.0,32.05780346820809,0,28.0,30.0,23.0,12.0,0.01,0.01,0.0,0.0
WV,2022-05-07,2022,18,91,17.0,3.0,18.0,0.0,0.0,0.0,0.0,0.0,4905.0,721.0,3774.0,534.0,0.77,0.0,0.74,0.0,32.05780346820809,0,26.0,28.0,27.0,14.0,0.01,0.01,0.01,0.0
WV,2022-05-14,2022,19,92,16.0,2.0,16.0,0.0,0.0,0.0,0.0,0.0,4828.0,704.0,3712.0,538.0,0.77,0.0,0.76,0.0,32.05780346820809,0,17.0,26.0,30.0,26.0,0.0,0.01,0.01,0.01
WV,2022-05-21,2022,20,93,9.0,3.0,12.0,0.0,0.0,0.0,0.0,0.0,4796.0,712.0,3755.0,552.0,0.78,0.0,0.78,0.0,32.05780346820809,0,16.0,17.0,28.0,27.0,0.0,0.0,0.01,0.01
WV,2022-05-28,2022,21,94,8.0,4.0,5.0,0.0,0.0,0.0,0.0,0.0,4806.0,719.0,3763.0,543.0,0.78,0.0,0.75,0.01,32.05780346820809,0,9.0,16.0,26.0,23.0,0.0,0.0,0.01,0.0
WV,2022-06-04,2022,22,95,4.0,1.0,5.0,0.0,0.0,0.0,0.0,0.0,4792.0,708.0,3708.0,537.0,0.77,0.0,0.76,0.0,32.05780346820809,0,8.0,9.0,17.0,27.0,0.0,0.0,0.0,0.01
WV,2022-06-11,2022,23,96,6.0,1.0,12.0,0.0,0.0,0.0,0.0,0.0,4781.0,715.0,3808.0,564.0,0.8,0.0,0.79,0.0,32.05780346820809,0,4.0,8.0,16.0,30.0,0.0,0.0,0.0,0.01
WV,2022-06-18,2022,24,97,5.0,1.0,6.0,0.0,0.0,0.0,0.0,0.0,4780.0,727.0,3783.0,558.0,0.79,0.0,0.77,0.0,32.05780346820809,0,6.0,4.0,9.0,28.0,0.0,0.0,0.0,0.01
WV,2022-06-25,2022,25,98,3.0,0.0,5.0,0.0,0.0,0.0,0.0,0.0,4751.0,722.0,3753.0,554.0,0.79,0.0,0.77,0.0,32.05780346820809,0,5.0,6.0,8.0,26.0,0.0,0.0,0.0,0.01
WV,2022-07-02,2022,26,99,1.0,0.0,1.0,0.0,0.0,0.0,0.0,0.0,4748.0,723.0,3693.0,547.0,0.78,0.0,0.76,0.0,32.05780346820809,0,3.0,5.0,4.0,17.0,0.0,0.0,0.0,0.0
WV,2022-07-09,2022,27,100,2.0,1.0,6.0,0.0,0.0,0.0,0.0,0.0,4742.0,737.0,3659.0,559.0,0.77,0.0,0.76,0.0,32.05780346820809,0,1.0,3.0,6.0,16.0,0.0,0.0,0.0,0.0
WV,2022-07-16,2022,28,101,3.0,0.0,6.0,0.0,0.0,0.0,0.0,0.0,4778.0,719.0,3831.0,549.0,0.8,0.0,0.76,0.0,32.05780346820809,0,2.0,1.0,5.0,9.0,0.0,0.0,0.0,0.0
WV,2022-07-23,2022,29,102,2.0,1.0,1.0,0.0,0.0,0.0,0.0,0.0,4796.0,719.0,3817.0,550.0,0.8,0.0,0.76,0.0,32.05780346820809,0,3.0,2.0,3.0,8.0,0.0,0.0,0.0,0.0
WV,2022-07-30,2022,30,103,0.0,0.0,0.0,0.0,0.0,0.0,0.0,0.0,4798.0,721.0,3810.0,549.0,0.79,0.0,0.76,0.0,32.05780346820809,0,2.0,3.0,1.0,4.0,0.0,0.0,0.0,0.0
WV,2022-08-06,2022,31,104,0.0,0.0,0.0,0.0,0.0,0.0,0.0,0.0,4829.0,730.0,3840.0,566.0,0.8,0.0,0.77,0.0,32.05780346820809,0,0.0,2.0,2.0,6.0,0.0,0.0,0.0,0.0
WV,2022-08-13,2022,32,105,0.0,0.0,0.0,0.0,0.0,0.0,0.0,0.0,4804.0,709.0,3826.0,545.0,0.8,0.0,0.77,0.0,32.05780346820809,0,0.0,0.0,3.0,5.0,0.0,0.0,0.0,0.0
WV,2022-08-20,2022,33,106,2.0,1.0,1.0,0.0,0.0,0.0,0.0,0.0,4798.0,721.0,3815.0,549.0,0.8,0.0,0.76,0.0,32.05780346820809,0,0.0,0.0,2.0,3.0,0.0,0.0,0.0,0.0
WV,2022-08-27,2022,34,107,2.0,0.0,0.0,0.0,0.0,0.0,0.0,0.0,4815.0,714.0,3832.0,541.0,0.8,0.0,0.76,0.0,32.05780346820809,0,2.0,0.0,0.0,1.0,0.0,0.0,0.0,0.0
WV,2022-09-03,2022,35,108,0.0,0.0,0.0,0.0,0.0,0.0,0.0,0.0,4855.0,730.0,3882.0,574.0,0.8,0.0,0.79,0.0,32.05780346820809,0,2.0,2.0,0.0,2.0,0.0,0.0,0.0,0.0
WV,2022-09-10,2022,36,109,0.0,0.0,0.0,0.0,0.0,0.0,0.0,0.0,4814.0,730.0,3831.0,560.0,0.8,0.0,0.77,0.0,32.05780346820809,0,0.0,2.0,0.0,3.0,0.0,0.0,0.0,0.0
WV,2022-09-17,2022,37,110,1.0,1.0,1.0,0.0,0.0,0.0,0.0,0.0,4837.0,718.0,3913.0,569.0,0.81,0.0,0.79,0.0,32.05780346820809,0,0.0,0.0,2.0,2.0,0.0,0.0,0.0,0.0
WV,2022-09-24,2022,38,111,1.0,0.0,1.0,0.0,0.0,0.0,0.0,0.0,4850.0,727.0,3908.0,569.0,0.81,0.0,0.78,0.0,32.05780346820809,0,1.0,0.0,2.0,0.0,0.0,0.0,0.0,0.0
WV,2022-10-01,2022,39,112,1.0,0.0,1.0,0.0,0.0,0.0,0.0,0.0,4848.0,725.0,3812.0,553.0,0.79,0.0,0.76,0.0,32.05780346820809,0,1.0,1.0,0.0,0.0,0.0,0.0,0.0,0.0
WV,2022-10-08,2022,40,113,1.0,0.0,5.0,0.0,0.0,0.0,0.0,0.0,4819.0,705.0,3859.0,533.0,0.8,0.0,0.76,0.0,32.05780346820809,0,1.0,1.0,0.0,0.0,0.0,0.0,0.0,0.0
WV,2022-10-15,2022,41,114,2.0,0.0,11.0,0.0,0.0,0.0,0.0,0.0,4806.0,727.0,3847.0,572.0,0.8,0.0,0.79,0.0,32.05780346820809,0,1.0,1.0,1.0,2.0,0.0,0.0,0.0,0.0
WV,2022-10-22,2022,42,115,8.0,1.0,15.0,0.0,0.0,0.0,0.0,0.0,4849.0,710.0,3978.0,555.0,0.82,0.0,0.78,0.0,32.05780346820809,0,2.0,1.0,1.0,2.0,0.0,0.0,0.0,0.0
WV,2022-10-29,2022,43,116,30.0,5.0,56.0,0.0,0.0,0.0,0.0,0.0,4826.0,712.0,3954.0,556.0,0.82,0.01,0.78,0.01,32.05780346820809,0,8.0,2.0,1.0,0.0,0.0,0.0,0.0,0.0
WV,2022-11-05,2022,44,117,44.0,9.0,89.0,0.0,0.0,0.0,0.0,0.0,4714.0,690.0,3859.0,533.0,0.82,0.01,0.77,0.01,32.05780346820809,0,30.0,8.0,1.0,0.0,0.01,0.0,0.0,0.0
WV,2022-11-12,2022,45,118,71.0,14.0,127.0,0.0,0.0,0.0,0.0,0.0,4741.0,636.0,3887.0,493.0,0.82,0.02,0.77,0.02,32.05780346820809,1,44.0,30.0,2.0,1.0,0.01,0.01,0.0,0.0
WV,2022-11-19,2022,46,119,98.0,19.0,136.0,0.0,0.0,0.0,0.0,0.0,4751.0,638.0,3889.0,500.0,0.82,0.02,0.78,0.03,32.05780346820809,1,71.0,44.0,8.0,1.0,0.02,0.01,0.0,0.0
WV,2022-11-26,2022,47,120,136.0,24.0,189.0,0.0,0.0,0.0,0.0,0.0,4665.0,663.0,3684.0,516.0,0.79,0.03,0.78,0.04,32.05780346820809,1,98.0,71.0,30.0,1.0,0.02,0.02,0.01,0.0
WV,2022-12-03,2022,48,121,228.0,34.0,318.0,0.0,0.0,0.0,0.0,0.0,4776.0,650.0,4016.0,528.0,0.84,0.05,0.81,0.05,32.05780346820809,1,136.0,98.0,44.0,1.0,0.03,0.02,0.01,0.0
WV,2022-12-10,2022,49,122,212.0,28.0,246.0,0.0,0.0,0.0,0.0,0.0,4804.0,649.0,4064.0,536.0,0.85,0.04,0.83,0.04,32.05780346820809,1,228.0,136.0,71.0,2.0,0.05,0.03,0.02,0.0
WV,2022-12-17,2022,50,123,181.0,31.0,199.0,0.0,0.0,0.0,0.0,0.0,4828.0,656.0,4016.0,515.0,0.83,0.04,0.79,0.05,32.05780346820809,1,212.0,228.0,98.0,8.0,0.04,0.05,0.02,0.0
WV,2022-12-24,2022,51,124,149.0,25.0,155.0,0.0,0.0,0.0,0.0,0.0,4752.0,655.0,3790.0,502.0,0.8,0.03,0.77,0.04,32.05780346820809,1,181.0,212.0,136.0,30.0,0.04,0.04,0.03,0.01
WV,2022-12-31,2022,52,125,148.0,18.0,172.0,0.0,0.0,0.0,0.0,0.0,4656.0,635.0,3620.0,488.0,0.78,0.03,0.77,0.03,32.05780346820809,1,149.0,181.0,228.0,44.0,0.03,0.04,0.05,0.01
WY,2020-10-03,2020,40,8,1.0,0.0,1.0,0.0,0.0,0.0,0.0,0.5,1526.0,141.0,561.0,45.0,0.37,0.0,0.32,0.0,32.8678391959799,0,1.0,1.0,1.0,1.0,0.0,0.0,0.0,0.0
WY,2020-10-10,2020,41,9,1.0,0.0,1.0,0.0,0.0,0.0,0.0,0.5,1432.0,139.0,609.0,56.0,0.43,0.0,0.4,0.0,32.8678391959799,0,1.0,1.0,1.0,1.0,0.0,0.0,0.0,0.0
WY,2020-10-17,2020,42,10,0.0,0.0,0.0,0.0,0.0,0.0,0.0,0.5,1429.0,129.0,581.0,53.0,0.41,0.0,0.41,0.0,32.8678391959799,0,1.0,1.0,1.0,1.0,0.0,0.0,0.0,0.0
WY,2020-10-24,2020,43,11,0.0,0.0,0.0,0.0,0.0,0.0,0.0,0.5,1429.0,123.0,572.0,54.0,0.4,0.0,0.44,0.0,32.8678391959799,0,0.0,1.0,1.0,1.0,0.0,0.0,0.0,0.0
WY,2020-10-31,2020,44,12,1.0,0.0,1.0,0.0,0.0,0.0,0.0,0.5,1412.0,121.0,602.0,56.0,0.43,0.0,0.46,0.0,32.8678391959799,0,0.0,0.0,1.0,1.0,0.0,0.0,0.0,0.0
WY,2020-11-07,2020,45,13,0.0,0.0,0.0,0.0,0.0,0.0,0.0,0.5,1443.0,129.0,603.0,58.0,0.42,0.0,0.45,0.0,32.8678391959799,0,1.0,0.0,1.0,1.0,0.0,0.0,0.0,0.0
WY,2020-11-14,2020,46,14,0.0,0.0,0.0,0.0,0.0,0.0,0.0,0.5,1434.0,130.0,659.0,64.0,0.46,0.0,0.5,0.0,32.8678391959799,0,0.0,1.0,0.0,1.0,0.0,0.0,0.0,0.0
WY,2020-11-21,2020,47,15,0.0,0.0,0.0,0.0,0.0,0.0,0.0,0.5,1396.0,125.0,677.0,66.0,0.49,0.0,0.53,0.0,32.8678391959799,0,0.0,0.0,0.0,1.0,0.0,0.0,0.0,0.0
WY,2020-11-28,2020,48,16,0.0,0.0,0.0,0.0,0.0,0.0,0.0,0.5,1403.0,128.0,626.0,66.0,0.45,0.0,0.51,0.0,32.8678391959799,0,0.0,0.0,1.0,1.0,0.0,0.0,0.0,0.0
WY,2020-12-05,2020,49,17,0.0,0.0,0.0,0.0,0.0,0.0,0.0,0.5,1395.0,127.0,651.0,71.0,0.47,0.0,0.56,0.0,32.8678391959799,0,0.0,0.0,0.0,1.0,0.0,0.0,0.0,0.0
WY,2020-12-12,2020,50,18,0.0,0.0,0.0,0.0,0.0,0.0,0.0,0.5,1462.0,139.0,677.0,68.0,0.46,0.0,0.49,0.0,32.8678391959799,0,0.0,0.0,0.0,0.0,0.0,0.0,0.0,0.0
WY,2020-12-19,2020,51,19,0.0,0.0,0.0,0.0,0.0,0.0,0.0,0.5,1453.0,137.0,649.0,61.0,0.45,0.0,0.44,0.0,32.8678391959799,0,0.0,0.0,0.0,0.0,0.0,0.0,0.0,0.0
WY,2020-12-26,2020,52,20,0.0,0.0,0.0,0.0,0.0,0.0,0.0,0.5,1462.0,138.0,576.0,60.0,0.39,0.0,0.44,0.0,32.8678391959799,0,0.0,0.0,0.0,1.0,0.0,0.0,0.0,0.0
WY,2021-01-02,2021,53,21,0.0,0.0,0.0,0.0,0.0,0.0,0.0,0.5,1466.0,138.0,579.0,54.0,0.4,0.0,0.39,0.0,30.048235294117646,0,0.0,0.0,0.0,0.0,0.0,0.0,0.0,0.0
WY,2021-01-09,2021,1,22,1.0,0.0,0.0,0.0,0.0,0.0,0.0,0.5,1461.0,138.0,618.0,58.0,0.42,0.0,0.42,0.0,30.048235294117646,0,0.0,0.0,0.0,0.0,0.0,0.0,0.0,0.0
WY,2021-01-16,2021,2,23,3.0,0.0,12.0,0.0,0.0,0.0,0.0,0.5,1467.0,138.0,614.0,48.0,0.42,0.0,0.35,0.0,30.048235294117646,0,1.0,0.0,0.0,0.0,0.0,0.0,0.0,0.0
WY,2021-01-23,2021,3,24,0.0,0.0,0.0,0.0,0.0,0.0,0.0,0.5,1472.0,138.0,594.0,52.0,0.4,0.0,0.38,0.0,30.048235294117646,0,3.0,1.0,0.0,0.0,0.0,0.0,0.0,0.0
WY,2021-01-30,2021,4,25,0.0,0.0,0.0,0.0,0.0,0.0,0.0,0.5,1471.0,138.0,558.0,50.0,0.38,0.0,0.36,0.0,30.048235294117646,0,0.0,3.0,0.0,0.0,0.0,0.0,0.0,0.0
WY,2021-02-06,2021,5,26,0.0,0.0,0.0,0.0,0.0,0.0,0.0,0.5,1473.0,139.0,536.0,45.0,0.36,0.0,0.33,0.0,30.048235294117646,0,0.0,0.0,1.0,0.0,0.0,0.0,0.0,0.0
WY,2021-02-13,2021,6,27,0.0,0.0,0.0,0.0,0.0,0.0,0.0,0.5,1470.0,139.0,555.0,50.0,0.38,0.0,0.36,0.0,30.048235294117646,0,0.0,0.0,3.0,0.0,0.0,0.0,0.0,0.0
WY,2021-02-20,2021,7,28,0.0,0.0,0.0,0.0,0.0,0.0,0.0,0.5,1470.0,139.0,538.0,52.0,0.37,0.0,0.38,0.0,30.048235294117646,0,0.0,0.0,0.0,0.0,0.0,0.0,0.0,0.0
WY,2021-02-27,2021,8,29,0.0,0.0,0.0,0.0,0.0,0.0,0.0,0.5,1472.0,138.0,547.0,42.0,0.37,0.0,0.31,0.0,30.048235294117646,0,0.0,0.0,0.0,0.0,0.0,0.0,0.0,0.0
WY,2021-03-06,2021,9,30,0.0,0.0,0.0,0.0,0.0,0.0,0.0,0.5,1469.0,137.0,549.0,40.0,0.37,0.0,0.29,0.0,30.048235294117646,0,0.0,0.0,0.0,1.0,0.0,0.0,0.0,0.0
WY,2021-03-13,2021,10,31,0.0,0.0,1.0,0.0,0.0,0.0,0.0,0.5,1470.0,138.0,541.0,44.0,0.37,0.0,0.32,0.0,30.048235294117646,0,0.0,0.0,0.0,3.0,0.0,0.0,0.0,0.0
WY,2021-03-20,2021,11,32,0.0,0.0,1.0,0.0,0.0,0.0,0.0,0.5,1468.0,139.0,513.0,47.0,0.35,0.0,0.34,0.0,30.048235294117646,0,0.0,0.0,0.0,0.0,0.0,0.0,0.0,0.0
WY,2021-03-27,2021,12,33,0.0,0.0,3.0,0.0,0.0,0.0,0.0,0.5,1470.0,139.0,553.0,41.0,0.38,0.0,0.29,0.0,30.048235294117646,0,0.0,0.0,0.0,0.0,0.0,0.0,0.0,0.0
WY,2021-04-03,2021,13,34,0.0,0.0,0.0,0.0,0.0,0.0,0.0,0.5,1467.0,138.0,527.0,40.0,0.36,0.0,0.29,0.0,30.048235294117646,0,0.0,0.0,0.0,0.0,0.0,0.0,0.0,0.0
WY,2021-04-10,2021,14,35,0.0,0.0,0.0,0.0,0.0,0.0,0.0,0.5,1460.0,138.0,554.0,45.0,0.38,0.0,0.33,0.0,30.048235294117646,0,0.0,0.0,0.0,0.0,0.0,0.0,0.0,0.0
WY,2021-04-17,2021,15,36,0.0,0.0,0.0,0.0,0.0,0.0,0.0,0.5,1471.0,137.0,550.0,39.0,0.37,0.0,0.28,0.0,30.048235294117646,0,0.0,0.0,0.0,0.0,0.0,0.0,0.0,0.0
WY,2021-04-24,2021,16,37,0.0,0.0,0.0,0.0,0.0,0.0,0.0,0.5,1466.0,139.0,554.0,45.0,0.38,0.0,0.32,0.0,30.048235294117646,0,0.0,0.0,0.0,0.0,0.0,0.0,0.0,0.0
WY,2021-05-01,2021,17,38,0.0,0.0,0.0,0.0,0.0,0.0,0.0,0.5,1464.0,137.0,570.0,49.0,0.39,0.0,0.35,0.0,30.048235294117646,0,0.0,0.0,0.0,0.0,0.0,0.0,0.0,0.0
WY,2021-05-08,2021,18,39,0.0,0.0,1.0,0.0,0.0,0.0,0.0,0.5,1601.0,174.0,650.0,61.0,0.41,0.0,0.35,0.0,30.048235294117646,0,0.0,0.0,0.0,0.0,0.0,0.0,0.0,0.0
WY,2021-05-15,2021,19,40,0.0,0.0,0.0,0.0,0.0,0.0,0.0,0.5,1245.0,117.0,437.0,38.0,0.35,0.0,0.32,0.0,30.048235294117646,0,0.0,0.0,0.0,0.0,0.0,0.0,0.0,0.0
WY,2021-05-22,2021,20,41,0.0,0.0,2.0,0.0,0.0,0.0,0.0,0.5,1245.0,117.0,446.0,37.0,0.36,0.0,0.32,0.0,30.048235294117646,0,0.0,0.0,0.0,0.0,0.0,0.0,0.0,0.0
WY,2021-05-29,2021,21,42,0.0,0.0,0.0,0.0,0.0,0.0,0.0,0.5,1466.0,138.0,579.0,54.0,0.4,0.0,0.39,0.0,30.048235294117646,0,0.0,0.0,0.0,0.0,0.0,0.0,0.0,0.0
WY,2021-06-05,2021,22,43,0.0,0.0,0.0,0.0,0.0,0.0,0.0,0.5,1467.0,137.0,610.0,54.0,0.42,0.0,0.4,0.0,30.048235294117646,0,0.0,0.0,0.0,0.0,0.0,0.0,0.0,0.0
WY,2021-06-12,2021,23,44,2.0,1.0,8.0,0.0,0.0,0.0,0.0,0.5,1471.0,136.0,638.0,51.0,0.43,0.0,0.37,0.0,30.048235294117646,0,0.0,0.0,0.0,0.0,0.0,0.0,0.0,0.0
WY,2021-06-19,2021,24,45,1.0,0.0,4.0,0.0,0.0,0.0,0.0,0.5,1261.0,119.0,453.0,42.0,0.36,0.0,0.36,0.0,30.048235294117646,0,2.0,0.0,0.0,0.0,0.0,0.0,0.0,0.0
WY,2021-06-26,2021,25,46,0.0,0.0,0.0,0.0,0.0,0.0,0.0,0.5,1460.0,139.0,630.0,59.0,0.43,0.0,0.42,0.0,30.048235294117646,0,1.0,2.0,0.0,0.0,0.0,0.0,0.0,0.0
WY,2021-07-03,2021,26,47,0.0,0.0,0.0,0.0,0.0,0.0,0.0,0.5,1458.0,139.0,599.0,54.0,0.41,0.0,0.39,0.0,30.048235294117646,0,0.0,1.0,0.0,0.0,0.0,0.0,0.0,0.0
WY,2021-07-10,2021,27,48,0.0,0.0,0.0,0.0,0.0,0.0,0.0,0.5,1462.0,139.0,594.0,51.0,0.41,0.0,0.36,0.0,30.048235294117646,0,0.0,0.0,2.0,0.0,0.0,0.0,0.0,0.0
WY,2021-07-17,2021,28,49,0.0,0.0,0.0,0.0,0.0,0.0,0.0,0.5,1486.0,137.0,602.0,57.0,0.4,0.0,0.42,0.0,30.048235294117646,0,0.0,0.0,1.0,0.0,0.0,0.0,0.0,0.0
WY,2021-07-24,2021,29,50,0.0,0.0,0.0,0.0,0.0,0.0,0.0,0.5,1482.0,136.0,632.0,58.0,0.43,0.0,0.42,0.0,30.048235294117646,0,0.0,0.0,0.0,0.0,0.0,0.0,0.0,0.0
WY,2021-07-31,2021,30,51,0.0,0.0,0.0,0.0,0.0,0.0,0.0,0.5,1479.0,137.0,615.0,53.0,0.42,0.0,0.39,0.0,30.048235294117646,0,0.0,0.0,0.0,0.0,0.0,0.0,0.0,0.0
WY,2021-08-07,2021,31,52,0.0,1.0,0.0,0.0,0.0,0.0,0.0,0.5,1489.0,137.0,616.0,54.0,0.41,0.0,0.4,0.0,30.048235294117646,0,0.0,0.0,0.0,2.0,0.0,0.0,0.0,0.0
WY,2021-08-14,2021,32,53,0.0,0.0,0.0,0.0,0.0,0.0,0.0,0.5,1487.0,138.0,621.0,59.0,0.42,0.0,0.43,0.0,30.048235294117646,0,0.0,0.0,0.0,1.0,0.0,0.0,0.0,0.0
WY,2021-08-21,2021,33,54,0.0,0.0,0.0,0.0,0.0,0.0,0.0,0.5,1488.0,139.0,632.0,63.0,0.42,0.0,0.45,0.0,30.048235294117646,0,0.0,0.0,0.0,0.0,0.0,0.0,0.0,0.0
WY,2021-08-28,2021,34,55,0.0,0.0,0.0,0.0,0.0,0.0,0.0,0.5,1488.0,142.0,664.0,74.0,0.45,0.0,0.52,0.0,30.048235294117646,0,0.0,0.0,0.0,0.0,0.0,0.0,0.0,0.0
WY,2021-09-04,2021,35,56,0.0,0.0,0.0,0.0,0.0,0.0,0.0,0.5,1473.0,138.0,676.0,86.0,0.46,0.0,0.63,0.0,30.048235294117646,0,0.0,0.0,0.0,0.0,0.0,0.0,0.0,0.0
WY,2021-09-11,2021,36,57,0.0,0.0,0.0,0.0,0.0,0.0,0.0,0.5,1471.0,137.0,719.0,86.0,0.49,0.0,0.62,0.0,30.048235294117646,0,0.0,0.0,0.0,0.0,0.0,0.0,0.0,0.0
WY,2021-09-18,2021,37,58,0.0,0.0,0.0,0.0,0.0,0.0,0.0,0.5,1478.0,137.0,691.0,90.0,0.47,0.0,0.66,0.0,30.048235294117646,0,0.0,0.0,0.0,0.0,0.0,0.0,0.0,0.0
WY,2021-09-25,2021,38,59,0.0,0.0,0.0,0.0,0.0,0.0,0.0,0.5,1472.0,137.0,696.0,92.0,0.47,0.0,0.67,0.0,30.048235294117646,0,0.0,0.0,0.0,0.0,0.0,0.0,0.0,0.0
WY,2021-10-02,2021,39,60,0.0,0.0,0.0,0.0,0.0,0.0,0.0,0.5,1478.0,140.0,720.0,104.0,0.49,0.0,0.74,0.0,30.048235294117646,0,0.0,0.0,0.0,0.0,0.0,0.0,0.0,0.0
WY,2021-10-09,2021,40,61,0.0,0.0,0.0,0.0,0.0,0.0,0.0,0.5,1476.0,139.0,723.0,99.0,0.49,0.0,0.71,0.0,30.048235294117646,0,0.0,0.0,0.0,0.0,0.0,0.0,0.0,0.0
WY,2021-10-16,2021,41,62,0.0,0.0,0.0,0.0,0.0,0.0,0.0,0.5,1479.0,139.0,746.0,92.0,0.5,0.0,0.66,0.0,30.048235294117646,0,0.0,0.0,0.0,0.0,0.0,0.0,0.0,0.0
WY,2021-10-23,2021,42,63,0.0,0.0,0.0,0.0,0.0,0.0,0.0,0.5,1480.0,138.0,742.0,91.0,0.5,0.0,0.66,0.0,30.048235294117646,0,0.0,0.0,0.0,0.0,0.0,0.0,0.0,0.0
WY,2021-10-30,2021,43,64,0.0,0.0,0.0,0.0,0.0,0.0,0.0,0.5,1476.0,138.0,754.0,88.0,0.51,0.0,0.64,0.0,30.048235294117646,0,0.0,0.0,0.0,0.0,0.0,0.0,0.0,0.0
WY,2021-11-06,2021,44,65,0.0,0.0,0.0,0.0,0.0,0.0,0.0,0.5,1480.0,138.0,712.0,75.0,0.48,0.0,0.54,0.0,30.048235294117646,0,0.0,0.0,0.0,0.0,0.0,0.0,0.0,0.0
WY,2021-11-13,2021,45,66,0.0,0.0,1.0,0.0,0.0,0.0,0.0,0.5,1484.0,138.0,720.0,75.0,0.49,0.0,0.55,0.0,30.048235294117646,0,0.0,0.0,0.0,0.0,0.0,0.0,0.0,0.0
WY,2021-11-20,2021,46,67,2.0,0.0,4.0,0.0,0.0,0.0,0.0,0.5,1480.0,138.0,707.0,72.0,0.48,0.0,0.52,0.0,30.048235294117646,0,0.0,0.0,0.0,0.0,0.0,0.0,0.0,0.0
WY,2021-11-27,2021,47,68,2.0,0.0,1.0,0.0,0.0,0.0,0.0,0.5,1484.0,137.0,651.0,71.0,0.44,0.0,0.52,0.0,30.048235294117646,0,2.0,0.0,0.0,0.0,0.0,0.0,0.0,0.0
WY,2021-12-04,2021,48,69,1.0,0.0,3.0,0.0,0.0,0.0,0.0,0.5,1484.0,139.0,689.0,73.0,0.46,0.0,0.52,0.0,30.048235294117646,0,2.0,2.0,0.0,0.0,0.0,0.0,0.0,0.0
WY,2021-12-11,2021,49,70,3.0,1.0,2.0,0.0,0.0,0.0,0.0,0.5,1473.0,138.0,692.0,72.0,0.47,0.0,0.52,0.01,30.048235294117646,0,1.0,2.0,0.0,0.0,0.0,0.0,0.0,0.0
WY,2021-12-18,2021,50,71,3.0,0.0,1.0,0.0,0.0,0.0,0.0,0.5,1471.0,139.0,667.0,67.0,0.45,0.0,0.48,0.0,30.048235294117646,0,3.0,1.0,2.0,0.0,0.0,0.0,0.0,0.0
WY,2021-12-25,2021,51,72,3.0,0.0,2.0,0.0,0.0,0.0,0.0,0.5,1475.0,139.0,602.0,59.0,0.41,0.0,0.43,0.0,30.048235294117646,0,3.0,3.0,2.0,0.0,0.0,0.0,0.0,0.0
WY,2022-01-01,2022,52,73,11.0,0.0,19.0,0.0,0.0,0.0,0.0,0.5,1479.0,140.0,604.0,61.0,0.41,0.01,0.44,0.0,32.365868263473054,1,3.0,3.0,1.0,0.0,0.0,0.0,0.0,0.0
WY,2022-01-08,2022,1,74,9.0,1.0,12.0,0.0,0.0,0.0,0.0,0.5,1475.0,137.0,621.0,62.0,0.42,0.01,0.45,0.01,32.365868263473054,1,11.0,3.0,3.0,0.0,0.01,0.0,0.0,0.0
WY,2022-01-15,2022,2,75,2.0,0.0,3.0,0.0,0.0,0.0,0.0,0.5,1471.0,137.0,614.0,51.0,0.42,0.0,0.38,0.0,32.365868263473054,0,9.0,11.0,3.0,2.0,0.01,0.01,0.0,0.0
WY,2022-01-22,2022,3,76,2.0,1.0,7.0,0.0,0.0,0.0,0.0,0.5,1479.0,137.0,614.0,49.0,0.42,0.0,0.36,0.0,32.365868263473054,0,2.0,9.0,3.0,2.0,0.0,0.01,0.0,0.0
WY,2022-01-29,2022,4,77,3.0,1.0,2.0,0.0,0.0,0.0,0.0,0.5,1479.0,137.0,631.0,54.0,0.43,0.0,0.39,0.01,32.365868263473054,0,2.0,2.0,11.0,1.0,0.0,0.0,0.01,0.0
WY,2022-02-05,2022,5,78,1.0,0.0,1.0,0.0,0.0,0.0,0.0,0.5,1489.0,138.0,643.0,54.0,0.43,0.0,0.39,0.0,32.365868263473054,0,3.0,2.0,9.0,3.0,0.0,0.0,0.01,0.0
WY,2022-02-12,2022,6,79,1.0,0.0,2.0,0.0,0.0,0.0,0.0,0.5,1502.0,137.0,629.0,61.0,0.42,0.0,0.45,0.0,32.365868263473054,0,1.0,3.0,2.0,3.0,0.0,0.0,0.0,0.0
WY,2022-02-19,2022,7,80,1.0,0.0,2.0,0.0,0.0,0.0,0.0,0.5,1502.0,137.0,623.0,61.0,0.41,0.0,0.44,0.0,32.365868263473054,0,1.0,1.0,2.0,3.0,0.0,0.0,0.0,0.0
WY,2022-02-26,2022,8,81,1.0,0.0,4.0,0.0,0.0,0.0,0.0,0.5,1504.0,137.0,599.0,52.0,0.4,0.0,0.38,0.0,32.365868263473054,0,1.0,1.0,3.0,11.0,0.0,0.0,0.0,0.01
WY,2022-03-05,2022,9,82,1.0,0.0,4.0,0.0,0.0,0.0,0.0,0.5,1503.0,132.0,589.0,45.0,0.39,0.0,0.34,0.0,32.365868263473054,0,1.0,1.0,1.0,9.0,0.0,0.0,0.0,0.01
WY,2022-03-12,2022,10,83,3.0,0.0,6.0,0.0,0.0,0.0,0.0,0.5,1469.0,127.0,586.0,45.0,0.4,0.0,0.35,0.0,32.365868263473054,0,1.0,1.0,1.0,2.0,0.0,0.0,0.0,0.0
WY,2022-03-19,2022,11,84,3.0,0.0,3.0,0.0,0.0,0.0,0.0,0.5,1452.0,125.0,567.0,45.0,0.39,0.0,0.36,0.0,32.365868263473054,0,3.0,1.0,1.0,2.0,0.0,0.0,0.0,0.0
WY,2022-03-26,2022,12,85,3.0,0.0,7.0,0.0,0.0,0.0,0.0,0.5,1444.0,126.0,582.0,44.0,0.4,0.0,0.35,0.0,32.365868263473054,0,3.0,3.0,1.0,3.0,0.0,0.0,0.0,0.0
WY,2022-04-02,2022,13,86,1.0,0.0,2.0,0.0,0.0,0.0,0.0,0.5,1446.0,126.0,579.0,46.0,0.4,0.0,0.37,0.0,32.365868263473054,0,3.0,3.0,1.0,1.0,0.0,0.0,0.0,0.0
WY,2022-04-09,2022,14,87,5.0,1.0,10.0,0.0,0.0,0.0,0.0,0.5,1446.0,126.0,573.0,43.0,0.4,0.0,0.34,0.01,32.365868263473054,0,1.0,3.0,3.0,1.0,0.0,0.0,0.0,0.0
WY,2022-04-16,2022,15,88,4.0,1.0,8.0,0.0,0.0,0.0,0.0,0.5,1442.0,126.0,564.0,39.0,0.39,0.0,0.31,0.01,32.365868263473054,0,5.0,1.0,3.0,1.0,0.0,0.0,0.0,0.0
WY,2022-04-23,2022,16,89,2.0,0.0,1.0,0.0,0.0,0.0,0.0,0.5,1447.0,126.0,563.0,39.0,0.39,0.0,0.31,0.0,32.365868263473054,0,4.0,5.0,3.0,1.0,0.0,0.0,0.0,0.0
WY,2022-04-30,2022,17,90,1.0,0.0,5.0,0.0,0.0,0.0,0.0,0.5,1448.0,126.0,589.0,41.0,0.41,0.0,0.33,0.0,32.365868263473054,0,2.0,4.0,1.0,1.0,0.0,0.0,0.0,0.0
WY,2022-05-07,2022,18,91,2.0,0.0,4.0,0.0,0.0,0.0,0.0,0.5,1448.0,126.0,572.0,40.0,0.39,0.0,0.32,0.0,32.365868263473054,0,1.0,2.0,5.0,3.0,0.0,0.0,0.0,0.0
WY,2022-05-14,2022,19,92,3.0,0.0,4.0,0.0,0.0,0.0,0.0,0.5,1443.0,126.0,599.0,42.0,0.42,0.0,0.34,0.0,32.365868263473054,0,2.0,1.0,4.0,3.0,0.0,0.0,0.0,0.0
WY,2022-05-21,2022,20,93,3.0,1.0,6.0,0.0,0.0,0.0,0.0,0.5,1439.0,125.0,588.0,42.0,0.41,0.0,0.33,0.01,32.365868263473054,0,3.0,2.0,2.0,3.0,0.0,0.0,0.0,0.0
WY,2022-05-28,2022,21,94,3.0,1.0,6.0,0.0,0.0,0.0,0.0,0.5,1449.0,126.0,587.0,42.0,0.4,0.0,0.33,0.01,32.365868263473054,0,3.0,3.0,1.0,1.0,0.0,0.0,0.0,0.0
WY,2022-06-04,2022,22,95,3.0,0.0,7.0,0.0,0.0,0.0,0.0,0.5,1449.0,124.0,587.0,48.0,0.41,0.0,0.38,0.0,32.365868263473054,0,3.0,3.0,2.0,5.0,0.0,0.0,0.0,0.0
WY,2022-06-11,2022,23,96,5.0,0.0,7.0,0.0,0.0,0.0,0.0,0.5,1442.0,122.0,581.0,40.0,0.4,0.0,0.33,0.0,32.365868263473054,0,3.0,3.0,3.0,4.0,0.0,0.0,0.0,0.0
WY,2022-06-18,2022,24,97,3.0,0.0,4.0,0.0,0.0,0.0,0.0,0.5,1444.0,123.0,590.0,45.0,0.41,0.0,0.37,0.0,32.365868263473054,0,5.0,3.0,3.0,2.0,0.0,0.0,0.0,0.0
WY,2022-06-25,2022,25,98,0.0,0.0,0.0,0.0,0.0,0.0,0.0,0.5,1445.0,125.0,598.0,46.0,0.41,0.0,0.37,0.0,32.365868263473054,0,3.0,5.0,3.0,1.0,0.0,0.0,0.0,0.0
WY,2022-07-02,2022,26,99,0.0,0.0,1.0,0.0,0.0,0.0,0.0,0.5,1447.0,125.0,589.0,40.0,0.41,0.0,0.32,0.0,32.365868263473054,0,0.0,3.0,3.0,2.0,0.0,0.0,0.0,0.0
WY,2022-07-09,2022,27,100,1.0,0.0,2.0,0.0,0.0,0.0,0.0,0.5,1447.0,125.0,591.0,41.0,0.41,0.0,0.33,0.0,32.365868263473054,0,0.0,0.0,5.0,3.0,0.0,0.0,0.0,0.0
WY,2022-07-16,2022,28,101,0.0,0.0,3.0,0.0,0.0,0.0,0.0,0.5,1351.0,119.0,553.0,39.0,0.41,0.0,0.33,0.0,32.365868263473054,0,1.0,0.0,3.0,3.0,0.0,0.0,0.0,0.0
WY,2022-07-23,2022,29,102,0.0,0.0,0.0,0.0,0.0,0.0,0.0,0.5,1444.0,124.0,609.0,42.0,0.42,0.0,0.34,0.0,32.365868263473054,0,0.0,1.0,0.0,3.0,0.0,0.0,0.0,0.0
WY,2022-07-30,2022,30,103,0.0,0.0,2.0,0.0,0.0,0.0,0.0,0.5,1447.0,125.0,609.0,39.0,0.42,0.0,0.31,0.0,32.365868263473054,0,0.0,0.0,0.0,3.0,0.0,0.0,0.0,0.0
WY,2022-08-06,2022,31,104,0.0,0.0,0.0,0.0,0.0,0.0,0.0,0.5,1447.0,125.0,601.0,43.0,0.42,0.0,0.34,0.0,32.365868263473054,0,0.0,0.0,1.0,5.0,0.0,0.0,0.0,0.0
WY,2022-08-13,2022,32,105,0.0,0.0,0.0,0.0,0.0,0.0,0.0,0.5,1444.0,125.0,578.0,43.0,0.4,0.0,0.35,0.0,32.365868263473054,0,0.0,0.0,0.0,3.0,0.0,0.0,0.0,0.0
WY,2022-08-20,2022,33,106,0.0,0.0,0.0,0.0,0.0,0.0,0.0,0.5,1449.0,125.0,601.0,48.0,0.42,0.0,0.38,0.0,32.365868263473054,0,0.0,0.0,0.0,0.0,0.0,0.0,0.0,0.0
WY,2022-08-27,2022,34,107,0.0,0.0,0.0,0.0,0.0,0.0,0.0,0.5,1448.0,125.0,590.0,45.0,0.41,0.0,0.36,0.0,32.365868263473054,0,0.0,0.0,0.0,0.0,0.0,0.0,0.0,0.0
WY,2022-09-03,2022,35,108,0.0,0.0,0.0,0.0,0.0,0.0,0.0,0.5,1441.0,125.0,574.0,46.0,0.4,0.0,0.37,0.0,32.365868263473054,0,0.0,0.0,0.0,1.0,0.0,0.0,0.0,0.0
WY,2022-09-10,2022,36,109,0.0,0.0,0.0,0.0,0.0,0.0,0.0,0.5,1445.0,126.0,570.0,45.0,0.39,0.0,0.36,0.0,32.365868263473054,0,0.0,0.0,0.0,0.0,0.0,0.0,0.0,0.0
WY,2022-09-17,2022,37,110,0.0,0.0,0.0,0.0,0.0,0.0,0.0,0.5,1449.0,126.0,591.0,52.0,0.41,0.0,0.41,0.0,32.365868263473054,0,0.0,0.0,0.0,0.0,0.0,0.0,0.0,0.0
WY,2022-09-24,2022,38,111,0.0,0.0,0.0,0.0,0.0,0.0,0.0,0.5,1447.0,126.0,566.0,49.0,0.39,0.0,0.39,0.0,32.365868263473054,0,0.0,0.0,0.0,0.0,0.0,0.0,0.0,0.0
WY,2022-10-01,2022,39,112,0.0,0.0,0.0,0.0,0.0,0.0,0.0,0.5,1445.0,126.0,547.0,39.0,0.38,0.0,0.31,0.0,32.365868263473054,0,0.0,0.0,0.0,0.0,0.0,0.0,0.0,0.0
WY,2022-10-08,2022,40,113,0.0,0.0,1.0,0.0,0.0,0.0,0.0,0.5,1412.0,123.0,531.0,41.0,0.38,0.0,0.33,0.0,32.365868263473054,0,0.0,0.0,0.0,0.0,0.0,0.0,0.0,0.0
WY,2022-10-15,2022,41,114,0.0,0.0,2.0,0.0,0.0,0.0,0.0,0.5,1412.0,123.0,545.0,40.0,0.39,0.0,0.33,0.0,32.365868263473054,0,0.0,0.0,0.0,0.0,0.0,0.0,0.0,0.0
WY,2022-10-22,2022,42,115,1.0,0.0,2.0,0.0,0.0,0.0,0.0,0.5,1411.0,123.0,580.0,43.0,0.41,0.0,0.35,0.0,32.365868263473054,0,0.0,0.0,0.0,0.0,0.0,0.0,0.0,0.0
WY,2022-10-29,2022,43,116,2.0,0.0,4.0,0.0,0.0,0.0,0.0,0.5,1405.0,123.0,572.0,43.0,0.41,0.0,0.35,0.0,32.365868263473054,0,1.0,0.0,0.0,0.0,0.0,0.0,0.0,0.0
WY,2022-11-05,2022,44,117,2.0,0.0,7.0,0.0,0.0,0.0,0.0,0.5,1410.0,123.0,604.0,48.0,0.43,0.0,0.39,0.0,32.365868263473054,0,2.0,1.0,0.0,0.0,0.0,0.0,0.0,0.0
WY,2022-11-12,2022,45,118,7.0,1.0,10.0,0.0,0.0,0.0,0.0,0.5,1403.0,123.0,583.0,41.0,0.42,0.0,0.33,0.01,32.365868263473054,0,2.0,2.0,0.0,0.0,0.0,0.0,0.0,0.0
WY,2022-11-19,2022,46,119,18.0,3.0,39.0,0.0,0.0,0.0,0.0,0.5,1414.0,123.0,542.0,40.0,0.38,0.01,0.32,0.02,32.365868263473054,1,7.0,2.0,1.0,0.0,0.0,0.0,0.0,0.0
WY,2022-11-26,2022,47,120,16.0,3.0,37.0,0.0,0.0,0.0,0.0,0.5,1410.0,123.0,530.0,43.0,0.38,0.01,0.35,0.03,32.365868263473054,1,18.0,7.0,2.0,0.0,0.01,0.0,0.0,0.0
WY,2022-12-03,2022,48,121,33.0,4.0,73.0,0.0,0.0,0.0,0.0,0.5,1426.0,126.0,644.0,51.0,0.45,0.02,0.41,0.03,32.365868263473054,1,16.0,18.0,2.0,0.0,0.01,0.01,0.0,0.0
WY,2022-12-10,2022,49,122,31.0,3.0,42.0,0.0,0.0,0.0,0.0,0.5,1423.0,126.0,606.0,46.0,0.43,0.02,0.37,0.02,32.365868263473054,1,33.0,16.0,7.0,0.0,0.02,0.01,0.0,0.0
WY,2022-12-17,2022,50,123,20.0,2.0,40.0,0.0,0.0,0.0,0.0,0.5,1407.0,125.0,605.0,51.0,0.43,0.01,0.41,0.01,32.365868263473054,1,31.0,33.0,18.0,1.0,0.02,0.02,0.01,0.0
WY,2022-12-24,2022,51,124,20.0,2.0,50.0,0.0,0.0,0.0,0.0,0.5,1361.0,119.0,577.0,48.0,0.42,0.01,0.41,0.01,32.365868263473054,1,20.0,31.0,16.0,2.0,0.01,0.02,0.01,0.0
WY,2022-12-31,2022,52,125,21.0,2.0,51.0,0.0,0.0,0.0,0.0,0.5,1288.0,111.0,553.0,47.0,0.43,0.02,0.42,0.02,32.365868263473054,1,20.0,20.0,33.0,2.0,0.01,0.01,0.02,0.0
